{
 "type": "FeatureCollection",
 "features": [
  {
   "type": "Feature",
   "geometry": {
    "type": "Point",
    "coordinates": [
     74.01507,
     19.85836
    ]
   },
   "properties": {
    "Name": "Jagdamb Hotel (Kanade Mala)",
    "depot": "Tapovan Depot",
    "locationConfidence": "verified",
    "locationSource": "NMPML (Citilinc) RTI reply 3120/2026, 17 Aug 2026"
   }
  },
  {
   "type": "Feature",
   "geometry": {
    "type": "Point",
    "coordinates": [
     74.00465,
     19.84912
    ]
   },
   "properties": {
    "Name": "Sinnar Court (D)",
    "depot": "Tapovan Depot",
    "side": "down",
    "locationConfidence": "verified",
    "locationSource": "NMPML (Citilinc) RTI reply 3120/2026, 17 Aug 2026"
   }
  },
  {
   "type": "Feature",
   "geometry": {
    "type": "Point",
    "coordinates": [
     74.00473,
     19.84946
    ]
   },
   "properties": {
    "Name": "Sinnar Court (U)",
    "depot": "Tapovan Depot",
    "side": "up",
    "locationConfidence": "verified",
    "locationSource": "NMPML (Citilinc) RTI reply 3120/2026, 17 Aug 2026"
   }
  },
  {
   "type": "Feature",
   "geometry": {
    "type": "Point",
    "coordinates": [
     74.01138,
     19.85598
    ]
   },
   "properties": {
    "Name": "Vijay Nagar (Sinner)",
    "depot": "Tapovan Depot",
    "locationConfidence": "verified",
    "locationSource": "NMPML (Citilinc) RTI reply 3120/2026, 17 Aug 2026"
   }
  },
  {
   "type": "Feature",
   "geometry": {
    "type": "Point",
    "coordinates": [
     73.82536,
     20.02799
    ]
   },
   "properties": {
    "Name": "Mane Nagar",
    "depot": "Tapovan Depot",
    "locationConfidence": "verified",
    "locationSource": "NMPML (Citilinc) RTI reply 3120/2026, 17 Aug 2026"
   }
  },
  {
   "type": "Feature",
   "geometry": {
    "type": "Point",
    "coordinates": [
     73.7847,
     20.04608
    ]
   },
   "properties": {
    "Name": "TDP Nagar (Makhmalabad)",
    "depot": "Tapovan Depot",
    "locationConfidence": "verified",
    "locationSource": "NMPML (Citilinc) RTI reply 3120/2026, 17 Aug 2026"
   }
  },
  {
   "type": "Feature",
   "geometry": {
    "type": "Point",
    "coordinates": [
     73.7886,
     20.04627
    ]
   },
   "properties": {
    "Name": "Padma Nagar (Thete Mala)",
    "depot": "Tapovan Depot",
    "locationConfidence": "verified",
    "locationSource": "NMPML (Citilinc) RTI reply 3120/2026, 17 Aug 2026"
   }
  },
  {
   "type": "Feature",
   "geometry": {
    "type": "Point",
    "coordinates": [
     73.79116,
     20.04637
    ]
   },
   "properties": {
    "Name": "Muktai Nagar (Rau Hotel)",
    "depot": "Tapovan Depot",
    "locationConfidence": "verified",
    "locationSource": "NMPML (Citilinc) RTI reply 3120/2026, 17 Aug 2026"
   }
  },
  {
   "type": "Feature",
   "geometry": {
    "type": "Point",
    "coordinates": [
     73.79551,
     20.04748
    ]
   },
   "properties": {
    "Name": "Chankyapuri (Makhmalabad)",
    "depot": "Tapovan Depot",
    "locationConfidence": "verified",
    "locationSource": "NMPML (Citilinc) RTI reply 3120/2026, 17 Aug 2026"
   }
  },
  {
   "type": "Feature",
   "geometry": {
    "type": "Point",
    "coordinates": [
     73.80543,
     20.03263
    ]
   },
   "properties": {
    "Name": "Sai Nagar (RTO Corner)",
    "depot": "Tapovan Depot",
    "locationConfidence": "verified",
    "locationSource": "NMPML (Citilinc) RTI reply 3120/2026, 17 Aug 2026"
   }
  },
  {
   "type": "Feature",
   "geometry": {
    "type": "Point",
    "coordinates": [
     73.82204,
     20.02948
    ]
   },
   "properties": {
    "Name": "Baliraja Nagar",
    "depot": "Tapovan Depot",
    "locationConfidence": "verified",
    "locationSource": "NMPML (Citilinc) RTI reply 3120/2026, 17 Aug 2026"
   }
  },
  {
   "type": "Feature",
   "geometry": {
    "type": "Point",
    "coordinates": [
     73.83015,
     20.0235
    ]
   },
   "properties": {
    "Name": "Pramod Mahajan Gardan (Bali Mandir)",
    "depot": "Tapovan Depot",
    "locationConfidence": "verified",
    "locationSource": "NMPML (Citilinc) RTI reply 3120/2026, 17 Aug 2026"
   }
  },
  {
   "type": "Feature",
   "geometry": {
    "type": "Point",
    "coordinates": [
     73.83154,
     20.00671
    ]
   },
   "properties": {
    "Name": "Mhada colony (Nilgiri Bag)",
    "depot": "Tapovan Depot",
    "locationConfidence": "verified",
    "locationSource": "NMPML (Citilinc) RTI reply 3120/2026, 17 Aug 2026"
   }
  },
  {
   "type": "Feature",
   "geometry": {
    "type": "Point",
    "coordinates": [
     73.83091,
     19.99833
    ]
   },
   "properties": {
    "Name": "Jejurkar Mala (Geetai Lawans)",
    "depot": "Tapovan Depot",
    "locationConfidence": "verified",
    "locationSource": "NMPML (Citilinc) RTI reply 3120/2026, 17 Aug 2026"
   }
  },
  {
   "type": "Feature",
   "geometry": {
    "type": "Point",
    "coordinates": [
     73.82912,
     19.98548
    ]
   },
   "properties": {
    "Name": "Takali STP Kendra",
    "depot": "Tapovan Depot",
    "locationConfidence": "verified",
    "locationSource": "NMPML (Citilinc) RTI reply 3120/2026, 17 Aug 2026"
   }
  },
  {
   "type": "Feature",
   "geometry": {
    "type": "Point",
    "coordinates": [
     73.82842,
     19.98057
    ]
   },
   "properties": {
    "Name": "Anusaya Nagar / Sun City",
    "depot": "Tapovan Depot",
    "locationConfidence": "verified",
    "locationSource": "NMPML (Citilinc) RTI reply 3120/2026, 17 Aug 2026"
   }
  },
  {
   "type": "Feature",
   "geometry": {
    "type": "Point",
    "coordinates": [
     73.82968,
     19.97854
    ]
   },
   "properties": {
    "Name": "Panchakrushana colony",
    "depot": "Tapovan Depot",
    "locationConfidence": "verified",
    "locationSource": "NMPML (Citilinc) RTI reply 3120/2026, 17 Aug 2026"
   }
  },
  {
   "type": "Feature",
   "geometry": {
    "type": "Point",
    "coordinates": [
     73.8367,
     19.97639
    ]
   },
   "properties": {
    "Name": "Shriram Nagar / Adhav Mala",
    "depot": "Tapovan Depot",
    "locationConfidence": "verified",
    "locationSource": "NMPML (Citilinc) RTI reply 3120/2026, 17 Aug 2026"
   }
  },
  {
   "type": "Feature",
   "geometry": {
    "type": "Point",
    "coordinates": [
     73.76985,
     19.95446
    ]
   },
   "properties": {
    "Name": "Awhad Chowk",
    "depot": "Tapovan Depot",
    "locationConfidence": "verified",
    "locationSource": "NMPML (Citilinc) RTI reply 3120/2026, 17 Aug 2026"
   }
  },
  {
   "type": "Feature",
   "geometry": {
    "type": "Point",
    "coordinates": [
     73.76936,
     19.9554
    ]
   },
   "properties": {
    "Name": "Paanini Society",
    "depot": "Tapovan Depot",
    "locationConfidence": "verified",
    "locationSource": "NMPML (Citilinc) RTI reply 3120/2026, 17 Aug 2026"
   }
  },
  {
   "type": "Feature",
   "geometry": {
    "type": "Point",
    "coordinates": [
     73.76918,
     19.95751
    ]
   },
   "properties": {
    "Name": "Gamane Ground",
    "depot": "Tapovan Depot",
    "locationConfidence": "verified",
    "locationSource": "NMPML (Citilinc) RTI reply 3120/2026, 17 Aug 2026"
   }
  },
  {
   "type": "Feature",
   "geometry": {
    "type": "Point",
    "coordinates": [
     73.76882,
     19.9599
    ]
   },
   "properties": {
    "Name": "Krushnai Hotel",
    "depot": "Tapovan Depot",
    "locationConfidence": "verified",
    "locationSource": "NMPML (Citilinc) RTI reply 3120/2026, 17 Aug 2026"
   }
  },
  {
   "type": "Feature",
   "geometry": {
    "type": "Point",
    "coordinates": [
     73.76747,
     19.96098
    ]
   },
   "properties": {
    "Name": "Akshar Colony",
    "depot": "Tapovan Depot",
    "locationConfidence": "verified",
    "locationSource": "NMPML (Citilinc) RTI reply 3120/2026, 17 Aug 2026"
   }
  },
  {
   "type": "Feature",
   "geometry": {
    "type": "Point",
    "coordinates": [
     74.00264,
     19.84194
    ]
   },
   "properties": {
    "Name": "Gorakshanath Mandir (Sinner)",
    "depot": "Tapovan Depot",
    "locationConfidence": "verified",
    "locationSource": "NMPML (Citilinc) RTI reply 3120/2026, 17 Aug 2026"
   }
  },
  {
   "type": "Feature",
   "geometry": {
    "type": "Point",
    "coordinates": [
     73.81421,
     20.00788
    ]
   },
   "properties": {
    "Name": "Tapovan Terminus",
    "depot": "Tapovan Depot",
    "locationConfidence": "verified",
    "locationSource": "NMPML (Citilinc) RTI reply 3120/2026, 17 Aug 2026"
   }
  },
  {
   "type": "Feature",
   "geometry": {
    "type": "Point",
    "coordinates": [
     73.79044,
     19.99381
    ]
   },
   "properties": {
    "Name": "Urdu School (Sarda Circle) (U)",
    "depot": "Nashik Road Depot",
    "side": "up",
    "locationConfidence": "verified",
    "locationSource": "NMPML (Citilinc) RTI reply 3120/2026, 17 Aug 2026"
   }
  },
  {
   "type": "Feature",
   "geometry": {
    "type": "Point",
    "coordinates": [
     73.7906,
     19.99381
    ]
   },
   "properties": {
    "Name": "Urdu School (Sarda Circle) (D)",
    "depot": "Nashik Road Depot",
    "side": "down",
    "locationConfidence": "verified",
    "locationSource": "NMPML (Citilinc) RTI reply 3120/2026, 17 Aug 2026"
   }
  },
  {
   "type": "Feature",
   "geometry": {
    "type": "Point",
    "coordinates": [
     73.78883,
     19.99142
    ]
   },
   "properties": {
    "Name": "DDR Office (Sarda Circle) (U)",
    "depot": "Nashik Road Depot",
    "side": "up",
    "locationConfidence": "verified",
    "locationSource": "NMPML (Citilinc) RTI reply 3120/2026, 17 Aug 2026"
   }
  },
  {
   "type": "Feature",
   "geometry": {
    "type": "Point",
    "coordinates": [
     73.78914,
     19.99163
    ]
   },
   "properties": {
    "Name": "DDR Office (Sarda Circle) (D)",
    "depot": "Nashik Road Depot",
    "side": "down",
    "locationConfidence": "verified",
    "locationSource": "NMPML (Citilinc) RTI reply 3120/2026, 17 Aug 2026"
   }
  },
  {
   "type": "Feature",
   "geometry": {
    "type": "Point",
    "coordinates": [
     73.79103,
     19.99106
    ]
   },
   "properties": {
    "Name": "Waani House/State Bank Colony",
    "depot": "Nashik Road Depot",
    "locationConfidence": "verified",
    "locationSource": "NMPML (Citilinc) RTI reply 3120/2026, 17 Aug 2026"
   }
  },
  {
   "type": "Feature",
   "geometry": {
    "type": "Point",
    "coordinates": [
     73.72954,
     20.05033
    ]
   },
   "properties": {
    "Name": "AnnaCha Wada (Mungsara)",
    "depot": "Tapovan Depot",
    "locationConfidence": "verified",
    "locationSource": "NMPML (Citilinc) RTI reply 3120/2026, 17 Aug 2026"
   }
  },
  {
   "type": "Feature",
   "geometry": {
    "type": "Point",
    "coordinates": [
     73.72878,
     20.04618
    ]
   },
   "properties": {
    "Name": "Gaarewadi",
    "depot": "Tapovan Depot",
    "locationConfidence": "verified",
    "locationSource": "NMPML (Citilinc) RTI reply 3120/2026, 17 Aug 2026"
   }
  },
  {
   "type": "Feature",
   "geometry": {
    "type": "Point",
    "coordinates": [
     73.73444,
     20.04436
    ]
   },
   "properties": {
    "Name": "Hagwane Vasti (Chandshi)",
    "depot": "Tapovan Depot",
    "locationConfidence": "verified",
    "locationSource": "NMPML (Citilinc) RTI reply 3120/2026, 17 Aug 2026"
   }
  },
  {
   "type": "Feature",
   "geometry": {
    "type": "Point",
    "coordinates": [
     73.73658,
     20.0397
    ]
   },
   "properties": {
    "Name": "Mira Land Empire",
    "depot": "Tapovan Depot",
    "locationConfidence": "verified",
    "locationSource": "NMPML (Citilinc) RTI reply 3120/2026, 17 Aug 2026"
   }
  },
  {
   "type": "Feature",
   "geometry": {
    "type": "Point",
    "coordinates": [
     73.73837,
     20.03712
    ]
   },
   "properties": {
    "Name": "Jalalpur Phata",
    "depot": "Tapovan Depot",
    "locationConfidence": "verified",
    "locationSource": "NMPML (Citilinc) RTI reply 3120/2026, 17 Aug 2026"
   }
  },
  {
   "type": "Feature",
   "geometry": {
    "type": "Point",
    "coordinates": [
     73.74005,
     20.03431
    ]
   },
   "properties": {
    "Name": "Chandshi Gaon",
    "depot": "Tapovan Depot",
    "locationConfidence": "verified",
    "locationSource": "NMPML (Citilinc) RTI reply 3120/2026, 17 Aug 2026"
   }
  },
  {
   "type": "Feature",
   "geometry": {
    "type": "Point",
    "coordinates": [
     73.74227,
     20.02995
    ]
   },
   "properties": {
    "Name": "Yamuna Nagar",
    "depot": "Tapovan Depot",
    "locationConfidence": "verified",
    "locationSource": "NMPML (Citilinc) RTI reply 3120/2026, 17 Aug 2026"
   }
  },
  {
   "type": "Feature",
   "geometry": {
    "type": "Point",
    "coordinates": [
     73.7434,
     20.02729
    ]
   },
   "properties": {
    "Name": "Vishwendu Nagar",
    "depot": "Tapovan Depot",
    "locationConfidence": "verified",
    "locationSource": "NMPML (Citilinc) RTI reply 3120/2026, 17 Aug 2026"
   }
  },
  {
   "type": "Feature",
   "geometry": {
    "type": "Point",
    "coordinates": [
     73.74722,
     20.02723
    ]
   },
   "properties": {
    "Name": "Nandanvan Nagar",
    "depot": "Tapovan Depot",
    "locationConfidence": "verified",
    "locationSource": "NMPML (Citilinc) RTI reply 3120/2026, 17 Aug 2026"
   }
  },
  {
   "type": "Feature",
   "geometry": {
    "type": "Point",
    "coordinates": [
     73.75137,
     20.02649
    ]
   },
   "properties": {
    "Name": "Mandlik Nagar 1 / Alaska Lawns",
    "depot": "Tapovan Depot",
    "locationConfidence": "verified",
    "locationSource": "NMPML (Citilinc) RTI reply 3120/2026, 17 Aug 2026"
   }
  },
  {
   "type": "Feature",
   "geometry": {
    "type": "Point",
    "coordinates": [
     73.75368,
     20.02578
    ]
   },
   "properties": {
    "Name": "Hridayaksha Hospital",
    "depot": "Tapovan Depot",
    "locationConfidence": "verified",
    "locationSource": "NMPML (Citilinc) RTI reply 3120/2026, 17 Aug 2026"
   }
  },
  {
   "type": "Feature",
   "geometry": {
    "type": "Point",
    "coordinates": [
     73.75714,
     20.0251
    ]
   },
   "properties": {
    "Name": "Gandhari Gaon Chaufuli",
    "depot": "Tapovan Depot",
    "locationConfidence": "verified",
    "locationSource": "NMPML (Citilinc) RTI reply 3120/2026, 17 Aug 2026"
   }
  },
  {
   "type": "Feature",
   "geometry": {
    "type": "Point",
    "coordinates": [
     73.75585,
     20.02272
    ]
   },
   "properties": {
    "Name": "Bapu Pul (D)",
    "depot": "Tapovan Depot",
    "side": "down",
    "locationConfidence": "verified",
    "locationSource": "NMPML (Citilinc) RTI reply 3120/2026, 17 Aug 2026"
   }
  },
  {
   "type": "Feature",
   "geometry": {
    "type": "Point",
    "coordinates": [
     73.75577,
     20.02281
    ]
   },
   "properties": {
    "Name": "Bapu Pul (U)",
    "depot": "Tapovan Depot",
    "side": "up",
    "locationConfidence": "verified",
    "locationSource": "NMPML (Citilinc) RTI reply 3120/2026, 17 Aug 2026"
   }
  },
  {
   "type": "Feature",
   "geometry": {
    "type": "Point",
    "coordinates": [
     73.75513,
     20.02058
    ]
   },
   "properties": {
    "Name": "Aasaram Bapu Aasharam",
    "depot": "Tapovan Depot",
    "locationConfidence": "verified",
    "locationSource": "NMPML (Citilinc) RTI reply 3120/2026, 17 Aug 2026"
   }
  },
  {
   "type": "Feature",
   "geometry": {
    "type": "Point",
    "coordinates": [
     73.75479,
     20.01836
    ]
   },
   "properties": {
    "Name": "Atharva Colony",
    "depot": "Tapovan Depot",
    "locationConfidence": "verified",
    "locationSource": "NMPML (Citilinc) RTI reply 3120/2026, 17 Aug 2026"
   }
  },
  {
   "type": "Feature",
   "geometry": {
    "type": "Point",
    "coordinates": [
     73.75431,
     20.01603
    ]
   },
   "properties": {
    "Name": "Navrachna Vidyalay (Savarkar Nagar)",
    "depot": "Tapovan Depot",
    "locationConfidence": "verified",
    "locationSource": "NMPML (Citilinc) RTI reply 3120/2026, 17 Aug 2026"
   }
  },
  {
   "type": "Feature",
   "geometry": {
    "type": "Point",
    "coordinates": [
     73.75595,
     20.01469
    ]
   },
   "properties": {
    "Name": "Narsinha Nagar Auto Stand (D)",
    "depot": "Tapovan Depot",
    "side": "down",
    "locationConfidence": "verified",
    "locationSource": "NMPML (Citilinc) RTI reply 3120/2026, 17 Aug 2026"
   }
  },
  {
   "type": "Feature",
   "geometry": {
    "type": "Point",
    "coordinates": [
     73.75592,
     20.0146
    ]
   },
   "properties": {
    "Name": "Narsinha Nagar Auto Stand (U)",
    "depot": "Tapovan Depot",
    "side": "up",
    "locationConfidence": "verified",
    "locationSource": "NMPML (Citilinc) RTI reply 3120/2026, 17 Aug 2026"
   }
  },
  {
   "type": "Feature",
   "geometry": {
    "type": "Point",
    "coordinates": [
     73.76132,
     20.0173
    ]
   },
   "properties": {
    "Name": "Shanti Niketan Chauk (D)",
    "depot": "Tapovan Depot",
    "side": "down",
    "locationConfidence": "verified",
    "locationSource": "NMPML (Citilinc) RTI reply 3120/2026, 17 Aug 2026"
   }
  },
  {
   "type": "Feature",
   "geometry": {
    "type": "Point",
    "coordinates": [
     73.76133,
     20.0172
    ]
   },
   "properties": {
    "Name": "Shanti Niketan Chauk (U)",
    "depot": "Tapovan Depot",
    "side": "up",
    "locationConfidence": "verified",
    "locationSource": "NMPML (Citilinc) RTI reply 3120/2026, 17 Aug 2026"
   }
  },
  {
   "type": "Feature",
   "geometry": {
    "type": "Point",
    "coordinates": [
     73.76618,
     20.01716
    ]
   },
   "properties": {
    "Name": "Horizon Academy (D)",
    "depot": "Tapovan Depot",
    "side": "down",
    "locationConfidence": "verified",
    "locationSource": "NMPML (Citilinc) RTI reply 3120/2026, 17 Aug 2026"
   }
  },
  {
   "type": "Feature",
   "geometry": {
    "type": "Point",
    "coordinates": [
     73.76987,
     20.01238
    ]
   },
   "properties": {
    "Name": "Mai Lele School (D)",
    "depot": "Tapovan Depot",
    "side": "down",
    "locationConfidence": "verified",
    "locationSource": "NMPML (Citilinc) RTI reply 3120/2026, 17 Aug 2026"
   }
  },
  {
   "type": "Feature",
   "geometry": {
    "type": "Point",
    "coordinates": [
     73.77169,
     20.00967
    ]
   },
   "properties": {
    "Name": "Chopda Lawns (D)",
    "depot": "Tapovan Depot",
    "side": "down",
    "locationConfidence": "verified",
    "locationSource": "NMPML (Citilinc) RTI reply 3120/2026, 17 Aug 2026"
   }
  },
  {
   "type": "Feature",
   "geometry": {
    "type": "Point",
    "coordinates": [
     73.77154,
     20.00961
    ]
   },
   "properties": {
    "Name": "Chopda Lawns (U)",
    "depot": "Tapovan Depot",
    "side": "up",
    "locationConfidence": "verified",
    "locationSource": "NMPML (Citilinc) RTI reply 3120/2026, 17 Aug 2026"
   }
  },
  {
   "type": "Feature",
   "geometry": {
    "type": "Point",
    "coordinates": [
     73.7661,
     20.01706
    ]
   },
   "properties": {
    "Name": "Horizon Academy (U)",
    "depot": "Tapovan Depot",
    "side": "up",
    "locationConfidence": "verified",
    "locationSource": "NMPML (Citilinc) RTI reply 3120/2026, 17 Aug 2026"
   }
  },
  {
   "type": "Feature",
   "geometry": {
    "type": "Point",
    "coordinates": [
     73.76764,
     20.01536
    ]
   },
   "properties": {
    "Name": "Shivkesari Chauk (D)",
    "depot": "Tapovan Depot",
    "side": "down",
    "locationConfidence": "verified",
    "locationSource": "NMPML (Citilinc) RTI reply 3120/2026, 17 Aug 2026"
   }
  },
  {
   "type": "Feature",
   "geometry": {
    "type": "Point",
    "coordinates": [
     73.76755,
     20.01531
    ]
   },
   "properties": {
    "Name": "Shivkesari Chauk (U)",
    "depot": "Tapovan Depot",
    "side": "up",
    "locationConfidence": "verified",
    "locationSource": "NMPML (Citilinc) RTI reply 3120/2026, 17 Aug 2026"
   }
  },
  {
   "type": "Feature",
   "geometry": {
    "type": "Point",
    "coordinates": [
     73.82602,
     20.00971
    ]
   },
   "properties": {
    "Name": "Digambar Society (Vidi Kamgar) (U)",
    "depot": "Nashik Road Depot",
    "side": "up",
    "locationConfidence": "verified",
    "locationSource": "NMPML (Citilinc) RTI reply 3120/2026, 17 Aug 2026"
   }
  },
  {
   "type": "Feature",
   "geometry": {
    "type": "Point",
    "coordinates": [
     73.82614,
     20.00938
    ]
   },
   "properties": {
    "Name": "Digambar Society (Vidi Kamgar) (D)",
    "depot": "Nashik Road Depot",
    "side": "down",
    "locationConfidence": "verified",
    "locationSource": "NMPML (Citilinc) RTI reply 3120/2026, 17 Aug 2026"
   }
  },
  {
   "type": "Feature",
   "geometry": {
    "type": "Point",
    "coordinates": [
     73.90761,
     19.96083
    ]
   },
   "properties": {
    "Name": "Ghughe Vasti / Jadhav Vasti (Kotam Gaon)",
    "depot": "Nashik Road Depot",
    "locationConfidence": "verified",
    "locationSource": "NMPML (Citilinc) RTI reply 3120/2026, 17 Aug 2026"
   }
  },
  {
   "type": "Feature",
   "geometry": {
    "type": "Point",
    "coordinates": [
     73.95203,
     20.09291
    ]
   },
   "properties": {
    "Name": "Khloya Ohal / Thube Vasti",
    "depot": "Tapovan Depot",
    "locationConfidence": "verified",
    "locationSource": "NMPML (Citilinc) RTI reply 3120/2026, 17 Aug 2026"
   }
  },
  {
   "type": "Feature",
   "geometry": {
    "type": "Point",
    "coordinates": [
     73.5338,
     19.94053
    ]
   },
   "properties": {
    "Name": "Jawahar Phata (Trimbakeshwar) (D)",
    "depot": "Nashik Road Depot",
    "side": "down",
    "locationConfidence": "verified",
    "locationSource": "NMPML (Citilinc) RTI reply 3120/2026, 17 Aug 2026"
   }
  },
  {
   "type": "Feature",
   "geometry": {
    "type": "Point",
    "coordinates": [
     73.53357,
     19.9404
    ]
   },
   "properties": {
    "Name": "Jawahar Phata (Trimbakeshwar) (U)",
    "depot": "Nashik Road Depot",
    "side": "up",
    "locationConfidence": "verified",
    "locationSource": "NMPML (Citilinc) RTI reply 3120/2026, 17 Aug 2026"
   }
  },
  {
   "type": "Feature",
   "geometry": {
    "type": "Point",
    "coordinates": [
     73.91555,
     19.92895
    ]
   },
   "properties": {
    "Name": "A.D.I Electric Company",
    "depot": "Nashik Road Depot",
    "locationConfidence": "verified",
    "locationSource": "NMPML (Citilinc) RTI reply 3120/2026, 17 Aug 2026"
   }
  },
  {
   "type": "Feature",
   "geometry": {
    "type": "Point",
    "coordinates": [
     73.92158,
     19.95093
    ]
   },
   "properties": {
    "Name": "Jakhorigaon",
    "depot": "Nashik Road Depot",
    "locationConfidence": "verified",
    "locationSource": "NMPML (Citilinc) RTI reply 3120/2026, 17 Aug 2026"
   }
  },
  {
   "type": "Feature",
   "geometry": {
    "type": "Point",
    "coordinates": [
     73.92024,
     19.94948
    ]
   },
   "properties": {
    "Name": "Kotamgaon Phata / Darana River Bridge",
    "depot": "Nashik Road Depot",
    "locationConfidence": "verified",
    "locationSource": "NMPML (Citilinc) RTI reply 3120/2026, 17 Aug 2026"
   }
  },
  {
   "type": "Feature",
   "geometry": {
    "type": "Point",
    "coordinates": [
     73.91709,
     19.9465
    ]
   },
   "properties": {
    "Name": "Saptshrungi Mata Mandir Phata / Mohgaon",
    "depot": "Nashik Road Depot",
    "locationConfidence": "verified",
    "locationSource": "NMPML (Citilinc) RTI reply 3120/2026, 17 Aug 2026"
   }
  },
  {
   "type": "Feature",
   "geometry": {
    "type": "Point",
    "coordinates": [
     73.91793,
     19.94355
    ]
   },
   "properties": {
    "Name": "Ghotal Wadi (Chandgiri)",
    "depot": "Nashik Road Depot",
    "locationConfidence": "verified",
    "locationSource": "NMPML (Citilinc) RTI reply 3120/2026, 17 Aug 2026"
   }
  },
  {
   "type": "Feature",
   "geometry": {
    "type": "Point",
    "coordinates": [
     73.91804,
     19.94066
    ]
   },
   "properties": {
    "Name": "Katale Vasti (Chandgiri)",
    "depot": "Nashik Road Depot",
    "locationConfidence": "verified",
    "locationSource": "NMPML (Citilinc) RTI reply 3120/2026, 17 Aug 2026"
   }
  },
  {
   "type": "Feature",
   "geometry": {
    "type": "Point",
    "coordinates": [
     73.91715,
     19.93681
    ]
   },
   "properties": {
    "Name": "Chandgirigaon",
    "depot": "Nashik Road Depot",
    "locationConfidence": "verified",
    "locationSource": "NMPML (Citilinc) RTI reply 3120/2026, 17 Aug 2026"
   }
  },
  {
   "type": "Feature",
   "geometry": {
    "type": "Point",
    "coordinates": [
     73.91684,
     19.93517
    ]
   },
   "properties": {
    "Name": "Shelar Vasti (Chandgiri)",
    "depot": "Nashik Road Depot",
    "locationConfidence": "verified",
    "locationSource": "NMPML (Citilinc) RTI reply 3120/2026, 17 Aug 2026"
   }
  },
  {
   "type": "Feature",
   "geometry": {
    "type": "Point",
    "coordinates": [
     73.90088,
     19.91797
    ]
   },
   "properties": {
    "Name": "Gurukul School",
    "depot": "Nashik Road Depot",
    "locationConfidence": "verified",
    "locationSource": "NMPML (Citilinc) RTI reply 3120/2026, 17 Aug 2026"
   }
  },
  {
   "type": "Feature",
   "geometry": {
    "type": "Point",
    "coordinates": [
     73.89076,
     19.91791
    ]
   },
   "properties": {
    "Name": "Chakradhar Swami Datta Mandir (Shindegaon)",
    "depot": "Nashik Road Depot",
    "locationConfidence": "verified",
    "locationSource": "NMPML (Citilinc) RTI reply 3120/2026, 17 Aug 2026"
   }
  },
  {
   "type": "Feature",
   "geometry": {
    "type": "Point",
    "coordinates": [
     73.79576,
     20.03401
    ]
   },
   "properties": {
    "Name": "Namco Cancer Hospital (D)",
    "depot": "Nashik Road Depot",
    "side": "down",
    "locationConfidence": "verified",
    "locationSource": "NMPML (Citilinc) RTI reply 3120/2026, 17 Aug 2026"
   }
  },
  {
   "type": "Feature",
   "geometry": {
    "type": "Point",
    "coordinates": [
     73.79783,
     20.03411
    ]
   },
   "properties": {
    "Name": "Rashiklal Dhariwal Hospital (D)",
    "depot": "Nashik Road Depot",
    "side": "down",
    "locationConfidence": "verified",
    "locationSource": "NMPML (Citilinc) RTI reply 3120/2026, 17 Aug 2026"
   }
  },
  {
   "type": "Feature",
   "geometry": {
    "type": "Point",
    "coordinates": [
     73.79572,
     20.03419
    ]
   },
   "properties": {
    "Name": "Namco Cancer Hospital (U)",
    "depot": "Nashik Road Depot",
    "side": "up",
    "locationConfidence": "verified",
    "locationSource": "NMPML (Citilinc) RTI reply 3120/2026, 17 Aug 2026"
   }
  },
  {
   "type": "Feature",
   "geometry": {
    "type": "Point",
    "coordinates": [
     73.79771,
     20.03433
    ]
   },
   "properties": {
    "Name": "Rashiklal Dhariwal Hospital (U)",
    "depot": "Nashik Road Depot",
    "side": "up",
    "locationConfidence": "verified",
    "locationSource": "NMPML (Citilinc) RTI reply 3120/2026, 17 Aug 2026"
   }
  },
  {
   "type": "Feature",
   "geometry": {
    "type": "Point",
    "coordinates": [
     73.82008,
     20.20952
    ]
   },
   "properties": {
    "Name": "Dindori / Matoshree Krushi",
    "depot": "Nashik Road Depot",
    "locationConfidence": "verified",
    "locationSource": "NMPML (Citilinc) RTI reply 3120/2026, 17 Aug 2026"
   }
  },
  {
   "type": "Feature",
   "geometry": {
    "type": "Point",
    "coordinates": [
     73.82431,
     20.20851
    ]
   },
   "properties": {
    "Name": "Hanuman Nagar (Dindori)",
    "depot": "Nashik Road Depot",
    "locationConfidence": "verified",
    "locationSource": "NMPML (Citilinc) RTI reply 3120/2026, 17 Aug 2026"
   }
  },
  {
   "type": "Feature",
   "geometry": {
    "type": "Point",
    "coordinates": [
     73.82637,
     20.20758
    ]
   },
   "properties": {
    "Name": "Nirmal Vihar Colony (Dindori)",
    "depot": "Nashik Road Depot",
    "locationConfidence": "verified",
    "locationSource": "NMPML (Citilinc) RTI reply 3120/2026, 17 Aug 2026"
   }
  },
  {
   "type": "Feature",
   "geometry": {
    "type": "Point",
    "coordinates": [
     73.66734,
     20.07123
    ]
   },
   "properties": {
    "Name": "Laxmi Lawns (Girnare)",
    "depot": "Tapovan Depot",
    "locationConfidence": "verified",
    "locationSource": "NMPML (Citilinc) RTI reply 3120/2026, 17 Aug 2026"
   }
  },
  {
   "type": "Feature",
   "geometry": {
    "type": "Point",
    "coordinates": [
     73.70313,
     20.02972
    ]
   },
   "properties": {
    "Name": "Kadlag Mala (Govardhan)",
    "depot": "Tapovan Depot",
    "locationConfidence": "verified",
    "locationSource": "NMPML (Citilinc) RTI reply 3120/2026, 17 Aug 2026"
   }
  },
  {
   "type": "Feature",
   "geometry": {
    "type": "Point",
    "coordinates": [
     73.73252,
     19.96631
    ]
   },
   "properties": {
    "Name": "Radha Krishna Chowk (Chunchale)",
    "depot": "Tapovan Depot",
    "locationConfidence": "verified",
    "locationSource": "NMPML (Citilinc) RTI reply 3120/2026, 17 Aug 2026"
   }
  },
  {
   "type": "Feature",
   "geometry": {
    "type": "Point",
    "coordinates": [
     73.72295,
     19.9996
    ]
   },
   "properties": {
    "Name": "Entech Controls",
    "depot": "Tapovan Depot",
    "locationConfidence": "verified",
    "locationSource": "NMPML (Citilinc) RTI reply 3120/2026, 17 Aug 2026"
   }
  },
  {
   "type": "Feature",
   "geometry": {
    "type": "Point",
    "coordinates": [
     73.71726,
     20.00001
    ]
   },
   "properties": {
    "Name": "GI Company",
    "depot": "Tapovan Depot",
    "locationConfidence": "verified",
    "locationSource": "NMPML (Citilinc) RTI reply 3120/2026, 17 Aug 2026"
   }
  },
  {
   "type": "Feature",
   "geometry": {
    "type": "Point",
    "coordinates": [
     73.71752,
     20.0019
    ]
   },
   "properties": {
    "Name": "Carbon Vegetable",
    "depot": "Tapovan Depot",
    "locationConfidence": "verified",
    "locationSource": "NMPML (Citilinc) RTI reply 3120/2026, 17 Aug 2026"
   }
  },
  {
   "type": "Feature",
   "geometry": {
    "type": "Point",
    "coordinates": [
     73.71696,
     19.99696
    ]
   },
   "properties": {
    "Name": "Mahindra Spicer Limited",
    "depot": "Tapovan Depot",
    "locationConfidence": "verified",
    "locationSource": "NMPML (Citilinc) RTI reply 3120/2026, 17 Aug 2026"
   }
  },
  {
   "type": "Feature",
   "geometry": {
    "type": "Point",
    "coordinates": [
     73.71949,
     19.99605
    ]
   },
   "properties": {
    "Name": "Mahindra Gate No 1",
    "depot": "Tapovan Depot",
    "locationConfidence": "verified",
    "locationSource": "NMPML (Citilinc) RTI reply 3120/2026, 17 Aug 2026"
   }
  },
  {
   "type": "Feature",
   "geometry": {
    "type": "Point",
    "coordinates": [
     73.72095,
     19.99592
    ]
   },
   "properties": {
    "Name": "Mico Gate No 4",
    "depot": "Tapovan Depot",
    "locationConfidence": "verified",
    "locationSource": "NMPML (Citilinc) RTI reply 3120/2026, 17 Aug 2026"
   }
  },
  {
   "type": "Feature",
   "geometry": {
    "type": "Point",
    "coordinates": [
     73.72296,
     19.99631
    ]
   },
   "properties": {
    "Name": "Sharda Moters",
    "depot": "Tapovan Depot",
    "locationConfidence": "verified",
    "locationSource": "NMPML (Citilinc) RTI reply 3120/2026, 17 Aug 2026"
   }
  },
  {
   "type": "Feature",
   "geometry": {
    "type": "Point",
    "coordinates": [
     73.72884,
     20.00104
    ]
   },
   "properties": {
    "Name": "VIP/ABB",
    "depot": "Tapovan Depot",
    "locationConfidence": "verified",
    "locationSource": "NMPML (Citilinc) RTI reply 3120/2026, 17 Aug 2026"
   }
  },
  {
   "type": "Feature",
   "geometry": {
    "type": "Point",
    "coordinates": [
     73.73106,
     20.00001
    ]
   },
   "properties": {
    "Name": "JBM",
    "depot": "Tapovan Depot",
    "locationConfidence": "verified",
    "locationSource": "NMPML (Citilinc) RTI reply 3120/2026, 17 Aug 2026"
   }
  },
  {
   "type": "Feature",
   "geometry": {
    "type": "Point",
    "coordinates": [
     73.82417,
     19.88793
    ]
   },
   "properties": {
    "Name": "Army Public School (D)",
    "depot": "Nashik Road Depot",
    "side": "down",
    "locationConfidence": "verified",
    "locationSource": "NMPML (Citilinc) RTI reply 3120/2026, 17 Aug 2026"
   }
  },
  {
   "type": "Feature",
   "geometry": {
    "type": "Point",
    "coordinates": [
     73.79674,
     20.01243
    ]
   },
   "properties": {
    "Name": "Nimani Pass Center 3",
    "depot": "Tapovan Depot",
    "locationConfidence": "verified",
    "locationSource": "NMPML (Citilinc) RTI reply 3120/2026, 17 Aug 2026"
   }
  },
  {
   "type": "Feature",
   "geometry": {
    "type": "Point",
    "coordinates": [
     73.84633,
     19.94696
    ]
   },
   "properties": {
    "Name": "Hanuman Mandir (Sinnar Phata)",
    "depot": "Nashik Road Depot",
    "locationConfidence": "verified",
    "locationSource": "NMPML (Citilinc) RTI reply 3120/2026, 17 Aug 2026"
   }
  },
  {
   "type": "Feature",
   "geometry": {
    "type": "Point",
    "coordinates": [
     73.77673,
     19.99574
    ]
   },
   "properties": {
    "Name": "CITILINC Office (D)",
    "depot": "Tapovan Depot",
    "side": "down",
    "locationConfidence": "verified",
    "locationSource": "NMPML (Citilinc) RTI reply 3120/2026, 17 Aug 2026"
   }
  },
  {
   "type": "Feature",
   "geometry": {
    "type": "Point",
    "coordinates": [
     73.77743,
     19.99635
    ]
   },
   "properties": {
    "Name": "CITILINC Office (U)",
    "depot": "Tapovan Depot",
    "side": "up",
    "locationConfidence": "verified",
    "locationSource": "NMPML (Citilinc) RTI reply 3120/2026, 17 Aug 2026"
   }
  },
  {
   "type": "Feature",
   "geometry": {
    "type": "Point",
    "coordinates": [
     73.83529,
     20.04684
    ]
   },
   "properties": {
    "Name": "Police Vasahat (Dhatrak Phata)",
    "depot": "Tapovan Depot",
    "locationConfidence": "verified",
    "locationSource": "NMPML (Citilinc) RTI reply 3120/2026, 17 Aug 2026"
   }
  },
  {
   "type": "Feature",
   "geometry": {
    "type": "Point",
    "coordinates": [
     73.83503,
     20.04285
    ]
   },
   "properties": {
    "Name": "Alandi Pat (Dhatrak Phata)",
    "depot": "Tapovan Depot",
    "locationConfidence": "verified",
    "locationSource": "NMPML (Citilinc) RTI reply 3120/2026, 17 Aug 2026"
   }
  },
  {
   "type": "Feature",
   "geometry": {
    "type": "Point",
    "coordinates": [
     73.83493,
     20.04097
    ]
   },
   "properties": {
    "Name": "Yeshwant Nagar (Dhatrak Phata)",
    "depot": "Tapovan Depot",
    "locationConfidence": "verified",
    "locationSource": "NMPML (Citilinc) RTI reply 3120/2026, 17 Aug 2026"
   }
  },
  {
   "type": "Feature",
   "geometry": {
    "type": "Point",
    "coordinates": [
     73.86722,
     20.03832
    ]
   },
   "properties": {
    "Name": "Samaj Kalyan Vastigruh Phata No 1 (Adgaon)",
    "depot": "Tapovan Depot",
    "locationConfidence": "verified",
    "locationSource": "NMPML (Citilinc) RTI reply 3120/2026, 17 Aug 2026"
   }
  },
  {
   "type": "Feature",
   "geometry": {
    "type": "Point",
    "coordinates": [
     73.8686,
     20.04536
    ]
   },
   "properties": {
    "Name": "Shikshan Mandal Vibhagiy Karyalay (Adgaon)",
    "depot": "Tapovan Depot",
    "locationConfidence": "verified",
    "locationSource": "NMPML (Citilinc) RTI reply 3120/2026, 17 Aug 2026"
   }
  },
  {
   "type": "Feature",
   "geometry": {
    "type": "Point",
    "coordinates": [
     73.86811,
     20.04382
    ]
   },
   "properties": {
    "Name": "Samaj Kalyan Vastigruh (Adgaon)",
    "depot": "Tapovan Depot",
    "locationConfidence": "verified",
    "locationSource": "NMPML (Citilinc) RTI reply 3120/2026, 17 Aug 2026"
   }
  },
  {
   "type": "Feature",
   "geometry": {
    "type": "Point",
    "coordinates": [
     73.86767,
     20.0426
    ]
   },
   "properties": {
    "Name": "New English School (Adgaon)",
    "depot": "Tapovan Depot",
    "locationConfidence": "verified",
    "locationSource": "NMPML (Citilinc) RTI reply 3120/2026, 17 Aug 2026"
   }
  },
  {
   "type": "Feature",
   "geometry": {
    "type": "Point",
    "coordinates": [
     73.86713,
     20.04121
    ]
   },
   "properties": {
    "Name": "Swapnapurti Society (Adgaon)",
    "depot": "Tapovan Depot",
    "locationConfidence": "verified",
    "locationSource": "NMPML (Citilinc) RTI reply 3120/2026, 17 Aug 2026"
   }
  },
  {
   "type": "Feature",
   "geometry": {
    "type": "Point",
    "coordinates": [
     73.86674,
     20.03838
    ]
   },
   "properties": {
    "Name": "Samaj Kalyan Vastigruh Phata (Adgaon)",
    "depot": "Tapovan Depot",
    "locationConfidence": "verified",
    "locationSource": "NMPML (Citilinc) RTI reply 3120/2026, 17 Aug 2026"
   }
  },
  {
   "type": "Feature",
   "geometry": {
    "type": "Point",
    "coordinates": [
     73.86289,
     20.03547
    ]
   },
   "properties": {
    "Name": "Datta Mandir (Adgaon)",
    "depot": "Tapovan Depot",
    "locationConfidence": "verified",
    "locationSource": "NMPML (Citilinc) RTI reply 3120/2026, 17 Aug 2026"
   }
  },
  {
   "type": "Feature",
   "geometry": {
    "type": "Point",
    "coordinates": [
     73.8012,
     20.06867
    ]
   },
   "properties": {
    "Name": "Borgad / Santosh Edu Phamacy College",
    "depot": "Nashik Road Depot",
    "locationConfidence": "verified",
    "locationSource": "NMPML (Citilinc) RTI reply 3120/2026, 17 Aug 2026"
   }
  },
  {
   "type": "Feature",
   "geometry": {
    "type": "Point",
    "coordinates": [
     73.80079,
     20.05775
    ]
   },
   "properties": {
    "Name": "Borgad",
    "depot": "Nashik Road Depot",
    "locationConfidence": "verified",
    "locationSource": "NMPML (Citilinc) RTI reply 3120/2026, 17 Aug 2026"
   }
  },
  {
   "type": "Feature",
   "geometry": {
    "type": "Point",
    "coordinates": [
     73.80158,
     20.0599
    ]
   },
   "properties": {
    "Name": "Varad Nagar",
    "depot": "Nashik Road Depot",
    "locationConfidence": "verified",
    "locationSource": "NMPML (Citilinc) RTI reply 3120/2026, 17 Aug 2026"
   }
  },
  {
   "type": "Feature",
   "geometry": {
    "type": "Point",
    "coordinates": [
     73.79996,
     20.05433
    ]
   },
   "properties": {
    "Name": "Adivasi Ashram Shala (Borgad)",
    "depot": "Nashik Road Depot",
    "locationConfidence": "verified",
    "locationSource": "NMPML (Citilinc) RTI reply 3120/2026, 17 Aug 2026"
   }
  },
  {
   "type": "Feature",
   "geometry": {
    "type": "Point",
    "coordinates": [
     73.99239,
     20.08052
    ]
   },
   "properties": {
    "Name": "Shiv Rasta Oney / Thergaon",
    "depot": "Tapovan Depot",
    "locationConfidence": "verified",
    "locationSource": "NMPML (Citilinc) RTI reply 3120/2026, 17 Aug 2026"
   }
  },
  {
   "type": "Feature",
   "geometry": {
    "type": "Point",
    "coordinates": [
     73.93902,
     20.0445
    ]
   },
   "properties": {
    "Name": "Nala (Sayyed Pimpari)",
    "depot": "Tapovan Depot",
    "locationConfidence": "verified",
    "locationSource": "NMPML (Citilinc) RTI reply 3120/2026, 17 Aug 2026"
   }
  },
  {
   "type": "Feature",
   "geometry": {
    "type": "Point",
    "coordinates": [
     73.89447,
     20.0384
    ]
   },
   "properties": {
    "Name": "Tarle Construction (Sayyed Pimpari)",
    "depot": "Tapovan Depot",
    "locationConfidence": "verified",
    "locationSource": "NMPML (Citilinc) RTI reply 3120/2026, 17 Aug 2026"
   }
  },
  {
   "type": "Feature",
   "geometry": {
    "type": "Point",
    "coordinates": [
     73.88574,
     20.03669
    ]
   },
   "properties": {
    "Name": "Charan Baba Matha (Sayyed Pimpari)",
    "depot": "Tapovan Depot",
    "locationConfidence": "verified",
    "locationSource": "NMPML (Citilinc) RTI reply 3120/2026, 17 Aug 2026"
   }
  },
  {
   "type": "Feature",
   "geometry": {
    "type": "Point",
    "coordinates": [
     73.81478,
     20.00754
    ]
   },
   "properties": {
    "Name": "Tapovan Depot (D)",
    "depot": "Tapovan Depot",
    "side": "down",
    "locationConfidence": "verified",
    "locationSource": "NMPML (Citilinc) RTI reply 3120/2026, 17 Aug 2026"
   }
  },
  {
   "type": "Feature",
   "geometry": {
    "type": "Point",
    "coordinates": [
     74.01366,
     19.84616
    ]
   },
   "properties": {
    "Name": "Jwala Mata",
    "depot": "Tapovan Depot",
    "locationConfidence": "verified",
    "locationSource": "NMPML (Citilinc) RTI reply 3120/2026, 17 Aug 2026"
   }
  },
  {
   "type": "Feature",
   "geometry": {
    "type": "Point",
    "coordinates": [
     73.80501,
     20.08769
    ]
   },
   "properties": {
    "Name": "Sanap Farm (Dhakambe)",
    "depot": "Nashik Road Depot",
    "locationConfidence": "verified",
    "locationSource": "NMPML (Citilinc) RTI reply 3120/2026, 17 Aug 2026"
   }
  },
  {
   "type": "Feature",
   "geometry": {
    "type": "Point",
    "coordinates": [
     73.80734,
     20.10808
    ]
   },
   "properties": {
    "Name": "Jay Ambe Farm (Dhakambe)",
    "depot": "Nashik Road Depot",
    "locationConfidence": "verified",
    "locationSource": "NMPML (Citilinc) RTI reply 3120/2026, 17 Aug 2026"
   }
  },
  {
   "type": "Feature",
   "geometry": {
    "type": "Point",
    "coordinates": [
     73.92531,
     19.9726
    ]
   },
   "properties": {
    "Name": "Hinganwedhe",
    "depot": "Nashik Road Depot",
    "locationConfidence": "verified",
    "locationSource": "NMPML (Citilinc) RTI reply 3120/2026, 17 Aug 2026"
   }
  },
  {
   "type": "Feature",
   "geometry": {
    "type": "Point",
    "coordinates": [
     73.90856,
     19.96147
    ]
   },
   "properties": {
    "Name": "Saati Asara Mandir (Hinganvedhe)",
    "depot": "Nashik Road Depot",
    "locationConfidence": "verified",
    "locationSource": "NMPML (Citilinc) RTI reply 3120/2026, 17 Aug 2026"
   }
  },
  {
   "type": "Feature",
   "geometry": {
    "type": "Point",
    "coordinates": [
     73.9929,
     20.17304
    ]
   },
   "properties": {
    "Name": "More Nagar (Pimpalgaon)",
    "depot": "Tapovan Depot",
    "locationConfidence": "verified",
    "locationSource": "NMPML (Citilinc) RTI reply 3120/2026, 17 Aug 2026"
   }
  },
  {
   "type": "Feature",
   "geometry": {
    "type": "Point",
    "coordinates": [
     73.99251,
     20.16911
    ]
   },
   "properties": {
    "Name": "Fire Brigade (Pimpalgaon)",
    "depot": "Tapovan Depot",
    "locationConfidence": "verified",
    "locationSource": "NMPML (Citilinc) RTI reply 3120/2026, 17 Aug 2026"
   }
  },
  {
   "type": "Feature",
   "geometry": {
    "type": "Point",
    "coordinates": [
     73.8348,
     20.03577
    ]
   },
   "properties": {
    "Name": "Arunoday Colony",
    "depot": "Tapovan Depot",
    "locationConfidence": "verified",
    "locationSource": "NMPML (Citilinc) RTI reply 3120/2026, 17 Aug 2026"
   }
  },
  {
   "type": "Feature",
   "geometry": {
    "type": "Point",
    "coordinates": [
     73.82616,
     20.0241
    ]
   },
   "properties": {
    "Name": "Deen Dayal Garden",
    "depot": "Tapovan Depot",
    "locationConfidence": "verified",
    "locationSource": "NMPML (Citilinc) RTI reply 3120/2026, 17 Aug 2026"
   }
  },
  {
   "type": "Feature",
   "geometry": {
    "type": "Point",
    "coordinates": [
     73.83975,
     20.03718
    ]
   },
   "properties": {
    "Name": "Triveni Heights / Mhada",
    "depot": "Tapovan Depot",
    "locationConfidence": "verified",
    "locationSource": "NMPML (Citilinc) RTI reply 3120/2026, 17 Aug 2026"
   }
  },
  {
   "type": "Feature",
   "geometry": {
    "type": "Point",
    "coordinates": [
     73.8349,
     20.0386
    ]
   },
   "properties": {
    "Name": "Deshmukh Chowk - Adgaon",
    "depot": "Tapovan Depot",
    "locationConfidence": "verified",
    "locationSource": "NMPML (Citilinc) RTI reply 3120/2026, 17 Aug 2026"
   }
  },
  {
   "type": "Feature",
   "geometry": {
    "type": "Point",
    "coordinates": [
     73.83453,
     20.03219
    ]
   },
   "properties": {
    "Name": "Sudarshan Colony / Raut Mala",
    "depot": "Tapovan Depot",
    "locationConfidence": "verified",
    "locationSource": "NMPML (Citilinc) RTI reply 3120/2026, 17 Aug 2026"
   }
  },
  {
   "type": "Feature",
   "geometry": {
    "type": "Point",
    "coordinates": [
     73.83494,
     20.03011
    ]
   },
   "properties": {
    "Name": "Ashapuri Colony",
    "depot": "Tapovan Depot",
    "locationConfidence": "verified",
    "locationSource": "NMPML (Citilinc) RTI reply 3120/2026, 17 Aug 2026"
   }
  },
  {
   "type": "Feature",
   "geometry": {
    "type": "Point",
    "coordinates": [
     73.8356,
     20.02637
    ]
   },
   "properties": {
    "Name": "Samarth Socity / Sandip Super Market",
    "depot": "Tapovan Depot",
    "locationConfidence": "verified",
    "locationSource": "NMPML (Citilinc) RTI reply 3120/2026, 17 Aug 2026"
   }
  },
  {
   "type": "Feature",
   "geometry": {
    "type": "Point",
    "coordinates": [
     73.83255,
     20.02486
    ]
   },
   "properties": {
    "Name": "KK Wagh Agri College",
    "depot": "Tapovan Depot",
    "locationConfidence": "verified",
    "locationSource": "NMPML (Citilinc) RTI reply 3120/2026, 17 Aug 2026"
   }
  },
  {
   "type": "Feature",
   "geometry": {
    "type": "Point",
    "coordinates": [
     73.83037,
     20.02378
    ]
   },
   "properties": {
    "Name": "Pramod Mahajan Garden",
    "depot": "Tapovan Depot",
    "locationConfidence": "verified",
    "locationSource": "NMPML (Citilinc) RTI reply 3120/2026, 17 Aug 2026"
   }
  },
  {
   "type": "Feature",
   "geometry": {
    "type": "Point",
    "coordinates": [
     73.82919,
     20.0246
    ]
   },
   "properties": {
    "Name": "Saishiv Nagar",
    "depot": "Tapovan Depot",
    "locationConfidence": "verified",
    "locationSource": "NMPML (Citilinc) RTI reply 3120/2026, 17 Aug 2026"
   }
  },
  {
   "type": "Feature",
   "geometry": {
    "type": "Point",
    "coordinates": [
     73.8258,
     20.02613
    ]
   },
   "properties": {
    "Name": "Dattatreya Chowk",
    "depot": "Tapovan Depot",
    "locationConfidence": "verified",
    "locationSource": "NMPML (Citilinc) RTI reply 3120/2026, 17 Aug 2026"
   }
  },
  {
   "type": "Feature",
   "geometry": {
    "type": "Point",
    "coordinates": [
     73.82096,
     20.02563
    ]
   },
   "properties": {
    "Name": "Trikoni Banglow",
    "depot": "Tapovan Depot",
    "locationConfidence": "verified",
    "locationSource": "NMPML (Citilinc) RTI reply 3120/2026, 17 Aug 2026"
   }
  },
  {
   "type": "Feature",
   "geometry": {
    "type": "Point",
    "coordinates": [
     73.82099,
     20.02321
    ]
   },
   "properties": {
    "Name": "Bhargav Ram Society",
    "depot": "Tapovan Depot",
    "locationConfidence": "verified",
    "locationSource": "NMPML (Citilinc) RTI reply 3120/2026, 17 Aug 2026"
   }
  },
  {
   "type": "Feature",
   "geometry": {
    "type": "Point",
    "coordinates": [
     73.82118,
     20.02133
    ]
   },
   "properties": {
    "Name": "Ayodhya Nagar",
    "depot": "Tapovan Depot",
    "locationConfidence": "verified",
    "locationSource": "NMPML (Citilinc) RTI reply 3120/2026, 17 Aug 2026"
   }
  },
  {
   "type": "Feature",
   "geometry": {
    "type": "Point",
    "coordinates": [
     73.98447,
     20.19312
    ]
   },
   "properties": {
    "Name": "MIDC Mukhed Phata",
    "depot": "Tapovan Depot",
    "locationConfidence": "verified",
    "locationSource": "NMPML (Citilinc) RTI reply 3120/2026, 17 Aug 2026"
   }
  },
  {
   "type": "Feature",
   "geometry": {
    "type": "Point",
    "coordinates": [
     73.99028,
     20.18746
    ]
   },
   "properties": {
    "Name": "Devicha Matha",
    "depot": "Tapovan Depot",
    "locationConfidence": "verified",
    "locationSource": "NMPML (Citilinc) RTI reply 3120/2026, 17 Aug 2026"
   }
  },
  {
   "type": "Feature",
   "geometry": {
    "type": "Point",
    "coordinates": [
     73.81628,
     20.13956
    ]
   },
   "properties": {
    "Name": "Manohar Farm / Rashegaon Phata (D)",
    "depot": "Nashik Road Depot",
    "side": "down",
    "locationConfidence": "verified",
    "locationSource": "NMPML (Citilinc) RTI reply 3120/2026, 17 Aug 2026"
   }
  },
  {
   "type": "Feature",
   "geometry": {
    "type": "Point",
    "coordinates": [
     73.81617,
     20.13939
    ]
   },
   "properties": {
    "Name": "Manohar Farm / Rashegaon Phata (U)",
    "depot": "Nashik Road Depot",
    "side": "up",
    "locationConfidence": "verified",
    "locationSource": "NMPML (Citilinc) RTI reply 3120/2026, 17 Aug 2026"
   }
  },
  {
   "type": "Feature",
   "geometry": {
    "type": "Point",
    "coordinates": [
     73.81844,
     20.01389
    ]
   },
   "properties": {
    "Name": "Durga Nagar (K.K Wagh) (D)",
    "depot": "Tapovan Depot",
    "side": "down",
    "locationConfidence": "verified",
    "locationSource": "NMPML (Citilinc) RTI reply 3120/2026, 17 Aug 2026"
   }
  },
  {
   "type": "Feature",
   "geometry": {
    "type": "Point",
    "coordinates": [
     73.8154,
     20.01318
    ]
   },
   "properties": {
    "Name": "Durga Nagar (K.K Wagh) (U)",
    "depot": "Tapovan Depot",
    "side": "up",
    "locationConfidence": "verified",
    "locationSource": "NMPML (Citilinc) RTI reply 3120/2026, 17 Aug 2026"
   }
  },
  {
   "type": "Feature",
   "geometry": {
    "type": "Point",
    "coordinates": [
     73.85135,
     20.02859
    ]
   },
   "properties": {
    "Name": "Labhade Nagar Adgaon (D)",
    "depot": "Tapovan Depot",
    "side": "down",
    "locationConfidence": "verified",
    "locationSource": "NMPML (Citilinc) RTI reply 3120/2026, 17 Aug 2026"
   }
  },
  {
   "type": "Feature",
   "geometry": {
    "type": "Point",
    "coordinates": [
     73.85092,
     20.02873
    ]
   },
   "properties": {
    "Name": "Labhade Nagar Adgaon (U)",
    "depot": "Tapovan Depot",
    "side": "up",
    "locationConfidence": "verified",
    "locationSource": "NMPML (Citilinc) RTI reply 3120/2026, 17 Aug 2026"
   }
  },
  {
   "type": "Feature",
   "geometry": {
    "type": "Point",
    "coordinates": [
     73.84129,
     19.88011
    ]
   },
   "properties": {
    "Name": "Shelke Complex",
    "depot": "Tapovan Depot",
    "locationConfidence": "verified",
    "locationSource": "NMPML (Citilinc) RTI reply 3120/2026, 17 Aug 2026"
   }
  },
  {
   "type": "Feature",
   "geometry": {
    "type": "Point",
    "coordinates": [
     73.84293,
     19.88042
    ]
   },
   "properties": {
    "Name": "Samrat Hotel",
    "depot": "Tapovan Depot",
    "locationConfidence": "verified",
    "locationSource": "NMPML (Citilinc) RTI reply 3120/2026, 17 Aug 2026"
   }
  },
  {
   "type": "Feature",
   "geometry": {
    "type": "Point",
    "coordinates": [
     73.84549,
     19.88076
    ]
   },
   "properties": {
    "Name": "Sainik Society",
    "depot": "Tapovan Depot",
    "locationConfidence": "verified",
    "locationSource": "NMPML (Citilinc) RTI reply 3120/2026, 17 Aug 2026"
   }
  },
  {
   "type": "Feature",
   "geometry": {
    "type": "Point",
    "coordinates": [
     73.84471,
     19.87808
    ]
   },
   "properties": {
    "Name": "Yogeshwari Nagar",
    "depot": "Tapovan Depot",
    "locationConfidence": "verified",
    "locationSource": "NMPML (Citilinc) RTI reply 3120/2026, 17 Aug 2026"
   }
  },
  {
   "type": "Feature",
   "geometry": {
    "type": "Point",
    "coordinates": [
     73.8418,
     19.87803
    ]
   },
   "properties": {
    "Name": "New Panchaganga Society",
    "depot": "Tapovan Depot",
    "locationConfidence": "verified",
    "locationSource": "NMPML (Citilinc) RTI reply 3120/2026, 17 Aug 2026"
   }
  },
  {
   "type": "Feature",
   "geometry": {
    "type": "Point",
    "coordinates": [
     73.84054,
     19.87804
    ]
   },
   "properties": {
    "Name": "Shah Garden",
    "depot": "Tapovan Depot",
    "locationConfidence": "verified",
    "locationSource": "NMPML (Citilinc) RTI reply 3120/2026, 17 Aug 2026"
   }
  },
  {
   "type": "Feature",
   "geometry": {
    "type": "Point",
    "coordinates": [
     73.83835,
     19.87794
    ]
   },
   "properties": {
    "Name": "Ahuja Complex",
    "depot": "Tapovan Depot",
    "locationConfidence": "verified",
    "locationSource": "NMPML (Citilinc) RTI reply 3120/2026, 17 Aug 2026"
   }
  },
  {
   "type": "Feature",
   "geometry": {
    "type": "Point",
    "coordinates": [
     73.77064,
     20.00433
    ]
   },
   "properties": {
    "Name": "KVN Naik College (Canada Corner) (U)",
    "depot": "Tapovan Depot",
    "side": "up",
    "locationConfidence": "verified",
    "locationSource": "NMPML (Citilinc) RTI reply 3120/2026, 17 Aug 2026"
   }
  },
  {
   "type": "Feature",
   "geometry": {
    "type": "Point",
    "coordinates": [
     73.77051,
     20.00436
    ]
   },
   "properties": {
    "Name": "KVN Naik College (Canada Corner) (D)",
    "depot": "Tapovan Depot",
    "side": "down",
    "locationConfidence": "verified",
    "locationSource": "NMPML (Citilinc) RTI reply 3120/2026, 17 Aug 2026"
   }
  },
  {
   "type": "Feature",
   "geometry": {
    "type": "Point",
    "coordinates": [
     73.7195,
     19.97154
    ]
   },
   "properties": {
    "Name": "Mhasoba Mandir (Mhada)",
    "depot": "Nashik Road Depot",
    "locationConfidence": "verified",
    "locationSource": "NMPML (Citilinc) RTI reply 3120/2026, 17 Aug 2026"
   }
  },
  {
   "type": "Feature",
   "geometry": {
    "type": "Point",
    "coordinates": [
     73.77827,
     20.04616
    ]
   },
   "properties": {
    "Name": "Mankar Petrol Pump Makhmalabad",
    "depot": "Tapovan Depot",
    "locationConfidence": "verified",
    "locationSource": "NMPML (Citilinc) RTI reply 3120/2026, 17 Aug 2026"
   }
  },
  {
   "type": "Feature",
   "geometry": {
    "type": "Point",
    "coordinates": [
     73.79318,
     20.01328
    ]
   },
   "properties": {
    "Name": "Bhakti Dham (D)",
    "depot": "Tapovan Depot",
    "side": "down",
    "locationConfidence": "verified",
    "locationSource": "NMPML (Citilinc) RTI reply 3120/2026, 17 Aug 2026"
   }
  },
  {
   "type": "Feature",
   "geometry": {
    "type": "Point",
    "coordinates": [
     73.7623,
     20.05191
    ]
   },
   "properties": {
    "Name": "Jamb Ohal (Matori)",
    "depot": "Tapovan Depot",
    "locationConfidence": "verified",
    "locationSource": "NMPML (Citilinc) RTI reply 3120/2026, 17 Aug 2026"
   }
  },
  {
   "type": "Feature",
   "geometry": {
    "type": "Point",
    "coordinates": [
     73.75673,
     19.93709
    ]
   },
   "properties": {
    "Name": "Swpnapurti Nagar (old Po. Lines Vasahat Gaulane)",
    "depot": "Nashik Road Depot",
    "locationConfidence": "verified",
    "locationSource": "NMPML (Citilinc) RTI reply 3120/2026, 17 Aug 2026"
   }
  },
  {
   "type": "Feature",
   "geometry": {
    "type": "Point",
    "coordinates": [
     73.75589,
     19.94965
    ]
   },
   "properties": {
    "Name": "Bhima Shankar Nagar / Royal Bekari",
    "depot": "Nashik Road Depot",
    "locationConfidence": "verified",
    "locationSource": "NMPML (Citilinc) RTI reply 3120/2026, 17 Aug 2026"
   }
  },
  {
   "type": "Feature",
   "geometry": {
    "type": "Point",
    "coordinates": [
     73.69269,
     20.06565
    ]
   },
   "properties": {
    "Name": "Gangotri Farm House (Dugaon)",
    "depot": "Tapovan Depot",
    "locationConfidence": "verified",
    "locationSource": "NMPML (Citilinc) RTI reply 3120/2026, 17 Aug 2026"
   }
  },
  {
   "type": "Feature",
   "geometry": {
    "type": "Point",
    "coordinates": [
     73.70197,
     20.06112
    ]
   },
   "properties": {
    "Name": "Dambale Wadi (Dugaon)",
    "depot": "Tapovan Depot",
    "locationConfidence": "verified",
    "locationSource": "NMPML (Citilinc) RTI reply 3120/2026, 17 Aug 2026"
   }
  },
  {
   "type": "Feature",
   "geometry": {
    "type": "Point",
    "coordinates": [
     73.71309,
     20.05545
    ]
   },
   "properties": {
    "Name": "Khandoba Tekdi (Dugaon)",
    "depot": "Tapovan Depot",
    "locationConfidence": "verified",
    "locationSource": "NMPML (Citilinc) RTI reply 3120/2026, 17 Aug 2026"
   }
  },
  {
   "type": "Feature",
   "geometry": {
    "type": "Point",
    "coordinates": [
     73.71891,
     20.05241
    ]
   },
   "properties": {
    "Name": "Yashwant Nagar (Mungasara)",
    "depot": "Tapovan Depot",
    "locationConfidence": "verified",
    "locationSource": "NMPML (Citilinc) RTI reply 3120/2026, 17 Aug 2026"
   }
  },
  {
   "type": "Feature",
   "geometry": {
    "type": "Point",
    "coordinates": [
     73.73762,
     20.05387
    ]
   },
   "properties": {
    "Name": "Surya Academy",
    "depot": "Tapovan Depot",
    "locationConfidence": "verified",
    "locationSource": "NMPML (Citilinc) RTI reply 3120/2026, 17 Aug 2026"
   }
  },
  {
   "type": "Feature",
   "geometry": {
    "type": "Point",
    "coordinates": [
     73.7823,
     20.046
    ]
   },
   "properties": {
    "Name": "Eregation Colony Makhmalabad",
    "depot": "Tapovan Depot",
    "locationConfidence": "verified",
    "locationSource": "NMPML (Citilinc) RTI reply 3120/2026, 17 Aug 2026"
   }
  },
  {
   "type": "Feature",
   "geometry": {
    "type": "Point",
    "coordinates": [
     73.78785,
     20.04626
    ]
   },
   "properties": {
    "Name": "Vise Mala (Makhmalabad Link Road)",
    "depot": "Tapovan Depot",
    "locationConfidence": "verified",
    "locationSource": "NMPML (Citilinc) RTI reply 3120/2026, 17 Aug 2026"
   }
  },
  {
   "type": "Feature",
   "geometry": {
    "type": "Point",
    "coordinates": [
     73.79197,
     20.04625
    ]
   },
   "properties": {
    "Name": "Rau Hotel Peth Road (Maruti Mandir) (U)",
    "depot": "Tapovan Depot",
    "side": "up",
    "locationConfidence": "verified",
    "locationSource": "NMPML (Citilinc) RTI reply 3120/2026, 17 Aug 2026"
   }
  },
  {
   "type": "Feature",
   "geometry": {
    "type": "Point",
    "coordinates": [
     73.79302,
     20.01331
    ]
   },
   "properties": {
    "Name": "Bhakti Dham (U)",
    "depot": "Tapovan Depot",
    "side": "up",
    "locationConfidence": "verified",
    "locationSource": "NMPML (Citilinc) RTI reply 3120/2026, 17 Aug 2026"
   }
  },
  {
   "type": "Feature",
   "geometry": {
    "type": "Point",
    "coordinates": [
     73.8396,
     19.96733
    ]
   },
   "properties": {
    "Name": "Bhim Nagar / Central Jail (D)",
    "depot": "Nashik Road Depot",
    "side": "down",
    "locationConfidence": "verified",
    "locationSource": "NMPML (Citilinc) RTI reply 3120/2026, 17 Aug 2026"
   }
  },
  {
   "type": "Feature",
   "geometry": {
    "type": "Point",
    "coordinates": [
     73.83972,
     19.96715
    ]
   },
   "properties": {
    "Name": "Bhim Nagar / Central Jail (U)",
    "depot": "Nashik Road Depot",
    "side": "up",
    "locationConfidence": "verified",
    "locationSource": "NMPML (Citilinc) RTI reply 3120/2026, 17 Aug 2026"
   }
  },
  {
   "type": "Feature",
   "geometry": {
    "type": "Point",
    "coordinates": [
     73.77644,
     19.99506
    ]
   },
   "properties": {
    "Name": "Satpur Pass Center 1",
    "depot": "Tapovan Depot",
    "locationConfidence": "verified",
    "locationSource": "NMPML (Citilinc) RTI reply 3120/2026, 17 Aug 2026"
   }
  },
  {
   "type": "Feature",
   "geometry": {
    "type": "Point",
    "coordinates": [
     73.77678,
     20.00755
    ]
   },
   "properties": {
    "Name": "KTHM Pass Center 2",
    "depot": "Tapovan Depot",
    "locationConfidence": "verified",
    "locationSource": "NMPML (Citilinc) RTI reply 3120/2026, 17 Aug 2026"
   }
  },
  {
   "type": "Feature",
   "geometry": {
    "type": "Point",
    "coordinates": [
     73.77678,
     20.00757
    ]
   },
   "properties": {
    "Name": "KTHM Pass Center 1",
    "depot": "Tapovan Depot",
    "locationConfidence": "verified",
    "locationSource": "NMPML (Citilinc) RTI reply 3120/2026, 17 Aug 2026"
   }
  },
  {
   "type": "Feature",
   "geometry": {
    "type": "Point",
    "coordinates": [
     73.77643,
     19.99507
    ]
   },
   "properties": {
    "Name": "Nimani Pass Center 1",
    "depot": "Tapovan Depot",
    "locationConfidence": "verified",
    "locationSource": "NMPML (Citilinc) RTI reply 3120/2026, 17 Aug 2026"
   }
  },
  {
   "type": "Feature",
   "geometry": {
    "type": "Point",
    "coordinates": [
     73.77643,
     19.99508
    ]
   },
   "properties": {
    "Name": "Nimani Pass Center 2",
    "depot": "Tapovan Depot",
    "locationConfidence": "verified",
    "locationSource": "NMPML (Citilinc) RTI reply 3120/2026, 17 Aug 2026"
   }
  },
  {
   "type": "Feature",
   "geometry": {
    "type": "Point",
    "coordinates": [
     73.98791,
     20.02814
    ]
   },
   "properties": {
    "Name": "Bhairavnath Mandir / ZP School Chandori",
    "depot": "Tapovan Depot",
    "locationConfidence": "verified",
    "locationSource": "NMPML (Citilinc) RTI reply 3120/2026, 17 Aug 2026"
   }
  },
  {
   "type": "Feature",
   "geometry": {
    "type": "Point",
    "coordinates": [
     73.9859,
     20.03201
    ]
   },
   "properties": {
    "Name": "Dudh Dairy / Tarle Vasti Chandori",
    "depot": "Tapovan Depot",
    "locationConfidence": "verified",
    "locationSource": "NMPML (Citilinc) RTI reply 3120/2026, 17 Aug 2026"
   }
  },
  {
   "type": "Feature",
   "geometry": {
    "type": "Point",
    "coordinates": [
     73.98036,
     20.03714
    ]
   },
   "properties": {
    "Name": "Raundal Vasti / Butti Chinch",
    "depot": "Tapovan Depot",
    "locationConfidence": "verified",
    "locationSource": "NMPML (Citilinc) RTI reply 3120/2026, 17 Aug 2026"
   }
  },
  {
   "type": "Feature",
   "geometry": {
    "type": "Point",
    "coordinates": [
     73.97505,
     20.04163
    ]
   },
   "properties": {
    "Name": "Khervadi Datta Mandir",
    "depot": "Tapovan Depot",
    "locationConfidence": "verified",
    "locationSource": "NMPML (Citilinc) RTI reply 3120/2026, 17 Aug 2026"
   }
  },
  {
   "type": "Feature",
   "geometry": {
    "type": "Point",
    "coordinates": [
     73.75263,
     20.00296
    ]
   },
   "properties": {
    "Name": "Vanvihar Colony",
    "depot": "Tapovan Depot",
    "locationConfidence": "verified",
    "locationSource": "NMPML (Citilinc) RTI reply 3120/2026, 17 Aug 2026"
   }
  },
  {
   "type": "Feature",
   "geometry": {
    "type": "Point",
    "coordinates": [
     73.71501,
     20.0025
    ]
   },
   "properties": {
    "Name": "Bhaji Market (D)",
    "depot": "Tapovan Depot",
    "side": "down",
    "locationConfidence": "verified",
    "locationSource": "NMPML (Citilinc) RTI reply 3120/2026, 17 Aug 2026"
   }
  },
  {
   "type": "Feature",
   "geometry": {
    "type": "Point",
    "coordinates": [
     73.71503,
     20.00273
    ]
   },
   "properties": {
    "Name": "Bhaji Market (U)",
    "depot": "Tapovan Depot",
    "side": "up",
    "locationConfidence": "verified",
    "locationSource": "NMPML (Citilinc) RTI reply 3120/2026, 17 Aug 2026"
   }
  },
  {
   "type": "Feature",
   "geometry": {
    "type": "Point",
    "coordinates": [
     73.71531,
     20.00552
    ]
   },
   "properties": {
    "Name": "Dynamic Company (Carbon)",
    "depot": "Tapovan Depot",
    "locationConfidence": "verified",
    "locationSource": "NMPML (Citilinc) RTI reply 3120/2026, 17 Aug 2026"
   }
  },
  {
   "type": "Feature",
   "geometry": {
    "type": "Point",
    "coordinates": [
     73.71748,
     20.00631
    ]
   },
   "properties": {
    "Name": "Dharmaji Colany (Satpur) (D)",
    "depot": "Tapovan Depot",
    "side": "down",
    "locationConfidence": "verified",
    "locationSource": "NMPML (Citilinc) RTI reply 3120/2026, 17 Aug 2026"
   }
  },
  {
   "type": "Feature",
   "geometry": {
    "type": "Point",
    "coordinates": [
     73.7175,
     20.00622
    ]
   },
   "properties": {
    "Name": "Dharmaji Colany (Satpur) (U)",
    "depot": "Tapovan Depot",
    "side": "up",
    "locationConfidence": "verified",
    "locationSource": "NMPML (Citilinc) RTI reply 3120/2026, 17 Aug 2026"
   }
  },
  {
   "type": "Feature",
   "geometry": {
    "type": "Point",
    "coordinates": [
     73.7212,
     20.00741
    ]
   },
   "properties": {
    "Name": "Bhawar Mala (Satpur) (D)",
    "depot": "Tapovan Depot",
    "side": "down",
    "locationConfidence": "verified",
    "locationSource": "NMPML (Citilinc) RTI reply 3120/2026, 17 Aug 2026"
   }
  },
  {
   "type": "Feature",
   "geometry": {
    "type": "Point",
    "coordinates": [
     73.72096,
     20.00725
    ]
   },
   "properties": {
    "Name": "Bhawar Mala (Satpur) (U)",
    "depot": "Tapovan Depot",
    "side": "up",
    "locationConfidence": "verified",
    "locationSource": "NMPML (Citilinc) RTI reply 3120/2026, 17 Aug 2026"
   }
  },
  {
   "type": "Feature",
   "geometry": {
    "type": "Point",
    "coordinates": [
     73.72393,
     20.00872
    ]
   },
   "properties": {
    "Name": "Apna Ghar (D)",
    "depot": "Tapovan Depot",
    "side": "down",
    "locationConfidence": "verified",
    "locationSource": "NMPML (Citilinc) RTI reply 3120/2026, 17 Aug 2026"
   }
  },
  {
   "type": "Feature",
   "geometry": {
    "type": "Point",
    "coordinates": [
     73.72398,
     20.00863
    ]
   },
   "properties": {
    "Name": "Apna Ghar (U)",
    "depot": "Tapovan Depot",
    "side": "up",
    "locationConfidence": "verified",
    "locationSource": "NMPML (Citilinc) RTI reply 3120/2026, 17 Aug 2026"
   }
  },
  {
   "type": "Feature",
   "geometry": {
    "type": "Point",
    "coordinates": [
     73.726,
     20.01083
    ]
   },
   "properties": {
    "Name": "Sai Nakshatra Apparment (D)",
    "depot": "Tapovan Depot",
    "side": "down",
    "locationConfidence": "verified",
    "locationSource": "NMPML (Citilinc) RTI reply 3120/2026, 17 Aug 2026"
   }
  },
  {
   "type": "Feature",
   "geometry": {
    "type": "Point",
    "coordinates": [
     73.72613,
     20.01085
    ]
   },
   "properties": {
    "Name": "Sai Nakshatra Apparment (U)",
    "depot": "Tapovan Depot",
    "side": "up",
    "locationConfidence": "verified",
    "locationSource": "NMPML (Citilinc) RTI reply 3120/2026, 17 Aug 2026"
   }
  },
  {
   "type": "Feature",
   "geometry": {
    "type": "Point",
    "coordinates": [
     73.72619,
     20.01267
    ]
   },
   "properties": {
    "Name": "Balwant Chowk (Canal Road) (D)",
    "depot": "Tapovan Depot",
    "side": "down",
    "locationConfidence": "verified",
    "locationSource": "NMPML (Citilinc) RTI reply 3120/2026, 17 Aug 2026"
   }
  },
  {
   "type": "Feature",
   "geometry": {
    "type": "Point",
    "coordinates": [
     73.72607,
     20.01264
    ]
   },
   "properties": {
    "Name": "Balwant Chowk (Canal Road) (U)",
    "depot": "Tapovan Depot",
    "side": "up",
    "locationConfidence": "verified",
    "locationSource": "NMPML (Citilinc) RTI reply 3120/2026, 17 Aug 2026"
   }
  },
  {
   "type": "Feature",
   "geometry": {
    "type": "Point",
    "coordinates": [
     73.73051,
     20.00928
    ]
   },
   "properties": {
    "Name": "Tirumala Omkar (D)",
    "depot": "Tapovan Depot",
    "side": "down",
    "locationConfidence": "verified",
    "locationSource": "NMPML (Citilinc) RTI reply 3120/2026, 17 Aug 2026"
   }
  },
  {
   "type": "Feature",
   "geometry": {
    "type": "Point",
    "coordinates": [
     73.73017,
     20.00926
    ]
   },
   "properties": {
    "Name": "Tirumala Omkar (U)",
    "depot": "Tapovan Depot",
    "side": "up",
    "locationConfidence": "verified",
    "locationSource": "NMPML (Citilinc) RTI reply 3120/2026, 17 Aug 2026"
   }
  },
  {
   "type": "Feature",
   "geometry": {
    "type": "Point",
    "coordinates": [
     73.73466,
     20.00769
    ]
   },
   "properties": {
    "Name": "Ishwar Prestrige (Tirumala) (D)",
    "depot": "Tapovan Depot",
    "side": "down",
    "locationConfidence": "verified",
    "locationSource": "NMPML (Citilinc) RTI reply 3120/2026, 17 Aug 2026"
   }
  },
  {
   "type": "Feature",
   "geometry": {
    "type": "Point",
    "coordinates": [
     73.73441,
     20.00771
    ]
   },
   "properties": {
    "Name": "Ishwar Prestrige (Tirumala) (U)",
    "depot": "Tapovan Depot",
    "side": "up",
    "locationConfidence": "verified",
    "locationSource": "NMPML (Citilinc) RTI reply 3120/2026, 17 Aug 2026"
   }
  },
  {
   "type": "Feature",
   "geometry": {
    "type": "Point",
    "coordinates": [
     73.73821,
     20.00718
    ]
   },
   "properties": {
    "Name": "Wisdom School / Gangurde Chowk (D)",
    "depot": "Tapovan Depot",
    "side": "down",
    "locationConfidence": "verified",
    "locationSource": "NMPML (Citilinc) RTI reply 3120/2026, 17 Aug 2026"
   }
  },
  {
   "type": "Feature",
   "geometry": {
    "type": "Point",
    "coordinates": [
     73.73862,
     20.00711
    ]
   },
   "properties": {
    "Name": "Wisdom School / Gangurde Chowk (U)",
    "depot": "Tapovan Depot",
    "side": "up",
    "locationConfidence": "verified",
    "locationSource": "NMPML (Citilinc) RTI reply 3120/2026, 17 Aug 2026"
   }
  },
  {
   "type": "Feature",
   "geometry": {
    "type": "Point",
    "coordinates": [
     73.74197,
     20.00678
    ]
   },
   "properties": {
    "Name": "Canal Jogging Track (Pipe Line Road) (D)",
    "depot": "Tapovan Depot",
    "side": "down",
    "locationConfidence": "verified",
    "locationSource": "NMPML (Citilinc) RTI reply 3120/2026, 17 Aug 2026"
   }
  },
  {
   "type": "Feature",
   "geometry": {
    "type": "Point",
    "coordinates": [
     73.74223,
     20.00691
    ]
   },
   "properties": {
    "Name": "Canal Jogging Track (Pipe Line Road) (U)",
    "depot": "Tapovan Depot",
    "side": "up",
    "locationConfidence": "verified",
    "locationSource": "NMPML (Citilinc) RTI reply 3120/2026, 17 Aug 2026"
   }
  },
  {
   "type": "Feature",
   "geometry": {
    "type": "Point",
    "coordinates": [
     73.84042,
     19.97734
    ]
   },
   "properties": {
    "Name": "Durgamata Mandir (D)",
    "depot": "Tapovan Depot",
    "side": "down",
    "locationConfidence": "verified",
    "locationSource": "NMPML (Citilinc) RTI reply 3120/2026, 17 Aug 2026"
   }
  },
  {
   "type": "Feature",
   "geometry": {
    "type": "Point",
    "coordinates": [
     73.8441,
     20.00257
    ]
   },
   "properties": {
    "Name": "Shewanta Lawns (D)",
    "depot": "Nashik Road Depot",
    "side": "down",
    "locationConfidence": "verified",
    "locationSource": "NMPML (Citilinc) RTI reply 3120/2026, 17 Aug 2026"
   }
  },
  {
   "type": "Feature",
   "geometry": {
    "type": "Point",
    "coordinates": [
     73.73593,
     20.0165
    ]
   },
   "properties": {
    "Name": "Bendkule Nagar (U)",
    "depot": "Tapovan Depot",
    "side": "up",
    "locationConfidence": "verified",
    "locationSource": "NMPML (Citilinc) RTI reply 3120/2026, 17 Aug 2026"
   }
  },
  {
   "type": "Feature",
   "geometry": {
    "type": "Point",
    "coordinates": [
     73.74729,
     19.97275
    ]
   },
   "properties": {
    "Name": "Mauli Lawns (U)",
    "depot": "Tapovan Depot",
    "side": "up",
    "locationConfidence": "verified",
    "locationSource": "NMPML (Citilinc) RTI reply 3120/2026, 17 Aug 2026"
   }
  },
  {
   "type": "Feature",
   "geometry": {
    "type": "Point",
    "coordinates": [
     73.74685,
     19.97577
    ]
   },
   "properties": {
    "Name": "Ayodhya Colony (D)",
    "depot": "Tapovan Depot",
    "side": "down",
    "locationConfidence": "verified",
    "locationSource": "NMPML (Citilinc) RTI reply 3120/2026, 17 Aug 2026"
   }
  },
  {
   "type": "Feature",
   "geometry": {
    "type": "Point",
    "coordinates": [
     73.74075,
     20.01378
    ]
   },
   "properties": {
    "Name": "Balwant Nagar / Kadlak Vasti (D)",
    "depot": "Tapovan Depot",
    "side": "down",
    "locationConfidence": "verified",
    "locationSource": "NMPML (Citilinc) RTI reply 3120/2026, 17 Aug 2026"
   }
  },
  {
   "type": "Feature",
   "geometry": {
    "type": "Point",
    "coordinates": [
     73.73992,
     20.01386
    ]
   },
   "properties": {
    "Name": "Balwant Nagar / Kadlak Vasti (U)",
    "depot": "Tapovan Depot",
    "side": "up",
    "locationConfidence": "verified",
    "locationSource": "NMPML (Citilinc) RTI reply 3120/2026, 17 Aug 2026"
   }
  },
  {
   "type": "Feature",
   "geometry": {
    "type": "Point",
    "coordinates": [
     73.74719,
     19.97953
    ]
   },
   "properties": {
    "Name": "Wavare Nagar (D)",
    "depot": "Tapovan Depot",
    "side": "down",
    "locationConfidence": "verified",
    "locationSource": "NMPML (Citilinc) RTI reply 3120/2026, 17 Aug 2026"
   }
  },
  {
   "type": "Feature",
   "geometry": {
    "type": "Point",
    "coordinates": [
     73.74866,
     19.98349
    ]
   },
   "properties": {
    "Name": "Surbhi Colony (U)",
    "depot": "Tapovan Depot",
    "side": "up",
    "locationConfidence": "verified",
    "locationSource": "NMPML (Citilinc) RTI reply 3120/2026, 17 Aug 2026"
   }
  },
  {
   "type": "Feature",
   "geometry": {
    "type": "Point",
    "coordinates": [
     73.74919,
     19.98623
    ]
   },
   "properties": {
    "Name": "Khuntwad Nagar / CITU Bhavan (D)",
    "depot": "Tapovan Depot",
    "side": "down",
    "locationConfidence": "verified",
    "locationSource": "NMPML (Citilinc) RTI reply 3120/2026, 17 Aug 2026"
   }
  },
  {
   "type": "Feature",
   "geometry": {
    "type": "Point",
    "coordinates": [
     73.72834,
     19.96493
    ]
   },
   "properties": {
    "Name": "Dattir Nagar (Chunchale Gaon) (D)",
    "depot": "Tapovan Depot",
    "side": "down",
    "locationConfidence": "verified",
    "locationSource": "NMPML (Citilinc) RTI reply 3120/2026, 17 Aug 2026"
   }
  },
  {
   "type": "Feature",
   "geometry": {
    "type": "Point",
    "coordinates": [
     73.81767,
     19.98413
    ]
   },
   "properties": {
    "Name": "Samata Nagar (D) Takali Rd",
    "depot": "Nashik Road Depot",
    "locationConfidence": "verified",
    "locationSource": "NMPML (Citilinc) RTI reply 3120/2026, 17 Aug 2026"
   }
  },
  {
   "type": "Feature",
   "geometry": {
    "type": "Point",
    "coordinates": [
     73.81777,
     19.97915
    ]
   },
   "properties": {
    "Name": "Indrayani Society (D)",
    "depot": "Nashik Road Depot",
    "side": "down",
    "locationConfidence": "verified",
    "locationSource": "NMPML (Citilinc) RTI reply 3120/2026, 17 Aug 2026"
   }
  },
  {
   "type": "Feature",
   "geometry": {
    "type": "Point",
    "coordinates": [
     73.76251,
     19.94974
    ]
   },
   "properties": {
    "Name": "Pandurang Chowk (D)",
    "depot": "Nashik Road Depot",
    "side": "down",
    "locationConfidence": "verified",
    "locationSource": "NMPML (Citilinc) RTI reply 3120/2026, 17 Aug 2026"
   }
  },
  {
   "type": "Feature",
   "geometry": {
    "type": "Point",
    "coordinates": [
     73.80517,
     20.05219
    ]
   },
   "properties": {
    "Name": "Wadhane Colony (D)",
    "depot": "Nashik Road Depot",
    "side": "down",
    "locationConfidence": "verified",
    "locationSource": "NMPML (Citilinc) RTI reply 3120/2026, 17 Aug 2026"
   }
  },
  {
   "type": "Feature",
   "geometry": {
    "type": "Point",
    "coordinates": [
     73.80052,
     19.96821
    ]
   },
   "properties": {
    "Name": "Prabhu Business Park / Vadala",
    "depot": "Nashik Road Depot",
    "locationConfidence": "verified",
    "locationSource": "NMPML (Citilinc) RTI reply 3120/2026, 17 Aug 2026"
   }
  },
  {
   "type": "Feature",
   "geometry": {
    "type": "Point",
    "coordinates": [
     73.79826,
     19.96932
    ]
   },
   "properties": {
    "Name": "Vidhate Nagar (Wadala)",
    "depot": "Nashik Road Depot",
    "locationConfidence": "verified",
    "locationSource": "NMPML (Citilinc) RTI reply 3120/2026, 17 Aug 2026"
   }
  },
  {
   "type": "Feature",
   "geometry": {
    "type": "Point",
    "coordinates": [
     73.79738,
     19.97196
    ]
   },
   "properties": {
    "Name": "Khode Nagar / Vadala",
    "depot": "Nashik Road Depot",
    "locationConfidence": "verified",
    "locationSource": "NMPML (Citilinc) RTI reply 3120/2026, 17 Aug 2026"
   }
  },
  {
   "type": "Feature",
   "geometry": {
    "type": "Point",
    "coordinates": [
     73.79453,
     19.97266
    ]
   },
   "properties": {
    "Name": "Wadala Gaon Chaufuli",
    "depot": "Nashik Road Depot",
    "locationConfidence": "verified",
    "locationSource": "NMPML (Citilinc) RTI reply 3120/2026, 17 Aug 2026"
   }
  },
  {
   "type": "Feature",
   "geometry": {
    "type": "Point",
    "coordinates": [
     73.79043,
     19.97418
    ]
   },
   "properties": {
    "Name": "WNS (Wadala)",
    "depot": "Nashik Road Depot",
    "locationConfidence": "verified",
    "locationSource": "NMPML (Citilinc) RTI reply 3120/2026, 17 Aug 2026"
   }
  },
  {
   "type": "Feature",
   "geometry": {
    "type": "Point",
    "coordinates": [
     73.85318,
     19.9413
    ]
   },
   "properties": {
    "Name": "Chehedi Shiv Road / Bogda (NRD) (U)",
    "depot": "Tapovan Depot",
    "side": "up",
    "locationConfidence": "verified",
    "locationSource": "NMPML (Citilinc) RTI reply 3120/2026, 17 Aug 2026"
   }
  },
  {
   "type": "Feature",
   "geometry": {
    "type": "Point",
    "coordinates": [
     73.79143,
     19.92724
    ]
   },
   "properties": {
    "Name": "Jadhav Wasti (Pimpalgaon Khamb) (D)",
    "depot": "Nashik Road Depot",
    "side": "down",
    "locationConfidence": "verified",
    "locationSource": "NMPML (Citilinc) RTI reply 3120/2026, 17 Aug 2026"
   }
  },
  {
   "type": "Feature",
   "geometry": {
    "type": "Point",
    "coordinates": [
     73.80692,
     19.92771
    ]
   },
   "properties": {
    "Name": "Mhasoba Mandir 1 (U)",
    "depot": "Nashik Road Depot",
    "side": "up",
    "locationConfidence": "verified",
    "locationSource": "NMPML (Citilinc) RTI reply 3120/2026, 17 Aug 2026"
   }
  },
  {
   "type": "Feature",
   "geometry": {
    "type": "Point",
    "coordinates": [
     73.80065,
     19.92678
    ]
   },
   "properties": {
    "Name": "Bhavani Nagar 1 (D)",
    "depot": "Nashik Road Depot",
    "side": "down",
    "locationConfidence": "verified",
    "locationSource": "NMPML (Citilinc) RTI reply 3120/2026, 17 Aug 2026"
   }
  },
  {
   "type": "Feature",
   "geometry": {
    "type": "Point",
    "coordinates": [
     73.84077,
     19.9487
    ]
   },
   "properties": {
    "Name": "Nashik Road",
    "depot": "Nashik Road Depot",
    "locationConfidence": "verified",
    "locationSource": "NMPML (Citilinc) RTI reply 3120/2026, 17 Aug 2026"
   }
  },
  {
   "type": "Feature",
   "geometry": {
    "type": "Point",
    "coordinates": [
     73.85926,
     19.93613
    ]
   },
   "properties": {
    "Name": "Chehdi Pumping / Navmika School (U) 1",
    "depot": "Nashik Road Depot",
    "side": "up",
    "locationConfidence": "verified",
    "locationSource": "NMPML (Citilinc) RTI reply 3120/2026, 17 Aug 2026"
   }
  },
  {
   "type": "Feature",
   "geometry": {
    "type": "Point",
    "coordinates": [
     73.85853,
     19.93652
    ]
   },
   "properties": {
    "Name": "Chehdi Pumping / Navmika School (D)",
    "depot": "Tapovan Depot",
    "side": "down",
    "locationConfidence": "verified",
    "locationSource": "NMPML (Citilinc) RTI reply 3120/2026, 17 Aug 2026"
   }
  },
  {
   "type": "Feature",
   "geometry": {
    "type": "Point",
    "coordinates": [
     73.84215,
     19.93944
    ]
   },
   "properties": {
    "Name": "Nashik Road Tripuli",
    "depot": "Nashik Road Depot",
    "locationConfidence": "verified",
    "locationSource": "NMPML (Citilinc) RTI reply 3120/2026, 17 Aug 2026"
   }
  },
  {
   "type": "Feature",
   "geometry": {
    "type": "Point",
    "coordinates": [
     73.85597,
     19.93782
    ]
   },
   "properties": {
    "Name": "Chehadi Pumping",
    "depot": "Nashik Road Depot",
    "locationConfidence": "verified",
    "locationSource": "NMPML (Citilinc) RTI reply 3120/2026, 17 Aug 2026"
   }
  },
  {
   "type": "Feature",
   "geometry": {
    "type": "Point",
    "coordinates": [
     73.85649,
     19.93598
    ]
   },
   "properties": {
    "Name": "Bhagava Chowk (D)",
    "depot": "Nashik Road Depot",
    "side": "down",
    "locationConfidence": "verified",
    "locationSource": "NMPML (Citilinc) RTI reply 3120/2026, 17 Aug 2026"
   }
  },
  {
   "type": "Feature",
   "geometry": {
    "type": "Point",
    "coordinates": [
     73.8564,
     19.93598
    ]
   },
   "properties": {
    "Name": "Bhagava Chowk (U)",
    "depot": "Nashik Road Depot",
    "side": "up",
    "locationConfidence": "verified",
    "locationSource": "NMPML (Citilinc) RTI reply 3120/2026, 17 Aug 2026"
   }
  },
  {
   "type": "Feature",
   "geometry": {
    "type": "Point",
    "coordinates": [
     73.85489,
     19.9359
    ]
   },
   "properties": {
    "Name": "Hanuman Chowk",
    "depot": "Nashik Road Depot",
    "locationConfidence": "verified",
    "locationSource": "NMPML (Citilinc) RTI reply 3120/2026, 17 Aug 2026"
   }
  },
  {
   "type": "Feature",
   "geometry": {
    "type": "Point",
    "coordinates": [
     73.85153,
     19.9361
    ]
   },
   "properties": {
    "Name": "Shri Krishna Colony",
    "depot": "Nashik Road Depot",
    "locationConfidence": "verified",
    "locationSource": "NMPML (Citilinc) RTI reply 3120/2026, 17 Aug 2026"
   }
  },
  {
   "type": "Feature",
   "geometry": {
    "type": "Point",
    "coordinates": [
     73.84992,
     19.93616
    ]
   },
   "properties": {
    "Name": "Maratha Colony",
    "depot": "Nashik Road Depot",
    "locationConfidence": "verified",
    "locationSource": "NMPML (Citilinc) RTI reply 3120/2026, 17 Aug 2026"
   }
  },
  {
   "type": "Feature",
   "geometry": {
    "type": "Point",
    "coordinates": [
     73.84819,
     19.93708
    ]
   },
   "properties": {
    "Name": "Kharjul Circle",
    "depot": "Nashik Road Depot",
    "locationConfidence": "verified",
    "locationSource": "NMPML (Citilinc) RTI reply 3120/2026, 17 Aug 2026"
   }
  },
  {
   "type": "Feature",
   "geometry": {
    "type": "Point",
    "coordinates": [
     73.8456,
     19.9378
    ]
   },
   "properties": {
    "Name": "Kharjul Mala",
    "depot": "Nashik Road Depot",
    "locationConfidence": "verified",
    "locationSource": "NMPML (Citilinc) RTI reply 3120/2026, 17 Aug 2026"
   }
  },
  {
   "type": "Feature",
   "geometry": {
    "type": "Point",
    "coordinates": [
     73.72236,
     19.97586
    ]
   },
   "properties": {
    "Name": "Patil Park",
    "depot": "Tapovan Depot",
    "locationConfidence": "verified",
    "locationSource": "NMPML (Citilinc) RTI reply 3120/2026, 17 Aug 2026"
   }
  },
  {
   "type": "Feature",
   "geometry": {
    "type": "Point",
    "coordinates": [
     73.79271,
     19.98122
    ]
   },
   "properties": {
    "Name": "Laxmi Mata Chowk (D)",
    "depot": "Tapovan Depot",
    "side": "down",
    "locationConfidence": "verified",
    "locationSource": "NMPML (Citilinc) RTI reply 3120/2026, 17 Aug 2026"
   }
  },
  {
   "type": "Feature",
   "geometry": {
    "type": "Point",
    "coordinates": [
     73.79233,
     19.98173
    ]
   },
   "properties": {
    "Name": "Laxmi Mata Chowk (U)",
    "depot": "Tapovan Depot",
    "side": "up",
    "locationConfidence": "verified",
    "locationSource": "NMPML (Citilinc) RTI reply 3120/2026, 17 Aug 2026"
   }
  },
  {
   "type": "Feature",
   "geometry": {
    "type": "Point",
    "coordinates": [
     73.79903,
     19.98058
    ]
   },
   "properties": {
    "Name": "Kalptaru Nagar No.2",
    "depot": "Tapovan Depot",
    "locationConfidence": "verified",
    "locationSource": "NMPML (Citilinc) RTI reply 3120/2026, 17 Aug 2026"
   }
  },
  {
   "type": "Feature",
   "geometry": {
    "type": "Point",
    "coordinates": [
     73.80378,
     19.98012
    ]
   },
   "properties": {
    "Name": "Chaitrapalvi Society",
    "depot": "Tapovan Depot",
    "locationConfidence": "verified",
    "locationSource": "NMPML (Citilinc) RTI reply 3120/2026, 17 Aug 2026"
   }
  },
  {
   "type": "Feature",
   "geometry": {
    "type": "Point",
    "coordinates": [
     73.80662,
     19.97943
    ]
   },
   "properties": {
    "Name": "Vijay Mamta (D)",
    "depot": "Tapovan Depot",
    "side": "down",
    "locationConfidence": "verified",
    "locationSource": "NMPML (Citilinc) RTI reply 3120/2026, 17 Aug 2026"
   }
  },
  {
   "type": "Feature",
   "geometry": {
    "type": "Point",
    "coordinates": [
     73.80647,
     19.97941
    ]
   },
   "properties": {
    "Name": "Janta Vidyalay / Vijay Mamata",
    "depot": "Tapovan Depot",
    "locationConfidence": "verified",
    "locationSource": "NMPML (Citilinc) RTI reply 3120/2026, 17 Aug 2026"
   }
  },
  {
   "type": "Feature",
   "geometry": {
    "type": "Point",
    "coordinates": [
     74.0132,
     20.07474
    ]
   },
   "properties": {
    "Name": "Mauje Sukhena",
    "depot": "Tapovan Depot",
    "locationConfidence": "verified",
    "locationSource": "NMPML (Citilinc) RTI reply 3120/2026, 17 Aug 2026"
   }
  },
  {
   "type": "Feature",
   "geometry": {
    "type": "Point",
    "coordinates": [
     73.77878,
     19.95384
    ]
   },
   "properties": {
    "Name": "Chitrkut Chowk (U)",
    "depot": "Tapovan Depot",
    "side": "up",
    "locationConfidence": "verified",
    "locationSource": "NMPML (Citilinc) RTI reply 3120/2026, 17 Aug 2026"
   }
  },
  {
   "type": "Feature",
   "geometry": {
    "type": "Point",
    "coordinates": [
     73.78138,
     19.95383
    ]
   },
   "properties": {
    "Name": "Sharayu Nagar",
    "depot": "Tapovan Depot",
    "locationConfidence": "verified",
    "locationSource": "NMPML (Citilinc) RTI reply 3120/2026, 17 Aug 2026"
   }
  },
  {
   "type": "Feature",
   "geometry": {
    "type": "Point",
    "coordinates": [
     73.80806,
     19.97993
    ]
   },
   "properties": {
    "Name": "Vijay Mamata (D)",
    "depot": "Tapovan Depot",
    "side": "down",
    "locationConfidence": "verified",
    "locationSource": "NMPML (Citilinc) RTI reply 3120/2026, 17 Aug 2026"
   }
  },
  {
   "type": "Feature",
   "geometry": {
    "type": "Point",
    "coordinates": [
     73.80946,
     19.98074
    ]
   },
   "properties": {
    "Name": "Janata Vidyalaya (D)",
    "depot": "Tapovan Depot",
    "side": "down",
    "locationConfidence": "verified",
    "locationSource": "NMPML (Citilinc) RTI reply 3120/2026, 17 Aug 2026"
   }
  },
  {
   "type": "Feature",
   "geometry": {
    "type": "Point",
    "coordinates": [
     73.81011,
     19.98226
    ]
   },
   "properties": {
    "Name": "Metro Mall (D)",
    "depot": "Tapovan Depot",
    "side": "down",
    "locationConfidence": "verified",
    "locationSource": "NMPML (Citilinc) RTI reply 3120/2026, 17 Aug 2026"
   }
  },
  {
   "type": "Feature",
   "geometry": {
    "type": "Point",
    "coordinates": [
     73.80991,
     19.98493
    ]
   },
   "properties": {
    "Name": "Uttara Nagar / Poddar High School (D)",
    "depot": "Tapovan Depot",
    "side": "down",
    "locationConfidence": "verified",
    "locationSource": "NMPML (Citilinc) RTI reply 3120/2026, 17 Aug 2026"
   }
  },
  {
   "type": "Feature",
   "geometry": {
    "type": "Point",
    "coordinates": [
     73.80892,
     19.99005
    ]
   },
   "properties": {
    "Name": "Kathe Galli Corner (D)",
    "depot": "Tapovan Depot",
    "side": "down",
    "locationConfidence": "verified",
    "locationSource": "NMPML (Citilinc) RTI reply 3120/2026, 17 Aug 2026"
   }
  },
  {
   "type": "Feature",
   "geometry": {
    "type": "Point",
    "coordinates": [
     73.80903,
     19.99169
    ]
   },
   "properties": {
    "Name": "Anusaya Nagar / Samarth Nagar (D)",
    "depot": "Tapovan Depot",
    "side": "down",
    "locationConfidence": "verified",
    "locationSource": "NMPML (Citilinc) RTI reply 3120/2026, 17 Aug 2026"
   }
  },
  {
   "type": "Feature",
   "geometry": {
    "type": "Point",
    "coordinates": [
     73.80931,
     19.99447
    ]
   },
   "properties": {
    "Name": "Jay Shankar Garden Chowk (Tapovan) (D)",
    "depot": "Tapovan Depot",
    "side": "down",
    "locationConfidence": "verified",
    "locationSource": "NMPML (Citilinc) RTI reply 3120/2026, 17 Aug 2026"
   }
  },
  {
   "type": "Feature",
   "geometry": {
    "type": "Point",
    "coordinates": [
     73.80969,
     19.9972
    ]
   },
   "properties": {
    "Name": "Tigrania Chowk (D)",
    "depot": "Tapovan Depot",
    "side": "down",
    "locationConfidence": "verified",
    "locationSource": "NMPML (Citilinc) RTI reply 3120/2026, 17 Aug 2026"
   }
  },
  {
   "type": "Feature",
   "geometry": {
    "type": "Point",
    "coordinates": [
     73.81205,
     20.0023
    ]
   },
   "properties": {
    "Name": "Laxmi Narayan Mandir (Tapovan) (D)",
    "depot": "Tapovan Depot",
    "side": "down",
    "locationConfidence": "verified",
    "locationSource": "NMPML (Citilinc) RTI reply 3120/2026, 17 Aug 2026"
   }
  },
  {
   "type": "Feature",
   "geometry": {
    "type": "Point",
    "coordinates": [
     73.80797,
     19.97973
    ]
   },
   "properties": {
    "Name": "Vijay Mamata (U)",
    "depot": "Tapovan Depot",
    "side": "up",
    "locationConfidence": "verified",
    "locationSource": "NMPML (Citilinc) RTI reply 3120/2026, 17 Aug 2026"
   }
  },
  {
   "type": "Feature",
   "geometry": {
    "type": "Point",
    "coordinates": [
     73.80952,
     19.98058
    ]
   },
   "properties": {
    "Name": "Janata Vidyalaya (U)",
    "depot": "Tapovan Depot",
    "side": "up",
    "locationConfidence": "verified",
    "locationSource": "NMPML (Citilinc) RTI reply 3120/2026, 17 Aug 2026"
   }
  },
  {
   "type": "Feature",
   "geometry": {
    "type": "Point",
    "coordinates": [
     73.81032,
     19.98175
    ]
   },
   "properties": {
    "Name": "Metro Mall (U)",
    "depot": "Tapovan Depot",
    "side": "up",
    "locationConfidence": "verified",
    "locationSource": "NMPML (Citilinc) RTI reply 3120/2026, 17 Aug 2026"
   }
  },
  {
   "type": "Feature",
   "geometry": {
    "type": "Point",
    "coordinates": [
     73.81002,
     19.9852
    ]
   },
   "properties": {
    "Name": "Uttara Nagar / Poddar High School (U)",
    "depot": "Tapovan Depot",
    "side": "up",
    "locationConfidence": "verified",
    "locationSource": "NMPML (Citilinc) RTI reply 3120/2026, 17 Aug 2026"
   }
  },
  {
   "type": "Feature",
   "geometry": {
    "type": "Point",
    "coordinates": [
     73.8091,
     19.98957
    ]
   },
   "properties": {
    "Name": "Kathe Galli Corner (U)",
    "depot": "Tapovan Depot",
    "side": "up",
    "locationConfidence": "verified",
    "locationSource": "NMPML (Citilinc) RTI reply 3120/2026, 17 Aug 2026"
   }
  },
  {
   "type": "Feature",
   "geometry": {
    "type": "Point",
    "coordinates": [
     73.80912,
     19.99119
    ]
   },
   "properties": {
    "Name": "Anusaya Nagar / Samarth Nagar (U)",
    "depot": "Tapovan Depot",
    "side": "up",
    "locationConfidence": "verified",
    "locationSource": "NMPML (Citilinc) RTI reply 3120/2026, 17 Aug 2026"
   }
  },
  {
   "type": "Feature",
   "geometry": {
    "type": "Point",
    "coordinates": [
     73.80932,
     19.99361
    ]
   },
   "properties": {
    "Name": "Jay Shankar Garden Chowk (Tapovan) (U)",
    "depot": "Tapovan Depot",
    "side": "up",
    "locationConfidence": "verified",
    "locationSource": "NMPML (Citilinc) RTI reply 3120/2026, 17 Aug 2026"
   }
  },
  {
   "type": "Feature",
   "geometry": {
    "type": "Point",
    "coordinates": [
     73.80984,
     19.99726
    ]
   },
   "properties": {
    "Name": "Tigrania Chowk (U)",
    "depot": "Tapovan Depot",
    "side": "up",
    "locationConfidence": "verified",
    "locationSource": "NMPML (Citilinc) RTI reply 3120/2026, 17 Aug 2026"
   }
  },
  {
   "type": "Feature",
   "geometry": {
    "type": "Point",
    "coordinates": [
     73.81212,
     20.00225
    ]
   },
   "properties": {
    "Name": "Laxmi Narayan Mandir (Tapovan) (U)",
    "depot": "Tapovan Depot",
    "side": "up",
    "locationConfidence": "verified",
    "locationSource": "NMPML (Citilinc) RTI reply 3120/2026, 17 Aug 2026"
   }
  },
  {
   "type": "Feature",
   "geometry": {
    "type": "Point",
    "coordinates": [
     73.79894,
     20.03794
    ]
   },
   "properties": {
    "Name": "P.V.G College / Omkar Bungalow",
    "depot": "Tapovan Depot",
    "locationConfidence": "verified",
    "locationSource": "NMPML (Citilinc) RTI reply 3120/2026, 17 Aug 2026"
   }
  },
  {
   "type": "Feature",
   "geometry": {
    "type": "Point",
    "coordinates": [
     73.72874,
     19.96475
    ]
   },
   "properties": {
    "Name": "Dattir Nagar (Chunchale Gaon) (U)",
    "depot": "Tapovan Depot",
    "side": "up",
    "locationConfidence": "verified",
    "locationSource": "NMPML (Citilinc) RTI reply 3120/2026, 17 Aug 2026"
   }
  },
  {
   "type": "Feature",
   "geometry": {
    "type": "Point",
    "coordinates": [
     73.86434,
     19.95131
    ]
   },
   "properties": {
    "Name": "Late. Dagu Patil Aware Chowk",
    "depot": "Nashik Road Depot",
    "locationConfidence": "verified",
    "locationSource": "NMPML (Citilinc) RTI reply 3120/2026, 17 Aug 2026"
   }
  },
  {
   "type": "Feature",
   "geometry": {
    "type": "Point",
    "coordinates": [
     73.72221,
     20.07059
    ]
   },
   "properties": {
    "Name": "Sarvadnya Mala (Mhaisdhune)",
    "depot": "Nashik Road Depot",
    "locationConfidence": "verified",
    "locationSource": "NMPML (Citilinc) RTI reply 3120/2026, 17 Aug 2026"
   }
  },
  {
   "type": "Feature",
   "geometry": {
    "type": "Point",
    "coordinates": [
     73.7224,
     20.07732
    ]
   },
   "properties": {
    "Name": "Jalsampada Office (Dari)",
    "depot": "Nashik Road Depot",
    "locationConfidence": "verified",
    "locationSource": "NMPML (Citilinc) RTI reply 3120/2026, 17 Aug 2026"
   }
  },
  {
   "type": "Feature",
   "geometry": {
    "type": "Point",
    "coordinates": [
     73.71563,
     20.08951
    ]
   },
   "properties": {
    "Name": "Manoli Phata (Dari Gaon)",
    "depot": "Nashik Road Depot",
    "locationConfidence": "verified",
    "locationSource": "NMPML (Citilinc) RTI reply 3120/2026, 17 Aug 2026"
   }
  },
  {
   "type": "Feature",
   "geometry": {
    "type": "Point",
    "coordinates": [
     73.72161,
     20.07991
    ]
   },
   "properties": {
    "Name": "Dari Gaon",
    "depot": "Nashik Road Depot",
    "locationConfidence": "verified",
    "locationSource": "NMPML (Citilinc) RTI reply 3120/2026, 17 Aug 2026"
   }
  },
  {
   "type": "Feature",
   "geometry": {
    "type": "Point",
    "coordinates": [
     73.71148,
     20.09515
    ]
   },
   "properties": {
    "Name": "New Dhagur",
    "depot": "Nashik Road Depot",
    "locationConfidence": "verified",
    "locationSource": "NMPML (Citilinc) RTI reply 3120/2026, 17 Aug 2026"
   }
  },
  {
   "type": "Feature",
   "geometry": {
    "type": "Point",
    "coordinates": [
     73.70787,
     20.10547
    ]
   },
   "properties": {
    "Name": "Old Dhagur",
    "depot": "Nashik Road Depot",
    "locationConfidence": "verified",
    "locationSource": "NMPML (Citilinc) RTI reply 3120/2026, 17 Aug 2026"
   }
  },
  {
   "type": "Feature",
   "geometry": {
    "type": "Point",
    "coordinates": [
     73.69905,
     20.11827
    ]
   },
   "properties": {
    "Name": "Alandi Dam",
    "depot": "Nashik Road Depot",
    "locationConfidence": "verified",
    "locationSource": "NMPML (Citilinc) RTI reply 3120/2026, 17 Aug 2026"
   }
  },
  {
   "type": "Feature",
   "geometry": {
    "type": "Point",
    "coordinates": [
     73.70445,
     20.1286
    ]
   },
   "properties": {
    "Name": "Gayachi Whadi (Chaufully)",
    "depot": "Nashik Road Depot",
    "locationConfidence": "verified",
    "locationSource": "NMPML (Citilinc) RTI reply 3120/2026, 17 Aug 2026"
   }
  },
  {
   "type": "Feature",
   "geometry": {
    "type": "Point",
    "coordinates": [
     73.70458,
     20.13497
    ]
   },
   "properties": {
    "Name": "Dayachiwadi (Trifuly)",
    "depot": "Nashik Road Depot",
    "locationConfidence": "verified",
    "locationSource": "NMPML (Citilinc) RTI reply 3120/2026, 17 Aug 2026"
   }
  },
  {
   "type": "Feature",
   "geometry": {
    "type": "Point",
    "coordinates": [
     73.69809,
     20.1331
    ]
   },
   "properties": {
    "Name": "Rawal Gaon",
    "depot": "Nashik Road Depot",
    "locationConfidence": "verified",
    "locationSource": "NMPML (Citilinc) RTI reply 3120/2026, 17 Aug 2026"
   }
  },
  {
   "type": "Feature",
   "geometry": {
    "type": "Point",
    "coordinates": [
     73.68466,
     20.13576
    ]
   },
   "properties": {
    "Name": "Tilloli",
    "depot": "Nashik Road Depot",
    "locationConfidence": "verified",
    "locationSource": "NMPML (Citilinc) RTI reply 3120/2026, 17 Aug 2026"
   }
  },
  {
   "type": "Feature",
   "geometry": {
    "type": "Point",
    "coordinates": [
     73.68274,
     20.13785
    ]
   },
   "properties": {
    "Name": "Tilhoali (Small)",
    "depot": "Nashik Road Depot",
    "locationConfidence": "verified",
    "locationSource": "NMPML (Citilinc) RTI reply 3120/2026, 17 Aug 2026"
   }
  },
  {
   "type": "Feature",
   "geometry": {
    "type": "Point",
    "coordinates": [
     73.68052,
     20.13894
    ]
   },
   "properties": {
    "Name": "Tilholi (Big)",
    "depot": "Nashik Road Depot",
    "locationConfidence": "verified",
    "locationSource": "NMPML (Citilinc) RTI reply 3120/2026, 17 Aug 2026"
   }
  },
  {
   "type": "Feature",
   "geometry": {
    "type": "Point",
    "coordinates": [
     73.67529,
     20.141
    ]
   },
   "properties": {
    "Name": "Kanya Aasram School (Tilholi)",
    "depot": "Nashik Road Depot",
    "locationConfidence": "verified",
    "locationSource": "NMPML (Citilinc) RTI reply 3120/2026, 17 Aug 2026"
   }
  },
  {
   "type": "Feature",
   "geometry": {
    "type": "Point",
    "coordinates": [
     73.66699,
     20.14358
    ]
   },
   "properties": {
    "Name": "SoanGaon Fhata (Umarale Fata)",
    "depot": "Nashik Road Depot",
    "locationConfidence": "verified",
    "locationSource": "NMPML (Citilinc) RTI reply 3120/2026, 17 Aug 2026"
   }
  },
  {
   "type": "Feature",
   "geometry": {
    "type": "Point",
    "coordinates": [
     73.65974,
     20.14381
    ]
   },
   "properties": {
    "Name": "Kochar Gaon",
    "depot": "Nashik Road Depot",
    "locationConfidence": "verified",
    "locationSource": "NMPML (Citilinc) RTI reply 3120/2026, 17 Aug 2026"
   }
  },
  {
   "type": "Feature",
   "geometry": {
    "type": "Point",
    "coordinates": [
     73.72146,
     20.06285
    ]
   },
   "properties": {
    "Name": "Pul (OM Dery Pharm)",
    "depot": "Nashik Road Depot",
    "locationConfidence": "verified",
    "locationSource": "NMPML (Citilinc) RTI reply 3120/2026, 17 Aug 2026"
   }
  },
  {
   "type": "Feature",
   "geometry": {
    "type": "Point",
    "coordinates": [
     73.79431,
     20.05568
    ]
   },
   "properties": {
    "Name": "Pragati Nagar (Boargad)",
    "depot": "Nashik Road Depot",
    "locationConfidence": "verified",
    "locationSource": "NMPML (Citilinc) RTI reply 3120/2026, 17 Aug 2026"
   }
  },
  {
   "type": "Feature",
   "geometry": {
    "type": "Point",
    "coordinates": [
     73.79726,
     20.05548
    ]
   },
   "properties": {
    "Name": "Aadarsh Nagar Borgad",
    "depot": "Nashik Road Depot",
    "locationConfidence": "verified",
    "locationSource": "NMPML (Citilinc) RTI reply 3120/2026, 17 Aug 2026"
   }
  },
  {
   "type": "Feature",
   "geometry": {
    "type": "Point",
    "coordinates": [
     73.65516,
     19.80769
    ]
   },
   "properties": {
    "Name": "Khanderao Mandir (Mukne Gaon)",
    "depot": "Tapovan Depot",
    "locationConfidence": "verified",
    "locationSource": "NMPML (Citilinc) RTI reply 3120/2026, 17 Aug 2026"
   }
  },
  {
   "type": "Feature",
   "geometry": {
    "type": "Point",
    "coordinates": [
     73.66974,
     19.81931
    ]
   },
   "properties": {
    "Name": "Raymond Company (Gonde) (D)",
    "depot": "Tapovan Depot",
    "side": "down",
    "locationConfidence": "verified",
    "locationSource": "NMPML (Citilinc) RTI reply 3120/2026, 17 Aug 2026"
   }
  },
  {
   "type": "Feature",
   "geometry": {
    "type": "Point",
    "coordinates": [
     73.67005,
     19.81924
    ]
   },
   "properties": {
    "Name": "Raymond Company (Gonde) (U)",
    "depot": "Tapovan Depot",
    "side": "up",
    "locationConfidence": "verified",
    "locationSource": "NMPML (Citilinc) RTI reply 3120/2026, 17 Aug 2026"
   }
  },
  {
   "type": "Feature",
   "geometry": {
    "type": "Point",
    "coordinates": [
     73.67503,
     19.82979
    ]
   },
   "properties": {
    "Name": "Gonde Fhata (D)",
    "depot": "Tapovan Depot",
    "side": "down",
    "locationConfidence": "verified",
    "locationSource": "NMPML (Citilinc) RTI reply 3120/2026, 17 Aug 2026"
   }
  },
  {
   "type": "Feature",
   "geometry": {
    "type": "Point",
    "coordinates": [
     73.66634,
     19.8032
    ]
   },
   "properties": {
    "Name": "Shiv Mandir (Mukne Gaon)",
    "depot": "Tapovan Depot",
    "locationConfidence": "verified",
    "locationSource": "NMPML (Citilinc) RTI reply 3120/2026, 17 Aug 2026"
   }
  },
  {
   "type": "Feature",
   "geometry": {
    "type": "Point",
    "coordinates": [
     73.83808,
     19.87381
    ]
   },
   "properties": {
    "Name": "Trimurti Nagar Bhagur",
    "depot": "Tapovan Depot",
    "locationConfidence": "verified",
    "locationSource": "NMPML (Citilinc) RTI reply 3120/2026, 17 Aug 2026"
   }
  },
  {
   "type": "Feature",
   "geometry": {
    "type": "Point",
    "coordinates": [
     73.85526,
     19.8293
    ]
   },
   "properties": {
    "Name": "Pandhurli Gaon",
    "depot": "Tapovan Depot",
    "locationConfidence": "verified",
    "locationSource": "NMPML (Citilinc) RTI reply 3120/2026, 17 Aug 2026"
   }
  },
  {
   "type": "Feature",
   "geometry": {
    "type": "Point",
    "coordinates": [
     73.85541,
     19.83209
    ]
   },
   "properties": {
    "Name": "Pandhurli Highway Chowfully",
    "depot": "Tapovan Depot",
    "locationConfidence": "verified",
    "locationSource": "NMPML (Citilinc) RTI reply 3120/2026, 17 Aug 2026"
   }
  },
  {
   "type": "Feature",
   "geometry": {
    "type": "Point",
    "coordinates": [
     73.85514,
     19.83913
    ]
   },
   "properties": {
    "Name": "Bhor Mala (Vinchur Dalvi)",
    "depot": "Tapovan Depot",
    "locationConfidence": "verified",
    "locationSource": "NMPML (Citilinc) RTI reply 3120/2026, 17 Aug 2026"
   }
  },
  {
   "type": "Feature",
   "geometry": {
    "type": "Point",
    "coordinates": [
     73.85465,
     19.84406
    ]
   },
   "properties": {
    "Name": "Canal Road Bhor Mala",
    "depot": "Tapovan Depot",
    "locationConfidence": "verified",
    "locationSource": "NMPML (Citilinc) RTI reply 3120/2026, 17 Aug 2026"
   }
  },
  {
   "type": "Feature",
   "geometry": {
    "type": "Point",
    "coordinates": [
     73.85317,
     19.85299
    ]
   },
   "properties": {
    "Name": "Vinchur Dalvi",
    "depot": "Tapovan Depot",
    "locationConfidence": "verified",
    "locationSource": "NMPML (Citilinc) RTI reply 3120/2026, 17 Aug 2026"
   }
  },
  {
   "type": "Feature",
   "geometry": {
    "type": "Point",
    "coordinates": [
     73.84899,
     19.8536
    ]
   },
   "properties": {
    "Name": "Rice Mill Vinchur Dalvi",
    "depot": "Tapovan Depot",
    "locationConfidence": "verified",
    "locationSource": "NMPML (Citilinc) RTI reply 3120/2026, 17 Aug 2026"
   }
  },
  {
   "type": "Feature",
   "geometry": {
    "type": "Point",
    "coordinates": [
     73.83707,
     19.86491
    ]
   },
   "properties": {
    "Name": "Rahuri Phata",
    "depot": "Tapovan Depot",
    "locationConfidence": "verified",
    "locationSource": "NMPML (Citilinc) RTI reply 3120/2026, 17 Aug 2026"
   }
  },
  {
   "type": "Feature",
   "geometry": {
    "type": "Point",
    "coordinates": [
     73.84274,
     19.8593
    ]
   },
   "properties": {
    "Name": "Matushri Nursery Rahuri",
    "depot": "Tapovan Depot",
    "locationConfidence": "verified",
    "locationSource": "NMPML (Citilinc) RTI reply 3120/2026, 17 Aug 2026"
   }
  },
  {
   "type": "Feature",
   "geometry": {
    "type": "Point",
    "coordinates": [
     73.83775,
     19.87878
    ]
   },
   "properties": {
    "Name": "Vijay Nagar / Petrol Pump (Bhagur)",
    "depot": "Tapovan Depot",
    "locationConfidence": "verified",
    "locationSource": "NMPML (Citilinc) RTI reply 3120/2026, 17 Aug 2026"
   }
  },
  {
   "type": "Feature",
   "geometry": {
    "type": "Point",
    "coordinates": [
     73.65344,
     19.81091
    ]
   },
   "properties": {
    "Name": "Mukne Gaon",
    "depot": "Tapovan Depot",
    "locationConfidence": "verified",
    "locationSource": "NMPML (Citilinc) RTI reply 3120/2026, 17 Aug 2026"
   }
  },
  {
   "type": "Feature",
   "geometry": {
    "type": "Point",
    "coordinates": [
     73.67087,
     19.80265
    ]
   },
   "properties": {
    "Name": "Padli Phata / Mukane Fata",
    "depot": "Tapovan Depot",
    "locationConfidence": "verified",
    "locationSource": "NMPML (Citilinc) RTI reply 3120/2026, 17 Aug 2026"
   }
  },
  {
   "type": "Feature",
   "geometry": {
    "type": "Point",
    "coordinates": [
     73.96471,
     20.00656
    ]
   },
   "properties": {
    "Name": "Takali Gaonthan (D)",
    "depot": "Tapovan Depot",
    "side": "down",
    "locationConfidence": "verified",
    "locationSource": "NMPML (Citilinc) RTI reply 3120/2026, 17 Aug 2026"
   }
  },
  {
   "type": "Feature",
   "geometry": {
    "type": "Point",
    "coordinates": [
     73.96419,
     20.00665
    ]
   },
   "properties": {
    "Name": "Takali Gaonthan (U)",
    "depot": "Tapovan Depot",
    "side": "up",
    "locationConfidence": "verified",
    "locationSource": "NMPML (Citilinc) RTI reply 3120/2026, 17 Aug 2026"
   }
  },
  {
   "type": "Feature",
   "geometry": {
    "type": "Point",
    "coordinates": [
     73.95861,
     19.86806
    ]
   },
   "properties": {
    "Name": "TS Digole Petrol Pump (Sinnar) (U)",
    "depot": "Tapovan Depot",
    "side": "up",
    "locationConfidence": "verified",
    "locationSource": "NMPML (Citilinc) RTI reply 3120/2026, 17 Aug 2026"
   }
  },
  {
   "type": "Feature",
   "geometry": {
    "type": "Point",
    "coordinates": [
     73.77811,
     19.99613
    ]
   },
   "properties": {
    "Name": "New CBS / Civil Hospital (U)",
    "depot": "Tapovan Depot",
    "side": "up",
    "locationConfidence": "verified",
    "locationSource": "NMPML (Citilinc) RTI reply 3120/2026, 17 Aug 2026"
   }
  },
  {
   "type": "Feature",
   "geometry": {
    "type": "Point",
    "coordinates": [
     73.53294,
     19.93953
    ]
   },
   "properties": {
    "Name": "M.V.P College (Trimbakeshwar) (D)",
    "depot": "Tapovan Depot",
    "side": "down",
    "locationConfidence": "verified",
    "locationSource": "NMPML (Citilinc) RTI reply 3120/2026, 17 Aug 2026"
   }
  },
  {
   "type": "Feature",
   "geometry": {
    "type": "Point",
    "coordinates": [
     73.533,
     19.93929
    ]
   },
   "properties": {
    "Name": "M.V.P College (Trimbakeshwar) (U)",
    "depot": "Tapovan Depot",
    "side": "up",
    "locationConfidence": "verified",
    "locationSource": "NMPML (Citilinc) RTI reply 3120/2026, 17 Aug 2026"
   }
  },
  {
   "type": "Feature",
   "geometry": {
    "type": "Point",
    "coordinates": [
     73.54369,
     19.94208
    ]
   },
   "properties": {
    "Name": "Shree Swami Samarth Gurupeeth (D)",
    "depot": "Tapovan Depot",
    "side": "down",
    "locationConfidence": "verified",
    "locationSource": "NMPML (Citilinc) RTI reply 3120/2026, 17 Aug 2026"
   }
  },
  {
   "type": "Feature",
   "geometry": {
    "type": "Point",
    "coordinates": [
     73.54363,
     19.9419
    ]
   },
   "properties": {
    "Name": "Shree Swami Samarth Gurupeeth (U)",
    "depot": "Tapovan Depot",
    "side": "up",
    "locationConfidence": "verified",
    "locationSource": "NMPML (Citilinc) RTI reply 3120/2026, 17 Aug 2026"
   }
  },
  {
   "type": "Feature",
   "geometry": {
    "type": "Point",
    "coordinates": [
     73.86528,
     19.93106
    ]
   },
   "properties": {
    "Name": "Fule Nagar (Palse) (D)",
    "depot": "Tapovan Depot",
    "side": "down",
    "locationConfidence": "verified",
    "locationSource": "NMPML (Citilinc) RTI reply 3120/2026, 17 Aug 2026"
   }
  },
  {
   "type": "Feature",
   "geometry": {
    "type": "Point",
    "coordinates": [
     73.86595,
     19.93098
    ]
   },
   "properties": {
    "Name": "Fule Nagar (Palse) (U)",
    "depot": "Tapovan Depot",
    "side": "up",
    "locationConfidence": "verified",
    "locationSource": "NMPML (Citilinc) RTI reply 3120/2026, 17 Aug 2026"
   }
  },
  {
   "type": "Feature",
   "geometry": {
    "type": "Point",
    "coordinates": [
     73.97887,
     19.85692
    ]
   },
   "properties": {
    "Name": "Udyog Bhavan (Sinnar) (D)",
    "depot": "Tapovan Depot",
    "side": "down",
    "locationConfidence": "verified",
    "locationSource": "NMPML (Citilinc) RTI reply 3120/2026, 17 Aug 2026"
   }
  },
  {
   "type": "Feature",
   "geometry": {
    "type": "Point",
    "coordinates": [
     73.97903,
     19.85694
    ]
   },
   "properties": {
    "Name": "Udyog Bhavan (Sinnar) (U)",
    "depot": "Tapovan Depot",
    "side": "up",
    "locationConfidence": "verified",
    "locationSource": "NMPML (Citilinc) RTI reply 3120/2026, 17 Aug 2026"
   }
  },
  {
   "type": "Feature",
   "geometry": {
    "type": "Point",
    "coordinates": [
     73.98118,
     19.85484
    ]
   },
   "properties": {
    "Name": "ST Colony (Sinnar) (D)",
    "depot": "Tapovan Depot",
    "side": "down",
    "locationConfidence": "verified",
    "locationSource": "NMPML (Citilinc) RTI reply 3120/2026, 17 Aug 2026"
   }
  },
  {
   "type": "Feature",
   "geometry": {
    "type": "Point",
    "coordinates": [
     73.98141,
     19.85481
    ]
   },
   "properties": {
    "Name": "ST Colony (Sinnar) (U)",
    "depot": "Tapovan Depot",
    "side": "up",
    "locationConfidence": "verified",
    "locationSource": "NMPML (Citilinc) RTI reply 3120/2026, 17 Aug 2026"
   }
  },
  {
   "type": "Feature",
   "geometry": {
    "type": "Point",
    "coordinates": [
     73.77654,
     20.00614
    ]
   },
   "properties": {
    "Name": "K T H M College (D)",
    "depot": "Tapovan Depot",
    "side": "down",
    "locationConfidence": "verified",
    "locationSource": "NMPML (Citilinc) RTI reply 3120/2026, 17 Aug 2026"
   }
  },
  {
   "type": "Feature",
   "geometry": {
    "type": "Point",
    "coordinates": [
     73.67581,
     19.83384
    ]
   },
   "properties": {
    "Name": "SamSonight (D)",
    "depot": "Tapovan Depot",
    "side": "down",
    "locationConfidence": "verified",
    "locationSource": "NMPML (Citilinc) RTI reply 3120/2026, 17 Aug 2026"
   }
  },
  {
   "type": "Feature",
   "geometry": {
    "type": "Point",
    "coordinates": [
     73.67616,
     19.83352
    ]
   },
   "properties": {
    "Name": "SamSonight (U)",
    "depot": "Tapovan Depot",
    "side": "up",
    "locationConfidence": "verified",
    "locationSource": "NMPML (Citilinc) RTI reply 3120/2026, 17 Aug 2026"
   }
  },
  {
   "type": "Feature",
   "geometry": {
    "type": "Point",
    "coordinates": [
     73.68658,
     19.82825
    ]
   },
   "properties": {
    "Name": "VIR Company",
    "depot": "Tapovan Depot",
    "locationConfidence": "verified",
    "locationSource": "NMPML (Citilinc) RTI reply 3120/2026, 17 Aug 2026"
   }
  },
  {
   "type": "Feature",
   "geometry": {
    "type": "Point",
    "coordinates": [
     73.68813,
     19.82855
    ]
   },
   "properties": {
    "Name": "Bhavani Mata Mandir",
    "depot": "Tapovan Depot",
    "locationConfidence": "verified",
    "locationSource": "NMPML (Citilinc) RTI reply 3120/2026, 17 Aug 2026"
   }
  },
  {
   "type": "Feature",
   "geometry": {
    "type": "Point",
    "coordinates": [
     73.68584,
     19.82815
    ]
   },
   "properties": {
    "Name": "Siddhivinayak Jr College",
    "depot": "Tapovan Depot",
    "locationConfidence": "verified",
    "locationSource": "NMPML (Citilinc) RTI reply 3120/2026, 17 Aug 2026"
   }
  },
  {
   "type": "Feature",
   "geometry": {
    "type": "Point",
    "coordinates": [
     73.68265,
     19.82799
    ]
   },
   "properties": {
    "Name": "Maruti Mandir (Gonde)",
    "depot": "Tapovan Depot",
    "locationConfidence": "verified",
    "locationSource": "NMPML (Citilinc) RTI reply 3120/2026, 17 Aug 2026"
   }
  },
  {
   "type": "Feature",
   "geometry": {
    "type": "Point",
    "coordinates": [
     73.67926,
     19.82811
    ]
   },
   "properties": {
    "Name": "Gas Agency",
    "depot": "Tapovan Depot",
    "locationConfidence": "verified",
    "locationSource": "NMPML (Citilinc) RTI reply 3120/2026, 17 Aug 2026"
   }
  },
  {
   "type": "Feature",
   "geometry": {
    "type": "Point",
    "coordinates": [
     73.67554,
     19.82951
    ]
   },
   "properties": {
    "Name": "Gonde Fhata (U)",
    "depot": "Tapovan Depot",
    "side": "up",
    "locationConfidence": "verified",
    "locationSource": "NMPML (Citilinc) RTI reply 3120/2026, 17 Aug 2026"
   }
  },
  {
   "type": "Feature",
   "geometry": {
    "type": "Point",
    "coordinates": [
     73.67809,
     19.84072
    ]
   },
   "properties": {
    "Name": "Lear Company (D)",
    "depot": "Tapovan Depot",
    "side": "down",
    "locationConfidence": "verified",
    "locationSource": "NMPML (Citilinc) RTI reply 3120/2026, 17 Aug 2026"
   }
  },
  {
   "type": "Feature",
   "geometry": {
    "type": "Point",
    "coordinates": [
     73.67801,
     19.84035
    ]
   },
   "properties": {
    "Name": "Lear Company (U)",
    "depot": "Tapovan Depot",
    "side": "up",
    "locationConfidence": "verified",
    "locationSource": "NMPML (Citilinc) RTI reply 3120/2026, 17 Aug 2026"
   }
  },
  {
   "type": "Feature",
   "geometry": {
    "type": "Point",
    "coordinates": [
     73.68051,
     19.84324
    ]
   },
   "properties": {
    "Name": "VTC Company (D)",
    "depot": "Tapovan Depot",
    "side": "down",
    "locationConfidence": "verified",
    "locationSource": "NMPML (Citilinc) RTI reply 3120/2026, 17 Aug 2026"
   }
  },
  {
   "type": "Feature",
   "geometry": {
    "type": "Point",
    "coordinates": [
     73.68052,
     19.8429
    ]
   },
   "properties": {
    "Name": "VTC Company (U)",
    "depot": "Tapovan Depot",
    "side": "up",
    "locationConfidence": "verified",
    "locationSource": "NMPML (Citilinc) RTI reply 3120/2026, 17 Aug 2026"
   }
  },
  {
   "type": "Feature",
   "geometry": {
    "type": "Point",
    "coordinates": [
     73.68156,
     19.84756
    ]
   },
   "properties": {
    "Name": "Darana Fata (D)",
    "depot": "Tapovan Depot",
    "side": "down",
    "locationConfidence": "verified",
    "locationSource": "NMPML (Citilinc) RTI reply 3120/2026, 17 Aug 2026"
   }
  },
  {
   "type": "Feature",
   "geometry": {
    "type": "Point",
    "coordinates": [
     73.68184,
     19.8473
    ]
   },
   "properties": {
    "Name": "Darana Fata (U)",
    "depot": "Tapovan Depot",
    "side": "up",
    "locationConfidence": "verified",
    "locationSource": "NMPML (Citilinc) RTI reply 3120/2026, 17 Aug 2026"
   }
  },
  {
   "type": "Feature",
   "geometry": {
    "type": "Point",
    "coordinates": [
     73.68435,
     19.86177
    ]
   },
   "properties": {
    "Name": "Wadhivare Fata (U)",
    "depot": "Tapovan Depot",
    "side": "up",
    "locationConfidence": "verified",
    "locationSource": "NMPML (Citilinc) RTI reply 3120/2026, 17 Aug 2026"
   }
  },
  {
   "type": "Feature",
   "geometry": {
    "type": "Point",
    "coordinates": [
     73.82988,
     19.94712
    ]
   },
   "properties": {
    "Name": "Maheshwari Bhavan (Jay Bhavani Road) (U)",
    "depot": "Tapovan Depot",
    "side": "up",
    "locationConfidence": "verified",
    "locationSource": "NMPML (Citilinc) RTI reply 3120/2026, 17 Aug 2026"
   }
  },
  {
   "type": "Feature",
   "geometry": {
    "type": "Point",
    "coordinates": [
     73.82988,
     19.94702
    ]
   },
   "properties": {
    "Name": "Maheshwari Bhavan (Jay Bhavani Road) (D)",
    "depot": "Tapovan Depot",
    "side": "down",
    "locationConfidence": "verified",
    "locationSource": "NMPML (Citilinc) RTI reply 3120/2026, 17 Aug 2026"
   }
  },
  {
   "type": "Feature",
   "geometry": {
    "type": "Point",
    "coordinates": [
     73.7171,
     20.03154
    ]
   },
   "properties": {
    "Name": "Gangapur Gaon",
    "depot": "Tapovan Depot",
    "locationConfidence": "verified",
    "locationSource": "NMPML (Citilinc) RTI reply 3120/2026, 17 Aug 2026"
   }
  },
  {
   "type": "Feature",
   "geometry": {
    "type": "Point",
    "coordinates": [
     73.7847,
     20.00644
    ]
   },
   "properties": {
    "Name": "Ashok Sthambh",
    "depot": "Tapovan Depot",
    "locationConfidence": "verified",
    "locationSource": "NMPML (Citilinc) RTI reply 3120/2026, 17 Aug 2026"
   }
  },
  {
   "type": "Feature",
   "geometry": {
    "type": "Point",
    "coordinates": [
     73.79355,
     20.01236
    ]
   },
   "properties": {
    "Name": "Peth Phata (D)",
    "depot": "Tapovan Depot",
    "side": "down",
    "locationConfidence": "verified",
    "locationSource": "NMPML (Citilinc) RTI reply 3120/2026, 17 Aug 2026"
   }
  },
  {
   "type": "Feature",
   "geometry": {
    "type": "Point",
    "coordinates": [
     73.79388,
     20.01236
    ]
   },
   "properties": {
    "Name": "Peth Phata (U)",
    "depot": "Tapovan Depot",
    "side": "up",
    "locationConfidence": "verified",
    "locationSource": "NMPML (Citilinc) RTI reply 3120/2026, 17 Aug 2026"
   }
  },
  {
   "type": "Feature",
   "geometry": {
    "type": "Point",
    "coordinates": [
     73.78925,
     20.01149
    ]
   },
   "properties": {
    "Name": "Nashik N.M.C Panchwati Office (D)",
    "depot": "Tapovan Depot",
    "side": "down",
    "locationConfidence": "verified",
    "locationSource": "NMPML (Citilinc) RTI reply 3120/2026, 17 Aug 2026"
   }
  },
  {
   "type": "Feature",
   "geometry": {
    "type": "Point",
    "coordinates": [
     73.78913,
     20.01154
    ]
   },
   "properties": {
    "Name": "Nashik N.M.C Panchvati Office (U)",
    "depot": "Tapovan Depot",
    "side": "up",
    "locationConfidence": "verified",
    "locationSource": "NMPML (Citilinc) RTI reply 3120/2026, 17 Aug 2026"
   }
  },
  {
   "type": "Feature",
   "geometry": {
    "type": "Point",
    "coordinates": [
     73.78626,
     20.011
    ]
   },
   "properties": {
    "Name": "Ramwadi",
    "depot": "Tapovan Depot",
    "locationConfidence": "verified",
    "locationSource": "NMPML (Citilinc) RTI reply 3120/2026, 17 Aug 2026"
   }
  },
  {
   "type": "Feature",
   "geometry": {
    "type": "Point",
    "coordinates": [
     73.86694,
     20.03793
    ]
   },
   "properties": {
    "Name": "Samaj Kalyan Vastigruh (D)",
    "depot": "Nashik Road Depot",
    "side": "down",
    "locationConfidence": "verified",
    "locationSource": "NMPML (Citilinc) RTI reply 3120/2026, 17 Aug 2026"
   }
  },
  {
   "type": "Feature",
   "geometry": {
    "type": "Point",
    "coordinates": [
     73.86683,
     20.03809
    ]
   },
   "properties": {
    "Name": "Samaj Kalyan Vastigruh (U)",
    "depot": "Nashik Road Depot",
    "side": "up",
    "locationConfidence": "verified",
    "locationSource": "NMPML (Citilinc) RTI reply 3120/2026, 17 Aug 2026"
   }
  },
  {
   "type": "Feature",
   "geometry": {
    "type": "Point",
    "coordinates": [
     73.85958,
     20.03322
    ]
   },
   "properties": {
    "Name": "Bhujbal Knowledge City Corner",
    "depot": "Nashik Road Depot",
    "locationConfidence": "verified",
    "locationSource": "NMPML (Citilinc) RTI reply 3120/2026, 17 Aug 2026"
   }
  },
  {
   "type": "Feature",
   "geometry": {
    "type": "Point",
    "coordinates": [
     73.8135,
     19.8319
    ]
   },
   "properties": {
    "Name": "South Gate Lahvit",
    "depot": "Tapovan Depot",
    "locationConfidence": "verified",
    "locationSource": "NMPML (Citilinc) RTI reply 3120/2026, 17 Aug 2026"
   }
  },
  {
   "type": "Feature",
   "geometry": {
    "type": "Point",
    "coordinates": [
     73.79343,
     19.82812
    ]
   },
   "properties": {
    "Name": "Jain Railway Gate",
    "depot": "Tapovan Depot",
    "locationConfidence": "verified",
    "locationSource": "NMPML (Citilinc) RTI reply 3120/2026, 17 Aug 2026"
   }
  },
  {
   "type": "Feature",
   "geometry": {
    "type": "Point",
    "coordinates": [
     73.79029,
     19.82557
    ]
   },
   "properties": {
    "Name": "Lohshingave Phata",
    "depot": "Tapovan Depot",
    "locationConfidence": "verified",
    "locationSource": "NMPML (Citilinc) RTI reply 3120/2026, 17 Aug 2026"
   }
  },
  {
   "type": "Feature",
   "geometry": {
    "type": "Point",
    "coordinates": [
     73.80838,
     19.82745
    ]
   },
   "properties": {
    "Name": "Vanjarwadi Phata",
    "depot": "Tapovan Depot",
    "locationConfidence": "verified",
    "locationSource": "NMPML (Citilinc) RTI reply 3120/2026, 17 Aug 2026"
   }
  },
  {
   "type": "Feature",
   "geometry": {
    "type": "Point",
    "coordinates": [
     73.81805,
     19.85287
    ]
   },
   "properties": {
    "Name": "Lahvit Gaon",
    "depot": "Tapovan Depot",
    "locationConfidence": "verified",
    "locationSource": "NMPML (Citilinc) RTI reply 3120/2026, 17 Aug 2026"
   }
  },
  {
   "type": "Feature",
   "geometry": {
    "type": "Point",
    "coordinates": [
     73.81614,
     19.85248
    ]
   },
   "properties": {
    "Name": "Lahavit Gaon",
    "depot": "Tapovan Depot",
    "locationConfidence": "verified",
    "locationSource": "NMPML (Citilinc) RTI reply 3120/2026, 17 Aug 2026"
   }
  },
  {
   "type": "Feature",
   "geometry": {
    "type": "Point",
    "coordinates": [
     73.82024,
     19.87143
    ]
   },
   "properties": {
    "Name": "Ashtavinayak Lawns",
    "depot": "Tapovan Depot",
    "locationConfidence": "verified",
    "locationSource": "NMPML (Citilinc) RTI reply 3120/2026, 17 Aug 2026"
   }
  },
  {
   "type": "Feature",
   "geometry": {
    "type": "Point",
    "coordinates": [
     73.82642,
     19.87424
    ]
   },
   "properties": {
    "Name": "Railway Gate (Lahvit)",
    "depot": "Tapovan Depot",
    "locationConfidence": "verified",
    "locationSource": "NMPML (Citilinc) RTI reply 3120/2026, 17 Aug 2026"
   }
  },
  {
   "type": "Feature",
   "geometry": {
    "type": "Point",
    "coordinates": [
     73.82382,
     19.87779
    ]
   },
   "properties": {
    "Name": "Nutan High School",
    "depot": "Tapovan Depot",
    "locationConfidence": "verified",
    "locationSource": "NMPML (Citilinc) RTI reply 3120/2026, 17 Aug 2026"
   }
  },
  {
   "type": "Feature",
   "geometry": {
    "type": "Point",
    "coordinates": [
     73.80662,
     19.87722
    ]
   },
   "properties": {
    "Name": "South Main Gate No.1",
    "depot": "Tapovan Depot",
    "locationConfidence": "verified",
    "locationSource": "NMPML (Citilinc) RTI reply 3120/2026, 17 Aug 2026"
   }
  },
  {
   "type": "Feature",
   "geometry": {
    "type": "Point",
    "coordinates": [
     73.80792,
     19.87692
    ]
   },
   "properties": {
    "Name": "Barnes School and Junior College",
    "depot": "Tapovan Depot",
    "locationConfidence": "verified",
    "locationSource": "NMPML (Citilinc) RTI reply 3120/2026, 17 Aug 2026"
   }
  },
  {
   "type": "Feature",
   "geometry": {
    "type": "Point",
    "coordinates": [
     73.82855,
     19.87792
    ]
   },
   "properties": {
    "Name": "Barnes School Road",
    "depot": "Tapovan Depot",
    "locationConfidence": "verified",
    "locationSource": "NMPML (Citilinc) RTI reply 3120/2026, 17 Aug 2026"
   }
  },
  {
   "type": "Feature",
   "geometry": {
    "type": "Point",
    "coordinates": [
     73.76762,
     19.97218
    ]
   },
   "properties": {
    "Name": "Audubar Nagar (Lekha Nagar)",
    "depot": "Nashik Road Depot",
    "locationConfidence": "verified",
    "locationSource": "NMPML (Citilinc) RTI reply 3120/2026, 17 Aug 2026"
   }
  },
  {
   "type": "Feature",
   "geometry": {
    "type": "Point",
    "coordinates": [
     73.9206,
     20.08631
    ]
   },
   "properties": {
    "Name": "Sanjeevani Nagar (Ozar)",
    "depot": "Nashik Road Depot",
    "locationConfidence": "verified",
    "locationSource": "NMPML (Citilinc) RTI reply 3120/2026, 17 Aug 2026"
   }
  },
  {
   "type": "Feature",
   "geometry": {
    "type": "Point",
    "coordinates": [
     73.6348,
     20.06066
    ]
   },
   "properties": {
    "Name": "Poltry Farm (Nagal Wadi)",
    "depot": "Nashik Road Depot",
    "locationConfidence": "verified",
    "locationSource": "NMPML (Citilinc) RTI reply 3120/2026, 17 Aug 2026"
   }
  },
  {
   "type": "Feature",
   "geometry": {
    "type": "Point",
    "coordinates": [
     73.62526,
     20.05906
    ]
   },
   "properties": {
    "Name": "Dive Vasti",
    "depot": "Nashik Road Depot",
    "locationConfidence": "verified",
    "locationSource": "NMPML (Citilinc) RTI reply 3120/2026, 17 Aug 2026"
   }
  },
  {
   "type": "Feature",
   "geometry": {
    "type": "Point",
    "coordinates": [
     73.62277,
     20.05757
    ]
   },
   "properties": {
    "Name": "Dhondegaon Chowfuli",
    "depot": "Nashik Road Depot",
    "locationConfidence": "verified",
    "locationSource": "NMPML (Citilinc) RTI reply 3120/2026, 17 Aug 2026"
   }
  },
  {
   "type": "Feature",
   "geometry": {
    "type": "Point",
    "coordinates": [
     73.61176,
     20.04795
    ]
   },
   "properties": {
    "Name": "Jadhav Wadi",
    "depot": "Nashik Road Depot",
    "locationConfidence": "verified",
    "locationSource": "NMPML (Citilinc) RTI reply 3120/2026, 17 Aug 2026"
   }
  },
  {
   "type": "Feature",
   "geometry": {
    "type": "Point",
    "coordinates": [
     73.59851,
     20.04409
    ]
   },
   "properties": {
    "Name": "Gangamhalungi",
    "depot": "Tapovan Depot",
    "locationConfidence": "verified",
    "locationSource": "NMPML (Citilinc) RTI reply 3120/2026, 17 Aug 2026"
   }
  },
  {
   "type": "Feature",
   "geometry": {
    "type": "Point",
    "coordinates": [
     73.62295,
     20.04797
    ]
   },
   "properties": {
    "Name": "Ozar Khed Gaon",
    "depot": "Tapovan Depot",
    "locationConfidence": "verified",
    "locationSource": "NMPML (Citilinc) RTI reply 3120/2026, 17 Aug 2026"
   }
  },
  {
   "type": "Feature",
   "geometry": {
    "type": "Point",
    "coordinates": [
     73.65007,
     20.06542
    ]
   },
   "properties": {
    "Name": "Nagal Vadi Phata",
    "depot": "Tapovan Depot",
    "locationConfidence": "verified",
    "locationSource": "NMPML (Citilinc) RTI reply 3120/2026, 17 Aug 2026"
   }
  },
  {
   "type": "Feature",
   "geometry": {
    "type": "Point",
    "coordinates": [
     73.65428,
     20.06878
    ]
   },
   "properties": {
    "Name": "Ozar Khed Phata",
    "depot": "Tapovan Depot",
    "locationConfidence": "verified",
    "locationSource": "NMPML (Citilinc) RTI reply 3120/2026, 17 Aug 2026"
   }
  },
  {
   "type": "Feature",
   "geometry": {
    "type": "Point",
    "coordinates": [
     73.74087,
     19.90572
    ]
   },
   "properties": {
    "Name": "Hanuman Mandir (Goulane)",
    "depot": "Tapovan Depot",
    "locationConfidence": "verified",
    "locationSource": "NMPML (Citilinc) RTI reply 3120/2026, 17 Aug 2026"
   }
  },
  {
   "type": "Feature",
   "geometry": {
    "type": "Point",
    "coordinates": [
     73.73947,
     19.91941
    ]
   },
   "properties": {
    "Name": "Fheboan Company (Gaulane)",
    "depot": "Tapovan Depot",
    "locationConfidence": "verified",
    "locationSource": "NMPML (Citilinc) RTI reply 3120/2026, 17 Aug 2026"
   }
  },
  {
   "type": "Feature",
   "geometry": {
    "type": "Point",
    "coordinates": [
     73.73916,
     19.91129
    ]
   },
   "properties": {
    "Name": "SBI Bank Gavlane",
    "depot": "Tapovan Depot",
    "locationConfidence": "verified",
    "locationSource": "NMPML (Citilinc) RTI reply 3120/2026, 17 Aug 2026"
   }
  },
  {
   "type": "Feature",
   "geometry": {
    "type": "Point",
    "coordinates": [
     73.73865,
     19.93292
    ]
   },
   "properties": {
    "Name": "Vitbhatti Gaulane",
    "depot": "Tapovan Depot",
    "locationConfidence": "verified",
    "locationSource": "NMPML (Citilinc) RTI reply 3120/2026, 17 Aug 2026"
   }
  },
  {
   "type": "Feature",
   "geometry": {
    "type": "Point",
    "coordinates": [
     73.72841,
     19.90656
    ]
   },
   "properties": {
    "Name": "Surya Steel",
    "depot": "Tapovan Depot",
    "locationConfidence": "verified",
    "locationSource": "NMPML (Citilinc) RTI reply 3120/2026, 17 Aug 2026"
   }
  },
  {
   "type": "Feature",
   "geometry": {
    "type": "Point",
    "coordinates": [
     73.71851,
     19.90942
    ]
   },
   "properties": {
    "Name": "Ambebahula Phata",
    "depot": "Tapovan Depot",
    "locationConfidence": "verified",
    "locationSource": "NMPML (Citilinc) RTI reply 3120/2026, 17 Aug 2026"
   }
  },
  {
   "type": "Feature",
   "geometry": {
    "type": "Point",
    "coordinates": [
     73.74121,
     19.90747
    ]
   },
   "properties": {
    "Name": "Gavlanegaon",
    "depot": "Tapovan Depot",
    "locationConfidence": "verified",
    "locationSource": "NMPML (Citilinc) RTI reply 3120/2026, 17 Aug 2026"
   }
  },
  {
   "type": "Feature",
   "geometry": {
    "type": "Point",
    "coordinates": [
     73.71844,
     19.90765
    ]
   },
   "properties": {
    "Name": "Ambebahula Gaon",
    "depot": "Tapovan Depot",
    "locationConfidence": "verified",
    "locationSource": "NMPML (Citilinc) RTI reply 3120/2026, 17 Aug 2026"
   }
  },
  {
   "type": "Feature",
   "geometry": {
    "type": "Point",
    "coordinates": [
     73.73238,
     19.90637
    ]
   },
   "properties": {
    "Name": "Thapekar Vasti",
    "depot": "Tapovan Depot",
    "locationConfidence": "verified",
    "locationSource": "NMPML (Citilinc) RTI reply 3120/2026, 17 Aug 2026"
   }
  },
  {
   "type": "Feature",
   "geometry": {
    "type": "Point",
    "coordinates": [
     73.73915,
     19.91404
    ]
   },
   "properties": {
    "Name": "Pandurang Nivas",
    "depot": "Tapovan Depot",
    "locationConfidence": "verified",
    "locationSource": "NMPML (Citilinc) RTI reply 3120/2026, 17 Aug 2026"
   }
  },
  {
   "type": "Feature",
   "geometry": {
    "type": "Point",
    "coordinates": [
     73.73941,
     19.91711
    ]
   },
   "properties": {
    "Name": "Virbaba Chaufuli",
    "depot": "Tapovan Depot",
    "locationConfidence": "verified",
    "locationSource": "NMPML (Citilinc) RTI reply 3120/2026, 17 Aug 2026"
   }
  },
  {
   "type": "Feature",
   "geometry": {
    "type": "Point",
    "coordinates": [
     73.73654,
     19.93593
    ]
   },
   "properties": {
    "Name": "Kachara Depot",
    "depot": "Tapovan Depot",
    "locationConfidence": "verified",
    "locationSource": "NMPML (Citilinc) RTI reply 3120/2026, 17 Aug 2026"
   }
  },
  {
   "type": "Feature",
   "geometry": {
    "type": "Point",
    "coordinates": [
     73.6787,
     20.05367
    ]
   },
   "properties": {
    "Name": "Gangapur Dam Boat Club",
    "depot": "Nashik Road Depot",
    "locationConfidence": "verified",
    "locationSource": "NMPML (Citilinc) RTI reply 3120/2026, 17 Aug 2026"
   }
  },
  {
   "type": "Feature",
   "geometry": {
    "type": "Point",
    "coordinates": [
     73.88916,
     20.14343
    ]
   },
   "properties": {
    "Name": "Shivanai Fata (Mohadi)",
    "depot": "Tapovan Depot",
    "locationConfidence": "verified",
    "locationSource": "NMPML (Citilinc) RTI reply 3120/2026, 17 Aug 2026"
   }
  },
  {
   "type": "Feature",
   "geometry": {
    "type": "Point",
    "coordinates": [
     73.88574,
     20.13985
    ]
   },
   "properties": {
    "Name": "Shri. Krushan Nagar (Mohadi)",
    "depot": "Tapovan Depot",
    "locationConfidence": "verified",
    "locationSource": "NMPML (Citilinc) RTI reply 3120/2026, 17 Aug 2026"
   }
  },
  {
   "type": "Feature",
   "geometry": {
    "type": "Point",
    "coordinates": [
     73.87308,
     20.13351
    ]
   },
   "properties": {
    "Name": "D.Y Chari (Canol Vagad)",
    "depot": "Tapovan Depot",
    "locationConfidence": "verified",
    "locationSource": "NMPML (Citilinc) RTI reply 3120/2026, 17 Aug 2026"
   }
  },
  {
   "type": "Feature",
   "geometry": {
    "type": "Point",
    "coordinates": [
     73.86698,
     20.12648
    ]
   },
   "properties": {
    "Name": "Bhavar Vasti (Ambe)",
    "depot": "Tapovan Depot",
    "locationConfidence": "verified",
    "locationSource": "NMPML (Citilinc) RTI reply 3120/2026, 17 Aug 2026"
   }
  },
  {
   "type": "Feature",
   "geometry": {
    "type": "Point",
    "coordinates": [
     73.86094,
     20.12121
    ]
   },
   "properties": {
    "Name": "Gaul Vadi Fata (Ambe)",
    "depot": "Tapovan Depot",
    "locationConfidence": "verified",
    "locationSource": "NMPML (Citilinc) RTI reply 3120/2026, 17 Aug 2026"
   }
  },
  {
   "type": "Feature",
   "geometry": {
    "type": "Point",
    "coordinates": [
     73.86093,
     20.11727
    ]
   },
   "properties": {
    "Name": "Dadasaheb Gaikwad Nagar (Ambe)",
    "depot": "Tapovan Depot",
    "locationConfidence": "verified",
    "locationSource": "NMPML (Citilinc) RTI reply 3120/2026, 17 Aug 2026"
   }
  },
  {
   "type": "Feature",
   "geometry": {
    "type": "Point",
    "coordinates": [
     73.85928,
     20.11505
    ]
   },
   "properties": {
    "Name": "Ambe",
    "depot": "Tapovan Depot",
    "locationConfidence": "verified",
    "locationSource": "NMPML (Citilinc) RTI reply 3120/2026, 17 Aug 2026"
   }
  },
  {
   "type": "Feature",
   "geometry": {
    "type": "Point",
    "coordinates": [
     73.85713,
     20.11604
    ]
   },
   "properties": {
    "Name": "New Engish School (Ambe)",
    "depot": "Tapovan Depot",
    "locationConfidence": "verified",
    "locationSource": "NMPML (Citilinc) RTI reply 3120/2026, 17 Aug 2026"
   }
  },
  {
   "type": "Feature",
   "geometry": {
    "type": "Point",
    "coordinates": [
     73.8551,
     20.11239
    ]
   },
   "properties": {
    "Name": "Malyacha Mala (Ambe)",
    "depot": "Tapovan Depot",
    "locationConfidence": "verified",
    "locationSource": "NMPML (Citilinc) RTI reply 3120/2026, 17 Aug 2026"
   }
  },
  {
   "type": "Feature",
   "geometry": {
    "type": "Point",
    "coordinates": [
     73.85416,
     20.1074
    ]
   },
   "properties": {
    "Name": "Ranmala (Ambe)",
    "depot": "Tapovan Depot",
    "locationConfidence": "verified",
    "locationSource": "NMPML (Citilinc) RTI reply 3120/2026, 17 Aug 2026"
   }
  },
  {
   "type": "Feature",
   "geometry": {
    "type": "Point",
    "coordinates": [
     73.85108,
     20.10056
    ]
   },
   "properties": {
    "Name": "Shivnai Gaon",
    "depot": "Tapovan Depot",
    "locationConfidence": "verified",
    "locationSource": "NMPML (Citilinc) RTI reply 3120/2026, 17 Aug 2026"
   }
  },
  {
   "type": "Feature",
   "geometry": {
    "type": "Point",
    "coordinates": [
     73.84722,
     20.09339
    ]
   },
   "properties": {
    "Name": "Nimabarkar Vasti",
    "depot": "Tapovan Depot",
    "locationConfidence": "verified",
    "locationSource": "NMPML (Citilinc) RTI reply 3120/2026, 17 Aug 2026"
   }
  },
  {
   "type": "Feature",
   "geometry": {
    "type": "Point",
    "coordinates": [
     73.84408,
     20.08956
    ]
   },
   "properties": {
    "Name": "Gatkal Vasti",
    "depot": "Tapovan Depot",
    "locationConfidence": "verified",
    "locationSource": "NMPML (Citilinc) RTI reply 3120/2026, 17 Aug 2026"
   }
  },
  {
   "type": "Feature",
   "geometry": {
    "type": "Point",
    "coordinates": [
     73.83868,
     20.08277
    ]
   },
   "properties": {
    "Name": "Fasale Vasti",
    "depot": "Tapovan Depot",
    "locationConfidence": "verified",
    "locationSource": "NMPML (Citilinc) RTI reply 3120/2026, 17 Aug 2026"
   }
  },
  {
   "type": "Feature",
   "geometry": {
    "type": "Point",
    "coordinates": [
     73.83502,
     20.07791
    ]
   },
   "properties": {
    "Name": "Varvandi Gaon",
    "depot": "Tapovan Depot",
    "locationConfidence": "verified",
    "locationSource": "NMPML (Citilinc) RTI reply 3120/2026, 17 Aug 2026"
   }
  },
  {
   "type": "Feature",
   "geometry": {
    "type": "Point",
    "coordinates": [
     73.83373,
     20.07163
    ]
   },
   "properties": {
    "Name": "Mahavir Polytechanic College",
    "depot": "Tapovan Depot",
    "locationConfidence": "verified",
    "locationSource": "NMPML (Citilinc) RTI reply 3120/2026, 17 Aug 2026"
   }
  },
  {
   "type": "Feature",
   "geometry": {
    "type": "Point",
    "coordinates": [
     73.8325,
     20.06794
    ]
   },
   "properties": {
    "Name": "Mhasoba Maharaj Mandir (Varvandi)",
    "depot": "Tapovan Depot",
    "locationConfidence": "verified",
    "locationSource": "NMPML (Citilinc) RTI reply 3120/2026, 17 Aug 2026"
   }
  },
  {
   "type": "Feature",
   "geometry": {
    "type": "Point",
    "coordinates": [
     73.8309,
     20.06564
    ]
   },
   "properties": {
    "Name": "Dr. Jadhav Vasti (Varvandi)",
    "depot": "Tapovan Depot",
    "locationConfidence": "verified",
    "locationSource": "NMPML (Citilinc) RTI reply 3120/2026, 17 Aug 2026"
   }
  },
  {
   "type": "Feature",
   "geometry": {
    "type": "Point",
    "coordinates": [
     73.82691,
     20.0595
    ]
   },
   "properties": {
    "Name": "Gavle Maharaj Aashram",
    "depot": "Tapovan Depot",
    "locationConfidence": "verified",
    "locationSource": "NMPML (Citilinc) RTI reply 3120/2026, 17 Aug 2026"
   }
  },
  {
   "type": "Feature",
   "geometry": {
    "type": "Point",
    "coordinates": [
     73.82372,
     20.05624
    ]
   },
   "properties": {
    "Name": "Analandi Canol (Varvandi)",
    "depot": "Tapovan Depot",
    "locationConfidence": "verified",
    "locationSource": "NMPML (Citilinc) RTI reply 3120/2026, 17 Aug 2026"
   }
  },
  {
   "type": "Feature",
   "geometry": {
    "type": "Point",
    "coordinates": [
     73.81834,
     20.05314
    ]
   },
   "properties": {
    "Name": "Patil Nursury",
    "depot": "Tapovan Depot",
    "locationConfidence": "verified",
    "locationSource": "NMPML (Citilinc) RTI reply 3120/2026, 17 Aug 2026"
   }
  },
  {
   "type": "Feature",
   "geometry": {
    "type": "Point",
    "coordinates": [
     73.81262,
     20.05125
    ]
   },
   "properties": {
    "Name": "Suryavanshi Mala",
    "depot": "Tapovan Depot",
    "locationConfidence": "verified",
    "locationSource": "NMPML (Citilinc) RTI reply 3120/2026, 17 Aug 2026"
   }
  },
  {
   "type": "Feature",
   "geometry": {
    "type": "Point",
    "coordinates": [
     73.80887,
     20.04778
    ]
   },
   "properties": {
    "Name": "Medical Fata (Mhasrul)",
    "depot": "Tapovan Depot",
    "locationConfidence": "verified",
    "locationSource": "NMPML (Citilinc) RTI reply 3120/2026, 17 Aug 2026"
   }
  },
  {
   "type": "Feature",
   "geometry": {
    "type": "Point",
    "coordinates": [
     73.77224,
     19.99452
    ]
   },
   "properties": {
    "Name": "Mico Circle",
    "depot": "Tapovan Depot",
    "locationConfidence": "verified",
    "locationSource": "NMPML (Citilinc) RTI reply 3120/2026, 17 Aug 2026"
   }
  },
  {
   "type": "Feature",
   "geometry": {
    "type": "Point",
    "coordinates": [
     73.8486,
     20.14774
    ]
   },
   "properties": {
    "Name": "Aakrale Gaon",
    "depot": "Tapovan Depot",
    "locationConfidence": "verified",
    "locationSource": "NMPML (Citilinc) RTI reply 3120/2026, 17 Aug 2026"
   }
  },
  {
   "type": "Feature",
   "geometry": {
    "type": "Point",
    "coordinates": [
     73.87094,
     20.1452
    ]
   },
   "properties": {
    "Name": "Company",
    "depot": "Tapovan Depot",
    "locationConfidence": "verified",
    "locationSource": "NMPML (Citilinc) RTI reply 3120/2026, 17 Aug 2026"
   }
  },
  {
   "type": "Feature",
   "geometry": {
    "type": "Point",
    "coordinates": [
     73.88459,
     20.14454
    ]
   },
   "properties": {
    "Name": "Vasti (Akrale)",
    "depot": "Tapovan Depot",
    "locationConfidence": "verified",
    "locationSource": "NMPML (Citilinc) RTI reply 3120/2026, 17 Aug 2026"
   }
  },
  {
   "type": "Feature",
   "geometry": {
    "type": "Point",
    "coordinates": [
     73.88905,
     20.14469
    ]
   },
   "properties": {
    "Name": "Akrale Phata",
    "depot": "Tapovan Depot",
    "locationConfidence": "verified",
    "locationSource": "NMPML (Citilinc) RTI reply 3120/2026, 17 Aug 2026"
   }
  },
  {
   "type": "Feature",
   "geometry": {
    "type": "Point",
    "coordinates": [
     73.96795,
     20.04917
    ]
   },
   "properties": {
    "Name": "Oney / Khervadi Chaufuli",
    "depot": "Tapovan Depot",
    "locationConfidence": "verified",
    "locationSource": "NMPML (Citilinc) RTI reply 3120/2026, 17 Aug 2026"
   }
  },
  {
   "type": "Feature",
   "geometry": {
    "type": "Point",
    "coordinates": [
     73.9501,
     20.0455
    ]
   },
   "properties": {
    "Name": "Dikle Vasti (Sayyad Pimpri)",
    "depot": "Tapovan Depot",
    "locationConfidence": "verified",
    "locationSource": "NMPML (Citilinc) RTI reply 3120/2026, 17 Aug 2026"
   }
  },
  {
   "type": "Feature",
   "geometry": {
    "type": "Point",
    "coordinates": [
     73.94719,
     20.04536
    ]
   },
   "properties": {
    "Name": "Maruti Mandir (Sayyad Pimpri)",
    "depot": "Tapovan Depot",
    "locationConfidence": "verified",
    "locationSource": "NMPML (Citilinc) RTI reply 3120/2026, 17 Aug 2026"
   }
  },
  {
   "type": "Feature",
   "geometry": {
    "type": "Point",
    "coordinates": [
     73.93268,
     20.04311
    ]
   },
   "properties": {
    "Name": "Asaram Bapu Kendra",
    "depot": "Tapovan Depot",
    "locationConfidence": "verified",
    "locationSource": "NMPML (Citilinc) RTI reply 3120/2026, 17 Aug 2026"
   }
  },
  {
   "type": "Feature",
   "geometry": {
    "type": "Point",
    "coordinates": [
     73.84002,
     19.95233
    ]
   },
   "properties": {
    "Name": "Vibhagiya Ayukt Karyalay",
    "depot": "Tapovan Depot",
    "locationConfidence": "verified",
    "locationSource": "NMPML (Citilinc) RTI reply 3120/2026, 17 Aug 2026"
   }
  },
  {
   "type": "Feature",
   "geometry": {
    "type": "Point",
    "coordinates": [
     73.81176,
     19.89554
    ]
   },
   "properties": {
    "Name": "Shigve Bahula",
    "depot": "Nashik Road Depot",
    "locationConfidence": "verified",
    "locationSource": "NMPML (Citilinc) RTI reply 3120/2026, 17 Aug 2026"
   }
  },
  {
   "type": "Feature",
   "geometry": {
    "type": "Point",
    "coordinates": [
     73.81277,
     19.89567
    ]
   },
   "properties": {
    "Name": "Deolali High School",
    "depot": "Nashik Road Depot",
    "locationConfidence": "verified",
    "locationSource": "NMPML (Citilinc) RTI reply 3120/2026, 17 Aug 2026"
   }
  },
  {
   "type": "Feature",
   "geometry": {
    "type": "Point",
    "coordinates": [
     73.8219,
     19.89756
    ]
   },
   "properties": {
    "Name": "Khandobha Tekadi (Dhondi Road)",
    "depot": "Nashik Road Depot",
    "locationConfidence": "verified",
    "locationSource": "NMPML (Citilinc) RTI reply 3120/2026, 17 Aug 2026"
   }
  },
  {
   "type": "Feature",
   "geometry": {
    "type": "Point",
    "coordinates": [
     73.82049,
     19.90519
    ]
   },
   "properties": {
    "Name": "Dairy Farm",
    "depot": "Nashik Road Depot",
    "locationConfidence": "verified",
    "locationSource": "NMPML (Citilinc) RTI reply 3120/2026, 17 Aug 2026"
   }
  },
  {
   "type": "Feature",
   "geometry": {
    "type": "Point",
    "coordinates": [
     73.77376,
     19.94238
    ]
   },
   "properties": {
    "Name": "Hanuman Madir Pathardi Gaon",
    "depot": "Nashik Road Depot",
    "locationConfidence": "verified",
    "locationSource": "NMPML (Citilinc) RTI reply 3120/2026, 17 Aug 2026"
   }
  },
  {
   "type": "Feature",
   "geometry": {
    "type": "Point",
    "coordinates": [
     73.76986,
     19.9391
    ]
   },
   "properties": {
    "Name": "Radha Vitthal Nagar",
    "depot": "Nashik Road Depot",
    "locationConfidence": "verified",
    "locationSource": "NMPML (Citilinc) RTI reply 3120/2026, 17 Aug 2026"
   }
  },
  {
   "type": "Feature",
   "geometry": {
    "type": "Point",
    "coordinates": [
     73.76828,
     19.9372
    ]
   },
   "properties": {
    "Name": "Mondhe Nagar",
    "depot": "Nashik Road Depot",
    "locationConfidence": "verified",
    "locationSource": "NMPML (Citilinc) RTI reply 3120/2026, 17 Aug 2026"
   }
  },
  {
   "type": "Feature",
   "geometry": {
    "type": "Point",
    "coordinates": [
     73.76346,
     19.93341
    ]
   },
   "properties": {
    "Name": "SSK Club",
    "depot": "Nashik Road Depot",
    "locationConfidence": "verified",
    "locationSource": "NMPML (Citilinc) RTI reply 3120/2026, 17 Aug 2026"
   }
  },
  {
   "type": "Feature",
   "geometry": {
    "type": "Point",
    "coordinates": [
     73.76048,
     19.93035
    ]
   },
   "properties": {
    "Name": "Yashwant Nagar",
    "depot": "Nashik Road Depot",
    "locationConfidence": "verified",
    "locationSource": "NMPML (Citilinc) RTI reply 3120/2026, 17 Aug 2026"
   }
  },
  {
   "type": "Feature",
   "geometry": {
    "type": "Point",
    "coordinates": [
     73.7563,
     19.92792
    ]
   },
   "properties": {
    "Name": "Vatika Row House",
    "depot": "Nashik Road Depot",
    "locationConfidence": "verified",
    "locationSource": "NMPML (Citilinc) RTI reply 3120/2026, 17 Aug 2026"
   }
  },
  {
   "type": "Feature",
   "geometry": {
    "type": "Point",
    "coordinates": [
     73.74782,
     19.91997
    ]
   },
   "properties": {
    "Name": "Vaadiche Raan",
    "depot": "Nashik Road Depot",
    "locationConfidence": "verified",
    "locationSource": "NMPML (Citilinc) RTI reply 3120/2026, 17 Aug 2026"
   }
  },
  {
   "type": "Feature",
   "geometry": {
    "type": "Point",
    "coordinates": [
     73.90803,
     19.99337
    ]
   },
   "properties": {
    "Name": "Odha Fata Pool Eklahare",
    "depot": "Nashik Road Depot",
    "locationConfidence": "verified",
    "locationSource": "NMPML (Citilinc) RTI reply 3120/2026, 17 Aug 2026"
   }
  },
  {
   "type": "Feature",
   "geometry": {
    "type": "Point",
    "coordinates": [
     73.90571,
     19.99277
    ]
   },
   "properties": {
    "Name": "Ekalhara Village 2",
    "depot": "Nashik Road Depot",
    "locationConfidence": "verified",
    "locationSource": "NMPML (Citilinc) RTI reply 3120/2026, 17 Aug 2026"
   }
  },
  {
   "type": "Feature",
   "geometry": {
    "type": "Point",
    "coordinates": [
     73.90352,
     19.98931
    ]
   },
   "properties": {
    "Name": "Ekalhara Village 1",
    "depot": "Nashik Road Depot",
    "locationConfidence": "verified",
    "locationSource": "NMPML (Citilinc) RTI reply 3120/2026, 17 Aug 2026"
   }
  },
  {
   "type": "Feature",
   "geometry": {
    "type": "Point",
    "coordinates": [
     73.89504,
     19.97695
    ]
   },
   "properties": {
    "Name": "Cement Factory Eklahara",
    "depot": "Nashik Road Depot",
    "locationConfidence": "verified",
    "locationSource": "NMPML (Citilinc) RTI reply 3120/2026, 17 Aug 2026"
   }
  },
  {
   "type": "Feature",
   "geometry": {
    "type": "Point",
    "coordinates": [
     73.88604,
     19.97753
    ]
   },
   "properties": {
    "Name": "Deshmukh Wadi (Ankalahara)",
    "depot": "Nashik Road Depot",
    "locationConfidence": "verified",
    "locationSource": "NMPML (Citilinc) RTI reply 3120/2026, 17 Aug 2026"
   }
  },
  {
   "type": "Feature",
   "geometry": {
    "type": "Point",
    "coordinates": [
     73.88415,
     19.97869
    ]
   },
   "properties": {
    "Name": "Indiranagar (Ankalahara)",
    "depot": "Nashik Road Depot",
    "locationConfidence": "verified",
    "locationSource": "NMPML (Citilinc) RTI reply 3120/2026, 17 Aug 2026"
   }
  },
  {
   "type": "Feature",
   "geometry": {
    "type": "Point",
    "coordinates": [
     73.88034,
     19.97782
    ]
   },
   "properties": {
    "Name": "Mangir Babar",
    "depot": "Nashik Road Depot",
    "locationConfidence": "verified",
    "locationSource": "NMPML (Citilinc) RTI reply 3120/2026, 17 Aug 2026"
   }
  },
  {
   "type": "Feature",
   "geometry": {
    "type": "Point",
    "coordinates": [
     73.8776,
     19.97644
    ]
   },
   "properties": {
    "Name": "Eklahara Gate 2",
    "depot": "Nashik Road Depot",
    "locationConfidence": "verified",
    "locationSource": "NMPML (Citilinc) RTI reply 3120/2026, 17 Aug 2026"
   }
  },
  {
   "type": "Feature",
   "geometry": {
    "type": "Point",
    "coordinates": [
     73.86529,
     19.97542
    ]
   },
   "properties": {
    "Name": "Khadi Crusher Eklahara",
    "depot": "Nashik Road Depot",
    "locationConfidence": "verified",
    "locationSource": "NMPML (Citilinc) RTI reply 3120/2026, 17 Aug 2026"
   }
  },
  {
   "type": "Feature",
   "geometry": {
    "type": "Point",
    "coordinates": [
     73.85222,
     19.95775
    ]
   },
   "properties": {
    "Name": "Magar Mala",
    "depot": "Nashik Road Depot",
    "locationConfidence": "verified",
    "locationSource": "NMPML (Citilinc) RTI reply 3120/2026, 17 Aug 2026"
   }
  },
  {
   "type": "Feature",
   "geometry": {
    "type": "Point",
    "coordinates": [
     73.78911,
     20.05138
    ]
   },
   "properties": {
    "Name": "Shinde Mala (Peth Rd) (D)",
    "depot": "Nashik Road Depot",
    "side": "down",
    "locationConfidence": "verified",
    "locationSource": "NMPML (Citilinc) RTI reply 3120/2026, 17 Aug 2026"
   }
  },
  {
   "type": "Feature",
   "geometry": {
    "type": "Point",
    "coordinates": [
     73.7943,
     20.04035
    ]
   },
   "properties": {
    "Name": "Meherdham (D) Peth Rd",
    "depot": "Nashik Road Depot",
    "locationConfidence": "verified",
    "locationSource": "NMPML (Citilinc) RTI reply 3120/2026, 17 Aug 2026"
   }
  },
  {
   "type": "Feature",
   "geometry": {
    "type": "Point",
    "coordinates": [
     73.79378,
     20.01734
    ]
   },
   "properties": {
    "Name": "Shani Mandir U (Peth Rd)",
    "depot": "Nashik Road Depot",
    "locationConfidence": "verified",
    "locationSource": "NMPML (Citilinc) RTI reply 3120/2026, 17 Aug 2026"
   }
  },
  {
   "type": "Feature",
   "geometry": {
    "type": "Point",
    "coordinates": [
     73.75424,
     19.98796
    ]
   },
   "properties": {
    "Name": "Shivshakti Chowk (U)",
    "depot": "Tapovan Depot",
    "side": "up",
    "locationConfidence": "verified",
    "locationSource": "NMPML (Citilinc) RTI reply 3120/2026, 17 Aug 2026"
   }
  },
  {
   "type": "Feature",
   "geometry": {
    "type": "Point",
    "coordinates": [
     73.75634,
     19.98706
    ]
   },
   "properties": {
    "Name": "Hedgewar Chowk (U)",
    "depot": "Tapovan Depot",
    "side": "up",
    "locationConfidence": "verified",
    "locationSource": "NMPML (Citilinc) RTI reply 3120/2026, 17 Aug 2026"
   }
  },
  {
   "type": "Feature",
   "geometry": {
    "type": "Point",
    "coordinates": [
     73.74699,
     19.97637
    ]
   },
   "properties": {
    "Name": "Ayodhya Colony",
    "depot": "Tapovan Depot",
    "locationConfidence": "verified",
    "locationSource": "NMPML (Citilinc) RTI reply 3120/2026, 17 Aug 2026"
   }
  },
  {
   "type": "Feature",
   "geometry": {
    "type": "Point",
    "coordinates": [
     73.98812,
     20.18104
    ]
   },
   "properties": {
    "Name": "Gopal Baba Mandir 1",
    "depot": "Tapovan Depot",
    "locationConfidence": "verified",
    "locationSource": "NMPML (Citilinc) RTI reply 3120/2026, 17 Aug 2026"
   }
  },
  {
   "type": "Feature",
   "geometry": {
    "type": "Point",
    "coordinates": [
     73.98612,
     20.17361
    ]
   },
   "properties": {
    "Name": "Niphad Phata 1",
    "depot": "Tapovan Depot",
    "locationConfidence": "verified",
    "locationSource": "NMPML (Citilinc) RTI reply 3120/2026, 17 Aug 2026"
   }
  },
  {
   "type": "Feature",
   "geometry": {
    "type": "Point",
    "coordinates": [
     73.79281,
     19.99413
    ]
   },
   "properties": {
    "Name": "Nuri Chowk",
    "depot": "Tapovan Depot",
    "locationConfidence": "verified",
    "locationSource": "NMPML (Citilinc) RTI reply 3120/2026, 17 Aug 2026"
   }
  },
  {
   "type": "Feature",
   "geometry": {
    "type": "Point",
    "coordinates": [
     73.71393,
     19.98926
    ]
   },
   "properties": {
    "Name": "Police Chowki (Ashok Nagar)",
    "depot": "Tapovan Depot",
    "locationConfidence": "verified",
    "locationSource": "NMPML (Citilinc) RTI reply 3120/2026, 17 Aug 2026"
   }
  },
  {
   "type": "Feature",
   "geometry": {
    "type": "Point",
    "coordinates": [
     73.79581,
     20.01125
    ]
   },
   "properties": {
    "Name": "Nimani 2",
    "depot": "Tapovan Depot",
    "locationConfidence": "verified",
    "locationSource": "NMPML (Citilinc) RTI reply 3120/2026, 17 Aug 2026"
   }
  },
  {
   "type": "Feature",
   "geometry": {
    "type": "Point",
    "coordinates": [
     73.75253,
     19.98866
    ]
   },
   "properties": {
    "Name": "Shivshakti Chowk",
    "depot": "Tapovan Depot",
    "locationConfidence": "verified",
    "locationSource": "NMPML (Citilinc) RTI reply 3120/2026, 17 Aug 2026"
   }
  },
  {
   "type": "Feature",
   "geometry": {
    "type": "Point",
    "coordinates": [
     73.75006,
     19.98857
    ]
   },
   "properties": {
    "Name": "Shahu Nagar",
    "depot": "Tapovan Depot",
    "locationConfidence": "verified",
    "locationSource": "NMPML (Citilinc) RTI reply 3120/2026, 17 Aug 2026"
   }
  },
  {
   "type": "Feature",
   "geometry": {
    "type": "Point",
    "coordinates": [
     73.76155,
     20.0158
    ]
   },
   "properties": {
    "Name": "K.B.T College",
    "depot": "Nashik Road Depot",
    "locationConfidence": "verified",
    "locationSource": "NMPML (Citilinc) RTI reply 3120/2026, 17 Aug 2026"
   }
  },
  {
   "type": "Feature",
   "geometry": {
    "type": "Point",
    "coordinates": [
     73.84216,
     20.01491
    ]
   },
   "properties": {
    "Name": "Sanklecha Society",
    "depot": "Nashik Road Depot",
    "locationConfidence": "verified",
    "locationSource": "NMPML (Citilinc) RTI reply 3120/2026, 17 Aug 2026"
   }
  },
  {
   "type": "Feature",
   "geometry": {
    "type": "Point",
    "coordinates": [
     73.84343,
     20.01636
    ]
   },
   "properties": {
    "Name": "Vrindavan Nagar",
    "depot": "Nashik Road Depot",
    "locationConfidence": "verified",
    "locationSource": "NMPML (Citilinc) RTI reply 3120/2026, 17 Aug 2026"
   }
  },
  {
   "type": "Feature",
   "geometry": {
    "type": "Point",
    "coordinates": [
     73.84532,
     20.01634
    ]
   },
   "properties": {
    "Name": "Radhakrishna Chowk",
    "depot": "Nashik Road Depot",
    "locationConfidence": "verified",
    "locationSource": "NMPML (Citilinc) RTI reply 3120/2026, 17 Aug 2026"
   }
  },
  {
   "type": "Feature",
   "geometry": {
    "type": "Point",
    "coordinates": [
     73.84762,
     20.01641
    ]
   },
   "properties": {
    "Name": "Dutt Nagar",
    "depot": "Nashik Road Depot",
    "locationConfidence": "verified",
    "locationSource": "NMPML (Citilinc) RTI reply 3120/2026, 17 Aug 2026"
   }
  },
  {
   "type": "Feature",
   "geometry": {
    "type": "Point",
    "coordinates": [
     73.85002,
     20.01666
    ]
   },
   "properties": {
    "Name": "Rajalakshmi Colony",
    "depot": "Nashik Road Depot",
    "locationConfidence": "verified",
    "locationSource": "NMPML (Citilinc) RTI reply 3120/2026, 17 Aug 2026"
   }
  },
  {
   "type": "Feature",
   "geometry": {
    "type": "Point",
    "coordinates": [
     73.8422,
     19.94079
    ]
   },
   "properties": {
    "Name": "Nashik Road Depot",
    "depot": "Nashik Road Depot",
    "locationConfidence": "verified",
    "locationSource": "NMPML (Citilinc) RTI reply 3120/2026, 17 Aug 2026"
   }
  },
  {
   "type": "Feature",
   "geometry": {
    "type": "Point",
    "coordinates": [
     73.82993,
     19.88907
    ]
   },
   "properties": {
    "Name": "Kathe Gate",
    "depot": "Nashik Road Depot",
    "locationConfidence": "verified",
    "locationSource": "NMPML (Citilinc) RTI reply 3120/2026, 17 Aug 2026"
   }
  },
  {
   "type": "Feature",
   "geometry": {
    "type": "Point",
    "coordinates": [
     73.88657,
     20.05779
    ]
   },
   "properties": {
    "Name": "Premium Market",
    "depot": "Nashik Road Depot",
    "locationConfidence": "verified",
    "locationSource": "NMPML (Citilinc) RTI reply 3120/2026, 17 Aug 2026"
   }
  },
  {
   "type": "Feature",
   "geometry": {
    "type": "Point",
    "coordinates": [
     73.82958,
     19.9022
    ]
   },
   "properties": {
    "Name": "Deolali Camp (New)",
    "depot": "Tapovan Depot",
    "locationConfidence": "verified",
    "locationSource": "NMPML (Citilinc) RTI reply 3120/2026, 17 Aug 2026"
   }
  },
  {
   "type": "Feature",
   "geometry": {
    "type": "Point",
    "coordinates": [
     73.69097,
     20.02194
    ]
   },
   "properties": {
    "Name": "Krushi Vidyan Kendra",
    "depot": "Nashik Road Depot",
    "locationConfidence": "verified",
    "locationSource": "NMPML (Citilinc) RTI reply 3120/2026, 17 Aug 2026"
   }
  },
  {
   "type": "Feature",
   "geometry": {
    "type": "Point",
    "coordinates": [
     73.69297,
     20.02098
    ]
   },
   "properties": {
    "Name": "Y.C.M Mukt Vidyapith",
    "depot": "Nashik Road Depot",
    "locationConfidence": "verified",
    "locationSource": "NMPML (Citilinc) RTI reply 3120/2026, 17 Aug 2026"
   }
  },
  {
   "type": "Feature",
   "geometry": {
    "type": "Point",
    "coordinates": [
     73.65985,
     20.00586
    ]
   },
   "properties": {
    "Name": "Gangavarhe",
    "depot": "Tapovan Depot",
    "locationConfidence": "verified",
    "locationSource": "NMPML (Citilinc) RTI reply 3120/2026, 17 Aug 2026"
   }
  },
  {
   "type": "Feature",
   "geometry": {
    "type": "Point",
    "coordinates": [
     73.66455,
     20.00885
    ]
   },
   "properties": {
    "Name": "Soma Wine",
    "depot": "Nashik Road Depot",
    "locationConfidence": "verified",
    "locationSource": "NMPML (Citilinc) RTI reply 3120/2026, 17 Aug 2026"
   }
  },
  {
   "type": "Feature",
   "geometry": {
    "type": "Point",
    "coordinates": [
     73.67453,
     20.0113
    ]
   },
   "properties": {
    "Name": "Yark Waynary",
    "depot": "Nashik Road Depot",
    "locationConfidence": "verified",
    "locationSource": "NMPML (Citilinc) RTI reply 3120/2026, 17 Aug 2026"
   }
  },
  {
   "type": "Feature",
   "geometry": {
    "type": "Point",
    "coordinates": [
     73.68181,
     20.0093
    ]
   },
   "properties": {
    "Name": "Savargoan",
    "depot": "Nashik Road Depot",
    "locationConfidence": "verified",
    "locationSource": "NMPML (Citilinc) RTI reply 3120/2026, 17 Aug 2026"
   }
  },
  {
   "type": "Feature",
   "geometry": {
    "type": "Point",
    "coordinates": [
     73.68797,
     20.00887
    ]
   },
   "properties": {
    "Name": "Sula Wines Gate",
    "depot": "Nashik Road Depot",
    "locationConfidence": "verified",
    "locationSource": "NMPML (Citilinc) RTI reply 3120/2026, 17 Aug 2026"
   }
  },
  {
   "type": "Feature",
   "geometry": {
    "type": "Point",
    "coordinates": [
     73.69182,
     20.0087
    ]
   },
   "properties": {
    "Name": "MET College (Gangavarhe)",
    "depot": "Nashik Road Depot",
    "locationConfidence": "verified",
    "locationSource": "NMPML (Citilinc) RTI reply 3120/2026, 17 Aug 2026"
   }
  },
  {
   "type": "Feature",
   "geometry": {
    "type": "Point",
    "coordinates": [
     73.69987,
     20.01407
    ]
   },
   "properties": {
    "Name": "Sula Wine Phata",
    "depot": "Nashik Road Depot",
    "locationConfidence": "verified",
    "locationSource": "NMPML (Citilinc) RTI reply 3120/2026, 17 Aug 2026"
   }
  },
  {
   "type": "Feature",
   "geometry": {
    "type": "Point",
    "coordinates": [
     73.70755,
     20.02209
    ]
   },
   "properties": {
    "Name": "Kanetkar Udyan",
    "depot": "Tapovan Depot",
    "locationConfidence": "verified",
    "locationSource": "NMPML (Citilinc) RTI reply 3120/2026, 17 Aug 2026"
   }
  },
  {
   "type": "Feature",
   "geometry": {
    "type": "Point",
    "coordinates": [
     73.91501,
     20.10773
    ]
   },
   "properties": {
    "Name": "Ozar Airforce School",
    "depot": "Nashik Road Depot",
    "locationConfidence": "verified",
    "locationSource": "NMPML (Citilinc) RTI reply 3120/2026, 17 Aug 2026"
   }
  },
  {
   "type": "Feature",
   "geometry": {
    "type": "Point",
    "coordinates": [
     73.92625,
     20.10173
    ]
   },
   "properties": {
    "Name": "Ozar Airforce Colony Gate",
    "depot": "Nashik Road Depot",
    "locationConfidence": "verified",
    "locationSource": "NMPML (Citilinc) RTI reply 3120/2026, 17 Aug 2026"
   }
  },
  {
   "type": "Feature",
   "geometry": {
    "type": "Point",
    "coordinates": [
     73.81292,
     19.9245
    ]
   },
   "properties": {
    "Name": "Valdevi Army Gate",
    "depot": "Nashik Road Depot",
    "locationConfidence": "verified",
    "locationSource": "NMPML (Citilinc) RTI reply 3120/2026, 17 Aug 2026"
   }
  },
  {
   "type": "Feature",
   "geometry": {
    "type": "Point",
    "coordinates": [
     73.82643,
     19.88817
    ]
   },
   "properties": {
    "Name": "Army Public School",
    "depot": "Tapovan Depot",
    "locationConfidence": "verified",
    "locationSource": "NMPML (Citilinc) RTI reply 3120/2026, 17 Aug 2026"
   }
  },
  {
   "type": "Feature",
   "geometry": {
    "type": "Point",
    "coordinates": [
     73.61319,
     19.84625
    ]
   },
   "properties": {
    "Name": "Kanchan Tembi",
    "depot": "Nashik Road Depot",
    "locationConfidence": "verified",
    "locationSource": "NMPML (Citilinc) RTI reply 3120/2026, 17 Aug 2026"
   }
  },
  {
   "type": "Feature",
   "geometry": {
    "type": "Point",
    "coordinates": [
     73.62638,
     19.8389
    ]
   },
   "properties": {
    "Name": "Grover Zampa Wineyard",
    "depot": "Nashik Road Depot",
    "locationConfidence": "verified",
    "locationSource": "NMPML (Citilinc) RTI reply 3120/2026, 17 Aug 2026"
   }
  },
  {
   "type": "Feature",
   "geometry": {
    "type": "Point",
    "coordinates": [
     73.63177,
     19.83712
    ]
   },
   "properties": {
    "Name": "Bambale Phata",
    "depot": "Tapovan Depot",
    "locationConfidence": "verified",
    "locationSource": "NMPML (Citilinc) RTI reply 3120/2026, 17 Aug 2026"
   }
  },
  {
   "type": "Feature",
   "geometry": {
    "type": "Point",
    "coordinates": [
     73.61045,
     19.84829
    ]
   },
   "properties": {
    "Name": "Nandu Bodake Mala",
    "depot": "Nashik Road Depot",
    "locationConfidence": "verified",
    "locationSource": "NMPML (Citilinc) RTI reply 3120/2026, 17 Aug 2026"
   }
  },
  {
   "type": "Feature",
   "geometry": {
    "type": "Point",
    "coordinates": [
     73.61085,
     19.85222
    ]
   },
   "properties": {
    "Name": "Modala",
    "depot": "Nashik Road Depot",
    "locationConfidence": "verified",
    "locationSource": "NMPML (Citilinc) RTI reply 3120/2026, 17 Aug 2026"
   }
  },
  {
   "type": "Feature",
   "geometry": {
    "type": "Point",
    "coordinates": [
     73.61097,
     19.85081
    ]
   },
   "properties": {
    "Name": "Grampanchayt Karyalay",
    "depot": "Nashik Road Depot",
    "locationConfidence": "verified",
    "locationSource": "NMPML (Citilinc) RTI reply 3120/2026, 17 Aug 2026"
   }
  },
  {
   "type": "Feature",
   "geometry": {
    "type": "Point",
    "coordinates": [
     73.75615,
     19.9864
    ]
   },
   "properties": {
    "Name": "Hedgewar Chowk",
    "depot": "Nashik Road Depot",
    "locationConfidence": "verified",
    "locationSource": "NMPML (Citilinc) RTI reply 3120/2026, 17 Aug 2026"
   }
  },
  {
   "type": "Feature",
   "geometry": {
    "type": "Point",
    "coordinates": [
     73.76017,
     19.96786
    ]
   },
   "properties": {
    "Name": "Vijay Nagar 1",
    "depot": "Nashik Road Depot",
    "locationConfidence": "verified",
    "locationSource": "NMPML (Citilinc) RTI reply 3120/2026, 17 Aug 2026"
   }
  },
  {
   "type": "Feature",
   "geometry": {
    "type": "Point",
    "coordinates": [
     73.76195,
     19.96676
    ]
   },
   "properties": {
    "Name": "Central Park",
    "depot": "Nashik Road Depot",
    "locationConfidence": "verified",
    "locationSource": "NMPML (Citilinc) RTI reply 3120/2026, 17 Aug 2026"
   }
  },
  {
   "type": "Feature",
   "geometry": {
    "type": "Point",
    "coordinates": [
     73.76612,
     19.96634
    ]
   },
   "properties": {
    "Name": "Kai. Vamnarao Sonwane Chowk",
    "depot": "Nashik Road Depot",
    "locationConfidence": "verified",
    "locationSource": "NMPML (Citilinc) RTI reply 3120/2026, 17 Aug 2026"
   }
  },
  {
   "type": "Feature",
   "geometry": {
    "type": "Point",
    "coordinates": [
     73.76934,
     19.96605
    ]
   },
   "properties": {
    "Name": "Rane Nagar",
    "depot": "Nashik Road Depot",
    "locationConfidence": "verified",
    "locationSource": "NMPML (Citilinc) RTI reply 3120/2026, 17 Aug 2026"
   }
  },
  {
   "type": "Feature",
   "geometry": {
    "type": "Point",
    "coordinates": [
     73.77239,
     19.96627
    ]
   },
   "properties": {
    "Name": "Pushpanjali Stand",
    "depot": "Nashik Road Depot",
    "locationConfidence": "verified",
    "locationSource": "NMPML (Citilinc) RTI reply 3120/2026, 17 Aug 2026"
   }
  },
  {
   "type": "Feature",
   "geometry": {
    "type": "Point",
    "coordinates": [
     73.77497,
     19.96705
    ]
   },
   "properties": {
    "Name": "Rajeev Nagar",
    "depot": "Tapovan Depot",
    "locationConfidence": "verified",
    "locationSource": "NMPML (Citilinc) RTI reply 3120/2026, 17 Aug 2026"
   }
  },
  {
   "type": "Feature",
   "geometry": {
    "type": "Point",
    "coordinates": [
     73.77786,
     19.96813
    ]
   },
   "properties": {
    "Name": "Sainath Nagar (Rajeev Nagar)",
    "depot": "Nashik Road Depot",
    "locationConfidence": "verified",
    "locationSource": "NMPML (Citilinc) RTI reply 3120/2026, 17 Aug 2026"
   }
  },
  {
   "type": "Feature",
   "geometry": {
    "type": "Point",
    "coordinates": [
     73.77938,
     19.96959
    ]
   },
   "properties": {
    "Name": "Indira Nagar (Old Police Station)",
    "depot": "Nashik Road Depot",
    "locationConfidence": "verified",
    "locationSource": "NMPML (Citilinc) RTI reply 3120/2026, 17 Aug 2026"
   }
  },
  {
   "type": "Feature",
   "geometry": {
    "type": "Point",
    "coordinates": [
     73.95479,
     20.1062
    ]
   },
   "properties": {
    "Name": "Stop 5 Gas Agency",
    "depot": "Tapovan Depot",
    "locationConfidence": "verified",
    "locationSource": "NMPML (Citilinc) RTI reply 3120/2026, 17 Aug 2026"
   }
  },
  {
   "type": "Feature",
   "geometry": {
    "type": "Point",
    "coordinates": [
     73.9512,
     20.10468
    ]
   },
   "properties": {
    "Name": "Stop 4 HAL Hospital",
    "depot": "Tapovan Depot",
    "locationConfidence": "verified",
    "locationSource": "NMPML (Citilinc) RTI reply 3120/2026, 17 Aug 2026"
   }
  },
  {
   "type": "Feature",
   "geometry": {
    "type": "Point",
    "coordinates": [
     73.94924,
     20.1039
    ]
   },
   "properties": {
    "Name": "Stop 3 Shopping Center",
    "depot": "Tapovan Depot",
    "locationConfidence": "verified",
    "locationSource": "NMPML (Citilinc) RTI reply 3120/2026, 17 Aug 2026"
   }
  },
  {
   "type": "Feature",
   "geometry": {
    "type": "Point",
    "coordinates": [
     73.9413,
     20.10049
    ]
   },
   "properties": {
    "Name": "Stop 2",
    "depot": "Tapovan Depot",
    "locationConfidence": "verified",
    "locationSource": "NMPML (Citilinc) RTI reply 3120/2026, 17 Aug 2026"
   }
  },
  {
   "type": "Feature",
   "geometry": {
    "type": "Point",
    "coordinates": [
     73.93723,
     20.09854
    ]
   },
   "properties": {
    "Name": "Stop No 1 / Marimata Gate",
    "depot": "Tapovan Depot",
    "locationConfidence": "verified",
    "locationSource": "NMPML (Citilinc) RTI reply 3120/2026, 17 Aug 2026"
   }
  },
  {
   "type": "Feature",
   "geometry": {
    "type": "Point",
    "coordinates": [
     73.718,
     20.19448
    ]
   },
   "properties": {
    "Name": "Umrale",
    "depot": "Nashik Road Depot",
    "locationConfidence": "verified",
    "locationSource": "NMPML (Citilinc) RTI reply 3120/2026, 17 Aug 2026"
   }
  },
  {
   "type": "Feature",
   "geometry": {
    "type": "Point",
    "coordinates": [
     73.74358,
     20.1557
    ]
   },
   "properties": {
    "Name": "Rasegoan (D)",
    "depot": "Nashik Road Depot",
    "side": "down",
    "locationConfidence": "verified",
    "locationSource": "NMPML (Citilinc) RTI reply 3120/2026, 17 Aug 2026"
   }
  },
  {
   "type": "Feature",
   "geometry": {
    "type": "Point",
    "coordinates": [
     73.7443,
     20.15452
    ]
   },
   "properties": {
    "Name": "Rasegoan (U)",
    "depot": "Nashik Road Depot",
    "side": "up",
    "locationConfidence": "verified",
    "locationSource": "NMPML (Citilinc) RTI reply 3120/2026, 17 Aug 2026"
   }
  },
  {
   "type": "Feature",
   "geometry": {
    "type": "Point",
    "coordinates": [
     73.75357,
     20.14073
    ]
   },
   "properties": {
    "Name": "Dhage Vasti",
    "depot": "Tapovan Depot",
    "locationConfidence": "verified",
    "locationSource": "NMPML (Citilinc) RTI reply 3120/2026, 17 Aug 2026"
   }
  },
  {
   "type": "Feature",
   "geometry": {
    "type": "Point",
    "coordinates": [
     73.75683,
     20.13269
    ]
   },
   "properties": {
    "Name": "Pimpalner Fata",
    "depot": "Nashik Road Depot",
    "locationConfidence": "verified",
    "locationSource": "NMPML (Citilinc) RTI reply 3120/2026, 17 Aug 2026"
   }
  },
  {
   "type": "Feature",
   "geometry": {
    "type": "Point",
    "coordinates": [
     73.76237,
     20.12039
    ]
   },
   "properties": {
    "Name": "Godrej Company",
    "depot": "Tapovan Depot",
    "locationConfidence": "verified",
    "locationSource": "NMPML (Citilinc) RTI reply 3120/2026, 17 Aug 2026"
   }
  },
  {
   "type": "Feature",
   "geometry": {
    "type": "Point",
    "coordinates": [
     73.76412,
     20.1082
    ]
   },
   "properties": {
    "Name": "Tungaldara",
    "depot": "Nashik Road Depot",
    "locationConfidence": "verified",
    "locationSource": "NMPML (Citilinc) RTI reply 3120/2026, 17 Aug 2026"
   }
  },
  {
   "type": "Feature",
   "geometry": {
    "type": "Point",
    "coordinates": [
     73.76689,
     20.10454
    ]
   },
   "properties": {
    "Name": "Ramshej Killa",
    "depot": "Nashik Road Depot",
    "locationConfidence": "verified",
    "locationSource": "NMPML (Citilinc) RTI reply 3120/2026, 17 Aug 2026"
   }
  },
  {
   "type": "Feature",
   "geometry": {
    "type": "Point",
    "coordinates": [
     73.77032,
     20.10092
    ]
   },
   "properties": {
    "Name": "Ashewadi Goan",
    "depot": "Nashik Road Depot",
    "locationConfidence": "verified",
    "locationSource": "NMPML (Citilinc) RTI reply 3120/2026, 17 Aug 2026"
   }
  },
  {
   "type": "Feature",
   "geometry": {
    "type": "Point",
    "coordinates": [
     73.77212,
     20.09705
    ]
   },
   "properties": {
    "Name": "Rucha Hotel",
    "depot": "Tapovan Depot",
    "locationConfidence": "verified",
    "locationSource": "NMPML (Citilinc) RTI reply 3120/2026, 17 Aug 2026"
   }
  },
  {
   "type": "Feature",
   "geometry": {
    "type": "Point",
    "coordinates": [
     73.77571,
     20.09053
    ]
   },
   "properties": {
    "Name": "Gawalwadi",
    "depot": "Tapovan Depot",
    "locationConfidence": "verified",
    "locationSource": "NMPML (Citilinc) RTI reply 3120/2026, 17 Aug 2026"
   }
  },
  {
   "type": "Feature",
   "geometry": {
    "type": "Point",
    "coordinates": [
     73.77711,
     20.08602
    ]
   },
   "properties": {
    "Name": "Dhumal Company",
    "depot": "Nashik Road Depot",
    "locationConfidence": "verified",
    "locationSource": "NMPML (Citilinc) RTI reply 3120/2026, 17 Aug 2026"
   }
  },
  {
   "type": "Feature",
   "geometry": {
    "type": "Point",
    "coordinates": [
     73.77984,
     20.07989
    ]
   },
   "properties": {
    "Name": "MaNaPa Kaman Peth Road",
    "depot": "Tapovan Depot",
    "locationConfidence": "verified",
    "locationSource": "NMPML (Citilinc) RTI reply 3120/2026, 17 Aug 2026"
   }
  },
  {
   "type": "Feature",
   "geometry": {
    "type": "Point",
    "coordinates": [
     73.77859,
     20.07376
    ]
   },
   "properties": {
    "Name": "Dhatrak Farm",
    "depot": "Nashik Road Depot",
    "locationConfidence": "verified",
    "locationSource": "NMPML (Citilinc) RTI reply 3120/2026, 17 Aug 2026"
   }
  },
  {
   "type": "Feature",
   "geometry": {
    "type": "Point",
    "coordinates": [
     73.78029,
     20.06758
    ]
   },
   "properties": {
    "Name": "Jakat Naka Peth Road",
    "depot": "Nashik Road Depot",
    "locationConfidence": "verified",
    "locationSource": "NMPML (Citilinc) RTI reply 3120/2026, 17 Aug 2026"
   }
  },
  {
   "type": "Feature",
   "geometry": {
    "type": "Point",
    "coordinates": [
     73.82903,
     20.20644
    ]
   },
   "properties": {
    "Name": "Dindori Panchayat Samiti (Swami Samarth Kendra)",
    "depot": "Nashik Road Depot",
    "locationConfidence": "verified",
    "locationSource": "NMPML (Citilinc) RTI reply 3120/2026, 17 Aug 2026"
   }
  },
  {
   "type": "Feature",
   "geometry": {
    "type": "Point",
    "coordinates": [
     73.83152,
     20.20547
    ]
   },
   "properties": {
    "Name": "Dindori Chofuli",
    "depot": "Nashik Road Depot",
    "locationConfidence": "verified",
    "locationSource": "NMPML (Citilinc) RTI reply 3120/2026, 17 Aug 2026"
   }
  },
  {
   "type": "Feature",
   "geometry": {
    "type": "Point",
    "coordinates": [
     73.80569,
     20.05627
    ]
   },
   "properties": {
    "Name": "Canal Kulkarni Farm",
    "depot": "Nashik Road Depot",
    "locationConfidence": "verified",
    "locationSource": "NMPML (Citilinc) RTI reply 3120/2026, 17 Aug 2026"
   }
  },
  {
   "type": "Feature",
   "geometry": {
    "type": "Point",
    "coordinates": [
     73.81292,
     20.12872
    ]
   },
   "properties": {
    "Name": "Khatwad Phata",
    "depot": "Nashik Road Depot",
    "locationConfidence": "verified",
    "locationSource": "NMPML (Citilinc) RTI reply 3120/2026, 17 Aug 2026"
   }
  },
  {
   "type": "Feature",
   "geometry": {
    "type": "Point",
    "coordinates": [
     73.80558,
     20.06218
    ]
   },
   "properties": {
    "Name": "Shubheccha Lawns",
    "depot": "Nashik Road Depot",
    "locationConfidence": "verified",
    "locationSource": "NMPML (Citilinc) RTI reply 3120/2026, 17 Aug 2026"
   }
  },
  {
   "type": "Feature",
   "geometry": {
    "type": "Point",
    "coordinates": [
     73.75743,
     20.05339
    ]
   },
   "properties": {
    "Name": "Kakad Mala",
    "depot": "Nashik Road Depot",
    "locationConfidence": "verified",
    "locationSource": "NMPML (Citilinc) RTI reply 3120/2026, 17 Aug 2026"
   }
  },
  {
   "type": "Feature",
   "geometry": {
    "type": "Point",
    "coordinates": [
     73.9961,
     20.01921
    ]
   },
   "properties": {
    "Name": "Saikheda Trifuli",
    "depot": "Tapovan Depot",
    "locationConfidence": "verified",
    "locationSource": "NMPML (Citilinc) RTI reply 3120/2026, 17 Aug 2026"
   }
  },
  {
   "type": "Feature",
   "geometry": {
    "type": "Point",
    "coordinates": [
     73.93898,
     20.10436
    ]
   },
   "properties": {
    "Name": "H.A.L Main Gate No.2",
    "depot": "Tapovan Depot",
    "locationConfidence": "verified",
    "locationSource": "NMPML (Citilinc) RTI reply 3120/2026, 17 Aug 2026"
   }
  },
  {
   "type": "Feature",
   "geometry": {
    "type": "Point",
    "coordinates": [
     73.95286,
     20.1162
    ]
   },
   "properties": {
    "Name": "Canol (Ozar Road)",
    "depot": "Tapovan Depot",
    "locationConfidence": "verified",
    "locationSource": "NMPML (Citilinc) RTI reply 3120/2026, 17 Aug 2026"
   }
  },
  {
   "type": "Feature",
   "geometry": {
    "type": "Point",
    "coordinates": [
     73.96517,
     20.13005
    ]
   },
   "properties": {
    "Name": "Kokangaon Fata",
    "depot": "Tapovan Depot",
    "locationConfidence": "verified",
    "locationSource": "NMPML (Citilinc) RTI reply 3120/2026, 17 Aug 2026"
   }
  },
  {
   "type": "Feature",
   "geometry": {
    "type": "Point",
    "coordinates": [
     73.96946,
     20.13757
    ]
   },
   "properties": {
    "Name": "Sakore Mig Phata",
    "depot": "Tapovan Depot",
    "locationConfidence": "verified",
    "locationSource": "NMPML (Citilinc) RTI reply 3120/2026, 17 Aug 2026"
   }
  },
  {
   "type": "Feature",
   "geometry": {
    "type": "Point",
    "coordinates": [
     73.97674,
     20.14221
    ]
   },
   "properties": {
    "Name": "Pimpalgaon Tolnaka",
    "depot": "Tapovan Depot",
    "locationConfidence": "verified",
    "locationSource": "NMPML (Citilinc) RTI reply 3120/2026, 17 Aug 2026"
   }
  },
  {
   "type": "Feature",
   "geometry": {
    "type": "Point",
    "coordinates": [
     73.9823,
     20.1515
    ]
   },
   "properties": {
    "Name": "Market Yard",
    "depot": "Tapovan Depot",
    "locationConfidence": "verified",
    "locationSource": "NMPML (Citilinc) RTI reply 3120/2026, 17 Aug 2026"
   }
  },
  {
   "type": "Feature",
   "geometry": {
    "type": "Point",
    "coordinates": [
     73.98792,
     20.1654
    ]
   },
   "properties": {
    "Name": "Pimpalgaon S.T. Depot",
    "depot": "Tapovan Depot",
    "locationConfidence": "verified",
    "locationSource": "NMPML (Citilinc) RTI reply 3120/2026, 17 Aug 2026"
   }
  },
  {
   "type": "Feature",
   "geometry": {
    "type": "Point",
    "coordinates": [
     73.99116,
     20.16804
    ]
   },
   "properties": {
    "Name": "Pimpalgaon Bus Stand",
    "depot": "Tapovan Depot",
    "locationConfidence": "verified",
    "locationSource": "NMPML (Citilinc) RTI reply 3120/2026, 17 Aug 2026"
   }
  },
  {
   "type": "Feature",
   "geometry": {
    "type": "Point",
    "coordinates": [
     73.99295,
     20.17031
    ]
   },
   "properties": {
    "Name": "Niphad Phata",
    "depot": "Tapovan Depot",
    "locationConfidence": "verified",
    "locationSource": "NMPML (Citilinc) RTI reply 3120/2026, 17 Aug 2026"
   }
  },
  {
   "type": "Feature",
   "geometry": {
    "type": "Point",
    "coordinates": [
     73.9926,
     20.17706
    ]
   },
   "properties": {
    "Name": "Gopalbaba Samadhi",
    "depot": "Tapovan Depot",
    "locationConfidence": "verified",
    "locationSource": "NMPML (Citilinc) RTI reply 3120/2026, 17 Aug 2026"
   }
  },
  {
   "type": "Feature",
   "geometry": {
    "type": "Point",
    "coordinates": [
     73.99262,
     20.1833
    ]
   },
   "properties": {
    "Name": "Pimpalgaon Baswant / Wani Chaufuli",
    "depot": "Tapovan Depot",
    "locationConfidence": "verified",
    "locationSource": "NMPML (Citilinc) RTI reply 3120/2026, 17 Aug 2026"
   }
  },
  {
   "type": "Feature",
   "geometry": {
    "type": "Point",
    "coordinates": [
     73.81443,
     20.00868
    ]
   },
   "properties": {
    "Name": "Tapovan (D)",
    "depot": "Tapovan Depot",
    "side": "down",
    "locationConfidence": "verified",
    "locationSource": "NMPML (Citilinc) RTI reply 3120/2026, 17 Aug 2026"
   }
  },
  {
   "type": "Feature",
   "geometry": {
    "type": "Point",
    "coordinates": [
     73.99057,
     20.01552
    ]
   },
   "properties": {
    "Name": "M.S.E.B Power House (U)",
    "depot": "Tapovan Depot",
    "side": "up",
    "locationConfidence": "verified",
    "locationSource": "NMPML (Citilinc) RTI reply 3120/2026, 17 Aug 2026"
   }
  },
  {
   "type": "Feature",
   "geometry": {
    "type": "Point",
    "coordinates": [
     73.93135,
     19.99976
    ]
   },
   "properties": {
    "Name": "H.P. Petrol Pump (U)",
    "depot": "Tapovan Depot",
    "side": "up",
    "locationConfidence": "verified",
    "locationSource": "NMPML (Citilinc) RTI reply 3120/2026, 17 Aug 2026"
   }
  },
  {
   "type": "Feature",
   "geometry": {
    "type": "Point",
    "coordinates": [
     73.89924,
     19.99652
    ]
   },
   "properties": {
    "Name": "Shilapur (U)",
    "depot": "Tapovan Depot",
    "side": "up",
    "locationConfidence": "verified",
    "locationSource": "NMPML (Citilinc) RTI reply 3120/2026, 17 Aug 2026"
   }
  },
  {
   "type": "Feature",
   "geometry": {
    "type": "Point",
    "coordinates": [
     73.53251,
     19.93422
    ]
   },
   "properties": {
    "Name": "Trimbkeshwar (Mahadeo Mandir)",
    "depot": "Nashik Road Depot",
    "locationConfidence": "verified",
    "locationSource": "NMPML (Citilinc) RTI reply 3120/2026, 17 Aug 2026"
   }
  },
  {
   "type": "Feature",
   "geometry": {
    "type": "Point",
    "coordinates": [
     73.52976,
     19.93562
    ]
   },
   "properties": {
    "Name": "Trimbkeshwar (Khanderao Mandir)",
    "depot": "Nashik Road Depot",
    "locationConfidence": "verified",
    "locationSource": "NMPML (Citilinc) RTI reply 3120/2026, 17 Aug 2026"
   }
  },
  {
   "type": "Feature",
   "geometry": {
    "type": "Point",
    "coordinates": [
     73.77605,
     19.95437
    ]
   },
   "properties": {
    "Name": "Jagannath Chowk",
    "depot": "Tapovan Depot",
    "locationConfidence": "verified",
    "locationSource": "NMPML (Citilinc) RTI reply 3120/2026, 17 Aug 2026"
   }
  },
  {
   "type": "Feature",
   "geometry": {
    "type": "Point",
    "coordinates": [
     73.8053,
     20.04255
    ]
   },
   "properties": {
    "Name": "Snehnagar",
    "depot": "Nashik Road Depot",
    "locationConfidence": "verified",
    "locationSource": "NMPML (Citilinc) RTI reply 3120/2026, 17 Aug 2026"
   }
  },
  {
   "type": "Feature",
   "geometry": {
    "type": "Point",
    "coordinates": [
     73.71349,
     19.94191
    ]
   },
   "properties": {
    "Name": "Gharkul Shivar (Chunchale)",
    "depot": "Tapovan Depot",
    "locationConfidence": "verified",
    "locationSource": "NMPML (Citilinc) RTI reply 3120/2026, 17 Aug 2026"
   }
  },
  {
   "type": "Feature",
   "geometry": {
    "type": "Point",
    "coordinates": [
     73.7342,
     19.95963
    ]
   },
   "properties": {
    "Name": "Nashik Cluster",
    "depot": "Tapovan Depot",
    "locationConfidence": "verified",
    "locationSource": "NMPML (Citilinc) RTI reply 3120/2026, 17 Aug 2026"
   }
  },
  {
   "type": "Feature",
   "geometry": {
    "type": "Point",
    "coordinates": [
     73.72662,
     19.95405
    ]
   },
   "properties": {
    "Name": "Abhishek Bakery",
    "depot": "Tapovan Depot",
    "locationConfidence": "verified",
    "locationSource": "NMPML (Citilinc) RTI reply 3120/2026, 17 Aug 2026"
   }
  },
  {
   "type": "Feature",
   "geometry": {
    "type": "Point",
    "coordinates": [
     73.71797,
     19.94713
    ]
   },
   "properties": {
    "Name": "APC Company / Mauli Chowk",
    "depot": "Tapovan Depot",
    "locationConfidence": "verified",
    "locationSource": "NMPML (Citilinc) RTI reply 3120/2026, 17 Aug 2026"
   }
  },
  {
   "type": "Feature",
   "geometry": {
    "type": "Point",
    "coordinates": [
     73.71786,
     19.94663
    ]
   },
   "properties": {
    "Name": "Hanuman Mandir (Gharkul Shivar)",
    "depot": "Tapovan Depot",
    "locationConfidence": "verified",
    "locationSource": "NMPML (Citilinc) RTI reply 3120/2026, 17 Aug 2026"
   }
  },
  {
   "type": "Feature",
   "geometry": {
    "type": "Point",
    "coordinates": [
     73.71524,
     19.94408
    ]
   },
   "properties": {
    "Name": "Lahuji Nagar (D)",
    "depot": "Tapovan Depot",
    "side": "down",
    "locationConfidence": "verified",
    "locationSource": "NMPML (Citilinc) RTI reply 3120/2026, 17 Aug 2026"
   }
  },
  {
   "type": "Feature",
   "geometry": {
    "type": "Point",
    "coordinates": [
     73.71787,
     19.94648
    ]
   },
   "properties": {
    "Name": "Hanuman Temple (Gharkul)",
    "depot": "Tapovan Depot",
    "locationConfidence": "verified",
    "locationSource": "NMPML (Citilinc) RTI reply 3120/2026, 17 Aug 2026"
   }
  },
  {
   "type": "Feature",
   "geometry": {
    "type": "Point",
    "coordinates": [
     73.71998,
     19.94867
    ]
   },
   "properties": {
    "Name": "A.P.C Company / Mauli Chowk",
    "depot": "Tapovan Depot",
    "locationConfidence": "verified",
    "locationSource": "NMPML (Citilinc) RTI reply 3120/2026, 17 Aug 2026"
   }
  },
  {
   "type": "Feature",
   "geometry": {
    "type": "Point",
    "coordinates": [
     73.72689,
     19.95425
    ]
   },
   "properties": {
    "Name": "Abhishek Bakery",
    "depot": "Tapovan Depot",
    "locationConfidence": "verified",
    "locationSource": "NMPML (Citilinc) RTI reply 3120/2026, 17 Aug 2026"
   }
  },
  {
   "type": "Feature",
   "geometry": {
    "type": "Point",
    "coordinates": [
     73.73099,
     19.95818
    ]
   },
   "properties": {
    "Name": "Maruti Sankul / Kanifnath Nagar",
    "depot": "Tapovan Depot",
    "locationConfidence": "verified",
    "locationSource": "NMPML (Citilinc) RTI reply 3120/2026, 17 Aug 2026"
   }
  },
  {
   "type": "Feature",
   "geometry": {
    "type": "Point",
    "coordinates": [
     73.73323,
     19.95869
    ]
   },
   "properties": {
    "Name": "Datir Nagar",
    "depot": "Tapovan Depot",
    "locationConfidence": "verified",
    "locationSource": "NMPML (Citilinc) RTI reply 3120/2026, 17 Aug 2026"
   }
  },
  {
   "type": "Feature",
   "geometry": {
    "type": "Point",
    "coordinates": [
     73.73443,
     19.95986
    ]
   },
   "properties": {
    "Name": "Nashik Cluster",
    "depot": "Tapovan Depot",
    "locationConfidence": "verified",
    "locationSource": "NMPML (Citilinc) RTI reply 3120/2026, 17 Aug 2026"
   }
  },
  {
   "type": "Feature",
   "geometry": {
    "type": "Point",
    "coordinates": [
     73.74149,
     19.96171
    ]
   },
   "properties": {
    "Name": "Maruti Sankul",
    "depot": "Tapovan Depot",
    "locationConfidence": "verified",
    "locationSource": "NMPML (Citilinc) RTI reply 3120/2026, 17 Aug 2026"
   }
  },
  {
   "type": "Feature",
   "geometry": {
    "type": "Point",
    "coordinates": [
     73.85692,
     20.03125
    ]
   },
   "properties": {
    "Name": "Medical Phata 3",
    "depot": "Tapovan Depot",
    "locationConfidence": "verified",
    "locationSource": "NMPML (Citilinc) RTI reply 3120/2026, 17 Aug 2026"
   }
  },
  {
   "type": "Feature",
   "geometry": {
    "type": "Point",
    "coordinates": [
     73.72662,
     19.99028
    ]
   },
   "properties": {
    "Name": "Chhatrapati Shivaji Vidyalaya",
    "depot": "Tapovan Depot",
    "locationConfidence": "verified",
    "locationSource": "NMPML (Citilinc) RTI reply 3120/2026, 17 Aug 2026"
   }
  },
  {
   "type": "Feature",
   "geometry": {
    "type": "Point",
    "coordinates": [
     73.90199,
     19.91839
    ]
   },
   "properties": {
    "Name": "Chari (Shindegaon)",
    "depot": "Nashik Road Depot",
    "locationConfidence": "verified",
    "locationSource": "NMPML (Citilinc) RTI reply 3120/2026, 17 Aug 2026"
   }
  },
  {
   "type": "Feature",
   "geometry": {
    "type": "Point",
    "coordinates": [
     73.90599,
     19.91993
    ]
   },
   "properties": {
    "Name": "UDL Company (Shinde)",
    "depot": "Nashik Road Depot",
    "locationConfidence": "verified",
    "locationSource": "NMPML (Citilinc) RTI reply 3120/2026, 17 Aug 2026"
   }
  },
  {
   "type": "Feature",
   "geometry": {
    "type": "Point",
    "coordinates": [
     73.88148,
     19.92186
    ]
   },
   "properties": {
    "Name": "S.T. Colony",
    "depot": "Nashik Road Depot",
    "locationConfidence": "verified",
    "locationSource": "NMPML (Citilinc) RTI reply 3120/2026, 17 Aug 2026"
   }
  },
  {
   "type": "Feature",
   "geometry": {
    "type": "Point",
    "coordinates": [
     74.00685,
     20.0058
    ]
   },
   "properties": {
    "Name": "Mamu Sheth Vasti",
    "depot": "Nashik Road Depot",
    "locationConfidence": "verified",
    "locationSource": "NMPML (Citilinc) RTI reply 3120/2026, 17 Aug 2026"
   }
  },
  {
   "type": "Feature",
   "geometry": {
    "type": "Point",
    "coordinates": [
     74.00589,
     19.9943
    ]
   },
   "properties": {
    "Name": "Berwadi Fata",
    "depot": "Nashik Road Depot",
    "locationConfidence": "verified",
    "locationSource": "NMPML (Citilinc) RTI reply 3120/2026, 17 Aug 2026"
   }
  },
  {
   "type": "Feature",
   "geometry": {
    "type": "Point",
    "coordinates": [
     73.9965,
     19.99467
    ]
   },
   "properties": {
    "Name": "Chatori Gaon",
    "depot": "Nashik Road Depot",
    "locationConfidence": "verified",
    "locationSource": "NMPML (Citilinc) RTI reply 3120/2026, 17 Aug 2026"
   }
  },
  {
   "type": "Feature",
   "geometry": {
    "type": "Point",
    "coordinates": [
     73.99079,
     19.98672
    ]
   },
   "properties": {
    "Name": "Anand Wadi Fata",
    "depot": "Nashik Road Depot",
    "locationConfidence": "verified",
    "locationSource": "NMPML (Citilinc) RTI reply 3120/2026, 17 Aug 2026"
   }
  },
  {
   "type": "Feature",
   "geometry": {
    "type": "Point",
    "coordinates": [
     73.97919,
     19.97383
    ]
   },
   "properties": {
    "Name": "Juni Sawali",
    "depot": "Nashik Road Depot",
    "locationConfidence": "verified",
    "locationSource": "NMPML (Citilinc) RTI reply 3120/2026, 17 Aug 2026"
   }
  },
  {
   "type": "Feature",
   "geometry": {
    "type": "Point",
    "coordinates": [
     73.98,
     19.96517
    ]
   },
   "properties": {
    "Name": "Navin Sawali",
    "depot": "Nashik Road Depot",
    "locationConfidence": "verified",
    "locationSource": "NMPML (Citilinc) RTI reply 3120/2026, 17 Aug 2026"
   }
  },
  {
   "type": "Feature",
   "geometry": {
    "type": "Point",
    "coordinates": [
     73.97964,
     19.95913
    ]
   },
   "properties": {
    "Name": "Chavan Mala",
    "depot": "Nashik Road Depot",
    "locationConfidence": "verified",
    "locationSource": "NMPML (Citilinc) RTI reply 3120/2026, 17 Aug 2026"
   }
  },
  {
   "type": "Feature",
   "geometry": {
    "type": "Point",
    "coordinates": [
     73.97739,
     19.95359
    ]
   },
   "properties": {
    "Name": "Naigaon Market Yard",
    "depot": "Nashik Road Depot",
    "locationConfidence": "verified",
    "locationSource": "NMPML (Citilinc) RTI reply 3120/2026, 17 Aug 2026"
   }
  },
  {
   "type": "Feature",
   "geometry": {
    "type": "Point",
    "coordinates": [
     73.96737,
     19.95316
    ]
   },
   "properties": {
    "Name": "Naigaon",
    "depot": "Nashik Road Depot",
    "locationConfidence": "verified",
    "locationSource": "NMPML (Citilinc) RTI reply 3120/2026, 17 Aug 2026"
   }
  },
  {
   "type": "Feature",
   "geometry": {
    "type": "Point",
    "coordinates": [
     73.96434,
     19.9523
    ]
   },
   "properties": {
    "Name": "Godavari Agro",
    "depot": "Nashik Road Depot",
    "locationConfidence": "verified",
    "locationSource": "NMPML (Citilinc) RTI reply 3120/2026, 17 Aug 2026"
   }
  },
  {
   "type": "Feature",
   "geometry": {
    "type": "Point",
    "coordinates": [
     73.69941,
     19.9023
    ]
   },
   "properties": {
    "Name": "Amro College",
    "depot": "Tapovan Depot",
    "locationConfidence": "verified",
    "locationSource": "NMPML (Citilinc) RTI reply 3120/2026, 17 Aug 2026"
   }
  },
  {
   "type": "Feature",
   "geometry": {
    "type": "Point",
    "coordinates": [
     73.96733,
     20.13411
    ]
   },
   "properties": {
    "Name": "Canol Ojhar Road",
    "depot": "Tapovan Depot",
    "locationConfidence": "verified",
    "locationSource": "NMPML (Citilinc) RTI reply 3120/2026, 17 Aug 2026"
   }
  },
  {
   "type": "Feature",
   "geometry": {
    "type": "Point",
    "coordinates": [
     73.95289,
     20.11665
    ]
   },
   "properties": {
    "Name": "H.A.L Highway Stop",
    "depot": "Tapovan Depot",
    "locationConfidence": "verified",
    "locationSource": "NMPML (Citilinc) RTI reply 3120/2026, 17 Aug 2026"
   }
  },
  {
   "type": "Feature",
   "geometry": {
    "type": "Point",
    "coordinates": [
     73.93947,
     20.10496
    ]
   },
   "properties": {
    "Name": "H.A.L Gate A",
    "depot": "Tapovan Depot",
    "locationConfidence": "verified",
    "locationSource": "NMPML (Citilinc) RTI reply 3120/2026, 17 Aug 2026"
   }
  },
  {
   "type": "Feature",
   "geometry": {
    "type": "Point",
    "coordinates": [
     73.92439,
     20.09525
    ]
   },
   "properties": {
    "Name": "Gadakh Corner (U)",
    "depot": "Tapovan Depot",
    "side": "up",
    "locationConfidence": "verified",
    "locationSource": "NMPML (Citilinc) RTI reply 3120/2026, 17 Aug 2026"
   }
  },
  {
   "type": "Feature",
   "geometry": {
    "type": "Point",
    "coordinates": [
     73.93163,
     20.09369
    ]
   },
   "properties": {
    "Name": "Milind Nagar",
    "depot": "Tapovan Depot",
    "locationConfidence": "verified",
    "locationSource": "NMPML (Citilinc) RTI reply 3120/2026, 17 Aug 2026"
   }
  },
  {
   "type": "Feature",
   "geometry": {
    "type": "Point",
    "coordinates": [
     73.9299,
     20.09325
    ]
   },
   "properties": {
    "Name": "Maharana Pratap Chowk 1",
    "depot": "Tapovan Depot",
    "locationConfidence": "verified",
    "locationSource": "NMPML (Citilinc) RTI reply 3120/2026, 17 Aug 2026"
   }
  },
  {
   "type": "Feature",
   "geometry": {
    "type": "Point",
    "coordinates": [
     73.8054,
     20.07578
    ]
   },
   "properties": {
    "Name": "Mahanagar Palika Hadda (Kaman)",
    "depot": "Tapovan Depot",
    "locationConfidence": "verified",
    "locationSource": "NMPML (Citilinc) RTI reply 3120/2026, 17 Aug 2026"
   }
  },
  {
   "type": "Feature",
   "geometry": {
    "type": "Point",
    "coordinates": [
     73.80402,
     20.08178
    ]
   },
   "properties": {
    "Name": "Manori Fata",
    "depot": "Tapovan Depot",
    "locationConfidence": "verified",
    "locationSource": "NMPML (Citilinc) RTI reply 3120/2026, 17 Aug 2026"
   }
  },
  {
   "type": "Feature",
   "geometry": {
    "type": "Point",
    "coordinates": [
     73.8065,
     20.09616
    ]
   },
   "properties": {
    "Name": "Toll Naka (Dindori)",
    "depot": "Tapovan Depot",
    "locationConfidence": "verified",
    "locationSource": "NMPML (Citilinc) RTI reply 3120/2026, 17 Aug 2026"
   }
  },
  {
   "type": "Feature",
   "geometry": {
    "type": "Point",
    "coordinates": [
     73.807,
     20.1037
    ]
   },
   "properties": {
    "Name": "Dhakambe",
    "depot": "Tapovan Depot",
    "locationConfidence": "verified",
    "locationSource": "NMPML (Citilinc) RTI reply 3120/2026, 17 Aug 2026"
   }
  },
  {
   "type": "Feature",
   "geometry": {
    "type": "Point",
    "coordinates": [
     73.80837,
     20.11138
    ]
   },
   "properties": {
    "Name": "Bhagwanrao Bodke Farm",
    "depot": "Tapovan Depot",
    "locationConfidence": "verified",
    "locationSource": "NMPML (Citilinc) RTI reply 3120/2026, 17 Aug 2026"
   }
  },
  {
   "type": "Feature",
   "geometry": {
    "type": "Point",
    "coordinates": [
     73.80972,
     20.11696
    ]
   },
   "properties": {
    "Name": "Pimpalnare",
    "depot": "Tapovan Depot",
    "locationConfidence": "verified",
    "locationSource": "NMPML (Citilinc) RTI reply 3120/2026, 17 Aug 2026"
   }
  },
  {
   "type": "Feature",
   "geometry": {
    "type": "Point",
    "coordinates": [
     73.81183,
     20.12411
    ]
   },
   "properties": {
    "Name": "LPG Petrol Pump",
    "depot": "Tapovan Depot",
    "locationConfidence": "verified",
    "locationSource": "NMPML (Citilinc) RTI reply 3120/2026, 17 Aug 2026"
   }
  },
  {
   "type": "Feature",
   "geometry": {
    "type": "Point",
    "coordinates": [
     73.81283,
     20.12822
    ]
   },
   "properties": {
    "Name": "Kathwad Nagar",
    "depot": "Tapovan Depot",
    "locationConfidence": "verified",
    "locationSource": "NMPML (Citilinc) RTI reply 3120/2026, 17 Aug 2026"
   }
  },
  {
   "type": "Feature",
   "geometry": {
    "type": "Point",
    "coordinates": [
     73.81459,
     20.13525
    ]
   },
   "properties": {
    "Name": "Shahid Yashwant Nagar",
    "depot": "Tapovan Depot",
    "locationConfidence": "verified",
    "locationSource": "NMPML (Citilinc) RTI reply 3120/2026, 17 Aug 2026"
   }
  },
  {
   "type": "Feature",
   "geometry": {
    "type": "Point",
    "coordinates": [
     73.81813,
     20.14188
    ]
   },
   "properties": {
    "Name": "Talegaon",
    "depot": "Tapovan Depot",
    "locationConfidence": "verified",
    "locationSource": "NMPML (Citilinc) RTI reply 3120/2026, 17 Aug 2026"
   }
  },
  {
   "type": "Feature",
   "geometry": {
    "type": "Point",
    "coordinates": [
     73.81897,
     20.1436
    ]
   },
   "properties": {
    "Name": "Datta Mandir 1",
    "depot": "Tapovan Depot",
    "locationConfidence": "verified",
    "locationSource": "NMPML (Citilinc) RTI reply 3120/2026, 17 Aug 2026"
   }
  },
  {
   "type": "Feature",
   "geometry": {
    "type": "Point",
    "coordinates": [
     73.81957,
     20.14593
    ]
   },
   "properties": {
    "Name": "Sarkari Dawakhana",
    "depot": "Tapovan Depot",
    "locationConfidence": "verified",
    "locationSource": "NMPML (Citilinc) RTI reply 3120/2026, 17 Aug 2026"
   }
  },
  {
   "type": "Feature",
   "geometry": {
    "type": "Point",
    "coordinates": [
     73.82208,
     20.1571
    ]
   },
   "properties": {
    "Name": "Akrale Fata",
    "depot": "Tapovan Depot",
    "locationConfidence": "verified",
    "locationSource": "NMPML (Citilinc) RTI reply 3120/2026, 17 Aug 2026"
   }
  },
  {
   "type": "Feature",
   "geometry": {
    "type": "Point",
    "coordinates": [
     73.82511,
     20.16841
    ]
   },
   "properties": {
    "Name": "Bharat Petrol Pump",
    "depot": "Tapovan Depot",
    "locationConfidence": "verified",
    "locationSource": "NMPML (Citilinc) RTI reply 3120/2026, 17 Aug 2026"
   }
  },
  {
   "type": "Feature",
   "geometry": {
    "type": "Point",
    "coordinates": [
     73.82642,
     20.17694
    ]
   },
   "properties": {
    "Name": "Poultry Farm",
    "depot": "Tapovan Depot",
    "locationConfidence": "verified",
    "locationSource": "NMPML (Citilinc) RTI reply 3120/2026, 17 Aug 2026"
   }
  },
  {
   "type": "Feature",
   "geometry": {
    "type": "Point",
    "coordinates": [
     73.82741,
     20.18519
    ]
   },
   "properties": {
    "Name": "Vanarwadi Fata",
    "depot": "Tapovan Depot",
    "locationConfidence": "verified",
    "locationSource": "NMPML (Citilinc) RTI reply 3120/2026, 17 Aug 2026"
   }
  },
  {
   "type": "Feature",
   "geometry": {
    "type": "Point",
    "coordinates": [
     73.82812,
     20.18795
    ]
   },
   "properties": {
    "Name": "Raje Vasti",
    "depot": "Tapovan Depot",
    "locationConfidence": "verified",
    "locationSource": "NMPML (Citilinc) RTI reply 3120/2026, 17 Aug 2026"
   }
  },
  {
   "type": "Feature",
   "geometry": {
    "type": "Point",
    "coordinates": [
     73.8313,
     20.19733
    ]
   },
   "properties": {
    "Name": "Padekar Nagar",
    "depot": "Tapovan Depot",
    "locationConfidence": "verified",
    "locationSource": "NMPML (Citilinc) RTI reply 3120/2026, 17 Aug 2026"
   }
  },
  {
   "type": "Feature",
   "geometry": {
    "type": "Point",
    "coordinates": [
     73.83071,
     20.20164
    ]
   },
   "properties": {
    "Name": "Dindori Bus Stand",
    "depot": "Tapovan Depot",
    "locationConfidence": "verified",
    "locationSource": "NMPML (Citilinc) RTI reply 3120/2026, 17 Aug 2026"
   }
  },
  {
   "type": "Feature",
   "geometry": {
    "type": "Point",
    "coordinates": [
     73.93169,
     20.09022
    ]
   },
   "properties": {
    "Name": "Shinde Vasti / Kadam Vasti",
    "depot": "Tapovan Depot",
    "locationConfidence": "verified",
    "locationSource": "NMPML (Citilinc) RTI reply 3120/2026, 17 Aug 2026"
   }
  },
  {
   "type": "Feature",
   "geometry": {
    "type": "Point",
    "coordinates": [
     73.93398,
     20.08492
    ]
   },
   "properties": {
    "Name": "ITI (Ozar)",
    "depot": "Tapovan Depot",
    "locationConfidence": "verified",
    "locationSource": "NMPML (Citilinc) RTI reply 3120/2026, 17 Aug 2026"
   }
  },
  {
   "type": "Feature",
   "geometry": {
    "type": "Point",
    "coordinates": [
     73.92671,
     20.08623
    ]
   },
   "properties": {
    "Name": "Sonewadi Fata",
    "depot": "Tapovan Depot",
    "locationConfidence": "verified",
    "locationSource": "NMPML (Citilinc) RTI reply 3120/2026, 17 Aug 2026"
   }
  },
  {
   "type": "Feature",
   "geometry": {
    "type": "Point",
    "coordinates": [
     73.92356,
     20.08929
    ]
   },
   "properties": {
    "Name": "Saikheda Chaufuli Ozar",
    "depot": "Tapovan Depot",
    "locationConfidence": "verified",
    "locationSource": "NMPML (Citilinc) RTI reply 3120/2026, 17 Aug 2026"
   }
  },
  {
   "type": "Feature",
   "geometry": {
    "type": "Point",
    "coordinates": [
     73.92495,
     20.0954
    ]
   },
   "properties": {
    "Name": "Gadakh Corner (D)",
    "depot": "Tapovan Depot",
    "side": "down",
    "locationConfidence": "verified",
    "locationSource": "NMPML (Citilinc) RTI reply 3120/2026, 17 Aug 2026"
   }
  },
  {
   "type": "Feature",
   "geometry": {
    "type": "Point",
    "coordinates": [
     73.93754,
     20.10403
    ]
   },
   "properties": {
    "Name": "H.A.L Main Gate 1",
    "depot": "Tapovan Depot",
    "locationConfidence": "verified",
    "locationSource": "NMPML (Citilinc) RTI reply 3120/2026, 17 Aug 2026"
   }
  },
  {
   "type": "Feature",
   "geometry": {
    "type": "Point",
    "coordinates": [
     73.99555,
     20.02403
    ]
   },
   "properties": {
    "Name": "Chandori Choufuli",
    "depot": "Tapovan Depot",
    "locationConfidence": "verified",
    "locationSource": "NMPML (Citilinc) RTI reply 3120/2026, 17 Aug 2026"
   }
  },
  {
   "type": "Feature",
   "geometry": {
    "type": "Point",
    "coordinates": [
     73.72658,
     19.97215
    ]
   },
   "properties": {
    "Name": "Virat Nagar",
    "depot": "Tapovan Depot",
    "locationConfidence": "verified",
    "locationSource": "NMPML (Citilinc) RTI reply 3120/2026, 17 Aug 2026"
   }
  },
  {
   "type": "Feature",
   "geometry": {
    "type": "Point",
    "coordinates": [
     73.92277,
     20.00015
    ]
   },
   "properties": {
    "Name": "Lakhalgaon",
    "depot": "Nashik Road Depot",
    "locationConfidence": "verified",
    "locationSource": "NMPML (Citilinc) RTI reply 3120/2026, 17 Aug 2026"
   }
  },
  {
   "type": "Feature",
   "geometry": {
    "type": "Point",
    "coordinates": [
     73.84755,
     19.94711
    ]
   },
   "properties": {
    "Name": "Sinner Phata 1",
    "depot": "Nashik Road Depot",
    "locationConfidence": "verified",
    "locationSource": "NMPML (Citilinc) RTI reply 3120/2026, 17 Aug 2026"
   }
  },
  {
   "type": "Feature",
   "geometry": {
    "type": "Point",
    "coordinates": [
     73.74296,
     19.94322
    ]
   },
   "properties": {
    "Name": "Garware",
    "depot": "Nashik Road Depot",
    "locationConfidence": "verified",
    "locationSource": "NMPML (Citilinc) RTI reply 3120/2026, 17 Aug 2026"
   }
  },
  {
   "type": "Feature",
   "geometry": {
    "type": "Point",
    "coordinates": [
     73.7149,
     19.92147
    ]
   },
   "properties": {
    "Name": "Sarul Fata (U)",
    "depot": "Tapovan Depot",
    "side": "up",
    "locationConfidence": "verified",
    "locationSource": "NMPML (Citilinc) RTI reply 3120/2026, 17 Aug 2026"
   }
  },
  {
   "type": "Feature",
   "geometry": {
    "type": "Point",
    "coordinates": [
     73.722,
     19.93
    ]
   },
   "properties": {
    "Name": "Jain Mandir (U)",
    "depot": "Tapovan Depot",
    "side": "up",
    "locationConfidence": "verified",
    "locationSource": "NMPML (Citilinc) RTI reply 3120/2026, 17 Aug 2026"
   }
  },
  {
   "type": "Feature",
   "geometry": {
    "type": "Point",
    "coordinates": [
     73.72512,
     19.93211
    ]
   },
   "properties": {
    "Name": "Dongar Baba Mandir (U)",
    "depot": "Tapovan Depot",
    "side": "up",
    "locationConfidence": "verified",
    "locationSource": "NMPML (Citilinc) RTI reply 3120/2026, 17 Aug 2026"
   }
  },
  {
   "type": "Feature",
   "geometry": {
    "type": "Point",
    "coordinates": [
     73.73599,
     19.93656
    ]
   },
   "properties": {
    "Name": "Gaulane Fata (U)",
    "depot": "Tapovan Depot",
    "side": "up",
    "locationConfidence": "verified",
    "locationSource": "NMPML (Citilinc) RTI reply 3120/2026, 17 Aug 2026"
   }
  },
  {
   "type": "Feature",
   "geometry": {
    "type": "Point",
    "coordinates": [
     73.80881,
     19.99418
    ]
   },
   "properties": {
    "Name": "Jai Shankar Garden (D)",
    "depot": "Nashik Road Depot",
    "side": "down",
    "locationConfidence": "verified",
    "locationSource": "NMPML (Citilinc) RTI reply 3120/2026, 17 Aug 2026"
   }
  },
  {
   "type": "Feature",
   "geometry": {
    "type": "Point",
    "coordinates": [
     73.79984,
     19.99053
    ]
   },
   "properties": {
    "Name": "Kathe Galli Signal",
    "depot": "Nashik Road Depot",
    "locationConfidence": "verified",
    "locationSource": "NMPML (Citilinc) RTI reply 3120/2026, 17 Aug 2026"
   }
  },
  {
   "type": "Feature",
   "geometry": {
    "type": "Point",
    "coordinates": [
     73.80473,
     19.99021
    ]
   },
   "properties": {
    "Name": "Trikoni Garden",
    "depot": "Nashik Road Depot",
    "locationConfidence": "verified",
    "locationSource": "NMPML (Citilinc) RTI reply 3120/2026, 17 Aug 2026"
   }
  },
  {
   "type": "Feature",
   "geometry": {
    "type": "Point",
    "coordinates": [
     73.80555,
     19.9919
    ]
   },
   "properties": {
    "Name": "Ganesh Nagar 1",
    "depot": "Tapovan Depot",
    "locationConfidence": "verified",
    "locationSource": "NMPML (Citilinc) RTI reply 3120/2026, 17 Aug 2026"
   }
  },
  {
   "type": "Feature",
   "geometry": {
    "type": "Point",
    "coordinates": [
     73.81334,
     19.99224
    ]
   },
   "properties": {
    "Name": "Geetai Nagar",
    "depot": "Nashik Road Depot",
    "locationConfidence": "verified",
    "locationSource": "NMPML (Citilinc) RTI reply 3120/2026, 17 Aug 2026"
   }
  },
  {
   "type": "Feature",
   "geometry": {
    "type": "Point",
    "coordinates": [
     73.81766,
     19.98353
    ]
   },
   "properties": {
    "Name": "Samata Nagar (U) Takali Rd",
    "depot": "Tapovan Depot",
    "locationConfidence": "verified",
    "locationSource": "NMPML (Citilinc) RTI reply 3120/2026, 17 Aug 2026"
   }
  },
  {
   "type": "Feature",
   "geometry": {
    "type": "Point",
    "coordinates": [
     73.75804,
     19.96907
    ]
   },
   "properties": {
    "Name": "Pandit Nagar",
    "depot": "Tapovan Depot",
    "locationConfidence": "verified",
    "locationSource": "NMPML (Citilinc) RTI reply 3120/2026, 17 Aug 2026"
   }
  },
  {
   "type": "Feature",
   "geometry": {
    "type": "Point",
    "coordinates": [
     73.75915,
     19.97398
    ]
   },
   "properties": {
    "Name": "Kalbhairav Chowk",
    "depot": "Tapovan Depot",
    "locationConfidence": "verified",
    "locationSource": "NMPML (Citilinc) RTI reply 3120/2026, 17 Aug 2026"
   }
  },
  {
   "type": "Feature",
   "geometry": {
    "type": "Point",
    "coordinates": [
     73.75978,
     19.97684
    ]
   },
   "properties": {
    "Name": "Mahalakshmi Chowk",
    "depot": "Tapovan Depot",
    "locationConfidence": "verified",
    "locationSource": "NMPML (Citilinc) RTI reply 3120/2026, 17 Aug 2026"
   }
  },
  {
   "type": "Feature",
   "geometry": {
    "type": "Point",
    "coordinates": [
     73.76005,
     19.98161
    ]
   },
   "properties": {
    "Name": "Gargi College",
    "depot": "Tapovan Depot",
    "locationConfidence": "verified",
    "locationSource": "NMPML (Citilinc) RTI reply 3120/2026, 17 Aug 2026"
   }
  },
  {
   "type": "Feature",
   "geometry": {
    "type": "Point",
    "coordinates": [
     73.76052,
     19.98383
    ]
   },
   "properties": {
    "Name": "Patil Nagar Graound",
    "depot": "Tapovan Depot",
    "locationConfidence": "verified",
    "locationSource": "NMPML (Citilinc) RTI reply 3120/2026, 17 Aug 2026"
   }
  },
  {
   "type": "Feature",
   "geometry": {
    "type": "Point",
    "coordinates": [
     73.76309,
     19.9844
    ]
   },
   "properties": {
    "Name": "Wani Clinic",
    "depot": "Tapovan Depot",
    "locationConfidence": "verified",
    "locationSource": "NMPML (Citilinc) RTI reply 3120/2026, 17 Aug 2026"
   }
  },
  {
   "type": "Feature",
   "geometry": {
    "type": "Point",
    "coordinates": [
     73.76593,
     19.98423
    ]
   },
   "properties": {
    "Name": "Rugn Imperia",
    "depot": "Tapovan Depot",
    "locationConfidence": "verified",
    "locationSource": "NMPML (Citilinc) RTI reply 3120/2026, 17 Aug 2026"
   }
  },
  {
   "type": "Feature",
   "geometry": {
    "type": "Point",
    "coordinates": [
     73.76606,
     19.98617
    ]
   },
   "properties": {
    "Name": "Raje Sambhaji Vyayam Shala",
    "depot": "Tapovan Depot",
    "locationConfidence": "verified",
    "locationSource": "NMPML (Citilinc) RTI reply 3120/2026, 17 Aug 2026"
   }
  },
  {
   "type": "Feature",
   "geometry": {
    "type": "Point",
    "coordinates": [
     73.72423,
     19.98625
    ]
   },
   "properties": {
    "Name": "Papaya Nursary / Ambad Phata",
    "depot": "Tapovan Depot",
    "locationConfidence": "verified",
    "locationSource": "NMPML (Citilinc) RTI reply 3120/2026, 17 Aug 2026"
   }
  },
  {
   "type": "Feature",
   "geometry": {
    "type": "Point",
    "coordinates": [
     73.7202,
     19.98445
    ]
   },
   "properties": {
    "Name": "Jadhav Sankul Gate / Amrut Garden 1",
    "depot": "Tapovan Depot",
    "locationConfidence": "verified",
    "locationSource": "NMPML (Citilinc) RTI reply 3120/2026, 17 Aug 2026"
   }
  },
  {
   "type": "Feature",
   "geometry": {
    "type": "Point",
    "coordinates": [
     73.67988,
     19.97198
    ]
   },
   "properties": {
    "Name": "Sanskruti Hotel (D)",
    "depot": "Tapovan Depot",
    "side": "down",
    "locationConfidence": "verified",
    "locationSource": "NMPML (Citilinc) RTI reply 3120/2026, 17 Aug 2026"
   }
  },
  {
   "type": "Feature",
   "geometry": {
    "type": "Point",
    "coordinates": [
     73.66983,
     19.96898
    ]
   },
   "properties": {
    "Name": "Sandip Foundation Admin Gate (D)",
    "depot": "Tapovan Depot",
    "side": "down",
    "locationConfidence": "verified",
    "locationSource": "NMPML (Citilinc) RTI reply 3120/2026, 17 Aug 2026"
   }
  },
  {
   "type": "Feature",
   "geometry": {
    "type": "Point",
    "coordinates": [
     73.66617,
     19.96757
    ]
   },
   "properties": {
    "Name": "Sandip Foundation Main Gate (D)",
    "depot": "Tapovan Depot",
    "side": "down",
    "locationConfidence": "verified",
    "locationSource": "NMPML (Citilinc) RTI reply 3120/2026, 17 Aug 2026"
   }
  },
  {
   "type": "Feature",
   "geometry": {
    "type": "Point",
    "coordinates": [
     73.59173,
     19.95471
    ]
   },
   "properties": {
    "Name": "Anjneri Phata",
    "depot": "Tapovan Depot",
    "locationConfidence": "verified",
    "locationSource": "NMPML (Citilinc) RTI reply 3120/2026, 17 Aug 2026"
   }
  },
  {
   "type": "Feature",
   "geometry": {
    "type": "Point",
    "coordinates": [
     73.53682,
     19.93782
    ]
   },
   "properties": {
    "Name": "Gajanan Maharaj Mandir (U)",
    "depot": "Tapovan Depot",
    "side": "up",
    "locationConfidence": "verified",
    "locationSource": "NMPML (Citilinc) RTI reply 3120/2026, 17 Aug 2026"
   }
  },
  {
   "type": "Feature",
   "geometry": {
    "type": "Point",
    "coordinates": [
     73.60808,
     19.9577
    ]
   },
   "properties": {
    "Name": "Water Park",
    "depot": "Tapovan Depot",
    "locationConfidence": "verified",
    "locationSource": "NMPML (Citilinc) RTI reply 3120/2026, 17 Aug 2026"
   }
  },
  {
   "type": "Feature",
   "geometry": {
    "type": "Point",
    "coordinates": [
     73.66624,
     19.96746
    ]
   },
   "properties": {
    "Name": "Sandip Foundation Main Gate (U)",
    "depot": "Tapovan Depot",
    "side": "up",
    "locationConfidence": "verified",
    "locationSource": "NMPML (Citilinc) RTI reply 3120/2026, 17 Aug 2026"
   }
  },
  {
   "type": "Feature",
   "geometry": {
    "type": "Point",
    "coordinates": [
     73.68559,
     19.97373
    ]
   },
   "properties": {
    "Name": "Belgaon Dhaga Phata (D)",
    "depot": "Tapovan Depot",
    "side": "down",
    "locationConfidence": "verified",
    "locationSource": "NMPML (Citilinc) RTI reply 3120/2026, 17 Aug 2026"
   }
  },
  {
   "type": "Feature",
   "geometry": {
    "type": "Point",
    "coordinates": [
     73.71812,
     19.98308
    ]
   },
   "properties": {
    "Name": "Jadhav Sankul Gate / Amrut Garden",
    "depot": "Tapovan Depot",
    "locationConfidence": "verified",
    "locationSource": "NMPML (Citilinc) RTI reply 3120/2026, 17 Aug 2026"
   }
  },
  {
   "type": "Feature",
   "geometry": {
    "type": "Point",
    "coordinates": [
     73.72283,
     19.98535
    ]
   },
   "properties": {
    "Name": "Papaya Nursary / Ambad Phata 1 (U)",
    "depot": "Tapovan Depot",
    "side": "up",
    "locationConfidence": "verified",
    "locationSource": "NMPML (Citilinc) RTI reply 3120/2026, 17 Aug 2026"
   }
  },
  {
   "type": "Feature",
   "geometry": {
    "type": "Point",
    "coordinates": [
     73.7977,
     19.99414
    ]
   },
   "properties": {
    "Name": "Dwarka 3",
    "depot": "Nashik Road Depot",
    "locationConfidence": "verified",
    "locationSource": "NMPML (Citilinc) RTI reply 3120/2026, 17 Aug 2026"
   }
  },
  {
   "type": "Feature",
   "geometry": {
    "type": "Point",
    "coordinates": [
     73.79762,
     19.99456
    ]
   },
   "properties": {
    "Name": "Dwarka",
    "depot": "Nashik Road Depot",
    "locationConfidence": "verified",
    "locationSource": "NMPML (Citilinc) RTI reply 3120/2026, 17 Aug 2026"
   }
  },
  {
   "type": "Feature",
   "geometry": {
    "type": "Point",
    "coordinates": [
     73.7698,
     19.99471
    ]
   },
   "properties": {
    "Name": "Sharanpur Police Chowki",
    "depot": "Nashik Road Depot",
    "locationConfidence": "verified",
    "locationSource": "NMPML (Citilinc) RTI reply 3120/2026, 17 Aug 2026"
   }
  },
  {
   "type": "Feature",
   "geometry": {
    "type": "Point",
    "coordinates": [
     73.82718,
     20.027
    ]
   },
   "properties": {
    "Name": "Mane Nagar / Gajanan Colony",
    "depot": "Nashik Road Depot",
    "locationConfidence": "verified",
    "locationSource": "NMPML (Citilinc) RTI reply 3120/2026, 17 Aug 2026"
   }
  },
  {
   "type": "Feature",
   "geometry": {
    "type": "Point",
    "coordinates": [
     73.78375,
     19.99347
    ]
   },
   "properties": {
    "Name": "Gadkari Chowk",
    "depot": "Nashik Road Depot",
    "locationConfidence": "verified",
    "locationSource": "NMPML (Citilinc) RTI reply 3120/2026, 17 Aug 2026"
   }
  },
  {
   "type": "Feature",
   "geometry": {
    "type": "Point",
    "coordinates": [
     73.82926,
     20.02495
    ]
   },
   "properties": {
    "Name": "Nirmal Nagar Police Chowki",
    "depot": "Nashik Road Depot",
    "locationConfidence": "verified",
    "locationSource": "NMPML (Citilinc) RTI reply 3120/2026, 17 Aug 2026"
   }
  },
  {
   "type": "Feature",
   "geometry": {
    "type": "Point",
    "coordinates": [
     73.80884,
     20.03229
    ]
   },
   "properties": {
    "Name": "Gayatri Nagar / Rajmata",
    "depot": "Nashik Road Depot",
    "locationConfidence": "verified",
    "locationSource": "NMPML (Citilinc) RTI reply 3120/2026, 17 Aug 2026"
   }
  },
  {
   "type": "Feature",
   "geometry": {
    "type": "Point",
    "coordinates": [
     73.79896,
     20.03404
    ]
   },
   "properties": {
    "Name": "Goraksh Nagar Corner",
    "depot": "Tapovan Depot",
    "locationConfidence": "verified",
    "locationSource": "NMPML (Citilinc) RTI reply 3120/2026, 17 Aug 2026"
   }
  },
  {
   "type": "Feature",
   "geometry": {
    "type": "Point",
    "coordinates": [
     73.79525,
     20.02777
    ]
   },
   "properties": {
    "Name": "Pethroad Chowfulli",
    "depot": "Nashik Road Depot",
    "locationConfidence": "verified",
    "locationSource": "NMPML (Citilinc) RTI reply 3120/2026, 17 Aug 2026"
   }
  },
  {
   "type": "Feature",
   "geometry": {
    "type": "Point",
    "coordinates": [
     73.79049,
     20.02711
    ]
   },
   "properties": {
    "Name": "Tuljabhavani Nagar",
    "depot": "Tapovan Depot",
    "locationConfidence": "verified",
    "locationSource": "NMPML (Citilinc) RTI reply 3120/2026, 17 Aug 2026"
   }
  },
  {
   "type": "Feature",
   "geometry": {
    "type": "Point",
    "coordinates": [
     73.78755,
     20.02649
    ]
   },
   "properties": {
    "Name": "Samarth Nagar 1",
    "depot": "Nashik Road Depot",
    "locationConfidence": "verified",
    "locationSource": "NMPML (Citilinc) RTI reply 3120/2026, 17 Aug 2026"
   }
  },
  {
   "type": "Feature",
   "geometry": {
    "type": "Point",
    "coordinates": [
     73.78544,
     20.02554
    ]
   },
   "properties": {
    "Name": "Makhmalabad Chowfulii",
    "depot": "Nashik Road Depot",
    "locationConfidence": "verified",
    "locationSource": "NMPML (Citilinc) RTI reply 3120/2026, 17 Aug 2026"
   }
  },
  {
   "type": "Feature",
   "geometry": {
    "type": "Point",
    "coordinates": [
     73.78567,
     20.01781
    ]
   },
   "properties": {
    "Name": "Hanumanwadi",
    "depot": "Nashik Road Depot",
    "locationConfidence": "verified",
    "locationSource": "NMPML (Citilinc) RTI reply 3120/2026, 17 Aug 2026"
   }
  },
  {
   "type": "Feature",
   "geometry": {
    "type": "Point",
    "coordinates": [
     73.78358,
     20.01593
    ]
   },
   "properties": {
    "Name": "Raka Nursary",
    "depot": "Nashik Road Depot",
    "locationConfidence": "verified",
    "locationSource": "NMPML (Citilinc) RTI reply 3120/2026, 17 Aug 2026"
   }
  },
  {
   "type": "Feature",
   "geometry": {
    "type": "Point",
    "coordinates": [
     73.77725,
     20.012
    ]
   },
   "properties": {
    "Name": "Koshire Chowk / Ramwadi",
    "depot": "Tapovan Depot",
    "locationConfidence": "verified",
    "locationSource": "NMPML (Citilinc) RTI reply 3120/2026, 17 Aug 2026"
   }
  },
  {
   "type": "Feature",
   "geometry": {
    "type": "Point",
    "coordinates": [
     73.77012,
     20.00272
    ]
   },
   "properties": {
    "Name": "Canada Corner",
    "depot": "Nashik Road Depot",
    "locationConfidence": "verified",
    "locationSource": "NMPML (Citilinc) RTI reply 3120/2026, 17 Aug 2026"
   }
  },
  {
   "type": "Feature",
   "geometry": {
    "type": "Point",
    "coordinates": [
     73.76893,
     19.99883
    ]
   },
   "properties": {
    "Name": "Tibetian Market",
    "depot": "Nashik Road Depot",
    "locationConfidence": "verified",
    "locationSource": "NMPML (Citilinc) RTI reply 3120/2026, 17 Aug 2026"
   }
  },
  {
   "type": "Feature",
   "geometry": {
    "type": "Point",
    "coordinates": [
     73.76932,
     19.99505
    ]
   },
   "properties": {
    "Name": "Sharanpur Police Chowki (U)",
    "depot": "Tapovan Depot",
    "side": "up",
    "locationConfidence": "verified",
    "locationSource": "NMPML (Citilinc) RTI reply 3120/2026, 17 Aug 2026"
   }
  },
  {
   "type": "Feature",
   "geometry": {
    "type": "Point",
    "coordinates": [
     73.84104,
     19.97402
    ]
   },
   "properties": {
    "Name": "Chhatrapati Shivaji Maharaj Nagar (Nashik Road) 1",
    "depot": "Nashik Road Depot",
    "locationConfidence": "verified",
    "locationSource": "NMPML (Citilinc) RTI reply 3120/2026, 17 Aug 2026"
   }
  },
  {
   "type": "Feature",
   "geometry": {
    "type": "Point",
    "coordinates": [
     73.83664,
     19.97579
    ]
   },
   "properties": {
    "Name": "Narayan Bapu Nagar 1 (D)",
    "depot": "Nashik Road Depot",
    "side": "down",
    "locationConfidence": "verified",
    "locationSource": "NMPML (Citilinc) RTI reply 3120/2026, 17 Aug 2026"
   }
  },
  {
   "type": "Feature",
   "geometry": {
    "type": "Point",
    "coordinates": [
     73.83521,
     19.97628
    ]
   },
   "properties": {
    "Name": "Narayan Bapu Nagar 1 (U)",
    "depot": "Tapovan Depot",
    "side": "up",
    "locationConfidence": "verified",
    "locationSource": "NMPML (Citilinc) RTI reply 3120/2026, 17 Aug 2026"
   }
  },
  {
   "type": "Feature",
   "geometry": {
    "type": "Point",
    "coordinates": [
     73.82885,
     19.9832
    ]
   },
   "properties": {
    "Name": "Takli Phata / Filter Plant 1",
    "depot": "Tapovan Depot",
    "locationConfidence": "verified",
    "locationSource": "NMPML (Citilinc) RTI reply 3120/2026, 17 Aug 2026"
   }
  },
  {
   "type": "Feature",
   "geometry": {
    "type": "Point",
    "coordinates": [
     73.83009,
     19.98991
    ]
   },
   "properties": {
    "Name": "Mahamrutyunjay Mahadev Mandir",
    "depot": "Nashik Road Depot",
    "locationConfidence": "verified",
    "locationSource": "NMPML (Citilinc) RTI reply 3120/2026, 17 Aug 2026"
   }
  },
  {
   "type": "Feature",
   "geometry": {
    "type": "Point",
    "coordinates": [
     73.83126,
     20.00189
    ]
   },
   "properties": {
    "Name": "Sidhivinayak Lawans 1",
    "depot": "Nashik Road Depot",
    "locationConfidence": "verified",
    "locationSource": "NMPML (Citilinc) RTI reply 3120/2026, 17 Aug 2026"
   }
  },
  {
   "type": "Feature",
   "geometry": {
    "type": "Point",
    "coordinates": [
     73.83134,
     20.00278
    ]
   },
   "properties": {
    "Name": "Sidhivinayak Lawans",
    "depot": "Nashik Road Depot",
    "locationConfidence": "verified",
    "locationSource": "NMPML (Citilinc) RTI reply 3120/2026, 17 Aug 2026"
   }
  },
  {
   "type": "Feature",
   "geometry": {
    "type": "Point",
    "coordinates": [
     73.80245,
     20.03295
    ]
   },
   "properties": {
    "Name": "RTO Corner",
    "depot": "Nashik Road Depot",
    "locationConfidence": "verified",
    "locationSource": "NMPML (Citilinc) RTI reply 3120/2026, 17 Aug 2026"
   }
  },
  {
   "type": "Feature",
   "geometry": {
    "type": "Point",
    "coordinates": [
     73.79904,
     20.03451
    ]
   },
   "properties": {
    "Name": "Goraksh Nagar",
    "depot": "Nashik Road Depot",
    "locationConfidence": "verified",
    "locationSource": "NMPML (Citilinc) RTI reply 3120/2026, 17 Aug 2026"
   }
  },
  {
   "type": "Feature",
   "geometry": {
    "type": "Point",
    "coordinates": [
     73.79894,
     20.04064
    ]
   },
   "properties": {
    "Name": "Jui Nagar",
    "depot": "Nashik Road Depot",
    "locationConfidence": "verified",
    "locationSource": "NMPML (Citilinc) RTI reply 3120/2026, 17 Aug 2026"
   }
  },
  {
   "type": "Feature",
   "geometry": {
    "type": "Point",
    "coordinates": [
     73.79925,
     20.04613
    ]
   },
   "properties": {
    "Name": "Omkar Nagar",
    "depot": "Nashik Road Depot",
    "locationConfidence": "verified",
    "locationSource": "NMPML (Citilinc) RTI reply 3120/2026, 17 Aug 2026"
   }
  },
  {
   "type": "Feature",
   "geometry": {
    "type": "Point",
    "coordinates": [
     73.79927,
     20.04838
    ]
   },
   "properties": {
    "Name": "Kansara Mata Chowk (D)",
    "depot": "Nashik Road Depot",
    "side": "down",
    "locationConfidence": "verified",
    "locationSource": "NMPML (Citilinc) RTI reply 3120/2026, 17 Aug 2026"
   }
  },
  {
   "type": "Feature",
   "geometry": {
    "type": "Point",
    "coordinates": [
     73.79911,
     20.04946
    ]
   },
   "properties": {
    "Name": "Kansara Mata Chowk (U)",
    "depot": "Nashik Road Depot",
    "side": "up",
    "locationConfidence": "verified",
    "locationSource": "NMPML (Citilinc) RTI reply 3120/2026, 17 Aug 2026"
   }
  },
  {
   "type": "Feature",
   "geometry": {
    "type": "Point",
    "coordinates": [
     73.80606,
     19.94178
    ]
   },
   "properties": {
    "Name": "Ganraj Colony",
    "depot": "Nashik Road Depot",
    "locationConfidence": "verified",
    "locationSource": "NMPML (Citilinc) RTI reply 3120/2026, 17 Aug 2026"
   }
  },
  {
   "type": "Feature",
   "geometry": {
    "type": "Point",
    "coordinates": [
     73.80542,
     19.9419
    ]
   },
   "properties": {
    "Name": "Rajput Colony",
    "depot": "Tapovan Depot",
    "locationConfidence": "verified",
    "locationSource": "NMPML (Citilinc) RTI reply 3120/2026, 17 Aug 2026"
   }
  },
  {
   "type": "Feature",
   "geometry": {
    "type": "Point",
    "coordinates": [
     73.79425,
     19.94304
    ]
   },
   "properties": {
    "Name": "L & T Gate",
    "depot": "Nashik Road Depot",
    "locationConfidence": "verified",
    "locationSource": "NMPML (Citilinc) RTI reply 3120/2026, 17 Aug 2026"
   }
  },
  {
   "type": "Feature",
   "geometry": {
    "type": "Point",
    "coordinates": [
     73.81039,
     19.94146
    ]
   },
   "properties": {
    "Name": "Vedner Gate",
    "depot": "Nashik Road Depot",
    "locationConfidence": "verified",
    "locationSource": "NMPML (Citilinc) RTI reply 3120/2026, 17 Aug 2026"
   }
  },
  {
   "type": "Feature",
   "geometry": {
    "type": "Point",
    "coordinates": [
     73.81059,
     19.94053
    ]
   },
   "properties": {
    "Name": "Kendriya Vidyalay (Vadner)",
    "depot": "Nashik Road Depot",
    "locationConfidence": "verified",
    "locationSource": "NMPML (Citilinc) RTI reply 3120/2026, 17 Aug 2026"
   }
  },
  {
   "type": "Feature",
   "geometry": {
    "type": "Point",
    "coordinates": [
     73.74426,
     19.9616
    ]
   },
   "properties": {
    "Name": "Maruti Mandir",
    "depot": "Tapovan Depot",
    "locationConfidence": "verified",
    "locationSource": "NMPML (Citilinc) RTI reply 3120/2026, 17 Aug 2026"
   }
  },
  {
   "type": "Feature",
   "geometry": {
    "type": "Point",
    "coordinates": [
     73.75008,
     19.96184
    ]
   },
   "properties": {
    "Name": "Sai Vijay Hotel",
    "depot": "Tapovan Depot",
    "locationConfidence": "verified",
    "locationSource": "NMPML (Citilinc) RTI reply 3120/2026, 17 Aug 2026"
   }
  },
  {
   "type": "Feature",
   "geometry": {
    "type": "Point",
    "coordinates": [
     73.75555,
     19.959
    ]
   },
   "properties": {
    "Name": "Symbiosis Chaufulli",
    "depot": "Tapovan Depot",
    "locationConfidence": "verified",
    "locationSource": "NMPML (Citilinc) RTI reply 3120/2026, 17 Aug 2026"
   }
  },
  {
   "type": "Feature",
   "geometry": {
    "type": "Point",
    "coordinates": [
     73.68377,
     20.06603
    ]
   },
   "properties": {
    "Name": "Silver Oak School",
    "depot": "Nashik Road Depot",
    "locationConfidence": "verified",
    "locationSource": "NMPML (Citilinc) RTI reply 3120/2026, 17 Aug 2026"
   }
  },
  {
   "type": "Feature",
   "geometry": {
    "type": "Point",
    "coordinates": [
     73.69517,
     20.03259
    ]
   },
   "properties": {
    "Name": "Ranmala",
    "depot": "Nashik Road Depot",
    "locationConfidence": "verified",
    "locationSource": "NMPML (Citilinc) RTI reply 3120/2026, 17 Aug 2026"
   }
  },
  {
   "type": "Feature",
   "geometry": {
    "type": "Point",
    "coordinates": [
     73.75867,
     19.96155
    ]
   },
   "properties": {
    "Name": "Mico Hall",
    "depot": "Nashik Road Depot",
    "locationConfidence": "verified",
    "locationSource": "NMPML (Citilinc) RTI reply 3120/2026, 17 Aug 2026"
   }
  },
  {
   "type": "Feature",
   "geometry": {
    "type": "Point",
    "coordinates": [
     73.76645,
     19.96953
    ]
   },
   "properties": {
    "Name": "Ganesh Chauk",
    "depot": "Nashik Road Depot",
    "locationConfidence": "verified",
    "locationSource": "NMPML (Citilinc) RTI reply 3120/2026, 17 Aug 2026"
   }
  },
  {
   "type": "Feature",
   "geometry": {
    "type": "Point",
    "coordinates": [
     73.78968,
     19.93192
    ]
   },
   "properties": {
    "Name": "Ganesh Nagar",
    "depot": "Nashik Road Depot",
    "locationConfidence": "verified",
    "locationSource": "NMPML (Citilinc) RTI reply 3120/2026, 17 Aug 2026"
   }
  },
  {
   "type": "Feature",
   "geometry": {
    "type": "Point",
    "coordinates": [
     73.79174,
     19.92721
    ]
   },
   "properties": {
    "Name": "Jadhav Wasti (Pimpalgaon Khamb) (U)",
    "depot": "Tapovan Depot",
    "side": "up",
    "locationConfidence": "verified",
    "locationSource": "NMPML (Citilinc) RTI reply 3120/2026, 17 Aug 2026"
   }
  },
  {
   "type": "Feature",
   "geometry": {
    "type": "Point",
    "coordinates": [
     73.8012,
     19.92675
    ]
   },
   "properties": {
    "Name": "Bhavani Nagar 1 (U)",
    "depot": "Nashik Road Depot",
    "side": "up",
    "locationConfidence": "verified",
    "locationSource": "NMPML (Citilinc) RTI reply 3120/2026, 17 Aug 2026"
   }
  },
  {
   "type": "Feature",
   "geometry": {
    "type": "Point",
    "coordinates": [
     73.80717,
     19.92792
    ]
   },
   "properties": {
    "Name": "Mhasoba Mandir 1 (D)",
    "depot": "Tapovan Depot",
    "side": "down",
    "locationConfidence": "verified",
    "locationSource": "NMPML (Citilinc) RTI reply 3120/2026, 17 Aug 2026"
   }
  },
  {
   "type": "Feature",
   "geometry": {
    "type": "Point",
    "coordinates": [
     73.83068,
     19.93731
    ]
   },
   "properties": {
    "Name": "Vihit Gaon 1",
    "depot": "Nashik Road Depot",
    "locationConfidence": "verified",
    "locationSource": "NMPML (Citilinc) RTI reply 3120/2026, 17 Aug 2026"
   }
  },
  {
   "type": "Feature",
   "geometry": {
    "type": "Point",
    "coordinates": [
     73.83393,
     19.93729
    ]
   },
   "properties": {
    "Name": "Vihit Gaon Phata",
    "depot": "Nashik Road Depot",
    "locationConfidence": "verified",
    "locationSource": "NMPML (Citilinc) RTI reply 3120/2026, 17 Aug 2026"
   }
  },
  {
   "type": "Feature",
   "geometry": {
    "type": "Point",
    "coordinates": [
     73.81931,
     19.96934
    ]
   },
   "properties": {
    "Name": "Upnagar 1",
    "depot": "Tapovan Depot",
    "locationConfidence": "verified",
    "locationSource": "NMPML (Citilinc) RTI reply 3120/2026, 17 Aug 2026"
   }
  },
  {
   "type": "Feature",
   "geometry": {
    "type": "Point",
    "coordinates": [
     73.82254,
     19.97109
    ]
   },
   "properties": {
    "Name": "Echhamani",
    "depot": "Nashik Road Depot",
    "locationConfidence": "verified",
    "locationSource": "NMPML (Citilinc) RTI reply 3120/2026, 17 Aug 2026"
   }
  },
  {
   "type": "Feature",
   "geometry": {
    "type": "Point",
    "coordinates": [
     73.8351,
     19.97557
    ]
   },
   "properties": {
    "Name": "Narayan Bapu Nagar (D)",
    "depot": "Nashik Road Depot",
    "side": "down",
    "locationConfidence": "verified",
    "locationSource": "NMPML (Citilinc) RTI reply 3120/2026, 17 Aug 2026"
   }
  },
  {
   "type": "Feature",
   "geometry": {
    "type": "Point",
    "coordinates": [
     73.84314,
     19.97908
    ]
   },
   "properties": {
    "Name": "Sailani Baba 1 (D)",
    "depot": "Nashik Road Depot",
    "side": "down",
    "locationConfidence": "verified",
    "locationSource": "NMPML (Citilinc) RTI reply 3120/2026, 17 Aug 2026"
   }
  },
  {
   "type": "Feature",
   "geometry": {
    "type": "Point",
    "coordinates": [
     73.84792,
     19.97923
    ]
   },
   "properties": {
    "Name": "Rajrajeshwari (D)",
    "depot": "Nashik Road Depot",
    "side": "down",
    "locationConfidence": "verified",
    "locationSource": "NMPML (Citilinc) RTI reply 3120/2026, 17 Aug 2026"
   }
  },
  {
   "type": "Feature",
   "geometry": {
    "type": "Point",
    "coordinates": [
     73.85371,
     19.97801
    ]
   },
   "properties": {
    "Name": "Prakash Borade Chowk (D)",
    "depot": "Nashik Road Depot",
    "side": "down",
    "locationConfidence": "verified",
    "locationSource": "NMPML (Citilinc) RTI reply 3120/2026, 17 Aug 2026"
   }
  },
  {
   "type": "Feature",
   "geometry": {
    "type": "Point",
    "coordinates": [
     73.85791,
     19.97777
    ]
   },
   "properties": {
    "Name": "Bharat Bhushan Society (D)",
    "depot": "Nashik Road Depot",
    "side": "down",
    "locationConfidence": "verified",
    "locationSource": "NMPML (Citilinc) RTI reply 3120/2026, 17 Aug 2026"
   }
  },
  {
   "type": "Feature",
   "geometry": {
    "type": "Point",
    "coordinates": [
     73.86257,
     19.97735
    ]
   },
   "properties": {
    "Name": "Bhairavnath Nagar 1",
    "depot": "Nashik Road Depot",
    "locationConfidence": "verified",
    "locationSource": "NMPML (Citilinc) RTI reply 3120/2026, 17 Aug 2026"
   }
  },
  {
   "type": "Feature",
   "geometry": {
    "type": "Point",
    "coordinates": [
     73.85792,
     19.97792
    ]
   },
   "properties": {
    "Name": "Bharat Bhushan Society",
    "depot": "Nashik Road Depot",
    "locationConfidence": "verified",
    "locationSource": "NMPML (Citilinc) RTI reply 3120/2026, 17 Aug 2026"
   }
  },
  {
   "type": "Feature",
   "geometry": {
    "type": "Point",
    "coordinates": [
     73.85371,
     19.97816
    ]
   },
   "properties": {
    "Name": "Prakash Borade Chowk",
    "depot": "Nashik Road Depot",
    "locationConfidence": "verified",
    "locationSource": "NMPML (Citilinc) RTI reply 3120/2026, 17 Aug 2026"
   }
  },
  {
   "type": "Feature",
   "geometry": {
    "type": "Point",
    "coordinates": [
     73.84787,
     19.97937
    ]
   },
   "properties": {
    "Name": "Rajrajeshwari (U)",
    "depot": "Nashik Road Depot",
    "side": "up",
    "locationConfidence": "verified",
    "locationSource": "NMPML (Citilinc) RTI reply 3120/2026, 17 Aug 2026"
   }
  },
  {
   "type": "Feature",
   "geometry": {
    "type": "Point",
    "coordinates": [
     73.8431,
     19.9792
    ]
   },
   "properties": {
    "Name": "Sailani Baba 1 (U)",
    "depot": "Nashik Road Depot",
    "side": "up",
    "locationConfidence": "verified",
    "locationSource": "NMPML (Citilinc) RTI reply 3120/2026, 17 Aug 2026"
   }
  },
  {
   "type": "Feature",
   "geometry": {
    "type": "Point",
    "coordinates": [
     73.82547,
     19.97334
    ]
   },
   "properties": {
    "Name": "Upnagar Colony (U)",
    "depot": "Nashik Road Depot",
    "side": "up",
    "locationConfidence": "verified",
    "locationSource": "NMPML (Citilinc) RTI reply 3120/2026, 17 Aug 2026"
   }
  },
  {
   "type": "Feature",
   "geometry": {
    "type": "Point",
    "coordinates": [
     73.76303,
     19.99049
    ]
   },
   "properties": {
    "Name": "City Center Mall (U)",
    "depot": "Nashik Road Depot",
    "side": "up",
    "locationConfidence": "verified",
    "locationSource": "NMPML (Citilinc) RTI reply 3120/2026, 17 Aug 2026"
   }
  },
  {
   "type": "Feature",
   "geometry": {
    "type": "Point",
    "coordinates": [
     73.76678,
     19.9891
    ]
   },
   "properties": {
    "Name": "Tidke Nagar Chowk / Rushi Hotel (U)",
    "depot": "Nashik Road Depot",
    "side": "up",
    "locationConfidence": "verified",
    "locationSource": "NMPML (Citilinc) RTI reply 3120/2026, 17 Aug 2026"
   }
  },
  {
   "type": "Feature",
   "geometry": {
    "type": "Point",
    "coordinates": [
     73.78917,
     19.98739
    ]
   },
   "properties": {
    "Name": "Bhabha Nagar / Dadasaheb Gaikwad Sabhagruh",
    "depot": "Nashik Road Depot",
    "locationConfidence": "verified",
    "locationSource": "NMPML (Citilinc) RTI reply 3120/2026, 17 Aug 2026"
   }
  },
  {
   "type": "Feature",
   "geometry": {
    "type": "Point",
    "coordinates": [
     73.79368,
     19.98881
    ]
   },
   "properties": {
    "Name": "Nagji Hospital",
    "depot": "Nashik Road Depot",
    "locationConfidence": "verified",
    "locationSource": "NMPML (Citilinc) RTI reply 3120/2026, 17 Aug 2026"
   }
  },
  {
   "type": "Feature",
   "geometry": {
    "type": "Point",
    "coordinates": [
     73.77487,
     19.9842
    ]
   },
   "properties": {
    "Name": "Indigo Park (D)",
    "depot": "Nashik Road Depot",
    "side": "down",
    "locationConfidence": "verified",
    "locationSource": "NMPML (Citilinc) RTI reply 3120/2026, 17 Aug 2026"
   }
  },
  {
   "type": "Feature",
   "geometry": {
    "type": "Point",
    "coordinates": [
     73.73274,
     19.97465
    ]
   },
   "properties": {
    "Name": "Keval Park (U)",
    "depot": "Nashik Road Depot",
    "side": "up",
    "locationConfidence": "verified",
    "locationSource": "NMPML (Citilinc) RTI reply 3120/2026, 17 Aug 2026"
   }
  },
  {
   "type": "Feature",
   "geometry": {
    "type": "Point",
    "coordinates": [
     73.8057,
     20.00893
    ]
   },
   "properties": {
    "Name": "Panchavati Depot Corner 1 (U)",
    "depot": "Tapovan Depot",
    "side": "up",
    "locationConfidence": "verified",
    "locationSource": "NMPML (Citilinc) RTI reply 3120/2026, 17 Aug 2026"
   }
  },
  {
   "type": "Feature",
   "geometry": {
    "type": "Point",
    "coordinates": [
     73.80303,
     20.00457
    ]
   },
   "properties": {
    "Name": "Panchavati College (U)",
    "depot": "Nashik Road Depot",
    "side": "up",
    "locationConfidence": "verified",
    "locationSource": "NMPML (Citilinc) RTI reply 3120/2026, 17 Aug 2026"
   }
  },
  {
   "type": "Feature",
   "geometry": {
    "type": "Point",
    "coordinates": [
     73.90379,
     20.07192
    ]
   },
   "properties": {
    "Name": "10va Mail Janori Phata 1 (D)",
    "depot": "Nashik Road Depot",
    "side": "down",
    "locationConfidence": "verified",
    "locationSource": "NMPML (Citilinc) RTI reply 3120/2026, 17 Aug 2026"
   }
  },
  {
   "type": "Feature",
   "geometry": {
    "type": "Point",
    "coordinates": [
     73.90379,
     20.07228
    ]
   },
   "properties": {
    "Name": "10va Mail Janori Phata 1",
    "depot": "Nashik Road Depot",
    "locationConfidence": "verified",
    "locationSource": "NMPML (Citilinc) RTI reply 3120/2026, 17 Aug 2026"
   }
  },
  {
   "type": "Feature",
   "geometry": {
    "type": "Point",
    "coordinates": [
     73.91265,
     20.0782
    ]
   },
   "properties": {
    "Name": "Tilak Nagar (D)",
    "depot": "Nashik Road Depot",
    "side": "down",
    "locationConfidence": "verified",
    "locationSource": "NMPML (Citilinc) RTI reply 3120/2026, 17 Aug 2026"
   }
  },
  {
   "type": "Feature",
   "geometry": {
    "type": "Point",
    "coordinates": [
     73.91841,
     20.08397
    ]
   },
   "properties": {
    "Name": "Renuka Nagar (Ozer) (D)",
    "depot": "Nashik Road Depot",
    "side": "down",
    "locationConfidence": "verified",
    "locationSource": "NMPML (Citilinc) RTI reply 3120/2026, 17 Aug 2026"
   }
  },
  {
   "type": "Feature",
   "geometry": {
    "type": "Point",
    "coordinates": [
     73.9232,
     20.09043
    ]
   },
   "properties": {
    "Name": "Khanderao Mandir (U)",
    "depot": "Nashik Road Depot",
    "side": "up",
    "locationConfidence": "verified",
    "locationSource": "NMPML (Citilinc) RTI reply 3120/2026, 17 Aug 2026"
   }
  },
  {
   "type": "Feature",
   "geometry": {
    "type": "Point",
    "coordinates": [
     73.90887,
     20.07567
    ]
   },
   "properties": {
    "Name": "Janshanti Dham (10va Mail)",
    "depot": "Tapovan Depot",
    "locationConfidence": "verified",
    "locationSource": "NMPML (Citilinc) RTI reply 3120/2026, 17 Aug 2026"
   }
  },
  {
   "type": "Feature",
   "geometry": {
    "type": "Point",
    "coordinates": [
     73.99618,
     20.0794
    ]
   },
   "properties": {
    "Name": "Dargah",
    "depot": "Tapovan Depot",
    "locationConfidence": "verified",
    "locationSource": "NMPML (Citilinc) RTI reply 3120/2026, 17 Aug 2026"
   }
  },
  {
   "type": "Feature",
   "geometry": {
    "type": "Point",
    "coordinates": [
     74.00119,
     20.07858
    ]
   },
   "properties": {
    "Name": "Oney (D)",
    "depot": "Tapovan Depot",
    "side": "down",
    "locationConfidence": "verified",
    "locationSource": "NMPML (Citilinc) RTI reply 3120/2026, 17 Aug 2026"
   }
  },
  {
   "type": "Feature",
   "geometry": {
    "type": "Point",
    "coordinates": [
     73.77944,
     19.99693
    ]
   },
   "properties": {
    "Name": "New CBS / Civil Hospital (D)",
    "depot": "Tapovan Depot",
    "side": "down",
    "locationConfidence": "verified",
    "locationSource": "NMPML (Citilinc) RTI reply 3120/2026, 17 Aug 2026"
   }
  },
  {
   "type": "Feature",
   "geometry": {
    "type": "Point",
    "coordinates": [
     73.79337,
     19.99401
    ]
   },
   "properties": {
    "Name": "Wadala Naka",
    "depot": "Nashik Road Depot",
    "locationConfidence": "verified",
    "locationSource": "NMPML (Citilinc) RTI reply 3120/2026, 17 Aug 2026"
   }
  },
  {
   "type": "Feature",
   "geometry": {
    "type": "Point",
    "coordinates": [
     73.8315,
     19.95875
    ]
   },
   "properties": {
    "Name": "Ashirwad",
    "depot": "Nashik Road Depot",
    "locationConfidence": "verified",
    "locationSource": "NMPML (Citilinc) RTI reply 3120/2026, 17 Aug 2026"
   }
  },
  {
   "type": "Feature",
   "geometry": {
    "type": "Point",
    "coordinates": [
     73.89033,
     20.14282
    ]
   },
   "properties": {
    "Name": "K.R.T Highschool (U)",
    "depot": "Tapovan Depot",
    "side": "up",
    "locationConfidence": "verified",
    "locationSource": "NMPML (Citilinc) RTI reply 3120/2026, 17 Aug 2026"
   }
  },
  {
   "type": "Feature",
   "geometry": {
    "type": "Point",
    "coordinates": [
     73.88916,
     20.12315
    ]
   },
   "properties": {
    "Name": "Samata Nagar (U)",
    "depot": "Tapovan Depot",
    "side": "up",
    "locationConfidence": "verified",
    "locationSource": "NMPML (Citilinc) RTI reply 3120/2026, 17 Aug 2026"
   }
  },
  {
   "type": "Feature",
   "geometry": {
    "type": "Point",
    "coordinates": [
     73.88915,
     20.11684
    ]
   },
   "properties": {
    "Name": "Vasti (Mohadi) (U)",
    "depot": "Tapovan Depot",
    "side": "up",
    "locationConfidence": "verified",
    "locationSource": "NMPML (Citilinc) RTI reply 3120/2026, 17 Aug 2026"
   }
  },
  {
   "type": "Feature",
   "geometry": {
    "type": "Point",
    "coordinates": [
     73.89126,
     20.11019
    ]
   },
   "properties": {
    "Name": "Ozar Phata (U)",
    "depot": "Tapovan Depot",
    "side": "up",
    "locationConfidence": "verified",
    "locationSource": "NMPML (Citilinc) RTI reply 3120/2026, 17 Aug 2026"
   }
  },
  {
   "type": "Feature",
   "geometry": {
    "type": "Point",
    "coordinates": [
     73.8901,
     20.10565
    ]
   },
   "properties": {
    "Name": "Janori (U)",
    "depot": "Tapovan Depot",
    "side": "up",
    "locationConfidence": "verified",
    "locationSource": "NMPML (Citilinc) RTI reply 3120/2026, 17 Aug 2026"
   }
  },
  {
   "type": "Feature",
   "geometry": {
    "type": "Point",
    "coordinates": [
     73.89002,
     20.09522
    ]
   },
   "properties": {
    "Name": "Shreeniwas Nursary (U)",
    "depot": "Tapovan Depot",
    "side": "up",
    "locationConfidence": "verified",
    "locationSource": "NMPML (Citilinc) RTI reply 3120/2026, 17 Aug 2026"
   }
  },
  {
   "type": "Feature",
   "geometry": {
    "type": "Point",
    "coordinates": [
     73.89221,
     20.09203
    ]
   },
   "properties": {
    "Name": "Bhangadwadi (U)",
    "depot": "Tapovan Depot",
    "side": "up",
    "locationConfidence": "verified",
    "locationSource": "NMPML (Citilinc) RTI reply 3120/2026, 17 Aug 2026"
   }
  },
  {
   "type": "Feature",
   "geometry": {
    "type": "Point",
    "coordinates": [
     73.89392,
     20.08789
    ]
   },
   "properties": {
    "Name": "Fruit Company (U)",
    "depot": "Tapovan Depot",
    "side": "up",
    "locationConfidence": "verified",
    "locationSource": "NMPML (Citilinc) RTI reply 3120/2026, 17 Aug 2026"
   }
  },
  {
   "type": "Feature",
   "geometry": {
    "type": "Point",
    "coordinates": [
     73.89658,
     20.08422
    ]
   },
   "properties": {
    "Name": "10 No. Chari (U)",
    "depot": "Tapovan Depot",
    "side": "up",
    "locationConfidence": "verified",
    "locationSource": "NMPML (Citilinc) RTI reply 3120/2026, 17 Aug 2026"
   }
  },
  {
   "type": "Feature",
   "geometry": {
    "type": "Point",
    "coordinates": [
     73.90003,
     20.07975
    ]
   },
   "properties": {
    "Name": "Mathura Nagar (U)",
    "depot": "Tapovan Depot",
    "side": "up",
    "locationConfidence": "verified",
    "locationSource": "NMPML (Citilinc) RTI reply 3120/2026, 17 Aug 2026"
   }
  },
  {
   "type": "Feature",
   "geometry": {
    "type": "Point",
    "coordinates": [
     73.89385,
     20.06512
    ]
   },
   "properties": {
    "Name": "Ware House / Kaliya Company (U)",
    "depot": "Tapovan Depot",
    "side": "up",
    "locationConfidence": "verified",
    "locationSource": "NMPML (Citilinc) RTI reply 3120/2026, 17 Aug 2026"
   }
  },
  {
   "type": "Feature",
   "geometry": {
    "type": "Point",
    "coordinates": [
     73.89042,
     20.06192
    ]
   },
   "properties": {
    "Name": "Garware (Ozar Road) (U)",
    "depot": "Tapovan Depot",
    "side": "up",
    "locationConfidence": "verified",
    "locationSource": "NMPML (Citilinc) RTI reply 3120/2026, 17 Aug 2026"
   }
  },
  {
   "type": "Feature",
   "geometry": {
    "type": "Point",
    "coordinates": [
     73.89084,
     20.11373
    ]
   },
   "properties": {
    "Name": "Viman Tal Gate (D)",
    "depot": "Tapovan Depot",
    "side": "down",
    "locationConfidence": "verified",
    "locationSource": "NMPML (Citilinc) RTI reply 3120/2026, 17 Aug 2026"
   }
  },
  {
   "type": "Feature",
   "geometry": {
    "type": "Point",
    "coordinates": [
     73.89031,
     20.12995
    ]
   },
   "properties": {
    "Name": "Mahadeo Mandir (Mohadi Road) (D)",
    "depot": "Tapovan Depot",
    "side": "down",
    "locationConfidence": "verified",
    "locationSource": "NMPML (Citilinc) RTI reply 3120/2026, 17 Aug 2026"
   }
  },
  {
   "type": "Feature",
   "geometry": {
    "type": "Point",
    "coordinates": [
     73.8906,
     20.13646
    ]
   },
   "properties": {
    "Name": "Vitthai Lawns (D)",
    "depot": "Tapovan Depot",
    "side": "down",
    "locationConfidence": "verified",
    "locationSource": "NMPML (Citilinc) RTI reply 3120/2026, 17 Aug 2026"
   }
  },
  {
   "type": "Feature",
   "geometry": {
    "type": "Point",
    "coordinates": [
     73.71851,
     19.96974
    ]
   },
   "properties": {
    "Name": "Ingole Society (U)",
    "depot": "Tapovan Depot",
    "side": "up",
    "locationConfidence": "verified",
    "locationSource": "NMPML (Citilinc) RTI reply 3120/2026, 17 Aug 2026"
   }
  },
  {
   "type": "Feature",
   "geometry": {
    "type": "Point",
    "coordinates": [
     73.72204,
     19.97151
    ]
   },
   "properties": {
    "Name": "Mhada Corner (U)",
    "depot": "Tapovan Depot",
    "side": "up",
    "locationConfidence": "verified",
    "locationSource": "NMPML (Citilinc) RTI reply 3120/2026, 17 Aug 2026"
   }
  },
  {
   "type": "Feature",
   "geometry": {
    "type": "Point",
    "coordinates": [
     73.72214,
     19.97342
    ]
   },
   "properties": {
    "Name": "Jadhav Sankul (U)",
    "depot": "Tapovan Depot",
    "side": "up",
    "locationConfidence": "verified",
    "locationSource": "NMPML (Citilinc) RTI reply 3120/2026, 17 Aug 2026"
   }
  },
  {
   "type": "Feature",
   "geometry": {
    "type": "Point",
    "coordinates": [
     73.72385,
     19.97607
    ]
   },
   "properties": {
    "Name": "Jadhav Township (U)",
    "depot": "Tapovan Depot",
    "side": "up",
    "locationConfidence": "verified",
    "locationSource": "NMPML (Citilinc) RTI reply 3120/2026, 17 Aug 2026"
   }
  },
  {
   "type": "Feature",
   "geometry": {
    "type": "Point",
    "coordinates": [
     73.72682,
     19.9769
    ]
   },
   "properties": {
    "Name": "Datta Mandir (Mhada Road) (U)",
    "depot": "Tapovan Depot",
    "side": "up",
    "locationConfidence": "verified",
    "locationSource": "NMPML (Citilinc) RTI reply 3120/2026, 17 Aug 2026"
   }
  },
  {
   "type": "Feature",
   "geometry": {
    "type": "Point",
    "coordinates": [
     73.72524,
     19.98068
    ]
   },
   "properties": {
    "Name": "Kandam Van (U)",
    "depot": "Tapovan Depot",
    "side": "up",
    "locationConfidence": "verified",
    "locationSource": "NMPML (Citilinc) RTI reply 3120/2026, 17 Aug 2026"
   }
  },
  {
   "type": "Feature",
   "geometry": {
    "type": "Point",
    "coordinates": [
     73.72406,
     19.98592
    ]
   },
   "properties": {
    "Name": "Papaya Nursery / Ambad Phata (U)",
    "depot": "Tapovan Depot",
    "side": "up",
    "locationConfidence": "verified",
    "locationSource": "NMPML (Citilinc) RTI reply 3120/2026, 17 Aug 2026"
   }
  },
  {
   "type": "Feature",
   "geometry": {
    "type": "Point",
    "coordinates": [
     73.72867,
     19.98919
    ]
   },
   "properties": {
    "Name": "Manpa Davakhana / Maharashtra Housing Colony Phata",
    "depot": "Tapovan Depot",
    "locationConfidence": "verified",
    "locationSource": "NMPML (Citilinc) RTI reply 3120/2026, 17 Aug 2026"
   }
  },
  {
   "type": "Feature",
   "geometry": {
    "type": "Point",
    "coordinates": [
     73.77642,
     20.04685
    ]
   },
   "properties": {
    "Name": "Khandoba Mandir / Mankar Mala (U)",
    "depot": "Nashik Road Depot",
    "side": "up",
    "locationConfidence": "verified",
    "locationSource": "NMPML (Citilinc) RTI reply 3120/2026, 17 Aug 2026"
   }
  },
  {
   "type": "Feature",
   "geometry": {
    "type": "Point",
    "coordinates": [
     73.77811,
     20.04553
    ]
   },
   "properties": {
    "Name": "Gamne Mala (U)",
    "depot": "Nashik Road Depot",
    "side": "up",
    "locationConfidence": "verified",
    "locationSource": "NMPML (Citilinc) RTI reply 3120/2026, 17 Aug 2026"
   }
  },
  {
   "type": "Feature",
   "geometry": {
    "type": "Point",
    "coordinates": [
     73.78098,
     20.04017
    ]
   },
   "properties": {
    "Name": "Ghadge Mala (U)",
    "depot": "Nashik Road Depot",
    "side": "up",
    "locationConfidence": "verified",
    "locationSource": "NMPML (Citilinc) RTI reply 3120/2026, 17 Aug 2026"
   }
  },
  {
   "type": "Feature",
   "geometry": {
    "type": "Point",
    "coordinates": [
     73.78297,
     20.03329
    ]
   },
   "properties": {
    "Name": "Vadjaimata Nagar (U)",
    "depot": "Nashik Road Depot",
    "side": "up",
    "locationConfidence": "verified",
    "locationSource": "NMPML (Citilinc) RTI reply 3120/2026, 17 Aug 2026"
   }
  },
  {
   "type": "Feature",
   "geometry": {
    "type": "Point",
    "coordinates": [
     73.78356,
     20.02917
    ]
   },
   "properties": {
    "Name": "Mahadev Baug / VNP Soc. (U)",
    "depot": "Nashik Road Depot",
    "side": "up",
    "locationConfidence": "verified",
    "locationSource": "NMPML (Citilinc) RTI reply 3120/2026, 17 Aug 2026"
   }
  },
  {
   "type": "Feature",
   "geometry": {
    "type": "Point",
    "coordinates": [
     73.78465,
     20.02541
    ]
   },
   "properties": {
    "Name": "Peth Road Link Road (U)",
    "depot": "Nashik Road Depot",
    "side": "up",
    "locationConfidence": "verified",
    "locationSource": "NMPML (Citilinc) RTI reply 3120/2026, 17 Aug 2026"
   }
  },
  {
   "type": "Feature",
   "geometry": {
    "type": "Point",
    "coordinates": [
     73.78489,
     20.02329
    ]
   },
   "properties": {
    "Name": "Shinde Nagar (U)",
    "depot": "Nashik Road Depot",
    "side": "up",
    "locationConfidence": "verified",
    "locationSource": "NMPML (Citilinc) RTI reply 3120/2026, 17 Aug 2026"
   }
  },
  {
   "type": "Feature",
   "geometry": {
    "type": "Point",
    "coordinates": [
     73.78638,
     20.02009
    ]
   },
   "properties": {
    "Name": "Rukhmini Mangal Karyalaya (U)",
    "depot": "Nashik Road Depot",
    "side": "up",
    "locationConfidence": "verified",
    "locationSource": "NMPML (Citilinc) RTI reply 3120/2026, 17 Aug 2026"
   }
  },
  {
   "type": "Feature",
   "geometry": {
    "type": "Point",
    "coordinates": [
     73.78757,
     20.01609
    ]
   },
   "properties": {
    "Name": "Madhuban Colony (U)",
    "depot": "Nashik Road Depot",
    "side": "up",
    "locationConfidence": "verified",
    "locationSource": "NMPML (Citilinc) RTI reply 3120/2026, 17 Aug 2026"
   }
  },
  {
   "type": "Feature",
   "geometry": {
    "type": "Point",
    "coordinates": [
     73.7884,
     20.01368
    ]
   },
   "properties": {
    "Name": "Kranti Nagar (U)",
    "depot": "Nashik Road Depot",
    "side": "up",
    "locationConfidence": "verified",
    "locationSource": "NMPML (Citilinc) RTI reply 3120/2026, 17 Aug 2026"
   }
  },
  {
   "type": "Feature",
   "geometry": {
    "type": "Point",
    "coordinates": [
     73.79059,
     20.01182
    ]
   },
   "properties": {
    "Name": "Makhmalabad Naka (D)",
    "depot": "Nashik Road Depot",
    "side": "down",
    "locationConfidence": "verified",
    "locationSource": "NMPML (Citilinc) RTI reply 3120/2026, 17 Aug 2026"
   }
  },
  {
   "type": "Feature",
   "geometry": {
    "type": "Point",
    "coordinates": [
     73.78484,
     20.02467
    ]
   },
   "properties": {
    "Name": "Peth Road Link Road (D)",
    "depot": "Nashik Road Depot",
    "side": "down",
    "locationConfidence": "verified",
    "locationSource": "NMPML (Citilinc) RTI reply 3120/2026, 17 Aug 2026"
   }
  },
  {
   "type": "Feature",
   "geometry": {
    "type": "Point",
    "coordinates": [
     73.78351,
     20.02947
    ]
   },
   "properties": {
    "Name": "Mahadev Mala / VNP Soc. (D)",
    "depot": "Nashik Road Depot",
    "side": "down",
    "locationConfidence": "verified",
    "locationSource": "NMPML (Citilinc) RTI reply 3120/2026, 17 Aug 2026"
   }
  },
  {
   "type": "Feature",
   "geometry": {
    "type": "Point",
    "coordinates": [
     73.78306,
     20.03301
    ]
   },
   "properties": {
    "Name": "Vadjaimata Mandir (D)",
    "depot": "Nashik Road Depot",
    "side": "down",
    "locationConfidence": "verified",
    "locationSource": "NMPML (Citilinc) RTI reply 3120/2026, 17 Aug 2026"
   }
  },
  {
   "type": "Feature",
   "geometry": {
    "type": "Point",
    "coordinates": [
     73.78288,
     20.03529
    ]
   },
   "properties": {
    "Name": "Ghadge Mala (D)",
    "depot": "Nashik Road Depot",
    "side": "down",
    "locationConfidence": "verified",
    "locationSource": "NMPML (Citilinc) RTI reply 3120/2026, 17 Aug 2026"
   }
  },
  {
   "type": "Feature",
   "geometry": {
    "type": "Point",
    "coordinates": [
     73.77824,
     20.0456
    ]
   },
   "properties": {
    "Name": "Gamne Mala (D)",
    "depot": "Nashik Road Depot",
    "side": "down",
    "locationConfidence": "verified",
    "locationSource": "NMPML (Citilinc) RTI reply 3120/2026, 17 Aug 2026"
   }
  },
  {
   "type": "Feature",
   "geometry": {
    "type": "Point",
    "coordinates": [
     73.72832,
     19.9892
    ]
   },
   "properties": {
    "Name": "Manpa Davakhana / Maharashtra Housing Colony (D)",
    "depot": "Tapovan Depot",
    "side": "down",
    "locationConfidence": "verified",
    "locationSource": "NMPML (Citilinc) RTI reply 3120/2026, 17 Aug 2026"
   }
  },
  {
   "type": "Feature",
   "geometry": {
    "type": "Point",
    "coordinates": [
     74.00855,
     20.01176
    ]
   },
   "properties": {
    "Name": "Saikheda Chofulli (U)",
    "depot": "Tapovan Depot",
    "side": "up",
    "locationConfidence": "verified",
    "locationSource": "NMPML (Citilinc) RTI reply 3120/2026, 17 Aug 2026"
   }
  },
  {
   "type": "Feature",
   "geometry": {
    "type": "Point",
    "coordinates": [
     73.99895,
     20.01351
    ]
   },
   "properties": {
    "Name": "Amruta Tarle Vasti (Saikheda) (U)",
    "depot": "Tapovan Depot",
    "side": "up",
    "locationConfidence": "verified",
    "locationSource": "NMPML (Citilinc) RTI reply 3120/2026, 17 Aug 2026"
   }
  },
  {
   "type": "Feature",
   "geometry": {
    "type": "Point",
    "coordinates": [
     73.99588,
     20.0197
    ]
   },
   "properties": {
    "Name": "Saikheda Phata (D)",
    "depot": "Tapovan Depot",
    "side": "down",
    "locationConfidence": "verified",
    "locationSource": "NMPML (Citilinc) RTI reply 3120/2026, 17 Aug 2026"
   }
  },
  {
   "type": "Feature",
   "geometry": {
    "type": "Point",
    "coordinates": [
     73.98365,
     20.01166
    ]
   },
   "properties": {
    "Name": "Nagapur Phata (U)",
    "depot": "Tapovan Depot",
    "side": "up",
    "locationConfidence": "verified",
    "locationSource": "NMPML (Citilinc) RTI reply 3120/2026, 17 Aug 2026"
   }
  },
  {
   "type": "Feature",
   "geometry": {
    "type": "Point",
    "coordinates": [
     73.97829,
     20.00951
    ]
   },
   "properties": {
    "Name": "Janaki Mangal Karyalaya (U)",
    "depot": "Tapovan Depot",
    "side": "up",
    "locationConfidence": "verified",
    "locationSource": "NMPML (Citilinc) RTI reply 3120/2026, 17 Aug 2026"
   }
  },
  {
   "type": "Feature",
   "geometry": {
    "type": "Point",
    "coordinates": [
     73.95531,
     20.00489
    ]
   },
   "properties": {
    "Name": "Chitegaon Phata (U)",
    "depot": "Tapovan Depot",
    "side": "up",
    "locationConfidence": "verified",
    "locationSource": "NMPML (Citilinc) RTI reply 3120/2026, 17 Aug 2026"
   }
  },
  {
   "type": "Feature",
   "geometry": {
    "type": "Point",
    "coordinates": [
     73.93212,
     19.99993
    ]
   },
   "properties": {
    "Name": "H.P. Petrol Pump (U)",
    "depot": "Tapovan Depot",
    "side": "up",
    "locationConfidence": "verified",
    "locationSource": "NMPML (Citilinc) RTI reply 3120/2026, 17 Aug 2026"
   }
  },
  {
   "type": "Feature",
   "geometry": {
    "type": "Point",
    "coordinates": [
     73.92503,
     19.99974
    ]
   },
   "properties": {
    "Name": "Hinganavedhe Phata Pune Bypass (U)",
    "depot": "Tapovan Depot",
    "side": "up",
    "locationConfidence": "verified",
    "locationSource": "NMPML (Citilinc) RTI reply 3120/2026, 17 Aug 2026"
   }
  },
  {
   "type": "Feature",
   "geometry": {
    "type": "Point",
    "coordinates": [
     73.91271,
     19.99778
    ]
   },
   "properties": {
    "Name": "Odha Railway Station (U)",
    "depot": "Tapovan Depot",
    "side": "up",
    "locationConfidence": "verified",
    "locationSource": "NMPML (Citilinc) RTI reply 3120/2026, 17 Aug 2026"
   }
  },
  {
   "type": "Feature",
   "geometry": {
    "type": "Point",
    "coordinates": [
     73.90768,
     19.99711
    ]
   },
   "properties": {
    "Name": "Odha (U)",
    "depot": "Tapovan Depot",
    "side": "up",
    "locationConfidence": "verified",
    "locationSource": "NMPML (Citilinc) RTI reply 3120/2026, 17 Aug 2026"
   }
  },
  {
   "type": "Feature",
   "geometry": {
    "type": "Point",
    "coordinates": [
     73.89008,
     19.99982
    ]
   },
   "properties": {
    "Name": "Aazad Nagar (U)",
    "depot": "Tapovan Depot",
    "side": "up",
    "locationConfidence": "verified",
    "locationSource": "NMPML (Citilinc) RTI reply 3120/2026, 17 Aug 2026"
   }
  },
  {
   "type": "Feature",
   "geometry": {
    "type": "Point",
    "coordinates": [
     73.87961,
     20.00183
    ]
   },
   "properties": {
    "Name": "Mandsangavi Toll Naka (U)",
    "depot": "Tapovan Depot",
    "side": "up",
    "locationConfidence": "verified",
    "locationSource": "NMPML (Citilinc) RTI reply 3120/2026, 17 Aug 2026"
   }
  },
  {
   "type": "Feature",
   "geometry": {
    "type": "Point",
    "coordinates": [
     73.87368,
     20.00083
    ]
   },
   "properties": {
    "Name": "Madsangavi Gaon (U)",
    "depot": "Tapovan Depot",
    "side": "up",
    "locationConfidence": "verified",
    "locationSource": "NMPML (Citilinc) RTI reply 3120/2026, 17 Aug 2026"
   }
  },
  {
   "type": "Feature",
   "geometry": {
    "type": "Point",
    "coordinates": [
     73.87029,
     20.00091
    ]
   },
   "properties": {
    "Name": "Mandsangavi (U)",
    "depot": "Tapovan Depot",
    "side": "up",
    "locationConfidence": "verified",
    "locationSource": "NMPML (Citilinc) RTI reply 3120/2026, 17 Aug 2026"
   }
  },
  {
   "type": "Feature",
   "geometry": {
    "type": "Point",
    "coordinates": [
     73.85454,
     19.99865
    ]
   },
   "properties": {
    "Name": "Vetalbaba Mandir (6 no chari) (U)",
    "depot": "Tapovan Depot",
    "side": "up",
    "locationConfidence": "verified",
    "locationSource": "NMPML (Citilinc) RTI reply 3120/2026, 17 Aug 2026"
   }
  },
  {
   "type": "Feature",
   "geometry": {
    "type": "Point",
    "coordinates": [
     73.84964,
     19.99801
    ]
   },
   "properties": {
    "Name": "Manur Phata (U)",
    "depot": "Tapovan Depot",
    "side": "up",
    "locationConfidence": "verified",
    "locationSource": "NMPML (Citilinc) RTI reply 3120/2026, 17 Aug 2026"
   }
  },
  {
   "type": "Feature",
   "geometry": {
    "type": "Point",
    "coordinates": [
     73.84489,
     19.99726
    ]
   },
   "properties": {
    "Name": "Nandur Naka 1 (U)",
    "depot": "Tapovan Depot",
    "side": "up",
    "locationConfidence": "verified",
    "locationSource": "NMPML (Citilinc) RTI reply 3120/2026, 17 Aug 2026"
   }
  },
  {
   "type": "Feature",
   "geometry": {
    "type": "Point",
    "coordinates": [
     73.82374,
     20.00592
    ]
   },
   "properties": {
    "Name": "Seva Society (U)",
    "depot": "Tapovan Depot",
    "side": "up",
    "locationConfidence": "verified",
    "locationSource": "NMPML (Citilinc) RTI reply 3120/2026, 17 Aug 2026"
   }
  },
  {
   "type": "Feature",
   "geometry": {
    "type": "Point",
    "coordinates": [
     73.82331,
     20.00595
    ]
   },
   "properties": {
    "Name": "Seva Society (D)",
    "depot": "Tapovan Depot",
    "side": "down",
    "locationConfidence": "verified",
    "locationSource": "NMPML (Citilinc) RTI reply 3120/2026, 17 Aug 2026"
   }
  },
  {
   "type": "Feature",
   "geometry": {
    "type": "Point",
    "coordinates": [
     73.84322,
     19.99672
    ]
   },
   "properties": {
    "Name": "Nandur Naka 1 (D)",
    "depot": "Tapovan Depot",
    "side": "down",
    "locationConfidence": "verified",
    "locationSource": "NMPML (Citilinc) RTI reply 3120/2026, 17 Aug 2026"
   }
  },
  {
   "type": "Feature",
   "geometry": {
    "type": "Point",
    "coordinates": [
     73.77086,
     20.0053
    ]
   },
   "properties": {
    "Name": "Dongre Vasti Gruha (U)",
    "depot": "Tapovan Depot",
    "side": "up",
    "locationConfidence": "verified",
    "locationSource": "NMPML (Citilinc) RTI reply 3120/2026, 17 Aug 2026"
   }
  },
  {
   "type": "Feature",
   "geometry": {
    "type": "Point",
    "coordinates": [
     73.76634,
     20.00937
    ]
   },
   "properties": {
    "Name": "Vidya Vikas Circle (U)",
    "depot": "Tapovan Depot",
    "side": "up",
    "locationConfidence": "verified",
    "locationSource": "NMPML (Citilinc) RTI reply 3120/2026, 17 Aug 2026"
   }
  },
  {
   "type": "Feature",
   "geometry": {
    "type": "Point",
    "coordinates": [
     73.76305,
     20.01059
    ]
   },
   "properties": {
    "Name": "Thatte Nagar (U)",
    "depot": "Tapovan Depot",
    "side": "up",
    "locationConfidence": "verified",
    "locationSource": "NMPML (Citilinc) RTI reply 3120/2026, 17 Aug 2026"
   }
  },
  {
   "type": "Feature",
   "geometry": {
    "type": "Point",
    "coordinates": [
     73.75896,
     20.01189
    ]
   },
   "properties": {
    "Name": "S.T. Colony (Gangapur Road) (U)",
    "depot": "Tapovan Depot",
    "side": "up",
    "locationConfidence": "verified",
    "locationSource": "NMPML (Citilinc) RTI reply 3120/2026, 17 Aug 2026"
   }
  },
  {
   "type": "Feature",
   "geometry": {
    "type": "Point",
    "coordinates": [
     73.75528,
     20.01194
    ]
   },
   "properties": {
    "Name": "Jehan Circle (U)",
    "depot": "Tapovan Depot",
    "side": "up",
    "locationConfidence": "verified",
    "locationSource": "NMPML (Citilinc) RTI reply 3120/2026, 17 Aug 2026"
   }
  },
  {
   "type": "Feature",
   "geometry": {
    "type": "Point",
    "coordinates": [
     73.74804,
     20.01213
    ]
   },
   "properties": {
    "Name": "Aanandavalli (U)",
    "depot": "Tapovan Depot",
    "side": "up",
    "locationConfidence": "verified",
    "locationSource": "NMPML (Citilinc) RTI reply 3120/2026, 17 Aug 2026"
   }
  },
  {
   "type": "Feature",
   "geometry": {
    "type": "Point",
    "coordinates": [
     73.74325,
     20.01299
    ]
   },
   "properties": {
    "Name": "Navsha Ganpati (U)",
    "depot": "Tapovan Depot",
    "side": "up",
    "locationConfidence": "verified",
    "locationSource": "NMPML (Citilinc) RTI reply 3120/2026, 17 Aug 2026"
   }
  },
  {
   "type": "Feature",
   "geometry": {
    "type": "Point",
    "coordinates": [
     73.73771,
     20.01476
    ]
   },
   "properties": {
    "Name": "Shirin Colony (U)",
    "depot": "Tapovan Depot",
    "side": "up",
    "locationConfidence": "verified",
    "locationSource": "NMPML (Citilinc) RTI reply 3120/2026, 17 Aug 2026"
   }
  },
  {
   "type": "Feature",
   "geometry": {
    "type": "Point",
    "coordinates": [
     73.71957,
     20.02598
    ]
   },
   "properties": {
    "Name": "Balaji Mandir (U)",
    "depot": "Tapovan Depot",
    "side": "up",
    "locationConfidence": "verified",
    "locationSource": "NMPML (Citilinc) RTI reply 3120/2026, 17 Aug 2026"
   }
  },
  {
   "type": "Feature",
   "geometry": {
    "type": "Point",
    "coordinates": [
     73.71577,
     20.02987
    ]
   },
   "properties": {
    "Name": "Gangapur Gaon (U)",
    "depot": "Tapovan Depot",
    "side": "up",
    "locationConfidence": "verified",
    "locationSource": "NMPML (Citilinc) RTI reply 3120/2026, 17 Aug 2026"
   }
  },
  {
   "type": "Feature",
   "geometry": {
    "type": "Point",
    "coordinates": [
     73.71257,
     20.02981
    ]
   },
   "properties": {
    "Name": "Govardhan (D)",
    "depot": "Tapovan Depot",
    "side": "down",
    "locationConfidence": "verified",
    "locationSource": "NMPML (Citilinc) RTI reply 3120/2026, 17 Aug 2026"
   }
  },
  {
   "type": "Feature",
   "geometry": {
    "type": "Point",
    "coordinates": [
     73.78646,
     20.00084
    ]
   },
   "properties": {
    "Name": "Shalimar 1 (U)",
    "depot": "Tapovan Depot",
    "side": "up",
    "locationConfidence": "verified",
    "locationSource": "NMPML (Citilinc) RTI reply 3120/2026, 17 Aug 2026"
   }
  },
  {
   "type": "Feature",
   "geometry": {
    "type": "Point",
    "coordinates": [
     73.81064,
     20.01079
    ]
   },
   "properties": {
    "Name": "Ch. Sambhaji Maharaj Naka 2 (D)",
    "depot": "Tapovan Depot",
    "side": "down",
    "locationConfidence": "verified",
    "locationSource": "NMPML (Citilinc) RTI reply 3120/2026, 17 Aug 2026"
   }
  },
  {
   "type": "Feature",
   "geometry": {
    "type": "Point",
    "coordinates": [
     73.81948,
     20.01465
    ]
   },
   "properties": {
    "Name": "Aadgaon (D)",
    "depot": "Tapovan Depot",
    "side": "down",
    "locationConfidence": "verified",
    "locationSource": "NMPML (Citilinc) RTI reply 3120/2026, 17 Aug 2026"
   }
  },
  {
   "type": "Feature",
   "geometry": {
    "type": "Point",
    "coordinates": [
     73.73547,
     20.01698
    ]
   },
   "properties": {
    "Name": "Bendkule Nagar (D)",
    "depot": "Tapovan Depot",
    "side": "down",
    "locationConfidence": "verified",
    "locationSource": "NMPML (Citilinc) RTI reply 3120/2026, 17 Aug 2026"
   }
  },
  {
   "type": "Feature",
   "geometry": {
    "type": "Point",
    "coordinates": [
     73.91448,
     20.0389
    ]
   },
   "properties": {
    "Name": "Valmik Nagar Phata (D)",
    "depot": "Tapovan Depot",
    "side": "down",
    "locationConfidence": "verified",
    "locationSource": "NMPML (Citilinc) RTI reply 3120/2026, 17 Aug 2026"
   }
  },
  {
   "type": "Feature",
   "geometry": {
    "type": "Point",
    "coordinates": [
     73.87584,
     20.03503
    ]
   },
   "properties": {
    "Name": "Vinchurgavli Phata (D)",
    "depot": "Tapovan Depot",
    "side": "down",
    "locationConfidence": "verified",
    "locationSource": "NMPML (Citilinc) RTI reply 3120/2026, 17 Aug 2026"
   }
  },
  {
   "type": "Feature",
   "geometry": {
    "type": "Point",
    "coordinates": [
     73.92271,
     20.0415
    ]
   },
   "properties": {
    "Name": "Canal Road (D)",
    "depot": "Tapovan Depot",
    "side": "down",
    "locationConfidence": "verified",
    "locationSource": "NMPML (Citilinc) RTI reply 3120/2026, 17 Aug 2026"
   }
  },
  {
   "type": "Feature",
   "geometry": {
    "type": "Point",
    "coordinates": [
     73.92639,
     20.04224
    ]
   },
   "properties": {
    "Name": "Nutan Vidyalay (D)",
    "depot": "Tapovan Depot",
    "side": "down",
    "locationConfidence": "verified",
    "locationSource": "NMPML (Citilinc) RTI reply 3120/2026, 17 Aug 2026"
   }
  },
  {
   "type": "Feature",
   "geometry": {
    "type": "Point",
    "coordinates": [
     73.74549,
     19.99245
    ]
   },
   "properties": {
    "Name": "Ujjwal Agency (D)",
    "depot": "Tapovan Depot",
    "side": "down",
    "locationConfidence": "verified",
    "locationSource": "NMPML (Citilinc) RTI reply 3120/2026, 17 Aug 2026"
   }
  },
  {
   "type": "Feature",
   "geometry": {
    "type": "Point",
    "coordinates": [
     73.74559,
     19.99229
    ]
   },
   "properties": {
    "Name": "Ujjwal Agency (U)",
    "depot": "Tapovan Depot",
    "side": "up",
    "locationConfidence": "verified",
    "locationSource": "NMPML (Citilinc) RTI reply 3120/2026, 17 Aug 2026"
   }
  },
  {
   "type": "Feature",
   "geometry": {
    "type": "Point",
    "coordinates": [
     73.71394,
     20.00985
    ]
   },
   "properties": {
    "Name": "Bhawar Tower",
    "depot": "Nashik Road Depot",
    "locationConfidence": "verified",
    "locationSource": "NMPML (Citilinc) RTI reply 3120/2026, 17 Aug 2026"
   }
  },
  {
   "type": "Feature",
   "geometry": {
    "type": "Point",
    "coordinates": [
     73.75053,
     19.94937
    ]
   },
   "properties": {
    "Name": "Lokmat (U)",
    "depot": "Tapovan Depot",
    "side": "up",
    "locationConfidence": "verified",
    "locationSource": "NMPML (Citilinc) RTI reply 3120/2026, 17 Aug 2026"
   }
  },
  {
   "type": "Feature",
   "geometry": {
    "type": "Point",
    "coordinates": [
     73.75474,
     19.9526
    ]
   },
   "properties": {
    "Name": "Meltron / Express Inn Hotel (U)",
    "depot": "Tapovan Depot",
    "side": "up",
    "locationConfidence": "verified",
    "locationSource": "NMPML (Citilinc) RTI reply 3120/2026, 17 Aug 2026"
   }
  },
  {
   "type": "Feature",
   "geometry": {
    "type": "Point",
    "coordinates": [
     73.77894,
     19.99599
    ]
   },
   "properties": {
    "Name": "Civil Hospital 1 (U)",
    "depot": "Tapovan Depot",
    "side": "up",
    "locationConfidence": "verified",
    "locationSource": "NMPML (Citilinc) RTI reply 3120/2026, 17 Aug 2026"
   }
  },
  {
   "type": "Feature",
   "geometry": {
    "type": "Point",
    "coordinates": [
     73.77789,
     19.99579
    ]
   },
   "properties": {
    "Name": "Civil Hospital 1 (D)",
    "depot": "Tapovan Depot",
    "side": "down",
    "locationConfidence": "verified",
    "locationSource": "NMPML (Citilinc) RTI reply 3120/2026, 17 Aug 2026"
   }
  },
  {
   "type": "Feature",
   "geometry": {
    "type": "Point",
    "coordinates": [
     73.71179,
     20.00249
    ]
   },
   "properties": {
    "Name": "Carbon Naka 1 (D)",
    "depot": "Tapovan Depot",
    "side": "down",
    "locationConfidence": "verified",
    "locationSource": "NMPML (Citilinc) RTI reply 3120/2026, 17 Aug 2026"
   }
  },
  {
   "type": "Feature",
   "geometry": {
    "type": "Point",
    "coordinates": [
     73.7123,
     20.00237
    ]
   },
   "properties": {
    "Name": "Carbon Naka 1 (U)",
    "depot": "Tapovan Depot",
    "side": "up",
    "locationConfidence": "verified",
    "locationSource": "NMPML (Citilinc) RTI reply 3120/2026, 17 Aug 2026"
   }
  },
  {
   "type": "Feature",
   "geometry": {
    "type": "Point",
    "coordinates": [
     73.79285,
     19.98925
    ]
   },
   "properties": {
    "Name": "Nagji Hospital (D)",
    "depot": "Tapovan Depot",
    "side": "down",
    "locationConfidence": "verified",
    "locationSource": "NMPML (Citilinc) RTI reply 3120/2026, 17 Aug 2026"
   }
  },
  {
   "type": "Feature",
   "geometry": {
    "type": "Point",
    "coordinates": [
     73.89615,
     19.99126
    ]
   },
   "properties": {
    "Name": "Godavari River",
    "depot": "Nashik Road Depot",
    "locationConfidence": "verified",
    "locationSource": "NMPML (Citilinc) RTI reply 3120/2026, 17 Aug 2026"
   }
  },
  {
   "type": "Feature",
   "geometry": {
    "type": "Point",
    "coordinates": [
     73.76451,
     19.96271
    ]
   },
   "properties": {
    "Name": "Mahendra House (U)",
    "depot": "Tapovan Depot",
    "side": "up",
    "locationConfidence": "verified",
    "locationSource": "NMPML (Citilinc) RTI reply 3120/2026, 17 Aug 2026"
   }
  },
  {
   "type": "Feature",
   "geometry": {
    "type": "Point",
    "coordinates": [
     73.76053,
     19.95888
    ]
   },
   "properties": {
    "Name": "Ashwin Nagar (U)",
    "depot": "Tapovan Depot",
    "side": "up",
    "locationConfidence": "verified",
    "locationSource": "NMPML (Citilinc) RTI reply 3120/2026, 17 Aug 2026"
   }
  },
  {
   "type": "Feature",
   "geometry": {
    "type": "Point",
    "coordinates": [
     73.77117,
     19.97117
    ]
   },
   "properties": {
    "Name": "CIDCO Office (D)",
    "depot": "Tapovan Depot",
    "side": "down",
    "locationConfidence": "verified",
    "locationSource": "NMPML (Citilinc) RTI reply 3120/2026, 17 Aug 2026"
   }
  },
  {
   "type": "Feature",
   "geometry": {
    "type": "Point",
    "coordinates": [
     73.76943,
     19.96924
    ]
   },
   "properties": {
    "Name": "State Bank (U)",
    "depot": "Tapovan Depot",
    "side": "up",
    "locationConfidence": "verified",
    "locationSource": "NMPML (Citilinc) RTI reply 3120/2026, 17 Aug 2026"
   }
  },
  {
   "type": "Feature",
   "geometry": {
    "type": "Point",
    "coordinates": [
     73.7672,
     19.96589
    ]
   },
   "properties": {
    "Name": "Rane Nagar 1 (U)",
    "depot": "Tapovan Depot",
    "side": "up",
    "locationConfidence": "verified",
    "locationSource": "NMPML (Citilinc) RTI reply 3120/2026, 17 Aug 2026"
   }
  },
  {
   "type": "Feature",
   "geometry": {
    "type": "Point",
    "coordinates": [
     73.78323,
     19.98414
    ]
   },
   "properties": {
    "Name": "Dipali Nagar",
    "depot": "Tapovan Depot",
    "locationConfidence": "verified",
    "locationSource": "NMPML (Citilinc) RTI reply 3120/2026, 17 Aug 2026"
   }
  },
  {
   "type": "Feature",
   "geometry": {
    "type": "Point",
    "coordinates": [
     73.77974,
     19.97909
    ]
   },
   "properties": {
    "Name": "Indira Nagar 1 (U)",
    "depot": "Tapovan Depot",
    "side": "up",
    "locationConfidence": "verified",
    "locationSource": "NMPML (Citilinc) RTI reply 3120/2026, 17 Aug 2026"
   }
  },
  {
   "type": "Feature",
   "geometry": {
    "type": "Point",
    "coordinates": [
     73.77424,
     19.97278
    ]
   },
   "properties": {
    "Name": "Lekha Nagar 2 (D)",
    "depot": "Tapovan Depot",
    "side": "down",
    "locationConfidence": "verified",
    "locationSource": "NMPML (Citilinc) RTI reply 3120/2026, 17 Aug 2026"
   }
  },
  {
   "type": "Feature",
   "geometry": {
    "type": "Point",
    "coordinates": [
     73.76397,
     19.96138
    ]
   },
   "properties": {
    "Name": "Ayodhya Nagar 1 (D)",
    "depot": "Tapovan Depot",
    "side": "down",
    "locationConfidence": "verified",
    "locationSource": "NMPML (Citilinc) RTI reply 3120/2026, 17 Aug 2026"
   }
  },
  {
   "type": "Feature",
   "geometry": {
    "type": "Point",
    "coordinates": [
     73.76094,
     19.95864
    ]
   },
   "properties": {
    "Name": "Wasan Nagar (D)",
    "depot": "Tapovan Depot",
    "side": "down",
    "locationConfidence": "verified",
    "locationSource": "NMPML (Citilinc) RTI reply 3120/2026, 17 Aug 2026"
   }
  },
  {
   "type": "Feature",
   "geometry": {
    "type": "Point",
    "coordinates": [
     73.75878,
     19.95664
    ]
   },
   "properties": {
    "Name": "Pathardi Phata 2 (D)",
    "depot": "Tapovan Depot",
    "side": "down",
    "locationConfidence": "verified",
    "locationSource": "NMPML (Citilinc) RTI reply 3120/2026, 17 Aug 2026"
   }
  },
  {
   "type": "Feature",
   "geometry": {
    "type": "Point",
    "coordinates": [
     73.76872,
     19.95213
    ]
   },
   "properties": {
    "Name": "Dyaneshwar Nagar (D)",
    "depot": "Tapovan Depot",
    "side": "down",
    "locationConfidence": "verified",
    "locationSource": "NMPML (Citilinc) RTI reply 3120/2026, 17 Aug 2026"
   }
  },
  {
   "type": "Feature",
   "geometry": {
    "type": "Point",
    "coordinates": [
     73.77063,
     19.94974
    ]
   },
   "properties": {
    "Name": "Sawant Chowk (D)",
    "depot": "Tapovan Depot",
    "side": "down",
    "locationConfidence": "verified",
    "locationSource": "NMPML (Citilinc) RTI reply 3120/2026, 17 Aug 2026"
   }
  },
  {
   "type": "Feature",
   "geometry": {
    "type": "Point",
    "coordinates": [
     73.83354,
     19.9474
    ]
   },
   "properties": {
    "Name": "Jain Bhavan (U)",
    "depot": "Tapovan Depot",
    "side": "up",
    "locationConfidence": "verified",
    "locationSource": "NMPML (Citilinc) RTI reply 3120/2026, 17 Aug 2026"
   }
  },
  {
   "type": "Feature",
   "geometry": {
    "type": "Point",
    "coordinates": [
     73.74121,
     19.96742
    ]
   },
   "properties": {
    "Name": "Mahalakshmi Nagar (D)",
    "depot": "Tapovan Depot",
    "side": "down",
    "locationConfidence": "verified",
    "locationSource": "NMPML (Citilinc) RTI reply 3120/2026, 17 Aug 2026"
   }
  },
  {
   "type": "Feature",
   "geometry": {
    "type": "Point",
    "coordinates": [
     73.74428,
     19.97001
    ]
   },
   "properties": {
    "Name": "DGP Nagar 1 (D)",
    "depot": "Tapovan Depot",
    "side": "down",
    "locationConfidence": "verified",
    "locationSource": "NMPML (Citilinc) RTI reply 3120/2026, 17 Aug 2026"
   }
  },
  {
   "type": "Feature",
   "geometry": {
    "type": "Point",
    "coordinates": [
     73.7536,
     19.97956
    ]
   },
   "properties": {
    "Name": "Shankar Chowk (D)",
    "depot": "Tapovan Depot",
    "side": "down",
    "locationConfidence": "verified",
    "locationSource": "NMPML (Citilinc) RTI reply 3120/2026, 17 Aug 2026"
   }
  },
  {
   "type": "Feature",
   "geometry": {
    "type": "Point",
    "coordinates": [
     73.75538,
     19.96926
    ]
   },
   "properties": {
    "Name": "Uttam Nagar 1 (D)",
    "depot": "Tapovan Depot",
    "side": "down",
    "locationConfidence": "verified",
    "locationSource": "NMPML (Citilinc) RTI reply 3120/2026, 17 Aug 2026"
   }
  },
  {
   "type": "Feature",
   "geometry": {
    "type": "Point",
    "coordinates": [
     73.75504,
     19.96938
    ]
   },
   "properties": {
    "Name": "Uttam Nagar 1 (U)",
    "depot": "Tapovan Depot",
    "side": "up",
    "locationConfidence": "verified",
    "locationSource": "NMPML (Citilinc) RTI reply 3120/2026, 17 Aug 2026"
   }
  },
  {
   "type": "Feature",
   "geometry": {
    "type": "Point",
    "coordinates": [
     73.78253,
     19.96942
    ]
   },
   "properties": {
    "Name": "Kala Nagar 1 (D)",
    "depot": "Nashik Road Depot",
    "side": "down",
    "locationConfidence": "verified",
    "locationSource": "NMPML (Citilinc) RTI reply 3120/2026, 17 Aug 2026"
   }
  },
  {
   "type": "Feature",
   "geometry": {
    "type": "Point",
    "coordinates": [
     73.78269,
     19.96936
    ]
   },
   "properties": {
    "Name": "Kala Nagar 1 (U)",
    "depot": "Nashik Road Depot",
    "side": "up",
    "locationConfidence": "verified",
    "locationSource": "NMPML (Citilinc) RTI reply 3120/2026, 17 Aug 2026"
   }
  },
  {
   "type": "Feature",
   "geometry": {
    "type": "Point",
    "coordinates": [
     73.79538,
     19.99431
    ]
   },
   "properties": {
    "Name": "Wadala Naka (U)",
    "depot": "Nashik Road Depot",
    "side": "up",
    "locationConfidence": "verified",
    "locationSource": "NMPML (Citilinc) RTI reply 3120/2026, 17 Aug 2026"
   }
  },
  {
   "type": "Feature",
   "geometry": {
    "type": "Point",
    "coordinates": [
     73.78845,
     19.99553
    ]
   },
   "properties": {
    "Name": "Ganjmal (D)",
    "depot": "Nashik Road Depot",
    "side": "down",
    "locationConfidence": "verified",
    "locationSource": "NMPML (Citilinc) RTI reply 3120/2026, 17 Aug 2026"
   }
  },
  {
   "type": "Feature",
   "geometry": {
    "type": "Point",
    "coordinates": [
     73.79346,
     19.99158
    ]
   },
   "properties": {
    "Name": "Aayesha Nagar 1 (D)",
    "depot": "Tapovan Depot",
    "side": "down",
    "locationConfidence": "verified",
    "locationSource": "NMPML (Citilinc) RTI reply 3120/2026, 17 Aug 2026"
   }
  },
  {
   "type": "Feature",
   "geometry": {
    "type": "Point",
    "coordinates": [
     73.78635,
     20.00039
    ]
   },
   "properties": {
    "Name": "Shalimar (D)",
    "depot": "Tapovan Depot",
    "side": "down",
    "locationConfidence": "verified",
    "locationSource": "NMPML (Citilinc) RTI reply 3120/2026, 17 Aug 2026"
   }
  },
  {
   "type": "Feature",
   "geometry": {
    "type": "Point",
    "coordinates": [
     73.75328,
     19.96772
    ]
   },
   "properties": {
    "Name": "Gauri Shankar Mangal Karyalaya (D)",
    "depot": "Tapovan Depot",
    "side": "down",
    "locationConfidence": "verified",
    "locationSource": "NMPML (Citilinc) RTI reply 3120/2026, 17 Aug 2026"
   }
  },
  {
   "type": "Feature",
   "geometry": {
    "type": "Point",
    "coordinates": [
     73.79222,
     19.98409
    ]
   },
   "properties": {
    "Name": "Bharat Nagar 1",
    "depot": "Tapovan Depot",
    "locationConfidence": "verified",
    "locationSource": "NMPML (Citilinc) RTI reply 3120/2026, 17 Aug 2026"
   }
  },
  {
   "type": "Feature",
   "geometry": {
    "type": "Point",
    "coordinates": [
     73.78344,
     19.99784
    ]
   },
   "properties": {
    "Name": "Z.P. Office",
    "depot": "Nashik Road Depot",
    "locationConfidence": "verified",
    "locationSource": "NMPML (Citilinc) RTI reply 3120/2026, 17 Aug 2026"
   }
  },
  {
   "type": "Feature",
   "geometry": {
    "type": "Point",
    "coordinates": [
     73.75547,
     19.9725
    ]
   },
   "properties": {
    "Name": "Rajratna Nagar (D)",
    "depot": "Nashik Road Depot",
    "side": "down",
    "locationConfidence": "verified",
    "locationSource": "NMPML (Citilinc) RTI reply 3120/2026, 17 Aug 2026"
   }
  },
  {
   "type": "Feature",
   "geometry": {
    "type": "Point",
    "coordinates": [
     73.75401,
     19.97115
    ]
   },
   "properties": {
    "Name": "Rajratna Nagar (U)",
    "depot": "Nashik Road Depot",
    "side": "up",
    "locationConfidence": "verified",
    "locationSource": "NMPML (Citilinc) RTI reply 3120/2026, 17 Aug 2026"
   }
  },
  {
   "type": "Feature",
   "geometry": {
    "type": "Point",
    "coordinates": [
     73.74441,
     19.94444
    ]
   },
   "properties": {
    "Name": "Garware (Ambad Road) (D)",
    "depot": "Nashik Road Depot",
    "side": "down",
    "locationConfidence": "verified",
    "locationSource": "NMPML (Citilinc) RTI reply 3120/2026, 17 Aug 2026"
   }
  },
  {
   "type": "Feature",
   "geometry": {
    "type": "Point",
    "coordinates": [
     73.73519,
     19.95607
    ]
   },
   "properties": {
    "Name": "Siemens (D)",
    "depot": "Nashik Road Depot",
    "side": "down",
    "locationConfidence": "verified",
    "locationSource": "NMPML (Citilinc) RTI reply 3120/2026, 17 Aug 2026"
   }
  },
  {
   "type": "Feature",
   "geometry": {
    "type": "Point",
    "coordinates": [
     73.7352,
     19.9598
    ]
   },
   "properties": {
    "Name": "Nashik Cluster (D)",
    "depot": "Nashik Road Depot",
    "side": "down",
    "locationConfidence": "verified",
    "locationSource": "NMPML (Citilinc) RTI reply 3120/2026, 17 Aug 2026"
   }
  },
  {
   "type": "Feature",
   "geometry": {
    "type": "Point",
    "coordinates": [
     73.78222,
     19.98214
    ]
   },
   "properties": {
    "Name": "Vinay Nagar (D)",
    "depot": "Nashik Road Depot",
    "side": "down",
    "locationConfidence": "verified",
    "locationSource": "NMPML (Citilinc) RTI reply 3120/2026, 17 Aug 2026"
   }
  },
  {
   "type": "Feature",
   "geometry": {
    "type": "Point",
    "coordinates": [
     73.7774,
     19.97634
    ]
   },
   "properties": {
    "Name": "Kamod Nagar (D)",
    "depot": "Nashik Road Depot",
    "side": "down",
    "locationConfidence": "verified",
    "locationSource": "NMPML (Citilinc) RTI reply 3120/2026, 17 Aug 2026"
   }
  },
  {
   "type": "Feature",
   "geometry": {
    "type": "Point",
    "coordinates": [
     73.7701,
     19.96875
    ]
   },
   "properties": {
    "Name": "Rajiv Nagar (D)",
    "depot": "Nashik Road Depot",
    "side": "down",
    "locationConfidence": "verified",
    "locationSource": "NMPML (Citilinc) RTI reply 3120/2026, 17 Aug 2026"
   }
  },
  {
   "type": "Feature",
   "geometry": {
    "type": "Point",
    "coordinates": [
     73.84668,
     19.94725
    ]
   },
   "properties": {
    "Name": "Sinnar Phata (D)",
    "depot": "Tapovan Depot",
    "side": "down",
    "locationConfidence": "verified",
    "locationSource": "NMPML (Citilinc) RTI reply 3120/2026, 17 Aug 2026"
   }
  },
  {
   "type": "Feature",
   "geometry": {
    "type": "Point",
    "coordinates": [
     73.88405,
     19.92014
    ]
   },
   "properties": {
    "Name": "Bangali Baba (D)",
    "depot": "Tapovan Depot",
    "side": "down",
    "locationConfidence": "verified",
    "locationSource": "NMPML (Citilinc) RTI reply 3120/2026, 17 Aug 2026"
   }
  },
  {
   "type": "Feature",
   "geometry": {
    "type": "Point",
    "coordinates": [
     73.89843,
     19.91486
    ]
   },
   "properties": {
    "Name": "Shinde Gaon (D)",
    "depot": "Tapovan Depot",
    "side": "down",
    "locationConfidence": "verified",
    "locationSource": "NMPML (Citilinc) RTI reply 3120/2026, 17 Aug 2026"
   }
  },
  {
   "type": "Feature",
   "geometry": {
    "type": "Point",
    "coordinates": [
     73.9065,
     19.90929
    ]
   },
   "properties": {
    "Name": "Toll Naka (D)",
    "depot": "Tapovan Depot",
    "side": "down",
    "locationConfidence": "verified",
    "locationSource": "NMPML (Citilinc) RTI reply 3120/2026, 17 Aug 2026"
   }
  },
  {
   "type": "Feature",
   "geometry": {
    "type": "Point",
    "coordinates": [
     73.91635,
     19.90244
    ]
   },
   "properties": {
    "Name": "Chincholi Phata (D)",
    "depot": "Tapovan Depot",
    "side": "down",
    "locationConfidence": "verified",
    "locationSource": "NMPML (Citilinc) RTI reply 3120/2026, 17 Aug 2026"
   }
  },
  {
   "type": "Feature",
   "geometry": {
    "type": "Point",
    "coordinates": [
     73.93306,
     19.89083
    ]
   },
   "properties": {
    "Name": "Vikhe Patil Engg. College (D)",
    "depot": "Tapovan Depot",
    "side": "down",
    "locationConfidence": "verified",
    "locationSource": "NMPML (Citilinc) RTI reply 3120/2026, 17 Aug 2026"
   }
  },
  {
   "type": "Feature",
   "geometry": {
    "type": "Point",
    "coordinates": [
     73.96535,
     19.8648
    ]
   },
   "properties": {
    "Name": "L&T Phata / Malegaon Phata (D)",
    "depot": "Tapovan Depot",
    "side": "down",
    "locationConfidence": "verified",
    "locationSource": "NMPML (Citilinc) RTI reply 3120/2026, 17 Aug 2026"
   }
  },
  {
   "type": "Feature",
   "geometry": {
    "type": "Point",
    "coordinates": [
     73.97022,
     19.8627
    ]
   },
   "properties": {
    "Name": "Jindal Phata / MIDC Phata No.2",
    "depot": "Tapovan Depot",
    "locationConfidence": "verified",
    "locationSource": "NMPML (Citilinc) RTI reply 3120/2026, 17 Aug 2026"
   }
  },
  {
   "type": "Feature",
   "geometry": {
    "type": "Point",
    "coordinates": [
     73.9763,
     19.85947
    ]
   },
   "properties": {
    "Name": "MIDC Phata (Sarda) (D)",
    "depot": "Tapovan Depot",
    "side": "down",
    "locationConfidence": "verified",
    "locationSource": "NMPML (Citilinc) RTI reply 3120/2026, 17 Aug 2026"
   }
  },
  {
   "type": "Feature",
   "geometry": {
    "type": "Point",
    "coordinates": [
     73.98543,
     19.85104
    ]
   },
   "properties": {
    "Name": "Sinnar Mahavidyalaya (D)",
    "depot": "Tapovan Depot",
    "side": "down",
    "locationConfidence": "verified",
    "locationSource": "NMPML (Citilinc) RTI reply 3120/2026, 17 Aug 2026"
   }
  },
  {
   "type": "Feature",
   "geometry": {
    "type": "Point",
    "coordinates": [
     73.98939,
     19.84752
    ]
   },
   "properties": {
    "Name": "Paste Phata (Aadva Phata) (D)",
    "depot": "Nashik Road Depot",
    "side": "down",
    "locationConfidence": "verified",
    "locationSource": "NMPML (Citilinc) RTI reply 3120/2026, 17 Aug 2026"
   }
  },
  {
   "type": "Feature",
   "geometry": {
    "type": "Point",
    "coordinates": [
     73.99346,
     19.84401
    ]
   },
   "properties": {
    "Name": "Sinnar Bus Stand (D)",
    "depot": "Tapovan Depot",
    "side": "down",
    "locationConfidence": "verified",
    "locationSource": "NMPML (Citilinc) RTI reply 3120/2026, 17 Aug 2026"
   }
  },
  {
   "type": "Feature",
   "geometry": {
    "type": "Point",
    "coordinates": [
     73.821,
     19.96376
    ]
   },
   "properties": {
    "Name": "Jetvan Nagar (D)",
    "depot": "Tapovan Depot",
    "side": "down",
    "locationConfidence": "verified",
    "locationSource": "NMPML (Citilinc) RTI reply 3120/2026, 17 Aug 2026"
   }
  },
  {
   "type": "Feature",
   "geometry": {
    "type": "Point",
    "coordinates": [
     73.82399,
     19.95757
    ]
   },
   "properties": {
    "Name": "Gaikwad Mala (D)",
    "depot": "Tapovan Depot",
    "side": "down",
    "locationConfidence": "verified",
    "locationSource": "NMPML (Citilinc) RTI reply 3120/2026, 17 Aug 2026"
   }
  },
  {
   "type": "Feature",
   "geometry": {
    "type": "Point",
    "coordinates": [
     73.82467,
     19.95407
    ]
   },
   "properties": {
    "Name": "Tulja Bhawani Mandir (D)",
    "depot": "Tapovan Depot",
    "side": "down",
    "locationConfidence": "verified",
    "locationSource": "NMPML (Citilinc) RTI reply 3120/2026, 17 Aug 2026"
   }
  },
  {
   "type": "Feature",
   "geometry": {
    "type": "Point",
    "coordinates": [
     73.82551,
     19.95086
    ]
   },
   "properties": {
    "Name": "Lavhate Nagar (D)",
    "depot": "Tapovan Depot",
    "side": "down",
    "locationConfidence": "verified",
    "locationSource": "NMPML (Citilinc) RTI reply 3120/2026, 17 Aug 2026"
   }
  },
  {
   "type": "Feature",
   "geometry": {
    "type": "Point",
    "coordinates": [
     73.8265,
     19.94664
    ]
   },
   "properties": {
    "Name": "Artilari Centre (D)",
    "depot": "Tapovan Depot",
    "side": "down",
    "locationConfidence": "verified",
    "locationSource": "NMPML (Citilinc) RTI reply 3120/2026, 17 Aug 2026"
   }
  },
  {
   "type": "Feature",
   "geometry": {
    "type": "Point",
    "coordinates": [
     73.75023,
     19.97702
    ]
   },
   "properties": {
    "Name": "Abhiyanta Nagar (D)",
    "depot": "Tapovan Depot",
    "side": "down",
    "locationConfidence": "verified",
    "locationSource": "NMPML (Citilinc) RTI reply 3120/2026, 17 Aug 2026"
   }
  },
  {
   "type": "Feature",
   "geometry": {
    "type": "Point",
    "coordinates": [
     73.74886,
     19.97432
    ]
   },
   "properties": {
    "Name": "Kamatwada (D)",
    "depot": "Tapovan Depot",
    "side": "down",
    "locationConfidence": "verified",
    "locationSource": "NMPML (Citilinc) RTI reply 3120/2026, 17 Aug 2026"
   }
  },
  {
   "type": "Feature",
   "geometry": {
    "type": "Point",
    "coordinates": [
     73.73876,
     19.96315
    ]
   },
   "properties": {
    "Name": "Ambad Jalkumbh (U)",
    "depot": "Tapovan Depot",
    "side": "up",
    "locationConfidence": "verified",
    "locationSource": "NMPML (Citilinc) RTI reply 3120/2026, 17 Aug 2026"
   }
  },
  {
   "type": "Feature",
   "geometry": {
    "type": "Point",
    "coordinates": [
     73.73594,
     19.96319
    ]
   },
   "properties": {
    "Name": "XLO Point (D)",
    "depot": "Tapovan Depot",
    "side": "down",
    "locationConfidence": "verified",
    "locationSource": "NMPML (Citilinc) RTI reply 3120/2026, 17 Aug 2026"
   }
  },
  {
   "type": "Feature",
   "geometry": {
    "type": "Point",
    "coordinates": [
     73.73121,
     19.96416
    ]
   },
   "properties": {
    "Name": "Ram Krishna Nagar (D)",
    "depot": "Tapovan Depot",
    "side": "down",
    "locationConfidence": "verified",
    "locationSource": "NMPML (Citilinc) RTI reply 3120/2026, 17 Aug 2026"
   }
  },
  {
   "type": "Feature",
   "geometry": {
    "type": "Point",
    "coordinates": [
     73.78105,
     20.00077
    ]
   },
   "properties": {
    "Name": "CBS / Mela Stand (D)",
    "depot": "Tapovan Depot",
    "side": "down",
    "locationConfidence": "verified",
    "locationSource": "NMPML (Citilinc) RTI reply 3120/2026, 17 Aug 2026"
   }
  },
  {
   "type": "Feature",
   "geometry": {
    "type": "Point",
    "coordinates": [
     73.77619,
     20.00141
    ]
   },
   "properties": {
    "Name": "Rajiv Gandhi Bhavan (D)",
    "depot": "Tapovan Depot",
    "side": "down",
    "locationConfidence": "verified",
    "locationSource": "NMPML (Citilinc) RTI reply 3120/2026, 17 Aug 2026"
   }
  },
  {
   "type": "Feature",
   "geometry": {
    "type": "Point",
    "coordinates": [
     73.7733,
     20.00222
    ]
   },
   "properties": {
    "Name": "Kulkarni Garden (D)",
    "depot": "Tapovan Depot",
    "side": "down",
    "locationConfidence": "verified",
    "locationSource": "NMPML (Citilinc) RTI reply 3120/2026, 17 Aug 2026"
   }
  },
  {
   "type": "Feature",
   "geometry": {
    "type": "Point",
    "coordinates": [
     73.77159,
     20.00283
    ]
   },
   "properties": {
    "Name": "Canada Corner (D)",
    "depot": "Tapovan Depot",
    "side": "down",
    "locationConfidence": "verified",
    "locationSource": "NMPML (Citilinc) RTI reply 3120/2026, 17 Aug 2026"
   }
  },
  {
   "type": "Feature",
   "geometry": {
    "type": "Point",
    "coordinates": [
     73.76776,
     20.00517
    ]
   },
   "properties": {
    "Name": "Ashavari Chambers (D)",
    "depot": "Tapovan Depot",
    "side": "down",
    "locationConfidence": "verified",
    "locationSource": "NMPML (Citilinc) RTI reply 3120/2026, 17 Aug 2026"
   }
  },
  {
   "type": "Feature",
   "geometry": {
    "type": "Point",
    "coordinates": [
     73.76401,
     20.00583
    ]
   },
   "properties": {
    "Name": "Yewalekar Mala (D)",
    "depot": "Tapovan Depot",
    "side": "down",
    "locationConfidence": "verified",
    "locationSource": "NMPML (Citilinc) RTI reply 3120/2026, 17 Aug 2026"
   }
  },
  {
   "type": "Feature",
   "geometry": {
    "type": "Point",
    "coordinates": [
     73.76043,
     20.00689
    ]
   },
   "properties": {
    "Name": "HPT College (D)",
    "depot": "Tapovan Depot",
    "side": "down",
    "locationConfidence": "verified",
    "locationSource": "NMPML (Citilinc) RTI reply 3120/2026, 17 Aug 2026"
   }
  },
  {
   "type": "Feature",
   "geometry": {
    "type": "Point",
    "coordinates": [
     73.75647,
     20.00825
    ]
   },
   "properties": {
    "Name": "Bhosla College / Model Colony (D)",
    "depot": "Tapovan Depot",
    "side": "down",
    "locationConfidence": "verified",
    "locationSource": "NMPML (Citilinc) RTI reply 3120/2026, 17 Aug 2026"
   }
  },
  {
   "type": "Feature",
   "geometry": {
    "type": "Point",
    "coordinates": [
     73.75479,
     20.00694
    ]
   },
   "properties": {
    "Name": "Samarth Nagar (D)",
    "depot": "Tapovan Depot",
    "side": "down",
    "locationConfidence": "verified",
    "locationSource": "NMPML (Citilinc) RTI reply 3120/2026, 17 Aug 2026"
   }
  },
  {
   "type": "Feature",
   "geometry": {
    "type": "Point",
    "coordinates": [
     73.75423,
     20.00248
    ]
   },
   "properties": {
    "Name": "Parijat Nagar (D)",
    "depot": "Tapovan Depot",
    "side": "down",
    "locationConfidence": "verified",
    "locationSource": "NMPML (Citilinc) RTI reply 3120/2026, 17 Aug 2026"
   }
  },
  {
   "type": "Feature",
   "geometry": {
    "type": "Point",
    "coordinates": [
     73.73063,
     19.99555
    ]
   },
   "properties": {
    "Name": "Indian Tool (D)",
    "depot": "Tapovan Depot",
    "side": "down",
    "locationConfidence": "verified",
    "locationSource": "NMPML (Citilinc) RTI reply 3120/2026, 17 Aug 2026"
   }
  },
  {
   "type": "Feature",
   "geometry": {
    "type": "Point",
    "coordinates": [
     73.73878,
     19.94927
    ]
   },
   "properties": {
    "Name": "Glaxo Company (D)",
    "depot": "Tapovan Depot",
    "side": "down",
    "locationConfidence": "verified",
    "locationSource": "NMPML (Citilinc) RTI reply 3120/2026, 17 Aug 2026"
   }
  },
  {
   "type": "Feature",
   "geometry": {
    "type": "Point",
    "coordinates": [
     73.73656,
     19.95155
    ]
   },
   "properties": {
    "Name": "Power House (D)",
    "depot": "Nashik Road Depot",
    "side": "down",
    "locationConfidence": "verified",
    "locationSource": "NMPML (Citilinc) RTI reply 3120/2026, 17 Aug 2026"
   }
  },
  {
   "type": "Feature",
   "geometry": {
    "type": "Point",
    "coordinates": [
     73.76485,
     19.95458
    ]
   },
   "properties": {
    "Name": "Kadve Naagr (U)",
    "depot": "Tapovan Depot",
    "side": "up",
    "locationConfidence": "verified",
    "locationSource": "NMPML (Citilinc) RTI reply 3120/2026, 17 Aug 2026"
   }
  },
  {
   "type": "Feature",
   "geometry": {
    "type": "Point",
    "coordinates": [
     73.76279,
     19.9553
    ]
   },
   "properties": {
    "Name": "Saptshrungi Hospital (U)",
    "depot": "Tapovan Depot",
    "side": "up",
    "locationConfidence": "verified",
    "locationSource": "NMPML (Citilinc) RTI reply 3120/2026, 17 Aug 2026"
   }
  },
  {
   "type": "Feature",
   "geometry": {
    "type": "Point",
    "coordinates": [
     73.83793,
     19.95529
    ]
   },
   "properties": {
    "Name": "Bytco 3 (U)",
    "depot": "Nashik Road Depot",
    "side": "up",
    "locationConfidence": "verified",
    "locationSource": "NMPML (Citilinc) RTI reply 3120/2026, 17 Aug 2026"
   }
  },
  {
   "type": "Feature",
   "geometry": {
    "type": "Point",
    "coordinates": [
     73.83868,
     19.95845
    ]
   },
   "properties": {
    "Name": "GymKhana Road (Kanya Vidhyalai) (D)",
    "depot": "Nashik Road Depot",
    "side": "down",
    "locationConfidence": "verified",
    "locationSource": "NMPML (Citilinc) RTI reply 3120/2026, 17 Aug 2026"
   }
  },
  {
   "type": "Feature",
   "geometry": {
    "type": "Point",
    "coordinates": [
     73.84014,
     19.97081
    ]
   },
   "properties": {
    "Name": "Jail Taki (U)",
    "depot": "Nashik Road Depot",
    "side": "up",
    "locationConfidence": "verified",
    "locationSource": "NMPML (Citilinc) RTI reply 3120/2026, 17 Aug 2026"
   }
  },
  {
   "type": "Feature",
   "geometry": {
    "type": "Point",
    "coordinates": [
     73.84089,
     19.97407
    ]
   },
   "properties": {
    "Name": "Chhatrapati Shivaji Maharaj Nagar (U)",
    "depot": "Tapovan Depot",
    "side": "up",
    "locationConfidence": "verified",
    "locationSource": "NMPML (Citilinc) RTI reply 3120/2026, 17 Aug 2026"
   }
  },
  {
   "type": "Feature",
   "geometry": {
    "type": "Point",
    "coordinates": [
     73.84262,
     19.9793
    ]
   },
   "properties": {
    "Name": "Sailani Baba (U)",
    "depot": "Nashik Road Depot",
    "side": "up",
    "locationConfidence": "verified",
    "locationSource": "NMPML (Citilinc) RTI reply 3120/2026, 17 Aug 2026"
   }
  },
  {
   "type": "Feature",
   "geometry": {
    "type": "Point",
    "coordinates": [
     73.84461,
     19.9834
    ]
   },
   "properties": {
    "Name": "Dasak (U)",
    "depot": "Nashik Road Depot",
    "side": "up",
    "locationConfidence": "verified",
    "locationSource": "NMPML (Citilinc) RTI reply 3120/2026, 17 Aug 2026"
   }
  },
  {
   "type": "Feature",
   "geometry": {
    "type": "Point",
    "coordinates": [
     73.84512,
     19.98672
    ]
   },
   "properties": {
    "Name": "Laxmi Nagar (U)",
    "depot": "Nashik Road Depot",
    "side": "up",
    "locationConfidence": "verified",
    "locationSource": "NMPML (Citilinc) RTI reply 3120/2026, 17 Aug 2026"
   }
  },
  {
   "type": "Feature",
   "geometry": {
    "type": "Point",
    "coordinates": [
     73.84418,
     19.99259
    ]
   },
   "properties": {
    "Name": "Nandur Goan (U)",
    "depot": "Nashik Road Depot",
    "side": "up",
    "locationConfidence": "verified",
    "locationSource": "NMPML (Citilinc) RTI reply 3120/2026, 17 Aug 2026"
   }
  },
  {
   "type": "Feature",
   "geometry": {
    "type": "Point",
    "coordinates": [
     73.84375,
     19.99614
    ]
   },
   "properties": {
    "Name": "Nandur Naka (U)",
    "depot": "Nashik Road Depot",
    "side": "up",
    "locationConfidence": "verified",
    "locationSource": "NMPML (Citilinc) RTI reply 3120/2026, 17 Aug 2026"
   }
  },
  {
   "type": "Feature",
   "geometry": {
    "type": "Point",
    "coordinates": [
     73.8211,
     20.00701
    ]
   },
   "properties": {
    "Name": "Kapaleswar Nagar (U)",
    "depot": "Nashik Road Depot",
    "side": "up",
    "locationConfidence": "verified",
    "locationSource": "NMPML (Citilinc) RTI reply 3120/2026, 17 Aug 2026"
   }
  },
  {
   "type": "Feature",
   "geometry": {
    "type": "Point",
    "coordinates": [
     74.00267,
     19.84522
    ]
   },
   "properties": {
    "Name": "Vavi Ves (Shirdi Phata) (U)",
    "depot": "Tapovan Depot",
    "side": "up",
    "locationConfidence": "verified",
    "locationSource": "NMPML (Citilinc) RTI reply 3120/2026, 17 Aug 2026"
   }
  },
  {
   "type": "Feature",
   "geometry": {
    "type": "Point",
    "coordinates": [
     73.83949,
     19.96646
    ]
   },
   "properties": {
    "Name": "Press Gate (U)",
    "depot": "Tapovan Depot",
    "side": "up",
    "locationConfidence": "verified",
    "locationSource": "NMPML (Citilinc) RTI reply 3120/2026, 17 Aug 2026"
   }
  },
  {
   "type": "Feature",
   "geometry": {
    "type": "Point",
    "coordinates": [
     73.75798,
     19.95627
    ]
   },
   "properties": {
    "Name": "Pathardi Phata 1 (U)",
    "depot": "Tapovan Depot",
    "side": "up",
    "locationConfidence": "verified",
    "locationSource": "NMPML (Citilinc) RTI reply 3120/2026, 17 Aug 2026"
   }
  },
  {
   "type": "Feature",
   "geometry": {
    "type": "Point",
    "coordinates": [
     73.77938,
     19.97865
    ]
   },
   "properties": {
    "Name": "Indira Nagar 1 (D)",
    "depot": "Tapovan Depot",
    "side": "down",
    "locationConfidence": "verified",
    "locationSource": "NMPML (Citilinc) RTI reply 3120/2026, 17 Aug 2026"
   }
  },
  {
   "type": "Feature",
   "geometry": {
    "type": "Point",
    "coordinates": [
     73.77393,
     19.97249
    ]
   },
   "properties": {
    "Name": "Lekha Nagar 2 (U)",
    "depot": "Nashik Road Depot",
    "side": "up",
    "locationConfidence": "verified",
    "locationSource": "NMPML (Citilinc) RTI reply 3120/2026, 17 Aug 2026"
   }
  },
  {
   "type": "Feature",
   "geometry": {
    "type": "Point",
    "coordinates": [
     73.76773,
     19.96573
    ]
   },
   "properties": {
    "Name": "Rane Nagar (U)",
    "depot": "Tapovan Depot",
    "side": "up",
    "locationConfidence": "verified",
    "locationSource": "NMPML (Citilinc) RTI reply 3120/2026, 17 Aug 2026"
   }
  },
  {
   "type": "Feature",
   "geometry": {
    "type": "Point",
    "coordinates": [
     73.76373,
     19.9611
    ]
   },
   "properties": {
    "Name": "Ayodhya Nagar 1 (U)",
    "depot": "Nashik Road Depot",
    "side": "up",
    "locationConfidence": "verified",
    "locationSource": "NMPML (Citilinc) RTI reply 3120/2026, 17 Aug 2026"
   }
  },
  {
   "type": "Feature",
   "geometry": {
    "type": "Point",
    "coordinates": [
     73.77425,
     19.94449
    ]
   },
   "properties": {
    "Name": "Pathardi Gaon",
    "depot": "Nashik Road Depot",
    "locationConfidence": "verified",
    "locationSource": "NMPML (Citilinc) RTI reply 3120/2026, 17 Aug 2026"
   }
  },
  {
   "type": "Feature",
   "geometry": {
    "type": "Point",
    "coordinates": [
     73.77366,
     19.94453
    ]
   },
   "properties": {
    "Name": "Pathardi Gaon 1 (U)",
    "depot": "Tapovan Depot",
    "side": "up",
    "locationConfidence": "verified",
    "locationSource": "NMPML (Citilinc) RTI reply 3120/2026, 17 Aug 2026"
   }
  },
  {
   "type": "Feature",
   "geometry": {
    "type": "Point",
    "coordinates": [
     73.77325,
     19.97295
    ]
   },
   "properties": {
    "Name": "Lekha Nagar 1 (U)",
    "depot": "Tapovan Depot",
    "side": "up",
    "locationConfidence": "verified",
    "locationSource": "NMPML (Citilinc) RTI reply 3120/2026, 17 Aug 2026"
   }
  },
  {
   "type": "Feature",
   "geometry": {
    "type": "Point",
    "coordinates": [
     73.78307,
     20.00263
    ]
   },
   "properties": {
    "Name": "CBS 2 (D)",
    "depot": "Tapovan Depot",
    "side": "down",
    "locationConfidence": "verified",
    "locationSource": "NMPML (Citilinc) RTI reply 3120/2026, 17 Aug 2026"
   }
  },
  {
   "type": "Feature",
   "geometry": {
    "type": "Point",
    "coordinates": [
     73.80243,
     20.00927
    ]
   },
   "properties": {
    "Name": "Old Adgaon Naka (D)",
    "depot": "Nashik Road Depot",
    "side": "down",
    "locationConfidence": "verified",
    "locationSource": "NMPML (Citilinc) RTI reply 3120/2026, 17 Aug 2026"
   }
  },
  {
   "type": "Feature",
   "geometry": {
    "type": "Point",
    "coordinates": [
     73.83323,
     19.89308
    ]
   },
   "properties": {
    "Name": "Bane Chal (D)",
    "depot": "Nashik Road Depot",
    "side": "down",
    "locationConfidence": "verified",
    "locationSource": "NMPML (Citilinc) RTI reply 3120/2026, 17 Aug 2026"
   }
  },
  {
   "type": "Feature",
   "geometry": {
    "type": "Point",
    "coordinates": [
     73.79021,
     19.97811
    ]
   },
   "properties": {
    "Name": "Sainath Nagar (U)",
    "depot": "Tapovan Depot",
    "side": "up",
    "locationConfidence": "verified",
    "locationSource": "NMPML (Citilinc) RTI reply 3120/2026, 17 Aug 2026"
   }
  },
  {
   "type": "Feature",
   "geometry": {
    "type": "Point",
    "coordinates": [
     73.78626,
     19.97353
    ]
   },
   "properties": {
    "Name": "Bapu Bangla (U)",
    "depot": "Tapovan Depot",
    "side": "up",
    "locationConfidence": "verified",
    "locationSource": "NMPML (Citilinc) RTI reply 3120/2026, 17 Aug 2026"
   }
  },
  {
   "type": "Feature",
   "geometry": {
    "type": "Point",
    "coordinates": [
     73.77777,
     19.96071
    ]
   },
   "properties": {
    "Name": "Pandav Nagari (D)",
    "depot": "Tapovan Depot",
    "side": "down",
    "locationConfidence": "verified",
    "locationSource": "NMPML (Citilinc) RTI reply 3120/2026, 17 Aug 2026"
   }
  },
  {
   "type": "Feature",
   "geometry": {
    "type": "Point",
    "coordinates": [
     73.7774,
     19.95864
    ]
   },
   "properties": {
    "Name": "Guru Govindsingh College (U)",
    "depot": "Tapovan Depot",
    "side": "up",
    "locationConfidence": "verified",
    "locationSource": "NMPML (Citilinc) RTI reply 3120/2026, 17 Aug 2026"
   }
  },
  {
   "type": "Feature",
   "geometry": {
    "type": "Point",
    "coordinates": [
     73.77561,
     19.95164
    ]
   },
   "properties": {
    "Name": "Park Side (U)",
    "depot": "Tapovan Depot",
    "side": "up",
    "locationConfidence": "verified",
    "locationSource": "NMPML (Citilinc) RTI reply 3120/2026, 17 Aug 2026"
   }
  },
  {
   "type": "Feature",
   "geometry": {
    "type": "Point",
    "coordinates": [
     73.77396,
     19.94478
    ]
   },
   "properties": {
    "Name": "Pathardi Gaon (D)",
    "depot": "Tapovan Depot",
    "side": "down",
    "locationConfidence": "verified",
    "locationSource": "NMPML (Citilinc) RTI reply 3120/2026, 17 Aug 2026"
   }
  },
  {
   "type": "Feature",
   "geometry": {
    "type": "Point",
    "coordinates": [
     73.79969,
     20.05338
    ]
   },
   "properties": {
    "Name": "Suryosoham Society (U)",
    "depot": "Nashik Road Depot",
    "side": "up",
    "locationConfidence": "verified",
    "locationSource": "NMPML (Citilinc) RTI reply 3120/2026, 17 Aug 2026"
   }
  },
  {
   "type": "Feature",
   "geometry": {
    "type": "Point",
    "coordinates": [
     73.80121,
     20.04911
    ]
   },
   "properties": {
    "Name": "Mahadev Mandir (Mhasrul Road) (D)",
    "depot": "Nashik Road Depot",
    "side": "down",
    "locationConfidence": "verified",
    "locationSource": "NMPML (Citilinc) RTI reply 3120/2026, 17 Aug 2026"
   }
  },
  {
   "type": "Feature",
   "geometry": {
    "type": "Point",
    "coordinates": [
     73.80535,
     20.05026
    ]
   },
   "properties": {
    "Name": "Makhamalabad Link Road (D)",
    "depot": "Nashik Road Depot",
    "side": "down",
    "locationConfidence": "verified",
    "locationSource": "NMPML (Citilinc) RTI reply 3120/2026, 17 Aug 2026"
   }
  },
  {
   "type": "Feature",
   "geometry": {
    "type": "Point",
    "coordinates": [
     73.80625,
     20.04878
    ]
   },
   "properties": {
    "Name": "Mhasrul (D)",
    "depot": "Nashik Road Depot",
    "side": "down",
    "locationConfidence": "verified",
    "locationSource": "NMPML (Citilinc) RTI reply 3120/2026, 17 Aug 2026"
   }
  },
  {
   "type": "Feature",
   "geometry": {
    "type": "Point",
    "coordinates": [
     73.7996,
     20.05489
    ]
   },
   "properties": {
    "Name": "Adivasi Sankul (D)",
    "depot": "Nashik Road Depot",
    "side": "down",
    "locationConfidence": "verified",
    "locationSource": "NMPML (Citilinc) RTI reply 3120/2026, 17 Aug 2026"
   }
  },
  {
   "type": "Feature",
   "geometry": {
    "type": "Point",
    "coordinates": [
     73.80353,
     20.03529
    ]
   },
   "properties": {
    "Name": "Reliance Petrol Pump (U)",
    "depot": "Nashik Road Depot",
    "side": "up",
    "locationConfidence": "verified",
    "locationSource": "NMPML (Citilinc) RTI reply 3120/2026, 17 Aug 2026"
   }
  },
  {
   "type": "Feature",
   "geometry": {
    "type": "Point",
    "coordinates": [
     73.80272,
     20.03227
    ]
   },
   "properties": {
    "Name": "R.T.O Corner (U)",
    "depot": "Nashik Road Depot",
    "side": "up",
    "locationConfidence": "verified",
    "locationSource": "NMPML (Citilinc) RTI reply 3120/2026, 17 Aug 2026"
   }
  },
  {
   "type": "Feature",
   "geometry": {
    "type": "Point",
    "coordinates": [
     73.802,
     20.03022
    ]
   },
   "properties": {
    "Name": "Meri Colony (U)",
    "depot": "Nashik Road Depot",
    "side": "up",
    "locationConfidence": "verified",
    "locationSource": "NMPML (Citilinc) RTI reply 3120/2026, 17 Aug 2026"
   }
  },
  {
   "type": "Feature",
   "geometry": {
    "type": "Point",
    "coordinates": [
     73.8006,
     20.02617
    ]
   },
   "properties": {
    "Name": "Tarwala Nagar (U)",
    "depot": "Tapovan Depot",
    "side": "up",
    "locationConfidence": "verified",
    "locationSource": "NMPML (Citilinc) RTI reply 3120/2026, 17 Aug 2026"
   }
  },
  {
   "type": "Feature",
   "geometry": {
    "type": "Point",
    "coordinates": [
     73.79845,
     20.02048
    ]
   },
   "properties": {
    "Name": "Vidhyut Nagar (D)",
    "depot": "Tapovan Depot",
    "side": "down",
    "locationConfidence": "verified",
    "locationSource": "NMPML (Citilinc) RTI reply 3120/2026, 17 Aug 2026"
   }
  },
  {
   "type": "Feature",
   "geometry": {
    "type": "Point",
    "coordinates": [
     73.7941,
     20.01005
    ]
   },
   "properties": {
    "Name": "Panchavati Karanja 2 (U)",
    "depot": "Tapovan Depot",
    "side": "up",
    "locationConfidence": "verified",
    "locationSource": "NMPML (Citilinc) RTI reply 3120/2026, 17 Aug 2026"
   }
  },
  {
   "type": "Feature",
   "geometry": {
    "type": "Point",
    "coordinates": [
     73.78373,
     20.00391
    ]
   },
   "properties": {
    "Name": "CBS 1 (D)",
    "depot": "Tapovan Depot",
    "side": "down",
    "locationConfidence": "verified",
    "locationSource": "NMPML (Citilinc) RTI reply 3120/2026, 17 Aug 2026"
   }
  },
  {
   "type": "Feature",
   "geometry": {
    "type": "Point",
    "coordinates": [
     73.78458,
     20.00658
    ]
   },
   "properties": {
    "Name": "Ashok Stambh (U)",
    "depot": "Tapovan Depot",
    "side": "up",
    "locationConfidence": "verified",
    "locationSource": "NMPML (Citilinc) RTI reply 3120/2026, 17 Aug 2026"
   }
  },
  {
   "type": "Feature",
   "geometry": {
    "type": "Point",
    "coordinates": [
     73.78151,
     19.99658
    ]
   },
   "properties": {
    "Name": "Adivasi Bhawan (D)",
    "depot": "Tapovan Depot",
    "side": "down",
    "locationConfidence": "verified",
    "locationSource": "NMPML (Citilinc) RTI reply 3120/2026, 17 Aug 2026"
   }
  },
  {
   "type": "Feature",
   "geometry": {
    "type": "Point",
    "coordinates": [
     73.78302,
     19.99147
    ]
   },
   "properties": {
    "Name": "Kalika Mandir (U)",
    "depot": "Tapovan Depot",
    "side": "up",
    "locationConfidence": "verified",
    "locationSource": "NMPML (Citilinc) RTI reply 3120/2026, 17 Aug 2026"
   }
  },
  {
   "type": "Feature",
   "geometry": {
    "type": "Point",
    "coordinates": [
     73.78366,
     19.98717
    ]
   },
   "properties": {
    "Name": "Mahamarg 2 (D)",
    "depot": "Tapovan Depot",
    "side": "down",
    "locationConfidence": "verified",
    "locationSource": "NMPML (Citilinc) RTI reply 3120/2026, 17 Aug 2026"
   }
  },
  {
   "type": "Feature",
   "geometry": {
    "type": "Point",
    "coordinates": [
     73.78375,
     19.9876
    ]
   },
   "properties": {
    "Name": "Mahamarg 1 (U)",
    "depot": "Tapovan Depot",
    "side": "up",
    "locationConfidence": "verified",
    "locationSource": "NMPML (Citilinc) RTI reply 3120/2026, 17 Aug 2026"
   }
  },
  {
   "type": "Feature",
   "geometry": {
    "type": "Point",
    "coordinates": [
     73.78263,
     19.98403
    ]
   },
   "properties": {
    "Name": "Prakash Petrol Pump (D)",
    "depot": "Tapovan Depot",
    "side": "down",
    "locationConfidence": "verified",
    "locationSource": "NMPML (Citilinc) RTI reply 3120/2026, 17 Aug 2026"
   }
  },
  {
   "type": "Feature",
   "geometry": {
    "type": "Point",
    "coordinates": [
     73.78194,
     19.9826
    ]
   },
   "properties": {
    "Name": "Govind Nagar (D)",
    "depot": "Tapovan Depot",
    "side": "down",
    "locationConfidence": "verified",
    "locationSource": "NMPML (Citilinc) RTI reply 3120/2026, 17 Aug 2026"
   }
  },
  {
   "type": "Feature",
   "geometry": {
    "type": "Point",
    "coordinates": [
     73.75436,
     19.96145
    ]
   },
   "properties": {
    "Name": "Symbiosis College (D)",
    "depot": "Tapovan Depot",
    "side": "down",
    "locationConfidence": "verified",
    "locationSource": "NMPML (Citilinc) RTI reply 3120/2026, 17 Aug 2026"
   }
  },
  {
   "type": "Feature",
   "geometry": {
    "type": "Point",
    "coordinates": [
     73.77901,
     19.9788
    ]
   },
   "properties": {
    "Name": "Bhujbal Farm (U)",
    "depot": "Tapovan Depot",
    "side": "up",
    "locationConfidence": "verified",
    "locationSource": "NMPML (Citilinc) RTI reply 3120/2026, 17 Aug 2026"
   }
  },
  {
   "type": "Feature",
   "geometry": {
    "type": "Point",
    "coordinates": [
     73.77708,
     19.9769
    ]
   },
   "properties": {
    "Name": "Deccan Petrol Pump (D)",
    "depot": "Tapovan Depot",
    "side": "down",
    "locationConfidence": "verified",
    "locationSource": "NMPML (Citilinc) RTI reply 3120/2026, 17 Aug 2026"
   }
  },
  {
   "type": "Feature",
   "geometry": {
    "type": "Point",
    "coordinates": [
     73.77305,
     19.97348
    ]
   },
   "properties": {
    "Name": "Lekha Nagar (D)",
    "depot": "Tapovan Depot",
    "side": "down",
    "locationConfidence": "verified",
    "locationSource": "NMPML (Citilinc) RTI reply 3120/2026, 17 Aug 2026"
   }
  },
  {
   "type": "Feature",
   "geometry": {
    "type": "Point",
    "coordinates": [
     73.77154,
     19.97487
    ]
   },
   "properties": {
    "Name": "Shopping Centre (D)",
    "depot": "Tapovan Depot",
    "side": "down",
    "locationConfidence": "verified",
    "locationSource": "NMPML (Citilinc) RTI reply 3120/2026, 17 Aug 2026"
   }
  },
  {
   "type": "Feature",
   "geometry": {
    "type": "Point",
    "coordinates": [
     73.76964,
     19.97651
    ]
   },
   "properties": {
    "Name": "Chhatrapati Shivaji Maharaj Chowk (D)",
    "depot": "Tapovan Depot",
    "side": "down",
    "locationConfidence": "verified",
    "locationSource": "NMPML (Citilinc) RTI reply 3120/2026, 17 Aug 2026"
   }
  },
  {
   "type": "Feature",
   "geometry": {
    "type": "Point",
    "coordinates": [
     73.76583,
     19.97353
    ]
   },
   "properties": {
    "Name": "Maharana Pratap Chowk (D)",
    "depot": "Tapovan Depot",
    "side": "down",
    "locationConfidence": "verified",
    "locationSource": "NMPML (Citilinc) RTI reply 3120/2026, 17 Aug 2026"
   }
  },
  {
   "type": "Feature",
   "geometry": {
    "type": "Point",
    "coordinates": [
     73.76353,
     19.97126
    ]
   },
   "properties": {
    "Name": "Dutt Chowk (D)",
    "depot": "Tapovan Depot",
    "side": "down",
    "locationConfidence": "verified",
    "locationSource": "NMPML (Citilinc) RTI reply 3120/2026, 17 Aug 2026"
   }
  },
  {
   "type": "Feature",
   "geometry": {
    "type": "Point",
    "coordinates": [
     73.76032,
     19.96809
    ]
   },
   "properties": {
    "Name": "Vijay Nagar (D)",
    "depot": "Tapovan Depot",
    "side": "down",
    "locationConfidence": "verified",
    "locationSource": "NMPML (Citilinc) RTI reply 3120/2026, 17 Aug 2026"
   }
  },
  {
   "type": "Feature",
   "geometry": {
    "type": "Point",
    "coordinates": [
     73.7565,
     19.97961
    ]
   },
   "properties": {
    "Name": "Savata Nagar (D)",
    "depot": "Tapovan Depot",
    "side": "down",
    "locationConfidence": "verified",
    "locationSource": "NMPML (Citilinc) RTI reply 3120/2026, 17 Aug 2026"
   }
  },
  {
   "type": "Feature",
   "geometry": {
    "type": "Point",
    "coordinates": [
     73.75613,
     19.97721
    ]
   },
   "properties": {
    "Name": "Raigad Chowk (D)",
    "depot": "Tapovan Depot",
    "side": "down",
    "locationConfidence": "verified",
    "locationSource": "NMPML (Citilinc) RTI reply 3120/2026, 17 Aug 2026"
   }
  },
  {
   "type": "Feature",
   "geometry": {
    "type": "Point",
    "coordinates": [
     73.75508,
     19.96976
    ]
   },
   "properties": {
    "Name": "Uttam Nagar (D)",
    "depot": "Tapovan Depot",
    "side": "down",
    "locationConfidence": "verified",
    "locationSource": "NMPML (Citilinc) RTI reply 3120/2026, 17 Aug 2026"
   }
  },
  {
   "type": "Feature",
   "geometry": {
    "type": "Point",
    "coordinates": [
     73.75338,
     19.96532
    ]
   },
   "properties": {
    "Name": "Atul Dairy (D)",
    "depot": "Tapovan Depot",
    "side": "down",
    "locationConfidence": "verified",
    "locationSource": "NMPML (Citilinc) RTI reply 3120/2026, 17 Aug 2026"
   }
  },
  {
   "type": "Feature",
   "geometry": {
    "type": "Point",
    "coordinates": [
     73.75384,
     19.96334
    ]
   },
   "properties": {
    "Name": "Upendra Nagar (D)",
    "depot": "Tapovan Depot",
    "side": "down",
    "locationConfidence": "verified",
    "locationSource": "NMPML (Citilinc) RTI reply 3120/2026, 17 Aug 2026"
   }
  },
  {
   "type": "Feature",
   "geometry": {
    "type": "Point",
    "coordinates": [
     73.75663,
     19.98422
    ]
   },
   "properties": {
    "Name": "Trimurti Chowk (D)",
    "depot": "Tapovan Depot",
    "side": "down",
    "locationConfidence": "verified",
    "locationSource": "NMPML (Citilinc) RTI reply 3120/2026, 17 Aug 2026"
   }
  },
  {
   "type": "Feature",
   "geometry": {
    "type": "Point",
    "coordinates": [
     73.7579,
     19.98646
    ]
   },
   "properties": {
    "Name": "Datta Mandir (Pavan Nagar Road) (U)",
    "depot": "Tapovan Depot",
    "side": "up",
    "locationConfidence": "verified",
    "locationSource": "NMPML (Citilinc) RTI reply 3120/2026, 17 Aug 2026"
   }
  },
  {
   "type": "Feature",
   "geometry": {
    "type": "Point",
    "coordinates": [
     73.76037,
     19.98867
    ]
   },
   "properties": {
    "Name": "Untwadi (D)",
    "depot": "Tapovan Depot",
    "side": "down",
    "locationConfidence": "verified",
    "locationSource": "NMPML (Citilinc) RTI reply 3120/2026, 17 Aug 2026"
   }
  },
  {
   "type": "Feature",
   "geometry": {
    "type": "Point",
    "coordinates": [
     73.78786,
     20.00707
    ]
   },
   "properties": {
    "Name": "Raviwar Karanja (D)",
    "depot": "Tapovan Depot",
    "side": "down",
    "locationConfidence": "verified",
    "locationSource": "NMPML (Citilinc) RTI reply 3120/2026, 17 Aug 2026"
   }
  },
  {
   "type": "Feature",
   "geometry": {
    "type": "Point",
    "coordinates": [
     73.73194,
     19.99067
    ]
   },
   "properties": {
    "Name": "Satpur Bus Stand (D)",
    "depot": "Tapovan Depot",
    "side": "down",
    "locationConfidence": "verified",
    "locationSource": "NMPML (Citilinc) RTI reply 3120/2026, 17 Aug 2026"
   }
  },
  {
   "type": "Feature",
   "geometry": {
    "type": "Point",
    "coordinates": [
     73.71594,
     20.01374
    ]
   },
   "properties": {
    "Name": "Dhruv Nagar (D)",
    "depot": "Tapovan Depot",
    "side": "down",
    "locationConfidence": "verified",
    "locationSource": "NMPML (Citilinc) RTI reply 3120/2026, 17 Aug 2026"
   }
  },
  {
   "type": "Feature",
   "geometry": {
    "type": "Point",
    "coordinates": [
     73.71793,
     20.01768
    ]
   },
   "properties": {
    "Name": "Motiwala College (U)",
    "depot": "Tapovan Depot",
    "side": "up",
    "locationConfidence": "verified",
    "locationSource": "NMPML (Citilinc) RTI reply 3120/2026, 17 Aug 2026"
   }
  },
  {
   "type": "Feature",
   "geometry": {
    "type": "Point",
    "coordinates": [
     73.72123,
     20.02485
    ]
   },
   "properties": {
    "Name": "Bardan Phata (D)",
    "depot": "Tapovan Depot",
    "side": "down",
    "locationConfidence": "verified",
    "locationSource": "NMPML (Citilinc) RTI reply 3120/2026, 17 Aug 2026"
   }
  },
  {
   "type": "Feature",
   "geometry": {
    "type": "Point",
    "coordinates": [
     73.71154,
     20.00521
    ]
   },
   "properties": {
    "Name": "Chhatrapati Shivaji Maharaj Nagar (Bardan Phata Road) (D)",
    "depot": "Tapovan Depot",
    "side": "down",
    "locationConfidence": "verified",
    "locationSource": "NMPML (Citilinc) RTI reply 3120/2026, 17 Aug 2026"
   }
  },
  {
   "type": "Feature",
   "geometry": {
    "type": "Point",
    "coordinates": [
     73.7115,
     20.00199
    ]
   },
   "properties": {
    "Name": "Carbon Naka (D)",
    "depot": "Tapovan Depot",
    "side": "down",
    "locationConfidence": "verified",
    "locationSource": "NMPML (Citilinc) RTI reply 3120/2026, 17 Aug 2026"
   }
  },
  {
   "type": "Feature",
   "geometry": {
    "type": "Point",
    "coordinates": [
     73.71165,
     19.99564
    ]
   },
   "properties": {
    "Name": "Shramik Nagar (D)",
    "depot": "Tapovan Depot",
    "side": "down",
    "locationConfidence": "verified",
    "locationSource": "NMPML (Citilinc) RTI reply 3120/2026, 17 Aug 2026"
   }
  },
  {
   "type": "Feature",
   "geometry": {
    "type": "Point",
    "coordinates": [
     73.71149,
     19.99409
    ]
   },
   "properties": {
    "Name": "New Mahindra Gate (D)",
    "depot": "Tapovan Depot",
    "side": "down",
    "locationConfidence": "verified",
    "locationSource": "NMPML (Citilinc) RTI reply 3120/2026, 17 Aug 2026"
   }
  },
  {
   "type": "Feature",
   "geometry": {
    "type": "Point",
    "coordinates": [
     73.71246,
     19.99088
    ]
   },
   "properties": {
    "Name": "Ashok Nagar (U)",
    "depot": "Tapovan Depot",
    "side": "up",
    "locationConfidence": "verified",
    "locationSource": "NMPML (Citilinc) RTI reply 3120/2026, 17 Aug 2026"
   }
  },
  {
   "type": "Feature",
   "geometry": {
    "type": "Point",
    "coordinates": [
     73.71283,
     19.99045
    ]
   },
   "properties": {
    "Name": "Ashok Nagar (D)",
    "depot": "Tapovan Depot",
    "side": "down",
    "locationConfidence": "verified",
    "locationSource": "NMPML (Citilinc) RTI reply 3120/2026, 17 Aug 2026"
   }
  },
  {
   "type": "Feature",
   "geometry": {
    "type": "Point",
    "coordinates": [
     73.71691,
     19.98959
    ]
   },
   "properties": {
    "Name": "Rajya Karmachari Society (U)",
    "depot": "Tapovan Depot",
    "side": "up",
    "locationConfidence": "verified",
    "locationSource": "NMPML (Citilinc) RTI reply 3120/2026, 17 Aug 2026"
   }
  },
  {
   "type": "Feature",
   "geometry": {
    "type": "Point",
    "coordinates": [
     73.73417,
     19.99106
    ]
   },
   "properties": {
    "Name": "ESI Hospital (D)",
    "depot": "Tapovan Depot",
    "side": "down",
    "locationConfidence": "verified",
    "locationSource": "NMPML (Citilinc) RTI reply 3120/2026, 17 Aug 2026"
   }
  },
  {
   "type": "Feature",
   "geometry": {
    "type": "Point",
    "coordinates": [
     73.73752,
     19.99119
    ]
   },
   "properties": {
    "Name": "Satpur Manpa Vibhagiya Karyalaya (U)",
    "depot": "Tapovan Depot",
    "side": "up",
    "locationConfidence": "verified",
    "locationSource": "NMPML (Citilinc) RTI reply 3120/2026, 17 Aug 2026"
   }
  },
  {
   "type": "Feature",
   "geometry": {
    "type": "Point",
    "coordinates": [
     73.74843,
     19.99271
    ]
   },
   "properties": {
    "Name": "ITI (Satpur) (U)",
    "depot": "Tapovan Depot",
    "side": "up",
    "locationConfidence": "verified",
    "locationSource": "NMPML (Citilinc) RTI reply 3120/2026, 17 Aug 2026"
   }
  },
  {
   "type": "Feature",
   "geometry": {
    "type": "Point",
    "coordinates": [
     73.75278,
     19.99375
    ]
   },
   "properties": {
    "Name": "A.B.B Circle (D)",
    "depot": "Tapovan Depot",
    "side": "down",
    "locationConfidence": "verified",
    "locationSource": "NMPML (Citilinc) RTI reply 3120/2026, 17 Aug 2026"
   }
  },
  {
   "type": "Feature",
   "geometry": {
    "type": "Point",
    "coordinates": [
     73.76531,
     19.99456
    ]
   },
   "properties": {
    "Name": "Dudh Dairy (U)",
    "depot": "Tapovan Depot",
    "side": "up",
    "locationConfidence": "verified",
    "locationSource": "NMPML (Citilinc) RTI reply 3120/2026, 17 Aug 2026"
   }
  },
  {
   "type": "Feature",
   "geometry": {
    "type": "Point",
    "coordinates": [
     73.76825,
     19.99476
    ]
   },
   "properties": {
    "Name": "Panchayat Samiti (D)",
    "depot": "Tapovan Depot",
    "side": "down",
    "locationConfidence": "verified",
    "locationSource": "NMPML (Citilinc) RTI reply 3120/2026, 17 Aug 2026"
   }
  },
  {
   "type": "Feature",
   "geometry": {
    "type": "Point",
    "coordinates": [
     73.77399,
     19.99516
    ]
   },
   "properties": {
    "Name": "Ved Mandir (D)",
    "depot": "Tapovan Depot",
    "side": "down",
    "locationConfidence": "verified",
    "locationSource": "NMPML (Citilinc) RTI reply 3120/2026, 17 Aug 2026"
   }
  },
  {
   "type": "Feature",
   "geometry": {
    "type": "Point",
    "coordinates": [
     73.80454,
     20.00933
    ]
   },
   "properties": {
    "Name": "Panchavati Depot (D)",
    "depot": "Tapovan Depot",
    "side": "down",
    "locationConfidence": "verified",
    "locationSource": "NMPML (Citilinc) RTI reply 3120/2026, 17 Aug 2026"
   }
  },
  {
   "type": "Feature",
   "geometry": {
    "type": "Point",
    "coordinates": [
     73.79144,
     20.00926
    ]
   },
   "properties": {
    "Name": "Malegaon Stand (U)",
    "depot": "Tapovan Depot",
    "side": "up",
    "locationConfidence": "verified",
    "locationSource": "NMPML (Citilinc) RTI reply 3120/2026, 17 Aug 2026"
   }
  },
  {
   "type": "Feature",
   "geometry": {
    "type": "Point",
    "coordinates": [
     73.82377,
     19.96476
    ]
   },
   "properties": {
    "Name": "Nehru Nagar (U)",
    "depot": "Nashik Road Depot",
    "side": "up",
    "locationConfidence": "verified",
    "locationSource": "NMPML (Citilinc) RTI reply 3120/2026, 17 Aug 2026"
   }
  },
  {
   "type": "Feature",
   "geometry": {
    "type": "Point",
    "coordinates": [
     73.82181,
     19.96606
    ]
   },
   "properties": {
    "Name": "Upnagar Police Station (D)",
    "depot": "Tapovan Depot",
    "side": "down",
    "locationConfidence": "verified",
    "locationSource": "NMPML (Citilinc) RTI reply 3120/2026, 17 Aug 2026"
   }
  },
  {
   "type": "Feature",
   "geometry": {
    "type": "Point",
    "coordinates": [
     73.82232,
     19.96588
    ]
   },
   "properties": {
    "Name": "Upnagar Police Station (U)",
    "depot": "Nashik Road Depot",
    "side": "up",
    "locationConfidence": "verified",
    "locationSource": "NMPML (Citilinc) RTI reply 3120/2026, 17 Aug 2026"
   }
  },
  {
   "type": "Feature",
   "geometry": {
    "type": "Point",
    "coordinates": [
     73.81716,
     19.96997
    ]
   },
   "properties": {
    "Name": "Upnagar (D)",
    "depot": "Nashik Road Depot",
    "side": "down",
    "locationConfidence": "verified",
    "locationSource": "NMPML (Citilinc) RTI reply 3120/2026, 17 Aug 2026"
   }
  },
  {
   "type": "Feature",
   "geometry": {
    "type": "Point",
    "coordinates": [
     73.81335,
     19.97356
    ]
   },
   "properties": {
    "Name": "Gandhi Nagar (U)",
    "depot": "Nashik Road Depot",
    "side": "up",
    "locationConfidence": "verified",
    "locationSource": "NMPML (Citilinc) RTI reply 3120/2026, 17 Aug 2026"
   }
  },
  {
   "type": "Feature",
   "geometry": {
    "type": "Point",
    "coordinates": [
     73.81003,
     19.97674
    ]
   },
   "properties": {
    "Name": "Ambedkar Nagar 1 (D)",
    "depot": "Nashik Road Depot",
    "side": "down",
    "locationConfidence": "verified",
    "locationSource": "NMPML (Citilinc) RTI reply 3120/2026, 17 Aug 2026"
   }
  },
  {
   "type": "Feature",
   "geometry": {
    "type": "Point",
    "coordinates": [
     73.81027,
     19.97679
    ]
   },
   "properties": {
    "Name": "Ambedkar Nagar 1 (U)",
    "depot": "Nashik Road Depot",
    "side": "up",
    "locationConfidence": "verified",
    "locationSource": "NMPML (Citilinc) RTI reply 3120/2026, 17 Aug 2026"
   }
  },
  {
   "type": "Feature",
   "geometry": {
    "type": "Point",
    "coordinates": [
     73.80615,
     19.98082
    ]
   },
   "properties": {
    "Name": "Bodhale Nagar (D)",
    "depot": "Tapovan Depot",
    "side": "down",
    "locationConfidence": "verified",
    "locationSource": "NMPML (Citilinc) RTI reply 3120/2026, 17 Aug 2026"
   }
  },
  {
   "type": "Feature",
   "geometry": {
    "type": "Point",
    "coordinates": [
     73.80261,
     19.98474
    ]
   },
   "properties": {
    "Name": "Siddharth Hotel (D)",
    "depot": "Tapovan Depot",
    "side": "down",
    "locationConfidence": "verified",
    "locationSource": "NMPML (Citilinc) RTI reply 3120/2026, 17 Aug 2026"
   }
  },
  {
   "type": "Feature",
   "geometry": {
    "type": "Point",
    "coordinates": [
     73.80003,
     19.98892
    ]
   },
   "properties": {
    "Name": "Purnima (U)",
    "depot": "Tapovan Depot",
    "side": "up",
    "locationConfidence": "verified",
    "locationSource": "NMPML (Citilinc) RTI reply 3120/2026, 17 Aug 2026"
   }
  },
  {
   "type": "Feature",
   "geometry": {
    "type": "Point",
    "coordinates": [
     73.79805,
     19.99279
    ]
   },
   "properties": {
    "Name": "Dwarka 2 (U)",
    "depot": "Nashik Road Depot",
    "side": "up",
    "locationConfidence": "verified",
    "locationSource": "NMPML (Citilinc) RTI reply 3120/2026, 17 Aug 2026"
   }
  },
  {
   "type": "Feature",
   "geometry": {
    "type": "Point",
    "coordinates": [
     73.78675,
     20.00049
    ]
   },
   "properties": {
    "Name": "Shalimar (U)",
    "depot": "Nashik Road Depot",
    "side": "up",
    "locationConfidence": "verified",
    "locationSource": "NMPML (Citilinc) RTI reply 3120/2026, 17 Aug 2026"
   }
  },
  {
   "type": "Feature",
   "geometry": {
    "type": "Point",
    "coordinates": [
     73.82088,
     20.02082
    ]
   },
   "properties": {
    "Name": "Ayodhya Nagar (U)",
    "depot": "Nashik Road Depot",
    "side": "up",
    "locationConfidence": "verified",
    "locationSource": "NMPML (Citilinc) RTI reply 3120/2026, 17 Aug 2026"
   }
  },
  {
   "type": "Feature",
   "geometry": {
    "type": "Point",
    "coordinates": [
     73.81791,
     20.02215
    ]
   },
   "properties": {
    "Name": "S.S.D Nagar (U)",
    "depot": "Nashik Road Depot",
    "side": "up",
    "locationConfidence": "verified",
    "locationSource": "NMPML (Citilinc) RTI reply 3120/2026, 17 Aug 2026"
   }
  },
  {
   "type": "Feature",
   "geometry": {
    "type": "Point",
    "coordinates": [
     73.81537,
     20.02235
    ]
   },
   "properties": {
    "Name": "Hirawadi Fata (D)",
    "depot": "Nashik Road Depot",
    "side": "down",
    "locationConfidence": "verified",
    "locationSource": "NMPML (Citilinc) RTI reply 3120/2026, 17 Aug 2026"
   }
  },
  {
   "type": "Feature",
   "geometry": {
    "type": "Point",
    "coordinates": [
     73.81465,
     20.01921
    ]
   },
   "properties": {
    "Name": "Kamal Nagar (U)",
    "depot": "Nashik Road Depot",
    "side": "up",
    "locationConfidence": "verified",
    "locationSource": "NMPML (Citilinc) RTI reply 3120/2026, 17 Aug 2026"
   }
  },
  {
   "type": "Feature",
   "geometry": {
    "type": "Point",
    "coordinates": [
     73.81281,
     20.01862
    ]
   },
   "properties": {
    "Name": "Lathe Nagar (U)",
    "depot": "Nashik Road Depot",
    "side": "up",
    "locationConfidence": "verified",
    "locationSource": "NMPML (Citilinc) RTI reply 3120/2026, 17 Aug 2026"
   }
  },
  {
   "type": "Feature",
   "geometry": {
    "type": "Point",
    "coordinates": [
     73.80926,
     20.01715
    ]
   },
   "properties": {
    "Name": "Hirawadi (D)",
    "depot": "Nashik Road Depot",
    "side": "down",
    "locationConfidence": "verified",
    "locationSource": "NMPML (Citilinc) RTI reply 3120/2026, 17 Aug 2026"
   }
  },
  {
   "type": "Feature",
   "geometry": {
    "type": "Point",
    "coordinates": [
     73.8065,
     20.01429
    ]
   },
   "properties": {
    "Name": "Trimurti Nagar (D)",
    "depot": "Nashik Road Depot",
    "side": "down",
    "locationConfidence": "verified",
    "locationSource": "NMPML (Citilinc) RTI reply 3120/2026, 17 Aug 2026"
   }
  },
  {
   "type": "Feature",
   "geometry": {
    "type": "Point",
    "coordinates": [
     73.80432,
     20.01177
    ]
   },
   "properties": {
    "Name": "Khode Nagar / Hirawadi (U)",
    "depot": "Nashik Road Depot",
    "side": "up",
    "locationConfidence": "verified",
    "locationSource": "NMPML (Citilinc) RTI reply 3120/2026, 17 Aug 2026"
   }
  },
  {
   "type": "Feature",
   "geometry": {
    "type": "Point",
    "coordinates": [
     73.79433,
     19.99286
    ]
   },
   "properties": {
    "Name": "Ayesha Nagar (D)",
    "depot": "Nashik Road Depot",
    "side": "down",
    "locationConfidence": "verified",
    "locationSource": "NMPML (Citilinc) RTI reply 3120/2026, 17 Aug 2026"
   }
  },
  {
   "type": "Feature",
   "geometry": {
    "type": "Point",
    "coordinates": [
     73.79024,
     19.99066
    ]
   },
   "properties": {
    "Name": "State Bank Colony (D)",
    "depot": "Nashik Road Depot",
    "side": "down",
    "locationConfidence": "verified",
    "locationSource": "NMPML (Citilinc) RTI reply 3120/2026, 17 Aug 2026"
   }
  },
  {
   "type": "Feature",
   "geometry": {
    "type": "Point",
    "coordinates": [
     73.7849,
     19.98764
    ]
   },
   "properties": {
    "Name": "Mahamarg (D)",
    "depot": "Nashik Road Depot",
    "side": "down",
    "locationConfidence": "verified",
    "locationSource": "NMPML (Citilinc) RTI reply 3120/2026, 17 Aug 2026"
   }
  },
  {
   "type": "Feature",
   "geometry": {
    "type": "Point",
    "coordinates": [
     73.79932,
     19.96815
    ]
   },
   "properties": {
    "Name": "Vadala Chowk (U)",
    "depot": "Nashik Road Depot",
    "side": "up",
    "locationConfidence": "verified",
    "locationSource": "NMPML (Citilinc) RTI reply 3120/2026, 17 Aug 2026"
   }
  },
  {
   "type": "Feature",
   "geometry": {
    "type": "Point",
    "coordinates": [
     73.78336,
     19.96958
    ]
   },
   "properties": {
    "Name": "Kala Nagar (D)",
    "depot": "Nashik Road Depot",
    "side": "down",
    "locationConfidence": "verified",
    "locationSource": "NMPML (Citilinc) RTI reply 3120/2026, 17 Aug 2026"
   }
  },
  {
   "type": "Feature",
   "geometry": {
    "type": "Point",
    "coordinates": [
     73.7898,
     19.96826
    ]
   },
   "properties": {
    "Name": "Mhada Colony (D)",
    "depot": "Nashik Road Depot",
    "side": "down",
    "locationConfidence": "verified",
    "locationSource": "NMPML (Citilinc) RTI reply 3120/2026, 17 Aug 2026"
   }
  },
  {
   "type": "Feature",
   "geometry": {
    "type": "Point",
    "coordinates": [
     73.79438,
     19.96782
    ]
   },
   "properties": {
    "Name": "Vadala Gaon (U)",
    "depot": "Nashik Road Depot",
    "side": "up",
    "locationConfidence": "verified",
    "locationSource": "NMPML (Citilinc) RTI reply 3120/2026, 17 Aug 2026"
   }
  },
  {
   "type": "Feature",
   "geometry": {
    "type": "Point",
    "coordinates": [
     73.80443,
     19.96863
    ]
   },
   "properties": {
    "Name": "Ganapati Mandir (U)",
    "depot": "Nashik Road Depot",
    "side": "up",
    "locationConfidence": "verified",
    "locationSource": "NMPML (Citilinc) RTI reply 3120/2026, 17 Aug 2026"
   }
  },
  {
   "type": "Feature",
   "geometry": {
    "type": "Point",
    "coordinates": [
     73.80562,
     19.96996
    ]
   },
   "properties": {
    "Name": "DGP Nagar (D)",
    "depot": "Nashik Road Depot",
    "side": "down",
    "locationConfidence": "verified",
    "locationSource": "NMPML (Citilinc) RTI reply 3120/2026, 17 Aug 2026"
   }
  },
  {
   "type": "Feature",
   "geometry": {
    "type": "Point",
    "coordinates": [
     73.81023,
     19.97542
    ]
   },
   "properties": {
    "Name": "Ambedkar Nagar (D)",
    "depot": "Nashik Road Depot",
    "side": "down",
    "locationConfidence": "verified",
    "locationSource": "NMPML (Citilinc) RTI reply 3120/2026, 17 Aug 2026"
   }
  },
  {
   "type": "Feature",
   "geometry": {
    "type": "Point",
    "coordinates": [
     73.81045,
     19.97546
    ]
   },
   "properties": {
    "Name": "Ambedkar Nagar (U)",
    "depot": "Nashik Road Depot",
    "side": "up",
    "locationConfidence": "verified",
    "locationSource": "NMPML (Citilinc) RTI reply 3120/2026, 17 Aug 2026"
   }
  },
  {
   "type": "Feature",
   "geometry": {
    "type": "Point",
    "coordinates": [
     73.83346,
     19.92114
    ]
   },
   "properties": {
    "Name": "Bhatia (D)",
    "depot": "Tapovan Depot",
    "side": "down",
    "locationConfidence": "verified",
    "locationSource": "NMPML (Citilinc) RTI reply 3120/2026, 17 Aug 2026"
   }
  },
  {
   "type": "Feature",
   "geometry": {
    "type": "Point",
    "coordinates": [
     73.83317,
     19.88224
    ]
   },
   "properties": {
    "Name": "Barn School Phata (D)",
    "depot": "Tapovan Depot",
    "side": "down",
    "locationConfidence": "verified",
    "locationSource": "NMPML (Citilinc) RTI reply 3120/2026, 17 Aug 2026"
   }
  },
  {
   "type": "Feature",
   "geometry": {
    "type": "Point",
    "coordinates": [
     73.83311,
     19.88582
    ]
   },
   "properties": {
    "Name": "Kendriya Vidhyalaya (D)",
    "depot": "Tapovan Depot",
    "side": "down",
    "locationConfidence": "verified",
    "locationSource": "NMPML (Citilinc) RTI reply 3120/2026, 17 Aug 2026"
   }
  },
  {
   "type": "Feature",
   "geometry": {
    "type": "Point",
    "coordinates": [
     73.83273,
     19.88899
    ]
   },
   "properties": {
    "Name": "Devi Mandir (U)",
    "depot": "Tapovan Depot",
    "side": "up",
    "locationConfidence": "verified",
    "locationSource": "NMPML (Citilinc) RTI reply 3120/2026, 17 Aug 2026"
   }
  },
  {
   "type": "Feature",
   "geometry": {
    "type": "Point",
    "coordinates": [
     73.83184,
     19.89713
    ]
   },
   "properties": {
    "Name": "Workshop (U)",
    "depot": "Tapovan Depot",
    "side": "up",
    "locationConfidence": "verified",
    "locationSource": "NMPML (Citilinc) RTI reply 3120/2026, 17 Aug 2026"
   }
  },
  {
   "type": "Feature",
   "geometry": {
    "type": "Point",
    "coordinates": [
     73.83266,
     19.89892
    ]
   },
   "properties": {
    "Name": "Deolali Railway Station (U)",
    "depot": "Tapovan Depot",
    "side": "up",
    "locationConfidence": "verified",
    "locationSource": "NMPML (Citilinc) RTI reply 3120/2026, 17 Aug 2026"
   }
  },
  {
   "type": "Feature",
   "geometry": {
    "type": "Point",
    "coordinates": [
     73.83293,
     19.90453
    ]
   },
   "properties": {
    "Name": "Deolali Naka (U)",
    "depot": "Tapovan Depot",
    "side": "up",
    "locationConfidence": "verified",
    "locationSource": "NMPML (Citilinc) RTI reply 3120/2026, 17 Aug 2026"
   }
  },
  {
   "type": "Feature",
   "geometry": {
    "type": "Point",
    "coordinates": [
     73.8329,
     19.90653
    ]
   },
   "properties": {
    "Name": "Sansari Gaon",
    "depot": "Tapovan Depot",
    "locationConfidence": "verified",
    "locationSource": "NMPML (Citilinc) RTI reply 3120/2026, 17 Aug 2026"
   }
  },
  {
   "type": "Feature",
   "geometry": {
    "type": "Point",
    "coordinates": [
     73.83257,
     19.90695
    ]
   },
   "properties": {
    "Name": "Sansari Naka (U)",
    "depot": "Tapovan Depot",
    "side": "up",
    "locationConfidence": "verified",
    "locationSource": "NMPML (Citilinc) RTI reply 3120/2026, 17 Aug 2026"
   }
  },
  {
   "type": "Feature",
   "geometry": {
    "type": "Point",
    "coordinates": [
     73.83308,
     19.91352
    ]
   },
   "properties": {
    "Name": "Jamal (U)",
    "depot": "Tapovan Depot",
    "side": "up",
    "locationConfidence": "verified",
    "locationSource": "NMPML (Citilinc) RTI reply 3120/2026, 17 Aug 2026"
   }
  },
  {
   "type": "Feature",
   "geometry": {
    "type": "Point",
    "coordinates": [
     73.83326,
     19.91695
    ]
   },
   "properties": {
    "Name": "Kothari (D)",
    "depot": "Tapovan Depot",
    "side": "down",
    "locationConfidence": "verified",
    "locationSource": "NMPML (Citilinc) RTI reply 3120/2026, 17 Aug 2026"
   }
  },
  {
   "type": "Feature",
   "geometry": {
    "type": "Point",
    "coordinates": [
     73.83379,
     19.9266
    ]
   },
   "properties": {
    "Name": "6 No Naka (D)",
    "depot": "Tapovan Depot",
    "side": "down",
    "locationConfidence": "verified",
    "locationSource": "NMPML (Citilinc) RTI reply 3120/2026, 17 Aug 2026"
   }
  },
  {
   "type": "Feature",
   "geometry": {
    "type": "Point",
    "coordinates": [
     73.83418,
     19.92969
    ]
   },
   "properties": {
    "Name": "Saubhagya Nagar (U)",
    "depot": "Tapovan Depot",
    "side": "up",
    "locationConfidence": "verified",
    "locationSource": "NMPML (Citilinc) RTI reply 3120/2026, 17 Aug 2026"
   }
  },
  {
   "type": "Feature",
   "geometry": {
    "type": "Point",
    "coordinates": [
     73.83424,
     19.93378
    ]
   },
   "properties": {
    "Name": "Maharaja (D)",
    "depot": "Tapovan Depot",
    "side": "down",
    "locationConfidence": "verified",
    "locationSource": "NMPML (Citilinc) RTI reply 3120/2026, 17 Aug 2026"
   }
  },
  {
   "type": "Feature",
   "geometry": {
    "type": "Point",
    "coordinates": [
     73.83525,
     19.94051
    ]
   },
   "properties": {
    "Name": "Sathe Nagar (D)",
    "depot": "Nashik Road Depot",
    "side": "down",
    "locationConfidence": "verified",
    "locationSource": "NMPML (Citilinc) RTI reply 3120/2026, 17 Aug 2026"
   }
  },
  {
   "type": "Feature",
   "geometry": {
    "type": "Point",
    "coordinates": [
     73.83732,
     19.95229
    ]
   },
   "properties": {
    "Name": "Bytco (D)",
    "depot": "Nashik Road Depot",
    "side": "down",
    "locationConfidence": "verified",
    "locationSource": "NMPML (Citilinc) RTI reply 3120/2026, 17 Aug 2026"
   }
  },
  {
   "type": "Feature",
   "geometry": {
    "type": "Point",
    "coordinates": [
     73.8274,
     19.96174
    ]
   },
   "properties": {
    "Name": "Andhshala (D)",
    "depot": "Tapovan Depot",
    "side": "down",
    "locationConfidence": "verified",
    "locationSource": "NMPML (Citilinc) RTI reply 3120/2026, 17 Aug 2026"
   }
  },
  {
   "type": "Feature",
   "geometry": {
    "type": "Point",
    "coordinates": [
     73.84708,
     20.04128
    ]
   },
   "properties": {
    "Name": "Gramin Police Vasahat (U)",
    "depot": "Nashik Road Depot",
    "side": "up",
    "locationConfidence": "verified",
    "locationSource": "NMPML (Citilinc) RTI reply 3120/2026, 17 Aug 2026"
   }
  },
  {
   "type": "Feature",
   "geometry": {
    "type": "Point",
    "coordinates": [
     73.85169,
     20.03473
    ]
   },
   "properties": {
    "Name": "Mhasrul Fata (D)",
    "depot": "Nashik Road Depot",
    "side": "down",
    "locationConfidence": "verified",
    "locationSource": "NMPML (Citilinc) RTI reply 3120/2026, 17 Aug 2026"
   }
  },
  {
   "type": "Feature",
   "geometry": {
    "type": "Point",
    "coordinates": [
     73.85586,
     20.03142
    ]
   },
   "properties": {
    "Name": "Medical Phata 1 (D)",
    "depot": "Nashik Road Depot",
    "side": "down",
    "locationConfidence": "verified",
    "locationSource": "NMPML (Citilinc) RTI reply 3120/2026, 17 Aug 2026"
   }
  },
  {
   "type": "Feature",
   "geometry": {
    "type": "Point",
    "coordinates": [
     73.84575,
     20.02716
    ]
   },
   "properties": {
    "Name": "Konark Nagar (U)",
    "depot": "Nashik Road Depot",
    "side": "up",
    "locationConfidence": "verified",
    "locationSource": "NMPML (Citilinc) RTI reply 3120/2026, 17 Aug 2026"
   }
  },
  {
   "type": "Feature",
   "geometry": {
    "type": "Point",
    "coordinates": [
     73.84011,
     20.02481
    ]
   },
   "properties": {
    "Name": "Swami Samarth Nagar (U)",
    "depot": "Nashik Road Depot",
    "side": "up",
    "locationConfidence": "verified",
    "locationSource": "NMPML (Citilinc) RTI reply 3120/2026, 17 Aug 2026"
   }
  },
  {
   "type": "Feature",
   "geometry": {
    "type": "Point",
    "coordinates": [
     73.83607,
     20.02242
    ]
   },
   "properties": {
    "Name": "Dhatrak Phata (U)",
    "depot": "Nashik Road Depot",
    "side": "up",
    "locationConfidence": "verified",
    "locationSource": "NMPML (Citilinc) RTI reply 3120/2026, 17 Aug 2026"
   }
  },
  {
   "type": "Feature",
   "geometry": {
    "type": "Point",
    "coordinates": [
     73.83125,
     20.01946
    ]
   },
   "properties": {
    "Name": "Hanuman Nagar (U)",
    "depot": "Nashik Road Depot",
    "side": "up",
    "locationConfidence": "verified",
    "locationSource": "NMPML (Citilinc) RTI reply 3120/2026, 17 Aug 2026"
   }
  },
  {
   "type": "Feature",
   "geometry": {
    "type": "Point",
    "coordinates": [
     73.82885,
     20.01824
    ]
   },
   "properties": {
    "Name": "Bafna Bajar / Laxmi Nagar (U)",
    "depot": "Tapovan Depot",
    "side": "up",
    "locationConfidence": "verified",
    "locationSource": "NMPML (Citilinc) RTI reply 3120/2026, 17 Aug 2026"
   }
  },
  {
   "type": "Feature",
   "geometry": {
    "type": "Point",
    "coordinates": [
     73.82505,
     20.01686
    ]
   },
   "properties": {
    "Name": "Amrut Dham 2 (D)",
    "depot": "Nashik Road Depot",
    "side": "down",
    "locationConfidence": "verified",
    "locationSource": "NMPML (Citilinc) RTI reply 3120/2026, 17 Aug 2026"
   }
  },
  {
   "type": "Feature",
   "geometry": {
    "type": "Point",
    "coordinates": [
     73.82354,
     20.01887
    ]
   },
   "properties": {
    "Name": "Ganesh Mandir (D)",
    "depot": "Nashik Road Depot",
    "side": "down",
    "locationConfidence": "verified",
    "locationSource": "NMPML (Citilinc) RTI reply 3120/2026, 17 Aug 2026"
   }
  },
  {
   "type": "Feature",
   "geometry": {
    "type": "Point",
    "coordinates": [
     73.89986,
     20.08021
    ]
   },
   "properties": {
    "Name": "Mathura Nagar (D)",
    "depot": "Nashik Road Depot",
    "side": "down",
    "locationConfidence": "verified",
    "locationSource": "NMPML (Citilinc) RTI reply 3120/2026, 17 Aug 2026"
   }
  },
  {
   "type": "Feature",
   "geometry": {
    "type": "Point",
    "coordinates": [
     73.89411,
     20.08741
    ]
   },
   "properties": {
    "Name": "Fruit Company (D)",
    "depot": "Nashik Road Depot",
    "side": "down",
    "locationConfidence": "verified",
    "locationSource": "NMPML (Citilinc) RTI reply 3120/2026, 17 Aug 2026"
   }
  },
  {
   "type": "Feature",
   "geometry": {
    "type": "Point",
    "coordinates": [
     73.89193,
     20.09212
    ]
   },
   "properties": {
    "Name": "Bhangadwadi (D)",
    "depot": "Nashik Road Depot",
    "side": "down",
    "locationConfidence": "verified",
    "locationSource": "NMPML (Citilinc) RTI reply 3120/2026, 17 Aug 2026"
   }
  },
  {
   "type": "Feature",
   "geometry": {
    "type": "Point",
    "coordinates": [
     73.89002,
     20.098
    ]
   },
   "properties": {
    "Name": "Shreeniwas Nursary (D)",
    "depot": "Nashik Road Depot",
    "side": "down",
    "locationConfidence": "verified",
    "locationSource": "NMPML (Citilinc) RTI reply 3120/2026, 17 Aug 2026"
   }
  },
  {
   "type": "Feature",
   "geometry": {
    "type": "Point",
    "coordinates": [
     73.89019,
     20.10525
    ]
   },
   "properties": {
    "Name": "Janori (D)",
    "depot": "Nashik Road Depot",
    "side": "down",
    "locationConfidence": "verified",
    "locationSource": "NMPML (Citilinc) RTI reply 3120/2026, 17 Aug 2026"
   }
  },
  {
   "type": "Feature",
   "geometry": {
    "type": "Point",
    "coordinates": [
     73.89136,
     20.10984
    ]
   },
   "properties": {
    "Name": "Ozar Phata (D)",
    "depot": "Nashik Road Depot",
    "side": "down",
    "locationConfidence": "verified",
    "locationSource": "NMPML (Citilinc) RTI reply 3120/2026, 17 Aug 2026"
   }
  },
  {
   "type": "Feature",
   "geometry": {
    "type": "Point",
    "coordinates": [
     73.89103,
     20.11289
    ]
   },
   "properties": {
    "Name": "Viman Tal Gate (U)",
    "depot": "Nashik Road Depot",
    "side": "up",
    "locationConfidence": "verified",
    "locationSource": "NMPML (Citilinc) RTI reply 3120/2026, 17 Aug 2026"
   }
  },
  {
   "type": "Feature",
   "geometry": {
    "type": "Point",
    "coordinates": [
     73.88911,
     20.11694
    ]
   },
   "properties": {
    "Name": "Vasti (Mohadi) (D)",
    "depot": "Nashik Road Depot",
    "side": "down",
    "locationConfidence": "verified",
    "locationSource": "NMPML (Citilinc) RTI reply 3120/2026, 17 Aug 2026"
   }
  },
  {
   "type": "Feature",
   "geometry": {
    "type": "Point",
    "coordinates": [
     73.88933,
     20.12361
    ]
   },
   "properties": {
    "Name": "Samata Nagar (D)",
    "depot": "Nashik Road Depot",
    "side": "down",
    "locationConfidence": "verified",
    "locationSource": "NMPML (Citilinc) RTI reply 3120/2026, 17 Aug 2026"
   }
  },
  {
   "type": "Feature",
   "geometry": {
    "type": "Point",
    "coordinates": [
     73.89034,
     20.1304
    ]
   },
   "properties": {
    "Name": "Mahadeo Mandir (Mohadi Road) (U)",
    "depot": "Nashik Road Depot",
    "side": "up",
    "locationConfidence": "verified",
    "locationSource": "NMPML (Citilinc) RTI reply 3120/2026, 17 Aug 2026"
   }
  },
  {
   "type": "Feature",
   "geometry": {
    "type": "Point",
    "coordinates": [
     73.8906,
     20.13673
    ]
   },
   "properties": {
    "Name": "Vitthai Lawns (U)",
    "depot": "Nashik Road Depot",
    "side": "up",
    "locationConfidence": "verified",
    "locationSource": "NMPML (Citilinc) RTI reply 3120/2026, 17 Aug 2026"
   }
  },
  {
   "type": "Feature",
   "geometry": {
    "type": "Point",
    "coordinates": [
     73.89036,
     20.14234
    ]
   },
   "properties": {
    "Name": "K.R.T Highschool (D)",
    "depot": "Nashik Road Depot",
    "side": "down",
    "locationConfidence": "verified",
    "locationSource": "NMPML (Citilinc) RTI reply 3120/2026, 17 Aug 2026"
   }
  },
  {
   "type": "Feature",
   "geometry": {
    "type": "Point",
    "coordinates": [
     73.8926,
     20.14195
    ]
   },
   "properties": {
    "Name": "Rajwada (D)",
    "depot": "Nashik Road Depot",
    "side": "down",
    "locationConfidence": "verified",
    "locationSource": "NMPML (Citilinc) RTI reply 3120/2026, 17 Aug 2026"
   }
  },
  {
   "type": "Feature",
   "geometry": {
    "type": "Point",
    "coordinates": [
     73.89413,
     20.14421
    ]
   },
   "properties": {
    "Name": "Mohadi Stand",
    "depot": "Nashik Road Depot",
    "locationConfidence": "verified",
    "locationSource": "NMPML (Citilinc) RTI reply 3120/2026, 17 Aug 2026"
   }
  },
  {
   "type": "Feature",
   "geometry": {
    "type": "Point",
    "coordinates": [
     73.89697,
     20.08378
    ]
   },
   "properties": {
    "Name": "10 No. Chari (D)",
    "depot": "Nashik Road Depot",
    "side": "down",
    "locationConfidence": "verified",
    "locationSource": "NMPML (Citilinc) RTI reply 3120/2026, 17 Aug 2026"
   }
  },
  {
   "type": "Feature",
   "geometry": {
    "type": "Point",
    "coordinates": [
     73.90383,
     20.07276
    ]
   },
   "properties": {
    "Name": "10 vha Mail (Janori Phata) (U)",
    "depot": "Nashik Road Depot",
    "side": "up",
    "locationConfidence": "verified",
    "locationSource": "NMPML (Citilinc) RTI reply 3120/2026, 17 Aug 2026"
   }
  },
  {
   "type": "Feature",
   "geometry": {
    "type": "Point",
    "coordinates": [
     73.72703,
     20.05242
    ]
   },
   "properties": {
    "Name": "Mungasara Fata",
    "depot": "Nashik Road Depot",
    "locationConfidence": "verified",
    "locationSource": "NMPML (Citilinc) RTI reply 3120/2026, 17 Aug 2026"
   }
  },
  {
   "type": "Feature",
   "geometry": {
    "type": "Point",
    "coordinates": [
     73.68991,
     19.91678
    ]
   },
   "properties": {
    "Name": "Ayush Farm",
    "depot": "Nashik Road Depot",
    "locationConfidence": "verified",
    "locationSource": "NMPML (Citilinc) RTI reply 3120/2026, 17 Aug 2026"
   }
  },
  {
   "type": "Feature",
   "geometry": {
    "type": "Point",
    "coordinates": [
     73.86689,
     19.95118
    ]
   },
   "properties": {
    "Name": "R.P.F Center",
    "depot": "Nashik Road Depot",
    "locationConfidence": "verified",
    "locationSource": "NMPML (Citilinc) RTI reply 3120/2026, 17 Aug 2026"
   }
  },
  {
   "type": "Feature",
   "geometry": {
    "type": "Point",
    "coordinates": [
     73.72237,
     20.05976
    ]
   },
   "properties": {
    "Name": "Mungasara Gaon",
    "depot": "Nashik Road Depot",
    "locationConfidence": "verified",
    "locationSource": "NMPML (Citilinc) RTI reply 3120/2026, 17 Aug 2026"
   }
  },
  {
   "type": "Feature",
   "geometry": {
    "type": "Point",
    "coordinates": [
     73.80553,
     20.07494
    ]
   },
   "properties": {
    "Name": "Municipal Command",
    "depot": "Nashik Road Depot",
    "locationConfidence": "verified",
    "locationSource": "NMPML (Citilinc) RTI reply 3120/2026, 17 Aug 2026"
   }
  },
  {
   "type": "Feature",
   "geometry": {
    "type": "Point",
    "coordinates": [
     73.73353,
     20.05458
    ]
   },
   "properties": {
    "Name": "JaiBhavani Krushi Seva",
    "depot": "Nashik Road Depot",
    "locationConfidence": "verified",
    "locationSource": "NMPML (Citilinc) RTI reply 3120/2026, 17 Aug 2026"
   }
  },
  {
   "type": "Feature",
   "geometry": {
    "type": "Point",
    "coordinates": [
     73.78295,
     20.03485
    ]
   },
   "properties": {
    "Name": "Munjaba Mandir",
    "depot": "Nashik Road Depot",
    "locationConfidence": "verified",
    "locationSource": "NMPML (Citilinc) RTI reply 3120/2026, 17 Aug 2026"
   }
  },
  {
   "type": "Feature",
   "geometry": {
    "type": "Point",
    "coordinates": [
     73.83968,
     19.97743
    ]
   },
   "properties": {
    "Name": "Tourists Baba",
    "depot": "Nashik Road Depot",
    "locationConfidence": "verified",
    "locationSource": "NMPML (Citilinc) RTI reply 3120/2026, 17 Aug 2026"
   }
  },
  {
   "type": "Feature",
   "geometry": {
    "type": "Point",
    "coordinates": [
     73.79284,
     19.9811
    ]
   },
   "properties": {
    "Name": "Jayalakshmi Mata Chowk",
    "depot": "Nashik Road Depot",
    "locationConfidence": "verified",
    "locationSource": "NMPML (Citilinc) RTI reply 3120/2026, 17 Aug 2026"
   }
  },
  {
   "type": "Feature",
   "geometry": {
    "type": "Point",
    "coordinates": [
     73.89973,
     20.06921
    ]
   },
   "properties": {
    "Name": "Jaulke Phata (D)",
    "depot": "Nashik Road Depot",
    "side": "down",
    "locationConfidence": "verified",
    "locationSource": "NMPML (Citilinc) RTI reply 3120/2026, 17 Aug 2026"
   }
  },
  {
   "type": "Feature",
   "geometry": {
    "type": "Point",
    "coordinates": [
     73.76148,
     19.9556
    ]
   },
   "properties": {
    "Name": "Muralidhar City",
    "depot": "Nashik Road Depot",
    "locationConfidence": "verified",
    "locationSource": "NMPML (Citilinc) RTI reply 3120/2026, 17 Aug 2026"
   }
  },
  {
   "type": "Feature",
   "geometry": {
    "type": "Point",
    "coordinates": [
     73.76063,
     19.95837
    ]
   },
   "properties": {
    "Name": "Toyota Showroom",
    "depot": "Nashik Road Depot",
    "locationConfidence": "verified",
    "locationSource": "NMPML (Citilinc) RTI reply 3120/2026, 17 Aug 2026"
   }
  },
  {
   "type": "Feature",
   "geometry": {
    "type": "Point",
    "coordinates": [
     73.8998,
     20.0696
    ]
   },
   "properties": {
    "Name": "Jaulke Phata (U)",
    "depot": "Nashik Road Depot",
    "side": "up",
    "locationConfidence": "verified",
    "locationSource": "NMPML (Citilinc) RTI reply 3120/2026, 17 Aug 2026"
   }
  },
  {
   "type": "Feature",
   "geometry": {
    "type": "Point",
    "coordinates": [
     73.53597,
     19.93756
    ]
   },
   "properties": {
    "Name": "Jawahar Phata",
    "depot": "Nashik Road Depot",
    "locationConfidence": "verified",
    "locationSource": "NMPML (Citilinc) RTI reply 3120/2026, 17 Aug 2026"
   }
  },
  {
   "type": "Feature",
   "geometry": {
    "type": "Point",
    "coordinates": [
     73.64563,
     19.84727
    ]
   },
   "properties": {
    "Name": "Murambi Phata",
    "depot": "Nashik Road Depot",
    "locationConfidence": "verified",
    "locationSource": "NMPML (Citilinc) RTI reply 3120/2026, 17 Aug 2026"
   }
  },
  {
   "type": "Feature",
   "geometry": {
    "type": "Point",
    "coordinates": [
     73.80242,
     19.99765
    ]
   },
   "properties": {
    "Name": "Tractor House",
    "depot": "Nashik Road Depot",
    "locationConfidence": "verified",
    "locationSource": "NMPML (Citilinc) RTI reply 3120/2026, 17 Aug 2026"
   }
  },
  {
   "type": "Feature",
   "geometry": {
    "type": "Point",
    "coordinates": [
     73.84198,
     20.02482
    ]
   },
   "properties": {
    "Name": "Jatra Hotel 2",
    "depot": "Nashik Road Depot",
    "locationConfidence": "verified",
    "locationSource": "NMPML (Citilinc) RTI reply 3120/2026, 17 Aug 2026"
   }
  },
  {
   "type": "Feature",
   "geometry": {
    "type": "Point",
    "coordinates": [
     73.842,
     20.02508
    ]
   },
   "properties": {
    "Name": "Jatra Hotel (Nandur)",
    "depot": "Nashik Road Depot",
    "locationConfidence": "verified",
    "locationSource": "NMPML (Citilinc) RTI reply 3120/2026, 17 Aug 2026"
   }
  },
  {
   "type": "Feature",
   "geometry": {
    "type": "Point",
    "coordinates": [
     73.6435,
     19.84968
    ]
   },
   "properties": {
    "Name": "Murambi",
    "depot": "Nashik Road Depot",
    "locationConfidence": "verified",
    "locationSource": "NMPML (Citilinc) RTI reply 3120/2026, 17 Aug 2026"
   }
  },
  {
   "type": "Feature",
   "geometry": {
    "type": "Point",
    "coordinates": [
     73.77965,
     19.99614
    ]
   },
   "properties": {
    "Name": "Civil Hospital (D)",
    "depot": "Nashik Road Depot",
    "side": "down",
    "locationConfidence": "verified",
    "locationSource": "NMPML (Citilinc) RTI reply 3120/2026, 17 Aug 2026"
   }
  },
  {
   "type": "Feature",
   "geometry": {
    "type": "Point",
    "coordinates": [
     73.84242,
     20.02552
    ]
   },
   "properties": {
    "Name": "Jatra Hotel (D)",
    "depot": "Nashik Road Depot",
    "side": "down",
    "locationConfidence": "verified",
    "locationSource": "NMPML (Citilinc) RTI reply 3120/2026, 17 Aug 2026"
   }
  },
  {
   "type": "Feature",
   "geometry": {
    "type": "Point",
    "coordinates": [
     73.84221,
     20.02592
    ]
   },
   "properties": {
    "Name": "Jatra Hotel (U)",
    "depot": "Nashik Road Depot",
    "side": "up",
    "locationConfidence": "verified",
    "locationSource": "NMPML (Citilinc) RTI reply 3120/2026, 17 Aug 2026"
   }
  },
  {
   "type": "Feature",
   "geometry": {
    "type": "Point",
    "coordinates": [
     73.84315,
     20.01612
    ]
   },
   "properties": {
    "Name": "Vrundavan Nagar (Jatra Hotel)",
    "depot": "Nashik Road Depot",
    "locationConfidence": "verified",
    "locationSource": "NMPML (Citilinc) RTI reply 3120/2026, 17 Aug 2026"
   }
  },
  {
   "type": "Feature",
   "geometry": {
    "type": "Point",
    "coordinates": [
     73.64938,
     19.92266
    ]
   },
   "properties": {
    "Name": "Jategaon",
    "depot": "Nashik Road Depot",
    "locationConfidence": "verified",
    "locationSource": "NMPML (Citilinc) RTI reply 3120/2026, 17 Aug 2026"
   }
  },
  {
   "type": "Feature",
   "geometry": {
    "type": "Point",
    "coordinates": [
     73.83095,
     19.99894
    ]
   },
   "properties": {
    "Name": "Geetai Lawns",
    "depot": "Nashik Road Depot",
    "locationConfidence": "verified",
    "locationSource": "NMPML (Citilinc) RTI reply 3120/2026, 17 Aug 2026"
   }
  },
  {
   "type": "Feature",
   "geometry": {
    "type": "Point",
    "coordinates": [
     73.76929,
     19.99345
    ]
   },
   "properties": {
    "Name": "Dakshin Mukhi Hanuman Mandir (U)",
    "depot": "Tapovan Depot",
    "side": "up",
    "locationConfidence": "verified",
    "locationSource": "NMPML (Citilinc) RTI reply 3120/2026, 17 Aug 2026"
   }
  },
  {
   "type": "Feature",
   "geometry": {
    "type": "Point",
    "coordinates": [
     73.98409,
     20.01171
    ]
   },
   "properties": {
    "Name": "Nagapur Phata (D)",
    "depot": "Nashik Road Depot",
    "side": "down",
    "locationConfidence": "verified",
    "locationSource": "NMPML (Citilinc) RTI reply 3120/2026, 17 Aug 2026"
   }
  },
  {
   "type": "Feature",
   "geometry": {
    "type": "Point",
    "coordinates": [
     73.84441,
     19.99238
    ]
   },
   "properties": {
    "Name": "Nandur Gaon (D)",
    "depot": "Nashik Road Depot",
    "side": "down",
    "locationConfidence": "verified",
    "locationSource": "NMPML (Citilinc) RTI reply 3120/2026, 17 Aug 2026"
   }
  },
  {
   "type": "Feature",
   "geometry": {
    "type": "Point",
    "coordinates": [
     73.82084,
     20.02071
    ]
   },
   "properties": {
    "Name": "Ayodhya Nagar (D)",
    "depot": "Nashik Road Depot",
    "side": "down",
    "locationConfidence": "verified",
    "locationSource": "NMPML (Citilinc) RTI reply 3120/2026, 17 Aug 2026"
   }
  },
  {
   "type": "Feature",
   "geometry": {
    "type": "Point",
    "coordinates": [
     73.90862,
     20.07513
    ]
   },
   "properties": {
    "Name": "Janshanti Dham (10va Mail) (D)",
    "depot": "Tapovan Depot",
    "side": "down",
    "locationConfidence": "verified",
    "locationSource": "NMPML (Citilinc) RTI reply 3120/2026, 17 Aug 2026"
   }
  },
  {
   "type": "Feature",
   "geometry": {
    "type": "Point",
    "coordinates": [
     73.69382,
     19.97736
    ]
   },
   "properties": {
    "Name": "Trimbak Vidhya Mandir",
    "depot": "Nashik Road Depot",
    "locationConfidence": "verified",
    "locationSource": "NMPML (Citilinc) RTI reply 3120/2026, 17 Aug 2026"
   }
  },
  {
   "type": "Feature",
   "geometry": {
    "type": "Point",
    "coordinates": [
     73.97712,
     20.03995
    ]
   },
   "properties": {
    "Name": "Janardan Swami Mandir (Khervadi)",
    "depot": "Nashik Road Depot",
    "locationConfidence": "verified",
    "locationSource": "NMPML (Citilinc) RTI reply 3120/2026, 17 Aug 2026"
   }
  },
  {
   "type": "Feature",
   "geometry": {
    "type": "Point",
    "coordinates": [
     73.84432,
     19.99762
    ]
   },
   "properties": {
    "Name": "Nandur Naka Jatra Hotel",
    "depot": "Nashik Road Depot",
    "locationConfidence": "verified",
    "locationSource": "NMPML (Citilinc) RTI reply 3120/2026, 17 Aug 2026"
   }
  },
  {
   "type": "Feature",
   "geometry": {
    "type": "Point",
    "coordinates": [
     73.84387,
     19.99656
    ]
   },
   "properties": {
    "Name": "Nandur Naka (D)",
    "depot": "Nashik Road Depot",
    "side": "down",
    "locationConfidence": "verified",
    "locationSource": "NMPML (Citilinc) RTI reply 3120/2026, 17 Aug 2026"
   }
  },
  {
   "type": "Feature",
   "geometry": {
    "type": "Point",
    "coordinates": [
     73.83502,
     19.97566
    ]
   },
   "properties": {
    "Name": "Narayan Bapu Nagar",
    "depot": "Nashik Road Depot",
    "locationConfidence": "verified",
    "locationSource": "NMPML (Citilinc) RTI reply 3120/2026, 17 Aug 2026"
   }
  },
  {
   "type": "Feature",
   "geometry": {
    "type": "Point",
    "coordinates": [
     73.82563,
     20.01499
    ]
   },
   "properties": {
    "Name": "Adganv Police Station Fata",
    "depot": "Nashik Road Depot",
    "locationConfidence": "verified",
    "locationSource": "NMPML (Citilinc) RTI reply 3120/2026, 17 Aug 2026"
   }
  },
  {
   "type": "Feature",
   "geometry": {
    "type": "Point",
    "coordinates": [
     73.97705,
     20.00911
    ]
   },
   "properties": {
    "Name": "Janaki Mangal Karyalaya (D)",
    "depot": "Nashik Road Depot",
    "side": "down",
    "locationConfidence": "verified",
    "locationSource": "NMPML (Citilinc) RTI reply 3120/2026, 17 Aug 2026"
   }
  },
  {
   "type": "Feature",
   "geometry": {
    "type": "Point",
    "coordinates": [
     73.73963,
     19.96319
    ]
   },
   "properties": {
    "Name": "Ambad Jalkumbh (D)",
    "depot": "Tapovan Depot",
    "side": "down",
    "locationConfidence": "verified",
    "locationSource": "NMPML (Citilinc) RTI reply 3120/2026, 17 Aug 2026"
   }
  },
  {
   "type": "Feature",
   "geometry": {
    "type": "Point",
    "coordinates": [
     73.82572,
     20.02778
    ]
   },
   "properties": {
    "Name": "Narayan Nagar",
    "depot": "Nashik Road Depot",
    "locationConfidence": "verified",
    "locationSource": "NMPML (Citilinc) RTI reply 3120/2026, 17 Aug 2026"
   }
  },
  {
   "type": "Feature",
   "geometry": {
    "type": "Point",
    "coordinates": [
     73.74697,
     19.97732
    ]
   },
   "properties": {
    "Name": "Ayodhya Colony",
    "depot": "Nashik Road Depot",
    "locationConfidence": "verified",
    "locationSource": "NMPML (Citilinc) RTI reply 3120/2026, 17 Aug 2026"
   }
  },
  {
   "type": "Feature",
   "geometry": {
    "type": "Point",
    "coordinates": [
     73.91984,
     19.9494
    ]
   },
   "properties": {
    "Name": "Jakhori Phata",
    "depot": "Nashik Road Depot",
    "locationConfidence": "verified",
    "locationSource": "NMPML (Citilinc) RTI reply 3120/2026, 17 Aug 2026"
   }
  },
  {
   "type": "Feature",
   "geometry": {
    "type": "Point",
    "coordinates": [
     73.91301,
     19.92245
    ]
   },
   "properties": {
    "Name": "Jakhori Fata",
    "depot": "Nashik Road Depot",
    "locationConfidence": "verified",
    "locationSource": "NMPML (Citilinc) RTI reply 3120/2026, 17 Aug 2026"
   }
  },
  {
   "type": "Feature",
   "geometry": {
    "type": "Point",
    "coordinates": [
     73.76598,
     19.94958
    ]
   },
   "properties": {
    "Name": "Narhari Nagar",
    "depot": "Nashik Road Depot",
    "locationConfidence": "verified",
    "locationSource": "NMPML (Citilinc) RTI reply 3120/2026, 17 Aug 2026"
   }
  },
  {
   "type": "Feature",
   "geometry": {
    "type": "Point",
    "coordinates": [
     73.75655,
     20.01659
    ]
   },
   "properties": {
    "Name": "Narsingh Nagar",
    "depot": "Nashik Road Depot",
    "locationConfidence": "verified",
    "locationSource": "NMPML (Citilinc) RTI reply 3120/2026, 17 Aug 2026"
   }
  },
  {
   "type": "Feature",
   "geometry": {
    "type": "Point",
    "coordinates": [
     73.73504,
     19.95976
    ]
   },
   "properties": {
    "Name": "Nashik Cluster (U)",
    "depot": "Nashik Road Depot",
    "side": "up",
    "locationConfidence": "verified",
    "locationSource": "NMPML (Citilinc) RTI reply 3120/2026, 17 Aug 2026"
   }
  },
  {
   "type": "Feature",
   "geometry": {
    "type": "Point",
    "coordinates": [
     73.8056,
     20.06678
    ]
   },
   "properties": {
    "Name": "Jakat Naka",
    "depot": "Nashik Road Depot",
    "locationConfidence": "verified",
    "locationSource": "NMPML (Citilinc) RTI reply 3120/2026, 17 Aug 2026"
   }
  },
  {
   "type": "Feature",
   "geometry": {
    "type": "Point",
    "coordinates": [
     73.84135,
     19.94819
    ]
   },
   "properties": {
    "Name": "Nashik Road Railway Station",
    "depot": "Nashik Road Depot",
    "locationConfidence": "verified",
    "locationSource": "NMPML (Citilinc) RTI reply 3120/2026, 17 Aug 2026"
   }
  },
  {
   "type": "Feature",
   "geometry": {
    "type": "Point",
    "coordinates": [
     73.91841,
     20.08446
    ]
   },
   "properties": {
    "Name": "Renuka Nagar (Ozer)",
    "depot": "Nashik Road Depot",
    "locationConfidence": "verified",
    "locationSource": "NMPML (Citilinc) RTI reply 3120/2026, 17 Aug 2026"
   }
  },
  {
   "type": "Feature",
   "geometry": {
    "type": "Point",
    "coordinates": [
     73.72216,
     19.93042
    ]
   },
   "properties": {
    "Name": "Jain Mandir",
    "depot": "Nashik Road Depot",
    "locationConfidence": "verified",
    "locationSource": "NMPML (Citilinc) RTI reply 3120/2026, 17 Aug 2026"
   }
  },
  {
   "type": "Feature",
   "geometry": {
    "type": "Point",
    "coordinates": [
     73.87609,
     20.04661
    ]
   },
   "properties": {
    "Name": "New Jakat Naka (U)",
    "depot": "Nashik Road Depot",
    "side": "up",
    "locationConfidence": "verified",
    "locationSource": "NMPML (Citilinc) RTI reply 3120/2026, 17 Aug 2026"
   }
  },
  {
   "type": "Feature",
   "geometry": {
    "type": "Point",
    "coordinates": [
     73.79051,
     19.98782
    ]
   },
   "properties": {
    "Name": "Aviskar",
    "depot": "Nashik Road Depot",
    "locationConfidence": "verified",
    "locationSource": "NMPML (Citilinc) RTI reply 3120/2026, 17 Aug 2026"
   }
  },
  {
   "type": "Feature",
   "geometry": {
    "type": "Point",
    "coordinates": [
     73.83384,
     19.94744
    ]
   },
   "properties": {
    "Name": "Jain Bhavan (D)",
    "depot": "Tapovan Depot",
    "side": "down",
    "locationConfidence": "verified",
    "locationSource": "NMPML (Citilinc) RTI reply 3120/2026, 17 Aug 2026"
   }
  },
  {
   "type": "Feature",
   "geometry": {
    "type": "Point",
    "coordinates": [
     73.87779,
     20.04817
    ]
   },
   "properties": {
    "Name": "New Jakat Naka (D)",
    "depot": "Nashik Road Depot",
    "side": "down",
    "locationConfidence": "verified",
    "locationSource": "NMPML (Citilinc) RTI reply 3120/2026, 17 Aug 2026"
   }
  },
  {
   "type": "Feature",
   "geometry": {
    "type": "Point",
    "coordinates": [
     73.71136,
     19.99468
    ]
   },
   "properties": {
    "Name": "New Mahindra Gate (U)",
    "depot": "Tapovan Depot",
    "side": "up",
    "locationConfidence": "verified",
    "locationSource": "NMPML (Citilinc) RTI reply 3120/2026, 17 Aug 2026"
   }
  },
  {
   "type": "Feature",
   "geometry": {
    "type": "Point",
    "coordinates": [
     73.84015,
     19.96979
    ]
   },
   "properties": {
    "Name": "Jail Taki (D)",
    "depot": "Nashik Road Depot",
    "side": "down",
    "locationConfidence": "verified",
    "locationSource": "NMPML (Citilinc) RTI reply 3120/2026, 17 Aug 2026"
   }
  },
  {
   "type": "Feature",
   "geometry": {
    "type": "Point",
    "coordinates": [
     73.77148,
     19.99049
    ]
   },
   "properties": {
    "Name": "Navin Tidke Colony",
    "depot": "Nashik Road Depot",
    "locationConfidence": "verified",
    "locationSource": "NMPML (Citilinc) RTI reply 3120/2026, 17 Aug 2026"
   }
  },
  {
   "type": "Feature",
   "geometry": {
    "type": "Point",
    "coordinates": [
     73.75441,
     20.01496
    ]
   },
   "properties": {
    "Name": "Navrachna School",
    "depot": "Nashik Road Depot",
    "locationConfidence": "verified",
    "locationSource": "NMPML (Citilinc) RTI reply 3120/2026, 17 Aug 2026"
   }
  },
  {
   "type": "Feature",
   "geometry": {
    "type": "Point",
    "coordinates": [
     73.74381,
     20.01267
    ]
   },
   "properties": {
    "Name": "Navsha Ganpati (D)",
    "depot": "Tapovan Depot",
    "side": "down",
    "locationConfidence": "verified",
    "locationSource": "NMPML (Citilinc) RTI reply 3120/2026, 17 Aug 2026"
   }
  },
  {
   "type": "Feature",
   "geometry": {
    "type": "Point",
    "coordinates": [
     73.83156,
     20.00799
    ]
   },
   "properties": {
    "Name": "Yash Lawns",
    "depot": "Nashik Road Depot",
    "locationConfidence": "verified",
    "locationSource": "NMPML (Citilinc) RTI reply 3120/2026, 17 Aug 2026"
   }
  },
  {
   "type": "Feature",
   "geometry": {
    "type": "Point",
    "coordinates": [
     73.83816,
     19.95521
    ]
   },
   "properties": {
    "Name": "Jailroad Bytco",
    "depot": "Nashik Road Depot",
    "locationConfidence": "verified",
    "locationSource": "NMPML (Citilinc) RTI reply 3120/2026, 17 Aug 2026"
   }
  },
  {
   "type": "Feature",
   "geometry": {
    "type": "Point",
    "coordinates": [
     73.78973,
     19.9343
    ]
   },
   "properties": {
    "Name": "Jadhav Wasti Pimpalgaon Khamb",
    "depot": "Nashik Road Depot",
    "locationConfidence": "verified",
    "locationSource": "NMPML (Citilinc) RTI reply 3120/2026, 17 Aug 2026"
   }
  },
  {
   "type": "Feature",
   "geometry": {
    "type": "Point",
    "coordinates": [
     73.96839,
     19.95326
    ]
   },
   "properties": {
    "Name": "Nayagaon",
    "depot": "Nashik Road Depot",
    "locationConfidence": "verified",
    "locationSource": "NMPML (Citilinc) RTI reply 3120/2026, 17 Aug 2026"
   }
  },
  {
   "type": "Feature",
   "geometry": {
    "type": "Point",
    "coordinates": [
     73.81047,
     20.01112
    ]
   },
   "properties": {
    "Name": "Ch. Sambhaji Maharaj Naka 2 (U)",
    "depot": "Nashik Road Depot",
    "side": "up",
    "locationConfidence": "verified",
    "locationSource": "NMPML (Citilinc) RTI reply 3120/2026, 17 Aug 2026"
   }
  },
  {
   "type": "Feature",
   "geometry": {
    "type": "Point",
    "coordinates": [
     73.87295,
     19.95178
    ]
   },
   "properties": {
    "Name": "Jadhav Wasti",
    "depot": "Nashik Road Depot",
    "locationConfidence": "verified",
    "locationSource": "NMPML (Citilinc) RTI reply 3120/2026, 17 Aug 2026"
   }
  },
  {
   "type": "Feature",
   "geometry": {
    "type": "Point",
    "coordinates": [
     73.94983,
     20.09304
    ]
   },
   "properties": {
    "Name": "Jadhav Vasti MBA College",
    "depot": "Nashik Road Depot",
    "locationConfidence": "verified",
    "locationSource": "NMPML (Citilinc) RTI reply 3120/2026, 17 Aug 2026"
   }
  },
  {
   "type": "Feature",
   "geometry": {
    "type": "Point",
    "coordinates": [
     73.82371,
     19.9646
    ]
   },
   "properties": {
    "Name": "Nehru Nagar (D)",
    "depot": "Nashik Road Depot",
    "side": "down",
    "locationConfidence": "verified",
    "locationSource": "NMPML (Citilinc) RTI reply 3120/2026, 17 Aug 2026"
   }
  },
  {
   "type": "Feature",
   "geometry": {
    "type": "Point",
    "coordinates": [
     73.72383,
     19.9761
    ]
   },
   "properties": {
    "Name": "Jadhav Township (D)",
    "depot": "Nashik Road Depot",
    "side": "down",
    "locationConfidence": "verified",
    "locationSource": "NMPML (Citilinc) RTI reply 3120/2026, 17 Aug 2026"
   }
  },
  {
   "type": "Feature",
   "geometry": {
    "type": "Point",
    "coordinates": [
     73.72202,
     19.97328
    ]
   },
   "properties": {
    "Name": "Jadhav Sankul (D)",
    "depot": "Nashik Road Depot",
    "side": "down",
    "locationConfidence": "verified",
    "locationSource": "NMPML (Citilinc) RTI reply 3120/2026, 17 Aug 2026"
   }
  },
  {
   "type": "Feature",
   "geometry": {
    "type": "Point",
    "coordinates": [
     73.7869,
     20.00252
    ]
   },
   "properties": {
    "Name": "Nehru Nagar",
    "depot": "Nashik Road Depot",
    "locationConfidence": "verified",
    "locationSource": "NMPML (Citilinc) RTI reply 3120/2026, 17 Aug 2026"
   }
  },
  {
   "type": "Feature",
   "geometry": {
    "type": "Point",
    "coordinates": [
     73.81069,
     20.01039
    ]
   },
   "properties": {
    "Name": "Ch. Sambhaji Maharaj Naka (U)",
    "depot": "Tapovan Depot",
    "side": "up",
    "locationConfidence": "verified",
    "locationSource": "NMPML (Citilinc) RTI reply 3120/2026, 17 Aug 2026"
   }
  },
  {
   "type": "Feature",
   "geometry": {
    "type": "Point",
    "coordinates": [
     73.71901,
     19.98374
    ]
   },
   "properties": {
    "Name": "Jadhav Packages Gate",
    "depot": "Nashik Road Depot",
    "locationConfidence": "verified",
    "locationSource": "NMPML (Citilinc) RTI reply 3120/2026, 17 Aug 2026"
   }
  },
  {
   "type": "Feature",
   "geometry": {
    "type": "Point",
    "coordinates": [
     73.77912,
     20.04348
    ]
   },
   "properties": {
    "Name": "Neva Hospital",
    "depot": "Nashik Road Depot",
    "locationConfidence": "verified",
    "locationSource": "NMPML (Citilinc) RTI reply 3120/2026, 17 Aug 2026"
   }
  },
  {
   "type": "Feature",
   "geometry": {
    "type": "Point",
    "coordinates": [
     73.83309,
     19.91396
    ]
   },
   "properties": {
    "Name": "Jamal (D)",
    "depot": "Nashik Road Depot",
    "side": "down",
    "locationConfidence": "verified",
    "locationSource": "NMPML (Citilinc) RTI reply 3120/2026, 17 Aug 2026"
   }
  },
  {
   "type": "Feature",
   "geometry": {
    "type": "Point",
    "coordinates": [
     73.75707,
     19.98473
    ]
   },
   "properties": {
    "Name": "Trimurti Chowk (U)",
    "depot": "Tapovan Depot",
    "side": "up",
    "locationConfidence": "verified",
    "locationSource": "NMPML (Citilinc) RTI reply 3120/2026, 17 Aug 2026"
   }
  },
  {
   "type": "Feature",
   "geometry": {
    "type": "Point",
    "coordinates": [
     73.7497,
     19.99235
    ]
   },
   "properties": {
    "Name": "I.T.I. Signal",
    "depot": "Nashik Road Depot",
    "locationConfidence": "verified",
    "locationSource": "NMPML (Citilinc) RTI reply 3120/2026, 17 Aug 2026"
   }
  },
  {
   "type": "Feature",
   "geometry": {
    "type": "Point",
    "coordinates": [
     73.79635,
     20.01116
    ]
   },
   "properties": {
    "Name": "Nimani Stop",
    "depot": "Nashik Road Depot",
    "locationConfidence": "verified",
    "locationSource": "NMPML (Citilinc) RTI reply 3120/2026, 17 Aug 2026"
   }
  },
  {
   "type": "Feature",
   "geometry": {
    "type": "Point",
    "coordinates": [
     73.79683,
     20.01178
    ]
   },
   "properties": {
    "Name": "Nimani",
    "depot": "Tapovan Depot",
    "locationConfidence": "verified",
    "locationSource": "NMPML (Citilinc) RTI reply 3120/2026, 17 Aug 2026"
   }
  },
  {
   "type": "Feature",
   "geometry": {
    "type": "Point",
    "coordinates": [
     73.8366,
     19.99909
    ]
   },
   "properties": {
    "Name": "Nimse Bungla (D)",
    "depot": "Nashik Road Depot",
    "side": "down",
    "locationConfidence": "verified",
    "locationSource": "NMPML (Citilinc) RTI reply 3120/2026, 17 Aug 2026"
   }
  },
  {
   "type": "Feature",
   "geometry": {
    "type": "Point",
    "coordinates": [
     73.76881,
     19.97109
    ]
   },
   "properties": {
    "Name": "Adarsh",
    "depot": "Nashik Road Depot",
    "locationConfidence": "verified",
    "locationSource": "NMPML (Citilinc) RTI reply 3120/2026, 17 Aug 2026"
   }
  },
  {
   "type": "Feature",
   "geometry": {
    "type": "Point",
    "coordinates": [
     73.74811,
     19.99287
    ]
   },
   "properties": {
    "Name": "ITI (Satpur) (D)",
    "depot": "Nashik Road Depot",
    "side": "down",
    "locationConfidence": "verified",
    "locationSource": "NMPML (Citilinc) RTI reply 3120/2026, 17 Aug 2026"
   }
  },
  {
   "type": "Feature",
   "geometry": {
    "type": "Point",
    "coordinates": [
     73.71859,
     19.96999
    ]
   },
   "properties": {
    "Name": "Ingole Society (D)",
    "depot": "Nashik Road Depot",
    "side": "down",
    "locationConfidence": "verified",
    "locationSource": "NMPML (Citilinc) RTI reply 3120/2026, 17 Aug 2026"
   }
  },
  {
   "type": "Feature",
   "geometry": {
    "type": "Point",
    "coordinates": [
     73.83668,
     19.99925
    ]
   },
   "properties": {
    "Name": "Nimse Bungla (U)",
    "depot": "Nashik Road Depot",
    "side": "up",
    "locationConfidence": "verified",
    "locationSource": "NMPML (Citilinc) RTI reply 3120/2026, 17 Aug 2026"
   }
  },
  {
   "type": "Feature",
   "geometry": {
    "type": "Point",
    "coordinates": [
     73.81129,
     20.01038
    ]
   },
   "properties": {
    "Name": "Ch. Sambhaji Maharaj Naka (D)",
    "depot": "Nashik Road Depot",
    "side": "down",
    "locationConfidence": "verified",
    "locationSource": "NMPML (Citilinc) RTI reply 3120/2026, 17 Aug 2026"
   }
  },
  {
   "type": "Feature",
   "geometry": {
    "type": "Point",
    "coordinates": [
     73.81763,
     19.97951
    ]
   },
   "properties": {
    "Name": "Indrayani Society (U)",
    "depot": "Nashik Road Depot",
    "side": "up",
    "locationConfidence": "verified",
    "locationSource": "NMPML (Citilinc) RTI reply 3120/2026, 17 Aug 2026"
   }
  },
  {
   "type": "Feature",
   "geometry": {
    "type": "Point",
    "coordinates": [
     73.76171,
     20.01914
    ]
   },
   "properties": {
    "Name": "Nirmala Convent School",
    "depot": "Nashik Road Depot",
    "locationConfidence": "verified",
    "locationSource": "NMPML (Citilinc) RTI reply 3120/2026, 17 Aug 2026"
   }
  },
  {
   "type": "Feature",
   "geometry": {
    "type": "Point",
    "coordinates": [
     73.70329,
     19.90901
    ]
   },
   "properties": {
    "Name": "Nirmal Ashram (D)",
    "depot": "Nashik Road Depot",
    "side": "down",
    "locationConfidence": "verified",
    "locationSource": "NMPML (Citilinc) RTI reply 3120/2026, 17 Aug 2026"
   }
  },
  {
   "type": "Feature",
   "geometry": {
    "type": "Point",
    "coordinates": [
     73.7855,
     20.05744
    ]
   },
   "properties": {
    "Name": "Indraprasth Nagar Peth Rd",
    "depot": "Nashik Road Depot",
    "locationConfidence": "verified",
    "locationSource": "NMPML (Citilinc) RTI reply 3120/2026, 17 Aug 2026"
   }
  },
  {
   "type": "Feature",
   "geometry": {
    "type": "Point",
    "coordinates": [
     73.70353,
     19.90891
    ]
   },
   "properties": {
    "Name": "Nirmal Ashram (U)",
    "depot": "Nashik Road Depot",
    "side": "up",
    "locationConfidence": "verified",
    "locationSource": "NMPML (Citilinc) RTI reply 3120/2026, 17 Aug 2026"
   }
  },
  {
   "type": "Feature",
   "geometry": {
    "type": "Point",
    "coordinates": [
     73.99876,
     20.01373
    ]
   },
   "properties": {
    "Name": "Amruta Tarle Vasti (Saikheda) (D)",
    "depot": "Nashik Road Depot",
    "side": "down",
    "locationConfidence": "verified",
    "locationSource": "NMPML (Citilinc) RTI reply 3120/2026, 17 Aug 2026"
   }
  },
  {
   "type": "Feature",
   "geometry": {
    "type": "Point",
    "coordinates": [
     73.72822,
     19.97302
    ]
   },
   "properties": {
    "Name": "Indian Petrol Pump",
    "depot": "Nashik Road Depot",
    "locationConfidence": "verified",
    "locationSource": "NMPML (Citilinc) RTI reply 3120/2026, 17 Aug 2026"
   }
  },
  {
   "type": "Feature",
   "geometry": {
    "type": "Point",
    "coordinates": [
     73.7371,
     19.99134
    ]
   },
   "properties": {
    "Name": "Satpur Manpa Vibhagiya Karyalaya (D)",
    "depot": "Nashik Road Depot",
    "side": "down",
    "locationConfidence": "verified",
    "locationSource": "NMPML (Citilinc) RTI reply 3120/2026, 17 Aug 2026"
   }
  },
  {
   "type": "Feature",
   "geometry": {
    "type": "Point",
    "coordinates": [
     73.80991,
     20.0106
    ]
   },
   "properties": {
    "Name": "Aurangabad Naka CBS. Road",
    "depot": "Nashik Road Depot",
    "locationConfidence": "verified",
    "locationSource": "NMPML (Citilinc) RTI reply 3120/2026, 17 Aug 2026"
   }
  },
  {
   "type": "Feature",
   "geometry": {
    "type": "Point",
    "coordinates": [
     73.78161,
     19.98164
    ]
   },
   "properties": {
    "Name": "Indiranagar Bogda",
    "depot": "Nashik Road Depot",
    "locationConfidence": "verified",
    "locationSource": "NMPML (Citilinc) RTI reply 3120/2026, 17 Aug 2026"
   }
  },
  {
   "type": "Feature",
   "geometry": {
    "type": "Point",
    "coordinates": [
     73.80626,
     20.01411
    ]
   },
   "properties": {
    "Name": "Trimurti Nagar (U)",
    "depot": "Nashik Road Depot",
    "side": "up",
    "locationConfidence": "verified",
    "locationSource": "NMPML (Citilinc) RTI reply 3120/2026, 17 Aug 2026"
   }
  },
  {
   "type": "Feature",
   "geometry": {
    "type": "Point",
    "coordinates": [
     73.79364,
     19.99154
    ]
   },
   "properties": {
    "Name": "Aayesha Nagar 1 (U)",
    "depot": "Nashik Road Depot",
    "side": "up",
    "locationConfidence": "verified",
    "locationSource": "NMPML (Citilinc) RTI reply 3120/2026, 17 Aug 2026"
   }
  },
  {
   "type": "Feature",
   "geometry": {
    "type": "Point",
    "coordinates": [
     73.90681,
     19.99702
    ]
   },
   "properties": {
    "Name": "Odha (D)",
    "depot": "Nashik Road Depot",
    "side": "down",
    "locationConfidence": "verified",
    "locationSource": "NMPML (Citilinc) RTI reply 3120/2026, 17 Aug 2026"
   }
  },
  {
   "type": "Feature",
   "geometry": {
    "type": "Point",
    "coordinates": [
     73.89693,
     19.98358
    ]
   },
   "properties": {
    "Name": "Indiranagar",
    "depot": "Nashik Road Depot",
    "locationConfidence": "verified",
    "locationSource": "NMPML (Citilinc) RTI reply 3120/2026, 17 Aug 2026"
   }
  },
  {
   "type": "Feature",
   "geometry": {
    "type": "Point",
    "coordinates": [
     73.77398,
     19.9847
    ]
   },
   "properties": {
    "Name": "Indigo Park (U)",
    "depot": "Nashik Road Depot",
    "side": "up",
    "locationConfidence": "verified",
    "locationSource": "NMPML (Citilinc) RTI reply 3120/2026, 17 Aug 2026"
   }
  },
  {
   "type": "Feature",
   "geometry": {
    "type": "Point",
    "coordinates": [
     73.77209,
     20.0089
    ]
   },
   "properties": {
    "Name": "Old Gangapur Naka",
    "depot": "Nashik Road Depot",
    "locationConfidence": "verified",
    "locationSource": "NMPML (Citilinc) RTI reply 3120/2026, 17 Aug 2026"
   }
  },
  {
   "type": "Feature",
   "geometry": {
    "type": "Point",
    "coordinates": [
     73.76801,
     19.97177
    ]
   },
   "properties": {
    "Name": "Audumber Nagar",
    "depot": "Nashik Road Depot",
    "locationConfidence": "verified",
    "locationSource": "NMPML (Citilinc) RTI reply 3120/2026, 17 Aug 2026"
   }
  },
  {
   "type": "Feature",
   "geometry": {
    "type": "Point",
    "coordinates": [
     73.73051,
     19.99604
    ]
   },
   "properties": {
    "Name": "Indian Tool (U)",
    "depot": "Tapovan Depot",
    "side": "up",
    "locationConfidence": "verified",
    "locationSource": "NMPML (Citilinc) RTI reply 3120/2026, 17 Aug 2026"
   }
  },
  {
   "type": "Feature",
   "geometry": {
    "type": "Point",
    "coordinates": [
     73.82232,
     19.97084
    ]
   },
   "properties": {
    "Name": "Ichhamani Mandir",
    "depot": "Nashik Road Depot",
    "locationConfidence": "verified",
    "locationSource": "NMPML (Citilinc) RTI reply 3120/2026, 17 Aug 2026"
   }
  },
  {
   "type": "Feature",
   "geometry": {
    "type": "Point",
    "coordinates": [
     74.00141,
     20.07846
    ]
   },
   "properties": {
    "Name": "Oney (U)",
    "depot": "Nashik Road Depot",
    "side": "up",
    "locationConfidence": "verified",
    "locationSource": "NMPML (Citilinc) RTI reply 3120/2026, 17 Aug 2026"
   }
  },
  {
   "type": "Feature",
   "geometry": {
    "type": "Point",
    "coordinates": [
     73.5327,
     19.93694
    ]
   },
   "properties": {
    "Name": "Trimbakeshwar (Police Station)",
    "depot": "Nashik Road Depot",
    "locationConfidence": "verified",
    "locationSource": "NMPML (Citilinc) RTI reply 3120/2026, 17 Aug 2026"
   }
  },
  {
   "type": "Feature",
   "geometry": {
    "type": "Point",
    "coordinates": [
     73.73402,
     19.99087
    ]
   },
   "properties": {
    "Name": "ESI Hospital (U)",
    "depot": "Nashik Road Depot",
    "side": "up",
    "locationConfidence": "verified",
    "locationSource": "NMPML (Citilinc) RTI reply 3120/2026, 17 Aug 2026"
   }
  },
  {
   "type": "Feature",
   "geometry": {
    "type": "Point",
    "coordinates": [
     73.77714,
     19.94265
    ]
   },
   "properties": {
    "Name": "Harianand City",
    "depot": "Nashik Road Depot",
    "locationConfidence": "verified",
    "locationSource": "NMPML (Citilinc) RTI reply 3120/2026, 17 Aug 2026"
   }
  },
  {
   "type": "Feature",
   "geometry": {
    "type": "Point",
    "coordinates": [
     73.82522,
     19.97328
    ]
   },
   "properties": {
    "Name": "Upnagar Colony (D)",
    "depot": "Nashik Road Depot",
    "side": "down",
    "locationConfidence": "verified",
    "locationSource": "NMPML (Citilinc) RTI reply 3120/2026, 17 Aug 2026"
   }
  },
  {
   "type": "Feature",
   "geometry": {
    "type": "Point",
    "coordinates": [
     73.81947,
     19.96807
    ]
   },
   "properties": {
    "Name": "Other Police Checkpoint",
    "depot": "Nashik Road Depot",
    "locationConfidence": "verified",
    "locationSource": "NMPML (Citilinc) RTI reply 3120/2026, 17 Aug 2026"
   }
  },
  {
   "type": "Feature",
   "geometry": {
    "type": "Point",
    "coordinates": [
     73.92776,
     20.09901
    ]
   },
   "properties": {
    "Name": "Ozar Airforce Gate",
    "depot": "Nashik Road Depot",
    "locationConfidence": "verified",
    "locationSource": "NMPML (Citilinc) RTI reply 3120/2026, 17 Aug 2026"
   }
  },
  {
   "type": "Feature",
   "geometry": {
    "type": "Point",
    "coordinates": [
     73.82495,
     19.95357
    ]
   },
   "properties": {
    "Name": "Tulja Bhawani Mandir (U)",
    "depot": "Nashik Road Depot",
    "side": "up",
    "locationConfidence": "verified",
    "locationSource": "NMPML (Citilinc) RTI reply 3120/2026, 17 Aug 2026"
   }
  },
  {
   "type": "Feature",
   "geometry": {
    "type": "Point",
    "coordinates": [
     73.76005,
     20.00679
    ]
   },
   "properties": {
    "Name": "HPT College (U)",
    "depot": "Nashik Road Depot",
    "side": "up",
    "locationConfidence": "verified",
    "locationSource": "NMPML (Citilinc) RTI reply 3120/2026, 17 Aug 2026"
   }
  },
  {
   "type": "Feature",
   "geometry": {
    "type": "Point",
    "coordinates": [
     73.92706,
     20.09645
    ]
   },
   "properties": {
    "Name": "Ozar Stand",
    "depot": "Nashik Road Depot",
    "locationConfidence": "verified",
    "locationSource": "NMPML (Citilinc) RTI reply 3120/2026, 17 Aug 2026"
   }
  },
  {
   "type": "Feature",
   "geometry": {
    "type": "Point",
    "coordinates": [
     73.75573,
     19.97447
    ]
   },
   "properties": {
    "Name": "Pavan Nagar (D)",
    "depot": "Tapovan Depot",
    "side": "down",
    "locationConfidence": "verified",
    "locationSource": "NMPML (Citilinc) RTI reply 3120/2026, 17 Aug 2026"
   }
  },
  {
   "type": "Feature",
   "geometry": {
    "type": "Point",
    "coordinates": [
     73.93177,
     19.99975
    ]
   },
   "properties": {
    "Name": "H.P. Petrol Pump (D)",
    "depot": "Nashik Road Depot",
    "side": "down",
    "locationConfidence": "verified",
    "locationSource": "NMPML (Citilinc) RTI reply 3120/2026, 17 Aug 2026"
   }
  },
  {
   "type": "Feature",
   "geometry": {
    "type": "Point",
    "coordinates": [
     73.80843,
     19.92889
    ]
   },
   "properties": {
    "Name": "Palade Mala",
    "depot": "Nashik Road Depot",
    "locationConfidence": "verified",
    "locationSource": "NMPML (Citilinc) RTI reply 3120/2026, 17 Aug 2026"
   }
  },
  {
   "type": "Feature",
   "geometry": {
    "type": "Point",
    "coordinates": [
     73.87664,
     19.92607
    ]
   },
   "properties": {
    "Name": "Palse (U)",
    "depot": "Tapovan Depot",
    "side": "up",
    "locationConfidence": "verified",
    "locationSource": "NMPML (Citilinc) RTI reply 3120/2026, 17 Aug 2026"
   }
  },
  {
   "type": "Feature",
   "geometry": {
    "type": "Point",
    "coordinates": [
     73.87643,
     19.92593
    ]
   },
   "properties": {
    "Name": "Palse (D)",
    "depot": "Tapovan Depot",
    "side": "down",
    "locationConfidence": "verified",
    "locationSource": "NMPML (Citilinc) RTI reply 3120/2026, 17 Aug 2026"
   }
  },
  {
   "type": "Feature",
   "geometry": {
    "type": "Point",
    "coordinates": [
     73.74743,
     19.98001
    ]
   },
   "properties": {
    "Name": "Wavare Nagar (U)",
    "depot": "Nashik Road Depot",
    "side": "up",
    "locationConfidence": "verified",
    "locationSource": "NMPML (Citilinc) RTI reply 3120/2026, 17 Aug 2026"
   }
  },
  {
   "type": "Feature",
   "geometry": {
    "type": "Point",
    "coordinates": [
     73.94508,
     19.87963
    ]
   },
   "properties": {
    "Name": "Hotel Sai Surya",
    "depot": "Nashik Road Depot",
    "locationConfidence": "verified",
    "locationSource": "NMPML (Citilinc) RTI reply 3120/2026, 17 Aug 2026"
   }
  },
  {
   "type": "Feature",
   "geometry": {
    "type": "Point",
    "coordinates": [
     73.75636,
     19.94634
    ]
   },
   "properties": {
    "Name": "Panchakarma Residence",
    "depot": "Nashik Road Depot",
    "locationConfidence": "verified",
    "locationSource": "NMPML (Citilinc) RTI reply 3120/2026, 17 Aug 2026"
   }
  },
  {
   "type": "Feature",
   "geometry": {
    "type": "Point",
    "coordinates": [
     73.7566,
     19.94426
    ]
   },
   "properties": {
    "Name": "Panchakarma Residency",
    "depot": "Nashik Road Depot",
    "locationConfidence": "verified",
    "locationSource": "NMPML (Citilinc) RTI reply 3120/2026, 17 Aug 2026"
   }
  },
  {
   "type": "Feature",
   "geometry": {
    "type": "Point",
    "coordinates": [
     73.80356,
     20.00511
    ]
   },
   "properties": {
    "Name": "Panchavati College",
    "depot": "Nashik Road Depot",
    "locationConfidence": "verified",
    "locationSource": "NMPML (Citilinc) RTI reply 3120/2026, 17 Aug 2026"
   }
  },
  {
   "type": "Feature",
   "geometry": {
    "type": "Point",
    "coordinates": [
     73.93729,
     20.10304
    ]
   },
   "properties": {
    "Name": "H.A.L. Gate",
    "depot": "Nashik Road Depot",
    "locationConfidence": "verified",
    "locationSource": "NMPML (Citilinc) RTI reply 3120/2026, 17 Aug 2026"
   }
  },
  {
   "type": "Feature",
   "geometry": {
    "type": "Point",
    "coordinates": [
     73.80458,
     20.00911
    ]
   },
   "properties": {
    "Name": "Panchavati Depot (U)",
    "depot": "Nashik Road Depot",
    "side": "up",
    "locationConfidence": "verified",
    "locationSource": "NMPML (Citilinc) RTI reply 3120/2026, 17 Aug 2026"
   }
  },
  {
   "type": "Feature",
   "geometry": {
    "type": "Point",
    "coordinates": [
     73.79463,
     20.00979
    ]
   },
   "properties": {
    "Name": "Panchavati Karanja 1 (U)",
    "depot": "Nashik Road Depot",
    "side": "up",
    "locationConfidence": "verified",
    "locationSource": "NMPML (Citilinc) RTI reply 3120/2026, 17 Aug 2026"
   }
  },
  {
   "type": "Feature",
   "geometry": {
    "type": "Point",
    "coordinates": [
     73.8113,
     20.03201
    ]
   },
   "properties": {
    "Name": "Audumber Lawns",
    "depot": "Nashik Road Depot",
    "locationConfidence": "verified",
    "locationSource": "NMPML (Citilinc) RTI reply 3120/2026, 17 Aug 2026"
   }
  },
  {
   "type": "Feature",
   "geometry": {
    "type": "Point",
    "coordinates": [
     73.81539,
     20.02252
    ]
   },
   "properties": {
    "Name": "Hirawadi Fata (U)",
    "depot": "Nashik Road Depot",
    "side": "up",
    "locationConfidence": "verified",
    "locationSource": "NMPML (Citilinc) RTI reply 3120/2026, 17 Aug 2026"
   }
  },
  {
   "type": "Feature",
   "geometry": {
    "type": "Point",
    "coordinates": [
     73.79376,
     20.01006
    ]
   },
   "properties": {
    "Name": "Panchavati Karanja (D)",
    "depot": "Nashik Road Depot",
    "side": "down",
    "locationConfidence": "verified",
    "locationSource": "NMPML (Citilinc) RTI reply 3120/2026, 17 Aug 2026"
   }
  },
  {
   "type": "Feature",
   "geometry": {
    "type": "Point",
    "coordinates": [
     73.7685,
     19.99458
    ]
   },
   "properties": {
    "Name": "Panchayat Samiti (U)",
    "depot": "Tapovan Depot",
    "side": "up",
    "locationConfidence": "verified",
    "locationSource": "NMPML (Citilinc) RTI reply 3120/2026, 17 Aug 2026"
   }
  },
  {
   "type": "Feature",
   "geometry": {
    "type": "Point",
    "coordinates": [
     73.8466,
     20.02387
    ]
   },
   "properties": {
    "Name": "Panchkrushan Lawns (U)",
    "depot": "Nashik Road Depot",
    "side": "up",
    "locationConfidence": "verified",
    "locationSource": "NMPML (Citilinc) RTI reply 3120/2026, 17 Aug 2026"
   }
  },
  {
   "type": "Feature",
   "geometry": {
    "type": "Point",
    "coordinates": [
     73.90826,
     19.92065
    ]
   },
   "properties": {
    "Name": "United Weigh Bridge",
    "depot": "Nashik Road Depot",
    "locationConfidence": "verified",
    "locationSource": "NMPML (Citilinc) RTI reply 3120/2026, 17 Aug 2026"
   }
  },
  {
   "type": "Feature",
   "geometry": {
    "type": "Point",
    "coordinates": [
     73.80922,
     20.01722
    ]
   },
   "properties": {
    "Name": "Hirawadi (U)",
    "depot": "Nashik Road Depot",
    "side": "up",
    "locationConfidence": "verified",
    "locationSource": "NMPML (Citilinc) RTI reply 3120/2026, 17 Aug 2026"
   }
  },
  {
   "type": "Feature",
   "geometry": {
    "type": "Point",
    "coordinates": [
     73.92494,
     19.9996
    ]
   },
   "properties": {
    "Name": "Hinganavedhe Phata Pune Bypass (D)",
    "depot": "Tapovan Depot",
    "side": "down",
    "locationConfidence": "verified",
    "locationSource": "NMPML (Citilinc) RTI reply 3120/2026, 17 Aug 2026"
   }
  },
  {
   "type": "Feature",
   "geometry": {
    "type": "Point",
    "coordinates": [
     73.84655,
     20.02406
    ]
   },
   "properties": {
    "Name": "Panchkrushan Lawns",
    "depot": "Nashik Road Depot",
    "locationConfidence": "verified",
    "locationSource": "NMPML (Citilinc) RTI reply 3120/2026, 17 Aug 2026"
   }
  },
  {
   "type": "Feature",
   "geometry": {
    "type": "Point",
    "coordinates": [
     73.7601,
     19.98825
    ]
   },
   "properties": {
    "Name": "Untwadi (U)",
    "depot": "Tapovan Depot",
    "side": "up",
    "locationConfidence": "verified",
    "locationSource": "NMPML (Citilinc) RTI reply 3120/2026, 17 Aug 2026"
   }
  },
  {
   "type": "Feature",
   "geometry": {
    "type": "Point",
    "coordinates": [
     73.92597,
     19.97322
    ]
   },
   "properties": {
    "Name": "Hinganweda",
    "depot": "Nashik Road Depot",
    "locationConfidence": "verified",
    "locationSource": "NMPML (Citilinc) RTI reply 3120/2026, 17 Aug 2026"
   }
  },
  {
   "type": "Feature",
   "geometry": {
    "type": "Point",
    "coordinates": [
     73.90054,
     20.03788
    ]
   },
   "properties": {
    "Name": "Hindustan Nagar",
    "depot": "Nashik Road Depot",
    "locationConfidence": "verified",
    "locationSource": "NMPML (Citilinc) RTI reply 3120/2026, 17 Aug 2026"
   }
  },
  {
   "type": "Feature",
   "geometry": {
    "type": "Point",
    "coordinates": [
     73.80583,
     20.00946
    ]
   },
   "properties": {
    "Name": "Panchavati Depot Corner (D)",
    "depot": "Nashik Road Depot",
    "side": "down",
    "locationConfidence": "verified",
    "locationSource": "NMPML (Citilinc) RTI reply 3120/2026, 17 Aug 2026"
   }
  },
  {
   "type": "Feature",
   "geometry": {
    "type": "Point",
    "coordinates": [
     73.81897,
     19.96869
    ]
   },
   "properties": {
    "Name": "Upnagar (U)",
    "depot": "Nashik Road Depot",
    "side": "up",
    "locationConfidence": "verified",
    "locationSource": "NMPML (Citilinc) RTI reply 3120/2026, 17 Aug 2026"
   }
  },
  {
   "type": "Feature",
   "geometry": {
    "type": "Point",
    "coordinates": [
     73.69025,
     19.9659
    ]
   },
   "properties": {
    "Name": "Prathamik Arogya Kendra / Belgoan Dhaga",
    "depot": "Nashik Road Depot",
    "locationConfidence": "verified",
    "locationSource": "NMPML (Citilinc) RTI reply 3120/2026, 17 Aug 2026"
   }
  },
  {
   "type": "Feature",
   "geometry": {
    "type": "Point",
    "coordinates": [
     73.80553,
     20.00921
    ]
   },
   "properties": {
    "Name": "Panchavati Depot Corner (U)",
    "depot": "Tapovan Depot",
    "side": "up",
    "locationConfidence": "verified",
    "locationSource": "NMPML (Citilinc) RTI reply 3120/2026, 17 Aug 2026"
   }
  },
  {
   "type": "Feature",
   "geometry": {
    "type": "Point",
    "coordinates": [
     73.74693,
     19.94615
    ]
   },
   "properties": {
    "Name": "Falke Smarak (U)",
    "depot": "Nashik Road Depot",
    "side": "up",
    "locationConfidence": "verified",
    "locationSource": "NMPML (Citilinc) RTI reply 3120/2026, 17 Aug 2026"
   }
  },
  {
   "type": "Feature",
   "geometry": {
    "type": "Point",
    "coordinates": [
     73.83131,
     20.019
    ]
   },
   "properties": {
    "Name": "Hanuman Nagar (D)",
    "depot": "Nashik Road Depot",
    "side": "down",
    "locationConfidence": "verified",
    "locationSource": "NMPML (Citilinc) RTI reply 3120/2026, 17 Aug 2026"
   }
  },
  {
   "type": "Feature",
   "geometry": {
    "type": "Point",
    "coordinates": [
     73.74451,
     19.94405
    ]
   },
   "properties": {
    "Name": "Garware (Ambad Road) (U)",
    "depot": "Nashik Road Depot",
    "side": "up",
    "locationConfidence": "verified",
    "locationSource": "NMPML (Citilinc) RTI reply 3120/2026, 17 Aug 2026"
   }
  },
  {
   "type": "Feature",
   "geometry": {
    "type": "Point",
    "coordinates": [
     73.77791,
     19.96047
    ]
   },
   "properties": {
    "Name": "Pandav Nagari (U)",
    "depot": "Nashik Road Depot",
    "side": "up",
    "locationConfidence": "verified",
    "locationSource": "NMPML (Citilinc) RTI reply 3120/2026, 17 Aug 2026"
   }
  },
  {
   "type": "Feature",
   "geometry": {
    "type": "Point",
    "coordinates": [
     73.76251,
     19.94963
    ]
   },
   "properties": {
    "Name": "Pandurang Chowk (U)",
    "depot": "Nashik Road Depot",
    "side": "up",
    "locationConfidence": "verified",
    "locationSource": "NMPML (Citilinc) RTI reply 3120/2026, 17 Aug 2026"
   }
  },
  {
   "type": "Feature",
   "geometry": {
    "type": "Point",
    "coordinates": [
     73.83149,
     20.01988
    ]
   },
   "properties": {
    "Name": "Hanuman Nagar (Mhasrul Rd)",
    "depot": "Nashik Road Depot",
    "locationConfidence": "verified",
    "locationSource": "NMPML (Citilinc) RTI reply 3120/2026, 17 Aug 2026"
   }
  },
  {
   "type": "Feature",
   "geometry": {
    "type": "Point",
    "coordinates": [
     73.75355,
     19.96487
    ]
   },
   "properties": {
    "Name": "Atul Dairy (U)",
    "depot": "Tapovan Depot",
    "side": "up",
    "locationConfidence": "verified",
    "locationSource": "NMPML (Citilinc) RTI reply 3120/2026, 17 Aug 2026"
   }
  },
  {
   "type": "Feature",
   "geometry": {
    "type": "Point",
    "coordinates": [
     73.96581,
     20.04891
    ]
   },
   "properties": {
    "Name": "Hanuman Nagar (Kherwadi Rd)",
    "depot": "Nashik Road Depot",
    "locationConfidence": "verified",
    "locationSource": "NMPML (Citilinc) RTI reply 3120/2026, 17 Aug 2026"
   }
  },
  {
   "type": "Feature",
   "geometry": {
    "type": "Point",
    "coordinates": [
     73.7538,
     20.00076
    ]
   },
   "properties": {
    "Name": "Pani Tanki",
    "depot": "Nashik Road Depot",
    "locationConfidence": "verified",
    "locationSource": "NMPML (Citilinc) RTI reply 3120/2026, 17 Aug 2026"
   }
  },
  {
   "type": "Feature",
   "geometry": {
    "type": "Point",
    "coordinates": [
     73.73062,
     20.0005
    ]
   },
   "properties": {
    "Name": "Paper Machine",
    "depot": "Nashik Road Depot",
    "locationConfidence": "verified",
    "locationSource": "NMPML (Citilinc) RTI reply 3120/2026, 17 Aug 2026"
   }
  },
  {
   "type": "Feature",
   "geometry": {
    "type": "Point",
    "coordinates": [
     73.68636,
     19.97186
    ]
   },
   "properties": {
    "Name": "Parekh Farm",
    "depot": "Nashik Road Depot",
    "locationConfidence": "verified",
    "locationSource": "NMPML (Citilinc) RTI reply 3120/2026, 17 Aug 2026"
   }
  },
  {
   "type": "Feature",
   "geometry": {
    "type": "Point",
    "coordinates": [
     73.83172,
     20.01896
    ]
   },
   "properties": {
    "Name": "Hanuman Nagar 1",
    "depot": "Nashik Road Depot",
    "locationConfidence": "verified",
    "locationSource": "NMPML (Citilinc) RTI reply 3120/2026, 17 Aug 2026"
   }
  },
  {
   "type": "Feature",
   "geometry": {
    "type": "Point",
    "coordinates": [
     73.89226,
     20.06353
    ]
   },
   "properties": {
    "Name": "Wear House / Kaliya Company",
    "depot": "Nashik Road Depot",
    "locationConfidence": "verified",
    "locationSource": "NMPML (Citilinc) RTI reply 3120/2026, 17 Aug 2026"
   }
  },
  {
   "type": "Feature",
   "geometry": {
    "type": "Point",
    "coordinates": [
     73.76878,
     19.99347
    ]
   },
   "properties": {
    "Name": "Dakshin Mukhi Hanuman Mandir (D)",
    "depot": "Tapovan Depot",
    "side": "down",
    "locationConfidence": "verified",
    "locationSource": "NMPML (Citilinc) RTI reply 3120/2026, 17 Aug 2026"
   }
  },
  {
   "type": "Feature",
   "geometry": {
    "type": "Point",
    "coordinates": [
     73.75449,
     20.00306
    ]
   },
   "properties": {
    "Name": "Parijat Nagar (U)",
    "depot": "Tapovan Depot",
    "side": "up",
    "locationConfidence": "verified",
    "locationSource": "NMPML (Citilinc) RTI reply 3120/2026, 17 Aug 2026"
   }
  },
  {
   "type": "Feature",
   "geometry": {
    "type": "Point",
    "coordinates": [
     73.76856,
     19.95197
    ]
   },
   "properties": {
    "Name": "Dyaneshwar Nagar (U)",
    "depot": "Nashik Road Depot",
    "side": "up",
    "locationConfidence": "verified",
    "locationSource": "NMPML (Citilinc) RTI reply 3120/2026, 17 Aug 2026"
   }
  },
  {
   "type": "Feature",
   "geometry": {
    "type": "Point",
    "coordinates": [
     73.76084,
     19.95915
    ]
   },
   "properties": {
    "Name": "Ashwin Nagar (D)",
    "depot": "Nashik Road Depot",
    "side": "down",
    "locationConfidence": "verified",
    "locationSource": "NMPML (Citilinc) RTI reply 3120/2026, 17 Aug 2026"
   }
  },
  {
   "type": "Feature",
   "geometry": {
    "type": "Point",
    "coordinates": [
     73.77725,
     19.95884
    ]
   },
   "properties": {
    "Name": "Guru Govindsingh College (D)",
    "depot": "Nashik Road Depot",
    "side": "down",
    "locationConfidence": "verified",
    "locationSource": "NMPML (Citilinc) RTI reply 3120/2026, 17 Aug 2026"
   }
  },
  {
   "type": "Feature",
   "geometry": {
    "type": "Point",
    "coordinates": [
     73.83205,
     20.01613
    ]
   },
   "properties": {
    "Name": "Park Side (Hanuman Nagar)",
    "depot": "Nashik Road Depot",
    "locationConfidence": "verified",
    "locationSource": "NMPML (Citilinc) RTI reply 3120/2026, 17 Aug 2026"
   }
  },
  {
   "type": "Feature",
   "geometry": {
    "type": "Point",
    "coordinates": [
     73.8319,
     20.01648
    ]
   },
   "properties": {
    "Name": "Park Side Aurangabad Road",
    "depot": "Nashik Road Depot",
    "locationConfidence": "verified",
    "locationSource": "NMPML (Citilinc) RTI reply 3120/2026, 17 Aug 2026"
   }
  },
  {
   "type": "Feature",
   "geometry": {
    "type": "Point",
    "coordinates": [
     73.77554,
     19.95215
    ]
   },
   "properties": {
    "Name": "Park Side (D)",
    "depot": "Nashik Road Depot",
    "side": "down",
    "locationConfidence": "verified",
    "locationSource": "NMPML (Citilinc) RTI reply 3120/2026, 17 Aug 2026"
   }
  },
  {
   "type": "Feature",
   "geometry": {
    "type": "Point",
    "coordinates": [
     73.75385,
     19.96364
    ]
   },
   "properties": {
    "Name": "Upendra Nagar (U)",
    "depot": "Tapovan Depot",
    "side": "up",
    "locationConfidence": "verified",
    "locationSource": "NMPML (Citilinc) RTI reply 3120/2026, 17 Aug 2026"
   }
  },
  {
   "type": "Feature",
   "geometry": {
    "type": "Point",
    "coordinates": [
     73.87137,
     19.92824
    ]
   },
   "properties": {
    "Name": "Gupta Hospital",
    "depot": "Nashik Road Depot",
    "locationConfidence": "verified",
    "locationSource": "NMPML (Citilinc) RTI reply 3120/2026, 17 Aug 2026"
   }
  },
  {
   "type": "Feature",
   "geometry": {
    "type": "Point",
    "coordinates": [
     73.69762,
     20.02568
    ]
   },
   "properties": {
    "Name": "Canol (Mukt Vidyapeeth)",
    "depot": "Nashik Road Depot",
    "locationConfidence": "verified",
    "locationSource": "NMPML (Citilinc) RTI reply 3120/2026, 17 Aug 2026"
   }
  },
  {
   "type": "Feature",
   "geometry": {
    "type": "Point",
    "coordinates": [
     73.98941,
     19.84773
    ]
   },
   "properties": {
    "Name": "Paste Phata (Aadva Phata) (U)",
    "depot": "Nashik Road Depot",
    "side": "up",
    "locationConfidence": "verified",
    "locationSource": "NMPML (Citilinc) RTI reply 3120/2026, 17 Aug 2026"
   }
  },
  {
   "type": "Feature",
   "geometry": {
    "type": "Point",
    "coordinates": [
     73.69933,
     19.90264
    ]
   },
   "properties": {
    "Name": "AMRO College (D)",
    "depot": "Nashik Road Depot",
    "side": "down",
    "locationConfidence": "verified",
    "locationSource": "NMPML (Citilinc) RTI reply 3120/2026, 17 Aug 2026"
   }
  },
  {
   "type": "Feature",
   "geometry": {
    "type": "Point",
    "coordinates": [
     73.75926,
     19.95714
    ]
   },
   "properties": {
    "Name": "Pathardi Phata 2 (U)",
    "depot": "Nashik Road Depot",
    "side": "up",
    "locationConfidence": "verified",
    "locationSource": "NMPML (Citilinc) RTI reply 3120/2026, 17 Aug 2026"
   }
  },
  {
   "type": "Feature",
   "geometry": {
    "type": "Point",
    "coordinates": [
     73.8152,
     19.99002
    ]
   },
   "properties": {
    "Name": "Urdu Shalaa",
    "depot": "Nashik Road Depot",
    "locationConfidence": "verified",
    "locationSource": "NMPML (Citilinc) RTI reply 3120/2026, 17 Aug 2026"
   }
  },
  {
   "type": "Feature",
   "geometry": {
    "type": "Point",
    "coordinates": [
     73.78174,
     19.98228
    ]
   },
   "properties": {
    "Name": "Govind Nagar (U)",
    "depot": "Tapovan Depot",
    "side": "up",
    "locationConfidence": "verified",
    "locationSource": "NMPML (Citilinc) RTI reply 3120/2026, 17 Aug 2026"
   }
  },
  {
   "type": "Feature",
   "geometry": {
    "type": "Point",
    "coordinates": [
     73.86211,
     19.95143
    ]
   },
   "properties": {
    "Name": "Government Polytechnic",
    "depot": "Nashik Road Depot",
    "locationConfidence": "verified",
    "locationSource": "NMPML (Citilinc) RTI reply 3120/2026, 17 Aug 2026"
   }
  },
  {
   "type": "Feature",
   "geometry": {
    "type": "Point",
    "coordinates": [
     73.77484,
     19.94426
    ]
   },
   "properties": {
    "Name": "Pathardi Gaon (U)",
    "depot": "Nashik Road Depot",
    "side": "up",
    "locationConfidence": "verified",
    "locationSource": "NMPML (Citilinc) RTI reply 3120/2026, 17 Aug 2026"
   }
  },
  {
   "type": "Feature",
   "geometry": {
    "type": "Point",
    "coordinates": [
     73.79699,
     19.98988
    ]
   },
   "properties": {
    "Name": "Usmaniya Chowk",
    "depot": "Nashik Road Depot",
    "locationConfidence": "verified",
    "locationSource": "NMPML (Citilinc) RTI reply 3120/2026, 17 Aug 2026"
   }
  },
  {
   "type": "Feature",
   "geometry": {
    "type": "Point",
    "coordinates": [
     73.71216,
     20.02965
    ]
   },
   "properties": {
    "Name": "Govardhan",
    "depot": "Nashik Road Depot",
    "locationConfidence": "verified",
    "locationSource": "NMPML (Citilinc) RTI reply 3120/2026, 17 Aug 2026"
   }
  },
  {
   "type": "Feature",
   "geometry": {
    "type": "Point",
    "coordinates": [
     73.85911,
     19.99944
    ]
   },
   "properties": {
    "Name": "Kaman (No. 6 Chari) (U)",
    "depot": "Nashik Road Depot",
    "side": "up",
    "locationConfidence": "verified",
    "locationSource": "NMPML (Citilinc) RTI reply 3120/2026, 17 Aug 2026"
   }
  },
  {
   "type": "Feature",
   "geometry": {
    "type": "Point",
    "coordinates": [
     73.99561,
     19.84238
    ]
   },
   "properties": {
    "Name": "Goti Phata",
    "depot": "Nashik Road Depot",
    "locationConfidence": "verified",
    "locationSource": "NMPML (Citilinc) RTI reply 3120/2026, 17 Aug 2026"
   }
  },
  {
   "type": "Feature",
   "geometry": {
    "type": "Point",
    "coordinates": [
     73.75857,
     19.95724
    ]
   },
   "properties": {
    "Name": "Pathardi Phata (D)",
    "depot": "Nashik Road Depot",
    "side": "down",
    "locationConfidence": "verified",
    "locationSource": "NMPML (Citilinc) RTI reply 3120/2026, 17 Aug 2026"
   }
  },
  {
   "type": "Feature",
   "geometry": {
    "type": "Point",
    "coordinates": [
     73.79762,
     19.99013
    ]
   },
   "properties": {
    "Name": "Gopal Temple",
    "depot": "Nashik Road Depot",
    "locationConfidence": "verified",
    "locationSource": "NMPML (Citilinc) RTI reply 3120/2026, 17 Aug 2026"
   }
  },
  {
   "type": "Feature",
   "geometry": {
    "type": "Point",
    "coordinates": [
     73.782,
     20.006
    ]
   },
   "properties": {
    "Name": "Ashok Stambh / Gole Colony",
    "depot": "Nashik Road Depot",
    "locationConfidence": "verified",
    "locationSource": "NMPML (Citilinc) RTI reply 3120/2026, 17 Aug 2026"
   }
  },
  {
   "type": "Feature",
   "geometry": {
    "type": "Point",
    "coordinates": [
     73.81124,
     19.93137
    ]
   },
   "properties": {
    "Name": "Govind City",
    "depot": "Nashik Road Depot",
    "locationConfidence": "verified",
    "locationSource": "NMPML (Citilinc) RTI reply 3120/2026, 17 Aug 2026"
   }
  },
  {
   "type": "Feature",
   "geometry": {
    "type": "Point",
    "coordinates": [
     73.65186,
     19.85011
    ]
   },
   "properties": {
    "Name": "Mate Mala",
    "depot": "Nashik Road Depot",
    "locationConfidence": "verified",
    "locationSource": "NMPML (Citilinc) RTI reply 3120/2026, 17 Aug 2026"
   }
  },
  {
   "type": "Feature",
   "geometry": {
    "type": "Point",
    "coordinates": [
     73.75475,
     19.97422
    ]
   },
   "properties": {
    "Name": "Pavan Nagar (U)",
    "depot": "Tapovan Depot",
    "side": "up",
    "locationConfidence": "verified",
    "locationSource": "NMPML (Citilinc) RTI reply 3120/2026, 17 Aug 2026"
   }
  },
  {
   "type": "Feature",
   "geometry": {
    "type": "Point",
    "coordinates": [
     73.55122,
     19.9448
    ]
   },
   "properties": {
    "Name": "Tale / Pahine Phata (U)",
    "depot": "Nashik Road Depot",
    "side": "up",
    "locationConfidence": "verified",
    "locationSource": "NMPML (Citilinc) RTI reply 3120/2026, 17 Aug 2026"
   }
  },
  {
   "type": "Feature",
   "geometry": {
    "type": "Point",
    "coordinates": [
     73.73858,
     19.94923
    ]
   },
   "properties": {
    "Name": "Glaxo Company (U)",
    "depot": "Nashik Road Depot",
    "side": "up",
    "locationConfidence": "verified",
    "locationSource": "NMPML (Citilinc) RTI reply 3120/2026, 17 Aug 2026"
   }
  },
  {
   "type": "Feature",
   "geometry": {
    "type": "Point",
    "coordinates": [
     73.93529,
     19.93028
    ]
   },
   "properties": {
    "Name": "Gite Mala",
    "depot": "Nashik Road Depot",
    "locationConfidence": "verified",
    "locationSource": "NMPML (Citilinc) RTI reply 3120/2026, 17 Aug 2026"
   }
  },
  {
   "type": "Feature",
   "geometry": {
    "type": "Point",
    "coordinates": [
     73.55117,
     19.94492
    ]
   },
   "properties": {
    "Name": "Tale / Pahine Phata (D)",
    "depot": "Nashik Road Depot",
    "side": "down",
    "locationConfidence": "verified",
    "locationSource": "NMPML (Citilinc) RTI reply 3120/2026, 17 Aug 2026"
   }
  },
  {
   "type": "Feature",
   "geometry": {
    "type": "Point",
    "coordinates": [
     73.81752,
     19.98766
    ]
   },
   "properties": {
    "Name": "Takali Goan",
    "depot": "Nashik Road Depot",
    "locationConfidence": "verified",
    "locationSource": "NMPML (Citilinc) RTI reply 3120/2026, 17 Aug 2026"
   }
  },
  {
   "type": "Feature",
   "geometry": {
    "type": "Point",
    "coordinates": [
     73.78434,
     20.00605
    ]
   },
   "properties": {
    "Name": "Ashokstambh (D)",
    "depot": "Tapovan Depot",
    "side": "down",
    "locationConfidence": "verified",
    "locationSource": "NMPML (Citilinc) RTI reply 3120/2026, 17 Aug 2026"
   }
  },
  {
   "type": "Feature",
   "geometry": {
    "type": "Point",
    "coordinates": [
     73.66347,
     20.0714
    ]
   },
   "properties": {
    "Name": "Girnare",
    "depot": "Nashik Road Depot",
    "locationConfidence": "verified",
    "locationSource": "NMPML (Citilinc) RTI reply 3120/2026, 17 Aug 2026"
   }
  },
  {
   "type": "Feature",
   "geometry": {
    "type": "Point",
    "coordinates": [
     73.74052,
     20.00312
    ]
   },
   "properties": {
    "Name": "Perfect Circle",
    "depot": "Nashik Road Depot",
    "locationConfidence": "verified",
    "locationSource": "NMPML (Citilinc) RTI reply 3120/2026, 17 Aug 2026"
   }
  },
  {
   "type": "Feature",
   "geometry": {
    "type": "Point",
    "coordinates": [
     73.75379,
     19.96998
    ]
   },
   "properties": {
    "Name": "Uttam Nagar (U)",
    "depot": "Tapovan Depot",
    "side": "up",
    "locationConfidence": "verified",
    "locationSource": "NMPML (Citilinc) RTI reply 3120/2026, 17 Aug 2026"
   }
  },
  {
   "type": "Feature",
   "geometry": {
    "type": "Point",
    "coordinates": [
     73.83852,
     19.95869
    ]
   },
   "properties": {
    "Name": "GymKhana Road (Kanya Vidhyalai) (U)",
    "depot": "Nashik Road Depot",
    "side": "up",
    "locationConfidence": "verified",
    "locationSource": "NMPML (Citilinc) RTI reply 3120/2026, 17 Aug 2026"
   }
  },
  {
   "type": "Feature",
   "geometry": {
    "type": "Point",
    "coordinates": [
     73.75089,
     19.97735
    ]
   },
   "properties": {
    "Name": "Abhiyanta Nagar (U)",
    "depot": "Tapovan Depot",
    "side": "up",
    "locationConfidence": "verified",
    "locationSource": "NMPML (Citilinc) RTI reply 3120/2026, 17 Aug 2026"
   }
  },
  {
   "type": "Feature",
   "geometry": {
    "type": "Point",
    "coordinates": [
     73.66491,
     19.92015
    ]
   },
   "properties": {
    "Name": "Gholap Mala",
    "depot": "Nashik Road Depot",
    "locationConfidence": "verified",
    "locationSource": "NMPML (Citilinc) RTI reply 3120/2026, 17 Aug 2026"
   }
  },
  {
   "type": "Feature",
   "geometry": {
    "type": "Point",
    "coordinates": [
     73.793,
     20.01309
    ]
   },
   "properties": {
    "Name": "Peth Fata",
    "depot": "Nashik Road Depot",
    "locationConfidence": "verified",
    "locationSource": "NMPML (Citilinc) RTI reply 3120/2026, 17 Aug 2026"
   }
  },
  {
   "type": "Feature",
   "geometry": {
    "type": "Point",
    "coordinates": [
     73.71772,
     19.94624
    ]
   },
   "properties": {
    "Name": "Gharkul Shivar",
    "depot": "Nashik Road Depot",
    "locationConfidence": "verified",
    "locationSource": "NMPML (Citilinc) RTI reply 3120/2026, 17 Aug 2026"
   }
  },
  {
   "type": "Feature",
   "geometry": {
    "type": "Point",
    "coordinates": [
     73.71909,
     19.98863
    ]
   },
   "properties": {
    "Name": "Savarkar Nagar (D)",
    "depot": "Tapovan Depot",
    "side": "down",
    "locationConfidence": "verified",
    "locationSource": "NMPML (Citilinc) RTI reply 3120/2026, 17 Aug 2026"
   }
  },
  {
   "type": "Feature",
   "geometry": {
    "type": "Point",
    "coordinates": [
     73.6716,
     20.07082
    ]
   },
   "properties": {
    "Name": "Gayatri Traders",
    "depot": "Nashik Road Depot",
    "locationConfidence": "verified",
    "locationSource": "NMPML (Citilinc) RTI reply 3120/2026, 17 Aug 2026"
   }
  },
  {
   "type": "Feature",
   "geometry": {
    "type": "Point",
    "coordinates": [
     73.74944,
     19.98974
    ]
   },
   "properties": {
    "Name": "P. F. Office",
    "depot": "Nashik Road Depot",
    "locationConfidence": "verified",
    "locationSource": "NMPML (Citilinc) RTI reply 3120/2026, 17 Aug 2026"
   }
  },
  {
   "type": "Feature",
   "geometry": {
    "type": "Point",
    "coordinates": [
     73.82413,
     19.95757
    ]
   },
   "properties": {
    "Name": "Gaikwad Mala (U)",
    "depot": "Tapovan Depot",
    "side": "up",
    "locationConfidence": "verified",
    "locationSource": "NMPML (Citilinc) RTI reply 3120/2026, 17 Aug 2026"
   }
  },
  {
   "type": "Feature",
   "geometry": {
    "type": "Point",
    "coordinates": [
     73.75343,
     19.96758
    ]
   },
   "properties": {
    "Name": "Gauri Shankar Mangal Karyalaya (U)",
    "depot": "Tapovan Depot",
    "side": "up",
    "locationConfidence": "verified",
    "locationSource": "NMPML (Citilinc) RTI reply 3120/2026, 17 Aug 2026"
   }
  },
  {
   "type": "Feature",
   "geometry": {
    "type": "Point",
    "coordinates": [
     73.86786,
     19.92977
    ]
   },
   "properties": {
    "Name": "Phule Nagar",
    "depot": "Nashik Road Depot",
    "locationConfidence": "verified",
    "locationSource": "NMPML (Citilinc) RTI reply 3120/2026, 17 Aug 2026"
   }
  },
  {
   "type": "Feature",
   "geometry": {
    "type": "Point",
    "coordinates": [
     73.86742,
     19.92998
    ]
   },
   "properties": {
    "Name": "Phule Nagar Nashik Road",
    "depot": "Nashik Road Depot",
    "locationConfidence": "verified",
    "locationSource": "NMPML (Citilinc) RTI reply 3120/2026, 17 Aug 2026"
   }
  },
  {
   "type": "Feature",
   "geometry": {
    "type": "Point",
    "coordinates": [
     73.79424,
     20.02053
    ]
   },
   "properties": {
    "Name": "Phule Nagar D (Peth Rd)",
    "depot": "Nashik Road Depot",
    "locationConfidence": "verified",
    "locationSource": "NMPML (Citilinc) RTI reply 3120/2026, 17 Aug 2026"
   }
  },
  {
   "type": "Feature",
   "geometry": {
    "type": "Point",
    "coordinates": [
     73.73585,
     19.93677
    ]
   },
   "properties": {
    "Name": "Gaulane Fata (D)",
    "depot": "Nashik Road Depot",
    "side": "down",
    "locationConfidence": "verified",
    "locationSource": "NMPML (Citilinc) RTI reply 3120/2026, 17 Aug 2026"
   }
  },
  {
   "type": "Feature",
   "geometry": {
    "type": "Point",
    "coordinates": [
     73.79412,
     20.02055
    ]
   },
   "properties": {
    "Name": "Phule Nagar (Peth Rd)",
    "depot": "Nashik Road Depot",
    "locationConfidence": "verified",
    "locationSource": "NMPML (Citilinc) RTI reply 3120/2026, 17 Aug 2026"
   }
  },
  {
   "type": "Feature",
   "geometry": {
    "type": "Point",
    "coordinates": [
     73.86467,
     19.93147
    ]
   },
   "properties": {
    "Name": "Ram Mandir",
    "depot": "Nashik Road Depot",
    "locationConfidence": "verified",
    "locationSource": "NMPML (Citilinc) RTI reply 3120/2026, 17 Aug 2026"
   }
  },
  {
   "type": "Feature",
   "geometry": {
    "type": "Point",
    "coordinates": [
     73.79608,
     19.98092
    ]
   },
   "properties": {
    "Name": "Ashoka School",
    "depot": "Nashik Road Depot",
    "locationConfidence": "verified",
    "locationSource": "NMPML (Citilinc) RTI reply 3120/2026, 17 Aug 2026"
   }
  },
  {
   "type": "Feature",
   "geometry": {
    "type": "Point",
    "coordinates": [
     73.88991,
     20.06125
    ]
   },
   "properties": {
    "Name": "Garware (Ozar Road)",
    "depot": "Nashik Road Depot",
    "locationConfidence": "verified",
    "locationSource": "NMPML (Citilinc) RTI reply 3120/2026, 17 Aug 2026"
   }
  },
  {
   "type": "Feature",
   "geometry": {
    "type": "Point",
    "coordinates": [
     73.67537,
     19.92102
    ]
   },
   "properties": {
    "Name": "Pimpalad",
    "depot": "Nashik Road Depot",
    "locationConfidence": "verified",
    "locationSource": "NMPML (Citilinc) RTI reply 3120/2026, 17 Aug 2026"
   }
  },
  {
   "type": "Feature",
   "geometry": {
    "type": "Point",
    "coordinates": [
     73.79932,
     19.96838
    ]
   },
   "properties": {
    "Name": "Vadala Chowk (D)",
    "depot": "Nashik Road Depot",
    "side": "down",
    "locationConfidence": "verified",
    "locationSource": "NMPML (Citilinc) RTI reply 3120/2026, 17 Aug 2026"
   }
  },
  {
   "type": "Feature",
   "geometry": {
    "type": "Point",
    "coordinates": [
     73.74389,
     19.94326
    ]
   },
   "properties": {
    "Name": "Garware (U)",
    "depot": "Nashik Road Depot",
    "side": "up",
    "locationConfidence": "verified",
    "locationSource": "NMPML (Citilinc) RTI reply 3120/2026, 17 Aug 2026"
   }
  },
  {
   "type": "Feature",
   "geometry": {
    "type": "Point",
    "coordinates": [
     73.71089,
     19.98036
    ]
   },
   "properties": {
    "Name": "Pimpalgaon Bahula (U)",
    "depot": "Nashik Road Depot",
    "side": "up",
    "locationConfidence": "verified",
    "locationSource": "NMPML (Citilinc) RTI reply 3120/2026, 17 Aug 2026"
   }
  },
  {
   "type": "Feature",
   "geometry": {
    "type": "Point",
    "coordinates": [
     73.66855,
     19.91949
    ]
   },
   "properties": {
    "Name": "Garjai Mata",
    "depot": "Nashik Road Depot",
    "locationConfidence": "verified",
    "locationSource": "NMPML (Citilinc) RTI reply 3120/2026, 17 Aug 2026"
   }
  },
  {
   "type": "Feature",
   "geometry": {
    "type": "Point",
    "coordinates": [
     73.718,
     19.96759
    ]
   },
   "properties": {
    "Name": "Mhada / Ashirwad Nagar",
    "depot": "Nashik Road Depot",
    "locationConfidence": "verified",
    "locationSource": "NMPML (Citilinc) RTI reply 3120/2026, 17 Aug 2026"
   }
  },
  {
   "type": "Feature",
   "geometry": {
    "type": "Point",
    "coordinates": [
     73.80429,
     19.96865
    ]
   },
   "properties": {
    "Name": "Ganapati Mandir (D)",
    "depot": "Nashik Road Depot",
    "side": "down",
    "locationConfidence": "verified",
    "locationSource": "NMPML (Citilinc) RTI reply 3120/2026, 17 Aug 2026"
   }
  },
  {
   "type": "Feature",
   "geometry": {
    "type": "Point",
    "coordinates": [
     73.7111,
     19.98068
    ]
   },
   "properties": {
    "Name": "Pimpalgaon Bahula",
    "depot": "Nashik Road Depot",
    "locationConfidence": "verified",
    "locationSource": "NMPML (Citilinc) RTI reply 3120/2026, 17 Aug 2026"
   }
  },
  {
   "type": "Feature",
   "geometry": {
    "type": "Point",
    "coordinates": [
     73.79006,
     19.92811
    ]
   },
   "properties": {
    "Name": "Pimpalgaon Khamb",
    "depot": "Nashik Road Depot",
    "locationConfidence": "verified",
    "locationSource": "NMPML (Citilinc) RTI reply 3120/2026, 17 Aug 2026"
   }
  },
  {
   "type": "Feature",
   "geometry": {
    "type": "Point",
    "coordinates": [
     73.78933,
     19.94242
    ]
   },
   "properties": {
    "Name": "Pimpalgaon Khamb Phata",
    "depot": "Nashik Road Depot",
    "locationConfidence": "verified",
    "locationSource": "NMPML (Citilinc) RTI reply 3120/2026, 17 Aug 2026"
   }
  },
  {
   "type": "Feature",
   "geometry": {
    "type": "Point",
    "coordinates": [
     73.78807,
     19.99598
    ]
   },
   "properties": {
    "Name": "Ganjmal (U)",
    "depot": "Nashik Road Depot",
    "side": "up",
    "locationConfidence": "verified",
    "locationSource": "NMPML (Citilinc) RTI reply 3120/2026, 17 Aug 2026"
   }
  },
  {
   "type": "Feature",
   "geometry": {
    "type": "Point",
    "coordinates": [
     73.92842,
     20.04242
    ]
   },
   "properties": {
    "Name": "Sayyad Pimpri Stand (D)",
    "depot": "Nashik Road Depot",
    "side": "down",
    "locationConfidence": "verified",
    "locationSource": "NMPML (Citilinc) RTI reply 3120/2026, 17 Aug 2026"
   }
  },
  {
   "type": "Feature",
   "geometry": {
    "type": "Point",
    "coordinates": [
     73.80519,
     20.03269
    ]
   },
   "properties": {
    "Name": "Pokar Colony",
    "depot": "Nashik Road Depot",
    "locationConfidence": "verified",
    "locationSource": "NMPML (Citilinc) RTI reply 3120/2026, 17 Aug 2026"
   }
  },
  {
   "type": "Feature",
   "geometry": {
    "type": "Point",
    "coordinates": [
     73.79439,
     19.96805
    ]
   },
   "properties": {
    "Name": "Vadala Gaon (D)",
    "depot": "Nashik Road Depot",
    "side": "down",
    "locationConfidence": "verified",
    "locationSource": "NMPML (Citilinc) RTI reply 3120/2026, 17 Aug 2026"
   }
  },
  {
   "type": "Feature",
   "geometry": {
    "type": "Point",
    "coordinates": [
     73.82568,
     20.0138
    ]
   },
   "properties": {
    "Name": "Gangotri Vihar",
    "depot": "Nashik Road Depot",
    "locationConfidence": "verified",
    "locationSource": "NMPML (Citilinc) RTI reply 3120/2026, 17 Aug 2026"
   }
  },
  {
   "type": "Feature",
   "geometry": {
    "type": "Point",
    "coordinates": [
     73.78003,
     20.00596
    ]
   },
   "properties": {
    "Name": "Police Commissioner (U)",
    "depot": "Nashik Road Depot",
    "side": "up",
    "locationConfidence": "verified",
    "locationSource": "NMPML (Citilinc) RTI reply 3120/2026, 17 Aug 2026"
   }
  },
  {
   "type": "Feature",
   "geometry": {
    "type": "Point",
    "coordinates": [
     73.77174,
     20.00704
    ]
   },
   "properties": {
    "Name": "Krantiveer Vasantrao Naik Chowk (D)",
    "depot": "Nashik Road Depot",
    "side": "down",
    "locationConfidence": "verified",
    "locationSource": "NMPML (Citilinc) RTI reply 3120/2026, 17 Aug 2026"
   }
  },
  {
   "type": "Feature",
   "geometry": {
    "type": "Point",
    "coordinates": [
     73.79394,
     19.99402
    ]
   },
   "properties": {
    "Name": "Wadala Naka (D)",
    "depot": "Tapovan Depot",
    "side": "down",
    "locationConfidence": "verified",
    "locationSource": "NMPML (Citilinc) RTI reply 3120/2026, 17 Aug 2026"
   }
  },
  {
   "type": "Feature",
   "geometry": {
    "type": "Point",
    "coordinates": [
     73.71581,
     20.03001
    ]
   },
   "properties": {
    "Name": "Gangapur Gaon (D)",
    "depot": "Nashik Road Depot",
    "side": "down",
    "locationConfidence": "verified",
    "locationSource": "NMPML (Citilinc) RTI reply 3120/2026, 17 Aug 2026"
   }
  },
  {
   "type": "Feature",
   "geometry": {
    "type": "Point",
    "coordinates": [
     73.78018,
     20.00076
    ]
   },
   "properties": {
    "Name": "Police Parade Grounds Snehbndn",
    "depot": "Nashik Road Depot",
    "locationConfidence": "verified",
    "locationSource": "NMPML (Citilinc) RTI reply 3120/2026, 17 Aug 2026"
   }
  },
  {
   "type": "Feature",
   "geometry": {
    "type": "Point",
    "coordinates": [
     73.68434,
     20.05351
    ]
   },
   "properties": {
    "Name": "Gangapur Dam",
    "depot": "Nashik Road Depot",
    "locationConfidence": "verified",
    "locationSource": "NMPML (Citilinc) RTI reply 3120/2026, 17 Aug 2026"
   }
  },
  {
   "type": "Feature",
   "geometry": {
    "type": "Point",
    "coordinates": [
     73.92543,
     19.99495
    ]
   },
   "properties": {
    "Name": "Gangapadli",
    "depot": "Nashik Road Depot",
    "locationConfidence": "verified",
    "locationSource": "NMPML (Citilinc) RTI reply 3120/2026, 17 Aug 2026"
   }
  },
  {
   "type": "Feature",
   "geometry": {
    "type": "Point",
    "coordinates": [
     73.84714,
     20.04134
    ]
   },
   "properties": {
    "Name": "Gramin Police Vasahat (D)",
    "depot": "Nashik Road Depot",
    "side": "down",
    "locationConfidence": "verified",
    "locationSource": "NMPML (Citilinc) RTI reply 3120/2026, 17 Aug 2026"
   }
  },
  {
   "type": "Feature",
   "geometry": {
    "type": "Point",
    "coordinates": [
     73.78951,
     19.94013
    ]
   },
   "properties": {
    "Name": "Ganesh Nagar Pimpalgaon Khamb",
    "depot": "Nashik Road Depot",
    "locationConfidence": "verified",
    "locationSource": "NMPML (Citilinc) RTI reply 3120/2026, 17 Aug 2026"
   }
  },
  {
   "type": "Feature",
   "geometry": {
    "type": "Point",
    "coordinates": [
     73.7364,
     19.95144
    ]
   },
   "properties": {
    "Name": "Power House (U)",
    "depot": "Nashik Road Depot",
    "side": "up",
    "locationConfidence": "verified",
    "locationSource": "NMPML (Citilinc) RTI reply 3120/2026, 17 Aug 2026"
   }
  },
  {
   "type": "Feature",
   "geometry": {
    "type": "Point",
    "coordinates": [
     73.99112,
     20.01582
    ]
   },
   "properties": {
    "Name": "M.S.E.B Power House (D)",
    "depot": "Nashik Road Depot",
    "side": "down",
    "locationConfidence": "verified",
    "locationSource": "NMPML (Citilinc) RTI reply 3120/2026, 17 Aug 2026"
   }
  },
  {
   "type": "Feature",
   "geometry": {
    "type": "Point",
    "coordinates": [
     73.76749,
     20.0051
    ]
   },
   "properties": {
    "Name": "Ashavari Chambers (U)",
    "depot": "Nashik Road Depot",
    "side": "up",
    "locationConfidence": "verified",
    "locationSource": "NMPML (Citilinc) RTI reply 3120/2026, 17 Aug 2026"
   }
  },
  {
   "type": "Feature",
   "geometry": {
    "type": "Point",
    "coordinates": [
     73.82368,
     20.01898
    ]
   },
   "properties": {
    "Name": "Ganesh Mandir (U)",
    "depot": "Nashik Road Depot",
    "side": "up",
    "locationConfidence": "verified",
    "locationSource": "NMPML (Citilinc) RTI reply 3120/2026, 17 Aug 2026"
   }
  },
  {
   "type": "Feature",
   "geometry": {
    "type": "Point",
    "coordinates": [
     73.78278,
     19.9841
    ]
   },
   "properties": {
    "Name": "Prakash Petrol Pump (U)",
    "depot": "Nashik Road Depot",
    "side": "up",
    "locationConfidence": "verified",
    "locationSource": "NMPML (Citilinc) RTI reply 3120/2026, 17 Aug 2026"
   }
  },
  {
   "type": "Feature",
   "geometry": {
    "type": "Point",
    "coordinates": [
     73.77093,
     20.00743
    ]
   },
   "properties": {
    "Name": "Krantiveer Vasantrao Naik Chowk (U)",
    "depot": "Tapovan Depot",
    "side": "up",
    "locationConfidence": "verified",
    "locationSource": "NMPML (Citilinc) RTI reply 3120/2026, 17 Aug 2026"
   }
  },
  {
   "type": "Feature",
   "geometry": {
    "type": "Point",
    "coordinates": [
     73.76048,
     19.99461
    ]
   },
   "properties": {
    "Name": "Maharashtra Police Academy (M.P.A) (D)",
    "depot": "Nashik Road Depot",
    "side": "down",
    "locationConfidence": "verified",
    "locationSource": "NMPML (Citilinc) RTI reply 3120/2026, 17 Aug 2026"
   }
  },
  {
   "type": "Feature",
   "geometry": {
    "type": "Point",
    "coordinates": [
     73.61297,
     19.95857
    ]
   },
   "properties": {
    "Name": "Vadholi Pata (U)",
    "depot": "Nashik Road Depot",
    "side": "up",
    "locationConfidence": "verified",
    "locationSource": "NMPML (Citilinc) RTI reply 3120/2026, 17 Aug 2026"
   }
  },
  {
   "type": "Feature",
   "geometry": {
    "type": "Point",
    "coordinates": [
     73.81323,
     19.97336
    ]
   },
   "properties": {
    "Name": "Gandhi Nagar (D)",
    "depot": "Nashik Road Depot",
    "side": "down",
    "locationConfidence": "verified",
    "locationSource": "NMPML (Citilinc) RTI reply 3120/2026, 17 Aug 2026"
   }
  },
  {
   "type": "Feature",
   "geometry": {
    "type": "Point",
    "coordinates": [
     73.72769,
     20.00115
    ]
   },
   "properties": {
    "Name": "ABB VIP (D)",
    "depot": "Nashik Road Depot",
    "side": "down",
    "locationConfidence": "verified",
    "locationSource": "NMPML (Citilinc) RTI reply 3120/2026, 17 Aug 2026"
   }
  },
  {
   "type": "Feature",
   "geometry": {
    "type": "Point",
    "coordinates": [
     73.78717,
     20.0546
    ]
   },
   "properties": {
    "Name": "Gajpnth Fata",
    "depot": "Nashik Road Depot",
    "locationConfidence": "verified",
    "locationSource": "NMPML (Citilinc) RTI reply 3120/2026, 17 Aug 2026"
   }
  },
  {
   "type": "Feature",
   "geometry": {
    "type": "Point",
    "coordinates": [
     73.80551,
     20.04419
    ]
   },
   "properties": {
    "Name": "Gajpanth (U)",
    "depot": "Nashik Road Depot",
    "side": "up",
    "locationConfidence": "verified",
    "locationSource": "NMPML (Citilinc) RTI reply 3120/2026, 17 Aug 2026"
   }
  },
  {
   "type": "Feature",
   "geometry": {
    "type": "Point",
    "coordinates": [
     73.82642,
     19.94691
    ]
   },
   "properties": {
    "Name": "Artilari Centre (U)",
    "depot": "Nashik Road Depot",
    "side": "up",
    "locationConfidence": "verified",
    "locationSource": "NMPML (Citilinc) RTI reply 3120/2026, 17 Aug 2026"
   }
  },
  {
   "type": "Feature",
   "geometry": {
    "type": "Point",
    "coordinates": [
     73.80568,
     20.04418
    ]
   },
   "properties": {
    "Name": "Gajpanth (D)",
    "depot": "Nashik Road Depot",
    "side": "down",
    "locationConfidence": "verified",
    "locationSource": "NMPML (Citilinc) RTI reply 3120/2026, 17 Aug 2026"
   }
  },
  {
   "type": "Feature",
   "geometry": {
    "type": "Point",
    "coordinates": [
     73.76723,
     20.00922
    ]
   },
   "properties": {
    "Name": "Vidya Vikas Circle (D)",
    "depot": "Nashik Road Depot",
    "side": "down",
    "locationConfidence": "verified",
    "locationSource": "NMPML (Citilinc) RTI reply 3120/2026, 17 Aug 2026"
   }
  },
  {
   "type": "Feature",
   "geometry": {
    "type": "Point",
    "coordinates": [
     73.53668,
     19.93793
    ]
   },
   "properties": {
    "Name": "Gajanan Maharaj Mandir (D)",
    "depot": "Nashik Road Depot",
    "side": "down",
    "locationConfidence": "verified",
    "locationSource": "NMPML (Citilinc) RTI reply 3120/2026, 17 Aug 2026"
   }
  },
  {
   "type": "Feature",
   "geometry": {
    "type": "Point",
    "coordinates": [
     73.92463,
     19.99933
    ]
   },
   "properties": {
    "Name": "Pune Road Fata",
    "depot": "Nashik Road Depot",
    "locationConfidence": "verified",
    "locationSource": "NMPML (Citilinc) RTI reply 3120/2026, 17 Aug 2026"
   }
  },
  {
   "type": "Feature",
   "geometry": {
    "type": "Point",
    "coordinates": [
     73.79979,
     19.98895
    ]
   },
   "properties": {
    "Name": "Purnima (D)",
    "depot": "Nashik Road Depot",
    "side": "down",
    "locationConfidence": "verified",
    "locationSource": "NMPML (Citilinc) RTI reply 3120/2026, 17 Aug 2026"
   }
  },
  {
   "type": "Feature",
   "geometry": {
    "type": "Point",
    "coordinates": [
     73.75326,
     19.95276
    ]
   },
   "properties": {
    "Name": "Meltron (D)",
    "depot": "Nashik Road Depot",
    "side": "down",
    "locationConfidence": "verified",
    "locationSource": "NMPML (Citilinc) RTI reply 3120/2026, 17 Aug 2026"
   }
  },
  {
   "type": "Feature",
   "geometry": {
    "type": "Point",
    "coordinates": [
     73.84391,
     20.00822
    ]
   },
   "properties": {
    "Name": "Gaikwad Wasti",
    "depot": "Nashik Road Depot",
    "locationConfidence": "verified",
    "locationSource": "NMPML (Citilinc) RTI reply 3120/2026, 17 Aug 2026"
   }
  },
  {
   "type": "Feature",
   "geometry": {
    "type": "Point",
    "coordinates": [
     73.83033,
     19.97823
    ]
   },
   "properties": {
    "Name": "Pushkrnagr",
    "depot": "Nashik Road Depot",
    "locationConfidence": "verified",
    "locationSource": "NMPML (Citilinc) RTI reply 3120/2026, 17 Aug 2026"
   }
  },
  {
   "type": "Feature",
   "geometry": {
    "type": "Point",
    "coordinates": [
     73.95491,
     20.04583
    ]
   },
   "properties": {
    "Name": "Gade Vasti (Sayyad Pimpri)",
    "depot": "Nashik Road Depot",
    "locationConfidence": "verified",
    "locationSource": "NMPML (Citilinc) RTI reply 3120/2026, 17 Aug 2026"
   }
  },
  {
   "type": "Feature",
   "geometry": {
    "type": "Point",
    "coordinates": [
     73.78334,
     19.9694
    ]
   },
   "properties": {
    "Name": "Kala Nagar (U)",
    "depot": "Nashik Road Depot",
    "side": "up",
    "locationConfidence": "verified",
    "locationSource": "NMPML (Citilinc) RTI reply 3120/2026, 17 Aug 2026"
   }
  },
  {
   "type": "Feature",
   "geometry": {
    "type": "Point",
    "coordinates": [
     73.68338,
     20.05751
    ]
   },
   "properties": {
    "Name": "Fravashi School",
    "depot": "Nashik Road Depot",
    "locationConfidence": "verified",
    "locationSource": "NMPML (Citilinc) RTI reply 3120/2026, 17 Aug 2026"
   }
  },
  {
   "type": "Feature",
   "geometry": {
    "type": "Point",
    "coordinates": [
     73.75498,
     19.97671
    ]
   },
   "properties": {
    "Name": "Raigad Chowk (U)",
    "depot": "Tapovan Depot",
    "side": "up",
    "locationConfidence": "verified",
    "locationSource": "NMPML (Citilinc) RTI reply 3120/2026, 17 Aug 2026"
   }
  },
  {
   "type": "Feature",
   "geometry": {
    "type": "Point",
    "coordinates": [
     73.64138,
     19.96034
    ]
   },
   "properties": {
    "Name": "Vadholi Phata",
    "depot": "Nashik Road Depot",
    "locationConfidence": "verified",
    "locationSource": "NMPML (Citilinc) RTI reply 3120/2026, 17 Aug 2026"
   }
  },
  {
   "type": "Feature",
   "geometry": {
    "type": "Point",
    "coordinates": [
     73.7292,
     19.95237
    ]
   },
   "properties": {
    "Name": "Fortuna",
    "depot": "Nashik Road Depot",
    "locationConfidence": "verified",
    "locationSource": "NMPML (Citilinc) RTI reply 3120/2026, 17 Aug 2026"
   }
  },
  {
   "type": "Feature",
   "geometry": {
    "type": "Point",
    "coordinates": [
     73.71117,
     19.9163
    ]
   },
   "properties": {
    "Name": "8 wa Mile Agra Road",
    "depot": "Nashik Road Depot",
    "locationConfidence": "verified",
    "locationSource": "NMPML (Citilinc) RTI reply 3120/2026, 17 Aug 2026"
   }
  },
  {
   "type": "Feature",
   "geometry": {
    "type": "Point",
    "coordinates": [
     73.75178,
     19.96099
    ]
   },
   "properties": {
    "Name": "Flora Town",
    "depot": "Nashik Road Depot",
    "locationConfidence": "verified",
    "locationSource": "NMPML (Citilinc) RTI reply 3120/2026, 17 Aug 2026"
   }
  },
  {
   "type": "Feature",
   "geometry": {
    "type": "Point",
    "coordinates": [
     73.6952,
     19.89072
    ]
   },
   "properties": {
    "Name": "Raigad Nagar",
    "depot": "Nashik Road Depot",
    "locationConfidence": "verified",
    "locationSource": "NMPML (Citilinc) RTI reply 3120/2026, 17 Aug 2026"
   }
  },
  {
   "type": "Feature",
   "geometry": {
    "type": "Point",
    "coordinates": [
     73.91256,
     19.9977
    ]
   },
   "properties": {
    "Name": "Odha Railway Station (D)",
    "depot": "Nashik Road Depot",
    "side": "down",
    "locationConfidence": "verified",
    "locationSource": "NMPML (Citilinc) RTI reply 3120/2026, 17 Aug 2026"
   }
  },
  {
   "type": "Feature",
   "geometry": {
    "type": "Point",
    "coordinates": [
     73.85779,
     19.96454
    ]
   },
   "properties": {
    "Name": "Railway Traction",
    "depot": "Nashik Road Depot",
    "locationConfidence": "verified",
    "locationSource": "NMPML (Citilinc) RTI reply 3120/2026, 17 Aug 2026"
   }
  },
  {
   "type": "Feature",
   "geometry": {
    "type": "Point",
    "coordinates": [
     73.68889,
     19.87088
    ]
   },
   "properties": {
    "Name": "FAB Company",
    "depot": "Nashik Road Depot",
    "locationConfidence": "verified",
    "locationSource": "NMPML (Citilinc) RTI reply 3120/2026, 17 Aug 2026"
   }
  },
  {
   "type": "Feature",
   "geometry": {
    "type": "Point",
    "coordinates": [
     73.80513,
     20.07869
    ]
   },
   "properties": {
    "Name": "Arogya Vidnyan Vidyapeeth 1",
    "depot": "Nashik Road Depot",
    "locationConfidence": "verified",
    "locationSource": "NMPML (Citilinc) RTI reply 3120/2026, 17 Aug 2026"
   }
  },
  {
   "type": "Feature",
   "geometry": {
    "type": "Point",
    "coordinates": [
     73.77575,
     20.00143
    ]
   },
   "properties": {
    "Name": "Rajiv Gandhi Bhavan (U)",
    "depot": "Tapovan Depot",
    "side": "up",
    "locationConfidence": "verified",
    "locationSource": "NMPML (Citilinc) RTI reply 3120/2026, 17 Aug 2026"
   }
  },
  {
   "type": "Feature",
   "geometry": {
    "type": "Point",
    "coordinates": [
     73.95666,
     19.86895
    ]
   },
   "properties": {
    "Name": "TS Digole Petrol Pump (Sinnar) (D)",
    "depot": "Nashik Road Depot",
    "side": "down",
    "locationConfidence": "verified",
    "locationSource": "NMPML (Citilinc) RTI reply 3120/2026, 17 Aug 2026"
   }
  },
  {
   "type": "Feature",
   "geometry": {
    "type": "Point",
    "coordinates": [
     73.76981,
     19.9684
    ]
   },
   "properties": {
    "Name": "Rajiv Nagar (U)",
    "depot": "Nashik Road Depot",
    "side": "up",
    "locationConfidence": "verified",
    "locationSource": "NMPML (Citilinc) RTI reply 3120/2026, 17 Aug 2026"
   }
  },
  {
   "type": "Feature",
   "geometry": {
    "type": "Point",
    "coordinates": [
     73.78385,
     19.97092
    ]
   },
   "properties": {
    "Name": "RajSarathi",
    "depot": "Nashik Road Depot",
    "locationConfidence": "verified",
    "locationSource": "NMPML (Citilinc) RTI reply 3120/2026, 17 Aug 2026"
   }
  },
  {
   "type": "Feature",
   "geometry": {
    "type": "Point",
    "coordinates": [
     73.69208,
     19.97639
    ]
   },
   "properties": {
    "Name": "Espalier School",
    "depot": "Nashik Road Depot",
    "locationConfidence": "verified",
    "locationSource": "NMPML (Citilinc) RTI reply 3120/2026, 17 Aug 2026"
   }
  },
  {
   "type": "Feature",
   "geometry": {
    "type": "Point",
    "coordinates": [
     73.70043,
     19.9162
    ]
   },
   "properties": {
    "Name": "Rajurbahula",
    "depot": "Nashik Road Depot",
    "locationConfidence": "verified",
    "locationSource": "NMPML (Citilinc) RTI reply 3120/2026, 17 Aug 2026"
   }
  },
  {
   "type": "Feature",
   "geometry": {
    "type": "Point",
    "coordinates": [
     73.81664,
     19.98853
    ]
   },
   "properties": {
    "Name": "Ramdas Swami Math",
    "depot": "Nashik Road Depot",
    "locationConfidence": "verified",
    "locationSource": "NMPML (Citilinc) RTI reply 3120/2026, 17 Aug 2026"
   }
  },
  {
   "type": "Feature",
   "geometry": {
    "type": "Point",
    "coordinates": [
     73.81786,
     19.97662
    ]
   },
   "properties": {
    "Name": "Ramdas Swami Nagar",
    "depot": "Nashik Road Depot",
    "locationConfidence": "verified",
    "locationSource": "NMPML (Citilinc) RTI reply 3120/2026, 17 Aug 2026"
   }
  },
  {
   "type": "Feature",
   "geometry": {
    "type": "Point",
    "coordinates": [
     73.72162,
     19.98944
    ]
   },
   "properties": {
    "Name": "Anand Chhaya (D)",
    "depot": "Tapovan Depot",
    "side": "down",
    "locationConfidence": "verified",
    "locationSource": "NMPML (Citilinc) RTI reply 3120/2026, 17 Aug 2026"
   }
  },
  {
   "type": "Feature",
   "geometry": {
    "type": "Point",
    "coordinates": [
     73.67418,
     19.85875
    ]
   },
   "properties": {
    "Name": "Wadivarhe Prathamik Arogya Kendra",
    "depot": "Nashik Road Depot",
    "locationConfidence": "verified",
    "locationSource": "NMPML (Citilinc) RTI reply 3120/2026, 17 Aug 2026"
   }
  },
  {
   "type": "Feature",
   "geometry": {
    "type": "Point",
    "coordinates": [
     73.73158,
     19.96398
    ]
   },
   "properties": {
    "Name": "Ram Krishna Nagar (U)",
    "depot": "Tapovan Depot",
    "side": "up",
    "locationConfidence": "verified",
    "locationSource": "NMPML (Citilinc) RTI reply 3120/2026, 17 Aug 2026"
   }
  },
  {
   "type": "Feature",
   "geometry": {
    "type": "Point",
    "coordinates": [
     73.81101,
     19.93392
    ]
   },
   "properties": {
    "Name": "Vadner",
    "depot": "Nashik Road Depot",
    "locationConfidence": "verified",
    "locationSource": "NMPML (Citilinc) RTI reply 3120/2026, 17 Aug 2026"
   }
  },
  {
   "type": "Feature",
   "geometry": {
    "type": "Point",
    "coordinates": [
     73.96987,
     20.08768
    ]
   },
   "properties": {
    "Name": "Electric Board",
    "depot": "Nashik Road Depot",
    "locationConfidence": "verified",
    "locationSource": "NMPML (Citilinc) RTI reply 3120/2026, 17 Aug 2026"
   }
  },
  {
   "type": "Feature",
   "geometry": {
    "type": "Point",
    "coordinates": [
     73.79318,
     19.99172
    ]
   },
   "properties": {
    "Name": "Ayesha Nagar (U)",
    "depot": "Nashik Road Depot",
    "side": "up",
    "locationConfidence": "verified",
    "locationSource": "NMPML (Citilinc) RTI reply 3120/2026, 17 Aug 2026"
   }
  },
  {
   "type": "Feature",
   "geometry": {
    "type": "Point",
    "coordinates": [
     73.72265,
     19.94758
    ]
   },
   "properties": {
    "Name": "Electo Company",
    "depot": "Nashik Road Depot",
    "locationConfidence": "verified",
    "locationSource": "NMPML (Citilinc) RTI reply 3120/2026, 17 Aug 2026"
   }
  },
  {
   "type": "Feature",
   "geometry": {
    "type": "Point",
    "coordinates": [
     73.78996,
     20.00763
    ]
   },
   "properties": {
    "Name": "Ramkund",
    "depot": "Nashik Road Depot",
    "locationConfidence": "verified",
    "locationSource": "NMPML (Citilinc) RTI reply 3120/2026, 17 Aug 2026"
   }
  },
  {
   "type": "Feature",
   "geometry": {
    "type": "Point",
    "coordinates": [
     73.75495,
     20.0543
    ]
   },
   "properties": {
    "Name": "Ektara",
    "depot": "Nashik Road Depot",
    "locationConfidence": "verified",
    "locationSource": "NMPML (Citilinc) RTI reply 3120/2026, 17 Aug 2026"
   }
  },
  {
   "type": "Feature",
   "geometry": {
    "type": "Point",
    "coordinates": [
     73.84894,
     19.9544
    ]
   },
   "properties": {
    "Name": "Aringlae Mlaa",
    "depot": "Nashik Road Depot",
    "locationConfidence": "verified",
    "locationSource": "NMPML (Citilinc) RTI reply 3120/2026, 17 Aug 2026"
   }
  },
  {
   "type": "Feature",
   "geometry": {
    "type": "Point",
    "coordinates": [
     73.87662,
     19.97973
    ]
   },
   "properties": {
    "Name": "Eklahre Krida Sankul",
    "depot": "Nashik Road Depot",
    "locationConfidence": "verified",
    "locationSource": "NMPML (Citilinc) RTI reply 3120/2026, 17 Aug 2026"
   }
  },
  {
   "type": "Feature",
   "geometry": {
    "type": "Point",
    "coordinates": [
     73.76698,
     19.96564
    ]
   },
   "properties": {
    "Name": "Rane Nagar 1 (D)",
    "depot": "Nashik Road Depot",
    "side": "down",
    "locationConfidence": "verified",
    "locationSource": "NMPML (Citilinc) RTI reply 3120/2026, 17 Aug 2026"
   }
  },
  {
   "type": "Feature",
   "geometry": {
    "type": "Point",
    "coordinates": [
     73.87619,
     19.98162
    ]
   },
   "properties": {
    "Name": "Eklahra Post Office",
    "depot": "Nashik Road Depot",
    "locationConfidence": "verified",
    "locationSource": "NMPML (Citilinc) RTI reply 3120/2026, 17 Aug 2026"
   }
  },
  {
   "type": "Feature",
   "geometry": {
    "type": "Point",
    "coordinates": [
     73.91464,
     20.03899
    ]
   },
   "properties": {
    "Name": "Valmik Nagar",
    "depot": "Nashik Road Depot",
    "locationConfidence": "verified",
    "locationSource": "NMPML (Citilinc) RTI reply 3120/2026, 17 Aug 2026"
   }
  },
  {
   "type": "Feature",
   "geometry": {
    "type": "Point",
    "coordinates": [
     73.9011,
     19.99101
    ]
   },
   "properties": {
    "Name": "Eklahera Gaon",
    "depot": "Nashik Road Depot",
    "locationConfidence": "verified",
    "locationSource": "NMPML (Citilinc) RTI reply 3120/2026, 17 Aug 2026"
   }
  },
  {
   "type": "Feature",
   "geometry": {
    "type": "Point",
    "coordinates": [
     73.77113,
     20.01052
    ]
   },
   "properties": {
    "Name": "Rathi Amrai",
    "depot": "Nashik Road Depot",
    "locationConfidence": "verified",
    "locationSource": "NMPML (Citilinc) RTI reply 3120/2026, 17 Aug 2026"
   }
  },
  {
   "type": "Feature",
   "geometry": {
    "type": "Point",
    "coordinates": [
     73.87796,
     19.9798
    ]
   },
   "properties": {
    "Name": "Eklahare Dawakhana",
    "depot": "Nashik Road Depot",
    "locationConfidence": "verified",
    "locationSource": "NMPML (Citilinc) RTI reply 3120/2026, 17 Aug 2026"
   }
  },
  {
   "type": "Feature",
   "geometry": {
    "type": "Point",
    "coordinates": [
     73.78881,
     20.00634
    ]
   },
   "properties": {
    "Name": "Ravivar Karanja Gangapur Road",
    "depot": "Nashik Road Depot",
    "locationConfidence": "verified",
    "locationSource": "NMPML (Citilinc) RTI reply 3120/2026, 17 Aug 2026"
   }
  },
  {
   "type": "Feature",
   "geometry": {
    "type": "Point",
    "coordinates": [
     73.78762,
     20.00531
    ]
   },
   "properties": {
    "Name": "Raviwar Karanja (U)",
    "depot": "Tapovan Depot",
    "side": "up",
    "locationConfidence": "verified",
    "locationSource": "NMPML (Citilinc) RTI reply 3120/2026, 17 Aug 2026"
   }
  },
  {
   "type": "Feature",
   "geometry": {
    "type": "Point",
    "coordinates": [
     73.7793,
     19.9642
    ]
   },
   "properties": {
    "Name": "Vanvaibhav",
    "depot": "Nashik Road Depot",
    "locationConfidence": "verified",
    "locationSource": "NMPML (Citilinc) RTI reply 3120/2026, 17 Aug 2026"
   }
  },
  {
   "type": "Feature",
   "geometry": {
    "type": "Point",
    "coordinates": [
     73.79742,
     19.99334
    ]
   },
   "properties": {
    "Name": "Dwarka (D)",
    "depot": "Nashik Road Depot",
    "side": "down",
    "locationConfidence": "verified",
    "locationSource": "NMPML (Citilinc) RTI reply 3120/2026, 17 Aug 2026"
   }
  },
  {
   "type": "Feature",
   "geometry": {
    "type": "Point",
    "coordinates": [
     73.78805,
     20.00566
    ]
   },
   "properties": {
    "Name": "Raviwar Karanja 1 (U)",
    "depot": "Nashik Road Depot",
    "side": "up",
    "locationConfidence": "verified",
    "locationSource": "NMPML (Citilinc) RTI reply 3120/2026, 17 Aug 2026"
   }
  },
  {
   "type": "Feature",
   "geometry": {
    "type": "Point",
    "coordinates": [
     73.835,
     19.956
    ]
   },
   "properties": {
    "Name": "Datta Mandir (Nashik Road) (U)",
    "depot": "Nashik Road Depot",
    "side": "up",
    "locationConfidence": "verified",
    "locationSource": "NMPML (Citilinc) RTI reply 3120/2026, 17 Aug 2026"
   }
  },
  {
   "type": "Feature",
   "geometry": {
    "type": "Point",
    "coordinates": [
     73.83379,
     19.95676
    ]
   },
   "properties": {
    "Name": "Datta Mandir (Nashik Road) (D)",
    "depot": "Nashik Road Depot",
    "side": "down",
    "locationConfidence": "verified",
    "locationSource": "NMPML (Citilinc) RTI reply 3120/2026, 17 Aug 2026"
   }
  },
  {
   "type": "Feature",
   "geometry": {
    "type": "Point",
    "coordinates": [
     73.77147,
     19.98647
    ]
   },
   "properties": {
    "Name": "R.D. Circle (D)",
    "depot": "Nashik Road Depot",
    "side": "down",
    "locationConfidence": "verified",
    "locationSource": "NMPML (Citilinc) RTI reply 3120/2026, 17 Aug 2026"
   }
  },
  {
   "type": "Feature",
   "geometry": {
    "type": "Point",
    "coordinates": [
     73.72643,
     19.97645
    ]
   },
   "properties": {
    "Name": "Datta Mandir (Mhada Road) (D)",
    "depot": "Nashik Road Depot",
    "side": "down",
    "locationConfidence": "verified",
    "locationSource": "NMPML (Citilinc) RTI reply 3120/2026, 17 Aug 2026"
   }
  },
  {
   "type": "Feature",
   "geometry": {
    "type": "Point",
    "coordinates": [
     73.83684,
     19.94696
    ]
   },
   "properties": {
    "Name": "Anuradha (U)",
    "depot": "Nashik Road Depot",
    "side": "up",
    "locationConfidence": "verified",
    "locationSource": "NMPML (Citilinc) RTI reply 3120/2026, 17 Aug 2026"
   }
  },
  {
   "type": "Feature",
   "geometry": {
    "type": "Point",
    "coordinates": [
     73.91744,
     19.96754
    ]
   },
   "properties": {
    "Name": "Dutta Mandir Hinganveda Rd",
    "depot": "Nashik Road Depot",
    "locationConfidence": "verified",
    "locationSource": "NMPML (Citilinc) RTI reply 3120/2026, 17 Aug 2026"
   }
  },
  {
   "type": "Feature",
   "geometry": {
    "type": "Point",
    "coordinates": [
     73.80394,
     20.03608
    ]
   },
   "properties": {
    "Name": "Reliance Petrol Pump (D)",
    "depot": "Nashik Road Depot",
    "side": "down",
    "locationConfidence": "verified",
    "locationSource": "NMPML (Citilinc) RTI reply 3120/2026, 17 Aug 2026"
   }
  },
  {
   "type": "Feature",
   "geometry": {
    "type": "Point",
    "coordinates": [
     73.68423,
     19.9825
    ]
   },
   "properties": {
    "Name": "Vasali Gaon",
    "depot": "Nashik Road Depot",
    "locationConfidence": "verified",
    "locationSource": "NMPML (Citilinc) RTI reply 3120/2026, 17 Aug 2026"
   }
  },
  {
   "type": "Feature",
   "geometry": {
    "type": "Point",
    "coordinates": [
     73.76477,
     20.01933
    ]
   },
   "properties": {
    "Name": "Uddoji Maratha Campus",
    "depot": "Nashik Road Depot",
    "locationConfidence": "verified",
    "locationSource": "NMPML (Citilinc) RTI reply 3120/2026, 17 Aug 2026"
   }
  },
  {
   "type": "Feature",
   "geometry": {
    "type": "Point",
    "coordinates": [
     73.8404,
     19.97746
    ]
   },
   "properties": {
    "Name": "Durgamata Mandir (U)",
    "depot": "Nashik Road Depot",
    "side": "up",
    "locationConfidence": "verified",
    "locationSource": "NMPML (Citilinc) RTI reply 3120/2026, 17 Aug 2026"
   }
  },
  {
   "type": "Feature",
   "geometry": {
    "type": "Point",
    "coordinates": [
     73.73499,
     20.0048
    ]
   },
   "properties": {
    "Name": "Rishirup Polymers",
    "depot": "Nashik Road Depot",
    "locationConfidence": "verified",
    "locationSource": "NMPML (Citilinc) RTI reply 3120/2026, 17 Aug 2026"
   }
  },
  {
   "type": "Feature",
   "geometry": {
    "type": "Point",
    "coordinates": [
     73.68983,
     19.97538
    ]
   },
   "properties": {
    "Name": "Vasali Gaon Phata",
    "depot": "Nashik Road Depot",
    "locationConfidence": "verified",
    "locationSource": "NMPML (Citilinc) RTI reply 3120/2026, 17 Aug 2026"
   }
  },
  {
   "type": "Feature",
   "geometry": {
    "type": "Point",
    "coordinates": [
     73.68355,
     20.06981
    ]
   },
   "properties": {
    "Name": "Dugaon Phata",
    "depot": "Nashik Road Depot",
    "locationConfidence": "verified",
    "locationSource": "NMPML (Citilinc) RTI reply 3120/2026, 17 Aug 2026"
   }
  },
  {
   "type": "Feature",
   "geometry": {
    "type": "Point",
    "coordinates": [
     73.80302,
     20.03251
    ]
   },
   "properties": {
    "Name": "R.T.O Corner (D)",
    "depot": "Nashik Road Depot",
    "side": "down",
    "locationConfidence": "verified",
    "locationSource": "NMPML (Citilinc) RTI reply 3120/2026, 17 Aug 2026"
   }
  },
  {
   "type": "Feature",
   "geometry": {
    "type": "Point",
    "coordinates": [
     73.80381,
     20.03285
    ]
   },
   "properties": {
    "Name": "R.T.O Corner Towards Agra Road",
    "depot": "Nashik Road Depot",
    "locationConfidence": "verified",
    "locationSource": "NMPML (Citilinc) RTI reply 3120/2026, 17 Aug 2026"
   }
  },
  {
   "type": "Feature",
   "geometry": {
    "type": "Point",
    "coordinates": [
     73.76532,
     19.99483
    ]
   },
   "properties": {
    "Name": "Dudh Dairy (D)",
    "depot": "Tapovan Depot",
    "side": "down",
    "locationConfidence": "verified",
    "locationSource": "NMPML (Citilinc) RTI reply 3120/2026, 17 Aug 2026"
   }
  },
  {
   "type": "Feature",
   "geometry": {
    "type": "Point",
    "coordinates": [
     73.79535,
     20.03248
    ]
   },
   "properties": {
    "Name": "R.T.O. Office",
    "depot": "Nashik Road Depot",
    "locationConfidence": "verified",
    "locationSource": "NMPML (Citilinc) RTI reply 3120/2026, 17 Aug 2026"
   }
  },
  {
   "type": "Feature",
   "geometry": {
    "type": "Point",
    "coordinates": [
     73.78652,
     19.9869
    ]
   },
   "properties": {
    "Name": "Mahamarg / Bhagvat Nagar",
    "depot": "Nashik Road Depot",
    "locationConfidence": "verified",
    "locationSource": "NMPML (Citilinc) RTI reply 3120/2026, 17 Aug 2026"
   }
  },
  {
   "type": "Feature",
   "geometry": {
    "type": "Point",
    "coordinates": [
     73.75856,
     20.00734
    ]
   },
   "properties": {
    "Name": "Dsouza Colony (U)",
    "depot": "Tapovan Depot",
    "side": "up",
    "locationConfidence": "verified",
    "locationSource": "NMPML (Citilinc) RTI reply 3120/2026, 17 Aug 2026"
   }
  },
  {
   "type": "Feature",
   "geometry": {
    "type": "Point",
    "coordinates": [
     73.75873,
     20.00745
    ]
   },
   "properties": {
    "Name": "Dsouza Colony (D)",
    "depot": "Tapovan Depot",
    "side": "down",
    "locationConfidence": "verified",
    "locationSource": "NMPML (Citilinc) RTI reply 3120/2026, 17 Aug 2026"
   }
  },
  {
   "type": "Feature",
   "geometry": {
    "type": "Point",
    "coordinates": [
     73.83185,
     20.01107
    ]
   },
   "properties": {
    "Name": "Rukhmini Lawns",
    "depot": "Nashik Road Depot",
    "locationConfidence": "verified",
    "locationSource": "NMPML (Citilinc) RTI reply 3120/2026, 17 Aug 2026"
   }
  },
  {
   "type": "Feature",
   "geometry": {
    "type": "Point",
    "coordinates": [
     73.77582,
     19.98277
    ]
   },
   "properties": {
    "Name": "Sadashiv Nagar",
    "depot": "Nashik Road Depot",
    "locationConfidence": "verified",
    "locationSource": "NMPML (Citilinc) RTI reply 3120/2026, 17 Aug 2026"
   }
  },
  {
   "type": "Feature",
   "geometry": {
    "type": "Point",
    "coordinates": [
     73.85577,
     19.9617
    ]
   },
   "properties": {
    "Name": "Sadhna Shala",
    "depot": "Nashik Road Depot",
    "locationConfidence": "verified",
    "locationSource": "NMPML (Citilinc) RTI reply 3120/2026, 17 Aug 2026"
   }
  },
  {
   "type": "Feature",
   "geometry": {
    "type": "Point",
    "coordinates": [
     73.72516,
     19.93231
    ]
   },
   "properties": {
    "Name": "Dongar Baba Mandir",
    "depot": "Nashik Road Depot",
    "locationConfidence": "verified",
    "locationSource": "NMPML (Citilinc) RTI reply 3120/2026, 17 Aug 2026"
   }
  },
  {
   "type": "Feature",
   "geometry": {
    "type": "Point",
    "coordinates": [
     73.83663,
     19.94699
    ]
   },
   "properties": {
    "Name": "Anuradha (D)",
    "depot": "Nashik Road Depot",
    "side": "down",
    "locationConfidence": "verified",
    "locationSource": "NMPML (Citilinc) RTI reply 3120/2026, 17 Aug 2026"
   }
  },
  {
   "type": "Feature",
   "geometry": {
    "type": "Point",
    "coordinates": [
     73.96662,
     20.08916
    ]
   },
   "properties": {
    "Name": "Dikshi",
    "depot": "Nashik Road Depot",
    "locationConfidence": "verified",
    "locationSource": "NMPML (Citilinc) RTI reply 3120/2026, 17 Aug 2026"
   }
  },
  {
   "type": "Feature",
   "geometry": {
    "type": "Point",
    "coordinates": [
     73.68402,
     20.06657
    ]
   },
   "properties": {
    "Name": "Sagar Hardware",
    "depot": "Nashik Road Depot",
    "locationConfidence": "verified",
    "locationSource": "NMPML (Citilinc) RTI reply 3120/2026, 17 Aug 2026"
   }
  },
  {
   "type": "Feature",
   "geometry": {
    "type": "Point",
    "coordinates": [
     73.75619,
     19.98178
    ]
   },
   "properties": {
    "Name": "Divya Adlas",
    "depot": "Nashik Road Depot",
    "locationConfidence": "verified",
    "locationSource": "NMPML (Citilinc) RTI reply 3120/2026, 17 Aug 2026"
   }
  },
  {
   "type": "Feature",
   "geometry": {
    "type": "Point",
    "coordinates": [
     73.78244,
     19.98252
    ]
   },
   "properties": {
    "Name": "Vinay Nagar (U)",
    "depot": "Nashik Road Depot",
    "side": "up",
    "locationConfidence": "verified",
    "locationSource": "NMPML (Citilinc) RTI reply 3120/2026, 17 Aug 2026"
   }
  },
  {
   "type": "Feature",
   "geometry": {
    "type": "Point",
    "coordinates": [
     73.76552,
     20.01788
    ]
   },
   "properties": {
    "Name": "Sahadev Nagar",
    "depot": "Nashik Road Depot",
    "locationConfidence": "verified",
    "locationSource": "NMPML (Citilinc) RTI reply 3120/2026, 17 Aug 2026"
   }
  },
  {
   "type": "Feature",
   "geometry": {
    "type": "Point",
    "coordinates": [
     73.79518,
     20.01189
    ]
   },
   "properties": {
    "Name": "Dindori Naka Peth Road",
    "depot": "Nashik Road Depot",
    "locationConfidence": "verified",
    "locationSource": "NMPML (Citilinc) RTI reply 3120/2026, 17 Aug 2026"
   }
  },
  {
   "type": "Feature",
   "geometry": {
    "type": "Point",
    "coordinates": [
     73.7212,
     20.0017
    ]
   },
   "properties": {
    "Name": "Annapurna",
    "depot": "Nashik Road Depot",
    "locationConfidence": "verified",
    "locationSource": "NMPML (Citilinc) RTI reply 3120/2026, 17 Aug 2026"
   }
  },
  {
   "type": "Feature",
   "geometry": {
    "type": "Point",
    "coordinates": [
     73.79298,
     19.98891
    ]
   },
   "properties": {
    "Name": "Nagji Hospital (U)",
    "depot": "Tapovan Depot",
    "side": "up",
    "locationConfidence": "verified",
    "locationSource": "NMPML (Citilinc) RTI reply 3120/2026, 17 Aug 2026"
   }
  },
  {
   "type": "Feature",
   "geometry": {
    "type": "Point",
    "coordinates": [
     73.76018,
     19.95796
    ]
   },
   "properties": {
    "Name": "Wasan Nagar (U)",
    "depot": "Nashik Road Depot",
    "side": "up",
    "locationConfidence": "verified",
    "locationSource": "NMPML (Citilinc) RTI reply 3120/2026, 17 Aug 2026"
   }
  },
  {
   "type": "Feature",
   "geometry": {
    "type": "Point",
    "coordinates": [
     73.79579,
     20.01247
    ]
   },
   "properties": {
    "Name": "Dindori Naka (U)",
    "depot": "Tapovan Depot",
    "side": "up",
    "locationConfidence": "verified",
    "locationSource": "NMPML (Citilinc) RTI reply 3120/2026, 17 Aug 2026"
   }
  },
  {
   "type": "Feature",
   "geometry": {
    "type": "Point",
    "coordinates": [
     73.79598,
     20.01238
    ]
   },
   "properties": {
    "Name": "Dindori Naka (D)",
    "depot": "Tapovan Depot",
    "side": "down",
    "locationConfidence": "verified",
    "locationSource": "NMPML (Citilinc) RTI reply 3120/2026, 17 Aug 2026"
   }
  },
  {
   "type": "Feature",
   "geometry": {
    "type": "Point",
    "coordinates": [
     73.76484,
     19.96244
    ]
   },
   "properties": {
    "Name": "Sahyadri Nagar",
    "depot": "Nashik Road Depot",
    "locationConfidence": "verified",
    "locationSource": "NMPML (Citilinc) RTI reply 3120/2026, 17 Aug 2026"
   }
  },
  {
   "type": "Feature",
   "geometry": {
    "type": "Point",
    "coordinates": [
     73.77072,
     20.00466
    ]
   },
   "properties": {
    "Name": "Vasant Market",
    "depot": "Nashik Road Depot",
    "locationConfidence": "verified",
    "locationSource": "NMPML (Citilinc) RTI reply 3120/2026, 17 Aug 2026"
   }
  },
  {
   "type": "Feature",
   "geometry": {
    "type": "Point",
    "coordinates": [
     73.74441,
     19.96991
    ]
   },
   "properties": {
    "Name": "DGP Nagar 1 (U)",
    "depot": "Nashik Road Depot",
    "side": "up",
    "locationConfidence": "verified",
    "locationSource": "NMPML (Citilinc) RTI reply 3120/2026, 17 Aug 2026"
   }
  },
  {
   "type": "Feature",
   "geometry": {
    "type": "Point",
    "coordinates": [
     73.71572,
     20.01378
    ]
   },
   "properties": {
    "Name": "Dhruv Nagar (U)",
    "depot": "Tapovan Depot",
    "side": "up",
    "locationConfidence": "verified",
    "locationSource": "NMPML (Citilinc) RTI reply 3120/2026, 17 Aug 2026"
   }
  },
  {
   "type": "Feature",
   "geometry": {
    "type": "Point",
    "coordinates": [
     73.8076,
     19.97287
    ]
   },
   "properties": {
    "Name": "Sai Mandir",
    "depot": "Nashik Road Depot",
    "locationConfidence": "verified",
    "locationSource": "NMPML (Citilinc) RTI reply 3120/2026, 17 Aug 2026"
   }
  },
  {
   "type": "Feature",
   "geometry": {
    "type": "Point",
    "coordinates": [
     73.70432,
     20.02955
    ]
   },
   "properties": {
    "Name": "Dr. Vasantrao Pawar House",
    "depot": "Nashik Road Depot",
    "locationConfidence": "verified",
    "locationSource": "NMPML (Citilinc) RTI reply 3120/2026, 17 Aug 2026"
   }
  },
  {
   "type": "Feature",
   "geometry": {
    "type": "Point",
    "coordinates": [
     73.92585,
     19.97813
    ]
   },
   "properties": {
    "Name": "Dhatrak Wasti",
    "depot": "Nashik Road Depot",
    "locationConfidence": "verified",
    "locationSource": "NMPML (Citilinc) RTI reply 3120/2026, 17 Aug 2026"
   }
  },
  {
   "type": "Feature",
   "geometry": {
    "type": "Point",
    "coordinates": [
     73.72153,
     19.989
    ]
   },
   "properties": {
    "Name": "Anand Chhaya (U)",
    "depot": "Nashik Road Depot",
    "side": "up",
    "locationConfidence": "verified",
    "locationSource": "NMPML (Citilinc) RTI reply 3120/2026, 17 Aug 2026"
   }
  },
  {
   "type": "Feature",
   "geometry": {
    "type": "Point",
    "coordinates": [
     73.72471,
     19.98939
    ]
   },
   "properties": {
    "Name": "Samta Nagar (U)",
    "depot": "Tapovan Depot",
    "side": "up",
    "locationConfidence": "verified",
    "locationSource": "NMPML (Citilinc) RTI reply 3120/2026, 17 Aug 2026"
   }
  },
  {
   "type": "Feature",
   "geometry": {
    "type": "Point",
    "coordinates": [
     73.83026,
     19.95954
    ]
   },
   "properties": {
    "Name": "Ashirwad (D)",
    "depot": "Nashik Road Depot",
    "side": "down",
    "locationConfidence": "verified",
    "locationSource": "NMPML (Citilinc) RTI reply 3120/2026, 17 Aug 2026"
   }
  },
  {
   "type": "Feature",
   "geometry": {
    "type": "Point",
    "coordinates": [
     73.83584,
     20.02171
    ]
   },
   "properties": {
    "Name": "Dhatrak Phata (D)",
    "depot": "Nashik Road Depot",
    "side": "down",
    "locationConfidence": "verified",
    "locationSource": "NMPML (Citilinc) RTI reply 3120/2026, 17 Aug 2026"
   }
  },
  {
   "type": "Feature",
   "geometry": {
    "type": "Point",
    "coordinates": [
     73.81814,
     19.97311
    ]
   },
   "properties": {
    "Name": "Saidip Workshop",
    "depot": "Nashik Road Depot",
    "locationConfidence": "verified",
    "locationSource": "NMPML (Citilinc) RTI reply 3120/2026, 17 Aug 2026"
   }
  },
  {
   "type": "Feature",
   "geometry": {
    "type": "Point",
    "coordinates": [
     73.80559,
     19.96975
    ]
   },
   "properties": {
    "Name": "DGP Nagar (U)",
    "depot": "Nashik Road Depot",
    "side": "up",
    "locationConfidence": "verified",
    "locationSource": "NMPML (Citilinc) RTI reply 3120/2026, 17 Aug 2026"
   }
  },
  {
   "type": "Feature",
   "geometry": {
    "type": "Point",
    "coordinates": [
     73.58534,
     19.95331
    ]
   },
   "properties": {
    "Name": "Anjaneri",
    "depot": "Nashik Road Depot",
    "locationConfidence": "verified",
    "locationSource": "NMPML (Citilinc) RTI reply 3120/2026, 17 Aug 2026"
   }
  },
  {
   "type": "Feature",
   "geometry": {
    "type": "Point",
    "coordinates": [
     73.74608,
     19.97143
    ]
   },
   "properties": {
    "Name": "DGP",
    "depot": "Nashik Road Depot",
    "locationConfidence": "verified",
    "locationSource": "NMPML (Citilinc) RTI reply 3120/2026, 17 Aug 2026"
   }
  },
  {
   "type": "Feature",
   "geometry": {
    "type": "Point",
    "coordinates": [
     74.00764,
     20.01508
    ]
   },
   "properties": {
    "Name": "Saikheda",
    "depot": "Nashik Road Depot",
    "locationConfidence": "verified",
    "locationSource": "NMPML (Citilinc) RTI reply 3120/2026, 17 Aug 2026"
   }
  },
  {
   "type": "Feature",
   "geometry": {
    "type": "Point",
    "coordinates": [
     73.9959,
     20.01994
    ]
   },
   "properties": {
    "Name": "Saikheda Phata (U)",
    "depot": "Nashik Road Depot",
    "side": "up",
    "locationConfidence": "verified",
    "locationSource": "NMPML (Citilinc) RTI reply 3120/2026, 17 Aug 2026"
   }
  },
  {
   "type": "Feature",
   "geometry": {
    "type": "Point",
    "coordinates": [
     73.84277,
     19.97928
    ]
   },
   "properties": {
    "Name": "Sailani Baba (D)",
    "depot": "Nashik Road Depot",
    "side": "down",
    "locationConfidence": "verified",
    "locationSource": "NMPML (Citilinc) RTI reply 3120/2026, 17 Aug 2026"
   }
  },
  {
   "type": "Feature",
   "geometry": {
    "type": "Point",
    "coordinates": [
     73.83274,
     19.88955
    ]
   },
   "properties": {
    "Name": "Devi Mandir (D)",
    "depot": "Nashik Road Depot",
    "side": "down",
    "locationConfidence": "verified",
    "locationSource": "NMPML (Citilinc) RTI reply 3120/2026, 17 Aug 2026"
   }
  },
  {
   "type": "Feature",
   "geometry": {
    "type": "Point",
    "coordinates": [
     73.93547,
     19.93065
    ]
   },
   "properties": {
    "Name": "Vasti Naugaon Rd",
    "depot": "Nashik Road Depot",
    "locationConfidence": "verified",
    "locationSource": "NMPML (Citilinc) RTI reply 3120/2026, 17 Aug 2026"
   }
  },
  {
   "type": "Feature",
   "geometry": {
    "type": "Point",
    "coordinates": [
     73.89375,
     19.99828
    ]
   },
   "properties": {
    "Name": "Devaki Nandan Lawns",
    "depot": "Nashik Road Depot",
    "locationConfidence": "verified",
    "locationSource": "NMPML (Citilinc) RTI reply 3120/2026, 17 Aug 2026"
   }
  },
  {
   "type": "Feature",
   "geometry": {
    "type": "Point",
    "coordinates": [
     73.82126,
     19.93614
    ]
   },
   "properties": {
    "Name": "Sai Lawns",
    "depot": "Nashik Road Depot",
    "locationConfidence": "verified",
    "locationSource": "NMPML (Citilinc) RTI reply 3120/2026, 17 Aug 2026"
   }
  },
  {
   "type": "Feature",
   "geometry": {
    "type": "Point",
    "coordinates": [
     73.88978,
     19.99982
    ]
   },
   "properties": {
    "Name": "Aazad Nagar (D)",
    "depot": "Nashik Road Depot",
    "side": "down",
    "locationConfidence": "verified",
    "locationSource": "NMPML (Citilinc) RTI reply 3120/2026, 17 Aug 2026"
   }
  },
  {
   "type": "Feature",
   "geometry": {
    "type": "Point",
    "coordinates": [
     73.77401,
     19.99498
    ]
   },
   "properties": {
    "Name": "Ved Mandir (U)",
    "depot": "Nashik Road Depot",
    "side": "up",
    "locationConfidence": "verified",
    "locationSource": "NMPML (Citilinc) RTI reply 3120/2026, 17 Aug 2026"
   }
  },
  {
   "type": "Feature",
   "geometry": {
    "type": "Point",
    "coordinates": [
     73.76549,
     19.96333
    ]
   },
   "properties": {
    "Name": "Departmental Office CIDCO",
    "depot": "Nashik Road Depot",
    "locationConfidence": "verified",
    "locationSource": "NMPML (Citilinc) RTI reply 3120/2026, 17 Aug 2026"
   }
  },
  {
   "type": "Feature",
   "geometry": {
    "type": "Point",
    "coordinates": [
     73.79009,
     19.97818
    ]
   },
   "properties": {
    "Name": "Sainath Nagar (D)",
    "depot": "Nashik Road Depot",
    "side": "down",
    "locationConfidence": "verified",
    "locationSource": "NMPML (Citilinc) RTI reply 3120/2026, 17 Aug 2026"
   }
  },
  {
   "type": "Feature",
   "geometry": {
    "type": "Point",
    "coordinates": [
     73.83542,
     19.94094
    ]
   },
   "properties": {
    "Name": "Sathe Nagar (U)",
    "depot": "Nashik Road Depot",
    "side": "up",
    "locationConfidence": "verified",
    "locationSource": "NMPML (Citilinc) RTI reply 3120/2026, 17 Aug 2026"
   }
  },
  {
   "type": "Feature",
   "geometry": {
    "type": "Point",
    "coordinates": [
     73.83165,
     19.89712
    ]
   },
   "properties": {
    "Name": "Workshop (D)",
    "depot": "Nashik Road Depot",
    "side": "down",
    "locationConfidence": "verified",
    "locationSource": "NMPML (Citilinc) RTI reply 3120/2026, 17 Aug 2026"
   }
  },
  {
   "type": "Feature",
   "geometry": {
    "type": "Point",
    "coordinates": [
     73.83574,
     19.94416
    ]
   },
   "properties": {
    "Name": "Deolali Gaon (U)",
    "depot": "Nashik Road Depot",
    "side": "up",
    "locationConfidence": "verified",
    "locationSource": "NMPML (Citilinc) RTI reply 3120/2026, 17 Aug 2026"
   }
  },
  {
   "type": "Feature",
   "geometry": {
    "type": "Point",
    "coordinates": [
     73.78904,
     19.9764
    ]
   },
   "properties": {
    "Name": "Jogging Track",
    "depot": "Nashik Road Depot",
    "locationConfidence": "verified",
    "locationSource": "NMPML (Citilinc) RTI reply 3120/2026, 17 Aug 2026"
   }
  },
  {
   "type": "Feature",
   "geometry": {
    "type": "Point",
    "coordinates": [
     73.83571,
     19.94471
    ]
   },
   "properties": {
    "Name": "Deolali Gaon (D)",
    "depot": "Nashik Road Depot",
    "side": "down",
    "locationConfidence": "verified",
    "locationSource": "NMPML (Citilinc) RTI reply 3120/2026, 17 Aug 2026"
   }
  },
  {
   "type": "Feature",
   "geometry": {
    "type": "Point",
    "coordinates": [
     73.59171,
     19.95459
    ]
   },
   "properties": {
    "Name": "Anjaneri Phata (U)",
    "depot": "Nashik Road Depot",
    "side": "up",
    "locationConfidence": "verified",
    "locationSource": "NMPML (Citilinc) RTI reply 3120/2026, 17 Aug 2026"
   }
  },
  {
   "type": "Feature",
   "geometry": {
    "type": "Point",
    "coordinates": [
     73.83271,
     19.90449
    ]
   },
   "properties": {
    "Name": "Deolali Naka (D)",
    "depot": "Nashik Road Depot",
    "side": "down",
    "locationConfidence": "verified",
    "locationSource": "NMPML (Citilinc) RTI reply 3120/2026, 17 Aug 2026"
   }
  },
  {
   "type": "Feature",
   "geometry": {
    "type": "Point",
    "coordinates": [
     73.91856,
     19.92301
    ]
   },
   "properties": {
    "Name": "Sai Shradha Petrol Pump",
    "depot": "Nashik Road Depot",
    "locationConfidence": "verified",
    "locationSource": "NMPML (Citilinc) RTI reply 3120/2026, 17 Aug 2026"
   }
  },
  {
   "type": "Feature",
   "geometry": {
    "type": "Point",
    "coordinates": [
     73.78803,
     20.05303
    ]
   },
   "properties": {
    "Name": "Vednagari",
    "depot": "Nashik Road Depot",
    "locationConfidence": "verified",
    "locationSource": "NMPML (Citilinc) RTI reply 3120/2026, 17 Aug 2026"
   }
  },
  {
   "type": "Feature",
   "geometry": {
    "type": "Point",
    "coordinates": [
     73.82576,
     19.90585
    ]
   },
   "properties": {
    "Name": "Deolali Camp (Old)",
    "depot": "Nashik Road Depot",
    "locationConfidence": "verified",
    "locationSource": "NMPML (Citilinc) RTI reply 3120/2026, 17 Aug 2026"
   }
  },
  {
   "type": "Feature",
   "geometry": {
    "type": "Point",
    "coordinates": [
     73.84972,
     19.94902
    ]
   },
   "properties": {
    "Name": "Sai Vishwa Society",
    "depot": "Nashik Road Depot",
    "locationConfidence": "verified",
    "locationSource": "NMPML (Citilinc) RTI reply 3120/2026, 17 Aug 2026"
   }
  },
  {
   "type": "Feature",
   "geometry": {
    "type": "Point",
    "coordinates": [
     73.75693,
     19.96898
    ]
   },
   "properties": {
    "Name": "Samaj Mandir",
    "depot": "Nashik Road Depot",
    "locationConfidence": "verified",
    "locationSource": "NMPML (Citilinc) RTI reply 3120/2026, 17 Aug 2026"
   }
  },
  {
   "type": "Feature",
   "geometry": {
    "type": "Point",
    "coordinates": [
     73.83443,
     19.93376
    ]
   },
   "properties": {
    "Name": "Maharaja (U)",
    "depot": "Nashik Road Depot",
    "side": "up",
    "locationConfidence": "verified",
    "locationSource": "NMPML (Citilinc) RTI reply 3120/2026, 17 Aug 2026"
   }
  },
  {
   "type": "Feature",
   "geometry": {
    "type": "Point",
    "coordinates": [
     73.88373,
     19.95247
    ]
   },
   "properties": {
    "Name": "Saman Gaon",
    "depot": "Nashik Road Depot",
    "locationConfidence": "verified",
    "locationSource": "NMPML (Citilinc) RTI reply 3120/2026, 17 Aug 2026"
   }
  },
  {
   "type": "Feature",
   "geometry": {
    "type": "Point",
    "coordinates": [
     73.83268,
     19.89925
    ]
   },
   "properties": {
    "Name": "Deolali Railway Station (D)",
    "depot": "Nashik Road Depot",
    "side": "down",
    "locationConfidence": "verified",
    "locationSource": "NMPML (Citilinc) RTI reply 3120/2026, 17 Aug 2026"
   }
  },
  {
   "type": "Feature",
   "geometry": {
    "type": "Point",
    "coordinates": [
     73.82739,
     19.96199
    ]
   },
   "properties": {
    "Name": "Andhshala (U)",
    "depot": "Tapovan Depot",
    "side": "up",
    "locationConfidence": "verified",
    "locationSource": "NMPML (Citilinc) RTI reply 3120/2026, 17 Aug 2026"
   }
  },
  {
   "type": "Feature",
   "geometry": {
    "type": "Point",
    "coordinates": [
     73.77715,
     19.9768
    ]
   },
   "properties": {
    "Name": "Deccan Petrol Pump (U)",
    "depot": "Tapovan Depot",
    "side": "up",
    "locationConfidence": "verified",
    "locationSource": "NMPML (Citilinc) RTI reply 3120/2026, 17 Aug 2026"
   }
  },
  {
   "type": "Feature",
   "geometry": {
    "type": "Point",
    "coordinates": [
     73.75494,
     20.00675
    ]
   },
   "properties": {
    "Name": "Samarth Nagar (U)",
    "depot": "Nashik Road Depot",
    "side": "up",
    "locationConfidence": "verified",
    "locationSource": "NMPML (Citilinc) RTI reply 3120/2026, 17 Aug 2026"
   }
  },
  {
   "type": "Feature",
   "geometry": {
    "type": "Point",
    "coordinates": [
     73.76555,
     19.99181
    ]
   },
   "properties": {
    "Name": "Chhatrapati Sambhaji Maharaj Chowk (U)",
    "depot": "Tapovan Depot",
    "side": "up",
    "locationConfidence": "verified",
    "locationSource": "NMPML (Citilinc) RTI reply 3120/2026, 17 Aug 2026"
   }
  },
  {
   "type": "Feature",
   "geometry": {
    "type": "Point",
    "coordinates": [
     73.76576,
     19.99204
    ]
   },
   "properties": {
    "Name": "Chhatrapati Sambhaji Maharaj Chowk (D)",
    "depot": "Tapovan Depot",
    "side": "down",
    "locationConfidence": "verified",
    "locationSource": "NMPML (Citilinc) RTI reply 3120/2026, 17 Aug 2026"
   }
  },
  {
   "type": "Feature",
   "geometry": {
    "type": "Point",
    "coordinates": [
     73.75781,
     19.98665
    ]
   },
   "properties": {
    "Name": "Datta Mandir (Pavan Nagar Road) (D)",
    "depot": "Tapovan Depot",
    "side": "down",
    "locationConfidence": "verified",
    "locationSource": "NMPML (Citilinc) RTI reply 3120/2026, 17 Aug 2026"
   }
  },
  {
   "type": "Feature",
   "geometry": {
    "type": "Point",
    "coordinates": [
     73.75693,
     19.96078
    ]
   },
   "properties": {
    "Name": "Chhatrapati Sambhaji Maharaj Stadium",
    "depot": "Nashik Road Depot",
    "locationConfidence": "verified",
    "locationSource": "NMPML (Citilinc) RTI reply 3120/2026, 17 Aug 2026"
   }
  },
  {
   "type": "Feature",
   "geometry": {
    "type": "Point",
    "coordinates": [
     73.66964,
     19.96879
    ]
   },
   "properties": {
    "Name": "Sandip Foundation Admin Gate (U)",
    "depot": "Nashik Road Depot",
    "side": "up",
    "locationConfidence": "verified",
    "locationSource": "NMPML (Citilinc) RTI reply 3120/2026, 17 Aug 2026"
   }
  },
  {
   "type": "Feature",
   "geometry": {
    "type": "Point",
    "coordinates": [
     74.00158,
     19.84023
    ]
   },
   "properties": {
    "Name": "Sangamner Phata (U)",
    "depot": "Tapovan Depot",
    "side": "up",
    "locationConfidence": "verified",
    "locationSource": "NMPML (Citilinc) RTI reply 3120/2026, 17 Aug 2026"
   }
  },
  {
   "type": "Feature",
   "geometry": {
    "type": "Point",
    "coordinates": [
     74.00173,
     19.84016
    ]
   },
   "properties": {
    "Name": "Sangamner Phata (D)",
    "depot": "Tapovan Depot",
    "side": "down",
    "locationConfidence": "verified",
    "locationSource": "NMPML (Citilinc) RTI reply 3120/2026, 17 Aug 2026"
   }
  },
  {
   "type": "Feature",
   "geometry": {
    "type": "Point",
    "coordinates": [
     73.79843,
     20.02091
    ]
   },
   "properties": {
    "Name": "Vidhyut Nagar (U)",
    "depot": "Nashik Road Depot",
    "side": "up",
    "locationConfidence": "verified",
    "locationSource": "NMPML (Citilinc) RTI reply 3120/2026, 17 Aug 2026"
   }
  },
  {
   "type": "Feature",
   "geometry": {
    "type": "Point",
    "coordinates": [
     73.72701,
     19.97639
    ]
   },
   "properties": {
    "Name": "Datt Mandir (Satpur Mhada Rd)",
    "depot": "Nashik Road Depot",
    "locationConfidence": "verified",
    "locationSource": "NMPML (Citilinc) RTI reply 3120/2026, 17 Aug 2026"
   }
  },
  {
   "type": "Feature",
   "geometry": {
    "type": "Point",
    "coordinates": [
     73.94341,
     19.88253
    ]
   },
   "properties": {
    "Name": "Sangle Khadi Crusher",
    "depot": "Nashik Road Depot",
    "locationConfidence": "verified",
    "locationSource": "NMPML (Citilinc) RTI reply 3120/2026, 17 Aug 2026"
   }
  },
  {
   "type": "Feature",
   "geometry": {
    "type": "Point",
    "coordinates": [
     73.93709,
     19.93456
    ]
   },
   "properties": {
    "Name": "Datt Mandir Naygaon Rd",
    "depot": "Nashik Road Depot",
    "locationConfidence": "verified",
    "locationSource": "NMPML (Citilinc) RTI reply 3120/2026, 17 Aug 2026"
   }
  },
  {
   "type": "Feature",
   "geometry": {
    "type": "Point",
    "coordinates": [
     73.83464,
     19.93664
    ]
   },
   "properties": {
    "Name": "Vihit Gaon (U)",
    "depot": "Nashik Road Depot",
    "side": "up",
    "locationConfidence": "verified",
    "locationSource": "NMPML (Citilinc) RTI reply 3120/2026, 17 Aug 2026"
   }
  },
  {
   "type": "Feature",
   "geometry": {
    "type": "Point",
    "coordinates": [
     73.66307,
     19.85489
    ]
   },
   "properties": {
    "Name": "Datt Mandir (Morambi Rd)",
    "depot": "Nashik Road Depot",
    "locationConfidence": "verified",
    "locationSource": "NMPML (Citilinc) RTI reply 3120/2026, 17 Aug 2026"
   }
  },
  {
   "type": "Feature",
   "geometry": {
    "type": "Point",
    "coordinates": [
     73.73052,
     19.97002
    ]
   },
   "properties": {
    "Name": "Sanjiv Nagar",
    "depot": "Nashik Road Depot",
    "locationConfidence": "verified",
    "locationSource": "NMPML (Citilinc) RTI reply 3120/2026, 17 Aug 2026"
   }
  },
  {
   "type": "Feature",
   "geometry": {
    "type": "Point",
    "coordinates": [
     73.78023,
     20.04172
    ]
   },
   "properties": {
    "Name": "Shanti Nagar / Sanap Dairy (U)",
    "depot": "Nashik Road Depot",
    "side": "up",
    "locationConfidence": "verified",
    "locationSource": "NMPML (Citilinc) RTI reply 3120/2026, 17 Aug 2026"
   }
  },
  {
   "type": "Feature",
   "geometry": {
    "type": "Point",
    "coordinates": [
     73.83293,
     19.90721
    ]
   },
   "properties": {
    "Name": "Sansari Naka (D)",
    "depot": "Nashik Road Depot",
    "side": "down",
    "locationConfidence": "verified",
    "locationSource": "NMPML (Citilinc) RTI reply 3120/2026, 17 Aug 2026"
   }
  },
  {
   "type": "Feature",
   "geometry": {
    "type": "Point",
    "coordinates": [
     73.84696,
     20.0201
    ]
   },
   "properties": {
    "Name": "Datt Mandir (Konark Nagar)",
    "depot": "Nashik Road Depot",
    "locationConfidence": "verified",
    "locationSource": "NMPML (Citilinc) RTI reply 3120/2026, 17 Aug 2026"
   }
  },
  {
   "type": "Feature",
   "geometry": {
    "type": "Point",
    "coordinates": [
     73.68238,
     19.92137
    ]
   },
   "properties": {
    "Name": "Datt Mandir (Jategaon Rd)",
    "depot": "Nashik Road Depot",
    "locationConfidence": "verified",
    "locationSource": "NMPML (Citilinc) RTI reply 3120/2026, 17 Aug 2026"
   }
  },
  {
   "type": "Feature",
   "geometry": {
    "type": "Point",
    "coordinates": [
     73.67994,
     19.97186
    ]
   },
   "properties": {
    "Name": "Sanskruti Hotel (U)",
    "depot": "Nashik Road Depot",
    "side": "up",
    "locationConfidence": "verified",
    "locationSource": "NMPML (Citilinc) RTI reply 3120/2026, 17 Aug 2026"
   }
  },
  {
   "type": "Feature",
   "geometry": {
    "type": "Point",
    "coordinates": [
     73.76339,
     19.97126
    ]
   },
   "properties": {
    "Name": "Dutt Chowk (U)",
    "depot": "Tapovan Depot",
    "side": "up",
    "locationConfidence": "verified",
    "locationSource": "NMPML (Citilinc) RTI reply 3120/2026, 17 Aug 2026"
   }
  },
  {
   "type": "Feature",
   "geometry": {
    "type": "Point",
    "coordinates": [
     73.93446,
     20.09585
    ]
   },
   "properties": {
    "Name": "Santoshi Mata Mandir",
    "depot": "Nashik Road Depot",
    "locationConfidence": "verified",
    "locationSource": "NMPML (Citilinc) RTI reply 3120/2026, 17 Aug 2026"
   }
  },
  {
   "type": "Feature",
   "geometry": {
    "type": "Point",
    "coordinates": [
     73.79467,
     20.03663
    ]
   },
   "properties": {
    "Name": "Saptrang Society",
    "depot": "Nashik Road Depot",
    "locationConfidence": "verified",
    "locationSource": "NMPML (Citilinc) RTI reply 3120/2026, 17 Aug 2026"
   }
  },
  {
   "type": "Feature",
   "geometry": {
    "type": "Point",
    "coordinates": [
     73.74785,
     20.01229
    ]
   },
   "properties": {
    "Name": "Aanandavalli (D)",
    "depot": "Tapovan Depot",
    "side": "down",
    "locationConfidence": "verified",
    "locationSource": "NMPML (Citilinc) RTI reply 3120/2026, 17 Aug 2026"
   }
  },
  {
   "type": "Feature",
   "geometry": {
    "type": "Point",
    "coordinates": [
     73.84476,
     19.98349
    ]
   },
   "properties": {
    "Name": "Dasak (D)",
    "depot": "Nashik Road Depot",
    "side": "down",
    "locationConfidence": "verified",
    "locationSource": "NMPML (Citilinc) RTI reply 3120/2026, 17 Aug 2026"
   }
  },
  {
   "type": "Feature",
   "geometry": {
    "type": "Point",
    "coordinates": [
     73.76305,
     19.95508
    ]
   },
   "properties": {
    "Name": "Saptshrungi Hospital (D)",
    "depot": "Nashik Road Depot",
    "side": "down",
    "locationConfidence": "verified",
    "locationSource": "NMPML (Citilinc) RTI reply 3120/2026, 17 Aug 2026"
   }
  },
  {
   "type": "Feature",
   "geometry": {
    "type": "Point",
    "coordinates": [
     73.82995,
     20.02385
    ]
   },
   "properties": {
    "Name": "Sarswati Nagar Agra Road",
    "depot": "Nashik Road Depot",
    "locationConfidence": "verified",
    "locationSource": "NMPML (Citilinc) RTI reply 3120/2026, 17 Aug 2026"
   }
  },
  {
   "type": "Feature",
   "geometry": {
    "type": "Point",
    "coordinates": [
     73.89577,
     20.06658
    ]
   },
   "properties": {
    "Name": "Saraswati Nagar (U)",
    "depot": "Nashik Road Depot",
    "side": "up",
    "locationConfidence": "verified",
    "locationSource": "NMPML (Citilinc) RTI reply 3120/2026, 17 Aug 2026"
   }
  },
  {
   "type": "Feature",
   "geometry": {
    "type": "Point",
    "coordinates": [
     73.83443,
     19.93664
    ]
   },
   "properties": {
    "Name": "Vihit Gaon (D)",
    "depot": "Nashik Road Depot",
    "side": "down",
    "locationConfidence": "verified",
    "locationSource": "NMPML (Citilinc) RTI reply 3120/2026, 17 Aug 2026"
   }
  },
  {
   "type": "Feature",
   "geometry": {
    "type": "Point",
    "coordinates": [
     73.84522,
     19.98625
    ]
   },
   "properties": {
    "Name": "Laxmi Nagar (D)",
    "depot": "Nashik Road Depot",
    "side": "down",
    "locationConfidence": "verified",
    "locationSource": "NMPML (Citilinc) RTI reply 3120/2026, 17 Aug 2026"
   }
  },
  {
   "type": "Feature",
   "geometry": {
    "type": "Point",
    "coordinates": [
     73.83095,
     19.95924
    ]
   },
   "properties": {
    "Name": "Ashirwad (U)",
    "depot": "Nashik Road Depot",
    "side": "up",
    "locationConfidence": "verified",
    "locationSource": "NMPML (Citilinc) RTI reply 3120/2026, 17 Aug 2026"
   }
  },
  {
   "type": "Feature",
   "geometry": {
    "type": "Point",
    "coordinates": [
     73.5419,
     19.94116
    ]
   },
   "properties": {
    "Name": "Dak Bangla (Guest House)",
    "depot": "Nashik Road Depot",
    "locationConfidence": "verified",
    "locationSource": "NMPML (Citilinc) RTI reply 3120/2026, 17 Aug 2026"
   }
  },
  {
   "type": "Feature",
   "geometry": {
    "type": "Point",
    "coordinates": [
     73.89568,
     20.06629
    ]
   },
   "properties": {
    "Name": "Saraswati Nagar (D)",
    "depot": "Nashik Road Depot",
    "side": "down",
    "locationConfidence": "verified",
    "locationSource": "NMPML (Citilinc) RTI reply 3120/2026, 17 Aug 2026"
   }
  },
  {
   "type": "Feature",
   "geometry": {
    "type": "Point",
    "coordinates": [
     73.54117,
     19.94075
    ]
   },
   "properties": {
    "Name": "Dak Bangla (Guest House) (D)",
    "depot": "Nashik Road Depot",
    "side": "down",
    "locationConfidence": "verified",
    "locationSource": "NMPML (Citilinc) RTI reply 3120/2026, 17 Aug 2026"
   }
  },
  {
   "type": "Feature",
   "geometry": {
    "type": "Point",
    "coordinates": [
     73.83047,
     19.94714
    ]
   },
   "properties": {
    "Name": "Anand Baxi School",
    "depot": "Nashik Road Depot",
    "locationConfidence": "verified",
    "locationSource": "NMPML (Citilinc) RTI reply 3120/2026, 17 Aug 2026"
   }
  },
  {
   "type": "Feature",
   "geometry": {
    "type": "Point",
    "coordinates": [
     73.78996,
     19.98766
    ]
   },
   "properties": {
    "Name": "Dadasaheb Hall",
    "depot": "Nashik Road Depot",
    "locationConfidence": "verified",
    "locationSource": "NMPML (Citilinc) RTI reply 3120/2026, 17 Aug 2026"
   }
  },
  {
   "type": "Feature",
   "geometry": {
    "type": "Point",
    "coordinates": [
     73.83005,
     20.02365
    ]
   },
   "properties": {
    "Name": "Sarswati Nagar R.T.O Corner Road",
    "depot": "Nashik Road Depot",
    "locationConfidence": "verified",
    "locationSource": "NMPML (Citilinc) RTI reply 3120/2026, 17 Aug 2026"
   }
  },
  {
   "type": "Feature",
   "geometry": {
    "type": "Point",
    "coordinates": [
     73.76154,
     20.01778
    ]
   },
   "properties": {
    "Name": "Dadaji Kondev Nagar",
    "depot": "Nashik Road Depot",
    "locationConfidence": "verified",
    "locationSource": "NMPML (Citilinc) RTI reply 3120/2026, 17 Aug 2026"
   }
  },
  {
   "type": "Feature",
   "geometry": {
    "type": "Point",
    "coordinates": [
     73.76668,
     19.95338
    ]
   },
   "properties": {
    "Name": "Cynus Hospital",
    "depot": "Nashik Road Depot",
    "locationConfidence": "verified",
    "locationSource": "NMPML (Citilinc) RTI reply 3120/2026, 17 Aug 2026"
   }
  },
  {
   "type": "Feature",
   "geometry": {
    "type": "Point",
    "coordinates": [
     73.71467,
     19.92161
    ]
   },
   "properties": {
    "Name": "Sarul Fata",
    "depot": "Nashik Road Depot",
    "locationConfidence": "verified",
    "locationSource": "NMPML (Citilinc) RTI reply 3120/2026, 17 Aug 2026"
   }
  },
  {
   "type": "Feature",
   "geometry": {
    "type": "Point",
    "coordinates": [
     73.73196,
     19.9905
    ]
   },
   "properties": {
    "Name": "Satpur Bus Stand (U)",
    "depot": "Nashik Road Depot",
    "side": "up",
    "locationConfidence": "verified",
    "locationSource": "NMPML (Citilinc) RTI reply 3120/2026, 17 Aug 2026"
   }
  },
  {
   "type": "Feature",
   "geometry": {
    "type": "Point",
    "coordinates": [
     73.72494,
     19.99047
    ]
   },
   "properties": {
    "Name": "Satpur Colony (D)",
    "depot": "Nashik Road Depot",
    "side": "down",
    "locationConfidence": "verified",
    "locationSource": "NMPML (Citilinc) RTI reply 3120/2026, 17 Aug 2026"
   }
  },
  {
   "type": "Feature",
   "geometry": {
    "type": "Point",
    "coordinates": [
     73.83949,
     19.96556
    ]
   },
   "properties": {
    "Name": "Press Gate (D)",
    "depot": "Nashik Road Depot",
    "side": "down",
    "locationConfidence": "verified",
    "locationSource": "NMPML (Citilinc) RTI reply 3120/2026, 17 Aug 2026"
   }
  },
  {
   "type": "Feature",
   "geometry": {
    "type": "Point",
    "coordinates": [
     73.74939,
     19.98615
    ]
   },
   "properties": {
    "Name": "Khuntwad Nagar / CITU Bhavan (U)",
    "depot": "Nashik Road Depot",
    "side": "up",
    "locationConfidence": "verified",
    "locationSource": "NMPML (Citilinc) RTI reply 3120/2026, 17 Aug 2026"
   }
  },
  {
   "type": "Feature",
   "geometry": {
    "type": "Point",
    "coordinates": [
     73.74672,
     19.94665
    ]
   },
   "properties": {
    "Name": "Falke Smarak (D)",
    "depot": "Nashik Road Depot",
    "side": "down",
    "locationConfidence": "verified",
    "locationSource": "NMPML (Citilinc) RTI reply 3120/2026, 17 Aug 2026"
   }
  },
  {
   "type": "Feature",
   "geometry": {
    "type": "Point",
    "coordinates": [
     73.72842,
     19.9897
    ]
   },
   "properties": {
    "Name": "Manpa Davakhana / Maharashtra Housing Colony Phata (D)",
    "depot": "Tapovan Depot",
    "side": "down",
    "locationConfidence": "verified",
    "locationSource": "NMPML (Citilinc) RTI reply 3120/2026, 17 Aug 2026"
   }
  },
  {
   "type": "Feature",
   "geometry": {
    "type": "Point",
    "coordinates": [
     73.76018,
     19.96813
    ]
   },
   "properties": {
    "Name": "Vijay Nagar (U)",
    "depot": "Tapovan Depot",
    "side": "up",
    "locationConfidence": "verified",
    "locationSource": "NMPML (Citilinc) RTI reply 3120/2026, 17 Aug 2026"
   }
  },
  {
   "type": "Feature",
   "geometry": {
    "type": "Point",
    "coordinates": [
     73.77135,
     19.98633
    ]
   },
   "properties": {
    "Name": "R.D. Circle (U)",
    "depot": "Nashik Road Depot",
    "side": "up",
    "locationConfidence": "verified",
    "locationSource": "NMPML (Citilinc) RTI reply 3120/2026, 17 Aug 2026"
   }
  },
  {
   "type": "Feature",
   "geometry": {
    "type": "Point",
    "coordinates": [
     73.78114,
     20.00612
    ]
   },
   "properties": {
    "Name": "Police Commissioner (D)",
    "depot": "Nashik Road Depot",
    "side": "down",
    "locationConfidence": "verified",
    "locationSource": "NMPML (Citilinc) RTI reply 3120/2026, 17 Aug 2026"
   }
  },
  {
   "type": "Feature",
   "geometry": {
    "type": "Point",
    "coordinates": [
     73.74291,
     19.992
    ]
   },
   "properties": {
    "Name": "Satpur Police Station / Sakal Office (D)",
    "depot": "Tapovan Depot",
    "side": "down",
    "locationConfidence": "verified",
    "locationSource": "NMPML (Citilinc) RTI reply 3120/2026, 17 Aug 2026"
   }
  },
  {
   "type": "Feature",
   "geometry": {
    "type": "Point",
    "coordinates": [
     73.78241,
     20.00622
    ]
   },
   "properties": {
    "Name": "Ashok Sthambh",
    "depot": "Tapovan Depot",
    "locationConfidence": "verified",
    "locationSource": "NMPML (Citilinc) RTI reply 3120/2026, 17 Aug 2026"
   }
  },
  {
   "type": "Feature",
   "geometry": {
    "type": "Point",
    "coordinates": [
     73.74128,
     19.9916
    ]
   },
   "properties": {
    "Name": "Satpur Police Station / Sakal Office (U)",
    "depot": "Tapovan Depot",
    "side": "up",
    "locationConfidence": "verified",
    "locationSource": "NMPML (Citilinc) RTI reply 3120/2026, 17 Aug 2026"
   }
  },
  {
   "type": "Feature",
   "geometry": {
    "type": "Point",
    "coordinates": [
     73.77054,
     19.94944
    ]
   },
   "properties": {
    "Name": "Sawant Chowk (U)",
    "depot": "Nashik Road Depot",
    "side": "up",
    "locationConfidence": "verified",
    "locationSource": "NMPML (Citilinc) RTI reply 3120/2026, 17 Aug 2026"
   }
  },
  {
   "type": "Feature",
   "geometry": {
    "type": "Point",
    "coordinates": [
     73.82568,
     20.01613
    ]
   },
   "properties": {
    "Name": "Amrutdham (D)",
    "depot": "Nashik Road Depot",
    "side": "down",
    "locationConfidence": "verified",
    "locationSource": "NMPML (Citilinc) RTI reply 3120/2026, 17 Aug 2026"
   }
  },
  {
   "type": "Feature",
   "geometry": {
    "type": "Point",
    "coordinates": [
     73.77902,
     19.99519
    ]
   },
   "properties": {
    "Name": "Civil Hospital (U)",
    "depot": "Nashik Road Depot",
    "side": "up",
    "locationConfidence": "verified",
    "locationSource": "NMPML (Citilinc) RTI reply 3120/2026, 17 Aug 2026"
   }
  },
  {
   "type": "Feature",
   "geometry": {
    "type": "Point",
    "coordinates": [
     73.78504,
     19.97231
    ]
   },
   "properties": {
    "Name": "Savarkar Chowk",
    "depot": "Nashik Road Depot",
    "locationConfidence": "verified",
    "locationSource": "NMPML (Citilinc) RTI reply 3120/2026, 17 Aug 2026"
   }
  },
  {
   "type": "Feature",
   "geometry": {
    "type": "Point",
    "coordinates": [
     73.71934,
     19.98863
    ]
   },
   "properties": {
    "Name": "Savarkar Nagar (U)",
    "depot": "Tapovan Depot",
    "side": "up",
    "locationConfidence": "verified",
    "locationSource": "NMPML (Citilinc) RTI reply 3120/2026, 17 Aug 2026"
   }
  },
  {
   "type": "Feature",
   "geometry": {
    "type": "Point",
    "coordinates": [
     73.75487,
     20.01882
    ]
   },
   "properties": {
    "Name": "Savarkar Nagar / Asaram Bapu Aashram",
    "depot": "Nashik Road Depot",
    "locationConfidence": "verified",
    "locationSource": "NMPML (Citilinc) RTI reply 3120/2026, 17 Aug 2026"
   }
  },
  {
   "type": "Feature",
   "geometry": {
    "type": "Point",
    "coordinates": [
     73.76405,
     19.99044
    ]
   },
   "properties": {
    "Name": "City Centre Mall",
    "depot": "Nashik Road Depot",
    "locationConfidence": "verified",
    "locationSource": "NMPML (Citilinc) RTI reply 3120/2026, 17 Aug 2026"
   }
  },
  {
   "type": "Feature",
   "geometry": {
    "type": "Point",
    "coordinates": [
     73.77139,
     19.97135
    ]
   },
   "properties": {
    "Name": "CIDCO Office (U)",
    "depot": "Nashik Road Depot",
    "side": "up",
    "locationConfidence": "verified",
    "locationSource": "NMPML (Citilinc) RTI reply 3120/2026, 17 Aug 2026"
   }
  },
  {
   "type": "Feature",
   "geometry": {
    "type": "Point",
    "coordinates": [
     73.75341,
     20.01203
    ]
   },
   "properties": {
    "Name": "Savarkar Nagar 1 (U)",
    "depot": "Nashik Road Depot",
    "side": "up",
    "locationConfidence": "verified",
    "locationSource": "NMPML (Citilinc) RTI reply 3120/2026, 17 Aug 2026"
   }
  },
  {
   "type": "Feature",
   "geometry": {
    "type": "Point",
    "coordinates": [
     73.7811,
     19.96735
    ]
   },
   "properties": {
    "Name": "Church",
    "depot": "Nashik Road Depot",
    "locationConfidence": "verified",
    "locationSource": "NMPML (Citilinc) RTI reply 3120/2026, 17 Aug 2026"
   }
  },
  {
   "type": "Feature",
   "geometry": {
    "type": "Point",
    "coordinates": [
     73.75324,
     20.01219
    ]
   },
   "properties": {
    "Name": "Savarkar Nagar 1 (D)",
    "depot": "Tapovan Depot",
    "side": "down",
    "locationConfidence": "verified",
    "locationSource": "NMPML (Citilinc) RTI reply 3120/2026, 17 Aug 2026"
   }
  },
  {
   "type": "Feature",
   "geometry": {
    "type": "Point",
    "coordinates": [
     73.75533,
     19.98054
    ]
   },
   "properties": {
    "Name": "Savata Nagar (U)",
    "depot": "Tapovan Depot",
    "side": "up",
    "locationConfidence": "verified",
    "locationSource": "NMPML (Citilinc) RTI reply 3120/2026, 17 Aug 2026"
   }
  },
  {
   "type": "Feature",
   "geometry": {
    "type": "Point",
    "coordinates": [
     73.826,
     20.01694
    ]
   },
   "properties": {
    "Name": "AmrutDham (U)",
    "depot": "Nashik Road Depot",
    "side": "up",
    "locationConfidence": "verified",
    "locationSource": "NMPML (Citilinc) RTI reply 3120/2026, 17 Aug 2026"
   }
  },
  {
   "type": "Feature",
   "geometry": {
    "type": "Point",
    "coordinates": [
     73.73152,
     19.96813
    ]
   },
   "properties": {
    "Name": "Chunchale Fata",
    "depot": "Nashik Road Depot",
    "locationConfidence": "verified",
    "locationSource": "NMPML (Citilinc) RTI reply 3120/2026, 17 Aug 2026"
   }
  },
  {
   "type": "Feature",
   "geometry": {
    "type": "Point",
    "coordinates": [
     73.78601,
     19.99884
    ]
   },
   "properties": {
    "Name": "Shalimar (D)",
    "depot": "Nashik Road Depot",
    "side": "down",
    "locationConfidence": "verified",
    "locationSource": "NMPML (Citilinc) RTI reply 3120/2026, 17 Aug 2026"
   }
  },
  {
   "type": "Feature",
   "geometry": {
    "type": "Point",
    "coordinates": [
     73.93318,
     19.89125
    ]
   },
   "properties": {
    "Name": "Vikhe Patil Engg. College (U)",
    "depot": "Tapovan Depot",
    "side": "up",
    "locationConfidence": "verified",
    "locationSource": "NMPML (Citilinc) RTI reply 3120/2026, 17 Aug 2026"
   }
  },
  {
   "type": "Feature",
   "geometry": {
    "type": "Point",
    "coordinates": [
     73.88019,
     19.92309
    ]
   },
   "properties": {
    "Name": "Choudhary Builder",
    "depot": "Nashik Road Depot",
    "locationConfidence": "verified",
    "locationSource": "NMPML (Citilinc) RTI reply 3120/2026, 17 Aug 2026"
   }
  },
  {
   "type": "Feature",
   "geometry": {
    "type": "Point",
    "coordinates": [
     73.72658,
     19.9505
    ]
   },
   "properties": {
    "Name": "Aarti Company",
    "depot": "Nashik Road Depot",
    "locationConfidence": "verified",
    "locationSource": "NMPML (Citilinc) RTI reply 3120/2026, 17 Aug 2026"
   }
  },
  {
   "type": "Feature",
   "geometry": {
    "type": "Point",
    "coordinates": [
     73.87874,
     19.92391
    ]
   },
   "properties": {
    "Name": "Choudhary Buider ST Colony 2",
    "depot": "Nashik Road Depot",
    "locationConfidence": "verified",
    "locationSource": "NMPML (Citilinc) RTI reply 3120/2026, 17 Aug 2026"
   }
  },
  {
   "type": "Feature",
   "geometry": {
    "type": "Point",
    "coordinates": [
     73.7937,
     20.01777
    ]
   },
   "properties": {
    "Name": "Shani Mandir (Peth Rd)",
    "depot": "Nashik Road Depot",
    "locationConfidence": "verified",
    "locationSource": "NMPML (Citilinc) RTI reply 3120/2026, 17 Aug 2026"
   }
  },
  {
   "type": "Feature",
   "geometry": {
    "type": "Point",
    "coordinates": [
     73.75382,
     19.97948
    ]
   },
   "properties": {
    "Name": "Shankar Chowk (U)",
    "depot": "Tapovan Depot",
    "side": "up",
    "locationConfidence": "verified",
    "locationSource": "NMPML (Citilinc) RTI reply 3120/2026, 17 Aug 2026"
   }
  },
  {
   "type": "Feature",
   "geometry": {
    "type": "Point",
    "coordinates": [
     73.80557,
     19.99458
    ]
   },
   "properties": {
    "Name": "Shankar Nagar",
    "depot": "Nashik Road Depot",
    "locationConfidence": "verified",
    "locationSource": "NMPML (Citilinc) RTI reply 3120/2026, 17 Aug 2026"
   }
  },
  {
   "type": "Feature",
   "geometry": {
    "type": "Point",
    "coordinates": [
     73.95527,
     20.00477
    ]
   },
   "properties": {
    "Name": "Chitegaon Phata (D)",
    "depot": "Nashik Road Depot",
    "side": "down",
    "locationConfidence": "verified",
    "locationSource": "NMPML (Citilinc) RTI reply 3120/2026, 17 Aug 2026"
   }
  },
  {
   "type": "Feature",
   "geometry": {
    "type": "Point",
    "coordinates": [
     73.76792,
     20.01485
    ]
   },
   "properties": {
    "Name": "Chintamani Lowns",
    "depot": "Nashik Road Depot",
    "locationConfidence": "verified",
    "locationSource": "NMPML (Citilinc) RTI reply 3120/2026, 17 Aug 2026"
   }
  },
  {
   "type": "Feature",
   "geometry": {
    "type": "Point",
    "coordinates": [
     73.78035,
     20.0414
    ]
   },
   "properties": {
    "Name": "Shanti Nagar / Sanap Dairy (D)",
    "depot": "Nashik Road Depot",
    "side": "down",
    "locationConfidence": "verified",
    "locationSource": "NMPML (Citilinc) RTI reply 3120/2026, 17 Aug 2026"
   }
  },
  {
   "type": "Feature",
   "geometry": {
    "type": "Point",
    "coordinates": [
     73.79927,
     20.05061
    ]
   },
   "properties": {
    "Name": "Pushpak Nagar",
    "depot": "Nashik Road Depot",
    "locationConfidence": "verified",
    "locationSource": "NMPML (Citilinc) RTI reply 3120/2026, 17 Aug 2026"
   }
  },
  {
   "type": "Feature",
   "geometry": {
    "type": "Point",
    "coordinates": [
     73.84402,
     20.00281
    ]
   },
   "properties": {
    "Name": "Shewanta Lawns (U)",
    "depot": "Nashik Road Depot",
    "side": "up",
    "locationConfidence": "verified",
    "locationSource": "NMPML (Citilinc) RTI reply 3120/2026, 17 Aug 2026"
   }
  },
  {
   "type": "Feature",
   "geometry": {
    "type": "Point",
    "coordinates": [
     73.91698,
     19.90232
    ]
   },
   "properties": {
    "Name": "Chincholi Phata (U)",
    "depot": "Tapovan Depot",
    "side": "up",
    "locationConfidence": "verified",
    "locationSource": "NMPML (Citilinc) RTI reply 3120/2026, 17 Aug 2026"
   }
  },
  {
   "type": "Feature",
   "geometry": {
    "type": "Point",
    "coordinates": [
     73.73637,
     19.96318
    ]
   },
   "properties": {
    "Name": "Xlo Point (U)",
    "depot": "Tapovan Depot",
    "side": "up",
    "locationConfidence": "verified",
    "locationSource": "NMPML (Citilinc) RTI reply 3120/2026, 17 Aug 2026"
   }
  },
  {
   "type": "Feature",
   "geometry": {
    "type": "Point",
    "coordinates": [
     73.72732,
     19.96493
    ]
   },
   "properties": {
    "Name": "Chinchole Navin Gaon",
    "depot": "Nashik Road Depot",
    "locationConfidence": "verified",
    "locationSource": "NMPML (Citilinc) RTI reply 3120/2026, 17 Aug 2026"
   }
  },
  {
   "type": "Feature",
   "geometry": {
    "type": "Point",
    "coordinates": [
     73.89894,
     19.99634
    ]
   },
   "properties": {
    "Name": "Shilapur (D)",
    "depot": "Tapovan Depot",
    "side": "down",
    "locationConfidence": "verified",
    "locationSource": "NMPML (Citilinc) RTI reply 3120/2026, 17 Aug 2026"
   }
  },
  {
   "type": "Feature",
   "geometry": {
    "type": "Point",
    "coordinates": [
     73.72602,
     19.9654
    ]
   },
   "properties": {
    "Name": "Chunchale Gaon",
    "depot": "Tapovan Depot",
    "locationConfidence": "verified",
    "locationSource": "NMPML (Citilinc) RTI reply 3120/2026, 17 Aug 2026"
   }
  },
  {
   "type": "Feature",
   "geometry": {
    "type": "Point",
    "coordinates": [
     73.76623,
     19.96391
    ]
   },
   "properties": {
    "Name": "Chetna Nagar",
    "depot": "Nashik Road Depot",
    "locationConfidence": "verified",
    "locationSource": "NMPML (Citilinc) RTI reply 3120/2026, 17 Aug 2026"
   }
  },
  {
   "type": "Feature",
   "geometry": {
    "type": "Point",
    "coordinates": [
     73.96273,
     20.09016
    ]
   },
   "properties": {
    "Name": "Shiledar Wadi",
    "depot": "Nashik Road Depot",
    "locationConfidence": "verified",
    "locationSource": "NMPML (Citilinc) RTI reply 3120/2026, 17 Aug 2026"
   }
  },
  {
   "type": "Feature",
   "geometry": {
    "type": "Point",
    "coordinates": [
     73.74151,
     19.97204
    ]
   },
   "properties": {
    "Name": "Vikhe Patil Shala",
    "depot": "Nashik Road Depot",
    "locationConfidence": "verified",
    "locationSource": "NMPML (Citilinc) RTI reply 3120/2026, 17 Aug 2026"
   }
  },
  {
   "type": "Feature",
   "geometry": {
    "type": "Point",
    "coordinates": [
     73.86791,
     19.97568
    ]
   },
   "properties": {
    "Name": "Chemri No",
    "depot": "Nashik Road Depot",
    "locationConfidence": "verified",
    "locationSource": "NMPML (Citilinc) RTI reply 3120/2026, 17 Aug 2026"
   }
  },
  {
   "type": "Feature",
   "geometry": {
    "type": "Point",
    "coordinates": [
     73.83394,
     19.92615
    ]
   },
   "properties": {
    "Name": "6 No Naka (U)",
    "depot": "Nashik Road Depot",
    "side": "up",
    "locationConfidence": "verified",
    "locationSource": "NMPML (Citilinc) RTI reply 3120/2026, 17 Aug 2026"
   }
  },
  {
   "type": "Feature",
   "geometry": {
    "type": "Point",
    "coordinates": [
     73.85285,
     19.94106
    ]
   },
   "properties": {
    "Name": "Chehedi Shiv Road / Bogda (NRD) (D)",
    "depot": "Nashik Road Depot",
    "side": "down",
    "locationConfidence": "verified",
    "locationSource": "NMPML (Citilinc) RTI reply 3120/2026, 17 Aug 2026"
   }
  },
  {
   "type": "Feature",
   "geometry": {
    "type": "Point",
    "coordinates": [
     73.89854,
     19.91512
    ]
   },
   "properties": {
    "Name": "Shinde Gaon (U)",
    "depot": "Tapovan Depot",
    "side": "up",
    "locationConfidence": "verified",
    "locationSource": "NMPML (Citilinc) RTI reply 3120/2026, 17 Aug 2026"
   }
  },
  {
   "type": "Feature",
   "geometry": {
    "type": "Point",
    "coordinates": [
     73.85886,
     19.9368
    ]
   },
   "properties": {
    "Name": "Chehdi Pumping / Navmika School (U)",
    "depot": "Nashik Road Depot",
    "side": "up",
    "locationConfidence": "verified",
    "locationSource": "NMPML (Citilinc) RTI reply 3120/2026, 17 Aug 2026"
   }
  },
  {
   "type": "Feature",
   "geometry": {
    "type": "Point",
    "coordinates": [
     73.75701,
     19.94223
    ]
   },
   "properties": {
    "Name": "Amruta Nagar / Mauli Nagar",
    "depot": "Nashik Road Depot",
    "locationConfidence": "verified",
    "locationSource": "NMPML (Citilinc) RTI reply 3120/2026, 17 Aug 2026"
   }
  },
  {
   "type": "Feature",
   "geometry": {
    "type": "Point",
    "coordinates": [
     73.86077,
     19.93523
    ]
   },
   "properties": {
    "Name": "Chehdi Gaon",
    "depot": "Nashik Road Depot",
    "locationConfidence": "verified",
    "locationSource": "NMPML (Citilinc) RTI reply 3120/2026, 17 Aug 2026"
   }
  },
  {
   "type": "Feature",
   "geometry": {
    "type": "Point",
    "coordinates": [
     73.789,
     20.05134
    ]
   },
   "properties": {
    "Name": "Shinde Mala (Peth Rd) (U)",
    "depot": "Nashik Road Depot",
    "side": "up",
    "locationConfidence": "verified",
    "locationSource": "NMPML (Citilinc) RTI reply 3120/2026, 17 Aug 2026"
   }
  },
  {
   "type": "Feature",
   "geometry": {
    "type": "Point",
    "coordinates": [
     73.93701,
     20.0009
    ]
   },
   "properties": {
    "Name": "Chehedi (D)",
    "depot": "Tapovan Depot",
    "side": "down",
    "locationConfidence": "verified",
    "locationSource": "NMPML (Citilinc) RTI reply 3120/2026, 17 Aug 2026"
   }
  },
  {
   "type": "Feature",
   "geometry": {
    "type": "Point",
    "coordinates": [
     73.93686,
     20.00102
    ]
   },
   "properties": {
    "Name": "Chehedi (U)",
    "depot": "Nashik Road Depot",
    "side": "up",
    "locationConfidence": "verified",
    "locationSource": "NMPML (Citilinc) RTI reply 3120/2026, 17 Aug 2026"
   }
  },
  {
   "type": "Feature",
   "geometry": {
    "type": "Point",
    "coordinates": [
     73.78524,
     20.02299
    ]
   },
   "properties": {
    "Name": "Shinde Nagar (D)",
    "depot": "Nashik Road Depot",
    "side": "down",
    "locationConfidence": "verified",
    "locationSource": "NMPML (Citilinc) RTI reply 3120/2026, 17 Aug 2026"
   }
  },
  {
   "type": "Feature",
   "geometry": {
    "type": "Point",
    "coordinates": [
     73.91624,
     19.93241
    ]
   },
   "properties": {
    "Name": "Chari (Chandgiri)",
    "depot": "Nashik Road Depot",
    "locationConfidence": "verified",
    "locationSource": "NMPML (Citilinc) RTI reply 3120/2026, 17 Aug 2026"
   }
  },
  {
   "type": "Feature",
   "geometry": {
    "type": "Point",
    "coordinates": [
     74.0029,
     19.84532
    ]
   },
   "properties": {
    "Name": "Vavi Ves (Shirdi Phata) (D)",
    "depot": "Nashik Road Depot",
    "side": "down",
    "locationConfidence": "verified",
    "locationSource": "NMPML (Citilinc) RTI reply 3120/2026, 17 Aug 2026"
   }
  },
  {
   "type": "Feature",
   "geometry": {
    "type": "Point",
    "coordinates": [
     73.80437,
     20.01168
    ]
   },
   "properties": {
    "Name": "Khode Nagar / Hirawadi (D)",
    "depot": "Nashik Road Depot",
    "side": "down",
    "locationConfidence": "verified",
    "locationSource": "NMPML (Citilinc) RTI reply 3120/2026, 17 Aug 2026"
   }
  },
  {
   "type": "Feature",
   "geometry": {
    "type": "Point",
    "coordinates": [
     73.76941,
     19.97672
    ]
   },
   "properties": {
    "Name": "Chhatrapati Shivaji Maharaj Chowk (U)",
    "depot": "Tapovan Depot",
    "side": "up",
    "locationConfidence": "verified",
    "locationSource": "NMPML (Citilinc) RTI reply 3120/2026, 17 Aug 2026"
   }
  },
  {
   "type": "Feature",
   "geometry": {
    "type": "Point",
    "coordinates": [
     73.84123,
     19.9746
    ]
   },
   "properties": {
    "Name": "Chhatrpati Shivaji Maharaj Nagar (D)",
    "depot": "Nashik Road Depot",
    "side": "down",
    "locationConfidence": "verified",
    "locationSource": "NMPML (Citilinc) RTI reply 3120/2026, 17 Aug 2026"
   }
  },
  {
   "type": "Feature",
   "geometry": {
    "type": "Point",
    "coordinates": [
     73.7242,
     19.98942
    ]
   },
   "properties": {
    "Name": "Samta Nagar (D)",
    "depot": "Tapovan Depot",
    "side": "down",
    "locationConfidence": "verified",
    "locationSource": "NMPML (Citilinc) RTI reply 3120/2026, 17 Aug 2026"
   }
  },
  {
   "type": "Feature",
   "geometry": {
    "type": "Point",
    "coordinates": [
     74.00794,
     20.01164
    ]
   },
   "properties": {
    "Name": "Saikheda Chofulli (D)",
    "depot": "Nashik Road Depot",
    "side": "down",
    "locationConfidence": "verified",
    "locationSource": "NMPML (Citilinc) RTI reply 3120/2026, 17 Aug 2026"
   }
  },
  {
   "type": "Feature",
   "geometry": {
    "type": "Point",
    "coordinates": [
     73.71162,
     20.00578
    ]
   },
   "properties": {
    "Name": "Chhatrapati Shivaji Maharaj Nagar (Bardan Phata Road) (U)",
    "depot": "Tapovan Depot",
    "side": "up",
    "locationConfidence": "verified",
    "locationSource": "NMPML (Citilinc) RTI reply 3120/2026, 17 Aug 2026"
   }
  },
  {
   "type": "Feature",
   "geometry": {
    "type": "Point",
    "coordinates": [
     73.75862,
     19.94986
    ]
   },
   "properties": {
    "Name": "Vikrikar Bhavan",
    "depot": "Nashik Road Depot",
    "locationConfidence": "verified",
    "locationSource": "NMPML (Citilinc) RTI reply 3120/2026, 17 Aug 2026"
   }
  },
  {
   "type": "Feature",
   "geometry": {
    "type": "Point",
    "coordinates": [
     73.84025,
     19.95157
    ]
   },
   "properties": {
    "Name": "Chhatrapati Shivaji Maharaj Putla",
    "depot": "Nashik Road Depot",
    "locationConfidence": "verified",
    "locationSource": "NMPML (Citilinc) RTI reply 3120/2026, 17 Aug 2026"
   }
  },
  {
   "type": "Feature",
   "geometry": {
    "type": "Point",
    "coordinates": [
     73.95898,
     20.04765
    ]
   },
   "properties": {
    "Name": "Shivkrupa Nagar (Khervadi)",
    "depot": "Nashik Road Depot",
    "locationConfidence": "verified",
    "locationSource": "NMPML (Citilinc) RTI reply 3120/2026, 17 Aug 2026"
   }
  },
  {
   "type": "Feature",
   "geometry": {
    "type": "Point",
    "coordinates": [
     73.74367,
     20.05426
    ]
   },
   "properties": {
    "Name": "Chandashi Fata",
    "depot": "Nashik Road Depot",
    "locationConfidence": "verified",
    "locationSource": "NMPML (Citilinc) RTI reply 3120/2026, 17 Aug 2026"
   }
  },
  {
   "type": "Feature",
   "geometry": {
    "type": "Point",
    "coordinates": [
     73.6572,
     19.92251
    ]
   },
   "properties": {
    "Name": "Shivrsta",
    "depot": "Nashik Road Depot",
    "locationConfidence": "verified",
    "locationSource": "NMPML (Citilinc) RTI reply 3120/2026, 17 Aug 2026"
   }
  },
  {
   "type": "Feature",
   "geometry": {
    "type": "Point",
    "coordinates": [
     73.71651,
     19.92491
    ]
   },
   "properties": {
    "Name": "Vilholi Gaon (D)",
    "depot": "Nashik Road Depot",
    "side": "down",
    "locationConfidence": "verified",
    "locationSource": "NMPML (Citilinc) RTI reply 3120/2026, 17 Aug 2026"
   }
  },
  {
   "type": "Feature",
   "geometry": {
    "type": "Point",
    "coordinates": [
     73.77631,
     19.99304
    ]
   },
   "properties": {
    "Name": "Chandak Circle",
    "depot": "Nashik Road Depot",
    "locationConfidence": "verified",
    "locationSource": "NMPML (Citilinc) RTI reply 3120/2026, 17 Aug 2026"
   }
  },
  {
   "type": "Feature",
   "geometry": {
    "type": "Point",
    "coordinates": [
     73.80551,
     19.97977
    ]
   },
   "properties": {
    "Name": "Chaitra Palvi Society",
    "depot": "Nashik Road Depot",
    "locationConfidence": "verified",
    "locationSource": "NMPML (Citilinc) RTI reply 3120/2026, 17 Aug 2026"
   }
  },
  {
   "type": "Feature",
   "geometry": {
    "type": "Point",
    "coordinates": [
     73.77133,
     19.97505
    ]
   },
   "properties": {
    "Name": "Shopping Centre (U)",
    "depot": "Tapovan Depot",
    "side": "up",
    "locationConfidence": "verified",
    "locationSource": "NMPML (Citilinc) RTI reply 3120/2026, 17 Aug 2026"
   }
  },
  {
   "type": "Feature",
   "geometry": {
    "type": "Point",
    "coordinates": [
     73.71653,
     19.92423
    ]
   },
   "properties": {
    "Name": "Vilholi Gaon (U)",
    "depot": "Nashik Road Depot",
    "side": "up",
    "locationConfidence": "verified",
    "locationSource": "NMPML (Citilinc) RTI reply 3120/2026, 17 Aug 2026"
   }
  },
  {
   "type": "Feature",
   "geometry": {
    "type": "Point",
    "coordinates": [
     73.88064,
     19.95215
    ]
   },
   "properties": {
    "Name": "Chade Gaon",
    "depot": "Nashik Road Depot",
    "locationConfidence": "verified",
    "locationSource": "NMPML (Citilinc) RTI reply 3120/2026, 17 Aug 2026"
   }
  },
  {
   "type": "Feature",
   "geometry": {
    "type": "Point",
    "coordinates": [
     73.80556,
     20.06175
    ]
   },
   "properties": {
    "Name": "Shubhechha Lawns",
    "depot": "Nashik Road Depot",
    "locationConfidence": "verified",
    "locationSource": "NMPML (Citilinc) RTI reply 3120/2026, 17 Aug 2026"
   }
  },
  {
   "type": "Feature",
   "geometry": {
    "type": "Point",
    "coordinates": [
     73.82505,
     19.93693
    ]
   },
   "properties": {
    "Name": "Siddheshwar Mandir",
    "depot": "Nashik Road Depot",
    "locationConfidence": "verified",
    "locationSource": "NMPML (Citilinc) RTI reply 3120/2026, 17 Aug 2026"
   }
  },
  {
   "type": "Feature",
   "geometry": {
    "type": "Point",
    "coordinates": [
     73.74624,
     19.97317
    ]
   },
   "properties": {
    "Name": "Aamrapali Lawns",
    "depot": "Nashik Road Depot",
    "locationConfidence": "verified",
    "locationSource": "NMPML (Citilinc) RTI reply 3120/2026, 17 Aug 2026"
   }
  },
  {
   "type": "Feature",
   "geometry": {
    "type": "Point",
    "coordinates": [
     73.82038,
     20.00712
    ]
   },
   "properties": {
    "Name": "Kapaleswar Nagar (D)",
    "depot": "Nashik Road Depot",
    "side": "down",
    "locationConfidence": "verified",
    "locationSource": "NMPML (Citilinc) RTI reply 3120/2026, 17 Aug 2026"
   }
  },
  {
   "type": "Feature",
   "geometry": {
    "type": "Point",
    "coordinates": [
     73.83098,
     20.00228
    ]
   },
   "properties": {
    "Name": "Nilgiri Bag (Siddhi Vinayak) (D)",
    "depot": "Nashik Road Depot",
    "side": "down",
    "locationConfidence": "verified",
    "locationSource": "NMPML (Citilinc) RTI reply 3120/2026, 17 Aug 2026"
   }
  },
  {
   "type": "Feature",
   "geometry": {
    "type": "Point",
    "coordinates": [
     73.72361,
     20.00153
    ]
   },
   "properties": {
    "Name": "Ceat (D)",
    "depot": "Nashik Road Depot",
    "side": "down",
    "locationConfidence": "verified",
    "locationSource": "NMPML (Citilinc) RTI reply 3120/2026, 17 Aug 2026"
   }
  },
  {
   "type": "Feature",
   "geometry": {
    "type": "Point",
    "coordinates": [
     73.76285,
     19.96577
    ]
   },
   "properties": {
    "Name": "Ambad Police Station",
    "depot": "Nashik Road Depot",
    "locationConfidence": "verified",
    "locationSource": "NMPML (Citilinc) RTI reply 3120/2026, 17 Aug 2026"
   }
  },
  {
   "type": "Feature",
   "geometry": {
    "type": "Point",
    "coordinates": [
     73.72358,
     20.00144
    ]
   },
   "properties": {
    "Name": "Ceat (U)",
    "depot": "Tapovan Depot",
    "side": "up",
    "locationConfidence": "verified",
    "locationSource": "NMPML (Citilinc) RTI reply 3120/2026, 17 Aug 2026"
   }
  },
  {
   "type": "Feature",
   "geometry": {
    "type": "Point",
    "coordinates": [
     73.83178,
     20.00204
    ]
   },
   "properties": {
    "Name": "Nilgiri Bag (Siddhi Vinayak) (U)",
    "depot": "Nashik Road Depot",
    "side": "up",
    "locationConfidence": "verified",
    "locationSource": "NMPML (Citilinc) RTI reply 3120/2026, 17 Aug 2026"
   }
  },
  {
   "type": "Feature",
   "geometry": {
    "type": "Point",
    "coordinates": [
     73.74068,
     20.05412
    ]
   },
   "properties": {
    "Name": "Siddhivinayak Service Station",
    "depot": "Nashik Road Depot",
    "locationConfidence": "verified",
    "locationSource": "NMPML (Citilinc) RTI reply 3120/2026, 17 Aug 2026"
   }
  },
  {
   "type": "Feature",
   "geometry": {
    "type": "Point",
    "coordinates": [
     73.80307,
     19.98447
    ]
   },
   "properties": {
    "Name": "Siddharth Hotel (U)",
    "depot": "Nashik Road Depot",
    "side": "up",
    "locationConfidence": "verified",
    "locationSource": "NMPML (Citilinc) RTI reply 3120/2026, 17 Aug 2026"
   }
  },
  {
   "type": "Feature",
   "geometry": {
    "type": "Point",
    "coordinates": [
     73.8924,
     20.03825
    ]
   },
   "properties": {
    "Name": "C.C.A. Nagar",
    "depot": "Nashik Road Depot",
    "locationConfidence": "verified",
    "locationSource": "NMPML (Citilinc) RTI reply 3120/2026, 17 Aug 2026"
   }
  },
  {
   "type": "Feature",
   "geometry": {
    "type": "Point",
    "coordinates": [
     73.79133,
     19.98031
    ]
   },
   "properties": {
    "Name": "Vinay Nagar",
    "depot": "Nashik Road Depot",
    "locationConfidence": "verified",
    "locationSource": "NMPML (Citilinc) RTI reply 3120/2026, 17 Aug 2026"
   }
  },
  {
   "type": "Feature",
   "geometry": {
    "type": "Point",
    "coordinates": [
     73.78337,
     20.00284
    ]
   },
   "properties": {
    "Name": "CBS 2 (U)",
    "depot": "Tapovan Depot",
    "side": "up",
    "locationConfidence": "verified",
    "locationSource": "NMPML (Citilinc) RTI reply 3120/2026, 17 Aug 2026"
   }
  },
  {
   "type": "Feature",
   "geometry": {
    "type": "Point",
    "coordinates": [
     73.73502,
     19.95663
    ]
   },
   "properties": {
    "Name": "Siemens (U)",
    "depot": "Nashik Road Depot",
    "side": "up",
    "locationConfidence": "verified",
    "locationSource": "NMPML (Citilinc) RTI reply 3120/2026, 17 Aug 2026"
   }
  },
  {
   "type": "Feature",
   "geometry": {
    "type": "Point",
    "coordinates": [
     73.78304,
     20.0008
    ]
   },
   "properties": {
    "Name": "CBS 1 (U)",
    "depot": "Nashik Road Depot",
    "side": "up",
    "locationConfidence": "verified",
    "locationSource": "NMPML (Citilinc) RTI reply 3120/2026, 17 Aug 2026"
   }
  },
  {
   "type": "Feature",
   "geometry": {
    "type": "Point",
    "coordinates": [
     73.6882,
     19.97707
    ]
   },
   "properties": {
    "Name": "Vincent School",
    "depot": "Nashik Road Depot",
    "locationConfidence": "verified",
    "locationSource": "NMPML (Citilinc) RTI reply 3120/2026, 17 Aug 2026"
   }
  },
  {
   "type": "Feature",
   "geometry": {
    "type": "Point",
    "coordinates": [
     73.78327,
     20.00322
    ]
   },
   "properties": {
    "Name": "CBS 3 (U)",
    "depot": "Tapovan Depot",
    "side": "up",
    "locationConfidence": "verified",
    "locationSource": "NMPML (Citilinc) RTI reply 3120/2026, 17 Aug 2026"
   }
  },
  {
   "type": "Feature",
   "geometry": {
    "type": "Point",
    "coordinates": [
     73.76068,
     19.96313
    ]
   },
   "properties": {
    "Name": "Sinhastha Nagar",
    "depot": "Nashik Road Depot",
    "locationConfidence": "verified",
    "locationSource": "NMPML (Citilinc) RTI reply 3120/2026, 17 Aug 2026"
   }
  },
  {
   "type": "Feature",
   "geometry": {
    "type": "Point",
    "coordinates": [
     73.71712,
     20.00199
    ]
   },
   "properties": {
    "Name": "Carbon Vegetable Market (U)",
    "depot": "Tapovan Depot",
    "side": "up",
    "locationConfidence": "verified",
    "locationSource": "NMPML (Citilinc) RTI reply 3120/2026, 17 Aug 2026"
   }
  },
  {
   "type": "Feature",
   "geometry": {
    "type": "Point",
    "coordinates": [
     73.8973,
     19.98639
    ]
   },
   "properties": {
    "Name": "Cement Factory",
    "depot": "Nashik Road Depot",
    "locationConfidence": "verified",
    "locationSource": "NMPML (Citilinc) RTI reply 3120/2026, 17 Aug 2026"
   }
  },
  {
   "type": "Feature",
   "geometry": {
    "type": "Point",
    "coordinates": [
     73.99325,
     19.84429
    ]
   },
   "properties": {
    "Name": "Sinnar Bus Stand (U)",
    "depot": "Tapovan Depot",
    "side": "up",
    "locationConfidence": "verified",
    "locationSource": "NMPML (Citilinc) RTI reply 3120/2026, 17 Aug 2026"
   }
  },
  {
   "type": "Feature",
   "geometry": {
    "type": "Point",
    "coordinates": [
     73.71134,
     20.00235
    ]
   },
   "properties": {
    "Name": "Carbon Naka (U)",
    "depot": "Tapovan Depot",
    "side": "up",
    "locationConfidence": "verified",
    "locationSource": "NMPML (Citilinc) RTI reply 3120/2026, 17 Aug 2026"
   }
  },
  {
   "type": "Feature",
   "geometry": {
    "type": "Point",
    "coordinates": [
     73.98565,
     19.85108
    ]
   },
   "properties": {
    "Name": "Sinnar Mahavidyalaya (U)",
    "depot": "Tapovan Depot",
    "side": "up",
    "locationConfidence": "verified",
    "locationSource": "NMPML (Citilinc) RTI reply 3120/2026, 17 Aug 2026"
   }
  },
  {
   "type": "Feature",
   "geometry": {
    "type": "Point",
    "coordinates": [
     73.71736,
     20.00209
    ]
   },
   "properties": {
    "Name": "Carbon Vegetable Market (D)",
    "depot": "Nashik Road Depot",
    "side": "down",
    "locationConfidence": "verified",
    "locationSource": "NMPML (Citilinc) RTI reply 3120/2026, 17 Aug 2026"
   }
  },
  {
   "type": "Feature",
   "geometry": {
    "type": "Point",
    "coordinates": [
     73.72407,
     19.98608
    ]
   },
   "properties": {
    "Name": "Satpur Colony (D)",
    "depot": "Nashik Road Depot",
    "side": "down",
    "locationConfidence": "verified",
    "locationSource": "NMPML (Citilinc) RTI reply 3120/2026, 17 Aug 2026"
   }
  },
  {
   "type": "Feature",
   "geometry": {
    "type": "Point",
    "coordinates": [
     73.94269,
     20.04512
    ]
   },
   "properties": {
    "Name": "Canal Chari No.14",
    "depot": "Nashik Road Depot",
    "locationConfidence": "verified",
    "locationSource": "NMPML (Citilinc) RTI reply 3120/2026, 17 Aug 2026"
   }
  },
  {
   "type": "Feature",
   "geometry": {
    "type": "Point",
    "coordinates": [
     73.84684,
     19.94768
    ]
   },
   "properties": {
    "Name": "Sinnar Phata (U)",
    "depot": "Tapovan Depot",
    "side": "up",
    "locationConfidence": "verified",
    "locationSource": "NMPML (Citilinc) RTI reply 3120/2026, 17 Aug 2026"
   }
  },
  {
   "type": "Feature",
   "geometry": {
    "type": "Point",
    "coordinates": [
     73.87619,
     20.03511
    ]
   },
   "properties": {
    "Name": "Vinchur Gavali Fata",
    "depot": "Nashik Road Depot",
    "locationConfidence": "verified",
    "locationSource": "NMPML (Citilinc) RTI reply 3120/2026, 17 Aug 2026"
   }
  },
  {
   "type": "Feature",
   "geometry": {
    "type": "Point",
    "coordinates": [
     73.9396,
     20.09425
    ]
   },
   "properties": {
    "Name": "Canal Sukena Road",
    "depot": "Nashik Road Depot",
    "locationConfidence": "verified",
    "locationSource": "NMPML (Citilinc) RTI reply 3120/2026, 17 Aug 2026"
   }
  },
  {
   "type": "Feature",
   "geometry": {
    "type": "Point",
    "coordinates": [
     73.76451,
     20.00566
    ]
   },
   "properties": {
    "Name": "Yewalekar Mala (U)",
    "depot": "Tapovan Depot",
    "side": "up",
    "locationConfidence": "verified",
    "locationSource": "NMPML (Citilinc) RTI reply 3120/2026, 17 Aug 2026"
   }
  },
  {
   "type": "Feature",
   "geometry": {
    "type": "Point",
    "coordinates": [
     73.92284,
     20.04158
    ]
   },
   "properties": {
    "Name": "Canal (Saiyad Pimpri)",
    "depot": "Nashik Road Depot",
    "locationConfidence": "verified",
    "locationSource": "NMPML (Citilinc) RTI reply 3120/2026, 17 Aug 2026"
   }
  },
  {
   "type": "Feature",
   "geometry": {
    "type": "Point",
    "coordinates": [
     73.99412,
     19.84363
    ]
   },
   "properties": {
    "Name": "Sinnar Stop",
    "depot": "Nashik Road Depot",
    "locationConfidence": "verified",
    "locationSource": "NMPML (Citilinc) RTI reply 3120/2026, 17 Aug 2026"
   }
  },
  {
   "type": "Feature",
   "geometry": {
    "type": "Point",
    "coordinates": [
     73.95652,
     19.94964
    ]
   },
   "properties": {
    "Name": "Canal Naygaon",
    "depot": "Nashik Road Depot",
    "locationConfidence": "verified",
    "locationSource": "NMPML (Citilinc) RTI reply 3120/2026, 17 Aug 2026"
   }
  },
  {
   "type": "Feature",
   "geometry": {
    "type": "Point",
    "coordinates": [
     73.84066,
     19.94996
    ]
   },
   "properties": {
    "Name": "Sinnar Phata",
    "depot": "Nashik Road Depot",
    "locationConfidence": "verified",
    "locationSource": "NMPML (Citilinc) RTI reply 3120/2026, 17 Aug 2026"
   }
  },
  {
   "type": "Feature",
   "geometry": {
    "type": "Point",
    "coordinates": [
     73.73878,
     20.01434
    ]
   },
   "properties": {
    "Name": "Shirin Colony (D)",
    "depot": "Tapovan Depot",
    "side": "down",
    "locationConfidence": "verified",
    "locationSource": "NMPML (Citilinc) RTI reply 3120/2026, 17 Aug 2026"
   }
  },
  {
   "type": "Feature",
   "geometry": {
    "type": "Point",
    "coordinates": [
     73.74324,
     19.9617
    ]
   },
   "properties": {
    "Name": "Ambad Gaon",
    "depot": "Nashik Road Depot",
    "locationConfidence": "verified",
    "locationSource": "NMPML (Citilinc) RTI reply 3120/2026, 17 Aug 2026"
   }
  },
  {
   "type": "Feature",
   "geometry": {
    "type": "Point",
    "coordinates": [
     73.78358,
     20.02787
    ]
   },
   "properties": {
    "Name": "Canal (Makhmalabad Rd)",
    "depot": "Nashik Road Depot",
    "locationConfidence": "verified",
    "locationSource": "NMPML (Citilinc) RTI reply 3120/2026, 17 Aug 2026"
   }
  },
  {
   "type": "Feature",
   "geometry": {
    "type": "Point",
    "coordinates": [
     73.74639,
     19.96127
    ]
   },
   "properties": {
    "Name": "Smashanbhumi",
    "depot": "Nashik Road Depot",
    "locationConfidence": "verified",
    "locationSource": "NMPML (Citilinc) RTI reply 3120/2026, 17 Aug 2026"
   }
  },
  {
   "type": "Feature",
   "geometry": {
    "type": "Point",
    "coordinates": [
     73.77906,
     20.00084
    ]
   },
   "properties": {
    "Name": "Snehvandan Park",
    "depot": "Nashik Road Depot",
    "locationConfidence": "verified",
    "locationSource": "NMPML (Citilinc) RTI reply 3120/2026, 17 Aug 2026"
   }
  },
  {
   "type": "Feature",
   "geometry": {
    "type": "Point",
    "coordinates": [
     73.72667,
     20.02169
    ]
   },
   "properties": {
    "Name": "Someshwar (D)",
    "depot": "Nashik Road Depot",
    "side": "down",
    "locationConfidence": "verified",
    "locationSource": "NMPML (Citilinc) RTI reply 3120/2026, 17 Aug 2026"
   }
  },
  {
   "type": "Feature",
   "geometry": {
    "type": "Point",
    "coordinates": [
     73.8438,
     20.01115
    ]
   },
   "properties": {
    "Name": "Canal (Jatra Hotel Rd)",
    "depot": "Nashik Road Depot",
    "locationConfidence": "verified",
    "locationSource": "NMPML (Citilinc) RTI reply 3120/2026, 17 Aug 2026"
   }
  },
  {
   "type": "Feature",
   "geometry": {
    "type": "Point",
    "coordinates": [
     73.94567,
     19.94612
    ]
   },
   "properties": {
    "Name": "Songiri Phata",
    "depot": "Nashik Road Depot",
    "locationConfidence": "verified",
    "locationSource": "NMPML (Citilinc) RTI reply 3120/2026, 17 Aug 2026"
   }
  },
  {
   "type": "Feature",
   "geometry": {
    "type": "Point",
    "coordinates": [
     73.83399,
     19.92986
    ]
   },
   "properties": {
    "Name": "Saubhagya Nagar (D)",
    "depot": "Nashik Road Depot",
    "side": "down",
    "locationConfidence": "verified",
    "locationSource": "NMPML (Citilinc) RTI reply 3120/2026, 17 Aug 2026"
   }
  },
  {
   "type": "Feature",
   "geometry": {
    "type": "Point",
    "coordinates": [
     73.7281,
     20.00101
    ]
   },
   "properties": {
    "Name": "ABB VIP (U)",
    "depot": "Nashik Road Depot",
    "side": "up",
    "locationConfidence": "verified",
    "locationSource": "NMPML (Citilinc) RTI reply 3120/2026, 17 Aug 2026"
   }
  },
  {
   "type": "Feature",
   "geometry": {
    "type": "Point",
    "coordinates": [
     73.77103,
     20.00285
    ]
   },
   "properties": {
    "Name": "Canada Corner (U)",
    "depot": "Tapovan Depot",
    "side": "up",
    "locationConfidence": "verified",
    "locationSource": "NMPML (Citilinc) RTI reply 3120/2026, 17 Aug 2026"
   }
  },
  {
   "type": "Feature",
   "geometry": {
    "type": "Point",
    "coordinates": [
     73.83347,
     19.97502
    ]
   },
   "properties": {
    "Name": "Saptashrungi Nagar",
    "depot": "Nashik Road Depot",
    "locationConfidence": "verified",
    "locationSource": "NMPML (Citilinc) RTI reply 3120/2026, 17 Aug 2026"
   }
  },
  {
   "type": "Feature",
   "geometry": {
    "type": "Point",
    "coordinates": [
     73.84283,
     20.01933
    ]
   },
   "properties": {
    "Name": "Sreeram Nagar",
    "depot": "Nashik Road Depot",
    "locationConfidence": "verified",
    "locationSource": "NMPML (Citilinc) RTI reply 3120/2026, 17 Aug 2026"
   }
  },
  {
   "type": "Feature",
   "geometry": {
    "type": "Point",
    "coordinates": [
     73.81806,
     20.02192
    ]
   },
   "properties": {
    "Name": "S.S.D. Nagar (D)",
    "depot": "Nashik Road Depot",
    "side": "down",
    "locationConfidence": "verified",
    "locationSource": "NMPML (Citilinc) RTI reply 3120/2026, 17 Aug 2026"
   }
  },
  {
   "type": "Feature",
   "geometry": {
    "type": "Point",
    "coordinates": [
     73.83713,
     19.95427
    ]
   },
   "properties": {
    "Name": "Bytco 1 (D)",
    "depot": "Nashik Road Depot",
    "side": "down",
    "locationConfidence": "verified",
    "locationSource": "NMPML (Citilinc) RTI reply 3120/2026, 17 Aug 2026"
   }
  },
  {
   "type": "Feature",
   "geometry": {
    "type": "Point",
    "coordinates": [
     73.86237,
     19.97468
    ]
   },
   "properties": {
    "Name": "Standing Kreshn",
    "depot": "Nashik Road Depot",
    "locationConfidence": "verified",
    "locationSource": "NMPML (Citilinc) RTI reply 3120/2026, 17 Aug 2026"
   }
  },
  {
   "type": "Feature",
   "geometry": {
    "type": "Point",
    "coordinates": [
     73.79018,
     19.99013
    ]
   },
   "properties": {
    "Name": "State Bank Colony (U)",
    "depot": "Nashik Road Depot",
    "side": "up",
    "locationConfidence": "verified",
    "locationSource": "NMPML (Citilinc) RTI reply 3120/2026, 17 Aug 2026"
   }
  },
  {
   "type": "Feature",
   "geometry": {
    "type": "Point",
    "coordinates": [
     73.7546,
     20.01758
    ]
   },
   "properties": {
    "Name": "Vishwas Bank",
    "depot": "Nashik Road Depot",
    "locationConfidence": "verified",
    "locationSource": "NMPML (Citilinc) RTI reply 3120/2026, 17 Aug 2026"
   }
  },
  {
   "type": "Feature",
   "geometry": {
    "type": "Point",
    "coordinates": [
     73.83759,
     19.95328
    ]
   },
   "properties": {
    "Name": "Bytco 2 (U)",
    "depot": "Nashik Road Depot",
    "side": "up",
    "locationConfidence": "verified",
    "locationSource": "NMPML (Citilinc) RTI reply 3120/2026, 17 Aug 2026"
   }
  },
  {
   "type": "Feature",
   "geometry": {
    "type": "Point",
    "coordinates": [
     73.76924,
     19.96902
    ]
   },
   "properties": {
    "Name": "State Bank (D)",
    "depot": "Nashik Road Depot",
    "side": "down",
    "locationConfidence": "verified",
    "locationSource": "NMPML (Citilinc) RTI reply 3120/2026, 17 Aug 2026"
   }
  },
  {
   "type": "Feature",
   "geometry": {
    "type": "Point",
    "coordinates": [
     73.68434,
     19.98219
    ]
   },
   "properties": {
    "Name": "Bridge River",
    "depot": "Nashik Road Depot",
    "locationConfidence": "verified",
    "locationSource": "NMPML (Citilinc) RTI reply 3120/2026, 17 Aug 2026"
   }
  },
  {
   "type": "Feature",
   "geometry": {
    "type": "Point",
    "coordinates": [
     73.74991,
     19.98825
    ]
   },
   "properties": {
    "Name": "Bridge",
    "depot": "Nashik Road Depot",
    "locationConfidence": "verified",
    "locationSource": "NMPML (Citilinc) RTI reply 3120/2026, 17 Aug 2026"
   }
  },
  {
   "type": "Feature",
   "geometry": {
    "type": "Point",
    "coordinates": [
     73.71728,
     19.98957
    ]
   },
   "properties": {
    "Name": "Rajya Karmachari Society (D)",
    "depot": "Tapovan Depot",
    "side": "down",
    "locationConfidence": "verified",
    "locationSource": "NMPML (Citilinc) RTI reply 3120/2026, 17 Aug 2026"
   }
  },
  {
   "type": "Feature",
   "geometry": {
    "type": "Point",
    "coordinates": [
     73.57727,
     19.95229
    ]
   },
   "properties": {
    "Name": "Bramha Valley College",
    "depot": "Nashik Road Depot",
    "locationConfidence": "verified",
    "locationSource": "NMPML (Citilinc) RTI reply 3120/2026, 17 Aug 2026"
   }
  },
  {
   "type": "Feature",
   "geometry": {
    "type": "Point",
    "coordinates": [
     73.72385,
     19.98479
    ]
   },
   "properties": {
    "Name": "Pappaya Nursery / Ambad Phata (D)",
    "depot": "Nashik Road Depot",
    "side": "down",
    "locationConfidence": "verified",
    "locationSource": "NMPML (Citilinc) RTI reply 3120/2026, 17 Aug 2026"
   }
  },
  {
   "type": "Feature",
   "geometry": {
    "type": "Point",
    "coordinates": [
     73.92986,
     19.92432
    ]
   },
   "properties": {
    "Name": "Brahmawade",
    "depot": "Nashik Road Depot",
    "locationConfidence": "verified",
    "locationSource": "NMPML (Citilinc) RTI reply 3120/2026, 17 Aug 2026"
   }
  },
  {
   "type": "Feature",
   "geometry": {
    "type": "Point",
    "coordinates": [
     73.9824,
     19.85375
    ]
   },
   "properties": {
    "Name": "ST Colony",
    "depot": "Nashik Road Depot",
    "locationConfidence": "verified",
    "locationSource": "NMPML (Citilinc) RTI reply 3120/2026, 17 Aug 2026"
   }
  },
  {
   "type": "Feature",
   "geometry": {
    "type": "Point",
    "coordinates": [
     73.85912,
     19.99929
    ]
   },
   "properties": {
    "Name": "Kaman (No. 6 Chari) (D)",
    "depot": "Nashik Road Depot",
    "side": "down",
    "locationConfidence": "verified",
    "locationSource": "NMPML (Citilinc) RTI reply 3120/2026, 17 Aug 2026"
   }
  },
  {
   "type": "Feature",
   "geometry": {
    "type": "Point",
    "coordinates": [
     73.57749,
     19.95243
    ]
   },
   "properties": {
    "Name": "Bramha Valley College 1",
    "depot": "Nashik Road Depot",
    "locationConfidence": "verified",
    "locationSource": "NMPML (Citilinc) RTI reply 3120/2026, 17 Aug 2026"
   }
  },
  {
   "type": "Feature",
   "geometry": {
    "type": "Point",
    "coordinates": [
     73.67774,
     19.92137
    ]
   },
   "properties": {
    "Name": "Vithoba Niwas",
    "depot": "Nashik Road Depot",
    "locationConfidence": "verified",
    "locationSource": "NMPML (Citilinc) RTI reply 3120/2026, 17 Aug 2026"
   }
  },
  {
   "type": "Feature",
   "geometry": {
    "type": "Point",
    "coordinates": [
     73.79883,
     20.05746
    ]
   },
   "properties": {
    "Name": "Borgad Air Force",
    "depot": "Nashik Road Depot",
    "locationConfidence": "verified",
    "locationSource": "NMPML (Citilinc) RTI reply 3120/2026, 17 Aug 2026"
   }
  },
  {
   "type": "Feature",
   "geometry": {
    "type": "Point",
    "coordinates": [
     73.75993,
     20.0115
    ]
   },
   "properties": {
    "Name": "ST Colony - Gangapur Rd (D)",
    "depot": "Nashik Road Depot",
    "side": "down",
    "locationConfidence": "verified",
    "locationSource": "NMPML (Citilinc) RTI reply 3120/2026, 17 Aug 2026"
   }
  },
  {
   "type": "Feature",
   "geometry": {
    "type": "Point",
    "coordinates": [
     73.80474,
     20.03941
    ]
   },
   "properties": {
    "Name": "Aakash Petrol Pump (D)",
    "depot": "Tapovan Depot",
    "side": "down",
    "locationConfidence": "verified",
    "locationSource": "NMPML (Citilinc) RTI reply 3120/2026, 17 Aug 2026"
   }
  },
  {
   "type": "Feature",
   "geometry": {
    "type": "Point",
    "coordinates": [
     73.80758,
     19.97938
    ]
   },
   "properties": {
    "Name": "Bodle City",
    "depot": "Nashik Road Depot",
    "locationConfidence": "verified",
    "locationSource": "NMPML (Citilinc) RTI reply 3120/2026, 17 Aug 2026"
   }
  },
  {
   "type": "Feature",
   "geometry": {
    "type": "Point",
    "coordinates": [
     73.93308,
     20.09884
    ]
   },
   "properties": {
    "Name": "Stop No. 1",
    "depot": "Nashik Road Depot",
    "locationConfidence": "verified",
    "locationSource": "NMPML (Citilinc) RTI reply 3120/2026, 17 Aug 2026"
   }
  },
  {
   "type": "Feature",
   "geometry": {
    "type": "Point",
    "coordinates": [
     73.83914,
     19.96141
    ]
   },
   "properties": {
    "Name": "Saint Filomina (D)",
    "depot": "Nashik Road Depot",
    "side": "down",
    "locationConfidence": "verified",
    "locationSource": "NMPML (Citilinc) RTI reply 3120/2026, 17 Aug 2026"
   }
  },
  {
   "type": "Feature",
   "geometry": {
    "type": "Point",
    "coordinates": [
     73.8063,
     19.98098
    ]
   },
   "properties": {
    "Name": "Bodhale Nagar (U)",
    "depot": "Nashik Road Depot",
    "side": "up",
    "locationConfidence": "verified",
    "locationSource": "NMPML (Citilinc) RTI reply 3120/2026, 17 Aug 2026"
   }
  },
  {
   "type": "Feature",
   "geometry": {
    "type": "Point",
    "coordinates": [
     73.83895,
     19.96152
    ]
   },
   "properties": {
    "Name": "Saint Filomina (U)",
    "depot": "Nashik Road Depot",
    "side": "up",
    "locationConfidence": "verified",
    "locationSource": "NMPML (Citilinc) RTI reply 3120/2026, 17 Aug 2026"
   }
  },
  {
   "type": "Feature",
   "geometry": {
    "type": "Point",
    "coordinates": [
     73.79345,
     20.04354
    ]
   },
   "properties": {
    "Name": "S. T. Workshop",
    "depot": "Nashik Road Depot",
    "locationConfidence": "verified",
    "locationSource": "NMPML (Citilinc) RTI reply 3120/2026, 17 Aug 2026"
   }
  },
  {
   "type": "Feature",
   "geometry": {
    "type": "Point",
    "coordinates": [
     74.01295,
     20.07837
    ]
   },
   "properties": {
    "Name": "Sukhena Stand",
    "depot": "Nashik Road Depot",
    "locationConfidence": "verified",
    "locationSource": "NMPML (Citilinc) RTI reply 3120/2026, 17 Aug 2026"
   }
  },
  {
   "type": "Feature",
   "geometry": {
    "type": "Point",
    "coordinates": [
     73.75534,
     20.01955
    ]
   },
   "properties": {
    "Name": "Aligned Society",
    "depot": "Nashik Road Depot",
    "locationConfidence": "verified",
    "locationSource": "NMPML (Citilinc) RTI reply 3120/2026, 17 Aug 2026"
   }
  },
  {
   "type": "Feature",
   "geometry": {
    "type": "Point",
    "coordinates": [
     73.74076,
     19.94705
    ]
   },
   "properties": {
    "Name": "Blue Cross",
    "depot": "Nashik Road Depot",
    "locationConfidence": "verified",
    "locationSource": "NMPML (Citilinc) RTI reply 3120/2026, 17 Aug 2026"
   }
  },
  {
   "type": "Feature",
   "geometry": {
    "type": "Point",
    "coordinates": [
     73.83361,
     20.02063
    ]
   },
   "properties": {
    "Name": "Blairaj City",
    "depot": "Nashik Road Depot",
    "locationConfidence": "verified",
    "locationSource": "NMPML (Citilinc) RTI reply 3120/2026, 17 Aug 2026"
   }
  },
  {
   "type": "Feature",
   "geometry": {
    "type": "Point",
    "coordinates": [
     73.74857,
     19.9838
    ]
   },
   "properties": {
    "Name": "Surbhi Colony (D)",
    "depot": "Nashik Road Depot",
    "side": "down",
    "locationConfidence": "verified",
    "locationSource": "NMPML (Citilinc) RTI reply 3120/2026, 17 Aug 2026"
   }
  },
  {
   "type": "Feature",
   "geometry": {
    "type": "Point",
    "coordinates": [
     73.78644,
     20.02026
    ]
   },
   "properties": {
    "Name": "Rukhmini Mangal Karyalaya (D)",
    "depot": "Nashik Road Depot",
    "side": "down",
    "locationConfidence": "verified",
    "locationSource": "NMPML (Citilinc) RTI reply 3120/2026, 17 Aug 2026"
   }
  },
  {
   "type": "Feature",
   "geometry": {
    "type": "Point",
    "coordinates": [
     73.83812,
     19.95368
    ]
   },
   "properties": {
    "Name": "Bytco 1 (U)",
    "depot": "Nashik Road Depot",
    "side": "up",
    "locationConfidence": "verified",
    "locationSource": "NMPML (Citilinc) RTI reply 3120/2026, 17 Aug 2026"
   }
  },
  {
   "type": "Feature",
   "geometry": {
    "type": "Point",
    "coordinates": [
     73.77441,
     19.98455
    ]
   },
   "properties": {
    "Name": "Bijnes Center",
    "depot": "Nashik Road Depot",
    "locationConfidence": "verified",
    "locationSource": "NMPML (Citilinc) RTI reply 3120/2026, 17 Aug 2026"
   }
  },
  {
   "type": "Feature",
   "geometry": {
    "type": "Point",
    "coordinates": [
     73.79968,
     20.05318
    ]
   },
   "properties": {
    "Name": "Suryasoham Society (D)",
    "depot": "Nashik Road Depot",
    "side": "down",
    "locationConfidence": "verified",
    "locationSource": "NMPML (Citilinc) RTI reply 3120/2026, 17 Aug 2026"
   }
  },
  {
   "type": "Feature",
   "geometry": {
    "type": "Point",
    "coordinates": [
     73.83192,
     20.0147
    ]
   },
   "properties": {
    "Name": "Suryavanshi Colony",
    "depot": "Nashik Road Depot",
    "locationConfidence": "verified",
    "locationSource": "NMPML (Citilinc) RTI reply 3120/2026, 17 Aug 2026"
   }
  },
  {
   "type": "Feature",
   "geometry": {
    "type": "Point",
    "coordinates": [
     73.80476,
     20.05257
    ]
   },
   "properties": {
    "Name": "Wadhane Colony",
    "depot": "Nashik Road Depot",
    "locationConfidence": "verified",
    "locationSource": "NMPML (Citilinc) RTI reply 3120/2026, 17 Aug 2026"
   }
  },
  {
   "type": "Feature",
   "geometry": {
    "type": "Point",
    "coordinates": [
     73.82901,
     20.01116
    ]
   },
   "properties": {
    "Name": "Manapa Shala",
    "depot": "Nashik Road Depot",
    "locationConfidence": "verified",
    "locationSource": "NMPML (Citilinc) RTI reply 3120/2026, 17 Aug 2026"
   }
  },
  {
   "type": "Feature",
   "geometry": {
    "type": "Point",
    "coordinates": [
     73.81635,
     20.00831
    ]
   },
   "properties": {
    "Name": "Swami Jananardan Math",
    "depot": "Nashik Road Depot",
    "locationConfidence": "verified",
    "locationSource": "NMPML (Citilinc) RTI reply 3120/2026, 17 Aug 2026"
   }
  },
  {
   "type": "Feature",
   "geometry": {
    "type": "Point",
    "coordinates": [
     73.8162,
     20.00849
    ]
   },
   "properties": {
    "Name": "Swami Janardan Math",
    "depot": "Nashik Road Depot",
    "locationConfidence": "verified",
    "locationSource": "NMPML (Citilinc) RTI reply 3120/2026, 17 Aug 2026"
   }
  },
  {
   "type": "Feature",
   "geometry": {
    "type": "Point",
    "coordinates": [
     73.82592,
     20.01123
    ]
   },
   "properties": {
    "Name": "Bidi Kamgar Chowk",
    "depot": "Nashik Road Depot",
    "locationConfidence": "verified",
    "locationSource": "NMPML (Citilinc) RTI reply 3120/2026, 17 Aug 2026"
   }
  },
  {
   "type": "Feature",
   "geometry": {
    "type": "Point",
    "coordinates": [
     73.8388,
     20.02351
    ]
   },
   "properties": {
    "Name": "Swami Samarth Nagar (D)",
    "depot": "Nashik Road Depot",
    "side": "down",
    "locationConfidence": "verified",
    "locationSource": "NMPML (Citilinc) RTI reply 3120/2026, 17 Aug 2026"
   }
  },
  {
   "type": "Feature",
   "geometry": {
    "type": "Point",
    "coordinates": [
     73.73513,
     19.96283
    ]
   },
   "properties": {
    "Name": "Xlo Point Satpur Road",
    "depot": "Nashik Road Depot",
    "locationConfidence": "verified",
    "locationSource": "NMPML (Citilinc) RTI reply 3120/2026, 17 Aug 2026"
   }
  },
  {
   "type": "Feature",
   "geometry": {
    "type": "Point",
    "coordinates": [
     73.84948,
     20.04222
    ]
   },
   "properties": {
    "Name": "Bhujbal Knowledge City",
    "depot": "Nashik Road Depot",
    "locationConfidence": "verified",
    "locationSource": "NMPML (Citilinc) RTI reply 3120/2026, 17 Aug 2026"
   }
  },
  {
   "type": "Feature",
   "geometry": {
    "type": "Point",
    "coordinates": [
     73.75458,
     19.96024
    ]
   },
   "properties": {
    "Name": "Symbiosis College",
    "depot": "Tapovan Depot",
    "locationConfidence": "verified",
    "locationSource": "NMPML (Citilinc) RTI reply 3120/2026, 17 Aug 2026"
   }
  },
  {
   "type": "Feature",
   "geometry": {
    "type": "Point",
    "coordinates": [
     73.81571,
     20.03129
    ]
   },
   "properties": {
    "Name": "Akshata Lawns",
    "depot": "Nashik Road Depot",
    "locationConfidence": "verified",
    "locationSource": "NMPML (Citilinc) RTI reply 3120/2026, 17 Aug 2026"
   }
  },
  {
   "type": "Feature",
   "geometry": {
    "type": "Point",
    "coordinates": [
     73.77911,
     19.97911
    ]
   },
   "properties": {
    "Name": "Bhujbal Farm (D)",
    "depot": "Tapovan Depot",
    "side": "down",
    "locationConfidence": "verified",
    "locationSource": "NMPML (Citilinc) RTI reply 3120/2026, 17 Aug 2026"
   }
  },
  {
   "type": "Feature",
   "geometry": {
    "type": "Point",
    "coordinates": [
     73.68411,
     19.86208
    ]
   },
   "properties": {
    "Name": "Wadivarhe Phata",
    "depot": "Nashik Road Depot",
    "locationConfidence": "verified",
    "locationSource": "NMPML (Citilinc) RTI reply 3120/2026, 17 Aug 2026"
   }
  },
  {
   "type": "Feature",
   "geometry": {
    "type": "Point",
    "coordinates": [
     73.85453,
     19.95001
    ]
   },
   "properties": {
    "Name": "Bhor Mala",
    "depot": "Nashik Road Depot",
    "locationConfidence": "verified",
    "locationSource": "NMPML (Citilinc) RTI reply 3120/2026, 17 Aug 2026"
   }
  },
  {
   "type": "Feature",
   "geometry": {
    "type": "Point",
    "coordinates": [
     73.76662,
     20.05013
    ]
   },
   "properties": {
    "Name": "Tadge Vasti / Mamacha Mala",
    "depot": "Nashik Road Depot",
    "locationConfidence": "verified",
    "locationSource": "NMPML (Citilinc) RTI reply 3120/2026, 17 Aug 2026"
   }
  },
  {
   "type": "Feature",
   "geometry": {
    "type": "Point",
    "coordinates": [
     73.78974,
     19.93284
    ]
   },
   "properties": {
    "Name": "Bhavani Nagar",
    "depot": "Nashik Road Depot",
    "locationConfidence": "verified",
    "locationSource": "NMPML (Citilinc) RTI reply 3120/2026, 17 Aug 2026"
   }
  },
  {
   "type": "Feature",
   "geometry": {
    "type": "Point",
    "coordinates": [
     73.97313,
     20.00816
    ]
   },
   "properties": {
    "Name": "Takli Phata (D)",
    "depot": "Nashik Road Depot",
    "side": "down",
    "locationConfidence": "verified",
    "locationSource": "NMPML (Citilinc) RTI reply 3120/2026, 17 Aug 2026"
   }
  },
  {
   "type": "Feature",
   "geometry": {
    "type": "Point",
    "coordinates": [
     73.97237,
     20.00812
    ]
   },
   "properties": {
    "Name": "Takli Phata (U)",
    "depot": "Nashik Road Depot",
    "side": "up",
    "locationConfidence": "verified",
    "locationSource": "NMPML (Citilinc) RTI reply 3120/2026, 17 Aug 2026"
   }
  },
  {
   "type": "Feature",
   "geometry": {
    "type": "Point",
    "coordinates": [
     73.83355,
     19.92087
    ]
   },
   "properties": {
    "Name": "Bhatia (U)",
    "depot": "Nashik Road Depot",
    "side": "up",
    "locationConfidence": "verified",
    "locationSource": "NMPML (Citilinc) RTI reply 3120/2026, 17 Aug 2026"
   }
  },
  {
   "type": "Feature",
   "geometry": {
    "type": "Point",
    "coordinates": [
     73.83075,
     19.99505
    ]
   },
   "properties": {
    "Name": "Nandur Shiv Road / Pawar Chowk",
    "depot": "Nashik Road Depot",
    "locationConfidence": "verified",
    "locationSource": "NMPML (Citilinc) RTI reply 3120/2026, 17 Aug 2026"
   }
  },
  {
   "type": "Feature",
   "geometry": {
    "type": "Point",
    "coordinates": [
     73.8777,
     19.97829
    ]
   },
   "properties": {
    "Name": "Aklhra Gate 2",
    "depot": "Nashik Road Depot",
    "locationConfidence": "verified",
    "locationSource": "NMPML (Citilinc) RTI reply 3120/2026, 17 Aug 2026"
   }
  },
  {
   "type": "Feature",
   "geometry": {
    "type": "Point",
    "coordinates": [
     73.88811,
     19.91865
    ]
   },
   "properties": {
    "Name": "Bharat Petrol Shinde",
    "depot": "Nashik Road Depot",
    "locationConfidence": "verified",
    "locationSource": "NMPML (Citilinc) RTI reply 3120/2026, 17 Aug 2026"
   }
  },
  {
   "type": "Feature",
   "geometry": {
    "type": "Point",
    "coordinates": [
     73.70052,
     19.97865
    ]
   },
   "properties": {
    "Name": "Bharat Petrol Pump Trimbak Road",
    "depot": "Nashik Road Depot",
    "locationConfidence": "verified",
    "locationSource": "NMPML (Citilinc) RTI reply 3120/2026, 17 Aug 2026"
   }
  },
  {
   "type": "Feature",
   "geometry": {
    "type": "Point",
    "coordinates": [
     73.81754,
     19.98488
    ]
   },
   "properties": {
    "Name": "Takli Village",
    "depot": "Nashik Road Depot",
    "locationConfidence": "verified",
    "locationSource": "NMPML (Citilinc) RTI reply 3120/2026, 17 Aug 2026"
   }
  },
  {
   "type": "Feature",
   "geometry": {
    "type": "Point",
    "coordinates": [
     73.88801,
     19.91894
    ]
   },
   "properties": {
    "Name": "Bharat Petrol Pump Sinnar Road",
    "depot": "Nashik Road Depot",
    "locationConfidence": "verified",
    "locationSource": "NMPML (Citilinc) RTI reply 3120/2026, 17 Aug 2026"
   }
  },
  {
   "type": "Feature",
   "geometry": {
    "type": "Point",
    "coordinates": [
     73.69642,
     20.03235
    ]
   },
   "properties": {
    "Name": "Bharat Petrol Pump Gangapur Road",
    "depot": "Nashik Road Depot",
    "locationConfidence": "verified",
    "locationSource": "NMPML (Citilinc) RTI reply 3120/2026, 17 Aug 2026"
   }
  },
  {
   "type": "Feature",
   "geometry": {
    "type": "Point",
    "coordinates": [
     73.64409,
     19.96198
    ]
   },
   "properties": {
    "Name": "Talegaon Phata",
    "depot": "Nashik Road Depot",
    "locationConfidence": "verified",
    "locationSource": "NMPML (Citilinc) RTI reply 3120/2026, 17 Aug 2026"
   }
  },
  {
   "type": "Feature",
   "geometry": {
    "type": "Point",
    "coordinates": [
     73.85926,
     19.9513
    ]
   },
   "properties": {
    "Name": "Tanhaji Nagar Bhor Mala",
    "depot": "Nashik Road Depot",
    "locationConfidence": "verified",
    "locationSource": "NMPML (Citilinc) RTI reply 3120/2026, 17 Aug 2026"
   }
  },
  {
   "type": "Feature",
   "geometry": {
    "type": "Point",
    "coordinates": [
     73.81506,
     20.00871
    ]
   },
   "properties": {
    "Name": "Tapovan (U)",
    "depot": "Tapovan Depot",
    "side": "up",
    "locationConfidence": "verified",
    "locationSource": "NMPML (Citilinc) RTI reply 3120/2026, 17 Aug 2026"
   }
  },
  {
   "type": "Feature",
   "geometry": {
    "type": "Point",
    "coordinates": [
     73.75624,
     20.01498
    ]
   },
   "properties": {
    "Name": "Akashwani Kendra",
    "depot": "Nashik Road Depot",
    "locationConfidence": "verified",
    "locationSource": "NMPML (Citilinc) RTI reply 3120/2026, 17 Aug 2026"
   }
  },
  {
   "type": "Feature",
   "geometry": {
    "type": "Point",
    "coordinates": [
     73.78337,
     19.98446
    ]
   },
   "properties": {
    "Name": "Bharat Nagar (U)",
    "depot": "Nashik Road Depot",
    "side": "up",
    "locationConfidence": "verified",
    "locationSource": "NMPML (Citilinc) RTI reply 3120/2026, 17 Aug 2026"
   }
  },
  {
   "type": "Feature",
   "geometry": {
    "type": "Point",
    "coordinates": [
     73.67622,
     19.86216
    ]
   },
   "properties": {
    "Name": "Wadivarhe Gaon",
    "depot": "Nashik Road Depot",
    "locationConfidence": "verified",
    "locationSource": "NMPML (Citilinc) RTI reply 3120/2026, 17 Aug 2026"
   }
  },
  {
   "type": "Feature",
   "geometry": {
    "type": "Point",
    "coordinates": [
     73.81694,
     19.93509
    ]
   },
   "properties": {
    "Name": "Bhairavnath Nagar",
    "depot": "Nashik Road Depot",
    "locationConfidence": "verified",
    "locationSource": "NMPML (Citilinc) RTI reply 3120/2026, 17 Aug 2026"
   }
  },
  {
   "type": "Feature",
   "geometry": {
    "type": "Point",
    "coordinates": [
     73.81381,
     20.00691
    ]
   },
   "properties": {
    "Name": "Tapovan Depot (U)",
    "depot": "Nashik Road Depot",
    "side": "up",
    "locationConfidence": "verified",
    "locationSource": "NMPML (Citilinc) RTI reply 3120/2026, 17 Aug 2026"
   }
  },
  {
   "type": "Feature",
   "geometry": {
    "type": "Point",
    "coordinates": [
     73.71128,
     19.91613
    ]
   },
   "properties": {
    "Name": "8 wa Mile Mumbai Road",
    "depot": "Nashik Road Depot",
    "locationConfidence": "verified",
    "locationSource": "NMPML (Citilinc) RTI reply 3120/2026, 17 Aug 2026"
   }
  },
  {
   "type": "Feature",
   "geometry": {
    "type": "Point",
    "coordinates": [
     73.98718,
     20.02913
    ]
   },
   "properties": {
    "Name": "Bhairavnath Mandir",
    "depot": "Nashik Road Depot",
    "locationConfidence": "verified",
    "locationSource": "NMPML (Citilinc) RTI reply 3120/2026, 17 Aug 2026"
   }
  },
  {
   "type": "Feature",
   "geometry": {
    "type": "Point",
    "coordinates": [
     73.90387,
     19.91922
    ]
   },
   "properties": {
    "Name": "Bhagwat Mala Kanol",
    "depot": "Nashik Road Depot",
    "locationConfidence": "verified",
    "locationSource": "NMPML (Citilinc) RTI reply 3120/2026, 17 Aug 2026"
   }
  },
  {
   "type": "Feature",
   "geometry": {
    "type": "Point",
    "coordinates": [
     73.80073,
     20.02588
    ]
   },
   "properties": {
    "Name": "Tarwala Nagar (D)",
    "depot": "Nashik Road Depot",
    "side": "down",
    "locationConfidence": "verified",
    "locationSource": "NMPML (Citilinc) RTI reply 3120/2026, 17 Aug 2026"
   }
  },
  {
   "type": "Feature",
   "geometry": {
    "type": "Point",
    "coordinates": [
     73.80439,
     20.03884
    ]
   },
   "properties": {
    "Name": "Aakash Petrol Pump (U)",
    "depot": "Nashik Road Depot",
    "side": "up",
    "locationConfidence": "verified",
    "locationSource": "NMPML (Citilinc) RTI reply 3120/2026, 17 Aug 2026"
   }
  },
  {
   "type": "Feature",
   "geometry": {
    "type": "Point",
    "coordinates": [
     73.91696,
     19.94675
    ]
   },
   "properties": {
    "Name": "Bhagwat Mala",
    "depot": "Nashik Road Depot",
    "locationConfidence": "verified",
    "locationSource": "NMPML (Citilinc) RTI reply 3120/2026, 17 Aug 2026"
   }
  },
  {
   "type": "Feature",
   "geometry": {
    "type": "Point",
    "coordinates": [
     73.82081,
     19.97193
    ]
   },
   "properties": {
    "Name": "Maharashtra Bank",
    "depot": "Nashik Road Depot",
    "locationConfidence": "verified",
    "locationSource": "NMPML (Citilinc) RTI reply 3120/2026, 17 Aug 2026"
   }
  },
  {
   "type": "Feature",
   "geometry": {
    "type": "Point",
    "coordinates": [
     73.76598,
     19.97381
    ]
   },
   "properties": {
    "Name": "Maharana Pratap Chowk (U)",
    "depot": "Tapovan Depot",
    "side": "up",
    "locationConfidence": "verified",
    "locationSource": "NMPML (Citilinc) RTI reply 3120/2026, 17 Aug 2026"
   }
  },
  {
   "type": "Feature",
   "geometry": {
    "type": "Point",
    "coordinates": [
     73.7252,
     19.99061
    ]
   },
   "properties": {
    "Name": "Satpur Colony (U)",
    "depot": "Tapovan Depot",
    "side": "up",
    "locationConfidence": "verified",
    "locationSource": "NMPML (Citilinc) RTI reply 3120/2026, 17 Aug 2026"
   }
  },
  {
   "type": "Feature",
   "geometry": {
    "type": "Point",
    "coordinates": [
     73.78514,
     19.98728
    ]
   },
   "properties": {
    "Name": "Mahamarg (U)",
    "depot": "Nashik Road Depot",
    "side": "up",
    "locationConfidence": "verified",
    "locationSource": "NMPML (Citilinc) RTI reply 3120/2026, 17 Aug 2026"
   }
  },
  {
   "type": "Feature",
   "geometry": {
    "type": "Point",
    "coordinates": [
     73.7562,
     19.95894
    ]
   },
   "properties": {
    "Name": "Mahale Petrol Pump",
    "depot": "Nashik Road Depot",
    "locationConfidence": "verified",
    "locationSource": "NMPML (Citilinc) RTI reply 3120/2026, 17 Aug 2026"
   }
  },
  {
   "type": "Feature",
   "geometry": {
    "type": "Point",
    "coordinates": [
     73.76015,
     19.99437
    ]
   },
   "properties": {
    "Name": "Maharashtra Police Academy (M.P.A) (U)",
    "depot": "Nashik Road Depot",
    "side": "up",
    "locationConfidence": "verified",
    "locationSource": "NMPML (Citilinc) RTI reply 3120/2026, 17 Aug 2026"
   }
  },
  {
   "type": "Feature",
   "geometry": {
    "type": "Point",
    "coordinates": [
     73.83304,
     19.87971
    ]
   },
   "properties": {
    "Name": "Bhagur",
    "depot": "Nashik Road Depot",
    "locationConfidence": "verified",
    "locationSource": "NMPML (Citilinc) RTI reply 3120/2026, 17 Aug 2026"
   }
  },
  {
   "type": "Feature",
   "geometry": {
    "type": "Point",
    "coordinates": [
     73.76733,
     19.97509
    ]
   },
   "properties": {
    "Name": "Savarkar Chowk 1",
    "depot": "Nashik Road Depot",
    "locationConfidence": "verified",
    "locationSource": "NMPML (Citilinc) RTI reply 3120/2026, 17 Aug 2026"
   }
  },
  {
   "type": "Feature",
   "geometry": {
    "type": "Point",
    "coordinates": [
     73.74935,
     19.94904
    ]
   },
   "properties": {
    "Name": "Tata Motors",
    "depot": "Nashik Road Depot",
    "locationConfidence": "verified",
    "locationSource": "NMPML (Citilinc) RTI reply 3120/2026, 17 Aug 2026"
   }
  },
  {
   "type": "Feature",
   "geometry": {
    "type": "Point",
    "coordinates": [
     73.79675,
     20.01603
    ]
   },
   "properties": {
    "Name": "Mico Davakhana (D)",
    "depot": "Tapovan Depot",
    "side": "down",
    "locationConfidence": "verified",
    "locationSource": "NMPML (Citilinc) RTI reply 3120/2026, 17 Aug 2026"
   }
  },
  {
   "type": "Feature",
   "geometry": {
    "type": "Point",
    "coordinates": [
     73.75416,
     19.99716
    ]
   },
   "properties": {
    "Name": "Mahatmanagar (U)",
    "depot": "Nashik Road Depot",
    "side": "up",
    "locationConfidence": "verified",
    "locationSource": "NMPML (Citilinc) RTI reply 3120/2026, 17 Aug 2026"
   }
  },
  {
   "type": "Feature",
   "geometry": {
    "type": "Point",
    "coordinates": [
     73.74153,
     19.96753
    ]
   },
   "properties": {
    "Name": "Mahalakshmi Nagar (U)",
    "depot": "Tapovan Depot",
    "side": "up",
    "locationConfidence": "verified",
    "locationSource": "NMPML (Citilinc) RTI reply 3120/2026, 17 Aug 2026"
   }
  },
  {
   "type": "Feature",
   "geometry": {
    "type": "Point",
    "coordinates": [
     73.68853,
     20.04202
    ]
   },
   "properties": {
    "Name": "Canol Road / Mahadevpur",
    "depot": "Nashik Road Depot",
    "locationConfidence": "verified",
    "locationSource": "NMPML (Citilinc) RTI reply 3120/2026, 17 Aug 2026"
   }
  },
  {
   "type": "Feature",
   "geometry": {
    "type": "Point",
    "coordinates": [
     73.75403,
     19.99736
    ]
   },
   "properties": {
    "Name": "Mahatmanagar (D)",
    "depot": "Tapovan Depot",
    "side": "down",
    "locationConfidence": "verified",
    "locationSource": "NMPML (Citilinc) RTI reply 3120/2026, 17 Aug 2026"
   }
  },
  {
   "type": "Feature",
   "geometry": {
    "type": "Point",
    "coordinates": [
     73.75243,
     19.9935
    ]
   },
   "properties": {
    "Name": "A.B.B Circle (U)",
    "depot": "Tapovan Depot",
    "side": "up",
    "locationConfidence": "verified",
    "locationSource": "NMPML (Citilinc) RTI reply 3120/2026, 17 Aug 2026"
   }
  },
  {
   "type": "Feature",
   "geometry": {
    "type": "Point",
    "coordinates": [
     73.71148,
     19.99636
    ]
   },
   "properties": {
    "Name": "Shramik Nagar (U)",
    "depot": "Tapovan Depot",
    "side": "up",
    "locationConfidence": "verified",
    "locationSource": "NMPML (Citilinc) RTI reply 3120/2026, 17 Aug 2026"
   }
  },
  {
   "type": "Feature",
   "geometry": {
    "type": "Point",
    "coordinates": [
     73.78814,
     19.98706
    ]
   },
   "properties": {
    "Name": "Bhagavantha City",
    "depot": "Nashik Road Depot",
    "locationConfidence": "verified",
    "locationSource": "NMPML (Citilinc) RTI reply 3120/2026, 17 Aug 2026"
   }
  },
  {
   "type": "Feature",
   "geometry": {
    "type": "Point",
    "coordinates": [
     73.80099,
     20.04901
    ]
   },
   "properties": {
    "Name": "Mahadev Mandir (Mhasrul Road) (U)",
    "depot": "Nashik Road Depot",
    "side": "up",
    "locationConfidence": "verified",
    "locationSource": "NMPML (Citilinc) RTI reply 3120/2026, 17 Aug 2026"
   }
  },
  {
   "type": "Feature",
   "geometry": {
    "type": "Point",
    "coordinates": [
     73.76293,
     19.96101
    ]
   },
   "properties": {
    "Name": "Mahendra House (D)",
    "depot": "Nashik Road Depot",
    "side": "down",
    "locationConfidence": "verified",
    "locationSource": "NMPML (Citilinc) RTI reply 3120/2026, 17 Aug 2026"
   }
  },
  {
   "type": "Feature",
   "geometry": {
    "type": "Point",
    "coordinates": [
     73.65999,
     19.96585
    ]
   },
   "properties": {
    "Name": "Mahiravani (U)",
    "depot": "Nashik Road Depot",
    "side": "up",
    "locationConfidence": "verified",
    "locationSource": "NMPML (Citilinc) RTI reply 3120/2026, 17 Aug 2026"
   }
  },
  {
   "type": "Feature",
   "geometry": {
    "type": "Point",
    "coordinates": [
     73.87349,
     20.00067
    ]
   },
   "properties": {
    "Name": "Madsangavi Gaon (D)",
    "depot": "Nashik Road Depot",
    "side": "down",
    "locationConfidence": "verified",
    "locationSource": "NMPML (Citilinc) RTI reply 3120/2026, 17 Aug 2026"
   }
  },
  {
   "type": "Feature",
   "geometry": {
    "type": "Point",
    "coordinates": [
     73.66003,
     19.96596
    ]
   },
   "properties": {
    "Name": "Mahiravani (D)",
    "depot": "Nashik Road Depot",
    "side": "down",
    "locationConfidence": "verified",
    "locationSource": "NMPML (Citilinc) RTI reply 3120/2026, 17 Aug 2026"
   }
  },
  {
   "type": "Feature",
   "geometry": {
    "type": "Point",
    "coordinates": [
     73.94117,
     19.88544
    ]
   },
   "properties": {
    "Name": "Mohdari (D)",
    "depot": "Nashik Road Depot",
    "side": "down",
    "locationConfidence": "verified",
    "locationSource": "NMPML (Citilinc) RTI reply 3120/2026, 17 Aug 2026"
   }
  },
  {
   "type": "Feature",
   "geometry": {
    "type": "Point",
    "coordinates": [
     73.73023,
     19.99329
    ]
   },
   "properties": {
    "Name": "Mico (U)",
    "depot": "Tapovan Depot",
    "side": "up",
    "locationConfidence": "verified",
    "locationSource": "NMPML (Citilinc) RTI reply 3120/2026, 17 Aug 2026"
   }
  },
  {
   "type": "Feature",
   "geometry": {
    "type": "Point",
    "coordinates": [
     73.78342,
     20.06105
    ]
   },
   "properties": {
    "Name": "Tawali Fata",
    "depot": "Nashik Road Depot",
    "locationConfidence": "verified",
    "locationSource": "NMPML (Citilinc) RTI reply 3120/2026, 17 Aug 2026"
   }
  },
  {
   "type": "Feature",
   "geometry": {
    "type": "Point",
    "coordinates": [
     73.869,
     20.00069
    ]
   },
   "properties": {
    "Name": "Madsangavi (D)",
    "depot": "Nashik Road Depot",
    "side": "down",
    "locationConfidence": "verified",
    "locationSource": "NMPML (Citilinc) RTI reply 3120/2026, 17 Aug 2026"
   }
  },
  {
   "type": "Feature",
   "geometry": {
    "type": "Point",
    "coordinates": [
     73.78771,
     20.01633
    ]
   },
   "properties": {
    "Name": "Madhuban Colony (D)",
    "depot": "Nashik Road Depot",
    "side": "down",
    "locationConfidence": "verified",
    "locationSource": "NMPML (Citilinc) RTI reply 3120/2026, 17 Aug 2026"
   }
  },
  {
   "type": "Feature",
   "geometry": {
    "type": "Point",
    "coordinates": [
     73.79697,
     20.0172
    ]
   },
   "properties": {
    "Name": "Mico Davakhana (U)",
    "depot": "Tapovan Depot",
    "side": "up",
    "locationConfidence": "verified",
    "locationSource": "NMPML (Citilinc) RTI reply 3120/2026, 17 Aug 2026"
   }
  },
  {
   "type": "Feature",
   "geometry": {
    "type": "Point",
    "coordinates": [
     73.73789,
     20.00446
    ]
   },
   "properties": {
    "Name": "TDK Company",
    "depot": "Nashik Road Depot",
    "locationConfidence": "verified",
    "locationSource": "NMPML (Citilinc) RTI reply 3120/2026, 17 Aug 2026"
   }
  },
  {
   "type": "Feature",
   "geometry": {
    "type": "Point",
    "coordinates": [
     73.75057,
     19.95189
    ]
   },
   "properties": {
    "Name": "Lokmat (D)",
    "depot": "Nashik Road Depot",
    "side": "down",
    "locationConfidence": "verified",
    "locationSource": "NMPML (Citilinc) RTI reply 3120/2026, 17 Aug 2026"
   }
  },
  {
   "type": "Feature",
   "geometry": {
    "type": "Point",
    "coordinates": [
     73.76971,
     20.01233
    ]
   },
   "properties": {
    "Name": "Mai Lele School (U)",
    "depot": "Nashik Road Depot",
    "side": "up",
    "locationConfidence": "verified",
    "locationSource": "NMPML (Citilinc) RTI reply 3120/2026, 17 Aug 2026"
   }
  },
  {
   "type": "Feature",
   "geometry": {
    "type": "Point",
    "coordinates": [
     73.77366,
     20.04796
    ]
   },
   "properties": {
    "Name": "Makhamalabad (D)",
    "depot": "Nashik Road Depot",
    "side": "down",
    "locationConfidence": "verified",
    "locationSource": "NMPML (Citilinc) RTI reply 3120/2026, 17 Aug 2026"
   }
  },
  {
   "type": "Feature",
   "geometry": {
    "type": "Point",
    "coordinates": [
     73.77336,
     20.00674
    ]
   },
   "properties": {
    "Name": "Dongare Vastigrah / Lokmanya Nagar",
    "depot": "Nashik Road Depot",
    "locationConfidence": "verified",
    "locationSource": "NMPML (Citilinc) RTI reply 3120/2026, 17 Aug 2026"
   }
  },
  {
   "type": "Feature",
   "geometry": {
    "type": "Point",
    "coordinates": [
     73.80551,
     20.05059
    ]
   },
   "properties": {
    "Name": "Makhamalabad Link Road Dindori Road",
    "depot": "Nashik Road Depot",
    "locationConfidence": "verified",
    "locationSource": "NMPML (Citilinc) RTI reply 3120/2026, 17 Aug 2026"
   }
  },
  {
   "type": "Feature",
   "geometry": {
    "type": "Point",
    "coordinates": [
     73.82983,
     19.97411
    ]
   },
   "properties": {
    "Name": "Lokhande Mala / Mhasoba Mandir",
    "depot": "Nashik Road Depot",
    "locationConfidence": "verified",
    "locationSource": "NMPML (Citilinc) RTI reply 3120/2026, 17 Aug 2026"
   }
  },
  {
   "type": "Feature",
   "geometry": {
    "type": "Point",
    "coordinates": [
     73.78214,
     20.03729
    ]
   },
   "properties": {
    "Name": "Lilawati Hospital",
    "depot": "Nashik Road Depot",
    "locationConfidence": "verified",
    "locationSource": "NMPML (Citilinc) RTI reply 3120/2026, 17 Aug 2026"
   }
  },
  {
   "type": "Feature",
   "geometry": {
    "type": "Point",
    "coordinates": [
     73.80524,
     20.05017
    ]
   },
   "properties": {
    "Name": "Makhamalabad Link Road (U)",
    "depot": "Nashik Road Depot",
    "side": "up",
    "locationConfidence": "verified",
    "locationSource": "NMPML (Citilinc) RTI reply 3120/2026, 17 Aug 2026"
   }
  },
  {
   "type": "Feature",
   "geometry": {
    "type": "Point",
    "coordinates": [
     73.80575,
     20.05062
    ]
   },
   "properties": {
    "Name": "Makhamalabad Link Road Panchwati Road",
    "depot": "Nashik Road Depot",
    "locationConfidence": "verified",
    "locationSource": "NMPML (Citilinc) RTI reply 3120/2026, 17 Aug 2026"
   }
  },
  {
   "type": "Feature",
   "geometry": {
    "type": "Point",
    "coordinates": [
     73.79163,
     20.04677
    ]
   },
   "properties": {
    "Name": "Makhamalabad Naka Maturi Road",
    "depot": "Nashik Road Depot",
    "locationConfidence": "verified",
    "locationSource": "NMPML (Citilinc) RTI reply 3120/2026, 17 Aug 2026"
   }
  },
  {
   "type": "Feature",
   "geometry": {
    "type": "Point",
    "coordinates": [
     73.60101,
     19.95552
    ]
   },
   "properties": {
    "Name": "Beze Phata",
    "depot": "Nashik Road Depot",
    "locationConfidence": "verified",
    "locationSource": "NMPML (Citilinc) RTI reply 3120/2026, 17 Aug 2026"
   }
  },
  {
   "type": "Feature",
   "geometry": {
    "type": "Point",
    "coordinates": [
     73.77325,
     19.97329
    ]
   },
   "properties": {
    "Name": "Lekha Nagar (U)",
    "depot": "Tapovan Depot",
    "side": "up",
    "locationConfidence": "verified",
    "locationSource": "NMPML (Citilinc) RTI reply 3120/2026, 17 Aug 2026"
   }
  },
  {
   "type": "Feature",
   "geometry": {
    "type": "Point",
    "coordinates": [
     74.00383,
     19.84804
    ]
   },
   "properties": {
    "Name": "Sinnar (Tahsil Karyalaya Awar)",
    "depot": "Nashik Road Depot",
    "locationConfidence": "verified",
    "locationSource": "NMPML (Citilinc) RTI reply 3120/2026, 17 Aug 2026"
   }
  },
  {
   "type": "Feature",
   "geometry": {
    "type": "Point",
    "coordinates": [
     73.67848,
     20.0704
    ]
   },
   "properties": {
    "Name": "Laxtara Petrol Pump",
    "depot": "Nashik Road Depot",
    "locationConfidence": "verified",
    "locationSource": "NMPML (Citilinc) RTI reply 3120/2026, 17 Aug 2026"
   }
  },
  {
   "type": "Feature",
   "geometry": {
    "type": "Point",
    "coordinates": [
     73.79222,
     20.0462
    ]
   },
   "properties": {
    "Name": "Rau Hotel Peth Road (Maruti Mandir) (D)",
    "depot": "Nashik Road Depot",
    "side": "down",
    "locationConfidence": "verified",
    "locationSource": "NMPML (Citilinc) RTI reply 3120/2026, 17 Aug 2026"
   }
  },
  {
   "type": "Feature",
   "geometry": {
    "type": "Point",
    "coordinates": [
     73.79002,
     20.01201
    ]
   },
   "properties": {
    "Name": "Makhmalabad Naka (U)",
    "depot": "Nashik Road Depot",
    "side": "up",
    "locationConfidence": "verified",
    "locationSource": "NMPML (Citilinc) RTI reply 3120/2026, 17 Aug 2026"
   }
  },
  {
   "type": "Feature",
   "geometry": {
    "type": "Point",
    "coordinates": [
     73.96489,
     19.86507
    ]
   },
   "properties": {
    "Name": "L&T Phata / Malegaon Phata (U)",
    "depot": "Tapovan Depot",
    "side": "up",
    "locationConfidence": "verified",
    "locationSource": "NMPML (Citilinc) RTI reply 3120/2026, 17 Aug 2026"
   }
  },
  {
   "type": "Feature",
   "geometry": {
    "type": "Point",
    "coordinates": [
     73.78202,
     19.99617
    ]
   },
   "properties": {
    "Name": "Adivasi Bhawan (U)",
    "depot": "Tapovan Depot",
    "side": "up",
    "locationConfidence": "verified",
    "locationSource": "NMPML (Citilinc) RTI reply 3120/2026, 17 Aug 2026"
   }
  },
  {
   "type": "Feature",
   "geometry": {
    "type": "Point",
    "coordinates": [
     73.8286,
     20.01764
    ]
   },
   "properties": {
    "Name": "Bafna Bajar / Laxmi Nagar (D)",
    "depot": "Tapovan Depot",
    "side": "down",
    "locationConfidence": "verified",
    "locationSource": "NMPML (Citilinc) RTI reply 3120/2026, 17 Aug 2026"
   }
  },
  {
   "type": "Feature",
   "geometry": {
    "type": "Point",
    "coordinates": [
     73.7378,
     19.97308
    ]
   },
   "properties": {
    "Name": "Laxman Township",
    "depot": "Nashik Road Depot",
    "locationConfidence": "verified",
    "locationSource": "NMPML (Citilinc) RTI reply 3120/2026, 17 Aug 2026"
   }
  },
  {
   "type": "Feature",
   "geometry": {
    "type": "Point",
    "coordinates": [
     73.7916,
     20.00995
    ]
   },
   "properties": {
    "Name": "Malegaon Stand (D)",
    "depot": "Nashik Road Depot",
    "side": "down",
    "locationConfidence": "verified",
    "locationSource": "NMPML (Citilinc) RTI reply 3120/2026, 17 Aug 2026"
   }
  },
  {
   "type": "Feature",
   "geometry": {
    "type": "Point",
    "coordinates": [
     73.68592,
     19.97384
    ]
   },
   "properties": {
    "Name": "Bengaon Dhanaga Phata",
    "depot": "Nashik Road Depot",
    "locationConfidence": "verified",
    "locationSource": "NMPML (Citilinc) RTI reply 3120/2026, 17 Aug 2026"
   }
  },
  {
   "type": "Feature",
   "geometry": {
    "type": "Point",
    "coordinates": [
     73.82542,
     19.95119
    ]
   },
   "properties": {
    "Name": "Lavhate Nagar (U)",
    "depot": "Tapovan Depot",
    "side": "up",
    "locationConfidence": "verified",
    "locationSource": "NMPML (Citilinc) RTI reply 3120/2026, 17 Aug 2026"
   }
  },
  {
   "type": "Feature",
   "geometry": {
    "type": "Point",
    "coordinates": [
     73.7139,
     19.94231
    ]
   },
   "properties": {
    "Name": "Manapa Shala No 79",
    "depot": "Nashik Road Depot",
    "locationConfidence": "verified",
    "locationSource": "NMPML (Citilinc) RTI reply 3120/2026, 17 Aug 2026"
   }
  },
  {
   "type": "Feature",
   "geometry": {
    "type": "Point",
    "coordinates": [
     73.89264,
     19.97792
    ]
   },
   "properties": {
    "Name": "Mangir Baba Temple",
    "depot": "Nashik Road Depot",
    "locationConfidence": "verified",
    "locationSource": "NMPML (Citilinc) RTI reply 3120/2026, 17 Aug 2026"
   }
  },
  {
   "type": "Feature",
   "geometry": {
    "type": "Point",
    "coordinates": [
     73.81245,
     20.01844
    ]
   },
   "properties": {
    "Name": "Lathe Nagar (D)",
    "depot": "Nashik Road Depot",
    "side": "down",
    "locationConfidence": "verified",
    "locationSource": "NMPML (Citilinc) RTI reply 3120/2026, 17 Aug 2026"
   }
  },
  {
   "type": "Feature",
   "geometry": {
    "type": "Point",
    "coordinates": [
     73.87675,
     19.95264
    ]
   },
   "properties": {
    "Name": "Mankar Mala",
    "depot": "Nashik Road Depot",
    "locationConfidence": "verified",
    "locationSource": "NMPML (Citilinc) RTI reply 3120/2026, 17 Aug 2026"
   }
  },
  {
   "type": "Feature",
   "geometry": {
    "type": "Point",
    "coordinates": [
     73.67927,
     19.86168
    ]
   },
   "properties": {
    "Name": "Wadivarhe Police Station",
    "depot": "Nashik Road Depot",
    "locationConfidence": "verified",
    "locationSource": "NMPML (Citilinc) RTI reply 3120/2026, 17 Aug 2026"
   }
  },
  {
   "type": "Feature",
   "geometry": {
    "type": "Point",
    "coordinates": [
     73.94225,
     20.00172
    ]
   },
   "properties": {
    "Name": "Lalapadi Phata (D)",
    "depot": "Nashik Road Depot",
    "side": "down",
    "locationConfidence": "verified",
    "locationSource": "NMPML (Citilinc) RTI reply 3120/2026, 17 Aug 2026"
   }
  },
  {
   "type": "Feature",
   "geometry": {
    "type": "Point",
    "coordinates": [
     73.94172,
     20.00178
    ]
   },
   "properties": {
    "Name": "Lalapadi Phata (U)",
    "depot": "Nashik Road Depot",
    "side": "up",
    "locationConfidence": "verified",
    "locationSource": "NMPML (Citilinc) RTI reply 3120/2026, 17 Aug 2026"
   }
  },
  {
   "type": "Feature",
   "geometry": {
    "type": "Point",
    "coordinates": [
     73.90526,
     20.03782
    ]
   },
   "properties": {
    "Name": "Maniyar Baba (D)",
    "depot": "Nashik Road Depot",
    "side": "down",
    "locationConfidence": "verified",
    "locationSource": "NMPML (Citilinc) RTI reply 3120/2026, 17 Aug 2026"
   }
  },
  {
   "type": "Feature",
   "geometry": {
    "type": "Point",
    "coordinates": [
     73.82221,
     19.96125
    ]
   },
   "properties": {
    "Name": "More Vasti (D)",
    "depot": "Nashik Road Depot",
    "side": "down",
    "locationConfidence": "verified",
    "locationSource": "NMPML (Citilinc) RTI reply 3120/2026, 17 Aug 2026"
   }
  },
  {
   "type": "Feature",
   "geometry": {
    "type": "Point",
    "coordinates": [
     73.77888,
     19.98008
    ]
   },
   "properties": {
    "Name": "Indiranagar Bogda (D)",
    "depot": "Nashik Road Depot",
    "side": "down",
    "locationConfidence": "verified",
    "locationSource": "NMPML (Citilinc) RTI reply 3120/2026, 17 Aug 2026"
   }
  },
  {
   "type": "Feature",
   "geometry": {
    "type": "Point",
    "coordinates": [
     73.68547,
     19.97356
    ]
   },
   "properties": {
    "Name": "Belgaon Dhaga Phata",
    "depot": "Nashik Road Depot",
    "locationConfidence": "verified",
    "locationSource": "NMPML (Citilinc) RTI reply 3120/2026, 17 Aug 2026"
   }
  },
  {
   "type": "Feature",
   "geometry": {
    "type": "Point",
    "coordinates": [
     73.92266,
     20
    ]
   },
   "properties": {
    "Name": "Lakhalgaon (D)",
    "depot": "Tapovan Depot",
    "side": "down",
    "locationConfidence": "verified",
    "locationSource": "NMPML (Citilinc) RTI reply 3120/2026, 17 Aug 2026"
   }
  },
  {
   "type": "Feature",
   "geometry": {
    "type": "Point",
    "coordinates": [
     73.84228,
     20.02247
    ]
   },
   "properties": {
    "Name": "Telephone Exchange",
    "depot": "Nashik Road Depot",
    "locationConfidence": "verified",
    "locationSource": "NMPML (Citilinc) RTI reply 3120/2026, 17 Aug 2026"
   }
  },
  {
   "type": "Feature",
   "geometry": {
    "type": "Point",
    "coordinates": [
     73.71536,
     19.94433
    ]
   },
   "properties": {
    "Name": "Lahuji Nagar",
    "depot": "Nashik Road Depot",
    "locationConfidence": "verified",
    "locationSource": "NMPML (Citilinc) RTI reply 3120/2026, 17 Aug 2026"
   }
  },
  {
   "type": "Feature",
   "geometry": {
    "type": "Point",
    "coordinates": [
     73.88228,
     20.05334
    ]
   },
   "properties": {
    "Name": "Manudevi (U)",
    "depot": "Nashik Road Depot",
    "side": "up",
    "locationConfidence": "verified",
    "locationSource": "NMPML (Citilinc) RTI reply 3120/2026, 17 Aug 2026"
   }
  },
  {
   "type": "Feature",
   "geometry": {
    "type": "Point",
    "coordinates": [
     73.6851,
     20.05021
    ]
   },
   "properties": {
    "Name": "Kumbharwadi",
    "depot": "Nashik Road Depot",
    "locationConfidence": "verified",
    "locationSource": "NMPML (Citilinc) RTI reply 3120/2026, 17 Aug 2026"
   }
  },
  {
   "type": "Feature",
   "geometry": {
    "type": "Point",
    "coordinates": [
     73.77366,
     20.00199
    ]
   },
   "properties": {
    "Name": "Kulkarni Garden (U)",
    "depot": "Tapovan Depot",
    "side": "up",
    "locationConfidence": "verified",
    "locationSource": "NMPML (Citilinc) RTI reply 3120/2026, 17 Aug 2026"
   }
  },
  {
   "type": "Feature",
   "geometry": {
    "type": "Point",
    "coordinates": [
     73.88227,
     20.05305
    ]
   },
   "properties": {
    "Name": "Manudevi (D)",
    "depot": "Nashik Road Depot",
    "side": "down",
    "locationConfidence": "verified",
    "locationSource": "NMPML (Citilinc) RTI reply 3120/2026, 17 Aug 2026"
   }
  },
  {
   "type": "Feature",
   "geometry": {
    "type": "Point",
    "coordinates": [
     73.84966,
     19.99785
    ]
   },
   "properties": {
    "Name": "Manur Phata (D)",
    "depot": "Nashik Road Depot",
    "side": "down",
    "locationConfidence": "verified",
    "locationSource": "NMPML (Citilinc) RTI reply 3120/2026, 17 Aug 2026"
   }
  },
  {
   "type": "Feature",
   "geometry": {
    "type": "Point",
    "coordinates": [
     73.9362,
     20.09834
    ]
   },
   "properties": {
    "Name": "Mari Mata Gate Sukena Phata",
    "depot": "Nashik Road Depot",
    "locationConfidence": "verified",
    "locationSource": "NMPML (Citilinc) RTI reply 3120/2026, 17 Aug 2026"
   }
  },
  {
   "type": "Feature",
   "geometry": {
    "type": "Point",
    "coordinates": [
     73.69296,
     19.96486
    ]
   },
   "properties": {
    "Name": "Belgaon Dhaga",
    "depot": "Nashik Road Depot",
    "locationConfidence": "verified",
    "locationSource": "NMPML (Citilinc) RTI reply 3120/2026, 17 Aug 2026"
   }
  },
  {
   "type": "Feature",
   "geometry": {
    "type": "Point",
    "coordinates": [
     73.80573,
     20.05672
    ]
   },
   "properties": {
    "Name": "Kulkarni Farm",
    "depot": "Nashik Road Depot",
    "locationConfidence": "verified",
    "locationSource": "NMPML (Citilinc) RTI reply 3120/2026, 17 Aug 2026"
   }
  },
  {
   "type": "Feature",
   "geometry": {
    "type": "Point",
    "coordinates": [
     74.00611,
     20.01149
    ]
   },
   "properties": {
    "Name": "Market Committee Nashik Road",
    "depot": "Nashik Road Depot",
    "locationConfidence": "verified",
    "locationSource": "NMPML (Citilinc) RTI reply 3120/2026, 17 Aug 2026"
   }
  },
  {
   "type": "Feature",
   "geometry": {
    "type": "Point",
    "coordinates": [
     74.00619,
     20.01158
    ]
   },
   "properties": {
    "Name": "Market Committee Saikheda Gaon",
    "depot": "Nashik Road Depot",
    "locationConfidence": "verified",
    "locationSource": "NMPML (Citilinc) RTI reply 3120/2026, 17 Aug 2026"
   }
  },
  {
   "type": "Feature",
   "geometry": {
    "type": "Point",
    "coordinates": [
     73.7775,
     20.00588
    ]
   },
   "properties": {
    "Name": "K T H M College (U)",
    "depot": "Nashik Road Depot",
    "side": "up",
    "locationConfidence": "verified",
    "locationSource": "NMPML (Citilinc) RTI reply 3120/2026, 17 Aug 2026"
   }
  },
  {
   "type": "Feature",
   "geometry": {
    "type": "Point",
    "coordinates": [
     73.84795,
     19.95133
    ]
   },
   "properties": {
    "Name": "Market Gate Ekalhara Road",
    "depot": "Nashik Road Depot",
    "locationConfidence": "verified",
    "locationSource": "NMPML (Citilinc) RTI reply 3120/2026, 17 Aug 2026"
   }
  },
  {
   "type": "Feature",
   "geometry": {
    "type": "Point",
    "coordinates": [
     73.74104,
     19.96754
    ]
   },
   "properties": {
    "Name": "Krushna Nagar",
    "depot": "Nashik Road Depot",
    "locationConfidence": "verified",
    "locationSource": "NMPML (Citilinc) RTI reply 3120/2026, 17 Aug 2026"
   }
  },
  {
   "type": "Feature",
   "geometry": {
    "type": "Point",
    "coordinates": [
     73.77038,
     19.95024
    ]
   },
   "properties": {
    "Name": "Krishna Sweets / Sawant College Phata",
    "depot": "Nashik Road Depot",
    "locationConfidence": "verified",
    "locationSource": "NMPML (Citilinc) RTI reply 3120/2026, 17 Aug 2026"
   }
  },
  {
   "type": "Feature",
   "geometry": {
    "type": "Point",
    "coordinates": [
     73.79647,
     20.01484
    ]
   },
   "properties": {
    "Name": "Market Gate (D)",
    "depot": "Tapovan Depot",
    "side": "down",
    "locationConfidence": "verified",
    "locationSource": "NMPML (Citilinc) RTI reply 3120/2026, 17 Aug 2026"
   }
  },
  {
   "type": "Feature",
   "geometry": {
    "type": "Point",
    "coordinates": [
     73.68884,
     19.96829
    ]
   },
   "properties": {
    "Name": "Matoshri Nagar",
    "depot": "Nashik Road Depot",
    "locationConfidence": "verified",
    "locationSource": "NMPML (Citilinc) RTI reply 3120/2026, 17 Aug 2026"
   }
  },
  {
   "type": "Feature",
   "geometry": {
    "type": "Point",
    "coordinates": [
     73.77624,
     19.98221
    ]
   },
   "properties": {
    "Name": "Govinda Nagar Corner",
    "depot": "Nashik Road Depot",
    "locationConfidence": "verified",
    "locationSource": "NMPML (Citilinc) RTI reply 3120/2026, 17 Aug 2026"
   }
  },
  {
   "type": "Feature",
   "geometry": {
    "type": "Point",
    "coordinates": [
     73.76446,
     20.01016
    ]
   },
   "properties": {
    "Name": "Thatte Nagar (D)",
    "depot": "Nashik Road Depot",
    "side": "down",
    "locationConfidence": "verified",
    "locationSource": "NMPML (Citilinc) RTI reply 3120/2026, 17 Aug 2026"
   }
  },
  {
   "type": "Feature",
   "geometry": {
    "type": "Point",
    "coordinates": [
     73.56401,
     19.95055
    ]
   },
   "properties": {
    "Name": "Tupadevi / Talwade Phata",
    "depot": "Nashik Road Depot",
    "locationConfidence": "verified",
    "locationSource": "NMPML (Citilinc) RTI reply 3120/2026, 17 Aug 2026"
   }
  },
  {
   "type": "Feature",
   "geometry": {
    "type": "Point",
    "coordinates": [
     73.79625,
     20.01501
    ]
   },
   "properties": {
    "Name": "Market Gate (U)",
    "depot": "Tapovan Depot",
    "side": "up",
    "locationConfidence": "verified",
    "locationSource": "NMPML (Citilinc) RTI reply 3120/2026, 17 Aug 2026"
   }
  },
  {
   "type": "Feature",
   "geometry": {
    "type": "Point",
    "coordinates": [
     73.7995,
     20.05519
    ]
   },
   "properties": {
    "Name": "Adivasi Sankul (U)",
    "depot": "Nashik Road Depot",
    "side": "up",
    "locationConfidence": "verified",
    "locationSource": "NMPML (Citilinc) RTI reply 3120/2026, 17 Aug 2026"
   }
  },
  {
   "type": "Feature",
   "geometry": {
    "type": "Point",
    "coordinates": [
     73.78831,
     20.014
    ]
   },
   "properties": {
    "Name": "Kranti Nagar (D)",
    "depot": "Nashik Road Depot",
    "side": "down",
    "locationConfidence": "verified",
    "locationSource": "NMPML (Citilinc) RTI reply 3120/2026, 17 Aug 2026"
   }
  },
  {
   "type": "Feature",
   "geometry": {
    "type": "Point",
    "coordinates": [
     73.78334,
     20.03135
    ]
   },
   "properties": {
    "Name": "Kothule Mala",
    "depot": "Nashik Road Depot",
    "locationConfidence": "verified",
    "locationSource": "NMPML (Citilinc) RTI reply 3120/2026, 17 Aug 2026"
   }
  },
  {
   "type": "Feature",
   "geometry": {
    "type": "Point",
    "coordinates": [
     73.79536,
     20.0295
    ]
   },
   "properties": {
    "Name": "Sharad Pawar Market",
    "depot": "Nashik Road Depot",
    "locationConfidence": "verified",
    "locationSource": "NMPML (Citilinc) RTI reply 3120/2026, 17 Aug 2026"
   }
  },
  {
   "type": "Feature",
   "geometry": {
    "type": "Point",
    "coordinates": [
     73.73406,
     20.0019
    ]
   },
   "properties": {
    "Name": "Maruti Showroom",
    "depot": "Nashik Road Depot",
    "locationConfidence": "verified",
    "locationSource": "NMPML (Citilinc) RTI reply 3120/2026, 17 Aug 2026"
   }
  },
  {
   "type": "Feature",
   "geometry": {
    "type": "Point",
    "coordinates": [
     73.75459,
     19.98141
    ]
   },
   "properties": {
    "Name": "Matale Tue Office",
    "depot": "Nashik Road Depot",
    "locationConfidence": "verified",
    "locationSource": "NMPML (Citilinc) RTI reply 3120/2026, 17 Aug 2026"
   }
  },
  {
   "type": "Feature",
   "geometry": {
    "type": "Point",
    "coordinates": [
     73.83317,
     19.88201
    ]
   },
   "properties": {
    "Name": "Barn School Phata (U)",
    "depot": "Nashik Road Depot",
    "side": "up",
    "locationConfidence": "verified",
    "locationSource": "NMPML (Citilinc) RTI reply 3120/2026, 17 Aug 2026"
   }
  },
  {
   "type": "Feature",
   "geometry": {
    "type": "Point",
    "coordinates": [
     73.83324,
     19.91653
    ]
   },
   "properties": {
    "Name": "Kothari (U)",
    "depot": "Nashik Road Depot",
    "side": "up",
    "locationConfidence": "verified",
    "locationSource": "NMPML (Citilinc) RTI reply 3120/2026, 17 Aug 2026"
   }
  },
  {
   "type": "Feature",
   "geometry": {
    "type": "Point",
    "coordinates": [
     73.89944,
     19.95572
    ]
   },
   "properties": {
    "Name": "Kotam Gaon",
    "depot": "Nashik Road Depot",
    "locationConfidence": "verified",
    "locationSource": "NMPML (Citilinc) RTI reply 3120/2026, 17 Aug 2026"
   }
  },
  {
   "type": "Feature",
   "geometry": {
    "type": "Point",
    "coordinates": [
     73.75156,
     20.05625
    ]
   },
   "properties": {
    "Name": "Matori",
    "depot": "Nashik Road Depot",
    "locationConfidence": "verified",
    "locationSource": "NMPML (Citilinc) RTI reply 3120/2026, 17 Aug 2026"
   }
  },
  {
   "type": "Feature",
   "geometry": {
    "type": "Point",
    "coordinates": [
     73.84583,
     20.02676
    ]
   },
   "properties": {
    "Name": "Konark Nagar (D)",
    "depot": "Nashik Road Depot",
    "side": "down",
    "locationConfidence": "verified",
    "locationSource": "NMPML (Citilinc) RTI reply 3120/2026, 17 Aug 2026"
   }
  },
  {
   "type": "Feature",
   "geometry": {
    "type": "Point",
    "coordinates": [
     73.75099,
     20.05607
    ]
   },
   "properties": {
    "Name": "Matori Gaon",
    "depot": "Nashik Road Depot",
    "locationConfidence": "verified",
    "locationSource": "NMPML (Citilinc) RTI reply 3120/2026, 17 Aug 2026"
   }
  },
  {
   "type": "Feature",
   "geometry": {
    "type": "Point",
    "coordinates": [
     73.90961,
     19.9908
    ]
   },
   "properties": {
    "Name": "Matoshri College",
    "depot": "Nashik Road Depot",
    "locationConfidence": "verified",
    "locationSource": "NMPML (Citilinc) RTI reply 3120/2026, 17 Aug 2026"
   }
  },
  {
   "type": "Feature",
   "geometry": {
    "type": "Point",
    "coordinates": [
     73.85052,
     20.02002
    ]
   },
   "properties": {
    "Name": "Balaji Chowk",
    "depot": "Nashik Road Depot",
    "locationConfidence": "verified",
    "locationSource": "NMPML (Citilinc) RTI reply 3120/2026, 17 Aug 2026"
   }
  },
  {
   "type": "Feature",
   "geometry": {
    "type": "Point",
    "coordinates": [
     73.74969,
     20.00246
    ]
   },
   "properties": {
    "Name": "Matoshri Sweets",
    "depot": "Nashik Road Depot",
    "locationConfidence": "verified",
    "locationSource": "NMPML (Citilinc) RTI reply 3120/2026, 17 Aug 2026"
   }
  },
  {
   "type": "Feature",
   "geometry": {
    "type": "Point",
    "coordinates": [
     73.72143,
     20.02406
    ]
   },
   "properties": {
    "Name": "Bardan Phata",
    "depot": "Tapovan Depot",
    "locationConfidence": "verified",
    "locationSource": "NMPML (Citilinc) RTI reply 3120/2026, 17 Aug 2026"
   }
  },
  {
   "type": "Feature",
   "geometry": {
    "type": "Point",
    "coordinates": [
     73.8214,
     20.01538
    ]
   },
   "properties": {
    "Name": "K.K. Wagh College (U)",
    "depot": "Nashik Road Depot",
    "side": "up",
    "locationConfidence": "verified",
    "locationSource": "NMPML (Citilinc) RTI reply 3120/2026, 17 Aug 2026"
   }
  },
  {
   "type": "Feature",
   "geometry": {
    "type": "Point",
    "coordinates": [
     73.98839,
     20.08161
    ]
   },
   "properties": {
    "Name": "Thergaon",
    "depot": "Nashik Road Depot",
    "locationConfidence": "verified",
    "locationSource": "NMPML (Citilinc) RTI reply 3120/2026, 17 Aug 2026"
   }
  },
  {
   "type": "Feature",
   "geometry": {
    "type": "Point",
    "coordinates": [
     73.82188,
     20.01501
    ]
   },
   "properties": {
    "Name": "K.K. Wagh College (D)",
    "depot": "Nashik Road Depot",
    "side": "down",
    "locationConfidence": "verified",
    "locationSource": "NMPML (Citilinc) RTI reply 3120/2026, 17 Aug 2026"
   }
  },
  {
   "type": "Feature",
   "geometry": {
    "type": "Point",
    "coordinates": [
     73.69568,
     19.9159
    ]
   },
   "properties": {
    "Name": "Mauli Bunglow",
    "depot": "Nashik Road Depot",
    "locationConfidence": "verified",
    "locationSource": "NMPML (Citilinc) RTI reply 3120/2026, 17 Aug 2026"
   }
  },
  {
   "type": "Feature",
   "geometry": {
    "type": "Point",
    "coordinates": [
     73.7197,
     19.9484
    ]
   },
   "properties": {
    "Name": "Mauli Chowk",
    "depot": "Nashik Road Depot",
    "locationConfidence": "verified",
    "locationSource": "NMPML (Citilinc) RTI reply 3120/2026, 17 Aug 2026"
   }
  },
  {
   "type": "Feature",
   "geometry": {
    "type": "Point",
    "coordinates": [
     73.74686,
     19.97234
    ]
   },
   "properties": {
    "Name": "Mauli Lawns (D)",
    "depot": "Nashik Road Depot",
    "side": "down",
    "locationConfidence": "verified",
    "locationSource": "NMPML (Citilinc) RTI reply 3120/2026, 17 Aug 2026"
   }
  },
  {
   "type": "Feature",
   "geometry": {
    "type": "Point",
    "coordinates": [
     73.68621,
     19.91971
    ]
   },
   "properties": {
    "Name": "Waldevi Dharan Fata",
    "depot": "Nashik Road Depot",
    "locationConfidence": "verified",
    "locationSource": "NMPML (Citilinc) RTI reply 3120/2026, 17 Aug 2026"
   }
  },
  {
   "type": "Feature",
   "geometry": {
    "type": "Point",
    "coordinates": [
     73.86021,
     19.96894
    ]
   },
   "properties": {
    "Name": "Kirloskar",
    "depot": "Nashik Road Depot",
    "locationConfidence": "verified",
    "locationSource": "NMPML (Citilinc) RTI reply 3120/2026, 17 Aug 2026"
   }
  },
  {
   "type": "Feature",
   "geometry": {
    "type": "Point",
    "coordinates": [
     73.85639,
     20.03097
    ]
   },
   "properties": {
    "Name": "Medical Phata 1 (U)",
    "depot": "Nashik Road Depot",
    "side": "up",
    "locationConfidence": "verified",
    "locationSource": "NMPML (Citilinc) RTI reply 3120/2026, 17 Aug 2026"
   }
  },
  {
   "type": "Feature",
   "geometry": {
    "type": "Point",
    "coordinates": [
     73.85546,
     20.03149
    ]
   },
   "properties": {
    "Name": "Medical Phata (U)",
    "depot": "Nashik Road Depot",
    "side": "up",
    "locationConfidence": "verified",
    "locationSource": "NMPML (Citilinc) RTI reply 3120/2026, 17 Aug 2026"
   }
  },
  {
   "type": "Feature",
   "geometry": {
    "type": "Point",
    "coordinates": [
     73.96762,
     20.04933
    ]
   },
   "properties": {
    "Name": "Kherwadi Fata",
    "depot": "Nashik Road Depot",
    "locationConfidence": "verified",
    "locationSource": "NMPML (Citilinc) RTI reply 3120/2026, 17 Aug 2026"
   }
  },
  {
   "type": "Feature",
   "geometry": {
    "type": "Point",
    "coordinates": [
     73.85698,
     20.03091
    ]
   },
   "properties": {
    "Name": "Medical Phata 2 (D)",
    "depot": "Nashik Road Depot",
    "side": "down",
    "locationConfidence": "verified",
    "locationSource": "NMPML (Citilinc) RTI reply 3120/2026, 17 Aug 2026"
   }
  },
  {
   "type": "Feature",
   "geometry": {
    "type": "Point",
    "coordinates": [
     73.78608,
     19.97353
    ]
   },
   "properties": {
    "Name": "Bapu Bangla (D)",
    "depot": "Nashik Road Depot",
    "side": "down",
    "locationConfidence": "verified",
    "locationSource": "NMPML (Citilinc) RTI reply 3120/2026, 17 Aug 2026"
   }
  },
  {
   "type": "Feature",
   "geometry": {
    "type": "Point",
    "coordinates": [
     73.97114,
     20.0467
    ]
   },
   "properties": {
    "Name": "Khervadi Gaon",
    "depot": "Nashik Road Depot",
    "locationConfidence": "verified",
    "locationSource": "NMPML (Citilinc) RTI reply 3120/2026, 17 Aug 2026"
   }
  },
  {
   "type": "Feature",
   "geometry": {
    "type": "Point",
    "coordinates": [
     73.78407,
     20.00489
    ]
   },
   "properties": {
    "Name": "Meher",
    "depot": "Nashik Road Depot",
    "locationConfidence": "verified",
    "locationSource": "NMPML (Citilinc) RTI reply 3120/2026, 17 Aug 2026"
   }
  },
  {
   "type": "Feature",
   "geometry": {
    "type": "Point",
    "coordinates": [
     73.79415,
     20.04038
    ]
   },
   "properties": {
    "Name": "Meherdham",
    "depot": "Nashik Road Depot",
    "locationConfidence": "verified",
    "locationSource": "NMPML (Citilinc) RTI reply 3120/2026, 17 Aug 2026"
   }
  },
  {
   "type": "Feature",
   "geometry": {
    "type": "Point",
    "coordinates": [
     73.77626,
     20.04696
    ]
   },
   "properties": {
    "Name": "Khandoba Mandir / Mankar Mala (D)",
    "depot": "Nashik Road Depot",
    "side": "down",
    "locationConfidence": "verified",
    "locationSource": "NMPML (Citilinc) RTI reply 3120/2026, 17 Aug 2026"
   }
  },
  {
   "type": "Feature",
   "geometry": {
    "type": "Point",
    "coordinates": [
     73.78482,
     20.00691
    ]
   },
   "properties": {
    "Name": "Meher Signal",
    "depot": "Nashik Road Depot",
    "locationConfidence": "verified",
    "locationSource": "NMPML (Citilinc) RTI reply 3120/2026, 17 Aug 2026"
   }
  },
  {
   "type": "Feature",
   "geometry": {
    "type": "Point",
    "coordinates": [
     73.77411,
     19.99144
    ]
   },
   "properties": {
    "Name": "Tidke Colony Square Navin",
    "depot": "Nashik Road Depot",
    "locationConfidence": "verified",
    "locationSource": "NMPML (Citilinc) RTI reply 3120/2026, 17 Aug 2026"
   }
  },
  {
   "type": "Feature",
   "geometry": {
    "type": "Point",
    "coordinates": [
     73.75612,
     19.94808
    ]
   },
   "properties": {
    "Name": "Khanderav Nagar",
    "depot": "Nashik Road Depot",
    "locationConfidence": "verified",
    "locationSource": "NMPML (Citilinc) RTI reply 3120/2026, 17 Aug 2026"
   }
  },
  {
   "type": "Feature",
   "geometry": {
    "type": "Point",
    "coordinates": [
     73.90316,
     19.95755
    ]
   },
   "properties": {
    "Name": "Khanderav Mandir Saman Gaon Rd",
    "depot": "Nashik Road Depot",
    "locationConfidence": "verified",
    "locationSource": "NMPML (Citilinc) RTI reply 3120/2026, 17 Aug 2026"
   }
  },
  {
   "type": "Feature",
   "geometry": {
    "type": "Point",
    "coordinates": [
     73.78103,
     20.00065
    ]
   },
   "properties": {
    "Name": "CBS / Mela Stand (U)",
    "depot": "Tapovan Depot",
    "side": "up",
    "locationConfidence": "verified",
    "locationSource": "NMPML (Citilinc) RTI reply 3120/2026, 17 Aug 2026"
   }
  },
  {
   "type": "Feature",
   "geometry": {
    "type": "Point",
    "coordinates": [
     73.80218,
     20.03012
    ]
   },
   "properties": {
    "Name": "Meri Colony (D)",
    "depot": "Nashik Road Depot",
    "side": "down",
    "locationConfidence": "verified",
    "locationSource": "NMPML (Citilinc) RTI reply 3120/2026, 17 Aug 2026"
   }
  },
  {
   "type": "Feature",
   "geometry": {
    "type": "Point",
    "coordinates": [
     73.78949,
     19.96809
    ]
   },
   "properties": {
    "Name": "Mhada Colony (U)",
    "depot": "Nashik Road Depot",
    "side": "up",
    "locationConfidence": "verified",
    "locationSource": "NMPML (Citilinc) RTI reply 3120/2026, 17 Aug 2026"
   }
  },
  {
   "type": "Feature",
   "geometry": {
    "type": "Point",
    "coordinates": [
     73.76641,
     19.98944
    ]
   },
   "properties": {
    "Name": "Tidke Nagar Chowk (D)",
    "depot": "Nashik Road Depot",
    "side": "down",
    "locationConfidence": "verified",
    "locationSource": "NMPML (Citilinc) RTI reply 3120/2026, 17 Aug 2026"
   }
  },
  {
   "type": "Feature",
   "geometry": {
    "type": "Point",
    "coordinates": [
     73.92325,
     20.08901
    ]
   },
   "properties": {
    "Name": "Khanderao Mandir (D)",
    "depot": "Nashik Road Depot",
    "side": "down",
    "locationConfidence": "verified",
    "locationSource": "NMPML (Citilinc) RTI reply 3120/2026, 17 Aug 2026"
   }
  },
  {
   "type": "Feature",
   "geometry": {
    "type": "Point",
    "coordinates": [
     73.63048,
     19.9598
    ]
   },
   "properties": {
    "Name": "Khambhale Phata",
    "depot": "Nashik Road Depot",
    "locationConfidence": "verified",
    "locationSource": "NMPML (Citilinc) RTI reply 3120/2026, 17 Aug 2026"
   }
  },
  {
   "type": "Feature",
   "geometry": {
    "type": "Point",
    "coordinates": [
     73.72204,
     19.97159
    ]
   },
   "properties": {
    "Name": "Mhada Corner (D)",
    "depot": "Nashik Road Depot",
    "side": "down",
    "locationConfidence": "verified",
    "locationSource": "NMPML (Citilinc) RTI reply 3120/2026, 17 Aug 2026"
   }
  },
  {
   "type": "Feature",
   "geometry": {
    "type": "Point",
    "coordinates": [
     73.62985,
     19.95971
    ]
   },
   "properties": {
    "Name": "Khambale Phata",
    "depot": "Nashik Road Depot",
    "locationConfidence": "verified",
    "locationSource": "NMPML (Citilinc) RTI reply 3120/2026, 17 Aug 2026"
   }
  },
  {
   "type": "Feature",
   "geometry": {
    "type": "Point",
    "coordinates": [
     73.70563,
     19.91764
    ]
   },
   "properties": {
    "Name": "Khadi Crasher",
    "depot": "Nashik Road Depot",
    "locationConfidence": "verified",
    "locationSource": "NMPML (Citilinc) RTI reply 3120/2026, 17 Aug 2026"
   }
  },
  {
   "type": "Feature",
   "geometry": {
    "type": "Point",
    "coordinates": [
     73.85448,
     19.99848
    ]
   },
   "properties": {
    "Name": "Vetalbaba Mandir (6 no chari) (D)",
    "depot": "Nashik Road Depot",
    "side": "down",
    "locationConfidence": "verified",
    "locationSource": "NMPML (Citilinc) RTI reply 3120/2026, 17 Aug 2026"
   }
  },
  {
   "type": "Feature",
   "geometry": {
    "type": "Point",
    "coordinates": [
     73.88409,
     19.92049
    ]
   },
   "properties": {
    "Name": "Bangali Baba (U)",
    "depot": "Tapovan Depot",
    "side": "up",
    "locationConfidence": "verified",
    "locationSource": "NMPML (Citilinc) RTI reply 3120/2026, 17 Aug 2026"
   }
  },
  {
   "type": "Feature",
   "geometry": {
    "type": "Point",
    "coordinates": [
     73.73257,
     19.97472
    ]
   },
   "properties": {
    "Name": "Keval Park (D)",
    "depot": "Nashik Road Depot",
    "side": "down",
    "locationConfidence": "verified",
    "locationSource": "NMPML (Citilinc) RTI reply 3120/2026, 17 Aug 2026"
   }
  },
  {
   "type": "Feature",
   "geometry": {
    "type": "Point",
    "coordinates": [
     73.91225,
     20.07839
    ]
   },
   "properties": {
    "Name": "Tilak Nagar (U)",
    "depot": "Nashik Road Depot",
    "side": "up",
    "locationConfidence": "verified",
    "locationSource": "NMPML (Citilinc) RTI reply 3120/2026, 17 Aug 2026"
   }
  },
  {
   "type": "Feature",
   "geometry": {
    "type": "Point",
    "coordinates": [
     73.83314,
     19.88551
    ]
   },
   "properties": {
    "Name": "Kendriya Vidyalaya (U)",
    "depot": "Nashik Road Depot",
    "side": "up",
    "locationConfidence": "verified",
    "locationSource": "NMPML (Citilinc) RTI reply 3120/2026, 17 Aug 2026"
   }
  },
  {
   "type": "Feature",
   "geometry": {
    "type": "Point",
    "coordinates": [
     73.9844,
     20.03377
    ]
   },
   "properties": {
    "Name": "Mhasoba Mandir",
    "depot": "Nashik Road Depot",
    "locationConfidence": "verified",
    "locationSource": "NMPML (Citilinc) RTI reply 3120/2026, 17 Aug 2026"
   }
  },
  {
   "type": "Feature",
   "geometry": {
    "type": "Point",
    "coordinates": [
     73.68934,
     19.97499
    ]
   },
   "properties": {
    "Name": "Wasali Phata",
    "depot": "Nashik Road Depot",
    "locationConfidence": "verified",
    "locationSource": "NMPML (Citilinc) RTI reply 3120/2026, 17 Aug 2026"
   }
  },
  {
   "type": "Feature",
   "geometry": {
    "type": "Point",
    "coordinates": [
     73.88755,
     19.95373
    ]
   },
   "properties": {
    "Name": "Karan Farm",
    "depot": "Nashik Road Depot",
    "locationConfidence": "verified",
    "locationSource": "NMPML (Citilinc) RTI reply 3120/2026, 17 Aug 2026"
   }
  },
  {
   "type": "Feature",
   "geometry": {
    "type": "Point",
    "coordinates": [
     73.68917,
     20.03839
    ]
   },
   "properties": {
    "Name": "Kanol Road",
    "depot": "Nashik Road Depot",
    "locationConfidence": "verified",
    "locationSource": "NMPML (Citilinc) RTI reply 3120/2026, 17 Aug 2026"
   }
  },
  {
   "type": "Feature",
   "geometry": {
    "type": "Point",
    "coordinates": [
     73.79874,
     19.94302
    ]
   },
   "properties": {
    "Name": "Mhasoba Mandir Vadner Rd",
    "depot": "Nashik Road Depot",
    "locationConfidence": "verified",
    "locationSource": "NMPML (Citilinc) RTI reply 3120/2026, 17 Aug 2026"
   }
  },
  {
   "type": "Feature",
   "geometry": {
    "type": "Point",
    "coordinates": [
     73.73587,
     19.97364
    ]
   },
   "properties": {
    "Name": "Bandawane Wasti",
    "depot": "Nashik Road Depot",
    "locationConfidence": "verified",
    "locationSource": "NMPML (Citilinc) RTI reply 3120/2026, 17 Aug 2026"
   }
  },
  {
   "type": "Feature",
   "geometry": {
    "type": "Point",
    "coordinates": [
     73.83156,
     20.00739
    ]
   },
   "properties": {
    "Name": "Kanol Chaufuli",
    "depot": "Nashik Road Depot",
    "locationConfidence": "verified",
    "locationSource": "NMPML (Citilinc) RTI reply 3120/2026, 17 Aug 2026"
   }
  },
  {
   "type": "Feature",
   "geometry": {
    "type": "Point",
    "coordinates": [
     73.92507,
     19.98248
    ]
   },
   "properties": {
    "Name": "Kangane Nursery",
    "depot": "Nashik Road Depot",
    "locationConfidence": "verified",
    "locationSource": "NMPML (Citilinc) RTI reply 3120/2026, 17 Aug 2026"
   }
  },
  {
   "type": "Feature",
   "geometry": {
    "type": "Point",
    "coordinates": [
     73.80613,
     20.04833
    ]
   },
   "properties": {
    "Name": "Mhasrul (U)",
    "depot": "Nashik Road Depot",
    "side": "up",
    "locationConfidence": "verified",
    "locationSource": "NMPML (Citilinc) RTI reply 3120/2026, 17 Aug 2026"
   }
  },
  {
   "type": "Feature",
   "geometry": {
    "type": "Point",
    "coordinates": [
     73.79555,
     19.99297
    ]
   },
   "properties": {
    "Name": "Dwarka 1 (U)",
    "depot": "Nashik Road Depot",
    "side": "up",
    "locationConfidence": "verified",
    "locationSource": "NMPML (Citilinc) RTI reply 3120/2026, 17 Aug 2026"
   }
  },
  {
   "type": "Feature",
   "geometry": {
    "type": "Point",
    "coordinates": [
     73.74975,
     19.97607
    ]
   },
   "properties": {
    "Name": "Kamathvade",
    "depot": "Nashik Road Depot",
    "locationConfidence": "verified",
    "locationSource": "NMPML (Citilinc) RTI reply 3120/2026, 17 Aug 2026"
   }
  },
  {
   "type": "Feature",
   "geometry": {
    "type": "Point",
    "coordinates": [
     73.85139,
     20.03495
    ]
   },
   "properties": {
    "Name": "Mhasrul Fata (U)",
    "depot": "Nashik Road Depot",
    "side": "up",
    "locationConfidence": "verified",
    "locationSource": "NMPML (Citilinc) RTI reply 3120/2026, 17 Aug 2026"
   }
  },
  {
   "type": "Feature",
   "geometry": {
    "type": "Point",
    "coordinates": [
     73.83318,
     19.8926
    ]
   },
   "properties": {
    "Name": "Bane Chal (U)",
    "depot": "Nashik Road Depot",
    "side": "up",
    "locationConfidence": "verified",
    "locationSource": "NMPML (Citilinc) RTI reply 3120/2026, 17 Aug 2026"
   }
  },
  {
   "type": "Feature",
   "geometry": {
    "type": "Point",
    "coordinates": [
     73.77716,
     19.97607
    ]
   },
   "properties": {
    "Name": "Kamod Nagar (U)",
    "depot": "Nashik Road Depot",
    "side": "up",
    "locationConfidence": "verified",
    "locationSource": "NMPML (Citilinc) RTI reply 3120/2026, 17 Aug 2026"
   }
  },
  {
   "type": "Feature",
   "geometry": {
    "type": "Point",
    "coordinates": [
     73.77745,
     20.00089
    ]
   },
   "properties": {
    "Name": "Tilakwadi / Rajiv Gandhi Bhavan",
    "depot": "Nashik Road Depot",
    "locationConfidence": "verified",
    "locationSource": "NMPML (Citilinc) RTI reply 3120/2026, 17 Aug 2026"
   }
  },
  {
   "type": "Feature",
   "geometry": {
    "type": "Point",
    "coordinates": [
     73.74686,
     20.00277
    ]
   },
   "properties": {
    "Name": "Kamgar Nagar",
    "depot": "Nashik Road Depot",
    "locationConfidence": "verified",
    "locationSource": "NMPML (Citilinc) RTI reply 3120/2026, 17 Aug 2026"
   }
  },
  {
   "type": "Feature",
   "geometry": {
    "type": "Point",
    "coordinates": [
     73.90002,
     19.98781
    ]
   },
   "properties": {
    "Name": "Mhasoba Temple",
    "depot": "Nashik Road Depot",
    "locationConfidence": "verified",
    "locationSource": "NMPML (Citilinc) RTI reply 3120/2026, 17 Aug 2026"
   }
  },
  {
   "type": "Feature",
   "geometry": {
    "type": "Point",
    "coordinates": [
     73.73041,
     19.99358
    ]
   },
   "properties": {
    "Name": "Mico (D)",
    "depot": "Nashik Road Depot",
    "side": "down",
    "locationConfidence": "verified",
    "locationSource": "NMPML (Citilinc) RTI reply 3120/2026, 17 Aug 2026"
   }
  },
  {
   "type": "Feature",
   "geometry": {
    "type": "Point",
    "coordinates": [
     73.97037,
     19.86278
    ]
   },
   "properties": {
    "Name": "Jindal Phata / MIDC Phata No.2 (U)",
    "depot": "Tapovan Depot",
    "side": "up",
    "locationConfidence": "verified",
    "locationSource": "NMPML (Citilinc) RTI reply 3120/2026, 17 Aug 2026"
   }
  },
  {
   "type": "Feature",
   "geometry": {
    "type": "Point",
    "coordinates": [
     73.81453,
     20.01912
    ]
   },
   "properties": {
    "Name": "Kamal Nagar (D)",
    "depot": "Nashik Road Depot",
    "side": "down",
    "locationConfidence": "verified",
    "locationSource": "NMPML (Citilinc) RTI reply 3120/2026, 17 Aug 2026"
   }
  },
  {
   "type": "Feature",
   "geometry": {
    "type": "Point",
    "coordinates": [
     73.80278,
     19.98033
    ]
   },
   "properties": {
    "Name": "Amrapali Tawar",
    "depot": "Nashik Road Depot",
    "locationConfidence": "verified",
    "locationSource": "NMPML (Citilinc) RTI reply 3120/2026, 17 Aug 2026"
   }
  },
  {
   "type": "Feature",
   "geometry": {
    "type": "Point",
    "coordinates": [
     73.97627,
     19.85973
    ]
   },
   "properties": {
    "Name": "MIDC Phata (Sarda) (U)",
    "depot": "Tapovan Depot",
    "side": "up",
    "locationConfidence": "verified",
    "locationSource": "NMPML (Citilinc) RTI reply 3120/2026, 17 Aug 2026"
   }
  },
  {
   "type": "Feature",
   "geometry": {
    "type": "Point",
    "coordinates": [
     73.71949,
     20.02622
    ]
   },
   "properties": {
    "Name": "Balaji Mandir (D)",
    "depot": "Nashik Road Depot",
    "side": "down",
    "locationConfidence": "verified",
    "locationSource": "NMPML (Citilinc) RTI reply 3120/2026, 17 Aug 2026"
   }
  },
  {
   "type": "Feature",
   "geometry": {
    "type": "Point",
    "coordinates": [
     73.78281,
     19.9921
    ]
   },
   "properties": {
    "Name": "Kalika Mandir (D)",
    "depot": "Nashik Road Depot",
    "side": "down",
    "locationConfidence": "verified",
    "locationSource": "NMPML (Citilinc) RTI reply 3120/2026, 17 Aug 2026"
   }
  },
  {
   "type": "Feature",
   "geometry": {
    "type": "Point",
    "coordinates": [
     73.74065,
     20.00382
    ]
   },
   "properties": {
    "Name": "Kalanagar",
    "depot": "Nashik Road Depot",
    "locationConfidence": "verified",
    "locationSource": "NMPML (Citilinc) RTI reply 3120/2026, 17 Aug 2026"
   }
  },
  {
   "type": "Feature",
   "geometry": {
    "type": "Point",
    "coordinates": [
     73.73124,
     19.95386
    ]
   },
   "properties": {
    "Name": "M.I.D.C Unit",
    "depot": "Nashik Road Depot",
    "locationConfidence": "verified",
    "locationSource": "NMPML (Citilinc) RTI reply 3120/2026, 17 Aug 2026"
   }
  },
  {
   "type": "Feature",
   "geometry": {
    "type": "Point",
    "coordinates": [
     73.8138,
     20.01248
    ]
   },
   "properties": {
    "Name": "Meenatai Thakre Statdium (U)",
    "depot": "Tapovan Depot",
    "side": "up",
    "locationConfidence": "verified",
    "locationSource": "NMPML (Citilinc) RTI reply 3120/2026, 17 Aug 2026"
   }
  },
  {
   "type": "Feature",
   "geometry": {
    "type": "Point",
    "coordinates": [
     73.81419,
     20.01217
    ]
   },
   "properties": {
    "Name": "Meenatai Thakre Statdium (D)",
    "depot": "Nashik Road Depot",
    "side": "down",
    "locationConfidence": "verified",
    "locationSource": "NMPML (Citilinc) RTI reply 3120/2026, 17 Aug 2026"
   }
  },
  {
   "type": "Feature",
   "geometry": {
    "type": "Point",
    "coordinates": [
     73.82893,
     19.98373
    ]
   },
   "properties": {
    "Name": "Tirupati Nagar",
    "depot": "Nashik Road Depot",
    "locationConfidence": "verified",
    "locationSource": "NMPML (Citilinc) RTI reply 3120/2026, 17 Aug 2026"
   }
  },
  {
   "type": "Feature",
   "geometry": {
    "type": "Point",
    "coordinates": [
     73.82021,
     20.03004
    ]
   },
   "properties": {
    "Name": "Kalaskar Mala",
    "depot": "Nashik Road Depot",
    "locationConfidence": "verified",
    "locationSource": "NMPML (Citilinc) RTI reply 3120/2026, 17 Aug 2026"
   }
  },
  {
   "type": "Feature",
   "geometry": {
    "type": "Point",
    "coordinates": [
     73.74876,
     20.00267
    ]
   },
   "properties": {
    "Name": "Kale Nagar (Kamgar Nagar)",
    "depot": "Nashik Road Depot",
    "locationConfidence": "verified",
    "locationSource": "NMPML (Citilinc) RTI reply 3120/2026, 17 Aug 2026"
   }
  },
  {
   "type": "Feature",
   "geometry": {
    "type": "Point",
    "coordinates": [
     73.74908,
     19.97421
    ]
   },
   "properties": {
    "Name": "Kamatwada (U)",
    "depot": "Tapovan Depot",
    "side": "up",
    "locationConfidence": "verified",
    "locationSource": "NMPML (Citilinc) RTI reply 3120/2026, 17 Aug 2026"
   }
  },
  {
   "type": "Feature",
   "geometry": {
    "type": "Point",
    "coordinates": [
     73.75905,
     20.01708
    ]
   },
   "properties": {
    "Name": "Aanand Nagar / Modern Market",
    "depot": "Nashik Road Depot",
    "locationConfidence": "verified",
    "locationSource": "NMPML (Citilinc) RTI reply 3120/2026, 17 Aug 2026"
   }
  },
  {
   "type": "Feature",
   "geometry": {
    "type": "Point",
    "coordinates": [
     73.82678,
     20.0046
    ]
   },
   "properties": {
    "Name": "Kailas Nagar (U)",
    "depot": "Nashik Road Depot",
    "side": "up",
    "locationConfidence": "verified",
    "locationSource": "NMPML (Citilinc) RTI reply 3120/2026, 17 Aug 2026"
   }
  },
  {
   "type": "Feature",
   "geometry": {
    "type": "Point",
    "coordinates": [
     73.82676,
     20.00442
    ]
   },
   "properties": {
    "Name": "Kailash Nagar (D)",
    "depot": "Nashik Road Depot",
    "side": "down",
    "locationConfidence": "verified",
    "locationSource": "NMPML (Citilinc) RTI reply 3120/2026, 17 Aug 2026"
   }
  },
  {
   "type": "Feature",
   "geometry": {
    "type": "Point",
    "coordinates": [
     73.82805,
     20.0261
    ]
   },
   "properties": {
    "Name": "Miradwar Lawns",
    "depot": "Nashik Road Depot",
    "locationConfidence": "verified",
    "locationSource": "NMPML (Citilinc) RTI reply 3120/2026, 17 Aug 2026"
   }
  },
  {
   "type": "Feature",
   "geometry": {
    "type": "Point",
    "coordinates": [
     73.76439,
     19.95469
    ]
   },
   "properties": {
    "Name": "Kadve Nagar (D)",
    "depot": "Nashik Road Depot",
    "side": "down",
    "locationConfidence": "verified",
    "locationSource": "NMPML (Citilinc) RTI reply 3120/2026, 17 Aug 2026"
   }
  },
  {
   "type": "Feature",
   "geometry": {
    "type": "Point",
    "coordinates": [
     73.87948,
     20.00167
    ]
   },
   "properties": {
    "Name": "Madsangavi Toll Naka (D)",
    "depot": "Nashik Road Depot",
    "side": "down",
    "locationConfidence": "verified",
    "locationSource": "NMPML (Citilinc) RTI reply 3120/2026, 17 Aug 2026"
   }
  },
  {
   "type": "Feature",
   "geometry": {
    "type": "Point",
    "coordinates": [
     73.72818,
     19.98972
    ]
   },
   "properties": {
    "Name": "Manpa Davakhana / Maharashtra Housing Colony Phata (U)",
    "depot": "Nashik Road Depot",
    "side": "up",
    "locationConfidence": "verified",
    "locationSource": "NMPML (Citilinc) RTI reply 3120/2026, 17 Aug 2026"
   }
  },
  {
   "type": "Feature",
   "geometry": {
    "type": "Point",
    "coordinates": [
     73.7252,
     19.98029
    ]
   },
   "properties": {
    "Name": "Kandam Van (D)",
    "depot": "Nashik Road Depot",
    "side": "down",
    "locationConfidence": "verified",
    "locationSource": "NMPML (Citilinc) RTI reply 3120/2026, 17 Aug 2026"
   }
  },
  {
   "type": "Feature",
   "geometry": {
    "type": "Point",
    "coordinates": [
     73.75539,
     20.00852
    ]
   },
   "properties": {
    "Name": "Bhosla College / Model Colony (U)",
    "depot": "Tapovan Depot",
    "side": "up",
    "locationConfidence": "verified",
    "locationSource": "NMPML (Citilinc) RTI reply 3120/2026, 17 Aug 2026"
   }
  },
  {
   "type": "Feature",
   "geometry": {
    "type": "Point",
    "coordinates": [
     73.72643,
     19.97773
    ]
   },
   "properties": {
    "Name": "Bajrang Nagar (D)",
    "depot": "Nashik Road Depot",
    "side": "down",
    "locationConfidence": "verified",
    "locationSource": "NMPML (Citilinc) RTI reply 3120/2026, 17 Aug 2026"
   }
  },
  {
   "type": "Feature",
   "geometry": {
    "type": "Point",
    "coordinates": [
     73.86879,
     20.03935
    ]
   },
   "properties": {
    "Name": "Old Jakat Naka (U)",
    "depot": "Nashik Road Depot",
    "side": "up",
    "locationConfidence": "verified",
    "locationSource": "NMPML (Citilinc) RTI reply 3120/2026, 17 Aug 2026"
   }
  },
  {
   "type": "Feature",
   "geometry": {
    "type": "Point",
    "coordinates": [
     73.90404,
     19.91151
    ]
   },
   "properties": {
    "Name": "Toll Naka (U)",
    "depot": "Tapovan Depot",
    "side": "up",
    "locationConfidence": "verified",
    "locationSource": "NMPML (Citilinc) RTI reply 3120/2026, 17 Aug 2026"
   }
  },
  {
   "type": "Feature",
   "geometry": {
    "type": "Point",
    "coordinates": [
     73.86847,
     20.03873
    ]
   },
   "properties": {
    "Name": "Old Jakat Naka (D)",
    "depot": "Nashik Road Depot",
    "side": "down",
    "locationConfidence": "verified",
    "locationSource": "NMPML (Citilinc) RTI reply 3120/2026, 17 Aug 2026"
   }
  },
  {
   "type": "Feature",
   "geometry": {
    "type": "Point",
    "coordinates": [
     73.94182,
     19.88529
    ]
   },
   "properties": {
    "Name": "Mohadari",
    "depot": "Nashik Road Depot",
    "locationConfidence": "verified",
    "locationSource": "NMPML (Citilinc) RTI reply 3120/2026, 17 Aug 2026"
   }
  },
  {
   "type": "Feature",
   "geometry": {
    "type": "Point",
    "coordinates": [
     73.86549,
     20.0352
    ]
   },
   "properties": {
    "Name": "Aadgaon",
    "depot": "Nashik Road Depot",
    "locationConfidence": "verified",
    "locationSource": "NMPML (Citilinc) RTI reply 3120/2026, 17 Aug 2026"
   }
  },
  {
   "type": "Feature",
   "geometry": {
    "type": "Point",
    "coordinates": [
     73.80252,
     20.00924
    ]
   },
   "properties": {
    "Name": "Old Adgaon Naka (U)",
    "depot": "Nashik Road Depot",
    "side": "up",
    "locationConfidence": "verified",
    "locationSource": "NMPML (Citilinc) RTI reply 3120/2026, 17 Aug 2026"
   }
  },
  {
   "type": "Feature",
   "geometry": {
    "type": "Point",
    "coordinates": [
     73.80401,
     20.00909
    ]
   },
   "properties": {
    "Name": "Old Adgaon Naka 1 (U)",
    "depot": "Nashik Road Depot",
    "side": "up",
    "locationConfidence": "verified",
    "locationSource": "NMPML (Citilinc) RTI reply 3120/2026, 17 Aug 2026"
   }
  },
  {
   "type": "Feature",
   "geometry": {
    "type": "Point",
    "coordinates": [
     73.90204,
     20.07286
    ]
   },
   "properties": {
    "Name": "Mohadi Fata",
    "depot": "Nashik Road Depot",
    "locationConfidence": "verified",
    "locationSource": "NMPML (Citilinc) RTI reply 3120/2026, 17 Aug 2026"
   }
  },
  {
   "type": "Feature",
   "geometry": {
    "type": "Point",
    "coordinates": [
     73.77228,
     19.99098
    ]
   },
   "properties": {
    "Name": "Baji Town",
    "depot": "Nashik Road Depot",
    "locationConfidence": "verified",
    "locationSource": "NMPML (Citilinc) RTI reply 3120/2026, 17 Aug 2026"
   }
  },
  {
   "type": "Feature",
   "geometry": {
    "type": "Point",
    "coordinates": [
     73.80252,
     20.00893
    ]
   },
   "properties": {
    "Name": "Old Adgaon Naka 1 (D)",
    "depot": "Nashik Road Depot",
    "side": "down",
    "locationConfidence": "verified",
    "locationSource": "NMPML (Citilinc) RTI reply 3120/2026, 17 Aug 2026"
   }
  },
  {
   "type": "Feature",
   "geometry": {
    "type": "Point",
    "coordinates": [
     73.81188,
     19.99346
    ]
   },
   "properties": {
    "Name": "Urdu Shala",
    "depot": "Nashik Road Depot",
    "locationConfidence": "verified",
    "locationSource": "NMPML (Citilinc) RTI reply 3120/2026, 17 Aug 2026"
   }
  },
  {
   "type": "Feature",
   "geometry": {
    "type": "Point",
    "coordinates": [
     73.8222,
     19.96148
    ]
   },
   "properties": {
    "Name": "More Vasti (U)",
    "depot": "Tapovan Depot",
    "side": "up",
    "locationConfidence": "verified",
    "locationSource": "NMPML (Citilinc) RTI reply 3120/2026, 17 Aug 2026"
   }
  },
  {
   "type": "Feature",
   "geometry": {
    "type": "Point",
    "coordinates": [
     73.89307,
     19.95562
    ]
   },
   "properties": {
    "Name": "Wasti Eklahara Phata",
    "depot": "Nashik Road Depot",
    "locationConfidence": "verified",
    "locationSource": "NMPML (Citilinc) RTI reply 3120/2026, 17 Aug 2026"
   }
  },
  {
   "type": "Feature",
   "geometry": {
    "type": "Point",
    "coordinates": [
     73.98099,
     20.08316
    ]
   },
   "properties": {
    "Name": "Jivhale Datane",
    "depot": "Nashik Road Depot",
    "locationConfidence": "verified",
    "locationSource": "NMPML (Citilinc) RTI reply 3120/2026, 17 Aug 2026"
   }
  },
  {
   "type": "Feature",
   "geometry": {
    "type": "Point",
    "coordinates": [
     73.69002,
     20.03341
    ]
   },
   "properties": {
    "Name": "JIT College",
    "depot": "Nashik Road Depot",
    "locationConfidence": "verified",
    "locationSource": "NMPML (Citilinc) RTI reply 3120/2026, 17 Aug 2026"
   }
  },
  {
   "type": "Feature",
   "geometry": {
    "type": "Point",
    "coordinates": [
     73.71784,
     20.0172
    ]
   },
   "properties": {
    "Name": "Motiwala College (D)",
    "depot": "Tapovan Depot",
    "side": "down",
    "locationConfidence": "verified",
    "locationSource": "NMPML (Citilinc) RTI reply 3120/2026, 17 Aug 2026"
   }
  },
  {
   "type": "Feature",
   "geometry": {
    "type": "Point",
    "coordinates": [
     73.94822,
     20.04541
    ]
   },
   "properties": {
    "Name": "Baburao Dhikale Wasti",
    "depot": "Nashik Road Depot",
    "locationConfidence": "verified",
    "locationSource": "NMPML (Citilinc) RTI reply 3120/2026, 17 Aug 2026"
   }
  },
  {
   "type": "Feature",
   "geometry": {
    "type": "Point",
    "coordinates": [
     73.82146,
     19.9643
    ]
   },
   "properties": {
    "Name": "Jetvan Nagar (U)",
    "depot": "Tapovan Depot",
    "side": "up",
    "locationConfidence": "verified",
    "locationSource": "NMPML (Citilinc) RTI reply 3120/2026, 17 Aug 2026"
   }
  },
  {
   "type": "Feature",
   "geometry": {
    "type": "Point",
    "coordinates": [
     73.82833,
     19.97989
    ]
   },
   "properties": {
    "Name": "Jelrod Fata",
    "depot": "Nashik Road Depot",
    "locationConfidence": "verified",
    "locationSource": "NMPML (Citilinc) RTI reply 3120/2026, 17 Aug 2026"
   }
  },
  {
   "type": "Feature",
   "geometry": {
    "type": "Point",
    "coordinates": [
     73.65821,
     19.85215
    ]
   },
   "properties": {
    "Name": "Mte Mlaa",
    "depot": "Nashik Road Depot",
    "locationConfidence": "verified",
    "locationSource": "NMPML (Citilinc) RTI reply 3120/2026, 17 Aug 2026"
   }
  },
  {
   "type": "Feature",
   "geometry": {
    "type": "Point",
    "coordinates": [
     73.69306,
     20.02301
    ]
   },
   "properties": {
    "Name": "Mukt Vidhyapeeth Gate",
    "depot": "Nashik Road Depot",
    "locationConfidence": "verified",
    "locationSource": "NMPML (Citilinc) RTI reply 3120/2026, 17 Aug 2026"
   }
  },
  {
   "type": "Feature",
   "geometry": {
    "type": "Point",
    "coordinates": [
     73.70825,
     20.02922
    ]
   },
   "properties": {
    "Name": "Mukt Vidhyapeeth Phata",
    "depot": "Nashik Road Depot",
    "locationConfidence": "verified",
    "locationSource": "NMPML (Citilinc) RTI reply 3120/2026, 17 Aug 2026"
   }
  },
  {
   "type": "Feature",
   "geometry": {
    "type": "Point",
    "coordinates": [
     73.71049,
     19.91599
    ]
   },
   "properties": {
    "Name": "8 Wa Mile",
    "depot": "Nashik Road Depot",
    "locationConfidence": "verified",
    "locationSource": "NMPML (Citilinc) RTI reply 3120/2026, 17 Aug 2026"
   }
  },
  {
   "type": "Feature",
   "geometry": {
    "type": "Point",
    "coordinates": [
     73.75651,
     20.01216
    ]
   },
   "properties": {
    "Name": "Jehan Circle (D)",
    "depot": "Nashik Road Depot",
    "side": "down",
    "locationConfidence": "verified",
    "locationSource": "NMPML (Citilinc) RTI reply 3120/2026, 17 Aug 2026"
   }
  },
  {
   "type": "Feature",
   "geometry": {
    "type": "Point",
    "coordinates": [
     73.77895,
     19.94193
    ]
   },
   "properties": {
    "Name": "Jay Malhar Pathardi",
    "depot": "Nashik Road Depot",
    "locationConfidence": "verified",
    "locationSource": "NMPML (Citilinc) RTI reply 3120/2026, 17 Aug 2026"
   }
  }
 ]
}
