{"type":"FeatureCollection","features":[{"type":"Feature","properties":{"name":"Z1-C1","zone":"Zone 1","locationConfidence":"indicative","placement":"from the NTKMA master KML"},"geometry":{"type":"Point","coordinates":[73.7117656533138,19.9837107656918]}},{"type":"Feature","properties":{"name":"Z1-C2","zone":"Zone 1","locationConfidence":"indicative","placement":"from the NTKMA master KML"},"geometry":{"type":"Point","coordinates":[73.71268581115484,19.98283433375826]}},{"type":"Feature","properties":{"name":"Z1-C3","zone":"Zone 1","locationConfidence":"indicative","placement":"from the NTKMA master KML"},"geometry":{"type":"Point","coordinates":[73.71163987623503,19.98205478353546]}},{"type":"Feature","properties":{"name":"Z1-C4","zone":"Zone 1","locationConfidence":"indicative","placement":"from the NTKMA master KML"},"geometry":{"type":"Point","coordinates":[73.71173933735379,19.9826823450905]}},{"type":"Feature","properties":{"name":"Z1-C5","zone":"Zone 1","locationConfidence":"indicative","placement":"from the NTKMA master KML"},"geometry":{"type":"Point","coordinates":[73.71347844980347,19.98249601764709]}},{"type":"Feature","properties":{"name":"Z1-C6","zone":"Zone 1","locationConfidence":"indicative","placement":"from the NTKMA master KML"},"geometry":{"type":"Point","coordinates":[73.7116236347669,19.98286031627135]}},{"type":"Feature","properties":{"name":"Z1-C7","zone":"Zone 1","locationConfidence":"indicative","placement":"from the NTKMA master KML"},"geometry":{"type":"Point","coordinates":[73.71330745322594,19.98257250843313]}},{"type":"Feature","properties":{"name":"Z1-C8","zone":"Zone 1","locationConfidence":"indicative","placement":"from the NTKMA master KML"},"geometry":{"type":"Point","coordinates":[73.71292315093275,19.98249802804057]}},{"type":"Feature","properties":{"name":"Z1-C9","zone":"Zone 1","locationConfidence":"indicative","placement":"from the NTKMA master KML"},"geometry":{"type":"Point","coordinates":[73.71338156175302,19.98178127102643]}},{"type":"Feature","properties":{"name":"Z1-C10","zone":"Zone 1","locationConfidence":"indicative","placement":"from the NTKMA master KML"},"geometry":{"type":"Point","coordinates":[73.71249545900119,19.98320484413881]}},{"type":"Feature","properties":{"name":"Z1-C11","zone":"Zone 1","locationConfidence":"indicative","placement":"from the NTKMA master KML"},"geometry":{"type":"Point","coordinates":[73.71187665771225,19.98318416874205]}},{"type":"Feature","properties":{"name":"Z1-C12","zone":"Zone 1","locationConfidence":"indicative","placement":"from the NTKMA master KML"},"geometry":{"type":"Point","coordinates":[73.71328521689928,19.98199858167117]}},{"type":"Feature","properties":{"name":"Z1-C13","zone":"Zone 1","locationConfidence":"indicative","placement":"from the NTKMA master KML"},"geometry":{"type":"Point","coordinates":[73.71183495919192,19.98270933452398]}},{"type":"Feature","properties":{"name":"Z1-C14","zone":"Zone 1","locationConfidence":"indicative","placement":"from the NTKMA master KML"},"geometry":{"type":"Point","coordinates":[73.71237839722669,19.98272148916434]}},{"type":"Feature","properties":{"name":"Z1-C15","zone":"Zone 1","locationConfidence":"indicative","placement":"from the NTKMA master KML"},"geometry":{"type":"Point","coordinates":[73.71265324474186,19.98359148651821]}},{"type":"Feature","properties":{"name":"Z1-C16","zone":"Zone 1","locationConfidence":"indicative","placement":"from the NTKMA master KML"},"geometry":{"type":"Point","coordinates":[73.71218564706645,19.98249985638019]}},{"type":"Feature","properties":{"name":"Z1-C17","zone":"Zone 1","locationConfidence":"indicative","placement":"from the NTKMA master KML"},"geometry":{"type":"Point","coordinates":[73.71205441709265,19.98217694104499]}},{"type":"Feature","properties":{"name":"Z1-C18","zone":"Zone 1","locationConfidence":"indicative","placement":"from the NTKMA master KML"},"geometry":{"type":"Point","coordinates":[73.71339339913423,19.98262015174924]}},{"type":"Feature","properties":{"name":"Z1-C19","zone":"Zone 1","locationConfidence":"indicative","placement":"from the NTKMA master KML"},"geometry":{"type":"Point","coordinates":[73.71343658494628,19.98194379502273]}},{"type":"Feature","properties":{"name":"Z1-C20","zone":"Zone 1","locationConfidence":"indicative","placement":"from the NTKMA master KML"},"geometry":{"type":"Point","coordinates":[73.71229121195354,19.98175539001387]}},{"type":"Feature","properties":{"name":"Z1-C21","zone":"Zone 1","locationConfidence":"indicative","placement":"from the NTKMA master KML"},"geometry":{"type":"Point","coordinates":[73.7128850832962,19.98249265741606]}},{"type":"Feature","properties":{"name":"Z1-C22","zone":"Zone 1","locationConfidence":"indicative","placement":"from the NTKMA master KML"},"geometry":{"type":"Point","coordinates":[73.7128782110326,19.98208250392456]}},{"type":"Feature","properties":{"name":"Z1-C23","zone":"Zone 1","locationConfidence":"indicative","placement":"from the NTKMA master KML"},"geometry":{"type":"Point","coordinates":[73.71262287851363,19.98192905761278]}},{"type":"Feature","properties":{"name":"Z1-C24","zone":"Zone 1","locationConfidence":"indicative","placement":"from the NTKMA master KML"},"geometry":{"type":"Point","coordinates":[73.71299172730164,19.98209533363156]}},{"type":"Feature","properties":{"name":"Z1-C25","zone":"Zone 1","locationConfidence":"indicative","placement":"from the NTKMA master KML"},"geometry":{"type":"Point","coordinates":[73.71181166880612,19.98277742513226]}},{"type":"Feature","properties":{"name":"Z1-C26","zone":"Zone 1","locationConfidence":"indicative","placement":"from the NTKMA master KML"},"geometry":{"type":"Point","coordinates":[73.7126411187684,19.98325782070654]}},{"type":"Feature","properties":{"name":"Z1-C27","zone":"Zone 1","locationConfidence":"indicative","placement":"from the NTKMA master KML"},"geometry":{"type":"Point","coordinates":[73.71362396248709,19.98310447732337]}},{"type":"Feature","properties":{"name":"Z1-C28","zone":"Zone 1","locationConfidence":"indicative","placement":"from the NTKMA master KML"},"geometry":{"type":"Point","coordinates":[73.7123371664252,19.98285837398981]}},{"type":"Feature","properties":{"name":"Z1-C29","zone":"Zone 1","locationConfidence":"indicative","placement":"from the NTKMA master KML"},"geometry":{"type":"Point","coordinates":[73.71178640932033,19.98349943209555]}},{"type":"Feature","properties":{"name":"Z1-C30","zone":"Zone 1","locationConfidence":"indicative","placement":"from the NTKMA master KML"},"geometry":{"type":"Point","coordinates":[73.71202330766724,19.9818665357267]}},{"type":"Feature","properties":{"name":"Z1-C31","zone":"Zone 1","locationConfidence":"indicative","placement":"from the NTKMA master KML"},"geometry":{"type":"Point","coordinates":[73.71271169884483,19.98172988348014]}},{"type":"Feature","properties":{"name":"Z1-C32","zone":"Zone 1","locationConfidence":"indicative","placement":"from the NTKMA master KML"},"geometry":{"type":"Point","coordinates":[73.71201449981463,19.98231611776505]}},{"type":"Feature","properties":{"name":"Z1-C33","zone":"Zone 1","locationConfidence":"indicative","placement":"from the NTKMA master KML"},"geometry":{"type":"Point","coordinates":[73.71175373091431,19.9833170078995]}},{"type":"Feature","properties":{"name":"Z1-C34","zone":"Zone 1","locationConfidence":"indicative","placement":"from the NTKMA master KML"},"geometry":{"type":"Point","coordinates":[73.7129176884313,19.98183741932619]}},{"type":"Feature","properties":{"name":"Z1-C35","zone":"Zone 1","locationConfidence":"indicative","placement":"from the NTKMA master KML"},"geometry":{"type":"Point","coordinates":[73.71343124421865,19.98272878360087]}},{"type":"Feature","properties":{"name":"Z1-C36","zone":"Zone 1","locationConfidence":"indicative","placement":"from the NTKMA master KML"},"geometry":{"type":"Point","coordinates":[73.71216043686938,19.98193207160476]}},{"type":"Feature","properties":{"name":"Z1-C37","zone":"Zone 1","locationConfidence":"indicative","placement":"from the NTKMA master KML"},"geometry":{"type":"Point","coordinates":[73.71273250148302,19.98245988869297]}},{"type":"Feature","properties":{"name":"Z1-C38","zone":"Zone 1","locationConfidence":"indicative","placement":"from the NTKMA master KML"},"geometry":{"type":"Point","coordinates":[73.71242540675891,19.98253945124729]}},{"type":"Feature","properties":{"name":"Z1-C39","zone":"Zone 1","locationConfidence":"indicative","placement":"from the NTKMA master KML"},"geometry":{"type":"Point","coordinates":[73.7130345602596,19.98303815803671]}},{"type":"Feature","properties":{"name":"Z1-C40","zone":"Zone 1","locationConfidence":"indicative","placement":"from the NTKMA master KML"},"geometry":{"type":"Point","coordinates":[73.71199584768792,19.98200701938065]}},{"type":"Feature","properties":{"name":"Z2-C1","zone":"Zone 2","locationConfidence":"indicative","placement":"from the NTKMA master KML"},"geometry":{"type":"Point","coordinates":[73.80542172324245,20.04895412834006]}},{"type":"Feature","properties":{"name":"Z2-C2","zone":"Zone 2","locationConfidence":"indicative","placement":"from the NTKMA master KML"},"geometry":{"type":"Point","coordinates":[73.80280860036507,20.04924195592776]}},{"type":"Feature","properties":{"name":"Z2-C3","zone":"Zone 2","locationConfidence":"indicative","placement":"from the NTKMA master KML"},"geometry":{"type":"Point","coordinates":[73.80575000524578,20.04974951559931]}},{"type":"Feature","properties":{"name":"Z2-C4","zone":"Zone 2","locationConfidence":"indicative","placement":"from the NTKMA master KML"},"geometry":{"type":"Point","coordinates":[73.80303464284633,20.0488500291697]}},{"type":"Feature","properties":{"name":"Z2-C5","zone":"Zone 2","locationConfidence":"indicative","placement":"from the NTKMA master KML"},"geometry":{"type":"Point","coordinates":[73.80330022406486,20.04896757642969]}},{"type":"Feature","properties":{"name":"Z2-C6","zone":"Zone 2","locationConfidence":"indicative","placement":"from the NTKMA master KML"},"geometry":{"type":"Point","coordinates":[73.80583148508913,20.04914374867577]}},{"type":"Feature","properties":{"name":"Z2-C7","zone":"Zone 2","locationConfidence":"indicative","placement":"from the NTKMA master KML"},"geometry":{"type":"Point","coordinates":[73.80583799183891,20.04911821453614]}},{"type":"Feature","properties":{"name":"Z2-C8","zone":"Zone 2","locationConfidence":"indicative","placement":"from the NTKMA master KML"},"geometry":{"type":"Point","coordinates":[73.80563422886271,20.04973964532243]}},{"type":"Feature","properties":{"name":"Z2-C9","zone":"Zone 2","locationConfidence":"indicative","placement":"from the NTKMA master KML"},"geometry":{"type":"Point","coordinates":[73.80386460799889,20.04862677972201]}},{"type":"Feature","properties":{"name":"Z2-C10","zone":"Zone 2","locationConfidence":"indicative","placement":"from the NTKMA master KML"},"geometry":{"type":"Point","coordinates":[73.80494610848005,20.04953683332644]}},{"type":"Feature","properties":{"name":"Z2-C11","zone":"Zone 2","locationConfidence":"indicative","placement":"from the NTKMA master KML"},"geometry":{"type":"Point","coordinates":[73.80319575889625,20.04863757779595]}},{"type":"Feature","properties":{"name":"Z2-C12","zone":"Zone 2","locationConfidence":"indicative","placement":"from the NTKMA master KML"},"geometry":{"type":"Point","coordinates":[73.80559260467034,20.04928323694227]}},{"type":"Feature","properties":{"name":"Z2-C13","zone":"Zone 2","locationConfidence":"indicative","placement":"from the NTKMA master KML"},"geometry":{"type":"Point","coordinates":[73.80282748853753,20.04893893898554]}},{"type":"Feature","properties":{"name":"Z2-C14","zone":"Zone 2","locationConfidence":"indicative","placement":"from the NTKMA master KML"},"geometry":{"type":"Point","coordinates":[73.80286629608527,20.04930637938942]}},{"type":"Feature","properties":{"name":"Z2-C15","zone":"Zone 2","locationConfidence":"indicative","placement":"from the NTKMA master KML"},"geometry":{"type":"Point","coordinates":[73.80531237903259,20.04990460192451]}},{"type":"Feature","properties":{"name":"Z2-C16","zone":"Zone 2","locationConfidence":"indicative","placement":"from the NTKMA master KML"},"geometry":{"type":"Point","coordinates":[73.80366946208463,20.04951755453767]}},{"type":"Feature","properties":{"name":"Z2-C17","zone":"Zone 2","locationConfidence":"indicative","placement":"from the NTKMA master KML"},"geometry":{"type":"Point","coordinates":[73.80584741970367,20.04928649047636]}},{"type":"Feature","properties":{"name":"Z2-C18","zone":"Zone 2","locationConfidence":"indicative","placement":"from the NTKMA master KML"},"geometry":{"type":"Point","coordinates":[73.80348103194595,20.04939805763822]}},{"type":"Feature","properties":{"name":"Z2-C19","zone":"Zone 2","locationConfidence":"indicative","placement":"from the NTKMA master KML"},"geometry":{"type":"Point","coordinates":[73.80565649719328,20.04986929598253]}},{"type":"Feature","properties":{"name":"Z2-C20","zone":"Zone 2","locationConfidence":"indicative","placement":"from the NTKMA master KML"},"geometry":{"type":"Point","coordinates":[73.80423322067594,20.04881365851893]}},{"type":"Feature","properties":{"name":"Z2-C21","zone":"Zone 2","locationConfidence":"indicative","placement":"from the NTKMA master KML"},"geometry":{"type":"Point","coordinates":[73.80347004111688,20.04875227076688]}},{"type":"Feature","properties":{"name":"Z2-C22","zone":"Zone 2","locationConfidence":"indicative","placement":"from the NTKMA master KML"},"geometry":{"type":"Point","coordinates":[73.80550430268342,20.0491957402137]}},{"type":"Feature","properties":{"name":"Z2-C23","zone":"Zone 2","locationConfidence":"indicative","placement":"from the NTKMA master KML"},"geometry":{"type":"Point","coordinates":[73.80247386086444,20.04857518240653]}},{"type":"Feature","properties":{"name":"Z2-C24","zone":"Zone 2","locationConfidence":"indicative","placement":"from the NTKMA master KML"},"geometry":{"type":"Point","coordinates":[73.80289150023593,20.04883532514782]}},{"type":"Feature","properties":{"name":"Z2-C25","zone":"Zone 2","locationConfidence":"indicative","placement":"from the NTKMA master KML"},"geometry":{"type":"Point","coordinates":[73.80242300436186,20.04872992797304]}},{"type":"Feature","properties":{"name":"Z2-C26","zone":"Zone 2","locationConfidence":"indicative","placement":"from the NTKMA master KML"},"geometry":{"type":"Point","coordinates":[73.80551533496653,20.04895817575524]}},{"type":"Feature","properties":{"name":"Z2-C27","zone":"Zone 2","locationConfidence":"indicative","placement":"from the NTKMA master KML"},"geometry":{"type":"Point","coordinates":[73.80310511497596,20.04937565183491]}},{"type":"Feature","properties":{"name":"Z2-C28","zone":"Zone 2","locationConfidence":"indicative","placement":"from the NTKMA master KML"},"geometry":{"type":"Point","coordinates":[73.80474934241462,20.04959007987124]}},{"type":"Feature","properties":{"name":"Z2-C29","zone":"Zone 2","locationConfidence":"indicative","placement":"from the NTKMA master KML"},"geometry":{"type":"Point","coordinates":[73.8026832612962,20.048897550017]}},{"type":"Feature","properties":{"name":"Z2-C30","zone":"Zone 2","locationConfidence":"indicative","placement":"from the NTKMA master KML"},"geometry":{"type":"Point","coordinates":[73.80360557588448,20.0487529179094]}},{"type":"Feature","properties":{"name":"Z2-C31","zone":"Zone 2","locationConfidence":"indicative","placement":"from the NTKMA master KML"},"geometry":{"type":"Point","coordinates":[73.80581566654409,20.04876016557668]}},{"type":"Feature","properties":{"name":"Z2-C32","zone":"Zone 2","locationConfidence":"indicative","placement":"from the NTKMA master KML"},"geometry":{"type":"Point","coordinates":[73.80503272678067,20.04999340251636]}},{"type":"Feature","properties":{"name":"Z2-C33","zone":"Zone 2","locationConfidence":"indicative","placement":"from the NTKMA master KML"},"geometry":{"type":"Point","coordinates":[73.80399643757826,20.04963723298016]}},{"type":"Feature","properties":{"name":"Z2-C34","zone":"Zone 2","locationConfidence":"indicative","placement":"from the NTKMA master KML"},"geometry":{"type":"Point","coordinates":[73.80346844402602,20.04862631225472]}},{"type":"Feature","properties":{"name":"Z2-C35","zone":"Zone 2","locationConfidence":"indicative","placement":"from the NTKMA master KML"},"geometry":{"type":"Point","coordinates":[73.80549406505443,20.04939096209374]}},{"type":"Feature","properties":{"name":"Z2-C36","zone":"Zone 2","locationConfidence":"indicative","placement":"from the NTKMA master KML"},"geometry":{"type":"Point","coordinates":[73.80439556325983,20.04967645015735]}},{"type":"Feature","properties":{"name":"Z2-C37","zone":"Zone 2","locationConfidence":"indicative","placement":"from the NTKMA master KML"},"geometry":{"type":"Point","coordinates":[73.80469087231332,20.0493884127191]}},{"type":"Feature","properties":{"name":"Z2-C38","zone":"Zone 2","locationConfidence":"indicative","placement":"from the NTKMA master KML"},"geometry":{"type":"Point","coordinates":[73.8037685268397,20.04849265109668]}},{"type":"Feature","properties":{"name":"Z2-C39","zone":"Zone 2","locationConfidence":"indicative","placement":"from the NTKMA master KML"},"geometry":{"type":"Point","coordinates":[73.8043041370513,20.04973991129205]}},{"type":"Feature","properties":{"name":"Z2-C40","zone":"Zone 2","locationConfidence":"indicative","placement":"from the NTKMA master KML"},"geometry":{"type":"Point","coordinates":[73.80239201070823,20.04865555319873]}},{"type":"Feature","properties":{"name":"Z3-C1","zone":"Zone 3","locationConfidence":"indicative","placement":"from the NTKMA master KML"},"geometry":{"type":"Point","coordinates":[73.80022638611268,20.04785657874794]}},{"type":"Feature","properties":{"name":"Z3-C2","zone":"Zone 3","locationConfidence":"indicative","placement":"from the NTKMA master KML"},"geometry":{"type":"Point","coordinates":[73.79962114547837,20.04809792086194]}},{"type":"Feature","properties":{"name":"Z3-C3","zone":"Zone 3","locationConfidence":"indicative","placement":"from the NTKMA master KML"},"geometry":{"type":"Point","coordinates":[73.80100202417103,20.04616253516392]}},{"type":"Feature","properties":{"name":"Z3-C4","zone":"Zone 3","locationConfidence":"indicative","placement":"from the NTKMA master KML"},"geometry":{"type":"Point","coordinates":[73.80127101793042,20.04709008494507]}},{"type":"Feature","properties":{"name":"Z3-C5","zone":"Zone 3","locationConfidence":"indicative","placement":"from the NTKMA master KML"},"geometry":{"type":"Point","coordinates":[73.80144475205847,20.04677845138914]}},{"type":"Feature","properties":{"name":"Z3-C6","zone":"Zone 3","locationConfidence":"indicative","placement":"from the NTKMA master KML"},"geometry":{"type":"Point","coordinates":[73.80041813020546,20.0466680775104]}},{"type":"Feature","properties":{"name":"Z3-C7","zone":"Zone 3","locationConfidence":"indicative","placement":"from the NTKMA master KML"},"geometry":{"type":"Point","coordinates":[73.80097265066733,20.04792832936218]}},{"type":"Feature","properties":{"name":"Z3-C8","zone":"Zone 3","locationConfidence":"indicative","placement":"from the NTKMA master KML"},"geometry":{"type":"Point","coordinates":[73.80226491545994,20.04722003532182]}},{"type":"Feature","properties":{"name":"Z3-C9","zone":"Zone 3","locationConfidence":"indicative","placement":"from the NTKMA master KML"},"geometry":{"type":"Point","coordinates":[73.80135805207034,20.04722434270139]}},{"type":"Feature","properties":{"name":"Z3-C10","zone":"Zone 3","locationConfidence":"indicative","placement":"from the NTKMA master KML"},"geometry":{"type":"Point","coordinates":[73.80227354451993,20.04749217319734]}},{"type":"Feature","properties":{"name":"Z3-C11","zone":"Zone 3","locationConfidence":"indicative","placement":"from the NTKMA master KML"},"geometry":{"type":"Point","coordinates":[73.79968172639683,20.04797147523073]}},{"type":"Feature","properties":{"name":"Z3-C12","zone":"Zone 3","locationConfidence":"indicative","placement":"from the NTKMA master KML"},"geometry":{"type":"Point","coordinates":[73.7999996838183,20.04655648856904]}},{"type":"Feature","properties":{"name":"Z3-C13","zone":"Zone 3","locationConfidence":"indicative","placement":"from the NTKMA master KML"},"geometry":{"type":"Point","coordinates":[73.8004057908024,20.04715670177142]}},{"type":"Feature","properties":{"name":"Z3-C14","zone":"Zone 3","locationConfidence":"indicative","placement":"from the NTKMA master KML"},"geometry":{"type":"Point","coordinates":[73.80217466563211,20.04812807215352]}},{"type":"Feature","properties":{"name":"Z3-C15","zone":"Zone 3","locationConfidence":"indicative","placement":"from the NTKMA master KML"},"geometry":{"type":"Point","coordinates":[73.79978845464477,20.04619468324715]}},{"type":"Feature","properties":{"name":"Z3-C16","zone":"Zone 3","locationConfidence":"indicative","placement":"from the NTKMA master KML"},"geometry":{"type":"Point","coordinates":[73.80071814531425,20.04761184183263]}},{"type":"Feature","properties":{"name":"Z3-C17","zone":"Zone 3","locationConfidence":"indicative","placement":"from the NTKMA master KML"},"geometry":{"type":"Point","coordinates":[73.80184070483182,20.04699875315628]}},{"type":"Feature","properties":{"name":"Z3-C18","zone":"Zone 3","locationConfidence":"indicative","placement":"from the NTKMA master KML"},"geometry":{"type":"Point","coordinates":[73.80142698987932,20.04805029905046]}},{"type":"Feature","properties":{"name":"Z3-C19","zone":"Zone 3","locationConfidence":"indicative","placement":"from the NTKMA master KML"},"geometry":{"type":"Point","coordinates":[73.80178140109612,20.04712388067444]}},{"type":"Feature","properties":{"name":"Z3-C20","zone":"Zone 3","locationConfidence":"indicative","placement":"from the NTKMA master KML"},"geometry":{"type":"Point","coordinates":[73.80076299983548,20.04656556012364]}},{"type":"Feature","properties":{"name":"Z3-C21","zone":"Zone 3","locationConfidence":"indicative","placement":"from the NTKMA master KML"},"geometry":{"type":"Point","coordinates":[73.80001065396814,20.0472511867278]}},{"type":"Feature","properties":{"name":"Z3-C22","zone":"Zone 3","locationConfidence":"indicative","placement":"from the NTKMA master KML"},"geometry":{"type":"Point","coordinates":[73.80124345489047,20.04754215925318]}},{"type":"Feature","properties":{"name":"Z3-C23","zone":"Zone 3","locationConfidence":"indicative","placement":"from the NTKMA master KML"},"geometry":{"type":"Point","coordinates":[73.80120977221759,20.04586238657153]}},{"type":"Feature","properties":{"name":"Z3-C24","zone":"Zone 3","locationConfidence":"indicative","placement":"from the NTKMA master KML"},"geometry":{"type":"Point","coordinates":[73.80018470195347,20.04817195854365]}},{"type":"Feature","properties":{"name":"Z3-C25","zone":"Zone 3","locationConfidence":"indicative","placement":"from the NTKMA master KML"},"geometry":{"type":"Point","coordinates":[73.79976146516567,20.04599636962502]}},{"type":"Feature","properties":{"name":"Z3-C26","zone":"Zone 3","locationConfidence":"indicative","placement":"from the NTKMA master KML"},"geometry":{"type":"Point","coordinates":[73.80039564090087,20.04830063245106]}},{"type":"Feature","properties":{"name":"Z3-C27","zone":"Zone 3","locationConfidence":"indicative","placement":"from the NTKMA master KML"},"geometry":{"type":"Point","coordinates":[73.79969833719402,20.04687534786955]}},{"type":"Feature","properties":{"name":"Z3-C28","zone":"Zone 3","locationConfidence":"indicative","placement":"from the NTKMA master KML"},"geometry":{"type":"Point","coordinates":[73.8005532326599,20.04828620817657]}},{"type":"Feature","properties":{"name":"Z3-C29","zone":"Zone 3","locationConfidence":"indicative","placement":"from the NTKMA master KML"},"geometry":{"type":"Point","coordinates":[73.80092396485088,20.04775249294302]}},{"type":"Feature","properties":{"name":"Z3-C30","zone":"Zone 3","locationConfidence":"indicative","placement":"from the NTKMA master KML"},"geometry":{"type":"Point","coordinates":[73.80201572896587,20.0482323125754]}},{"type":"Feature","properties":{"name":"Z3-C31","zone":"Zone 3","locationConfidence":"indicative","placement":"from the NTKMA master KML"},"geometry":{"type":"Point","coordinates":[73.80115945450697,20.04590671937476]}},{"type":"Feature","properties":{"name":"Z3-C32","zone":"Zone 3","locationConfidence":"indicative","placement":"from the NTKMA master KML"},"geometry":{"type":"Point","coordinates":[73.8012501891399,20.04620726094282]}},{"type":"Feature","properties":{"name":"Z3-C33","zone":"Zone 3","locationConfidence":"indicative","placement":"from the NTKMA master KML"},"geometry":{"type":"Point","coordinates":[73.80102351491593,20.04831623632095]}},{"type":"Feature","properties":{"name":"Z3-C34","zone":"Zone 3","locationConfidence":"indicative","placement":"from the NTKMA master KML"},"geometry":{"type":"Point","coordinates":[73.80038516681525,20.04650773878786]}},{"type":"Feature","properties":{"name":"Z3-C35","zone":"Zone 3","locationConfidence":"indicative","placement":"from the NTKMA master KML"},"geometry":{"type":"Point","coordinates":[73.80057385189025,20.04704087192958]}},{"type":"Feature","properties":{"name":"Z3-C36","zone":"Zone 3","locationConfidence":"indicative","placement":"from the NTKMA master KML"},"geometry":{"type":"Point","coordinates":[73.80040581830472,20.04817967209916]}},{"type":"Feature","properties":{"name":"Z3-C37","zone":"Zone 3","locationConfidence":"indicative","placement":"from the NTKMA master KML"},"geometry":{"type":"Point","coordinates":[73.80068598109855,20.04772796830904]}},{"type":"Feature","properties":{"name":"Z3-C38","zone":"Zone 3","locationConfidence":"indicative","placement":"from the NTKMA master KML"},"geometry":{"type":"Point","coordinates":[73.80166562144213,20.04665503940614]}},{"type":"Feature","properties":{"name":"Z3-C39","zone":"Zone 3","locationConfidence":"indicative","placement":"from the NTKMA master KML"},"geometry":{"type":"Point","coordinates":[73.80146418913161,20.04694114487031]}},{"type":"Feature","properties":{"name":"Z3-C40","zone":"Zone 3","locationConfidence":"indicative","placement":"from the NTKMA master KML"},"geometry":{"type":"Point","coordinates":[73.79943678487244,20.04639335254922]}},{"type":"Feature","properties":{"name":"Z4-C1","zone":"Zone 4","locationConfidence":"indicative","placement":"from the NTKMA master KML"},"geometry":{"type":"Point","coordinates":[73.79533531725096,20.05370321094457]}},{"type":"Feature","properties":{"name":"Z4-C2","zone":"Zone 4","locationConfidence":"indicative","placement":"from the NTKMA master KML"},"geometry":{"type":"Point","coordinates":[73.7946834174199,20.053655344976]}},{"type":"Feature","properties":{"name":"Z4-C3","zone":"Zone 4","locationConfidence":"indicative","placement":"from the NTKMA master KML"},"geometry":{"type":"Point","coordinates":[73.79896762467065,20.0513323457306]}},{"type":"Feature","properties":{"name":"Z4-C4","zone":"Zone 4","locationConfidence":"indicative","placement":"from the NTKMA master KML"},"geometry":{"type":"Point","coordinates":[73.79320309781136,20.05042754261558]}},{"type":"Feature","properties":{"name":"Z4-C5","zone":"Zone 4","locationConfidence":"indicative","placement":"from the NTKMA master KML"},"geometry":{"type":"Point","coordinates":[73.79240331016763,20.05387915353572]}},{"type":"Feature","properties":{"name":"Z4-C6","zone":"Zone 4","locationConfidence":"indicative","placement":"from the NTKMA master KML"},"geometry":{"type":"Point","coordinates":[73.79280346081872,20.05341704410006]}},{"type":"Feature","properties":{"name":"Z4-C7","zone":"Zone 4","locationConfidence":"indicative","placement":"from the NTKMA master KML"},"geometry":{"type":"Point","coordinates":[73.79771055042295,20.05397708304649]}},{"type":"Feature","properties":{"name":"Z4-C8","zone":"Zone 4","locationConfidence":"indicative","placement":"from the NTKMA master KML"},"geometry":{"type":"Point","coordinates":[73.79239486943017,20.05366151791788]}},{"type":"Feature","properties":{"name":"Z4-C9","zone":"Zone 4","locationConfidence":"indicative","placement":"from the NTKMA master KML"},"geometry":{"type":"Point","coordinates":[73.79912567316963,20.04997589869965]}},{"type":"Feature","properties":{"name":"Z4-C10","zone":"Zone 4","locationConfidence":"indicative","placement":"from the NTKMA master KML"},"geometry":{"type":"Point","coordinates":[73.7947090142297,20.04993046270963]}},{"type":"Feature","properties":{"name":"Z4-C11","zone":"Zone 4","locationConfidence":"indicative","placement":"from the NTKMA master KML"},"geometry":{"type":"Point","coordinates":[73.79706197947327,20.05446187508877]}},{"type":"Feature","properties":{"name":"Z4-C12","zone":"Zone 4","locationConfidence":"indicative","placement":"from the NTKMA master KML"},"geometry":{"type":"Point","coordinates":[73.79733691619057,20.05382631470979]}},{"type":"Feature","properties":{"name":"Z4-C13","zone":"Zone 4","locationConfidence":"indicative","placement":"from the NTKMA master KML"},"geometry":{"type":"Point","coordinates":[73.79774520441852,20.04951335741172]}},{"type":"Feature","properties":{"name":"Z4-C14","zone":"Zone 4","locationConfidence":"indicative","placement":"from the NTKMA master KML"},"geometry":{"type":"Point","coordinates":[73.79355981334808,20.05396035266759]}},{"type":"Feature","properties":{"name":"Z4-C15","zone":"Zone 4","locationConfidence":"indicative","placement":"from the NTKMA master KML"},"geometry":{"type":"Point","coordinates":[73.79430976947779,20.05444982908979]}},{"type":"Feature","properties":{"name":"Z4-C16","zone":"Zone 4","locationConfidence":"indicative","placement":"from the NTKMA master KML"},"geometry":{"type":"Point","coordinates":[73.79852031825777,20.05389344717838]}},{"type":"Feature","properties":{"name":"Z4-C17","zone":"Zone 4","locationConfidence":"indicative","placement":"from the NTKMA master KML"},"geometry":{"type":"Point","coordinates":[73.79408708175808,20.05082683413876]}},{"type":"Feature","properties":{"name":"Z4-C18","zone":"Zone 4","locationConfidence":"indicative","placement":"from the NTKMA master KML"},"geometry":{"type":"Point","coordinates":[73.7976497161334,20.0520058032629]}},{"type":"Feature","properties":{"name":"Z4-C19","zone":"Zone 4","locationConfidence":"indicative","placement":"from the NTKMA master KML"},"geometry":{"type":"Point","coordinates":[73.79664673856607,20.0509341907915]}},{"type":"Feature","properties":{"name":"Z4-C20","zone":"Zone 4","locationConfidence":"indicative","placement":"from the NTKMA master KML"},"geometry":{"type":"Point","coordinates":[73.79658285283607,20.05262284610638]}},{"type":"Feature","properties":{"name":"Z4-C21","zone":"Zone 4","locationConfidence":"indicative","placement":"from the NTKMA master KML"},"geometry":{"type":"Point","coordinates":[73.7908417097406,20.05448284047341]}},{"type":"Feature","properties":{"name":"Z4-C22","zone":"Zone 4","locationConfidence":"indicative","placement":"from the NTKMA master KML"},"geometry":{"type":"Point","coordinates":[73.79449593795746,20.05347153807729]}},{"type":"Feature","properties":{"name":"Z4-C23","zone":"Zone 4","locationConfidence":"indicative","placement":"from the NTKMA master KML"},"geometry":{"type":"Point","coordinates":[73.79508653388436,20.0525678197072]}},{"type":"Feature","properties":{"name":"Z4-C24","zone":"Zone 4","locationConfidence":"indicative","placement":"from the NTKMA master KML"},"geometry":{"type":"Point","coordinates":[73.79879400756342,20.05392878789098]}},{"type":"Feature","properties":{"name":"Z4-C25","zone":"Zone 4","locationConfidence":"indicative","placement":"from the NTKMA master KML"},"geometry":{"type":"Point","coordinates":[73.79438844858859,20.05128272518252]}},{"type":"Feature","properties":{"name":"Z4-C26","zone":"Zone 4","locationConfidence":"indicative","placement":"from the NTKMA master KML"},"geometry":{"type":"Point","coordinates":[73.79726588944065,20.05415744418878]}},{"type":"Feature","properties":{"name":"Z4-C27","zone":"Zone 4","locationConfidence":"indicative","placement":"from the NTKMA master KML"},"geometry":{"type":"Point","coordinates":[73.79765649885513,20.05012900720114]}},{"type":"Feature","properties":{"name":"Z4-C28","zone":"Zone 4","locationConfidence":"indicative","placement":"from the NTKMA master KML"},"geometry":{"type":"Point","coordinates":[73.79556887464813,20.05051481817652]}},{"type":"Feature","properties":{"name":"Z4-C29","zone":"Zone 4","locationConfidence":"indicative","placement":"from the NTKMA master KML"},"geometry":{"type":"Point","coordinates":[73.79537301371559,20.05068489862666]}},{"type":"Feature","properties":{"name":"Z4-C30","zone":"Zone 4","locationConfidence":"indicative","placement":"from the NTKMA master KML"},"geometry":{"type":"Point","coordinates":[73.7935303659455,20.05173126579088]}},{"type":"Feature","properties":{"name":"Z4-C31","zone":"Zone 4","locationConfidence":"indicative","placement":"from the NTKMA master KML"},"geometry":{"type":"Point","coordinates":[73.79744747423693,20.05349065561496]}},{"type":"Feature","properties":{"name":"Z4-C32","zone":"Zone 4","locationConfidence":"indicative","placement":"from the NTKMA master KML"},"geometry":{"type":"Point","coordinates":[73.79768024533725,20.05200307468636]}},{"type":"Feature","properties":{"name":"Z4-C33","zone":"Zone 4","locationConfidence":"indicative","placement":"from the NTKMA master KML"},"geometry":{"type":"Point","coordinates":[73.79677760821261,20.05209637794215]}},{"type":"Feature","properties":{"name":"Z4-C34","zone":"Zone 4","locationConfidence":"indicative","placement":"from the NTKMA master KML"},"geometry":{"type":"Point","coordinates":[73.7921829535302,20.05362328547276]}},{"type":"Feature","properties":{"name":"Z4-C35","zone":"Zone 4","locationConfidence":"indicative","placement":"from the NTKMA master KML"},"geometry":{"type":"Point","coordinates":[73.79316285436177,20.04967282067959]}},{"type":"Feature","properties":{"name":"Z4-C36","zone":"Zone 4","locationConfidence":"indicative","placement":"from the NTKMA master KML"},"geometry":{"type":"Point","coordinates":[73.7922577864358,20.05494879215328]}},{"type":"Feature","properties":{"name":"Z4-C37","zone":"Zone 4","locationConfidence":"indicative","placement":"from the NTKMA master KML"},"geometry":{"type":"Point","coordinates":[73.7984978720349,20.05369624153128]}},{"type":"Feature","properties":{"name":"Z4-C38","zone":"Zone 4","locationConfidence":"indicative","placement":"from the NTKMA master KML"},"geometry":{"type":"Point","coordinates":[73.79729458930382,20.05016200077539]}},{"type":"Feature","properties":{"name":"Z4-C39","zone":"Zone 4","locationConfidence":"indicative","placement":"from the NTKMA master KML"},"geometry":{"type":"Point","coordinates":[73.79830487191742,20.05124201137413]}},{"type":"Feature","properties":{"name":"Z4-C40","zone":"Zone 4","locationConfidence":"indicative","placement":"from the NTKMA master KML"},"geometry":{"type":"Point","coordinates":[73.79567205339788,20.05143487913536]}},{"type":"Feature","properties":{"name":"Z5-C1","zone":"Zone 5","locationConfidence":"indicative","placement":"from the NTKMA master KML"},"geometry":{"type":"Point","coordinates":[73.71922600851256,19.92836461465719]}},{"type":"Feature","properties":{"name":"Z5-C2","zone":"Zone 5","locationConfidence":"indicative","placement":"from the NTKMA master KML"},"geometry":{"type":"Point","coordinates":[73.71939347233139,19.92995412623497]}},{"type":"Feature","properties":{"name":"Z5-C3","zone":"Zone 5","locationConfidence":"indicative","placement":"from the NTKMA master KML"},"geometry":{"type":"Point","coordinates":[73.71792404545788,19.9296153615649]}},{"type":"Feature","properties":{"name":"Z5-C4","zone":"Zone 5","locationConfidence":"indicative","placement":"from the NTKMA master KML"},"geometry":{"type":"Point","coordinates":[73.71753625857988,19.92975060476192]}},{"type":"Feature","properties":{"name":"Z5-C5","zone":"Zone 5","locationConfidence":"indicative","placement":"from the NTKMA master KML"},"geometry":{"type":"Point","coordinates":[73.71743835534404,19.93239265190962]}},{"type":"Feature","properties":{"name":"Z5-C6","zone":"Zone 5","locationConfidence":"indicative","placement":"from the NTKMA master KML"},"geometry":{"type":"Point","coordinates":[73.71836419727295,19.92865450072049]}},{"type":"Feature","properties":{"name":"Z5-C7","zone":"Zone 5","locationConfidence":"indicative","placement":"from the NTKMA master KML"},"geometry":{"type":"Point","coordinates":[73.71813251114332,19.92825561481414]}},{"type":"Feature","properties":{"name":"Z5-C8","zone":"Zone 5","locationConfidence":"indicative","placement":"from the NTKMA master KML"},"geometry":{"type":"Point","coordinates":[73.71786690465554,19.93013933917017]}},{"type":"Feature","properties":{"name":"Z5-C9","zone":"Zone 5","locationConfidence":"indicative","placement":"from the NTKMA master KML"},"geometry":{"type":"Point","coordinates":[73.71787152454652,19.93092534616887]}},{"type":"Feature","properties":{"name":"Z5-C10","zone":"Zone 5","locationConfidence":"indicative","placement":"from the NTKMA master KML"},"geometry":{"type":"Point","coordinates":[73.71769834997717,19.93022369783949]}},{"type":"Feature","properties":{"name":"Z5-C11","zone":"Zone 5","locationConfidence":"indicative","placement":"from the NTKMA master KML"},"geometry":{"type":"Point","coordinates":[73.71919053922298,19.92923308028485]}},{"type":"Feature","properties":{"name":"Z5-C12","zone":"Zone 5","locationConfidence":"indicative","placement":"from the NTKMA master KML"},"geometry":{"type":"Point","coordinates":[73.71955408263706,19.92959838044938]}},{"type":"Feature","properties":{"name":"Z5-C13","zone":"Zone 5","locationConfidence":"indicative","placement":"from the NTKMA master KML"},"geometry":{"type":"Point","coordinates":[73.71842495768372,19.92789509663131]}},{"type":"Feature","properties":{"name":"Z5-C14","zone":"Zone 5","locationConfidence":"indicative","placement":"from the NTKMA master KML"},"geometry":{"type":"Point","coordinates":[73.71889743819463,19.92999715276152]}},{"type":"Feature","properties":{"name":"Z5-C15","zone":"Zone 5","locationConfidence":"indicative","placement":"from the NTKMA master KML"},"geometry":{"type":"Point","coordinates":[73.71957714679296,19.92880459675987]}},{"type":"Feature","properties":{"name":"Z5-C16","zone":"Zone 5","locationConfidence":"indicative","placement":"from the NTKMA master KML"},"geometry":{"type":"Point","coordinates":[73.71781638131182,19.92937143493254]}},{"type":"Feature","properties":{"name":"Z5-C17","zone":"Zone 5","locationConfidence":"indicative","placement":"from the NTKMA master KML"},"geometry":{"type":"Point","coordinates":[73.71735419710473,19.93181084393972]}},{"type":"Feature","properties":{"name":"Z5-C18","zone":"Zone 5","locationConfidence":"indicative","placement":"from the NTKMA master KML"},"geometry":{"type":"Point","coordinates":[73.71776785169733,19.92889403533261]}},{"type":"Feature","properties":{"name":"Z5-C19","zone":"Zone 5","locationConfidence":"indicative","placement":"from the NTKMA master KML"},"geometry":{"type":"Point","coordinates":[73.71741749577303,19.93244078507078]}},{"type":"Feature","properties":{"name":"Z5-C20","zone":"Zone 5","locationConfidence":"indicative","placement":"from the NTKMA master KML"},"geometry":{"type":"Point","coordinates":[73.71816393914513,19.93037692851228]}},{"type":"Feature","properties":{"name":"Z5-C21","zone":"Zone 5","locationConfidence":"indicative","placement":"from the NTKMA master KML"},"geometry":{"type":"Point","coordinates":[73.71868461535325,19.93060417171487]}},{"type":"Feature","properties":{"name":"Z5-C22","zone":"Zone 5","locationConfidence":"indicative","placement":"from the NTKMA master KML"},"geometry":{"type":"Point","coordinates":[73.7196982254862,19.92879836681133]}},{"type":"Feature","properties":{"name":"Z5-C23","zone":"Zone 5","locationConfidence":"indicative","placement":"from the NTKMA master KML"},"geometry":{"type":"Point","coordinates":[73.71723117970653,19.92955748799491]}},{"type":"Feature","properties":{"name":"Z5-C24","zone":"Zone 5","locationConfidence":"indicative","placement":"from the NTKMA master KML"},"geometry":{"type":"Point","coordinates":[73.71840323549213,19.93061279567142]}},{"type":"Feature","properties":{"name":"Z5-C25","zone":"Zone 5","locationConfidence":"indicative","placement":"from the NTKMA master KML"},"geometry":{"type":"Point","coordinates":[73.7175203518115,19.9293901469567]}},{"type":"Feature","properties":{"name":"Z5-C26","zone":"Zone 5","locationConfidence":"indicative","placement":"from the NTKMA master KML"},"geometry":{"type":"Point","coordinates":[73.71901038650158,19.93029348143826]}},{"type":"Feature","properties":{"name":"Z5-C27","zone":"Zone 5","locationConfidence":"indicative","placement":"from the NTKMA master KML"},"geometry":{"type":"Point","coordinates":[73.71763435717881,19.93041601555689]}},{"type":"Feature","properties":{"name":"Z5-C28","zone":"Zone 5","locationConfidence":"indicative","placement":"from the NTKMA master KML"},"geometry":{"type":"Point","coordinates":[73.71863869821999,19.92854542356682]}},{"type":"Feature","properties":{"name":"Z5-C29","zone":"Zone 5","locationConfidence":"indicative","placement":"from the NTKMA master KML"},"geometry":{"type":"Point","coordinates":[73.71779464759189,19.93120210414182]}},{"type":"Feature","properties":{"name":"Z5-C30","zone":"Zone 5","locationConfidence":"indicative","placement":"from the NTKMA master KML"},"geometry":{"type":"Point","coordinates":[73.71948874287992,19.93004452510972]}},{"type":"Feature","properties":{"name":"Z5-C31","zone":"Zone 5","locationConfidence":"indicative","placement":"from the NTKMA master KML"},"geometry":{"type":"Point","coordinates":[73.71805209322245,19.93100581451158]}},{"type":"Feature","properties":{"name":"Z5-C32","zone":"Zone 5","locationConfidence":"indicative","placement":"from the NTKMA master KML"},"geometry":{"type":"Point","coordinates":[73.717640031399,19.93198579841351]}},{"type":"Feature","properties":{"name":"Z5-C33","zone":"Zone 5","locationConfidence":"indicative","placement":"from the NTKMA master KML"},"geometry":{"type":"Point","coordinates":[73.71792218343028,19.9293998734925]}},{"type":"Feature","properties":{"name":"Z5-C34","zone":"Zone 5","locationConfidence":"indicative","placement":"from the NTKMA master KML"},"geometry":{"type":"Point","coordinates":[73.71751276843108,19.92869347444163]}},{"type":"Feature","properties":{"name":"Z5-C35","zone":"Zone 5","locationConfidence":"indicative","placement":"from the NTKMA master KML"},"geometry":{"type":"Point","coordinates":[73.71838376427272,19.92847423487124]}},{"type":"Feature","properties":{"name":"Z5-C36","zone":"Zone 5","locationConfidence":"indicative","placement":"from the NTKMA master KML"},"geometry":{"type":"Point","coordinates":[73.71912696200866,19.92889517739665]}},{"type":"Feature","properties":{"name":"Z5-C37","zone":"Zone 5","locationConfidence":"indicative","placement":"from the NTKMA master KML"},"geometry":{"type":"Point","coordinates":[73.71858921836159,19.92978065786748]}},{"type":"Feature","properties":{"name":"Z5-C38","zone":"Zone 5","locationConfidence":"indicative","placement":"from the NTKMA master KML"},"geometry":{"type":"Point","coordinates":[73.71791594558653,19.92858733371991]}},{"type":"Feature","properties":{"name":"Z5-C39","zone":"Zone 5","locationConfidence":"indicative","placement":"from the NTKMA master KML"},"geometry":{"type":"Point","coordinates":[73.71769744688199,19.92870999547118]}},{"type":"Feature","properties":{"name":"Z5-C40","zone":"Zone 5","locationConfidence":"indicative","placement":"from the NTKMA master KML"},"geometry":{"type":"Point","coordinates":[73.7199069409187,19.92981434446591]}},{"type":"Feature","properties":{"name":"Z6-C1","zone":"Zone 6","locationConfidence":"indicative","placement":"from the NTKMA master KML"},"geometry":{"type":"Point","coordinates":[73.86251551802904,20.00044188721661]}},{"type":"Feature","properties":{"name":"Z6-C2","zone":"Zone 6","locationConfidence":"indicative","placement":"from the NTKMA master KML"},"geometry":{"type":"Point","coordinates":[73.8623686528747,20.00026570557181]}},{"type":"Feature","properties":{"name":"Z6-C3","zone":"Zone 6","locationConfidence":"indicative","placement":"from the NTKMA master KML"},"geometry":{"type":"Point","coordinates":[73.86119915406151,20.00097434689946]}},{"type":"Feature","properties":{"name":"Z6-C4","zone":"Zone 6","locationConfidence":"indicative","placement":"from the NTKMA master KML"},"geometry":{"type":"Point","coordinates":[73.86241368764674,20.00053816802006]}},{"type":"Feature","properties":{"name":"Z6-C5","zone":"Zone 6","locationConfidence":"indicative","placement":"from the NTKMA master KML"},"geometry":{"type":"Point","coordinates":[73.86118023523808,20.0015596000572]}},{"type":"Feature","properties":{"name":"Z6-C6","zone":"Zone 6","locationConfidence":"indicative","placement":"from the NTKMA master KML"},"geometry":{"type":"Point","coordinates":[73.8648571168424,20.00125719851414]}},{"type":"Feature","properties":{"name":"Z6-C7","zone":"Zone 6","locationConfidence":"indicative","placement":"from the NTKMA master KML"},"geometry":{"type":"Point","coordinates":[73.86237836135828,20.00164383465344]}},{"type":"Feature","properties":{"name":"Z6-C8","zone":"Zone 6","locationConfidence":"indicative","placement":"from the NTKMA master KML"},"geometry":{"type":"Point","coordinates":[73.86433092026348,20.00111761193191]}},{"type":"Feature","properties":{"name":"Z6-C9","zone":"Zone 6","locationConfidence":"indicative","placement":"from the NTKMA master KML"},"geometry":{"type":"Point","coordinates":[73.8644362682891,20.00148160263415]}},{"type":"Feature","properties":{"name":"Z6-C10","zone":"Zone 6","locationConfidence":"indicative","placement":"from the NTKMA master KML"},"geometry":{"type":"Point","coordinates":[73.86337048192603,20.00109760329698]}},{"type":"Feature","properties":{"name":"Z6-C11","zone":"Zone 6","locationConfidence":"indicative","placement":"from the NTKMA master KML"},"geometry":{"type":"Point","coordinates":[73.86249681846026,19.99983190412278]}},{"type":"Feature","properties":{"name":"Z6-C12","zone":"Zone 6","locationConfidence":"indicative","placement":"from the NTKMA master KML"},"geometry":{"type":"Point","coordinates":[73.86332872187073,20.00133834518274]}},{"type":"Feature","properties":{"name":"Z6-C13","zone":"Zone 6","locationConfidence":"indicative","placement":"from the NTKMA master KML"},"geometry":{"type":"Point","coordinates":[73.86272690803922,19.99985032612918]}},{"type":"Feature","properties":{"name":"Z6-C14","zone":"Zone 6","locationConfidence":"indicative","placement":"from the NTKMA master KML"},"geometry":{"type":"Point","coordinates":[73.86335875547778,20.00062665622987]}},{"type":"Feature","properties":{"name":"Z6-C15","zone":"Zone 6","locationConfidence":"indicative","placement":"from the NTKMA master KML"},"geometry":{"type":"Point","coordinates":[73.86322547807211,20.00087216069206]}},{"type":"Feature","properties":{"name":"Z6-C16","zone":"Zone 6","locationConfidence":"indicative","placement":"from the NTKMA master KML"},"geometry":{"type":"Point","coordinates":[73.86430420238433,20.00177527367019]}},{"type":"Feature","properties":{"name":"Z6-C17","zone":"Zone 6","locationConfidence":"indicative","placement":"from the NTKMA master KML"},"geometry":{"type":"Point","coordinates":[73.86590261394011,20.00057164450836]}},{"type":"Feature","properties":{"name":"Z6-C18","zone":"Zone 6","locationConfidence":"indicative","placement":"from the NTKMA master KML"},"geometry":{"type":"Point","coordinates":[73.86528434155122,20.00076221771759]}},{"type":"Feature","properties":{"name":"Z6-C19","zone":"Zone 6","locationConfidence":"indicative","placement":"from the NTKMA master KML"},"geometry":{"type":"Point","coordinates":[73.86281591365969,20.00129720284806]}},{"type":"Feature","properties":{"name":"Z6-C20","zone":"Zone 6","locationConfidence":"indicative","placement":"from the NTKMA master KML"},"geometry":{"type":"Point","coordinates":[73.86603301800078,20.00014985131975]}},{"type":"Feature","properties":{"name":"Z6-C21","zone":"Zone 6","locationConfidence":"indicative","placement":"from the NTKMA master KML"},"geometry":{"type":"Point","coordinates":[73.86557820098486,20.00134120244215]}},{"type":"Feature","properties":{"name":"Z6-C22","zone":"Zone 6","locationConfidence":"indicative","placement":"from the NTKMA master KML"},"geometry":{"type":"Point","coordinates":[73.86254744995132,20.00004494637437]}},{"type":"Feature","properties":{"name":"Z6-C23","zone":"Zone 6","locationConfidence":"indicative","placement":"from the NTKMA master KML"},"geometry":{"type":"Point","coordinates":[73.86117530748712,20.00107762214107]}},{"type":"Feature","properties":{"name":"Z6-C24","zone":"Zone 6","locationConfidence":"indicative","placement":"from the NTKMA master KML"},"geometry":{"type":"Point","coordinates":[73.86496859761526,20.0008457110733]}},{"type":"Feature","properties":{"name":"Z6-C25","zone":"Zone 6","locationConfidence":"indicative","placement":"from the NTKMA master KML"},"geometry":{"type":"Point","coordinates":[73.8647172381832,20.00071832076105]}},{"type":"Feature","properties":{"name":"Z6-C26","zone":"Zone 6","locationConfidence":"indicative","placement":"from the NTKMA master KML"},"geometry":{"type":"Point","coordinates":[73.86280766629733,20.00022296483102]}},{"type":"Feature","properties":{"name":"Z6-C27","zone":"Zone 6","locationConfidence":"indicative","placement":"from the NTKMA master KML"},"geometry":{"type":"Point","coordinates":[73.8640796468124,20.00131394035777]}},{"type":"Feature","properties":{"name":"Z6-C28","zone":"Zone 6","locationConfidence":"indicative","placement":"from the NTKMA master KML"},"geometry":{"type":"Point","coordinates":[73.8647108975096,20.00132162599128]}},{"type":"Feature","properties":{"name":"Z6-C29","zone":"Zone 6","locationConfidence":"indicative","placement":"from the NTKMA master KML"},"geometry":{"type":"Point","coordinates":[73.86473069824537,20.0015005111932]}},{"type":"Feature","properties":{"name":"Z6-C30","zone":"Zone 6","locationConfidence":"indicative","placement":"from the NTKMA master KML"},"geometry":{"type":"Point","coordinates":[73.86365356481105,20.00092456717052]}},{"type":"Feature","properties":{"name":"Z6-C31","zone":"Zone 6","locationConfidence":"indicative","placement":"from the NTKMA master KML"},"geometry":{"type":"Point","coordinates":[73.86546671587269,20.00088058130823]}},{"type":"Feature","properties":{"name":"Z6-C32","zone":"Zone 6","locationConfidence":"indicative","placement":"from the NTKMA master KML"},"geometry":{"type":"Point","coordinates":[73.86470795591943,20.00075771234614]}},{"type":"Feature","properties":{"name":"Z6-C33","zone":"Zone 6","locationConfidence":"indicative","placement":"from the NTKMA master KML"},"geometry":{"type":"Point","coordinates":[73.86274575072476,20.00070523376171]}},{"type":"Feature","properties":{"name":"Z6-C34","zone":"Zone 6","locationConfidence":"indicative","placement":"from the NTKMA master KML"},"geometry":{"type":"Point","coordinates":[73.8622147976428,20.00112659882235]}},{"type":"Feature","properties":{"name":"Z6-C35","zone":"Zone 6","locationConfidence":"indicative","placement":"from the NTKMA master KML"},"geometry":{"type":"Point","coordinates":[73.8642278328416,20.00161438508307]}},{"type":"Feature","properties":{"name":"Z6-C36","zone":"Zone 6","locationConfidence":"indicative","placement":"from the NTKMA master KML"},"geometry":{"type":"Point","coordinates":[73.86506819432398,20.00005168953425]}},{"type":"Feature","properties":{"name":"Z6-C37","zone":"Zone 6","locationConfidence":"indicative","placement":"from the NTKMA master KML"},"geometry":{"type":"Point","coordinates":[73.86518913116551,20.00157286526376]}},{"type":"Feature","properties":{"name":"Z6-C38","zone":"Zone 6","locationConfidence":"indicative","placement":"from the NTKMA master KML"},"geometry":{"type":"Point","coordinates":[73.86305889938401,20.00104475734928]}},{"type":"Feature","properties":{"name":"Z6-C39","zone":"Zone 6","locationConfidence":"indicative","placement":"from the NTKMA master KML"},"geometry":{"type":"Point","coordinates":[73.86562626762566,20.00028517466647]}},{"type":"Feature","properties":{"name":"Z6-C40","zone":"Zone 6","locationConfidence":"indicative","placement":"from the NTKMA master KML"},"geometry":{"type":"Point","coordinates":[73.86244777482922,20.00028343705824]}},{"type":"Feature","properties":{"name":"Z7-C1","zone":"Zone 7","locationConfidence":"indicative","placement":"from the NTKMA master KML"},"geometry":{"type":"Point","coordinates":[73.88074315733087,20.04883260858922]}},{"type":"Feature","properties":{"name":"Z7-C2","zone":"Zone 7","locationConfidence":"indicative","placement":"from the NTKMA master KML"},"geometry":{"type":"Point","coordinates":[73.88334405840763,20.04893040709484]}},{"type":"Feature","properties":{"name":"Z7-C3","zone":"Zone 7","locationConfidence":"indicative","placement":"from the NTKMA master KML"},"geometry":{"type":"Point","coordinates":[73.88200737155131,20.05061327205886]}},{"type":"Feature","properties":{"name":"Z7-C4","zone":"Zone 7","locationConfidence":"indicative","placement":"from the NTKMA master KML"},"geometry":{"type":"Point","coordinates":[73.8820070591153,20.04905205911719]}},{"type":"Feature","properties":{"name":"Z7-C5","zone":"Zone 7","locationConfidence":"indicative","placement":"from the NTKMA master KML"},"geometry":{"type":"Point","coordinates":[73.8818385046694,20.05165622670997]}},{"type":"Feature","properties":{"name":"Z7-C6","zone":"Zone 7","locationConfidence":"indicative","placement":"from the NTKMA master KML"},"geometry":{"type":"Point","coordinates":[73.8844463571564,20.05057553674375]}},{"type":"Feature","properties":{"name":"Z7-C7","zone":"Zone 7","locationConfidence":"indicative","placement":"from the NTKMA master KML"},"geometry":{"type":"Point","coordinates":[73.88435328862671,20.05135416692149]}},{"type":"Feature","properties":{"name":"Z7-C8","zone":"Zone 7","locationConfidence":"indicative","placement":"from the NTKMA master KML"},"geometry":{"type":"Point","coordinates":[73.88102255291304,20.04878704141353]}},{"type":"Feature","properties":{"name":"Z7-C9","zone":"Zone 7","locationConfidence":"indicative","placement":"from the NTKMA master KML"},"geometry":{"type":"Point","coordinates":[73.88130894474331,20.05157480556726]}},{"type":"Feature","properties":{"name":"Z7-C10","zone":"Zone 7","locationConfidence":"indicative","placement":"from the NTKMA master KML"},"geometry":{"type":"Point","coordinates":[73.88130753145565,20.05042976841559]}},{"type":"Feature","properties":{"name":"Z7-C11","zone":"Zone 7","locationConfidence":"indicative","placement":"from the NTKMA master KML"},"geometry":{"type":"Point","coordinates":[73.88211550749784,20.04926529796678]}},{"type":"Feature","properties":{"name":"Z7-C12","zone":"Zone 7","locationConfidence":"indicative","placement":"from the NTKMA master KML"},"geometry":{"type":"Point","coordinates":[73.88295905803542,20.05145416743075]}},{"type":"Feature","properties":{"name":"Z7-C13","zone":"Zone 7","locationConfidence":"indicative","placement":"from the NTKMA master KML"},"geometry":{"type":"Point","coordinates":[73.88178608632317,20.05210913658665]}},{"type":"Feature","properties":{"name":"Z7-C14","zone":"Zone 7","locationConfidence":"indicative","placement":"from the NTKMA master KML"},"geometry":{"type":"Point","coordinates":[73.88452054458821,20.05086952106577]}},{"type":"Feature","properties":{"name":"Z7-C15","zone":"Zone 7","locationConfidence":"indicative","placement":"from the NTKMA master KML"},"geometry":{"type":"Point","coordinates":[73.8830395992129,20.04874267207288]}},{"type":"Feature","properties":{"name":"Z7-C16","zone":"Zone 7","locationConfidence":"indicative","placement":"from the NTKMA master KML"},"geometry":{"type":"Point","coordinates":[73.88239764192082,20.04881381058375]}},{"type":"Feature","properties":{"name":"Z7-C17","zone":"Zone 7","locationConfidence":"indicative","placement":"from the NTKMA master KML"},"geometry":{"type":"Point","coordinates":[73.88274573325441,20.04939238730082]}},{"type":"Feature","properties":{"name":"Z7-C18","zone":"Zone 7","locationConfidence":"indicative","placement":"from the NTKMA master KML"},"geometry":{"type":"Point","coordinates":[73.87977759950306,20.05009416736643]}},{"type":"Feature","properties":{"name":"Z7-C19","zone":"Zone 7","locationConfidence":"indicative","placement":"from the NTKMA master KML"},"geometry":{"type":"Point","coordinates":[73.88188138136404,20.05041582868603]}},{"type":"Feature","properties":{"name":"Z7-C20","zone":"Zone 7","locationConfidence":"indicative","placement":"from the NTKMA master KML"},"geometry":{"type":"Point","coordinates":[73.88279025290241,20.05122217755047]}},{"type":"Feature","properties":{"name":"Z7-C21","zone":"Zone 7","locationConfidence":"indicative","placement":"from the NTKMA master KML"},"geometry":{"type":"Point","coordinates":[73.88273845930176,20.05036024361222]}},{"type":"Feature","properties":{"name":"Z7-C22","zone":"Zone 7","locationConfidence":"indicative","placement":"from the NTKMA master KML"},"geometry":{"type":"Point","coordinates":[73.88285848950055,20.05037440768674]}},{"type":"Feature","properties":{"name":"Z7-C23","zone":"Zone 7","locationConfidence":"indicative","placement":"from the NTKMA master KML"},"geometry":{"type":"Point","coordinates":[73.88193063071677,20.05127302875699]}},{"type":"Feature","properties":{"name":"Z7-C24","zone":"Zone 7","locationConfidence":"indicative","placement":"from the NTKMA master KML"},"geometry":{"type":"Point","coordinates":[73.88364658763263,20.05114772721636]}},{"type":"Feature","properties":{"name":"Z7-C25","zone":"Zone 7","locationConfidence":"indicative","placement":"from the NTKMA master KML"},"geometry":{"type":"Point","coordinates":[73.88359119604719,20.05089943830792]}},{"type":"Feature","properties":{"name":"Z7-C26","zone":"Zone 7","locationConfidence":"indicative","placement":"from the NTKMA master KML"},"geometry":{"type":"Point","coordinates":[73.88262996723785,20.04954046609772]}},{"type":"Feature","properties":{"name":"Z7-C27","zone":"Zone 7","locationConfidence":"indicative","placement":"from the NTKMA master KML"},"geometry":{"type":"Point","coordinates":[73.88223823431346,20.05272227069089]}},{"type":"Feature","properties":{"name":"Z7-C28","zone":"Zone 7","locationConfidence":"indicative","placement":"from the NTKMA master KML"},"geometry":{"type":"Point","coordinates":[73.88116810001137,20.05004237482364]}},{"type":"Feature","properties":{"name":"Z7-C29","zone":"Zone 7","locationConfidence":"indicative","placement":"from the NTKMA master KML"},"geometry":{"type":"Point","coordinates":[73.88426338425359,20.05121457750578]}},{"type":"Feature","properties":{"name":"Z7-C30","zone":"Zone 7","locationConfidence":"indicative","placement":"from the NTKMA master KML"},"geometry":{"type":"Point","coordinates":[73.8841302222632,20.04973296338183]}},{"type":"Feature","properties":{"name":"Z7-C31","zone":"Zone 7","locationConfidence":"indicative","placement":"from the NTKMA master KML"},"geometry":{"type":"Point","coordinates":[73.88289556417962,20.04925392683799]}},{"type":"Feature","properties":{"name":"Z7-C32","zone":"Zone 7","locationConfidence":"indicative","placement":"from the NTKMA master KML"},"geometry":{"type":"Point","coordinates":[73.8845735072003,20.05020803671649]}},{"type":"Feature","properties":{"name":"Z7-C33","zone":"Zone 7","locationConfidence":"indicative","placement":"from the NTKMA master KML"},"geometry":{"type":"Point","coordinates":[73.88198107179103,20.05100463831235]}},{"type":"Feature","properties":{"name":"Z7-C34","zone":"Zone 7","locationConfidence":"indicative","placement":"from the NTKMA master KML"},"geometry":{"type":"Point","coordinates":[73.88441636650808,20.05019577408459]}},{"type":"Feature","properties":{"name":"Z7-C35","zone":"Zone 7","locationConfidence":"indicative","placement":"from the NTKMA master KML"},"geometry":{"type":"Point","coordinates":[73.88313575106615,20.05053843401731]}},{"type":"Feature","properties":{"name":"Z7-C36","zone":"Zone 7","locationConfidence":"indicative","placement":"from the NTKMA master KML"},"geometry":{"type":"Point","coordinates":[73.88319607524826,20.05053654503992]}},{"type":"Feature","properties":{"name":"Z7-C37","zone":"Zone 7","locationConfidence":"indicative","placement":"from the NTKMA master KML"},"geometry":{"type":"Point","coordinates":[73.88195350358403,20.0502406336456]}},{"type":"Feature","properties":{"name":"Z7-C38","zone":"Zone 7","locationConfidence":"indicative","placement":"from the NTKMA master KML"},"geometry":{"type":"Point","coordinates":[73.88221848016053,20.05171289176825]}},{"type":"Feature","properties":{"name":"Z7-C39","zone":"Zone 7","locationConfidence":"indicative","placement":"from the NTKMA master KML"},"geometry":{"type":"Point","coordinates":[73.88311545813286,20.05124039254478]}},{"type":"Feature","properties":{"name":"Z7-C40","zone":"Zone 7","locationConfidence":"indicative","placement":"from the NTKMA master KML"},"geometry":{"type":"Point","coordinates":[73.88168476190162,20.0508256776497]}},{"type":"Feature","properties":{"name":"Z8-C1","zone":"Zone 8","locationConfidence":"indicative","placement":"from the NTKMA master KML"},"geometry":{"type":"Point","coordinates":[73.86418938634,19.99914176996406]}},{"type":"Feature","properties":{"name":"Z8-C2","zone":"Zone 8","locationConfidence":"indicative","placement":"from the NTKMA master KML"},"geometry":{"type":"Point","coordinates":[73.86511152381343,19.99964205732617]}},{"type":"Feature","properties":{"name":"Z8-C3","zone":"Zone 8","locationConfidence":"indicative","placement":"from the NTKMA master KML"},"geometry":{"type":"Point","coordinates":[73.86570489405577,19.99903303541891]}},{"type":"Feature","properties":{"name":"Z8-C4","zone":"Zone 8","locationConfidence":"indicative","placement":"from the NTKMA master KML"},"geometry":{"type":"Point","coordinates":[73.86445819495223,19.99815784616768]}},{"type":"Feature","properties":{"name":"Z8-C5","zone":"Zone 8","locationConfidence":"indicative","placement":"from the NTKMA master KML"},"geometry":{"type":"Point","coordinates":[73.86474612109583,19.99806896542076]}},{"type":"Feature","properties":{"name":"Z8-C6","zone":"Zone 8","locationConfidence":"indicative","placement":"from the NTKMA master KML"},"geometry":{"type":"Point","coordinates":[73.86533798078355,19.99891206310678]}},{"type":"Feature","properties":{"name":"Z8-C7","zone":"Zone 8","locationConfidence":"indicative","placement":"from the NTKMA master KML"},"geometry":{"type":"Point","coordinates":[73.86436133446166,19.9984991121068]}},{"type":"Feature","properties":{"name":"Z8-C8","zone":"Zone 8","locationConfidence":"indicative","placement":"from the NTKMA master KML"},"geometry":{"type":"Point","coordinates":[73.86556961648334,19.9981127837397]}},{"type":"Feature","properties":{"name":"Z8-C9","zone":"Zone 8","locationConfidence":"indicative","placement":"from the NTKMA master KML"},"geometry":{"type":"Point","coordinates":[73.86460002226886,19.99842543187271]}},{"type":"Feature","properties":{"name":"Z8-C10","zone":"Zone 8","locationConfidence":"indicative","placement":"from the NTKMA master KML"},"geometry":{"type":"Point","coordinates":[73.86552971846697,19.99925182337553]}},{"type":"Feature","properties":{"name":"Z8-C11","zone":"Zone 8","locationConfidence":"indicative","placement":"from the NTKMA master KML"},"geometry":{"type":"Point","coordinates":[73.86534378981175,19.99873943118976]}},{"type":"Feature","properties":{"name":"Z8-C12","zone":"Zone 8","locationConfidence":"indicative","placement":"from the NTKMA master KML"},"geometry":{"type":"Point","coordinates":[73.8656427175651,19.99818772442228]}},{"type":"Feature","properties":{"name":"Z8-C13","zone":"Zone 8","locationConfidence":"indicative","placement":"from the NTKMA master KML"},"geometry":{"type":"Point","coordinates":[73.8648634936481,19.99906839012847]}},{"type":"Feature","properties":{"name":"Z8-C14","zone":"Zone 8","locationConfidence":"indicative","placement":"from the NTKMA master KML"},"geometry":{"type":"Point","coordinates":[73.86528569434688,19.99938688564239]}},{"type":"Feature","properties":{"name":"Z8-C15","zone":"Zone 8","locationConfidence":"indicative","placement":"from the NTKMA master KML"},"geometry":{"type":"Point","coordinates":[73.86538619791106,19.99968201054358]}},{"type":"Feature","properties":{"name":"Z8-C16","zone":"Zone 8","locationConfidence":"indicative","placement":"from the NTKMA master KML"},"geometry":{"type":"Point","coordinates":[73.8653410000246,19.99800459563719]}},{"type":"Feature","properties":{"name":"Z8-C17","zone":"Zone 8","locationConfidence":"indicative","placement":"from the NTKMA master KML"},"geometry":{"type":"Point","coordinates":[73.86536341354987,19.99962183439856]}},{"type":"Feature","properties":{"name":"Z8-C18","zone":"Zone 8","locationConfidence":"indicative","placement":"from the NTKMA master KML"},"geometry":{"type":"Point","coordinates":[73.86527943722707,19.99818735405634]}},{"type":"Feature","properties":{"name":"Z8-C19","zone":"Zone 8","locationConfidence":"indicative","placement":"from the NTKMA master KML"},"geometry":{"type":"Point","coordinates":[73.86442709361555,19.99809509638978]}},{"type":"Feature","properties":{"name":"Z8-C20","zone":"Zone 8","locationConfidence":"indicative","placement":"from the NTKMA master KML"},"geometry":{"type":"Point","coordinates":[73.86499097188695,19.9997241553919]}},{"type":"Feature","properties":{"name":"Z8-C21","zone":"Zone 8","locationConfidence":"indicative","placement":"from the NTKMA master KML"},"geometry":{"type":"Point","coordinates":[73.8645541503905,19.99932842978937]}},{"type":"Feature","properties":{"name":"Z8-C22","zone":"Zone 8","locationConfidence":"indicative","placement":"from the NTKMA master KML"},"geometry":{"type":"Point","coordinates":[73.8655790814013,19.99861264552078]}},{"type":"Feature","properties":{"name":"Z8-C23","zone":"Zone 8","locationConfidence":"indicative","placement":"from the NTKMA master KML"},"geometry":{"type":"Point","coordinates":[73.86527689926709,19.99957921218302]}},{"type":"Feature","properties":{"name":"Z8-C24","zone":"Zone 8","locationConfidence":"indicative","placement":"from the NTKMA master KML"},"geometry":{"type":"Point","coordinates":[73.86504153817015,19.99827354429616]}},{"type":"Feature","properties":{"name":"Z8-C25","zone":"Zone 8","locationConfidence":"indicative","placement":"from the NTKMA master KML"},"geometry":{"type":"Point","coordinates":[73.8644915019851,19.99826080370722]}},{"type":"Feature","properties":{"name":"Z8-C26","zone":"Zone 8","locationConfidence":"indicative","placement":"from the NTKMA master KML"},"geometry":{"type":"Point","coordinates":[73.86469429656508,19.99862207195692]}},{"type":"Feature","properties":{"name":"Z8-C27","zone":"Zone 8","locationConfidence":"indicative","placement":"from the NTKMA master KML"},"geometry":{"type":"Point","coordinates":[73.86509314176037,19.99975583455167]}},{"type":"Feature","properties":{"name":"Z8-C28","zone":"Zone 8","locationConfidence":"indicative","placement":"from the NTKMA master KML"},"geometry":{"type":"Point","coordinates":[73.86507901228725,19.99841824254943]}},{"type":"Feature","properties":{"name":"Z8-C29","zone":"Zone 8","locationConfidence":"indicative","placement":"from the NTKMA master KML"},"geometry":{"type":"Point","coordinates":[73.86417143481604,19.99913916848288]}},{"type":"Feature","properties":{"name":"Z8-C30","zone":"Zone 8","locationConfidence":"indicative","placement":"from the NTKMA master KML"},"geometry":{"type":"Point","coordinates":[73.86540334236372,19.99807228359242]}},{"type":"Feature","properties":{"name":"Z8-C31","zone":"Zone 8","locationConfidence":"indicative","placement":"from the NTKMA master KML"},"geometry":{"type":"Point","coordinates":[73.86547791987047,19.99961440532482]}},{"type":"Feature","properties":{"name":"Z8-C32","zone":"Zone 8","locationConfidence":"indicative","placement":"from the NTKMA master KML"},"geometry":{"type":"Point","coordinates":[73.86461568705282,19.99885700077736]}},{"type":"Feature","properties":{"name":"Z8-C33","zone":"Zone 8","locationConfidence":"indicative","placement":"from the NTKMA master KML"},"geometry":{"type":"Point","coordinates":[73.86565848677458,19.99852792410526]}},{"type":"Feature","properties":{"name":"Z8-C34","zone":"Zone 8","locationConfidence":"indicative","placement":"from the NTKMA master KML"},"geometry":{"type":"Point","coordinates":[73.8648246047952,19.99853760358916]}},{"type":"Feature","properties":{"name":"Z8-C35","zone":"Zone 8","locationConfidence":"indicative","placement":"from the NTKMA master KML"},"geometry":{"type":"Point","coordinates":[73.86501544377536,19.99834057617083]}},{"type":"Feature","properties":{"name":"Z8-C36","zone":"Zone 8","locationConfidence":"indicative","placement":"from the NTKMA master KML"},"geometry":{"type":"Point","coordinates":[73.86542160760483,19.99851950825917]}},{"type":"Feature","properties":{"name":"Z8-C37","zone":"Zone 8","locationConfidence":"indicative","placement":"from the NTKMA master KML"},"geometry":{"type":"Point","coordinates":[73.8652004679172,19.99883546424157]}},{"type":"Feature","properties":{"name":"Z8-C38","zone":"Zone 8","locationConfidence":"indicative","placement":"from the NTKMA master KML"},"geometry":{"type":"Point","coordinates":[73.86413695325909,19.99861523677815]}},{"type":"Feature","properties":{"name":"Z8-C39","zone":"Zone 8","locationConfidence":"indicative","placement":"from the NTKMA master KML"},"geometry":{"type":"Point","coordinates":[73.8644412844094,19.99809362506191]}},{"type":"Feature","properties":{"name":"Z8-C40","zone":"Zone 8","locationConfidence":"indicative","placement":"from the NTKMA master KML"},"geometry":{"type":"Point","coordinates":[73.86544330725437,19.99937005572464]}},{"type":"Feature","properties":{"name":"Z9-C1","zone":"Zone 9","locationConfidence":"indicative","placement":"from the NTKMA master KML"},"geometry":{"type":"Point","coordinates":[73.7182131053121,20.02857888186975]}},{"type":"Feature","properties":{"name":"Z9-C2","zone":"Zone 9","locationConfidence":"indicative","placement":"from the NTKMA master KML"},"geometry":{"type":"Point","coordinates":[73.71821811168533,20.02944219743389]}},{"type":"Feature","properties":{"name":"Z9-C3","zone":"Zone 9","locationConfidence":"indicative","placement":"from the NTKMA master KML"},"geometry":{"type":"Point","coordinates":[73.71789331707471,20.02861663958662]}},{"type":"Feature","properties":{"name":"Z9-C4","zone":"Zone 9","locationConfidence":"indicative","placement":"from the NTKMA master KML"},"geometry":{"type":"Point","coordinates":[73.71835133434439,20.02900675647336]}},{"type":"Feature","properties":{"name":"Z9-C5","zone":"Zone 9","locationConfidence":"indicative","placement":"from the NTKMA master KML"},"geometry":{"type":"Point","coordinates":[73.71805510041662,20.02848951635513]}},{"type":"Feature","properties":{"name":"Z9-C6","zone":"Zone 9","locationConfidence":"indicative","placement":"from the NTKMA master KML"},"geometry":{"type":"Point","coordinates":[73.71967337266955,20.02841939189233]}},{"type":"Feature","properties":{"name":"Z9-C7","zone":"Zone 9","locationConfidence":"indicative","placement":"from the NTKMA master KML"},"geometry":{"type":"Point","coordinates":[73.71796184264365,20.02860297670375]}},{"type":"Feature","properties":{"name":"Z9-C8","zone":"Zone 9","locationConfidence":"indicative","placement":"from the NTKMA master KML"},"geometry":{"type":"Point","coordinates":[73.71846070102438,20.02960407654815]}},{"type":"Feature","properties":{"name":"Z9-C9","zone":"Zone 9","locationConfidence":"indicative","placement":"from the NTKMA master KML"},"geometry":{"type":"Point","coordinates":[73.71886768604143,20.02886525777079]}},{"type":"Feature","properties":{"name":"Z9-C10","zone":"Zone 9","locationConfidence":"indicative","placement":"from the NTKMA master KML"},"geometry":{"type":"Point","coordinates":[73.71783565570792,20.02899750085115]}},{"type":"Feature","properties":{"name":"Z9-C11","zone":"Zone 9","locationConfidence":"indicative","placement":"from the NTKMA master KML"},"geometry":{"type":"Point","coordinates":[73.71839758405528,20.02877910160491]}},{"type":"Feature","properties":{"name":"Z9-C12","zone":"Zone 9","locationConfidence":"indicative","placement":"from the NTKMA master KML"},"geometry":{"type":"Point","coordinates":[73.71861136851493,20.02857109807088]}},{"type":"Feature","properties":{"name":"Z9-C13","zone":"Zone 9","locationConfidence":"indicative","placement":"from the NTKMA master KML"},"geometry":{"type":"Point","coordinates":[73.71822708293561,20.02942650733154]}},{"type":"Feature","properties":{"name":"Z9-C14","zone":"Zone 9","locationConfidence":"indicative","placement":"from the NTKMA master KML"},"geometry":{"type":"Point","coordinates":[73.71823675666927,20.02973796731986]}},{"type":"Feature","properties":{"name":"Z9-C15","zone":"Zone 9","locationConfidence":"indicative","placement":"from the NTKMA master KML"},"geometry":{"type":"Point","coordinates":[73.71879374635813,20.02905053827017]}},{"type":"Feature","properties":{"name":"Z9-C16","zone":"Zone 9","locationConfidence":"indicative","placement":"from the NTKMA master KML"},"geometry":{"type":"Point","coordinates":[73.71822983124534,20.02886035243947]}},{"type":"Feature","properties":{"name":"Z9-C17","zone":"Zone 9","locationConfidence":"indicative","placement":"from the NTKMA master KML"},"geometry":{"type":"Point","coordinates":[73.71785886505977,20.02898259080539]}},{"type":"Feature","properties":{"name":"Z9-C18","zone":"Zone 9","locationConfidence":"indicative","placement":"from the NTKMA master KML"},"geometry":{"type":"Point","coordinates":[73.7189417483517,20.02856700617705]}},{"type":"Feature","properties":{"name":"Z9-C19","zone":"Zone 9","locationConfidence":"indicative","placement":"from the NTKMA master KML"},"geometry":{"type":"Point","coordinates":[73.7186321909145,20.02938098639259]}},{"type":"Feature","properties":{"name":"Z9-C20","zone":"Zone 9","locationConfidence":"indicative","placement":"from the NTKMA master KML"},"geometry":{"type":"Point","coordinates":[73.71799563076712,20.0298409674513]}},{"type":"Feature","properties":{"name":"Z9-C21","zone":"Zone 9","locationConfidence":"indicative","placement":"from the NTKMA master KML"},"geometry":{"type":"Point","coordinates":[73.71867964006923,20.02890117586622]}},{"type":"Feature","properties":{"name":"Z9-C22","zone":"Zone 9","locationConfidence":"indicative","placement":"from the NTKMA master KML"},"geometry":{"type":"Point","coordinates":[73.71885809047167,20.02856920014305]}},{"type":"Feature","properties":{"name":"Z9-C23","zone":"Zone 9","locationConfidence":"indicative","placement":"from the NTKMA master KML"},"geometry":{"type":"Point","coordinates":[73.7180404599555,20.02917009092841]}},{"type":"Feature","properties":{"name":"Z9-C24","zone":"Zone 9","locationConfidence":"indicative","placement":"from the NTKMA master KML"},"geometry":{"type":"Point","coordinates":[73.71818294830389,20.02896695488274]}},{"type":"Feature","properties":{"name":"Z9-C25","zone":"Zone 9","locationConfidence":"indicative","placement":"from the NTKMA master KML"},"geometry":{"type":"Point","coordinates":[73.71825593080365,20.02963140594432]}},{"type":"Feature","properties":{"name":"Z9-C26","zone":"Zone 9","locationConfidence":"indicative","placement":"from the NTKMA master KML"},"geometry":{"type":"Point","coordinates":[73.71798050485629,20.02907519190425]}},{"type":"Feature","properties":{"name":"Z9-C27","zone":"Zone 9","locationConfidence":"indicative","placement":"from the NTKMA master KML"},"geometry":{"type":"Point","coordinates":[73.71782691130362,20.02977669890103]}},{"type":"Feature","properties":{"name":"Z9-C28","zone":"Zone 9","locationConfidence":"indicative","placement":"from the NTKMA master KML"},"geometry":{"type":"Point","coordinates":[73.71817455232109,20.02865811718062]}},{"type":"Feature","properties":{"name":"Z9-C29","zone":"Zone 9","locationConfidence":"indicative","placement":"from the NTKMA master KML"},"geometry":{"type":"Point","coordinates":[73.71804091783346,20.02939039186922]}},{"type":"Feature","properties":{"name":"Z9-C30","zone":"Zone 9","locationConfidence":"indicative","placement":"from the NTKMA master KML"},"geometry":{"type":"Point","coordinates":[73.71840174998222,20.02940024969013]}},{"type":"Feature","properties":{"name":"Z9-C31","zone":"Zone 9","locationConfidence":"indicative","placement":"from the NTKMA master KML"},"geometry":{"type":"Point","coordinates":[73.71780214454033,20.02894580518328]}},{"type":"Feature","properties":{"name":"Z9-C32","zone":"Zone 9","locationConfidence":"indicative","placement":"from the NTKMA master KML"},"geometry":{"type":"Point","coordinates":[73.7178853876201,20.0297654468161]}},{"type":"Feature","properties":{"name":"Z9-C33","zone":"Zone 9","locationConfidence":"indicative","placement":"from the NTKMA master KML"},"geometry":{"type":"Point","coordinates":[73.71878537502351,20.02888951503567]}},{"type":"Feature","properties":{"name":"Z9-C34","zone":"Zone 9","locationConfidence":"indicative","placement":"from the NTKMA master KML"},"geometry":{"type":"Point","coordinates":[73.71851234036758,20.02895126482886]}},{"type":"Feature","properties":{"name":"Z9-C35","zone":"Zone 9","locationConfidence":"indicative","placement":"from the NTKMA master KML"},"geometry":{"type":"Point","coordinates":[73.71906725252583,20.02892995433117]}},{"type":"Feature","properties":{"name":"Z9-C36","zone":"Zone 9","locationConfidence":"indicative","placement":"from the NTKMA master KML"},"geometry":{"type":"Point","coordinates":[73.71955452585563,20.02862601043624]}},{"type":"Feature","properties":{"name":"Z9-C37","zone":"Zone 9","locationConfidence":"indicative","placement":"from the NTKMA master KML"},"geometry":{"type":"Point","coordinates":[73.71841704660095,20.02914582530857]}},{"type":"Feature","properties":{"name":"Z9-C38","zone":"Zone 9","locationConfidence":"indicative","placement":"from the NTKMA master KML"},"geometry":{"type":"Point","coordinates":[73.7182174743726,20.02904766597549]}},{"type":"Feature","properties":{"name":"Z9-C39","zone":"Zone 9","locationConfidence":"indicative","placement":"from the NTKMA master KML"},"geometry":{"type":"Point","coordinates":[73.7187688073299,20.02928086207872]}},{"type":"Feature","properties":{"name":"Z9-C40","zone":"Zone 9","locationConfidence":"indicative","placement":"from the NTKMA master KML"},"geometry":{"type":"Point","coordinates":[73.71887080183188,20.02914226069916]}},{"type":"Feature","properties":{"name":"Z10-C1","zone":"Zone 10","locationConfidence":"indicative","placement":"from the NTKMA master KML"},"geometry":{"type":"Point","coordinates":[73.7560360039355,19.96185868282646]}},{"type":"Feature","properties":{"name":"Z10-C2","zone":"Zone 10","locationConfidence":"indicative","placement":"from the NTKMA master KML"},"geometry":{"type":"Point","coordinates":[73.75687421340622,19.96126656148915]}},{"type":"Feature","properties":{"name":"Z10-C3","zone":"Zone 10","locationConfidence":"indicative","placement":"from the NTKMA master KML"},"geometry":{"type":"Point","coordinates":[73.75543961225307,19.96103622551772]}},{"type":"Feature","properties":{"name":"Z10-C4","zone":"Zone 10","locationConfidence":"indicative","placement":"from the NTKMA master KML"},"geometry":{"type":"Point","coordinates":[73.75557762149342,19.96070842133265]}},{"type":"Feature","properties":{"name":"Z10-C5","zone":"Zone 10","locationConfidence":"indicative","placement":"from the NTKMA master KML"},"geometry":{"type":"Point","coordinates":[73.75656166471413,19.96069158831886]}},{"type":"Feature","properties":{"name":"Z10-C6","zone":"Zone 10","locationConfidence":"indicative","placement":"from the NTKMA master KML"},"geometry":{"type":"Point","coordinates":[73.7561447531038,19.96050722124831]}},{"type":"Feature","properties":{"name":"Z10-C7","zone":"Zone 10","locationConfidence":"indicative","placement":"from the NTKMA master KML"},"geometry":{"type":"Point","coordinates":[73.75780298105789,19.96125405327506]}},{"type":"Feature","properties":{"name":"Z10-C8","zone":"Zone 10","locationConfidence":"indicative","placement":"from the NTKMA master KML"},"geometry":{"type":"Point","coordinates":[73.75617193526156,19.96109857378396]}},{"type":"Feature","properties":{"name":"Z10-C9","zone":"Zone 10","locationConfidence":"indicative","placement":"from the NTKMA master KML"},"geometry":{"type":"Point","coordinates":[73.75740988536788,19.96143865428689]}},{"type":"Feature","properties":{"name":"Z10-C10","zone":"Zone 10","locationConfidence":"indicative","placement":"from the NTKMA master KML"},"geometry":{"type":"Point","coordinates":[73.75582297263996,19.96138676645431]}},{"type":"Feature","properties":{"name":"Z10-C11","zone":"Zone 10","locationConfidence":"indicative","placement":"from the NTKMA master KML"},"geometry":{"type":"Point","coordinates":[73.75636727324647,19.96195491753291]}},{"type":"Feature","properties":{"name":"Z10-C12","zone":"Zone 10","locationConfidence":"indicative","placement":"from the NTKMA master KML"},"geometry":{"type":"Point","coordinates":[73.75690115856004,19.9613582796698]}},{"type":"Feature","properties":{"name":"Z10-C13","zone":"Zone 10","locationConfidence":"indicative","placement":"from the NTKMA master KML"},"geometry":{"type":"Point","coordinates":[73.75741754712156,19.96067980184632]}},{"type":"Feature","properties":{"name":"Z10-C14","zone":"Zone 10","locationConfidence":"indicative","placement":"from the NTKMA master KML"},"geometry":{"type":"Point","coordinates":[73.75650776587676,19.96157142585731]}},{"type":"Feature","properties":{"name":"Z10-C15","zone":"Zone 10","locationConfidence":"indicative","placement":"from the NTKMA master KML"},"geometry":{"type":"Point","coordinates":[73.75726186959773,19.96076043377219]}},{"type":"Feature","properties":{"name":"Z10-C16","zone":"Zone 10","locationConfidence":"indicative","placement":"from the NTKMA master KML"},"geometry":{"type":"Point","coordinates":[73.75738576664709,19.96127555521606]}},{"type":"Feature","properties":{"name":"Z10-C17","zone":"Zone 10","locationConfidence":"indicative","placement":"from the NTKMA master KML"},"geometry":{"type":"Point","coordinates":[73.75752024078486,19.96121502193078]}},{"type":"Feature","properties":{"name":"Z10-C18","zone":"Zone 10","locationConfidence":"indicative","placement":"from the NTKMA master KML"},"geometry":{"type":"Point","coordinates":[73.75719248919282,19.96202119714806]}},{"type":"Feature","properties":{"name":"Z10-C19","zone":"Zone 10","locationConfidence":"indicative","placement":"from the NTKMA master KML"},"geometry":{"type":"Point","coordinates":[73.75674933600021,19.96181592475858]}},{"type":"Feature","properties":{"name":"Z10-C20","zone":"Zone 10","locationConfidence":"indicative","placement":"from the NTKMA master KML"},"geometry":{"type":"Point","coordinates":[73.75746005828196,19.96185204341296]}},{"type":"Feature","properties":{"name":"Z10-C21","zone":"Zone 10","locationConfidence":"indicative","placement":"from the NTKMA master KML"},"geometry":{"type":"Point","coordinates":[73.75571391053204,19.96097422819015]}},{"type":"Feature","properties":{"name":"Z10-C22","zone":"Zone 10","locationConfidence":"indicative","placement":"from the NTKMA master KML"},"geometry":{"type":"Point","coordinates":[73.75702371661961,19.96181745709524]}},{"type":"Feature","properties":{"name":"Z10-C23","zone":"Zone 10","locationConfidence":"indicative","placement":"from the NTKMA master KML"},"geometry":{"type":"Point","coordinates":[73.75649065463422,19.96100230758254]}},{"type":"Feature","properties":{"name":"Z10-C24","zone":"Zone 10","locationConfidence":"indicative","placement":"from the NTKMA master KML"},"geometry":{"type":"Point","coordinates":[73.7560281110012,19.96173676388113]}},{"type":"Feature","properties":{"name":"Z10-C25","zone":"Zone 10","locationConfidence":"indicative","placement":"from the NTKMA master KML"},"geometry":{"type":"Point","coordinates":[73.75721542321017,19.96172143030614]}},{"type":"Feature","properties":{"name":"Z10-C26","zone":"Zone 10","locationConfidence":"indicative","placement":"from the NTKMA master KML"},"geometry":{"type":"Point","coordinates":[73.75751419611872,19.96080807215846]}},{"type":"Feature","properties":{"name":"Z10-C27","zone":"Zone 10","locationConfidence":"indicative","placement":"from the NTKMA master KML"},"geometry":{"type":"Point","coordinates":[73.75750654637854,19.96075041051694]}},{"type":"Feature","properties":{"name":"Z10-C28","zone":"Zone 10","locationConfidence":"indicative","placement":"from the NTKMA master KML"},"geometry":{"type":"Point","coordinates":[73.7558812774651,19.96063696371887]}},{"type":"Feature","properties":{"name":"Z10-C29","zone":"Zone 10","locationConfidence":"indicative","placement":"from the NTKMA master KML"},"geometry":{"type":"Point","coordinates":[73.75628703245812,19.96151639960885]}},{"type":"Feature","properties":{"name":"Z10-C30","zone":"Zone 10","locationConfidence":"indicative","placement":"from the NTKMA master KML"},"geometry":{"type":"Point","coordinates":[73.75560573000124,19.96127597932859]}},{"type":"Feature","properties":{"name":"Z10-C31","zone":"Zone 10","locationConfidence":"indicative","placement":"from the NTKMA master KML"},"geometry":{"type":"Point","coordinates":[73.75604635689841,19.96148542928009]}},{"type":"Feature","properties":{"name":"Z10-C32","zone":"Zone 10","locationConfidence":"indicative","placement":"from the NTKMA master KML"},"geometry":{"type":"Point","coordinates":[73.75619641537611,19.96018418678953]}},{"type":"Feature","properties":{"name":"Z10-C33","zone":"Zone 10","locationConfidence":"indicative","placement":"from the NTKMA master KML"},"geometry":{"type":"Point","coordinates":[73.75773159526258,19.96126697616759]}},{"type":"Feature","properties":{"name":"Z10-C34","zone":"Zone 10","locationConfidence":"indicative","placement":"from the NTKMA master KML"},"geometry":{"type":"Point","coordinates":[73.75741092192132,19.9609426619967]}},{"type":"Feature","properties":{"name":"Z10-C35","zone":"Zone 10","locationConfidence":"indicative","placement":"from the NTKMA master KML"},"geometry":{"type":"Point","coordinates":[73.75716648866079,19.96172205600734]}},{"type":"Feature","properties":{"name":"Z10-C36","zone":"Zone 10","locationConfidence":"indicative","placement":"from the NTKMA master KML"},"geometry":{"type":"Point","coordinates":[73.75752671444167,19.9610234235773]}},{"type":"Feature","properties":{"name":"Z10-C37","zone":"Zone 10","locationConfidence":"indicative","placement":"from the NTKMA master KML"},"geometry":{"type":"Point","coordinates":[73.75642926083397,19.96026848792457]}},{"type":"Feature","properties":{"name":"Z10-C38","zone":"Zone 10","locationConfidence":"indicative","placement":"from the NTKMA master KML"},"geometry":{"type":"Point","coordinates":[73.75632258796914,19.96019836197637]}},{"type":"Feature","properties":{"name":"Z10-C39","zone":"Zone 10","locationConfidence":"indicative","placement":"from the NTKMA master KML"},"geometry":{"type":"Point","coordinates":[73.75585627603027,19.96082487345635]}},{"type":"Feature","properties":{"name":"Z10-C40","zone":"Zone 10","locationConfidence":"indicative","placement":"from the NTKMA master KML"},"geometry":{"type":"Point","coordinates":[73.75727600146381,19.96090911230863]}},{"type":"Feature","properties":{"name":"Z11-C1","zone":"Zone 11","locationConfidence":"indicative","placement":"from the NTKMA master KML"},"geometry":{"type":"Point","coordinates":[73.85000679709161,19.9501331025981]}},{"type":"Feature","properties":{"name":"Z11-C2","zone":"Zone 11","locationConfidence":"indicative","placement":"from the NTKMA master KML"},"geometry":{"type":"Point","coordinates":[73.84885535214673,19.95065270853649]}},{"type":"Feature","properties":{"name":"Z11-C3","zone":"Zone 11","locationConfidence":"indicative","placement":"from the NTKMA master KML"},"geometry":{"type":"Point","coordinates":[73.84979156490677,19.95023037430031]}},{"type":"Feature","properties":{"name":"Z11-C4","zone":"Zone 11","locationConfidence":"indicative","placement":"from the NTKMA master KML"},"geometry":{"type":"Point","coordinates":[73.84886018429386,19.95031759370583]}},{"type":"Feature","properties":{"name":"Z11-C5","zone":"Zone 11","locationConfidence":"indicative","placement":"from the NTKMA master KML"},"geometry":{"type":"Point","coordinates":[73.8488072814557,19.95112431766386]}},{"type":"Feature","properties":{"name":"Z11-C6","zone":"Zone 11","locationConfidence":"indicative","placement":"from the NTKMA master KML"},"geometry":{"type":"Point","coordinates":[73.84813048166947,19.9499086915928]}},{"type":"Feature","properties":{"name":"Z11-C7","zone":"Zone 11","locationConfidence":"indicative","placement":"from the NTKMA master KML"},"geometry":{"type":"Point","coordinates":[73.84939486790246,19.95098396207424]}},{"type":"Feature","properties":{"name":"Z11-C8","zone":"Zone 11","locationConfidence":"indicative","placement":"from the NTKMA master KML"},"geometry":{"type":"Point","coordinates":[73.8497887992812,19.94956572246169]}},{"type":"Feature","properties":{"name":"Z11-C9","zone":"Zone 11","locationConfidence":"indicative","placement":"from the NTKMA master KML"},"geometry":{"type":"Point","coordinates":[73.84951326792918,19.9507845735257]}},{"type":"Feature","properties":{"name":"Z11-C10","zone":"Zone 11","locationConfidence":"indicative","placement":"from the NTKMA master KML"},"geometry":{"type":"Point","coordinates":[73.84970683056278,19.95042272458452]}},{"type":"Feature","properties":{"name":"Z11-C11","zone":"Zone 11","locationConfidence":"indicative","placement":"from the NTKMA master KML"},"geometry":{"type":"Point","coordinates":[73.84979132324845,19.95131489200345]}},{"type":"Feature","properties":{"name":"Z11-C12","zone":"Zone 11","locationConfidence":"indicative","placement":"from the NTKMA master KML"},"geometry":{"type":"Point","coordinates":[73.84819251817252,19.9498589139793]}},{"type":"Feature","properties":{"name":"Z11-C13","zone":"Zone 11","locationConfidence":"indicative","placement":"from the NTKMA master KML"},"geometry":{"type":"Point","coordinates":[73.84977608066879,19.95096319417507]}},{"type":"Feature","properties":{"name":"Z11-C14","zone":"Zone 11","locationConfidence":"indicative","placement":"from the NTKMA master KML"},"geometry":{"type":"Point","coordinates":[73.84884685247596,19.95112457172867]}},{"type":"Feature","properties":{"name":"Z11-C15","zone":"Zone 11","locationConfidence":"indicative","placement":"from the NTKMA master KML"},"geometry":{"type":"Point","coordinates":[73.84890721492252,19.94962253171237]}},{"type":"Feature","properties":{"name":"Z11-C16","zone":"Zone 11","locationConfidence":"indicative","placement":"from the NTKMA master KML"},"geometry":{"type":"Point","coordinates":[73.84886391570281,19.94998141247839]}},{"type":"Feature","properties":{"name":"Z11-C17","zone":"Zone 11","locationConfidence":"indicative","placement":"from the NTKMA master KML"},"geometry":{"type":"Point","coordinates":[73.8497860696219,19.95081096543609]}},{"type":"Feature","properties":{"name":"Z11-C18","zone":"Zone 11","locationConfidence":"indicative","placement":"from the NTKMA master KML"},"geometry":{"type":"Point","coordinates":[73.84887617462127,19.95055789395964]}},{"type":"Feature","properties":{"name":"Z11-C19","zone":"Zone 11","locationConfidence":"indicative","placement":"from the NTKMA master KML"},"geometry":{"type":"Point","coordinates":[73.84953685351834,19.950630688416]}},{"type":"Feature","properties":{"name":"Z11-C20","zone":"Zone 11","locationConfidence":"indicative","placement":"from the NTKMA master KML"},"geometry":{"type":"Point","coordinates":[73.84979459681699,19.94973991364884]}},{"type":"Feature","properties":{"name":"Z11-C21","zone":"Zone 11","locationConfidence":"indicative","placement":"from the NTKMA master KML"},"geometry":{"type":"Point","coordinates":[73.84843272359109,19.9507119495897]}},{"type":"Feature","properties":{"name":"Z11-C22","zone":"Zone 11","locationConfidence":"indicative","placement":"from the NTKMA master KML"},"geometry":{"type":"Point","coordinates":[73.849634556557,19.95067418635346]}},{"type":"Feature","properties":{"name":"Z11-C23","zone":"Zone 11","locationConfidence":"indicative","placement":"from the NTKMA master KML"},"geometry":{"type":"Point","coordinates":[73.84884026813572,19.95143589971947]}},{"type":"Feature","properties":{"name":"Z11-C24","zone":"Zone 11","locationConfidence":"indicative","placement":"from the NTKMA master KML"},"geometry":{"type":"Point","coordinates":[73.8498696620907,19.950424881249]}},{"type":"Feature","properties":{"name":"Z11-C25","zone":"Zone 11","locationConfidence":"indicative","placement":"from the NTKMA master KML"},"geometry":{"type":"Point","coordinates":[73.84888963095683,19.95106359120806]}},{"type":"Feature","properties":{"name":"Z11-C26","zone":"Zone 11","locationConfidence":"indicative","placement":"from the NTKMA master KML"},"geometry":{"type":"Point","coordinates":[73.84786813791986,19.9499621113804]}},{"type":"Feature","properties":{"name":"Z11-C27","zone":"Zone 11","locationConfidence":"indicative","placement":"from the NTKMA master KML"},"geometry":{"type":"Point","coordinates":[73.84976923378255,19.94981323380973]}},{"type":"Feature","properties":{"name":"Z11-C28","zone":"Zone 11","locationConfidence":"indicative","placement":"from the NTKMA master KML"},"geometry":{"type":"Point","coordinates":[73.84985075251888,19.95046717273332]}},{"type":"Feature","properties":{"name":"Z11-C29","zone":"Zone 11","locationConfidence":"indicative","placement":"from the NTKMA master KML"},"geometry":{"type":"Point","coordinates":[73.84831781887618,19.95068344202084]}},{"type":"Feature","properties":{"name":"Z11-C30","zone":"Zone 11","locationConfidence":"indicative","placement":"from the NTKMA master KML"},"geometry":{"type":"Point","coordinates":[73.84937752674115,19.94958856348394]}},{"type":"Feature","properties":{"name":"Z11-C31","zone":"Zone 11","locationConfidence":"indicative","placement":"from the NTKMA master KML"},"geometry":{"type":"Point","coordinates":[73.84911922414577,19.95071680311617]}},{"type":"Feature","properties":{"name":"Z11-C32","zone":"Zone 11","locationConfidence":"indicative","placement":"from the NTKMA master KML"},"geometry":{"type":"Point","coordinates":[73.84961015959776,19.95094461397508]}},{"type":"Feature","properties":{"name":"Z11-C33","zone":"Zone 11","locationConfidence":"indicative","placement":"from the NTKMA master KML"},"geometry":{"type":"Point","coordinates":[73.84889791839586,19.95102442346886]}},{"type":"Feature","properties":{"name":"Z11-C34","zone":"Zone 11","locationConfidence":"indicative","placement":"from the NTKMA master KML"},"geometry":{"type":"Point","coordinates":[73.84901622356973,19.94979177433267]}},{"type":"Feature","properties":{"name":"Z11-C35","zone":"Zone 11","locationConfidence":"indicative","placement":"from the NTKMA master KML"},"geometry":{"type":"Point","coordinates":[73.84906587638761,19.95008108131733]}},{"type":"Feature","properties":{"name":"Z11-C36","zone":"Zone 11","locationConfidence":"indicative","placement":"from the NTKMA master KML"},"geometry":{"type":"Point","coordinates":[73.84884361297019,19.9509533507983]}},{"type":"Feature","properties":{"name":"Z11-C37","zone":"Zone 11","locationConfidence":"indicative","placement":"from the NTKMA master KML"},"geometry":{"type":"Point","coordinates":[73.84897432199571,19.95148798922143]}},{"type":"Feature","properties":{"name":"Z11-C38","zone":"Zone 11","locationConfidence":"indicative","placement":"from the NTKMA master KML"},"geometry":{"type":"Point","coordinates":[73.8489915415276,19.95008490402057]}},{"type":"Feature","properties":{"name":"Z11-C39","zone":"Zone 11","locationConfidence":"indicative","placement":"from the NTKMA master KML"},"geometry":{"type":"Point","coordinates":[73.85001945644221,19.94986769627413]}},{"type":"Feature","properties":{"name":"Z11-C40","zone":"Zone 11","locationConfidence":"indicative","placement":"from the NTKMA master KML"},"geometry":{"type":"Point","coordinates":[73.84894032547483,19.95036580782207]}},{"type":"Feature","properties":{"name":"Z12-C1","zone":"Zone 12","locationConfidence":"indicative","placement":"from the NTKMA master KML"},"geometry":{"type":"Point","coordinates":[73.80642199493286,20.07753382657422]}},{"type":"Feature","properties":{"name":"Z12-C2","zone":"Zone 12","locationConfidence":"indicative","placement":"from the NTKMA master KML"},"geometry":{"type":"Point","coordinates":[73.80733589270561,20.07537125732388]}},{"type":"Feature","properties":{"name":"Z12-C3","zone":"Zone 12","locationConfidence":"indicative","placement":"from the NTKMA master KML"},"geometry":{"type":"Point","coordinates":[73.80792831506693,20.07441724363601]}},{"type":"Feature","properties":{"name":"Z12-C4","zone":"Zone 12","locationConfidence":"indicative","placement":"from the NTKMA master KML"},"geometry":{"type":"Point","coordinates":[73.80890057784018,20.07708372516849]}},{"type":"Feature","properties":{"name":"Z12-C5","zone":"Zone 12","locationConfidence":"indicative","placement":"from the NTKMA master KML"},"geometry":{"type":"Point","coordinates":[73.80644748604335,20.07433896789771]}},{"type":"Feature","properties":{"name":"Z12-C6","zone":"Zone 12","locationConfidence":"indicative","placement":"from the NTKMA master KML"},"geometry":{"type":"Point","coordinates":[73.80622645978869,20.07724341066519]}},{"type":"Feature","properties":{"name":"Z12-C7","zone":"Zone 12","locationConfidence":"indicative","placement":"from the NTKMA master KML"},"geometry":{"type":"Point","coordinates":[73.80679757795772,20.07535503163897]}},{"type":"Feature","properties":{"name":"Z12-C8","zone":"Zone 12","locationConfidence":"indicative","placement":"from the NTKMA master KML"},"geometry":{"type":"Point","coordinates":[73.80646475035263,20.07392063864024]}},{"type":"Feature","properties":{"name":"Z12-C9","zone":"Zone 12","locationConfidence":"indicative","placement":"from the NTKMA master KML"},"geometry":{"type":"Point","coordinates":[73.80697737472164,20.07408532310402]}},{"type":"Feature","properties":{"name":"Z12-C10","zone":"Zone 12","locationConfidence":"indicative","placement":"from the NTKMA master KML"},"geometry":{"type":"Point","coordinates":[73.8102706362662,20.07649082170039]}},{"type":"Feature","properties":{"name":"Z12-C11","zone":"Zone 12","locationConfidence":"indicative","placement":"from the NTKMA master KML"},"geometry":{"type":"Point","coordinates":[73.80688530130071,20.07440125604993]}},{"type":"Feature","properties":{"name":"Z12-C12","zone":"Zone 12","locationConfidence":"indicative","placement":"from the NTKMA master KML"},"geometry":{"type":"Point","coordinates":[73.80861468144533,20.07324461215164]}},{"type":"Feature","properties":{"name":"Z12-C13","zone":"Zone 12","locationConfidence":"indicative","placement":"from the NTKMA master KML"},"geometry":{"type":"Point","coordinates":[73.80950574749525,20.0772843636294]}},{"type":"Feature","properties":{"name":"Z12-C14","zone":"Zone 12","locationConfidence":"indicative","placement":"from the NTKMA master KML"},"geometry":{"type":"Point","coordinates":[73.81034031803284,20.07653998304738]}},{"type":"Feature","properties":{"name":"Z12-C15","zone":"Zone 12","locationConfidence":"indicative","placement":"from the NTKMA master KML"},"geometry":{"type":"Point","coordinates":[73.80788867930124,20.07597014974971]}},{"type":"Feature","properties":{"name":"Z12-C16","zone":"Zone 12","locationConfidence":"indicative","placement":"from the NTKMA master KML"},"geometry":{"type":"Point","coordinates":[73.80762636785995,20.07318189762843]}},{"type":"Feature","properties":{"name":"Z12-C17","zone":"Zone 12","locationConfidence":"indicative","placement":"from the NTKMA master KML"},"geometry":{"type":"Point","coordinates":[73.8083267366988,20.07685891368607]}},{"type":"Feature","properties":{"name":"Z12-C18","zone":"Zone 12","locationConfidence":"indicative","placement":"from the NTKMA master KML"},"geometry":{"type":"Point","coordinates":[73.80886800435876,20.07698062693197]}},{"type":"Feature","properties":{"name":"Z12-C19","zone":"Zone 12","locationConfidence":"indicative","placement":"from the NTKMA master KML"},"geometry":{"type":"Point","coordinates":[73.80877241586225,20.07722562431501]}},{"type":"Feature","properties":{"name":"Z12-C20","zone":"Zone 12","locationConfidence":"indicative","placement":"from the NTKMA master KML"},"geometry":{"type":"Point","coordinates":[73.80801299600883,20.07265987667178]}},{"type":"Feature","properties":{"name":"Z12-C21","zone":"Zone 12","locationConfidence":"indicative","placement":"from the NTKMA master KML"},"geometry":{"type":"Point","coordinates":[73.8067129667625,20.07707910500211]}},{"type":"Feature","properties":{"name":"Z12-C22","zone":"Zone 12","locationConfidence":"indicative","placement":"from the NTKMA master KML"},"geometry":{"type":"Point","coordinates":[73.80569563618053,20.07668721708013]}},{"type":"Feature","properties":{"name":"Z12-C23","zone":"Zone 12","locationConfidence":"indicative","placement":"from the NTKMA master KML"},"geometry":{"type":"Point","coordinates":[73.80637418575418,20.07554187020444]}},{"type":"Feature","properties":{"name":"Z12-C24","zone":"Zone 12","locationConfidence":"indicative","placement":"from the NTKMA master KML"},"geometry":{"type":"Point","coordinates":[73.80828404379503,20.07546274132934]}},{"type":"Feature","properties":{"name":"Z12-C25","zone":"Zone 12","locationConfidence":"indicative","placement":"from the NTKMA master KML"},"geometry":{"type":"Point","coordinates":[73.80720321420137,20.07259258087686]}},{"type":"Feature","properties":{"name":"Z12-C26","zone":"Zone 12","locationConfidence":"indicative","placement":"from the NTKMA master KML"},"geometry":{"type":"Point","coordinates":[73.81082329931246,20.07633412652732]}},{"type":"Feature","properties":{"name":"Z12-C27","zone":"Zone 12","locationConfidence":"indicative","placement":"from the NTKMA master KML"},"geometry":{"type":"Point","coordinates":[73.80749551972906,20.07565183592549]}},{"type":"Feature","properties":{"name":"Z12-C28","zone":"Zone 12","locationConfidence":"indicative","placement":"from the NTKMA master KML"},"geometry":{"type":"Point","coordinates":[73.80871357236519,20.07517321306189]}},{"type":"Feature","properties":{"name":"Z12-C29","zone":"Zone 12","locationConfidence":"indicative","placement":"from the NTKMA master KML"},"geometry":{"type":"Point","coordinates":[73.80837933950706,20.07379120671815]}},{"type":"Feature","properties":{"name":"Z12-C30","zone":"Zone 12","locationConfidence":"indicative","placement":"from the NTKMA master KML"},"geometry":{"type":"Point","coordinates":[73.80713245901674,20.07234272230789]}},{"type":"Feature","properties":{"name":"Z12-C31","zone":"Zone 12","locationConfidence":"indicative","placement":"from the NTKMA master KML"},"geometry":{"type":"Point","coordinates":[73.80854573523175,20.07445949312485]}},{"type":"Feature","properties":{"name":"Z12-C32","zone":"Zone 12","locationConfidence":"indicative","placement":"from the NTKMA master KML"},"geometry":{"type":"Point","coordinates":[73.80856069494162,20.07558112302279]}},{"type":"Feature","properties":{"name":"Z12-C33","zone":"Zone 12","locationConfidence":"indicative","placement":"from the NTKMA master KML"},"geometry":{"type":"Point","coordinates":[73.8073151065754,20.07707606898168]}},{"type":"Feature","properties":{"name":"Z12-C34","zone":"Zone 12","locationConfidence":"indicative","placement":"from the NTKMA master KML"},"geometry":{"type":"Point","coordinates":[73.80620138644592,20.07422256173695]}},{"type":"Feature","properties":{"name":"Z12-C35","zone":"Zone 12","locationConfidence":"indicative","placement":"from the NTKMA master KML"},"geometry":{"type":"Point","coordinates":[73.8064930545788,20.07481975632678]}},{"type":"Feature","properties":{"name":"Z12-C36","zone":"Zone 12","locationConfidence":"indicative","placement":"from the NTKMA master KML"},"geometry":{"type":"Point","coordinates":[73.80950340247804,20.07587633227985]}},{"type":"Feature","properties":{"name":"Z12-C37","zone":"Zone 12","locationConfidence":"indicative","placement":"from the NTKMA master KML"},"geometry":{"type":"Point","coordinates":[73.80749720509498,20.07537288459124]}},{"type":"Feature","properties":{"name":"Z12-C38","zone":"Zone 12","locationConfidence":"indicative","placement":"from the NTKMA master KML"},"geometry":{"type":"Point","coordinates":[73.80665311540622,20.07544319580283]}},{"type":"Feature","properties":{"name":"Z12-C39","zone":"Zone 12","locationConfidence":"indicative","placement":"from the NTKMA master KML"},"geometry":{"type":"Point","coordinates":[73.80967264863452,20.07642780388382]}},{"type":"Feature","properties":{"name":"Z12-C40","zone":"Zone 12","locationConfidence":"indicative","placement":"from the NTKMA master KML"},"geometry":{"type":"Point","coordinates":[73.80828062122663,20.0738796871146]}},{"type":"Feature","properties":{"name":"Z13-C1","zone":"Zone 13","locationConfidence":"indicative","placement":"from the NTKMA master KML"},"geometry":{"type":"Point","coordinates":[73.7810194424995,20.0835683276762]}},{"type":"Feature","properties":{"name":"Z13-C2","zone":"Zone 13","locationConfidence":"indicative","placement":"from the NTKMA master KML"},"geometry":{"type":"Point","coordinates":[73.78123006513124,20.08385506326019]}},{"type":"Feature","properties":{"name":"Z13-C3","zone":"Zone 13","locationConfidence":"indicative","placement":"from the NTKMA master KML"},"geometry":{"type":"Point","coordinates":[73.78138622508773,20.08385583305137]}},{"type":"Feature","properties":{"name":"Z13-C4","zone":"Zone 13","locationConfidence":"indicative","placement":"from the NTKMA master KML"},"geometry":{"type":"Point","coordinates":[73.78184717912295,20.08458716523914]}},{"type":"Feature","properties":{"name":"Z13-C5","zone":"Zone 13","locationConfidence":"indicative","placement":"from the NTKMA master KML"},"geometry":{"type":"Point","coordinates":[73.78077767326089,20.08398203843655]}},{"type":"Feature","properties":{"name":"Z13-C6","zone":"Zone 13","locationConfidence":"indicative","placement":"from the NTKMA master KML"},"geometry":{"type":"Point","coordinates":[73.7821349160044,20.08442769019488]}},{"type":"Feature","properties":{"name":"Z13-C7","zone":"Zone 13","locationConfidence":"indicative","placement":"from the NTKMA master KML"},"geometry":{"type":"Point","coordinates":[73.78329065013968,20.08388721445609]}},{"type":"Feature","properties":{"name":"Z13-C8","zone":"Zone 13","locationConfidence":"indicative","placement":"from the NTKMA master KML"},"geometry":{"type":"Point","coordinates":[73.78322789417219,20.08437900564576]}},{"type":"Feature","properties":{"name":"Z13-C9","zone":"Zone 13","locationConfidence":"indicative","placement":"from the NTKMA master KML"},"geometry":{"type":"Point","coordinates":[73.78299642272891,20.08477295938183]}},{"type":"Feature","properties":{"name":"Z13-C10","zone":"Zone 13","locationConfidence":"indicative","placement":"from the NTKMA master KML"},"geometry":{"type":"Point","coordinates":[73.78260771123297,20.08459240942197]}},{"type":"Feature","properties":{"name":"Z13-C11","zone":"Zone 13","locationConfidence":"indicative","placement":"from the NTKMA master KML"},"geometry":{"type":"Point","coordinates":[73.78324544627907,20.08460052596385]}},{"type":"Feature","properties":{"name":"Z13-C12","zone":"Zone 13","locationConfidence":"indicative","placement":"from the NTKMA master KML"},"geometry":{"type":"Point","coordinates":[73.781854166537,20.08392415329248]}},{"type":"Feature","properties":{"name":"Z13-C13","zone":"Zone 13","locationConfidence":"indicative","placement":"from the NTKMA master KML"},"geometry":{"type":"Point","coordinates":[73.7828645256413,20.08394755275528]}},{"type":"Feature","properties":{"name":"Z13-C14","zone":"Zone 13","locationConfidence":"indicative","placement":"from the NTKMA master KML"},"geometry":{"type":"Point","coordinates":[73.78282160123727,20.08393964121156]}},{"type":"Feature","properties":{"name":"Z13-C15","zone":"Zone 13","locationConfidence":"indicative","placement":"from the NTKMA master KML"},"geometry":{"type":"Point","coordinates":[73.78245822120158,20.08466205783582]}},{"type":"Feature","properties":{"name":"Z13-C16","zone":"Zone 13","locationConfidence":"indicative","placement":"from the NTKMA master KML"},"geometry":{"type":"Point","coordinates":[73.78259612365605,20.08463650719581]}},{"type":"Feature","properties":{"name":"Z13-C17","zone":"Zone 13","locationConfidence":"indicative","placement":"from the NTKMA master KML"},"geometry":{"type":"Point","coordinates":[73.78116063277099,20.08460430451354]}},{"type":"Feature","properties":{"name":"Z13-C18","zone":"Zone 13","locationConfidence":"indicative","placement":"from the NTKMA master KML"},"geometry":{"type":"Point","coordinates":[73.78180529634065,20.08457543646852]}},{"type":"Feature","properties":{"name":"Z13-C19","zone":"Zone 13","locationConfidence":"indicative","placement":"from the NTKMA master KML"},"geometry":{"type":"Point","coordinates":[73.78153108400907,20.08431084045347]}},{"type":"Feature","properties":{"name":"Z13-C20","zone":"Zone 13","locationConfidence":"indicative","placement":"from the NTKMA master KML"},"geometry":{"type":"Point","coordinates":[73.78210910236476,20.08372914912245]}},{"type":"Feature","properties":{"name":"Z13-C21","zone":"Zone 13","locationConfidence":"indicative","placement":"from the NTKMA master KML"},"geometry":{"type":"Point","coordinates":[73.78363282974681,20.08397967473508]}},{"type":"Feature","properties":{"name":"Z13-C22","zone":"Zone 13","locationConfidence":"indicative","placement":"from the NTKMA master KML"},"geometry":{"type":"Point","coordinates":[73.78351249944565,20.08439807634441]}},{"type":"Feature","properties":{"name":"Z13-C23","zone":"Zone 13","locationConfidence":"indicative","placement":"from the NTKMA master KML"},"geometry":{"type":"Point","coordinates":[73.78127978692227,20.08463886002496]}},{"type":"Feature","properties":{"name":"Z13-C24","zone":"Zone 13","locationConfidence":"indicative","placement":"from the NTKMA master KML"},"geometry":{"type":"Point","coordinates":[73.7817766287785,20.0843121138024]}},{"type":"Feature","properties":{"name":"Z13-C25","zone":"Zone 13","locationConfidence":"indicative","placement":"from the NTKMA master KML"},"geometry":{"type":"Point","coordinates":[73.78344699402327,20.08436892518212]}},{"type":"Feature","properties":{"name":"Z13-C26","zone":"Zone 13","locationConfidence":"indicative","placement":"from the NTKMA master KML"},"geometry":{"type":"Point","coordinates":[73.78156905703675,20.08468078462097]}},{"type":"Feature","properties":{"name":"Z13-C27","zone":"Zone 13","locationConfidence":"indicative","placement":"from the NTKMA master KML"},"geometry":{"type":"Point","coordinates":[73.78427008059887,20.08420699384469]}},{"type":"Feature","properties":{"name":"Z13-C28","zone":"Zone 13","locationConfidence":"indicative","placement":"from the NTKMA master KML"},"geometry":{"type":"Point","coordinates":[73.78256838974389,20.08387903849071]}},{"type":"Feature","properties":{"name":"Z13-C29","zone":"Zone 13","locationConfidence":"indicative","placement":"from the NTKMA master KML"},"geometry":{"type":"Point","coordinates":[73.78292904316464,20.08483001137326]}},{"type":"Feature","properties":{"name":"Z13-C30","zone":"Zone 13","locationConfidence":"indicative","placement":"from the NTKMA master KML"},"geometry":{"type":"Point","coordinates":[73.78250768118,20.08412251262221]}},{"type":"Feature","properties":{"name":"Z13-C31","zone":"Zone 13","locationConfidence":"indicative","placement":"from the NTKMA master KML"},"geometry":{"type":"Point","coordinates":[73.78183106980808,20.08453431697217]}},{"type":"Feature","properties":{"name":"Z13-C32","zone":"Zone 13","locationConfidence":"indicative","placement":"from the NTKMA master KML"},"geometry":{"type":"Point","coordinates":[73.78274259598375,20.08386362780794]}},{"type":"Feature","properties":{"name":"Z13-C33","zone":"Zone 13","locationConfidence":"indicative","placement":"from the NTKMA master KML"},"geometry":{"type":"Point","coordinates":[73.7834785079172,20.08448092750643]}},{"type":"Feature","properties":{"name":"Z13-C34","zone":"Zone 13","locationConfidence":"indicative","placement":"from the NTKMA master KML"},"geometry":{"type":"Point","coordinates":[73.78107177835159,20.084140056965]}},{"type":"Feature","properties":{"name":"Z13-C35","zone":"Zone 13","locationConfidence":"indicative","placement":"from the NTKMA master KML"},"geometry":{"type":"Point","coordinates":[73.78233400056263,20.08375369202838]}},{"type":"Feature","properties":{"name":"Z13-C36","zone":"Zone 13","locationConfidence":"indicative","placement":"from the NTKMA master KML"},"geometry":{"type":"Point","coordinates":[73.78121195166752,20.08424213058318]}},{"type":"Feature","properties":{"name":"Z13-C37","zone":"Zone 13","locationConfidence":"indicative","placement":"from the NTKMA master KML"},"geometry":{"type":"Point","coordinates":[73.78257622867626,20.08474250103402]}},{"type":"Feature","properties":{"name":"Z13-C38","zone":"Zone 13","locationConfidence":"indicative","placement":"from the NTKMA master KML"},"geometry":{"type":"Point","coordinates":[73.78302617534959,20.08429266602353]}},{"type":"Feature","properties":{"name":"Z13-C39","zone":"Zone 13","locationConfidence":"indicative","placement":"from the NTKMA master KML"},"geometry":{"type":"Point","coordinates":[73.78098294974741,20.08397442235898]}},{"type":"Feature","properties":{"name":"Z13-C40","zone":"Zone 13","locationConfidence":"indicative","placement":"from the NTKMA master KML"},"geometry":{"type":"Point","coordinates":[73.7810243868453,20.08419069441705]}},{"type":"Feature","properties":{"name":"Z14-C1","zone":"Zone 14","locationConfidence":"indicative","placement":"from the NTKMA master KML"},"geometry":{"type":"Point","coordinates":[73.71942025962389,20.02690465736626]}},{"type":"Feature","properties":{"name":"Z14-C2","zone":"Zone 14","locationConfidence":"indicative","placement":"from the NTKMA master KML"},"geometry":{"type":"Point","coordinates":[73.71881043398014,20.02727000720689]}},{"type":"Feature","properties":{"name":"Z14-C3","zone":"Zone 14","locationConfidence":"indicative","placement":"from the NTKMA master KML"},"geometry":{"type":"Point","coordinates":[73.71952561566958,20.0272617758209]}},{"type":"Feature","properties":{"name":"Z14-C4","zone":"Zone 14","locationConfidence":"indicative","placement":"from the NTKMA master KML"},"geometry":{"type":"Point","coordinates":[73.71864314701571,20.0274838831915]}},{"type":"Feature","properties":{"name":"Z14-C5","zone":"Zone 14","locationConfidence":"indicative","placement":"from the NTKMA master KML"},"geometry":{"type":"Point","coordinates":[73.71938054801207,20.02808839230167]}},{"type":"Feature","properties":{"name":"Z14-C6","zone":"Zone 14","locationConfidence":"indicative","placement":"from the NTKMA master KML"},"geometry":{"type":"Point","coordinates":[73.71938757582909,20.02668426134311]}},{"type":"Feature","properties":{"name":"Z14-C7","zone":"Zone 14","locationConfidence":"indicative","placement":"from the NTKMA master KML"},"geometry":{"type":"Point","coordinates":[73.71930437215804,20.02653368767067]}},{"type":"Feature","properties":{"name":"Z14-C8","zone":"Zone 14","locationConfidence":"indicative","placement":"from the NTKMA master KML"},"geometry":{"type":"Point","coordinates":[73.71958942748492,20.02622591946307]}},{"type":"Feature","properties":{"name":"Z14-C9","zone":"Zone 14","locationConfidence":"indicative","placement":"from the NTKMA master KML"},"geometry":{"type":"Point","coordinates":[73.71846906411584,20.02763364856898]}},{"type":"Feature","properties":{"name":"Z14-C10","zone":"Zone 14","locationConfidence":"indicative","placement":"from the NTKMA master KML"},"geometry":{"type":"Point","coordinates":[73.71876130961785,20.02771078862337]}},{"type":"Feature","properties":{"name":"Z14-C11","zone":"Zone 14","locationConfidence":"indicative","placement":"from the NTKMA master KML"},"geometry":{"type":"Point","coordinates":[73.71917561381315,20.02835797540661]}},{"type":"Feature","properties":{"name":"Z14-C12","zone":"Zone 14","locationConfidence":"indicative","placement":"from the NTKMA master KML"},"geometry":{"type":"Point","coordinates":[73.71905385268147,20.02742281403729]}},{"type":"Feature","properties":{"name":"Z14-C13","zone":"Zone 14","locationConfidence":"indicative","placement":"from the NTKMA master KML"},"geometry":{"type":"Point","coordinates":[73.71858154324853,20.0278448437711]}},{"type":"Feature","properties":{"name":"Z14-C14","zone":"Zone 14","locationConfidence":"indicative","placement":"from the NTKMA master KML"},"geometry":{"type":"Point","coordinates":[73.71964281553198,20.02780066292361]}},{"type":"Feature","properties":{"name":"Z14-C15","zone":"Zone 14","locationConfidence":"indicative","placement":"from the NTKMA master KML"},"geometry":{"type":"Point","coordinates":[73.71886507967946,20.02849015792801]}},{"type":"Feature","properties":{"name":"Z14-C16","zone":"Zone 14","locationConfidence":"indicative","placement":"from the NTKMA master KML"},"geometry":{"type":"Point","coordinates":[73.71858332092404,20.02745964641966]}},{"type":"Feature","properties":{"name":"Z14-C17","zone":"Zone 14","locationConfidence":"indicative","placement":"from the NTKMA master KML"},"geometry":{"type":"Point","coordinates":[73.71924119360617,20.02774524833124]}},{"type":"Feature","properties":{"name":"Z14-C18","zone":"Zone 14","locationConfidence":"indicative","placement":"from the NTKMA master KML"},"geometry":{"type":"Point","coordinates":[73.71943112684235,20.02745171057209]}},{"type":"Feature","properties":{"name":"Z14-C19","zone":"Zone 14","locationConfidence":"indicative","placement":"from the NTKMA master KML"},"geometry":{"type":"Point","coordinates":[73.71974318503874,20.02760150953156]}},{"type":"Feature","properties":{"name":"Z14-C20","zone":"Zone 14","locationConfidence":"indicative","placement":"from the NTKMA master KML"},"geometry":{"type":"Point","coordinates":[73.71921139337427,20.02828025189255]}},{"type":"Feature","properties":{"name":"Z14-C21","zone":"Zone 14","locationConfidence":"indicative","placement":"from the NTKMA master KML"},"geometry":{"type":"Point","coordinates":[73.71910672484508,20.02756399214448]}},{"type":"Feature","properties":{"name":"Z14-C22","zone":"Zone 14","locationConfidence":"indicative","placement":"from the NTKMA master KML"},"geometry":{"type":"Point","coordinates":[73.719609495956,20.0268405119087]}},{"type":"Feature","properties":{"name":"Z14-C23","zone":"Zone 14","locationConfidence":"indicative","placement":"from the NTKMA master KML"},"geometry":{"type":"Point","coordinates":[73.71838306928808,20.02750918384871]}},{"type":"Feature","properties":{"name":"Z14-C24","zone":"Zone 14","locationConfidence":"indicative","placement":"from the NTKMA master KML"},"geometry":{"type":"Point","coordinates":[73.71951486090286,20.02762085405059]}},{"type":"Feature","properties":{"name":"Z14-C25","zone":"Zone 14","locationConfidence":"indicative","placement":"from the NTKMA master KML"},"geometry":{"type":"Point","coordinates":[73.71851697828795,20.0276549925103]}},{"type":"Feature","properties":{"name":"Z14-C26","zone":"Zone 14","locationConfidence":"indicative","placement":"from the NTKMA master KML"},"geometry":{"type":"Point","coordinates":[73.71969540079927,20.02762534760335]}},{"type":"Feature","properties":{"name":"Z14-C27","zone":"Zone 14","locationConfidence":"indicative","placement":"from the NTKMA master KML"},"geometry":{"type":"Point","coordinates":[73.7193929572566,20.02776114772866]}},{"type":"Feature","properties":{"name":"Z14-C28","zone":"Zone 14","locationConfidence":"indicative","placement":"from the NTKMA master KML"},"geometry":{"type":"Point","coordinates":[73.71964432301485,20.0269524451848]}},{"type":"Feature","properties":{"name":"Z14-C29","zone":"Zone 14","locationConfidence":"indicative","placement":"from the NTKMA master KML"},"geometry":{"type":"Point","coordinates":[73.7188926900988,20.02728635782406]}},{"type":"Feature","properties":{"name":"Z14-C30","zone":"Zone 14","locationConfidence":"indicative","placement":"from the NTKMA master KML"},"geometry":{"type":"Point","coordinates":[73.71856682038045,20.02750944878011]}},{"type":"Feature","properties":{"name":"Z14-C31","zone":"Zone 14","locationConfidence":"indicative","placement":"from the NTKMA master KML"},"geometry":{"type":"Point","coordinates":[73.7195345689287,20.02685518071655]}},{"type":"Feature","properties":{"name":"Z14-C32","zone":"Zone 14","locationConfidence":"indicative","placement":"from the NTKMA master KML"},"geometry":{"type":"Point","coordinates":[73.71852224134186,20.02830619486048]}},{"type":"Feature","properties":{"name":"Z14-C33","zone":"Zone 14","locationConfidence":"indicative","placement":"from the NTKMA master KML"},"geometry":{"type":"Point","coordinates":[73.71930670109266,20.02696716766015]}},{"type":"Feature","properties":{"name":"Z14-C34","zone":"Zone 14","locationConfidence":"indicative","placement":"from the NTKMA master KML"},"geometry":{"type":"Point","coordinates":[73.71931832679162,20.02736759357241]}},{"type":"Feature","properties":{"name":"Z14-C35","zone":"Zone 14","locationConfidence":"indicative","placement":"from the NTKMA master KML"},"geometry":{"type":"Point","coordinates":[73.71871810930105,20.0270755246568]}},{"type":"Feature","properties":{"name":"Z14-C36","zone":"Zone 14","locationConfidence":"indicative","placement":"from the NTKMA master KML"},"geometry":{"type":"Point","coordinates":[73.7194020066999,20.02742965767717]}},{"type":"Feature","properties":{"name":"Z14-C37","zone":"Zone 14","locationConfidence":"indicative","placement":"from the NTKMA master KML"},"geometry":{"type":"Point","coordinates":[73.71903502878797,20.02707725766555]}},{"type":"Feature","properties":{"name":"Z14-C38","zone":"Zone 14","locationConfidence":"indicative","placement":"from the NTKMA master KML"},"geometry":{"type":"Point","coordinates":[73.71813482813441,20.02767785243813]}},{"type":"Feature","properties":{"name":"Z14-C39","zone":"Zone 14","locationConfidence":"indicative","placement":"from the NTKMA master KML"},"geometry":{"type":"Point","coordinates":[73.71930809107968,20.02719018442103]}},{"type":"Feature","properties":{"name":"Z14-C40","zone":"Zone 14","locationConfidence":"indicative","placement":"from the NTKMA master KML"},"geometry":{"type":"Point","coordinates":[73.71860301890499,20.02788259271876]}},{"type":"Feature","properties":{"name":"Z15-C1","zone":"Zone 15","locationConfidence":"indicative","placement":"from the NTKMA master KML"},"geometry":{"type":"Point","coordinates":[73.84300610383805,19.93959917215918]}},{"type":"Feature","properties":{"name":"Z15-C2","zone":"Zone 15","locationConfidence":"indicative","placement":"from the NTKMA master KML"},"geometry":{"type":"Point","coordinates":[73.84423899193311,19.94294989526708]}},{"type":"Feature","properties":{"name":"Z15-C3","zone":"Zone 15","locationConfidence":"indicative","placement":"from the NTKMA master KML"},"geometry":{"type":"Point","coordinates":[73.84291819735323,19.94313813415028]}},{"type":"Feature","properties":{"name":"Z15-C4","zone":"Zone 15","locationConfidence":"indicative","placement":"from the NTKMA master KML"},"geometry":{"type":"Point","coordinates":[73.84334544923892,19.94021503780335]}},{"type":"Feature","properties":{"name":"Z15-C5","zone":"Zone 15","locationConfidence":"indicative","placement":"from the NTKMA master KML"},"geometry":{"type":"Point","coordinates":[73.84386461036075,19.94234394504078]}},{"type":"Feature","properties":{"name":"Z15-C6","zone":"Zone 15","locationConfidence":"indicative","placement":"from the NTKMA master KML"},"geometry":{"type":"Point","coordinates":[73.84288822961102,19.94188849564322]}},{"type":"Feature","properties":{"name":"Z15-C7","zone":"Zone 15","locationConfidence":"indicative","placement":"from the NTKMA master KML"},"geometry":{"type":"Point","coordinates":[73.84428324815805,19.94289157728183]}},{"type":"Feature","properties":{"name":"Z15-C8","zone":"Zone 15","locationConfidence":"indicative","placement":"from the NTKMA master KML"},"geometry":{"type":"Point","coordinates":[73.84399175706874,19.9403959379196]}},{"type":"Feature","properties":{"name":"Z15-C9","zone":"Zone 15","locationConfidence":"indicative","placement":"from the NTKMA master KML"},"geometry":{"type":"Point","coordinates":[73.84359480453989,19.9395541618312]}},{"type":"Feature","properties":{"name":"Z15-C10","zone":"Zone 15","locationConfidence":"indicative","placement":"from the NTKMA master KML"},"geometry":{"type":"Point","coordinates":[73.84390341045226,19.94072409331667]}},{"type":"Feature","properties":{"name":"Z15-C11","zone":"Zone 15","locationConfidence":"indicative","placement":"from the NTKMA master KML"},"geometry":{"type":"Point","coordinates":[73.84342347010383,19.94148035583868]}},{"type":"Feature","properties":{"name":"Z15-C12","zone":"Zone 15","locationConfidence":"indicative","placement":"from the NTKMA master KML"},"geometry":{"type":"Point","coordinates":[73.84358191275075,19.93943014682178]}},{"type":"Feature","properties":{"name":"Z15-C13","zone":"Zone 15","locationConfidence":"indicative","placement":"from the NTKMA master KML"},"geometry":{"type":"Point","coordinates":[73.84380747141078,19.94203038846634]}},{"type":"Feature","properties":{"name":"Z15-C14","zone":"Zone 15","locationConfidence":"indicative","placement":"from the NTKMA master KML"},"geometry":{"type":"Point","coordinates":[73.84344346151778,19.9414459679652]}},{"type":"Feature","properties":{"name":"Z15-C15","zone":"Zone 15","locationConfidence":"indicative","placement":"from the NTKMA master KML"},"geometry":{"type":"Point","coordinates":[73.84363064203283,19.93963035804822]}},{"type":"Feature","properties":{"name":"Z15-C16","zone":"Zone 15","locationConfidence":"indicative","placement":"from the NTKMA master KML"},"geometry":{"type":"Point","coordinates":[73.84237512466697,19.9401268609442]}},{"type":"Feature","properties":{"name":"Z15-C17","zone":"Zone 15","locationConfidence":"indicative","placement":"from the NTKMA master KML"},"geometry":{"type":"Point","coordinates":[73.843147856871,19.94087186213836]}},{"type":"Feature","properties":{"name":"Z15-C18","zone":"Zone 15","locationConfidence":"indicative","placement":"from the NTKMA master KML"},"geometry":{"type":"Point","coordinates":[73.84301190408294,19.93997736905221]}},{"type":"Feature","properties":{"name":"Z15-C19","zone":"Zone 15","locationConfidence":"indicative","placement":"from the NTKMA master KML"},"geometry":{"type":"Point","coordinates":[73.84275553269495,19.93925826394799]}},{"type":"Feature","properties":{"name":"Z15-C20","zone":"Zone 15","locationConfidence":"indicative","placement":"from the NTKMA master KML"},"geometry":{"type":"Point","coordinates":[73.84365384106592,19.93945262239232]}},{"type":"Feature","properties":{"name":"Z15-C21","zone":"Zone 15","locationConfidence":"indicative","placement":"from the NTKMA master KML"},"geometry":{"type":"Point","coordinates":[73.842741797977,19.93959426751903]}},{"type":"Feature","properties":{"name":"Z15-C22","zone":"Zone 15","locationConfidence":"indicative","placement":"from the NTKMA master KML"},"geometry":{"type":"Point","coordinates":[73.84339229002651,19.93990792578609]}},{"type":"Feature","properties":{"name":"Z15-C23","zone":"Zone 15","locationConfidence":"indicative","placement":"from the NTKMA master KML"},"geometry":{"type":"Point","coordinates":[73.84357490343989,19.94099287145725]}},{"type":"Feature","properties":{"name":"Z15-C24","zone":"Zone 15","locationConfidence":"indicative","placement":"from the NTKMA master KML"},"geometry":{"type":"Point","coordinates":[73.84473302840061,19.94294074421609]}},{"type":"Feature","properties":{"name":"Z15-C25","zone":"Zone 15","locationConfidence":"indicative","placement":"from the NTKMA master KML"},"geometry":{"type":"Point","coordinates":[73.84259446260872,19.94134782086627]}},{"type":"Feature","properties":{"name":"Z15-C26","zone":"Zone 15","locationConfidence":"indicative","placement":"from the NTKMA master KML"},"geometry":{"type":"Point","coordinates":[73.84477385294991,19.94273653324551]}},{"type":"Feature","properties":{"name":"Z15-C27","zone":"Zone 15","locationConfidence":"indicative","placement":"from the NTKMA master KML"},"geometry":{"type":"Point","coordinates":[73.84272685438036,19.93916382469324]}},{"type":"Feature","properties":{"name":"Z15-C28","zone":"Zone 15","locationConfidence":"indicative","placement":"from the NTKMA master KML"},"geometry":{"type":"Point","coordinates":[73.84391056940765,19.94131311203364]}},{"type":"Feature","properties":{"name":"Z15-C29","zone":"Zone 15","locationConfidence":"indicative","placement":"from the NTKMA master KML"},"geometry":{"type":"Point","coordinates":[73.84361671900467,19.93951363132864]}},{"type":"Feature","properties":{"name":"Z15-C30","zone":"Zone 15","locationConfidence":"indicative","placement":"from the NTKMA master KML"},"geometry":{"type":"Point","coordinates":[73.84284266767581,19.94180356363551]}},{"type":"Feature","properties":{"name":"Z15-C31","zone":"Zone 15","locationConfidence":"indicative","placement":"from the NTKMA master KML"},"geometry":{"type":"Point","coordinates":[73.84413652876917,19.94104608197011]}},{"type":"Feature","properties":{"name":"Z15-C32","zone":"Zone 15","locationConfidence":"indicative","placement":"from the NTKMA master KML"},"geometry":{"type":"Point","coordinates":[73.84315280535756,19.93931629778151]}},{"type":"Feature","properties":{"name":"Z15-C33","zone":"Zone 15","locationConfidence":"indicative","placement":"from the NTKMA master KML"},"geometry":{"type":"Point","coordinates":[73.84348804717096,19.94200785814045]}},{"type":"Feature","properties":{"name":"Z15-C34","zone":"Zone 15","locationConfidence":"indicative","placement":"from the NTKMA master KML"},"geometry":{"type":"Point","coordinates":[73.84284981770207,19.94050631479332]}},{"type":"Feature","properties":{"name":"Z15-C35","zone":"Zone 15","locationConfidence":"indicative","placement":"from the NTKMA master KML"},"geometry":{"type":"Point","coordinates":[73.84246931782943,19.94076446142445]}},{"type":"Feature","properties":{"name":"Z15-C36","zone":"Zone 15","locationConfidence":"indicative","placement":"from the NTKMA master KML"},"geometry":{"type":"Point","coordinates":[73.84364375795295,19.94234132491214]}},{"type":"Feature","properties":{"name":"Z15-C37","zone":"Zone 15","locationConfidence":"indicative","placement":"from the NTKMA master KML"},"geometry":{"type":"Point","coordinates":[73.84377956855727,19.94094727960038]}},{"type":"Feature","properties":{"name":"Z15-C38","zone":"Zone 15","locationConfidence":"indicative","placement":"from the NTKMA master KML"},"geometry":{"type":"Point","coordinates":[73.84300361557429,19.94012806802872]}},{"type":"Feature","properties":{"name":"Z15-C39","zone":"Zone 15","locationConfidence":"indicative","placement":"from the NTKMA master KML"},"geometry":{"type":"Point","coordinates":[73.84466715658608,19.94290615036325]}},{"type":"Feature","properties":{"name":"Z15-C40","zone":"Zone 15","locationConfidence":"indicative","placement":"from the NTKMA master KML"},"geometry":{"type":"Point","coordinates":[73.84444745451984,19.94262218552409]}},{"type":"Feature","properties":{"name":"Z16-C1","zone":"Zone 16","locationConfidence":"indicative","placement":"from the NTKMA master KML"},"geometry":{"type":"Point","coordinates":[73.84361700099963,19.94505292458987]}},{"type":"Feature","properties":{"name":"Z16-C2","zone":"Zone 16","locationConfidence":"indicative","placement":"from the NTKMA master KML"},"geometry":{"type":"Point","coordinates":[73.84500915047028,19.94469904035094]}},{"type":"Feature","properties":{"name":"Z16-C3","zone":"Zone 16","locationConfidence":"indicative","placement":"from the NTKMA master KML"},"geometry":{"type":"Point","coordinates":[73.84481171415162,19.9451401464483]}},{"type":"Feature","properties":{"name":"Z16-C4","zone":"Zone 16","locationConfidence":"indicative","placement":"from the NTKMA master KML"},"geometry":{"type":"Point","coordinates":[73.84509063695803,19.94615473064909]}},{"type":"Feature","properties":{"name":"Z16-C5","zone":"Zone 16","locationConfidence":"indicative","placement":"from the NTKMA master KML"},"geometry":{"type":"Point","coordinates":[73.84278796223356,19.94453935576524]}},{"type":"Feature","properties":{"name":"Z16-C6","zone":"Zone 16","locationConfidence":"indicative","placement":"from the NTKMA master KML"},"geometry":{"type":"Point","coordinates":[73.8430701898971,19.94394028718953]}},{"type":"Feature","properties":{"name":"Z16-C7","zone":"Zone 16","locationConfidence":"indicative","placement":"from the NTKMA master KML"},"geometry":{"type":"Point","coordinates":[73.84344305617562,19.9440051121554]}},{"type":"Feature","properties":{"name":"Z16-C8","zone":"Zone 16","locationConfidence":"indicative","placement":"from the NTKMA master KML"},"geometry":{"type":"Point","coordinates":[73.84393896321508,19.94355180277149]}},{"type":"Feature","properties":{"name":"Z16-C9","zone":"Zone 16","locationConfidence":"indicative","placement":"from the NTKMA master KML"},"geometry":{"type":"Point","coordinates":[73.84304809852726,19.94452431049215]}},{"type":"Feature","properties":{"name":"Z16-C10","zone":"Zone 16","locationConfidence":"indicative","placement":"from the NTKMA master KML"},"geometry":{"type":"Point","coordinates":[73.84517030492049,19.94646304268161]}},{"type":"Feature","properties":{"name":"Z16-C11","zone":"Zone 16","locationConfidence":"indicative","placement":"from the NTKMA master KML"},"geometry":{"type":"Point","coordinates":[73.84328941463248,19.94442059385675]}},{"type":"Feature","properties":{"name":"Z16-C12","zone":"Zone 16","locationConfidence":"indicative","placement":"from the NTKMA master KML"},"geometry":{"type":"Point","coordinates":[73.84514989764111,19.94511055326107]}},{"type":"Feature","properties":{"name":"Z16-C13","zone":"Zone 16","locationConfidence":"indicative","placement":"from the NTKMA master KML"},"geometry":{"type":"Point","coordinates":[73.8427080123523,19.94388438035747]}},{"type":"Feature","properties":{"name":"Z16-C14","zone":"Zone 16","locationConfidence":"indicative","placement":"from the NTKMA master KML"},"geometry":{"type":"Point","coordinates":[73.84503688077778,19.94516418596344]}},{"type":"Feature","properties":{"name":"Z16-C15","zone":"Zone 16","locationConfidence":"indicative","placement":"from the NTKMA master KML"},"geometry":{"type":"Point","coordinates":[73.84490523680897,19.94388387643733]}},{"type":"Feature","properties":{"name":"Z16-C16","zone":"Zone 16","locationConfidence":"indicative","placement":"from the NTKMA master KML"},"geometry":{"type":"Point","coordinates":[73.84350140323757,19.94483705848432]}},{"type":"Feature","properties":{"name":"Z16-C17","zone":"Zone 16","locationConfidence":"indicative","placement":"from the NTKMA master KML"},"geometry":{"type":"Point","coordinates":[73.84404563577326,19.9442333946977]}},{"type":"Feature","properties":{"name":"Z16-C18","zone":"Zone 16","locationConfidence":"indicative","placement":"from the NTKMA master KML"},"geometry":{"type":"Point","coordinates":[73.84436607026112,19.94606825794888]}},{"type":"Feature","properties":{"name":"Z16-C19","zone":"Zone 16","locationConfidence":"indicative","placement":"from the NTKMA master KML"},"geometry":{"type":"Point","coordinates":[73.84414238654938,19.94343980688163]}},{"type":"Feature","properties":{"name":"Z16-C20","zone":"Zone 16","locationConfidence":"indicative","placement":"from the NTKMA master KML"},"geometry":{"type":"Point","coordinates":[73.8426933804724,19.94394942427344]}},{"type":"Feature","properties":{"name":"Z16-C21","zone":"Zone 16","locationConfidence":"indicative","placement":"from the NTKMA master KML"},"geometry":{"type":"Point","coordinates":[73.84468999458602,19.94577380916896]}},{"type":"Feature","properties":{"name":"Z16-C22","zone":"Zone 16","locationConfidence":"indicative","placement":"from the NTKMA master KML"},"geometry":{"type":"Point","coordinates":[73.84316357874664,19.9436909405582]}},{"type":"Feature","properties":{"name":"Z16-C23","zone":"Zone 16","locationConfidence":"indicative","placement":"from the NTKMA master KML"},"geometry":{"type":"Point","coordinates":[73.84488257316767,19.94337234381077]}},{"type":"Feature","properties":{"name":"Z16-C24","zone":"Zone 16","locationConfidence":"indicative","placement":"from the NTKMA master KML"},"geometry":{"type":"Point","coordinates":[73.84398303907803,19.94478689193839]}},{"type":"Feature","properties":{"name":"Z16-C25","zone":"Zone 16","locationConfidence":"indicative","placement":"from the NTKMA master KML"},"geometry":{"type":"Point","coordinates":[73.84410120588365,19.94547830111336]}},{"type":"Feature","properties":{"name":"Z16-C26","zone":"Zone 16","locationConfidence":"indicative","placement":"from the NTKMA master KML"},"geometry":{"type":"Point","coordinates":[73.84373350616407,19.94535328040968]}},{"type":"Feature","properties":{"name":"Z16-C27","zone":"Zone 16","locationConfidence":"indicative","placement":"from the NTKMA master KML"},"geometry":{"type":"Point","coordinates":[73.84346902571258,19.94424594825184]}},{"type":"Feature","properties":{"name":"Z16-C28","zone":"Zone 16","locationConfidence":"indicative","placement":"from the NTKMA master KML"},"geometry":{"type":"Point","coordinates":[73.84434012442304,19.94557349203184]}},{"type":"Feature","properties":{"name":"Z16-C29","zone":"Zone 16","locationConfidence":"indicative","placement":"from the NTKMA master KML"},"geometry":{"type":"Point","coordinates":[73.84375942110829,19.94494481418982]}},{"type":"Feature","properties":{"name":"Z16-C30","zone":"Zone 16","locationConfidence":"indicative","placement":"from the NTKMA master KML"},"geometry":{"type":"Point","coordinates":[73.8425466077571,19.94389375493909]}},{"type":"Feature","properties":{"name":"Z16-C31","zone":"Zone 16","locationConfidence":"indicative","placement":"from the NTKMA master KML"},"geometry":{"type":"Point","coordinates":[73.84324256476552,19.94419915238195]}},{"type":"Feature","properties":{"name":"Z16-C32","zone":"Zone 16","locationConfidence":"indicative","placement":"from the NTKMA master KML"},"geometry":{"type":"Point","coordinates":[73.84498451610543,19.94588786274777]}},{"type":"Feature","properties":{"name":"Z16-C33","zone":"Zone 16","locationConfidence":"indicative","placement":"from the NTKMA master KML"},"geometry":{"type":"Point","coordinates":[73.84511621528426,19.94451765835474]}},{"type":"Feature","properties":{"name":"Z16-C34","zone":"Zone 16","locationConfidence":"indicative","placement":"from the NTKMA master KML"},"geometry":{"type":"Point","coordinates":[73.84502980823679,19.94380908227214]}},{"type":"Feature","properties":{"name":"Z16-C35","zone":"Zone 16","locationConfidence":"indicative","placement":"from the NTKMA master KML"},"geometry":{"type":"Point","coordinates":[73.84509357640883,19.94421269733641]}},{"type":"Feature","properties":{"name":"Z16-C36","zone":"Zone 16","locationConfidence":"indicative","placement":"from the NTKMA master KML"},"geometry":{"type":"Point","coordinates":[73.84558661292218,19.94527361718257]}},{"type":"Feature","properties":{"name":"Z16-C37","zone":"Zone 16","locationConfidence":"indicative","placement":"from the NTKMA master KML"},"geometry":{"type":"Point","coordinates":[73.84320080559473,19.94377026006767]}},{"type":"Feature","properties":{"name":"Z16-C38","zone":"Zone 16","locationConfidence":"indicative","placement":"from the NTKMA master KML"},"geometry":{"type":"Point","coordinates":[73.8438175644258,19.94374691829251]}},{"type":"Feature","properties":{"name":"Z16-C39","zone":"Zone 16","locationConfidence":"indicative","placement":"from the NTKMA master KML"},"geometry":{"type":"Point","coordinates":[73.8444329252186,19.94627368596746]}},{"type":"Feature","properties":{"name":"Z16-C40","zone":"Zone 16","locationConfidence":"indicative","placement":"from the NTKMA master KML"},"geometry":{"type":"Point","coordinates":[73.84413933244107,19.9454752755752]}},{"type":"Feature","properties":{"name":"Z17-C1","zone":"Zone 17","locationConfidence":"indicative","placement":"from the NTKMA master KML"},"geometry":{"type":"Point","coordinates":[73.8086755191319,20.07711082986404]}},{"type":"Feature","properties":{"name":"Z17-C2","zone":"Zone 17","locationConfidence":"indicative","placement":"from the NTKMA master KML"},"geometry":{"type":"Point","coordinates":[73.80640842387606,20.0780726333493]}},{"type":"Feature","properties":{"name":"Z17-C3","zone":"Zone 17","locationConfidence":"indicative","placement":"from the NTKMA master KML"},"geometry":{"type":"Point","coordinates":[73.80652324732267,20.07753670611301]}},{"type":"Feature","properties":{"name":"Z17-C4","zone":"Zone 17","locationConfidence":"indicative","placement":"from the NTKMA master KML"},"geometry":{"type":"Point","coordinates":[73.80958960267766,20.07677964045869]}},{"type":"Feature","properties":{"name":"Z17-C5","zone":"Zone 17","locationConfidence":"indicative","placement":"from the NTKMA master KML"},"geometry":{"type":"Point","coordinates":[73.80687543212551,20.0757299983922]}},{"type":"Feature","properties":{"name":"Z17-C6","zone":"Zone 17","locationConfidence":"indicative","placement":"from the NTKMA master KML"},"geometry":{"type":"Point","coordinates":[73.80791503897991,20.0752801724767]}},{"type":"Feature","properties":{"name":"Z17-C7","zone":"Zone 17","locationConfidence":"indicative","placement":"from the NTKMA master KML"},"geometry":{"type":"Point","coordinates":[73.80880699109443,20.07410441238957]}},{"type":"Feature","properties":{"name":"Z17-C8","zone":"Zone 17","locationConfidence":"indicative","placement":"from the NTKMA master KML"},"geometry":{"type":"Point","coordinates":[73.80923172612589,20.07620860111729]}},{"type":"Feature","properties":{"name":"Z17-C9","zone":"Zone 17","locationConfidence":"indicative","placement":"from the NTKMA master KML"},"geometry":{"type":"Point","coordinates":[73.81062870863785,20.0762313957661]}},{"type":"Feature","properties":{"name":"Z17-C10","zone":"Zone 17","locationConfidence":"indicative","placement":"from the NTKMA master KML"},"geometry":{"type":"Point","coordinates":[73.80649768759838,20.07427707172429]}},{"type":"Feature","properties":{"name":"Z17-C11","zone":"Zone 17","locationConfidence":"indicative","placement":"from the NTKMA master KML"},"geometry":{"type":"Point","coordinates":[73.80729788440945,20.07648595341818]}},{"type":"Feature","properties":{"name":"Z17-C12","zone":"Zone 17","locationConfidence":"indicative","placement":"from the NTKMA master KML"},"geometry":{"type":"Point","coordinates":[73.80861088476487,20.07318516342705]}},{"type":"Feature","properties":{"name":"Z17-C13","zone":"Zone 17","locationConfidence":"indicative","placement":"from the NTKMA master KML"},"geometry":{"type":"Point","coordinates":[73.80577485270487,20.0764102237843]}},{"type":"Feature","properties":{"name":"Z17-C14","zone":"Zone 17","locationConfidence":"indicative","placement":"from the NTKMA master KML"},"geometry":{"type":"Point","coordinates":[73.8089781179557,20.07336048309016]}},{"type":"Feature","properties":{"name":"Z17-C15","zone":"Zone 17","locationConfidence":"indicative","placement":"from the NTKMA master KML"},"geometry":{"type":"Point","coordinates":[73.81024843941545,20.07614528925714]}},{"type":"Feature","properties":{"name":"Z17-C16","zone":"Zone 17","locationConfidence":"indicative","placement":"from the NTKMA master KML"},"geometry":{"type":"Point","coordinates":[73.8084963443865,20.07659283893569]}},{"type":"Feature","properties":{"name":"Z17-C17","zone":"Zone 17","locationConfidence":"indicative","placement":"from the NTKMA master KML"},"geometry":{"type":"Point","coordinates":[73.80639550782806,20.07649980265688]}},{"type":"Feature","properties":{"name":"Z17-C18","zone":"Zone 17","locationConfidence":"indicative","placement":"from the NTKMA master KML"},"geometry":{"type":"Point","coordinates":[73.80745292773932,20.07794463172547]}},{"type":"Feature","properties":{"name":"Z17-C19","zone":"Zone 17","locationConfidence":"indicative","placement":"from the NTKMA master KML"},"geometry":{"type":"Point","coordinates":[73.80959891847522,20.07622039902012]}},{"type":"Feature","properties":{"name":"Z17-C20","zone":"Zone 17","locationConfidence":"indicative","placement":"from the NTKMA master KML"},"geometry":{"type":"Point","coordinates":[73.80888443445305,20.07656685372478]}},{"type":"Feature","properties":{"name":"Z17-C21","zone":"Zone 17","locationConfidence":"indicative","placement":"from the NTKMA master KML"},"geometry":{"type":"Point","coordinates":[73.80700344666863,20.07719039169532]}},{"type":"Feature","properties":{"name":"Z17-C22","zone":"Zone 17","locationConfidence":"indicative","placement":"from the NTKMA master KML"},"geometry":{"type":"Point","coordinates":[73.80718037228326,20.07677974508055]}},{"type":"Feature","properties":{"name":"Z17-C23","zone":"Zone 17","locationConfidence":"indicative","placement":"from the NTKMA master KML"},"geometry":{"type":"Point","coordinates":[73.80894847092648,20.07736279878505]}},{"type":"Feature","properties":{"name":"Z17-C24","zone":"Zone 17","locationConfidence":"indicative","placement":"from the NTKMA master KML"},"geometry":{"type":"Point","coordinates":[73.80928934632269,20.07704992516698]}},{"type":"Feature","properties":{"name":"Z17-C25","zone":"Zone 17","locationConfidence":"indicative","placement":"from the NTKMA master KML"},"geometry":{"type":"Point","coordinates":[73.8063105303611,20.07230549099062]}},{"type":"Feature","properties":{"name":"Z17-C26","zone":"Zone 17","locationConfidence":"indicative","placement":"from the NTKMA master KML"},"geometry":{"type":"Point","coordinates":[73.80843898687081,20.07541990000486]}},{"type":"Feature","properties":{"name":"Z17-C27","zone":"Zone 17","locationConfidence":"indicative","placement":"from the NTKMA master KML"},"geometry":{"type":"Point","coordinates":[73.80866964512225,20.07769364235414]}},{"type":"Feature","properties":{"name":"Z17-C28","zone":"Zone 17","locationConfidence":"indicative","placement":"from the NTKMA master KML"},"geometry":{"type":"Point","coordinates":[73.8086161284687,20.07494239648312]}},{"type":"Feature","properties":{"name":"Z17-C29","zone":"Zone 17","locationConfidence":"indicative","placement":"from the NTKMA master KML"},"geometry":{"type":"Point","coordinates":[73.80666897013569,20.07252915789827]}},{"type":"Feature","properties":{"name":"Z17-C30","zone":"Zone 17","locationConfidence":"indicative","placement":"from the NTKMA master KML"},"geometry":{"type":"Point","coordinates":[73.80556618367984,20.07613334397504]}},{"type":"Feature","properties":{"name":"Z17-C31","zone":"Zone 17","locationConfidence":"indicative","placement":"from the NTKMA master KML"},"geometry":{"type":"Point","coordinates":[73.80597558479573,20.07398077309587]}},{"type":"Feature","properties":{"name":"Z17-C32","zone":"Zone 17","locationConfidence":"indicative","placement":"from the NTKMA master KML"},"geometry":{"type":"Point","coordinates":[73.80826620871456,20.07751620524073]}},{"type":"Feature","properties":{"name":"Z17-C33","zone":"Zone 17","locationConfidence":"indicative","placement":"from the NTKMA master KML"},"geometry":{"type":"Point","coordinates":[73.80779126490077,20.07484948560865]}},{"type":"Feature","properties":{"name":"Z17-C34","zone":"Zone 17","locationConfidence":"indicative","placement":"from the NTKMA master KML"},"geometry":{"type":"Point","coordinates":[73.80577985121178,20.07509856021014]}},{"type":"Feature","properties":{"name":"Z17-C35","zone":"Zone 17","locationConfidence":"indicative","placement":"from the NTKMA master KML"},"geometry":{"type":"Point","coordinates":[73.80697392305375,20.07512862823698]}},{"type":"Feature","properties":{"name":"Z17-C36","zone":"Zone 17","locationConfidence":"indicative","placement":"from the NTKMA master KML"},"geometry":{"type":"Point","coordinates":[73.80759313090526,20.07754983216422]}},{"type":"Feature","properties":{"name":"Z17-C37","zone":"Zone 17","locationConfidence":"indicative","placement":"from the NTKMA master KML"},"geometry":{"type":"Point","coordinates":[73.80768320851331,20.07586525093929]}},{"type":"Feature","properties":{"name":"Z17-C38","zone":"Zone 17","locationConfidence":"indicative","placement":"from the NTKMA master KML"},"geometry":{"type":"Point","coordinates":[73.80788269837986,20.07271407004713]}},{"type":"Feature","properties":{"name":"Z17-C39","zone":"Zone 17","locationConfidence":"indicative","placement":"from the NTKMA master KML"},"geometry":{"type":"Point","coordinates":[73.80680513840538,20.07811593415742]}},{"type":"Feature","properties":{"name":"Z17-C40","zone":"Zone 17","locationConfidence":"indicative","placement":"from the NTKMA master KML"},"geometry":{"type":"Point","coordinates":[73.80845367503865,20.07452732220888]}},{"type":"Feature","properties":{"name":"Z18-C1","zone":"Zone 18","locationConfidence":"indicative","placement":"from the NTKMA master KML"},"geometry":{"type":"Point","coordinates":[73.81055125764154,20.05988127591147]}},{"type":"Feature","properties":{"name":"Z18-C2","zone":"Zone 18","locationConfidence":"indicative","placement":"from the NTKMA master KML"},"geometry":{"type":"Point","coordinates":[73.80998548297742,20.06083580581453]}},{"type":"Feature","properties":{"name":"Z18-C3","zone":"Zone 18","locationConfidence":"indicative","placement":"from the NTKMA master KML"},"geometry":{"type":"Point","coordinates":[73.81300569029352,20.06205277778734]}},{"type":"Feature","properties":{"name":"Z18-C4","zone":"Zone 18","locationConfidence":"indicative","placement":"from the NTKMA master KML"},"geometry":{"type":"Point","coordinates":[73.8147329460419,20.06217969874078]}},{"type":"Feature","properties":{"name":"Z18-C5","zone":"Zone 18","locationConfidence":"indicative","placement":"from the NTKMA master KML"},"geometry":{"type":"Point","coordinates":[73.80791345539666,20.06311720561754]}},{"type":"Feature","properties":{"name":"Z18-C6","zone":"Zone 18","locationConfidence":"indicative","placement":"from the NTKMA master KML"},"geometry":{"type":"Point","coordinates":[73.81061440964486,20.06004515976961]}},{"type":"Feature","properties":{"name":"Z18-C7","zone":"Zone 18","locationConfidence":"indicative","placement":"from the NTKMA master KML"},"geometry":{"type":"Point","coordinates":[73.80752984299225,20.06452389935136]}},{"type":"Feature","properties":{"name":"Z18-C8","zone":"Zone 18","locationConfidence":"indicative","placement":"from the NTKMA master KML"},"geometry":{"type":"Point","coordinates":[73.81483776797617,20.06135808658088]}},{"type":"Feature","properties":{"name":"Z18-C9","zone":"Zone 18","locationConfidence":"indicative","placement":"from the NTKMA master KML"},"geometry":{"type":"Point","coordinates":[73.8114295840298,20.06044828299303]}},{"type":"Feature","properties":{"name":"Z18-C10","zone":"Zone 18","locationConfidence":"indicative","placement":"from the NTKMA master KML"},"geometry":{"type":"Point","coordinates":[73.81145696135567,20.05898707470095]}},{"type":"Feature","properties":{"name":"Z18-C11","zone":"Zone 18","locationConfidence":"indicative","placement":"from the NTKMA master KML"},"geometry":{"type":"Point","coordinates":[73.81026501492718,20.0617977535662]}},{"type":"Feature","properties":{"name":"Z18-C12","zone":"Zone 18","locationConfidence":"indicative","placement":"from the NTKMA master KML"},"geometry":{"type":"Point","coordinates":[73.81037316382499,20.06401596234522]}},{"type":"Feature","properties":{"name":"Z18-C13","zone":"Zone 18","locationConfidence":"indicative","placement":"from the NTKMA master KML"},"geometry":{"type":"Point","coordinates":[73.81068847302303,20.05820769250554]}},{"type":"Feature","properties":{"name":"Z18-C14","zone":"Zone 18","locationConfidence":"indicative","placement":"from the NTKMA master KML"},"geometry":{"type":"Point","coordinates":[73.80687435835237,20.06097861638986]}},{"type":"Feature","properties":{"name":"Z18-C15","zone":"Zone 18","locationConfidence":"indicative","placement":"from the NTKMA master KML"},"geometry":{"type":"Point","coordinates":[73.81083983100827,20.05909093713367]}},{"type":"Feature","properties":{"name":"Z18-C16","zone":"Zone 18","locationConfidence":"indicative","placement":"from the NTKMA master KML"},"geometry":{"type":"Point","coordinates":[73.81055531010304,20.05857470268741]}},{"type":"Feature","properties":{"name":"Z18-C17","zone":"Zone 18","locationConfidence":"indicative","placement":"from the NTKMA master KML"},"geometry":{"type":"Point","coordinates":[73.81426368155671,20.06312269287909]}},{"type":"Feature","properties":{"name":"Z18-C18","zone":"Zone 18","locationConfidence":"indicative","placement":"from the NTKMA master KML"},"geometry":{"type":"Point","coordinates":[73.81472388611868,20.06139387465945]}},{"type":"Feature","properties":{"name":"Z18-C19","zone":"Zone 18","locationConfidence":"indicative","placement":"from the NTKMA master KML"},"geometry":{"type":"Point","coordinates":[73.81095326036844,20.06309590080295]}},{"type":"Feature","properties":{"name":"Z18-C20","zone":"Zone 18","locationConfidence":"indicative","placement":"from the NTKMA master KML"},"geometry":{"type":"Point","coordinates":[73.8128482609788,20.06278430397328]}},{"type":"Feature","properties":{"name":"Z18-C21","zone":"Zone 18","locationConfidence":"indicative","placement":"from the NTKMA master KML"},"geometry":{"type":"Point","coordinates":[73.81019644203951,20.06395927790829]}},{"type":"Feature","properties":{"name":"Z18-C22","zone":"Zone 18","locationConfidence":"indicative","placement":"from the NTKMA master KML"},"geometry":{"type":"Point","coordinates":[73.80978577854911,20.06378452748214]}},{"type":"Feature","properties":{"name":"Z18-C23","zone":"Zone 18","locationConfidence":"indicative","placement":"from the NTKMA master KML"},"geometry":{"type":"Point","coordinates":[73.80806308160176,20.06262397994162]}},{"type":"Feature","properties":{"name":"Z18-C24","zone":"Zone 18","locationConfidence":"indicative","placement":"from the NTKMA master KML"},"geometry":{"type":"Point","coordinates":[73.81303640294776,20.06198853518381]}},{"type":"Feature","properties":{"name":"Z18-C25","zone":"Zone 18","locationConfidence":"indicative","placement":"from the NTKMA master KML"},"geometry":{"type":"Point","coordinates":[73.81285012039541,20.06210629011852]}},{"type":"Feature","properties":{"name":"Z18-C26","zone":"Zone 18","locationConfidence":"indicative","placement":"from the NTKMA master KML"},"geometry":{"type":"Point","coordinates":[73.80808127079221,20.06326014958959]}},{"type":"Feature","properties":{"name":"Z18-C27","zone":"Zone 18","locationConfidence":"indicative","placement":"from the NTKMA master KML"},"geometry":{"type":"Point","coordinates":[73.80729566449982,20.0650303637442]}},{"type":"Feature","properties":{"name":"Z18-C28","zone":"Zone 18","locationConfidence":"indicative","placement":"from the NTKMA master KML"},"geometry":{"type":"Point","coordinates":[73.81166310292608,20.06272247110239]}},{"type":"Feature","properties":{"name":"Z18-C29","zone":"Zone 18","locationConfidence":"indicative","placement":"from the NTKMA master KML"},"geometry":{"type":"Point","coordinates":[73.81121320686523,20.05798492560384]}},{"type":"Feature","properties":{"name":"Z18-C30","zone":"Zone 18","locationConfidence":"indicative","placement":"from the NTKMA master KML"},"geometry":{"type":"Point","coordinates":[73.80968877095066,20.06162918396073]}},{"type":"Feature","properties":{"name":"Z18-C31","zone":"Zone 18","locationConfidence":"indicative","placement":"from the NTKMA master KML"},"geometry":{"type":"Point","coordinates":[73.81043467951253,20.06400674738653]}},{"type":"Feature","properties":{"name":"Z18-C32","zone":"Zone 18","locationConfidence":"indicative","placement":"from the NTKMA master KML"},"geometry":{"type":"Point","coordinates":[73.81372299971332,20.06209890041218]}},{"type":"Feature","properties":{"name":"Z18-C33","zone":"Zone 18","locationConfidence":"indicative","placement":"from the NTKMA master KML"},"geometry":{"type":"Point","coordinates":[73.8101511718105,20.06079553978569]}},{"type":"Feature","properties":{"name":"Z18-C34","zone":"Zone 18","locationConfidence":"indicative","placement":"from the NTKMA master KML"},"geometry":{"type":"Point","coordinates":[73.80716150189487,20.06478994857809]}},{"type":"Feature","properties":{"name":"Z18-C35","zone":"Zone 18","locationConfidence":"indicative","placement":"from the NTKMA master KML"},"geometry":{"type":"Point","coordinates":[73.80813582952312,20.06256873039568]}},{"type":"Feature","properties":{"name":"Z18-C36","zone":"Zone 18","locationConfidence":"indicative","placement":"from the NTKMA master KML"},"geometry":{"type":"Point","coordinates":[73.80907097657386,20.05919932544228]}},{"type":"Feature","properties":{"name":"Z18-C37","zone":"Zone 18","locationConfidence":"indicative","placement":"from the NTKMA master KML"},"geometry":{"type":"Point","coordinates":[73.81306916548705,20.06202059270126]}},{"type":"Feature","properties":{"name":"Z18-C38","zone":"Zone 18","locationConfidence":"indicative","placement":"from the NTKMA master KML"},"geometry":{"type":"Point","coordinates":[73.80751587231339,20.06078844727531]}},{"type":"Feature","properties":{"name":"Z18-C39","zone":"Zone 18","locationConfidence":"indicative","placement":"from the NTKMA master KML"},"geometry":{"type":"Point","coordinates":[73.80912407426165,20.06370383837515]}},{"type":"Feature","properties":{"name":"Z18-C40","zone":"Zone 18","locationConfidence":"indicative","placement":"from the NTKMA master KML"},"geometry":{"type":"Point","coordinates":[73.8107627617959,20.06319270758209]}},{"type":"Feature","properties":{"name":"Z19-C1","zone":"Zone 19","locationConfidence":"indicative","placement":"from the NTKMA master KML"},"geometry":{"type":"Point","coordinates":[73.71888496520927,19.93670875532737]}},{"type":"Feature","properties":{"name":"Z19-C2","zone":"Zone 19","locationConfidence":"indicative","placement":"from the NTKMA master KML"},"geometry":{"type":"Point","coordinates":[73.71699301163082,19.93621883967296]}},{"type":"Feature","properties":{"name":"Z19-C3","zone":"Zone 19","locationConfidence":"indicative","placement":"from the NTKMA master KML"},"geometry":{"type":"Point","coordinates":[73.71833508544597,19.93670122829272]}},{"type":"Feature","properties":{"name":"Z19-C4","zone":"Zone 19","locationConfidence":"indicative","placement":"from the NTKMA master KML"},"geometry":{"type":"Point","coordinates":[73.71611907066827,19.93641579592446]}},{"type":"Feature","properties":{"name":"Z19-C5","zone":"Zone 19","locationConfidence":"indicative","placement":"from the NTKMA master KML"},"geometry":{"type":"Point","coordinates":[73.71679800991595,19.93662116487318]}},{"type":"Feature","properties":{"name":"Z19-C6","zone":"Zone 19","locationConfidence":"indicative","placement":"from the NTKMA master KML"},"geometry":{"type":"Point","coordinates":[73.71831422000824,19.93615212222302]}},{"type":"Feature","properties":{"name":"Z19-C7","zone":"Zone 19","locationConfidence":"indicative","placement":"from the NTKMA master KML"},"geometry":{"type":"Point","coordinates":[73.71866401363914,19.93635836839464]}},{"type":"Feature","properties":{"name":"Z19-C8","zone":"Zone 19","locationConfidence":"indicative","placement":"from the NTKMA master KML"},"geometry":{"type":"Point","coordinates":[73.71764691195054,19.93622255466866]}},{"type":"Feature","properties":{"name":"Z19-C9","zone":"Zone 19","locationConfidence":"indicative","placement":"from the NTKMA master KML"},"geometry":{"type":"Point","coordinates":[73.71858808154025,19.93676545170416]}},{"type":"Feature","properties":{"name":"Z19-C10","zone":"Zone 19","locationConfidence":"indicative","placement":"from the NTKMA master KML"},"geometry":{"type":"Point","coordinates":[73.71851747804153,19.93614838931805]}},{"type":"Feature","properties":{"name":"Z19-C11","zone":"Zone 19","locationConfidence":"indicative","placement":"from the NTKMA master KML"},"geometry":{"type":"Point","coordinates":[73.7167049737971,19.93697084313265]}},{"type":"Feature","properties":{"name":"Z19-C12","zone":"Zone 19","locationConfidence":"indicative","placement":"from the NTKMA master KML"},"geometry":{"type":"Point","coordinates":[73.71784838530272,19.9363489173316]}},{"type":"Feature","properties":{"name":"Z19-C13","zone":"Zone 19","locationConfidence":"indicative","placement":"from the NTKMA master KML"},"geometry":{"type":"Point","coordinates":[73.71609790181732,19.93664070180074]}},{"type":"Feature","properties":{"name":"Z19-C14","zone":"Zone 19","locationConfidence":"indicative","placement":"from the NTKMA master KML"},"geometry":{"type":"Point","coordinates":[73.71896178417549,19.93645844730121]}},{"type":"Feature","properties":{"name":"Z19-C15","zone":"Zone 19","locationConfidence":"indicative","placement":"from the NTKMA master KML"},"geometry":{"type":"Point","coordinates":[73.71615191948736,19.93648510884807]}},{"type":"Feature","properties":{"name":"Z19-C16","zone":"Zone 19","locationConfidence":"indicative","placement":"from the NTKMA master KML"},"geometry":{"type":"Point","coordinates":[73.71717199809646,19.93635913083087]}},{"type":"Feature","properties":{"name":"Z19-C17","zone":"Zone 19","locationConfidence":"indicative","placement":"from the NTKMA master KML"},"geometry":{"type":"Point","coordinates":[73.71675560157956,19.93683927372138]}},{"type":"Feature","properties":{"name":"Z19-C18","zone":"Zone 19","locationConfidence":"indicative","placement":"from the NTKMA master KML"},"geometry":{"type":"Point","coordinates":[73.71596470946307,19.93638216405029]}},{"type":"Feature","properties":{"name":"Z19-C19","zone":"Zone 19","locationConfidence":"indicative","placement":"from the NTKMA master KML"},"geometry":{"type":"Point","coordinates":[73.71614460473803,19.93662980684107]}},{"type":"Feature","properties":{"name":"Z19-C20","zone":"Zone 19","locationConfidence":"indicative","placement":"from the NTKMA master KML"},"geometry":{"type":"Point","coordinates":[73.71876709303368,19.93618335014544]}},{"type":"Feature","properties":{"name":"Z19-C21","zone":"Zone 19","locationConfidence":"indicative","placement":"from the NTKMA master KML"},"geometry":{"type":"Point","coordinates":[73.71889232746133,19.9360650762684]}},{"type":"Feature","properties":{"name":"Z19-C22","zone":"Zone 19","locationConfidence":"indicative","placement":"from the NTKMA master KML"},"geometry":{"type":"Point","coordinates":[73.71724620112427,19.93699006791959]}},{"type":"Feature","properties":{"name":"Z19-C23","zone":"Zone 19","locationConfidence":"indicative","placement":"from the NTKMA master KML"},"geometry":{"type":"Point","coordinates":[73.71710698001844,19.9367330173952]}},{"type":"Feature","properties":{"name":"Z19-C24","zone":"Zone 19","locationConfidence":"indicative","placement":"from the NTKMA master KML"},"geometry":{"type":"Point","coordinates":[73.71649470117248,19.93652689697273]}},{"type":"Feature","properties":{"name":"Z19-C25","zone":"Zone 19","locationConfidence":"indicative","placement":"from the NTKMA master KML"},"geometry":{"type":"Point","coordinates":[73.71740601870101,19.93661759335773]}},{"type":"Feature","properties":{"name":"Z19-C26","zone":"Zone 19","locationConfidence":"indicative","placement":"from the NTKMA master KML"},"geometry":{"type":"Point","coordinates":[73.71678524135696,19.9367127523515]}},{"type":"Feature","properties":{"name":"Z19-C27","zone":"Zone 19","locationConfidence":"indicative","placement":"from the NTKMA master KML"},"geometry":{"type":"Point","coordinates":[73.7180601537104,19.93680564051942]}},{"type":"Feature","properties":{"name":"Z19-C28","zone":"Zone 19","locationConfidence":"indicative","placement":"from the NTKMA master KML"},"geometry":{"type":"Point","coordinates":[73.7182944500477,19.93631770134904]}},{"type":"Feature","properties":{"name":"Z19-C29","zone":"Zone 19","locationConfidence":"indicative","placement":"from the NTKMA master KML"},"geometry":{"type":"Point","coordinates":[73.71624365843603,19.93685973750961]}},{"type":"Feature","properties":{"name":"Z19-C30","zone":"Zone 19","locationConfidence":"indicative","placement":"from the NTKMA master KML"},"geometry":{"type":"Point","coordinates":[73.71693547624453,19.93638263234074]}},{"type":"Feature","properties":{"name":"Z19-C31","zone":"Zone 19","locationConfidence":"indicative","placement":"from the NTKMA master KML"},"geometry":{"type":"Point","coordinates":[73.7181245676235,19.93689671722792]}},{"type":"Feature","properties":{"name":"Z19-C32","zone":"Zone 19","locationConfidence":"indicative","placement":"from the NTKMA master KML"},"geometry":{"type":"Point","coordinates":[73.71627573344303,19.93685314560387]}},{"type":"Feature","properties":{"name":"Z19-C33","zone":"Zone 19","locationConfidence":"indicative","placement":"from the NTKMA master KML"},"geometry":{"type":"Point","coordinates":[73.71625282356686,19.93651982046213]}},{"type":"Feature","properties":{"name":"Z19-C34","zone":"Zone 19","locationConfidence":"indicative","placement":"from the NTKMA master KML"},"geometry":{"type":"Point","coordinates":[73.71751042889781,19.93661123734218]}},{"type":"Feature","properties":{"name":"Z19-C35","zone":"Zone 19","locationConfidence":"indicative","placement":"from the NTKMA master KML"},"geometry":{"type":"Point","coordinates":[73.71899796764593,19.93635127174724]}},{"type":"Feature","properties":{"name":"Z19-C36","zone":"Zone 19","locationConfidence":"indicative","placement":"from the NTKMA master KML"},"geometry":{"type":"Point","coordinates":[73.71823105231108,19.93681307615003]}},{"type":"Feature","properties":{"name":"Z19-C37","zone":"Zone 19","locationConfidence":"indicative","placement":"from the NTKMA master KML"},"geometry":{"type":"Point","coordinates":[73.71669490549996,19.93642432834534]}},{"type":"Feature","properties":{"name":"Z19-C38","zone":"Zone 19","locationConfidence":"indicative","placement":"from the NTKMA master KML"},"geometry":{"type":"Point","coordinates":[73.71735049063773,19.93640054069584]}},{"type":"Feature","properties":{"name":"Z19-C39","zone":"Zone 19","locationConfidence":"indicative","placement":"from the NTKMA master KML"},"geometry":{"type":"Point","coordinates":[73.71784946426298,19.93632860794866]}},{"type":"Feature","properties":{"name":"Z19-C40","zone":"Zone 19","locationConfidence":"indicative","placement":"from the NTKMA master KML"},"geometry":{"type":"Point","coordinates":[73.71718021459783,19.93683754782572]}},{"type":"Feature","properties":{"name":"Z20-C1","zone":"Zone 20","locationConfidence":"indicative","placement":"from the NTKMA master KML"},"geometry":{"type":"Point","coordinates":[73.71290899652291,19.94058734876581]}},{"type":"Feature","properties":{"name":"Z20-C2","zone":"Zone 20","locationConfidence":"indicative","placement":"from the NTKMA master KML"},"geometry":{"type":"Point","coordinates":[73.71491210552925,19.94001463089436]}},{"type":"Feature","properties":{"name":"Z20-C3","zone":"Zone 20","locationConfidence":"indicative","placement":"from the NTKMA master KML"},"geometry":{"type":"Point","coordinates":[73.71304063869373,19.94065691132048]}},{"type":"Feature","properties":{"name":"Z20-C4","zone":"Zone 20","locationConfidence":"indicative","placement":"from the NTKMA master KML"},"geometry":{"type":"Point","coordinates":[73.71503723476309,19.93864692481847]}},{"type":"Feature","properties":{"name":"Z20-C5","zone":"Zone 20","locationConfidence":"indicative","placement":"from the NTKMA master KML"},"geometry":{"type":"Point","coordinates":[73.7132174667405,19.94023501464272]}},{"type":"Feature","properties":{"name":"Z20-C6","zone":"Zone 20","locationConfidence":"indicative","placement":"from the NTKMA master KML"},"geometry":{"type":"Point","coordinates":[73.71370744557443,19.93992870518852]}},{"type":"Feature","properties":{"name":"Z20-C7","zone":"Zone 20","locationConfidence":"indicative","placement":"from the NTKMA master KML"},"geometry":{"type":"Point","coordinates":[73.71506927116141,19.93952983461561]}},{"type":"Feature","properties":{"name":"Z20-C8","zone":"Zone 20","locationConfidence":"indicative","placement":"from the NTKMA master KML"},"geometry":{"type":"Point","coordinates":[73.71477164333987,19.93955253188662]}},{"type":"Feature","properties":{"name":"Z20-C9","zone":"Zone 20","locationConfidence":"indicative","placement":"from the NTKMA master KML"},"geometry":{"type":"Point","coordinates":[73.7137800307884,19.93987864360858]}},{"type":"Feature","properties":{"name":"Z20-C10","zone":"Zone 20","locationConfidence":"indicative","placement":"from the NTKMA master KML"},"geometry":{"type":"Point","coordinates":[73.71355518674403,19.94035101984016]}},{"type":"Feature","properties":{"name":"Z20-C11","zone":"Zone 20","locationConfidence":"indicative","placement":"from the NTKMA master KML"},"geometry":{"type":"Point","coordinates":[73.71303956995774,19.94062513331567]}},{"type":"Feature","properties":{"name":"Z20-C12","zone":"Zone 20","locationConfidence":"indicative","placement":"from the NTKMA master KML"},"geometry":{"type":"Point","coordinates":[73.71377523769388,19.94030990153238]}},{"type":"Feature","properties":{"name":"Z20-C13","zone":"Zone 20","locationConfidence":"indicative","placement":"from the NTKMA master KML"},"geometry":{"type":"Point","coordinates":[73.7149860721475,19.93994455623153]}},{"type":"Feature","properties":{"name":"Z20-C14","zone":"Zone 20","locationConfidence":"indicative","placement":"from the NTKMA master KML"},"geometry":{"type":"Point","coordinates":[73.71455396164112,19.94026771019654]}},{"type":"Feature","properties":{"name":"Z20-C15","zone":"Zone 20","locationConfidence":"indicative","placement":"from the NTKMA master KML"},"geometry":{"type":"Point","coordinates":[73.71522384604675,19.9394121050961]}},{"type":"Feature","properties":{"name":"Z20-C16","zone":"Zone 20","locationConfidence":"indicative","placement":"from the NTKMA master KML"},"geometry":{"type":"Point","coordinates":[73.71428479095513,19.93996923917804]}},{"type":"Feature","properties":{"name":"Z20-C17","zone":"Zone 20","locationConfidence":"indicative","placement":"from the NTKMA master KML"},"geometry":{"type":"Point","coordinates":[73.71348517206707,19.94035087793636]}},{"type":"Feature","properties":{"name":"Z20-C18","zone":"Zone 20","locationConfidence":"indicative","placement":"from the NTKMA master KML"},"geometry":{"type":"Point","coordinates":[73.71521926100476,19.93882839503909]}},{"type":"Feature","properties":{"name":"Z20-C19","zone":"Zone 20","locationConfidence":"indicative","placement":"from the NTKMA master KML"},"geometry":{"type":"Point","coordinates":[73.71460495165474,19.94037586049423]}},{"type":"Feature","properties":{"name":"Z20-C20","zone":"Zone 20","locationConfidence":"indicative","placement":"from the NTKMA master KML"},"geometry":{"type":"Point","coordinates":[73.71521101454246,19.93847832725954]}},{"type":"Feature","properties":{"name":"Z20-C21","zone":"Zone 20","locationConfidence":"indicative","placement":"from the NTKMA master KML"},"geometry":{"type":"Point","coordinates":[73.71412887510303,19.93953761847152]}},{"type":"Feature","properties":{"name":"Z20-C22","zone":"Zone 20","locationConfidence":"indicative","placement":"from the NTKMA master KML"},"geometry":{"type":"Point","coordinates":[73.7143778417432,19.94015113250632]}},{"type":"Feature","properties":{"name":"Z20-C23","zone":"Zone 20","locationConfidence":"indicative","placement":"from the NTKMA master KML"},"geometry":{"type":"Point","coordinates":[73.71385268372029,19.94029454566166]}},{"type":"Feature","properties":{"name":"Z20-C24","zone":"Zone 20","locationConfidence":"indicative","placement":"from the NTKMA master KML"},"geometry":{"type":"Point","coordinates":[73.71388882579865,19.9401694658421]}},{"type":"Feature","properties":{"name":"Z20-C25","zone":"Zone 20","locationConfidence":"indicative","placement":"from the NTKMA master KML"},"geometry":{"type":"Point","coordinates":[73.71450313748038,19.94023040016971]}},{"type":"Feature","properties":{"name":"Z20-C26","zone":"Zone 20","locationConfidence":"indicative","placement":"from the NTKMA master KML"},"geometry":{"type":"Point","coordinates":[73.71516499241639,19.93882760009084]}},{"type":"Feature","properties":{"name":"Z20-C27","zone":"Zone 20","locationConfidence":"indicative","placement":"from the NTKMA master KML"},"geometry":{"type":"Point","coordinates":[73.71314405310859,19.94035865645784]}},{"type":"Feature","properties":{"name":"Z20-C28","zone":"Zone 20","locationConfidence":"indicative","placement":"from the NTKMA master KML"},"geometry":{"type":"Point","coordinates":[73.71405227778946,19.93992912418203]}},{"type":"Feature","properties":{"name":"Z20-C29","zone":"Zone 20","locationConfidence":"indicative","placement":"from the NTKMA master KML"},"geometry":{"type":"Point","coordinates":[73.71383511064435,19.94009183118156]}},{"type":"Feature","properties":{"name":"Z20-C30","zone":"Zone 20","locationConfidence":"indicative","placement":"from the NTKMA master KML"},"geometry":{"type":"Point","coordinates":[73.71441662089572,19.93982891819758]}},{"type":"Feature","properties":{"name":"Z20-C31","zone":"Zone 20","locationConfidence":"indicative","placement":"from the NTKMA master KML"},"geometry":{"type":"Point","coordinates":[73.71313207440473,19.94019189003551]}},{"type":"Feature","properties":{"name":"Z20-C32","zone":"Zone 20","locationConfidence":"indicative","placement":"from the NTKMA master KML"},"geometry":{"type":"Point","coordinates":[73.71521433558624,19.93846763542654]}},{"type":"Feature","properties":{"name":"Z20-C33","zone":"Zone 20","locationConfidence":"indicative","placement":"from the NTKMA master KML"},"geometry":{"type":"Point","coordinates":[73.7136046986138,19.93986833577497]}},{"type":"Feature","properties":{"name":"Z20-C34","zone":"Zone 20","locationConfidence":"indicative","placement":"from the NTKMA master KML"},"geometry":{"type":"Point","coordinates":[73.71353586501891,19.93988650756604]}},{"type":"Feature","properties":{"name":"Z20-C35","zone":"Zone 20","locationConfidence":"indicative","placement":"from the NTKMA master KML"},"geometry":{"type":"Point","coordinates":[73.71494347886404,19.93955557650389]}},{"type":"Feature","properties":{"name":"Z20-C36","zone":"Zone 20","locationConfidence":"indicative","placement":"from the NTKMA master KML"},"geometry":{"type":"Point","coordinates":[73.71467365706756,19.93949248209741]}},{"type":"Feature","properties":{"name":"Z20-C37","zone":"Zone 20","locationConfidence":"indicative","placement":"from the NTKMA master KML"},"geometry":{"type":"Point","coordinates":[73.71471916545008,19.93919291605604]}},{"type":"Feature","properties":{"name":"Z20-C38","zone":"Zone 20","locationConfidence":"indicative","placement":"from the NTKMA master KML"},"geometry":{"type":"Point","coordinates":[73.71444409273269,19.93981537454875]}},{"type":"Feature","properties":{"name":"Z20-C39","zone":"Zone 20","locationConfidence":"indicative","placement":"from the NTKMA master KML"},"geometry":{"type":"Point","coordinates":[73.71346131381893,19.94010384804733]}},{"type":"Feature","properties":{"name":"Z20-C40","zone":"Zone 20","locationConfidence":"indicative","placement":"from the NTKMA master KML"},"geometry":{"type":"Point","coordinates":[73.71380851774573,19.94006105839689]}},{"type":"Feature","properties":{"name":"Z21-C1","zone":"Zone 21","locationConfidence":"indicative","placement":"from the NTKMA master KML"},"geometry":{"type":"Point","coordinates":[73.81794484106368,19.98324606550453]}},{"type":"Feature","properties":{"name":"Z21-C2","zone":"Zone 21","locationConfidence":"indicative","placement":"from the NTKMA master KML"},"geometry":{"type":"Point","coordinates":[73.82114098789377,19.98308467425294]}},{"type":"Feature","properties":{"name":"Z21-C3","zone":"Zone 21","locationConfidence":"indicative","placement":"from the NTKMA master KML"},"geometry":{"type":"Point","coordinates":[73.81930894131503,19.98341082574005]}},{"type":"Feature","properties":{"name":"Z21-C4","zone":"Zone 21","locationConfidence":"indicative","placement":"from the NTKMA master KML"},"geometry":{"type":"Point","coordinates":[73.81857564044793,19.98411799606115]}},{"type":"Feature","properties":{"name":"Z21-C5","zone":"Zone 21","locationConfidence":"indicative","placement":"from the NTKMA master KML"},"geometry":{"type":"Point","coordinates":[73.82001314159994,19.98312069326851]}},{"type":"Feature","properties":{"name":"Z21-C6","zone":"Zone 21","locationConfidence":"indicative","placement":"from the NTKMA master KML"},"geometry":{"type":"Point","coordinates":[73.8185617325565,19.98326194110657]}},{"type":"Feature","properties":{"name":"Z21-C7","zone":"Zone 21","locationConfidence":"indicative","placement":"from the NTKMA master KML"},"geometry":{"type":"Point","coordinates":[73.81883543043028,19.98305256400457]}},{"type":"Feature","properties":{"name":"Z21-C8","zone":"Zone 21","locationConfidence":"indicative","placement":"from the NTKMA master KML"},"geometry":{"type":"Point","coordinates":[73.82128363817705,19.98337212749388]}},{"type":"Feature","properties":{"name":"Z21-C9","zone":"Zone 21","locationConfidence":"indicative","placement":"from the NTKMA master KML"},"geometry":{"type":"Point","coordinates":[73.8188314790138,19.9839004370782]}},{"type":"Feature","properties":{"name":"Z21-C10","zone":"Zone 21","locationConfidence":"indicative","placement":"from the NTKMA master KML"},"geometry":{"type":"Point","coordinates":[73.81967754365503,19.98298741594514]}},{"type":"Feature","properties":{"name":"Z21-C11","zone":"Zone 21","locationConfidence":"indicative","placement":"from the NTKMA master KML"},"geometry":{"type":"Point","coordinates":[73.8182569904301,19.98431914851117]}},{"type":"Feature","properties":{"name":"Z21-C12","zone":"Zone 21","locationConfidence":"indicative","placement":"from the NTKMA master KML"},"geometry":{"type":"Point","coordinates":[73.82169607210746,19.98291274879404]}},{"type":"Feature","properties":{"name":"Z21-C13","zone":"Zone 21","locationConfidence":"indicative","placement":"from the NTKMA master KML"},"geometry":{"type":"Point","coordinates":[73.82048035360512,19.983240564834]}},{"type":"Feature","properties":{"name":"Z21-C14","zone":"Zone 21","locationConfidence":"indicative","placement":"from the NTKMA master KML"},"geometry":{"type":"Point","coordinates":[73.81915278482579,19.98332725102485]}},{"type":"Feature","properties":{"name":"Z21-C15","zone":"Zone 21","locationConfidence":"indicative","placement":"from the NTKMA master KML"},"geometry":{"type":"Point","coordinates":[73.81907304095651,19.9846333817293]}},{"type":"Feature","properties":{"name":"Z21-C16","zone":"Zone 21","locationConfidence":"indicative","placement":"from the NTKMA master KML"},"geometry":{"type":"Point","coordinates":[73.82083835012804,19.98333395807841]}},{"type":"Feature","properties":{"name":"Z21-C17","zone":"Zone 21","locationConfidence":"indicative","placement":"from the NTKMA master KML"},"geometry":{"type":"Point","coordinates":[73.81834515747292,19.98433265277085]}},{"type":"Feature","properties":{"name":"Z21-C18","zone":"Zone 21","locationConfidence":"indicative","placement":"from the NTKMA master KML"},"geometry":{"type":"Point","coordinates":[73.8206244559598,19.98300521970281]}},{"type":"Feature","properties":{"name":"Z21-C19","zone":"Zone 21","locationConfidence":"indicative","placement":"from the NTKMA master KML"},"geometry":{"type":"Point","coordinates":[73.81818179992683,19.98331823345333]}},{"type":"Feature","properties":{"name":"Z21-C20","zone":"Zone 21","locationConfidence":"indicative","placement":"from the NTKMA master KML"},"geometry":{"type":"Point","coordinates":[73.82131730804747,19.98315195206868]}},{"type":"Feature","properties":{"name":"Z21-C21","zone":"Zone 21","locationConfidence":"indicative","placement":"from the NTKMA master KML"},"geometry":{"type":"Point","coordinates":[73.82157189462438,19.98300437076685]}},{"type":"Feature","properties":{"name":"Z21-C22","zone":"Zone 21","locationConfidence":"indicative","placement":"from the NTKMA master KML"},"geometry":{"type":"Point","coordinates":[73.81802418972724,19.98310028373705]}},{"type":"Feature","properties":{"name":"Z21-C23","zone":"Zone 21","locationConfidence":"indicative","placement":"from the NTKMA master KML"},"geometry":{"type":"Point","coordinates":[73.81980394820366,19.98326487850035]}},{"type":"Feature","properties":{"name":"Z21-C24","zone":"Zone 21","locationConfidence":"indicative","placement":"from the NTKMA master KML"},"geometry":{"type":"Point","coordinates":[73.81931603412563,19.98288586513879]}},{"type":"Feature","properties":{"name":"Z21-C25","zone":"Zone 21","locationConfidence":"indicative","placement":"from the NTKMA master KML"},"geometry":{"type":"Point","coordinates":[73.81916220302149,19.98458350984927]}},{"type":"Feature","properties":{"name":"Z21-C26","zone":"Zone 21","locationConfidence":"indicative","placement":"from the NTKMA master KML"},"geometry":{"type":"Point","coordinates":[73.81947041007716,19.98310784581549]}},{"type":"Feature","properties":{"name":"Z21-C27","zone":"Zone 21","locationConfidence":"indicative","placement":"from the NTKMA master KML"},"geometry":{"type":"Point","coordinates":[73.82119447175262,19.98341151250544]}},{"type":"Feature","properties":{"name":"Z21-C28","zone":"Zone 21","locationConfidence":"indicative","placement":"from the NTKMA master KML"},"geometry":{"type":"Point","coordinates":[73.81890128987676,19.98303870184859]}},{"type":"Feature","properties":{"name":"Z21-C29","zone":"Zone 21","locationConfidence":"indicative","placement":"from the NTKMA master KML"},"geometry":{"type":"Point","coordinates":[73.81989031392183,19.98347628337575]}},{"type":"Feature","properties":{"name":"Z21-C30","zone":"Zone 21","locationConfidence":"indicative","placement":"from the NTKMA master KML"},"geometry":{"type":"Point","coordinates":[73.81843756944912,19.98476413079991]}},{"type":"Feature","properties":{"name":"Z21-C31","zone":"Zone 21","locationConfidence":"indicative","placement":"from the NTKMA master KML"},"geometry":{"type":"Point","coordinates":[73.81865025577002,19.98455385096327]}},{"type":"Feature","properties":{"name":"Z21-C32","zone":"Zone 21","locationConfidence":"indicative","placement":"from the NTKMA master KML"},"geometry":{"type":"Point","coordinates":[73.8215120282375,19.98314591478682]}},{"type":"Feature","properties":{"name":"Z21-C33","zone":"Zone 21","locationConfidence":"indicative","placement":"from the NTKMA master KML"},"geometry":{"type":"Point","coordinates":[73.82057907314751,19.98295508869965]}},{"type":"Feature","properties":{"name":"Z21-C34","zone":"Zone 21","locationConfidence":"indicative","placement":"from the NTKMA master KML"},"geometry":{"type":"Point","coordinates":[73.81907724492574,19.98496650596732]}},{"type":"Feature","properties":{"name":"Z21-C35","zone":"Zone 21","locationConfidence":"indicative","placement":"from the NTKMA master KML"},"geometry":{"type":"Point","coordinates":[73.81907206386194,19.9842594592655]}},{"type":"Feature","properties":{"name":"Z21-C36","zone":"Zone 21","locationConfidence":"indicative","placement":"from the NTKMA master KML"},"geometry":{"type":"Point","coordinates":[73.82051615351858,19.98286737449053]}},{"type":"Feature","properties":{"name":"Z21-C37","zone":"Zone 21","locationConfidence":"indicative","placement":"from the NTKMA master KML"},"geometry":{"type":"Point","coordinates":[73.8214450031978,19.98323832434274]}},{"type":"Feature","properties":{"name":"Z21-C38","zone":"Zone 21","locationConfidence":"indicative","placement":"from the NTKMA master KML"},"geometry":{"type":"Point","coordinates":[73.8186322395518,19.98335282810993]}},{"type":"Feature","properties":{"name":"Z21-C39","zone":"Zone 21","locationConfidence":"indicative","placement":"from the NTKMA master KML"},"geometry":{"type":"Point","coordinates":[73.82051456621969,19.98315799112237]}},{"type":"Feature","properties":{"name":"Z21-C40","zone":"Zone 21","locationConfidence":"indicative","placement":"from the NTKMA master KML"},"geometry":{"type":"Point","coordinates":[73.81896229075574,19.98395164677753]}},{"type":"Feature","properties":{"name":"Z22-C1","zone":"Zone 22","locationConfidence":"indicative","placement":"from the NTKMA master KML"},"geometry":{"type":"Point","coordinates":[73.82645518247311,19.96908216663985]}},{"type":"Feature","properties":{"name":"Z22-C2","zone":"Zone 22","locationConfidence":"indicative","placement":"from the NTKMA master KML"},"geometry":{"type":"Point","coordinates":[73.82954637122427,19.96871289169484]}},{"type":"Feature","properties":{"name":"Z22-C3","zone":"Zone 22","locationConfidence":"indicative","placement":"from the NTKMA master KML"},"geometry":{"type":"Point","coordinates":[73.82521594171335,19.96936700018881]}},{"type":"Feature","properties":{"name":"Z22-C4","zone":"Zone 22","locationConfidence":"indicative","placement":"from the NTKMA master KML"},"geometry":{"type":"Point","coordinates":[73.82748788307248,19.9688818681058]}},{"type":"Feature","properties":{"name":"Z22-C5","zone":"Zone 22","locationConfidence":"indicative","placement":"from the NTKMA master KML"},"geometry":{"type":"Point","coordinates":[73.82486790192696,19.96946167761729]}},{"type":"Feature","properties":{"name":"Z22-C6","zone":"Zone 22","locationConfidence":"indicative","placement":"from the NTKMA master KML"},"geometry":{"type":"Point","coordinates":[73.83027805091096,19.96864641840785]}},{"type":"Feature","properties":{"name":"Z22-C7","zone":"Zone 22","locationConfidence":"indicative","placement":"from the NTKMA master KML"},"geometry":{"type":"Point","coordinates":[73.82564097812428,19.96917159061177]}},{"type":"Feature","properties":{"name":"Z22-C8","zone":"Zone 22","locationConfidence":"indicative","placement":"from the NTKMA master KML"},"geometry":{"type":"Point","coordinates":[73.82695339096607,19.96903395715369]}},{"type":"Feature","properties":{"name":"Z22-C9","zone":"Zone 22","locationConfidence":"indicative","placement":"from the NTKMA master KML"},"geometry":{"type":"Point","coordinates":[73.8276413533791,19.96873213509081]}},{"type":"Feature","properties":{"name":"Z22-C10","zone":"Zone 22","locationConfidence":"indicative","placement":"from the NTKMA master KML"},"geometry":{"type":"Point","coordinates":[73.82639337584179,19.96905666297851]}},{"type":"Feature","properties":{"name":"Z22-C11","zone":"Zone 22","locationConfidence":"indicative","placement":"from the NTKMA master KML"},"geometry":{"type":"Point","coordinates":[73.82632280778894,19.96919533453514]}},{"type":"Feature","properties":{"name":"Z22-C12","zone":"Zone 22","locationConfidence":"indicative","placement":"from the NTKMA master KML"},"geometry":{"type":"Point","coordinates":[73.82613183058278,19.96889658605833]}},{"type":"Feature","properties":{"name":"Z22-C13","zone":"Zone 22","locationConfidence":"indicative","placement":"from the NTKMA master KML"},"geometry":{"type":"Point","coordinates":[73.83039906070854,19.96862042212596]}},{"type":"Feature","properties":{"name":"Z22-C14","zone":"Zone 22","locationConfidence":"indicative","placement":"from the NTKMA master KML"},"geometry":{"type":"Point","coordinates":[73.82617819206408,19.96905516388007]}},{"type":"Feature","properties":{"name":"Z22-C15","zone":"Zone 22","locationConfidence":"indicative","placement":"from the NTKMA master KML"},"geometry":{"type":"Point","coordinates":[73.82892039966505,19.96869002425729]}},{"type":"Feature","properties":{"name":"Z22-C16","zone":"Zone 22","locationConfidence":"indicative","placement":"from the NTKMA master KML"},"geometry":{"type":"Point","coordinates":[73.82810312340155,19.96908129696237]}},{"type":"Feature","properties":{"name":"Z22-C17","zone":"Zone 22","locationConfidence":"indicative","placement":"from the NTKMA master KML"},"geometry":{"type":"Point","coordinates":[73.82528016532733,19.96908922990014]}},{"type":"Feature","properties":{"name":"Z22-C18","zone":"Zone 22","locationConfidence":"indicative","placement":"from the NTKMA master KML"},"geometry":{"type":"Point","coordinates":[73.82761883903139,19.96930699144663]}},{"type":"Feature","properties":{"name":"Z22-C19","zone":"Zone 22","locationConfidence":"indicative","placement":"from the NTKMA master KML"},"geometry":{"type":"Point","coordinates":[73.8262188001496,19.96921678414114]}},{"type":"Feature","properties":{"name":"Z22-C20","zone":"Zone 22","locationConfidence":"indicative","placement":"from the NTKMA master KML"},"geometry":{"type":"Point","coordinates":[73.82943766749432,19.96913207473747]}},{"type":"Feature","properties":{"name":"Z22-C21","zone":"Zone 22","locationConfidence":"indicative","placement":"from the NTKMA master KML"},"geometry":{"type":"Point","coordinates":[73.82643633643076,19.96912134268741]}},{"type":"Feature","properties":{"name":"Z22-C22","zone":"Zone 22","locationConfidence":"indicative","placement":"from the NTKMA master KML"},"geometry":{"type":"Point","coordinates":[73.82943802970257,19.96907505251585]}},{"type":"Feature","properties":{"name":"Z22-C23","zone":"Zone 22","locationConfidence":"indicative","placement":"from the NTKMA master KML"},"geometry":{"type":"Point","coordinates":[73.82675634177208,19.96937638542345]}},{"type":"Feature","properties":{"name":"Z22-C24","zone":"Zone 22","locationConfidence":"indicative","placement":"from the NTKMA master KML"},"geometry":{"type":"Point","coordinates":[73.8289812610593,19.96924213694076]}},{"type":"Feature","properties":{"name":"Z22-C25","zone":"Zone 22","locationConfidence":"indicative","placement":"from the NTKMA master KML"},"geometry":{"type":"Point","coordinates":[73.83069370254968,19.96882513287592]}},{"type":"Feature","properties":{"name":"Z22-C26","zone":"Zone 22","locationConfidence":"indicative","placement":"from the NTKMA master KML"},"geometry":{"type":"Point","coordinates":[73.82755792999093,19.96886762121961]}},{"type":"Feature","properties":{"name":"Z22-C27","zone":"Zone 22","locationConfidence":"indicative","placement":"from the NTKMA master KML"},"geometry":{"type":"Point","coordinates":[73.82527180665913,19.96923235211324]}},{"type":"Feature","properties":{"name":"Z22-C28","zone":"Zone 22","locationConfidence":"indicative","placement":"from the NTKMA master KML"},"geometry":{"type":"Point","coordinates":[73.82665931892781,19.96925759088493]}},{"type":"Feature","properties":{"name":"Z22-C29","zone":"Zone 22","locationConfidence":"indicative","placement":"from the NTKMA master KML"},"geometry":{"type":"Point","coordinates":[73.82864049214935,19.96874846528431]}},{"type":"Feature","properties":{"name":"Z22-C30","zone":"Zone 22","locationConfidence":"indicative","placement":"from the NTKMA master KML"},"geometry":{"type":"Point","coordinates":[73.83066998704841,19.96918048711533]}},{"type":"Feature","properties":{"name":"Z22-C31","zone":"Zone 22","locationConfidence":"indicative","placement":"from the NTKMA master KML"},"geometry":{"type":"Point","coordinates":[73.82768087945846,19.96897763517162]}},{"type":"Feature","properties":{"name":"Z22-C32","zone":"Zone 22","locationConfidence":"indicative","placement":"from the NTKMA master KML"},"geometry":{"type":"Point","coordinates":[73.8261530567782,19.96909004622614]}},{"type":"Feature","properties":{"name":"Z22-C33","zone":"Zone 22","locationConfidence":"indicative","placement":"from the NTKMA master KML"},"geometry":{"type":"Point","coordinates":[73.83029750080054,19.96901466016892]}},{"type":"Feature","properties":{"name":"Z22-C34","zone":"Zone 22","locationConfidence":"indicative","placement":"from the NTKMA master KML"},"geometry":{"type":"Point","coordinates":[73.8305105369176,19.9686581200187]}},{"type":"Feature","properties":{"name":"Z22-C35","zone":"Zone 22","locationConfidence":"indicative","placement":"from the NTKMA master KML"},"geometry":{"type":"Point","coordinates":[73.83058098048522,19.96870239565702]}},{"type":"Feature","properties":{"name":"Z22-C36","zone":"Zone 22","locationConfidence":"indicative","placement":"from the NTKMA master KML"},"geometry":{"type":"Point","coordinates":[73.83075849548268,19.96893914254339]}},{"type":"Feature","properties":{"name":"Z22-C37","zone":"Zone 22","locationConfidence":"indicative","placement":"from the NTKMA master KML"},"geometry":{"type":"Point","coordinates":[73.82695098380773,19.96897357545954]}},{"type":"Feature","properties":{"name":"Z22-C38","zone":"Zone 22","locationConfidence":"indicative","placement":"from the NTKMA master KML"},"geometry":{"type":"Point","coordinates":[73.82932959164684,19.96893556487015]}},{"type":"Feature","properties":{"name":"Z22-C39","zone":"Zone 22","locationConfidence":"indicative","placement":"from the NTKMA master KML"},"geometry":{"type":"Point","coordinates":[73.82874517525912,19.9690737908915]}},{"type":"Feature","properties":{"name":"Z22-C40","zone":"Zone 22","locationConfidence":"indicative","placement":"from the NTKMA master KML"},"geometry":{"type":"Point","coordinates":[73.82956733315415,19.96908309629796]}},{"type":"Feature","properties":{"name":"Z23-C1","zone":"Zone 23","locationConfidence":"indicative","placement":"from the NTKMA master KML"},"geometry":{"type":"Point","coordinates":[73.82429900393228,19.96825809365523]}},{"type":"Feature","properties":{"name":"Z23-C2","zone":"Zone 23","locationConfidence":"indicative","placement":"from the NTKMA master KML"},"geometry":{"type":"Point","coordinates":[73.82502443729226,19.96811619801299]}},{"type":"Feature","properties":{"name":"Z23-C3","zone":"Zone 23","locationConfidence":"indicative","placement":"from the NTKMA master KML"},"geometry":{"type":"Point","coordinates":[73.82534455309178,19.96814891473364]}},{"type":"Feature","properties":{"name":"Z23-C4","zone":"Zone 23","locationConfidence":"indicative","placement":"from the NTKMA master KML"},"geometry":{"type":"Point","coordinates":[73.8253556072321,19.9682899091843]}},{"type":"Feature","properties":{"name":"Z23-C5","zone":"Zone 23","locationConfidence":"indicative","placement":"from the NTKMA master KML"},"geometry":{"type":"Point","coordinates":[73.82527648216845,19.96823503746952]}},{"type":"Feature","properties":{"name":"Z23-C6","zone":"Zone 23","locationConfidence":"indicative","placement":"from the NTKMA master KML"},"geometry":{"type":"Point","coordinates":[73.82517302981442,19.96844340290628]}},{"type":"Feature","properties":{"name":"Z23-C7","zone":"Zone 23","locationConfidence":"indicative","placement":"from the NTKMA master KML"},"geometry":{"type":"Point","coordinates":[73.82513722071528,19.96797198991029]}},{"type":"Feature","properties":{"name":"Z23-C8","zone":"Zone 23","locationConfidence":"indicative","placement":"from the NTKMA master KML"},"geometry":{"type":"Point","coordinates":[73.82419730456054,19.96773467636745]}},{"type":"Feature","properties":{"name":"Z23-C9","zone":"Zone 23","locationConfidence":"indicative","placement":"from the NTKMA master KML"},"geometry":{"type":"Point","coordinates":[73.82391249367994,19.96834522152053]}},{"type":"Feature","properties":{"name":"Z23-C10","zone":"Zone 23","locationConfidence":"indicative","placement":"from the NTKMA master KML"},"geometry":{"type":"Point","coordinates":[73.82475387762368,19.96793356674128]}},{"type":"Feature","properties":{"name":"Z23-C11","zone":"Zone 23","locationConfidence":"indicative","placement":"from the NTKMA master KML"},"geometry":{"type":"Point","coordinates":[73.82398167129216,19.96850715381802]}},{"type":"Feature","properties":{"name":"Z23-C12","zone":"Zone 23","locationConfidence":"indicative","placement":"from the NTKMA master KML"},"geometry":{"type":"Point","coordinates":[73.82529336745955,19.96845568660327]}},{"type":"Feature","properties":{"name":"Z23-C13","zone":"Zone 23","locationConfidence":"indicative","placement":"from the NTKMA master KML"},"geometry":{"type":"Point","coordinates":[73.82430481014653,19.96857477224089]}},{"type":"Feature","properties":{"name":"Z23-C14","zone":"Zone 23","locationConfidence":"indicative","placement":"from the NTKMA master KML"},"geometry":{"type":"Point","coordinates":[73.82395819793163,19.96780452543223]}},{"type":"Feature","properties":{"name":"Z23-C15","zone":"Zone 23","locationConfidence":"indicative","placement":"from the NTKMA master KML"},"geometry":{"type":"Point","coordinates":[73.82549807883109,19.96869644624377]}},{"type":"Feature","properties":{"name":"Z23-C16","zone":"Zone 23","locationConfidence":"indicative","placement":"from the NTKMA master KML"},"geometry":{"type":"Point","coordinates":[73.82543660684786,19.9686466864522]}},{"type":"Feature","properties":{"name":"Z23-C17","zone":"Zone 23","locationConfidence":"indicative","placement":"from the NTKMA master KML"},"geometry":{"type":"Point","coordinates":[73.8250107523217,19.96821891229186]}},{"type":"Feature","properties":{"name":"Z23-C18","zone":"Zone 23","locationConfidence":"indicative","placement":"from the NTKMA master KML"},"geometry":{"type":"Point","coordinates":[73.82466716074303,19.96810738282488]}},{"type":"Feature","properties":{"name":"Z23-C19","zone":"Zone 23","locationConfidence":"indicative","placement":"from the NTKMA master KML"},"geometry":{"type":"Point","coordinates":[73.82438017300957,19.96862139255598]}},{"type":"Feature","properties":{"name":"Z23-C20","zone":"Zone 23","locationConfidence":"indicative","placement":"from the NTKMA master KML"},"geometry":{"type":"Point","coordinates":[73.82469795274817,19.96843117277634]}},{"type":"Feature","properties":{"name":"Z23-C21","zone":"Zone 23","locationConfidence":"indicative","placement":"from the NTKMA master KML"},"geometry":{"type":"Point","coordinates":[73.82403750311067,19.96857656098051]}},{"type":"Feature","properties":{"name":"Z23-C22","zone":"Zone 23","locationConfidence":"indicative","placement":"from the NTKMA master KML"},"geometry":{"type":"Point","coordinates":[73.82491331368675,19.96814082478586]}},{"type":"Feature","properties":{"name":"Z23-C23","zone":"Zone 23","locationConfidence":"indicative","placement":"from the NTKMA master KML"},"geometry":{"type":"Point","coordinates":[73.82429076633709,19.96829251255571]}},{"type":"Feature","properties":{"name":"Z23-C24","zone":"Zone 23","locationConfidence":"indicative","placement":"from the NTKMA master KML"},"geometry":{"type":"Point","coordinates":[73.82423480537322,19.9677113030973]}},{"type":"Feature","properties":{"name":"Z23-C25","zone":"Zone 23","locationConfidence":"indicative","placement":"from the NTKMA master KML"},"geometry":{"type":"Point","coordinates":[73.82548004679357,19.9677910070058]}},{"type":"Feature","properties":{"name":"Z23-C26","zone":"Zone 23","locationConfidence":"indicative","placement":"from the NTKMA master KML"},"geometry":{"type":"Point","coordinates":[73.82391674427058,19.96863909882712]}},{"type":"Feature","properties":{"name":"Z23-C27","zone":"Zone 23","locationConfidence":"indicative","placement":"from the NTKMA master KML"},"geometry":{"type":"Point","coordinates":[73.82426214580579,19.96769489076614]}},{"type":"Feature","properties":{"name":"Z23-C28","zone":"Zone 23","locationConfidence":"indicative","placement":"from the NTKMA master KML"},"geometry":{"type":"Point","coordinates":[73.8246487900586,19.96843596054489]}},{"type":"Feature","properties":{"name":"Z23-C29","zone":"Zone 23","locationConfidence":"indicative","placement":"from the NTKMA master KML"},"geometry":{"type":"Point","coordinates":[73.82544797559278,19.96808598055262]}},{"type":"Feature","properties":{"name":"Z23-C30","zone":"Zone 23","locationConfidence":"indicative","placement":"from the NTKMA master KML"},"geometry":{"type":"Point","coordinates":[73.82512206546525,19.96805720378214]}},{"type":"Feature","properties":{"name":"Z23-C31","zone":"Zone 23","locationConfidence":"indicative","placement":"from the NTKMA master KML"},"geometry":{"type":"Point","coordinates":[73.82490080530101,19.96810200370626]}},{"type":"Feature","properties":{"name":"Z23-C32","zone":"Zone 23","locationConfidence":"indicative","placement":"from the NTKMA master KML"},"geometry":{"type":"Point","coordinates":[73.82517945505579,19.96822699647737]}},{"type":"Feature","properties":{"name":"Z23-C33","zone":"Zone 23","locationConfidence":"indicative","placement":"from the NTKMA master KML"},"geometry":{"type":"Point","coordinates":[73.82541137129506,19.96792491177966]}},{"type":"Feature","properties":{"name":"Z23-C34","zone":"Zone 23","locationConfidence":"indicative","placement":"from the NTKMA master KML"},"geometry":{"type":"Point","coordinates":[73.82401854645317,19.96855567179842]}},{"type":"Feature","properties":{"name":"Z23-C35","zone":"Zone 23","locationConfidence":"indicative","placement":"from the NTKMA master KML"},"geometry":{"type":"Point","coordinates":[73.82451459185805,19.96848828513719]}},{"type":"Feature","properties":{"name":"Z23-C36","zone":"Zone 23","locationConfidence":"indicative","placement":"from the NTKMA master KML"},"geometry":{"type":"Point","coordinates":[73.82469708214644,19.96850527762528]}},{"type":"Feature","properties":{"name":"Z23-C37","zone":"Zone 23","locationConfidence":"indicative","placement":"from the NTKMA master KML"},"geometry":{"type":"Point","coordinates":[73.82501759500056,19.96818781349807]}},{"type":"Feature","properties":{"name":"Z23-C38","zone":"Zone 23","locationConfidence":"indicative","placement":"from the NTKMA master KML"},"geometry":{"type":"Point","coordinates":[73.82555263250627,19.96804524115801]}},{"type":"Feature","properties":{"name":"Z23-C39","zone":"Zone 23","locationConfidence":"indicative","placement":"from the NTKMA master KML"},"geometry":{"type":"Point","coordinates":[73.82396441565258,19.9678256978543]}},{"type":"Feature","properties":{"name":"Z23-C40","zone":"Zone 23","locationConfidence":"indicative","placement":"from the NTKMA master KML"},"geometry":{"type":"Point","coordinates":[73.82500151914205,19.96828679188824]}},{"type":"Feature","properties":{"name":"Z24-C1","zone":"Zone 24","locationConfidence":"indicative","placement":"from the NTKMA master KML"},"geometry":{"type":"Point","coordinates":[73.76893129984545,20.03764039318122]}},{"type":"Feature","properties":{"name":"Z24-C2","zone":"Zone 24","locationConfidence":"indicative","placement":"from the NTKMA master KML"},"geometry":{"type":"Point","coordinates":[73.76894288481272,20.03441663281509]}},{"type":"Feature","properties":{"name":"Z24-C3","zone":"Zone 24","locationConfidence":"indicative","placement":"from the NTKMA master KML"},"geometry":{"type":"Point","coordinates":[73.76950530025354,20.03779733755788]}},{"type":"Feature","properties":{"name":"Z24-C4","zone":"Zone 24","locationConfidence":"indicative","placement":"from the NTKMA master KML"},"geometry":{"type":"Point","coordinates":[73.7689011990349,20.03585889369456]}},{"type":"Feature","properties":{"name":"Z24-C5","zone":"Zone 24","locationConfidence":"indicative","placement":"from the NTKMA master KML"},"geometry":{"type":"Point","coordinates":[73.7697315171715,20.03702600824094]}},{"type":"Feature","properties":{"name":"Z24-C6","zone":"Zone 24","locationConfidence":"indicative","placement":"from the NTKMA master KML"},"geometry":{"type":"Point","coordinates":[73.7686591070875,20.03501152373502]}},{"type":"Feature","properties":{"name":"Z24-C7","zone":"Zone 24","locationConfidence":"indicative","placement":"from the NTKMA master KML"},"geometry":{"type":"Point","coordinates":[73.76984901760177,20.03481429602747]}},{"type":"Feature","properties":{"name":"Z24-C8","zone":"Zone 24","locationConfidence":"indicative","placement":"from the NTKMA master KML"},"geometry":{"type":"Point","coordinates":[73.76884978588237,20.03494479664907]}},{"type":"Feature","properties":{"name":"Z24-C9","zone":"Zone 24","locationConfidence":"indicative","placement":"from the NTKMA master KML"},"geometry":{"type":"Point","coordinates":[73.77021721088659,20.03738918314003]}},{"type":"Feature","properties":{"name":"Z24-C10","zone":"Zone 24","locationConfidence":"indicative","placement":"from the NTKMA master KML"},"geometry":{"type":"Point","coordinates":[73.7689049784255,20.03707940216837]}},{"type":"Feature","properties":{"name":"Z24-C11","zone":"Zone 24","locationConfidence":"indicative","placement":"from the NTKMA master KML"},"geometry":{"type":"Point","coordinates":[73.76989668110289,20.03455163163911]}},{"type":"Feature","properties":{"name":"Z24-C12","zone":"Zone 24","locationConfidence":"indicative","placement":"from the NTKMA master KML"},"geometry":{"type":"Point","coordinates":[73.77080418082937,20.03757181409574]}},{"type":"Feature","properties":{"name":"Z24-C13","zone":"Zone 24","locationConfidence":"indicative","placement":"from the NTKMA master KML"},"geometry":{"type":"Point","coordinates":[73.76923048504149,20.03686203615503]}},{"type":"Feature","properties":{"name":"Z24-C14","zone":"Zone 24","locationConfidence":"indicative","placement":"from the NTKMA master KML"},"geometry":{"type":"Point","coordinates":[73.76945030414595,20.03570306760957]}},{"type":"Feature","properties":{"name":"Z24-C15","zone":"Zone 24","locationConfidence":"indicative","placement":"from the NTKMA master KML"},"geometry":{"type":"Point","coordinates":[73.76928123306453,20.03614879794693]}},{"type":"Feature","properties":{"name":"Z24-C16","zone":"Zone 24","locationConfidence":"indicative","placement":"from the NTKMA master KML"},"geometry":{"type":"Point","coordinates":[73.76948856533764,20.03581565258136]}},{"type":"Feature","properties":{"name":"Z24-C17","zone":"Zone 24","locationConfidence":"indicative","placement":"from the NTKMA master KML"},"geometry":{"type":"Point","coordinates":[73.76893239595759,20.03728898970054]}},{"type":"Feature","properties":{"name":"Z24-C18","zone":"Zone 24","locationConfidence":"indicative","placement":"from the NTKMA master KML"},"geometry":{"type":"Point","coordinates":[73.76983185828736,20.03741590798049]}},{"type":"Feature","properties":{"name":"Z24-C19","zone":"Zone 24","locationConfidence":"indicative","placement":"from the NTKMA master KML"},"geometry":{"type":"Point","coordinates":[73.7697557917928,20.03487136545198]}},{"type":"Feature","properties":{"name":"Z24-C20","zone":"Zone 24","locationConfidence":"indicative","placement":"from the NTKMA master KML"},"geometry":{"type":"Point","coordinates":[73.76898631776683,20.03689856121423]}},{"type":"Feature","properties":{"name":"Z24-C21","zone":"Zone 24","locationConfidence":"indicative","placement":"from the NTKMA master KML"},"geometry":{"type":"Point","coordinates":[73.76924335746422,20.03408465496921]}},{"type":"Feature","properties":{"name":"Z24-C22","zone":"Zone 24","locationConfidence":"indicative","placement":"from the NTKMA master KML"},"geometry":{"type":"Point","coordinates":[73.77034009683773,20.03718421364359]}},{"type":"Feature","properties":{"name":"Z24-C23","zone":"Zone 24","locationConfidence":"indicative","placement":"from the NTKMA master KML"},"geometry":{"type":"Point","coordinates":[73.76966700748248,20.03674150069282]}},{"type":"Feature","properties":{"name":"Z24-C24","zone":"Zone 24","locationConfidence":"indicative","placement":"from the NTKMA master KML"},"geometry":{"type":"Point","coordinates":[73.77051141068486,20.03701892976051]}},{"type":"Feature","properties":{"name":"Z24-C25","zone":"Zone 24","locationConfidence":"indicative","placement":"from the NTKMA master KML"},"geometry":{"type":"Point","coordinates":[73.77015611736472,20.03715296848152]}},{"type":"Feature","properties":{"name":"Z24-C26","zone":"Zone 24","locationConfidence":"indicative","placement":"from the NTKMA master KML"},"geometry":{"type":"Point","coordinates":[73.76965971531207,20.03417917236466]}},{"type":"Feature","properties":{"name":"Z24-C27","zone":"Zone 24","locationConfidence":"indicative","placement":"from the NTKMA master KML"},"geometry":{"type":"Point","coordinates":[73.76927018092235,20.03729883503055]}},{"type":"Feature","properties":{"name":"Z24-C28","zone":"Zone 24","locationConfidence":"indicative","placement":"from the NTKMA master KML"},"geometry":{"type":"Point","coordinates":[73.76951275747592,20.03651311337635]}},{"type":"Feature","properties":{"name":"Z24-C29","zone":"Zone 24","locationConfidence":"indicative","placement":"from the NTKMA master KML"},"geometry":{"type":"Point","coordinates":[73.7696149003488,20.03596741246584]}},{"type":"Feature","properties":{"name":"Z24-C30","zone":"Zone 24","locationConfidence":"indicative","placement":"from the NTKMA master KML"},"geometry":{"type":"Point","coordinates":[73.76914983245707,20.03766212403193]}},{"type":"Feature","properties":{"name":"Z24-C31","zone":"Zone 24","locationConfidence":"indicative","placement":"from the NTKMA master KML"},"geometry":{"type":"Point","coordinates":[73.76988146923189,20.03440915223374]}},{"type":"Feature","properties":{"name":"Z24-C32","zone":"Zone 24","locationConfidence":"indicative","placement":"from the NTKMA master KML"},"geometry":{"type":"Point","coordinates":[73.76925087344817,20.03776863692657]}},{"type":"Feature","properties":{"name":"Z24-C33","zone":"Zone 24","locationConfidence":"indicative","placement":"from the NTKMA master KML"},"geometry":{"type":"Point","coordinates":[73.770806261908,20.03684732268722]}},{"type":"Feature","properties":{"name":"Z24-C34","zone":"Zone 24","locationConfidence":"indicative","placement":"from the NTKMA master KML"},"geometry":{"type":"Point","coordinates":[73.76934883072897,20.03678754703007]}},{"type":"Feature","properties":{"name":"Z24-C35","zone":"Zone 24","locationConfidence":"indicative","placement":"from the NTKMA master KML"},"geometry":{"type":"Point","coordinates":[73.76948190671379,20.03685208253535]}},{"type":"Feature","properties":{"name":"Z24-C36","zone":"Zone 24","locationConfidence":"indicative","placement":"from the NTKMA master KML"},"geometry":{"type":"Point","coordinates":[73.76873249505168,20.03599665954916]}},{"type":"Feature","properties":{"name":"Z24-C37","zone":"Zone 24","locationConfidence":"indicative","placement":"from the NTKMA master KML"},"geometry":{"type":"Point","coordinates":[73.76891042452876,20.03606521395642]}},{"type":"Feature","properties":{"name":"Z24-C38","zone":"Zone 24","locationConfidence":"indicative","placement":"from the NTKMA master KML"},"geometry":{"type":"Point","coordinates":[73.76949070343773,20.03423361003854]}},{"type":"Feature","properties":{"name":"Z24-C39","zone":"Zone 24","locationConfidence":"indicative","placement":"from the NTKMA master KML"},"geometry":{"type":"Point","coordinates":[73.76976130839387,20.0348816412477]}},{"type":"Feature","properties":{"name":"Z24-C40","zone":"Zone 24","locationConfidence":"indicative","placement":"from the NTKMA master KML"},"geometry":{"type":"Point","coordinates":[73.76907384752124,20.03677385427232]}},{"type":"Feature","properties":{"name":"Z25-C1","zone":"Zone 25","locationConfidence":"indicative","placement":"from the NTKMA master KML"},"geometry":{"type":"Point","coordinates":[73.73872356471875,20.0404550450047]}},{"type":"Feature","properties":{"name":"Z25-C2","zone":"Zone 25","locationConfidence":"indicative","placement":"from the NTKMA master KML"},"geometry":{"type":"Point","coordinates":[73.73881473537195,20.04035739052265]}},{"type":"Feature","properties":{"name":"Z25-C3","zone":"Zone 25","locationConfidence":"indicative","placement":"from the NTKMA master KML"},"geometry":{"type":"Point","coordinates":[73.73791766503338,20.04062514008561]}},{"type":"Feature","properties":{"name":"Z25-C4","zone":"Zone 25","locationConfidence":"indicative","placement":"from the NTKMA master KML"},"geometry":{"type":"Point","coordinates":[73.73901921629896,20.03864994695912]}},{"type":"Feature","properties":{"name":"Z25-C5","zone":"Zone 25","locationConfidence":"indicative","placement":"from the NTKMA master KML"},"geometry":{"type":"Point","coordinates":[73.73775843072788,20.03974619928995]}},{"type":"Feature","properties":{"name":"Z25-C6","zone":"Zone 25","locationConfidence":"indicative","placement":"from the NTKMA master KML"},"geometry":{"type":"Point","coordinates":[73.73844367905106,20.04004777448695]}},{"type":"Feature","properties":{"name":"Z25-C7","zone":"Zone 25","locationConfidence":"indicative","placement":"from the NTKMA master KML"},"geometry":{"type":"Point","coordinates":[73.73903127327209,20.03939161350765]}},{"type":"Feature","properties":{"name":"Z25-C8","zone":"Zone 25","locationConfidence":"indicative","placement":"from the NTKMA master KML"},"geometry":{"type":"Point","coordinates":[73.7386535815978,20.03959409656346]}},{"type":"Feature","properties":{"name":"Z25-C9","zone":"Zone 25","locationConfidence":"indicative","placement":"from the NTKMA master KML"},"geometry":{"type":"Point","coordinates":[73.73866202797025,20.03938826349724]}},{"type":"Feature","properties":{"name":"Z25-C10","zone":"Zone 25","locationConfidence":"indicative","placement":"from the NTKMA master KML"},"geometry":{"type":"Point","coordinates":[73.73748722232054,20.03944066458117]}},{"type":"Feature","properties":{"name":"Z25-C11","zone":"Zone 25","locationConfidence":"indicative","placement":"from the NTKMA master KML"},"geometry":{"type":"Point","coordinates":[73.73925651597081,20.03898854834423]}},{"type":"Feature","properties":{"name":"Z25-C12","zone":"Zone 25","locationConfidence":"indicative","placement":"from the NTKMA master KML"},"geometry":{"type":"Point","coordinates":[73.73999031530201,20.03985400800902]}},{"type":"Feature","properties":{"name":"Z25-C13","zone":"Zone 25","locationConfidence":"indicative","placement":"from the NTKMA master KML"},"geometry":{"type":"Point","coordinates":[73.73856843583827,20.0398542605033]}},{"type":"Feature","properties":{"name":"Z25-C14","zone":"Zone 25","locationConfidence":"indicative","placement":"from the NTKMA master KML"},"geometry":{"type":"Point","coordinates":[73.73819633476218,20.03928412277972]}},{"type":"Feature","properties":{"name":"Z25-C15","zone":"Zone 25","locationConfidence":"indicative","placement":"from the NTKMA master KML"},"geometry":{"type":"Point","coordinates":[73.73668778305753,20.04003775055563]}},{"type":"Feature","properties":{"name":"Z25-C16","zone":"Zone 25","locationConfidence":"indicative","placement":"from the NTKMA master KML"},"geometry":{"type":"Point","coordinates":[73.73766558186398,20.04015014445484]}},{"type":"Feature","properties":{"name":"Z25-C17","zone":"Zone 25","locationConfidence":"indicative","placement":"from the NTKMA master KML"},"geometry":{"type":"Point","coordinates":[73.7398831488528,20.03970293262142]}},{"type":"Feature","properties":{"name":"Z25-C18","zone":"Zone 25","locationConfidence":"indicative","placement":"from the NTKMA master KML"},"geometry":{"type":"Point","coordinates":[73.7382076353308,20.0392591986762]}},{"type":"Feature","properties":{"name":"Z25-C19","zone":"Zone 25","locationConfidence":"indicative","placement":"from the NTKMA master KML"},"geometry":{"type":"Point","coordinates":[73.73763197416827,20.04016993555791]}},{"type":"Feature","properties":{"name":"Z25-C20","zone":"Zone 25","locationConfidence":"indicative","placement":"from the NTKMA master KML"},"geometry":{"type":"Point","coordinates":[73.73701467526713,20.03998243764202]}},{"type":"Feature","properties":{"name":"Z25-C21","zone":"Zone 25","locationConfidence":"indicative","placement":"from the NTKMA master KML"},"geometry":{"type":"Point","coordinates":[73.73921097754284,20.03931862074561]}},{"type":"Feature","properties":{"name":"Z25-C22","zone":"Zone 25","locationConfidence":"indicative","placement":"from the NTKMA master KML"},"geometry":{"type":"Point","coordinates":[73.73696363485506,20.03978741328953]}},{"type":"Feature","properties":{"name":"Z25-C23","zone":"Zone 25","locationConfidence":"indicative","placement":"from the NTKMA master KML"},"geometry":{"type":"Point","coordinates":[73.73782243637415,20.04003224161429]}},{"type":"Feature","properties":{"name":"Z25-C24","zone":"Zone 25","locationConfidence":"indicative","placement":"from the NTKMA master KML"},"geometry":{"type":"Point","coordinates":[73.73666345500708,20.04002659998542]}},{"type":"Feature","properties":{"name":"Z25-C25","zone":"Zone 25","locationConfidence":"indicative","placement":"from the NTKMA master KML"},"geometry":{"type":"Point","coordinates":[73.73772052628738,20.04038424455586]}},{"type":"Feature","properties":{"name":"Z25-C26","zone":"Zone 25","locationConfidence":"indicative","placement":"from the NTKMA master KML"},"geometry":{"type":"Point","coordinates":[73.73972421541237,20.03955137127675]}},{"type":"Feature","properties":{"name":"Z25-C27","zone":"Zone 25","locationConfidence":"indicative","placement":"from the NTKMA master KML"},"geometry":{"type":"Point","coordinates":[73.73710492098809,20.04036715815127]}},{"type":"Feature","properties":{"name":"Z25-C28","zone":"Zone 25","locationConfidence":"indicative","placement":"from the NTKMA master KML"},"geometry":{"type":"Point","coordinates":[73.73732097308381,20.03923191843973]}},{"type":"Feature","properties":{"name":"Z25-C29","zone":"Zone 25","locationConfidence":"indicative","placement":"from the NTKMA master KML"},"geometry":{"type":"Point","coordinates":[73.73735600783564,20.04060290774835]}},{"type":"Feature","properties":{"name":"Z25-C30","zone":"Zone 25","locationConfidence":"indicative","placement":"from the NTKMA master KML"},"geometry":{"type":"Point","coordinates":[73.73685588370509,20.03887498675006]}},{"type":"Feature","properties":{"name":"Z25-C31","zone":"Zone 25","locationConfidence":"indicative","placement":"from the NTKMA master KML"},"geometry":{"type":"Point","coordinates":[73.73725890342105,20.04062297941796]}},{"type":"Feature","properties":{"name":"Z25-C32","zone":"Zone 25","locationConfidence":"indicative","placement":"from the NTKMA master KML"},"geometry":{"type":"Point","coordinates":[73.7392691477986,20.03949282456341]}},{"type":"Feature","properties":{"name":"Z25-C33","zone":"Zone 25","locationConfidence":"indicative","placement":"from the NTKMA master KML"},"geometry":{"type":"Point","coordinates":[73.73735810627427,20.03951162706417]}},{"type":"Feature","properties":{"name":"Z25-C34","zone":"Zone 25","locationConfidence":"indicative","placement":"from the NTKMA master KML"},"geometry":{"type":"Point","coordinates":[73.73825187339294,20.03896315030946]}},{"type":"Feature","properties":{"name":"Z25-C35","zone":"Zone 25","locationConfidence":"indicative","placement":"from the NTKMA master KML"},"geometry":{"type":"Point","coordinates":[73.73779062232674,20.04002239097537]}},{"type":"Feature","properties":{"name":"Z25-C36","zone":"Zone 25","locationConfidence":"indicative","placement":"from the NTKMA master KML"},"geometry":{"type":"Point","coordinates":[73.73744079856252,20.03926515861695]}},{"type":"Feature","properties":{"name":"Z25-C37","zone":"Zone 25","locationConfidence":"indicative","placement":"from the NTKMA master KML"},"geometry":{"type":"Point","coordinates":[73.73714075570156,20.03950586120745]}},{"type":"Feature","properties":{"name":"Z25-C38","zone":"Zone 25","locationConfidence":"indicative","placement":"from the NTKMA master KML"},"geometry":{"type":"Point","coordinates":[73.73661560703326,20.03983273712551]}},{"type":"Feature","properties":{"name":"Z25-C39","zone":"Zone 25","locationConfidence":"indicative","placement":"from the NTKMA master KML"},"geometry":{"type":"Point","coordinates":[73.73938951302995,20.03969813140528]}},{"type":"Feature","properties":{"name":"Z25-C40","zone":"Zone 25","locationConfidence":"indicative","placement":"from the NTKMA master KML"},"geometry":{"type":"Point","coordinates":[73.73882722000077,20.03973029453211]}},{"type":"Feature","properties":{"name":"Z26-C1","zone":"Zone 26","locationConfidence":"indicative","placement":"from the NTKMA master KML"},"geometry":{"type":"Point","coordinates":[73.83487408396579,20.01431177602305]}},{"type":"Feature","properties":{"name":"Z26-C2","zone":"Zone 26","locationConfidence":"indicative","placement":"from the NTKMA master KML"},"geometry":{"type":"Point","coordinates":[73.8324587145217,20.01442810526591]}},{"type":"Feature","properties":{"name":"Z26-C3","zone":"Zone 26","locationConfidence":"indicative","placement":"from the NTKMA master KML"},"geometry":{"type":"Point","coordinates":[73.83215118274927,20.01258995857584]}},{"type":"Feature","properties":{"name":"Z26-C4","zone":"Zone 26","locationConfidence":"indicative","placement":"from the NTKMA master KML"},"geometry":{"type":"Point","coordinates":[73.83521622723669,20.01292526386894]}},{"type":"Feature","properties":{"name":"Z26-C5","zone":"Zone 26","locationConfidence":"indicative","placement":"from the NTKMA master KML"},"geometry":{"type":"Point","coordinates":[73.83518512500596,20.01352259115683]}},{"type":"Feature","properties":{"name":"Z26-C6","zone":"Zone 26","locationConfidence":"indicative","placement":"from the NTKMA master KML"},"geometry":{"type":"Point","coordinates":[73.83518666541987,20.01266616192677]}},{"type":"Feature","properties":{"name":"Z26-C7","zone":"Zone 26","locationConfidence":"indicative","placement":"from the NTKMA master KML"},"geometry":{"type":"Point","coordinates":[73.8331870785052,20.01281636893228]}},{"type":"Feature","properties":{"name":"Z26-C8","zone":"Zone 26","locationConfidence":"indicative","placement":"from the NTKMA master KML"},"geometry":{"type":"Point","coordinates":[73.83416195174799,20.01256703958362]}},{"type":"Feature","properties":{"name":"Z26-C9","zone":"Zone 26","locationConfidence":"indicative","placement":"from the NTKMA master KML"},"geometry":{"type":"Point","coordinates":[73.8333409592349,20.01370987565238]}},{"type":"Feature","properties":{"name":"Z26-C10","zone":"Zone 26","locationConfidence":"indicative","placement":"from the NTKMA master KML"},"geometry":{"type":"Point","coordinates":[73.83515217408771,20.01369842675087]}},{"type":"Feature","properties":{"name":"Z26-C11","zone":"Zone 26","locationConfidence":"indicative","placement":"from the NTKMA master KML"},"geometry":{"type":"Point","coordinates":[73.83529016059516,20.01369877357905]}},{"type":"Feature","properties":{"name":"Z26-C12","zone":"Zone 26","locationConfidence":"indicative","placement":"from the NTKMA master KML"},"geometry":{"type":"Point","coordinates":[73.83311740922683,20.01313401018514]}},{"type":"Feature","properties":{"name":"Z26-C13","zone":"Zone 26","locationConfidence":"indicative","placement":"from the NTKMA master KML"},"geometry":{"type":"Point","coordinates":[73.83422286660672,20.01289412823087]}},{"type":"Feature","properties":{"name":"Z26-C14","zone":"Zone 26","locationConfidence":"indicative","placement":"from the NTKMA master KML"},"geometry":{"type":"Point","coordinates":[73.83648335053654,20.01335710222964]}},{"type":"Feature","properties":{"name":"Z26-C15","zone":"Zone 26","locationConfidence":"indicative","placement":"from the NTKMA master KML"},"geometry":{"type":"Point","coordinates":[73.83395179141141,20.01291434885005]}},{"type":"Feature","properties":{"name":"Z26-C16","zone":"Zone 26","locationConfidence":"indicative","placement":"from the NTKMA master KML"},"geometry":{"type":"Point","coordinates":[73.83246844956153,20.01369080632726]}},{"type":"Feature","properties":{"name":"Z26-C17","zone":"Zone 26","locationConfidence":"indicative","placement":"from the NTKMA master KML"},"geometry":{"type":"Point","coordinates":[73.83418760773131,20.01399524767172]}},{"type":"Feature","properties":{"name":"Z26-C18","zone":"Zone 26","locationConfidence":"indicative","placement":"from the NTKMA master KML"},"geometry":{"type":"Point","coordinates":[73.83514493276816,20.01267405876905]}},{"type":"Feature","properties":{"name":"Z26-C19","zone":"Zone 26","locationConfidence":"indicative","placement":"from the NTKMA master KML"},"geometry":{"type":"Point","coordinates":[73.83373161761301,20.01293344125948]}},{"type":"Feature","properties":{"name":"Z26-C20","zone":"Zone 26","locationConfidence":"indicative","placement":"from the NTKMA master KML"},"geometry":{"type":"Point","coordinates":[73.83583214211073,20.01399140928176]}},{"type":"Feature","properties":{"name":"Z26-C21","zone":"Zone 26","locationConfidence":"indicative","placement":"from the NTKMA master KML"},"geometry":{"type":"Point","coordinates":[73.83296590692623,20.01380612153988]}},{"type":"Feature","properties":{"name":"Z26-C22","zone":"Zone 26","locationConfidence":"indicative","placement":"from the NTKMA master KML"},"geometry":{"type":"Point","coordinates":[73.83350785921085,20.01293054654174]}},{"type":"Feature","properties":{"name":"Z26-C23","zone":"Zone 26","locationConfidence":"indicative","placement":"from the NTKMA master KML"},"geometry":{"type":"Point","coordinates":[73.83263308713464,20.01411168307227]}},{"type":"Feature","properties":{"name":"Z26-C24","zone":"Zone 26","locationConfidence":"indicative","placement":"from the NTKMA master KML"},"geometry":{"type":"Point","coordinates":[73.83423324955228,20.01408763070742]}},{"type":"Feature","properties":{"name":"Z26-C25","zone":"Zone 26","locationConfidence":"indicative","placement":"from the NTKMA master KML"},"geometry":{"type":"Point","coordinates":[73.8354993610656,20.01262144659978]}},{"type":"Feature","properties":{"name":"Z26-C26","zone":"Zone 26","locationConfidence":"indicative","placement":"from the NTKMA master KML"},"geometry":{"type":"Point","coordinates":[73.83498245567138,20.01391011844982]}},{"type":"Feature","properties":{"name":"Z26-C27","zone":"Zone 26","locationConfidence":"indicative","placement":"from the NTKMA master KML"},"geometry":{"type":"Point","coordinates":[73.83232062868919,20.01343941484208]}},{"type":"Feature","properties":{"name":"Z26-C28","zone":"Zone 26","locationConfidence":"indicative","placement":"from the NTKMA master KML"},"geometry":{"type":"Point","coordinates":[73.83431073065177,20.01423412338512]}},{"type":"Feature","properties":{"name":"Z26-C29","zone":"Zone 26","locationConfidence":"indicative","placement":"from the NTKMA master KML"},"geometry":{"type":"Point","coordinates":[73.83352778719427,20.01261769320125]}},{"type":"Feature","properties":{"name":"Z26-C30","zone":"Zone 26","locationConfidence":"indicative","placement":"from the NTKMA master KML"},"geometry":{"type":"Point","coordinates":[73.83334367059481,20.01356254123995]}},{"type":"Feature","properties":{"name":"Z26-C31","zone":"Zone 26","locationConfidence":"indicative","placement":"from the NTKMA master KML"},"geometry":{"type":"Point","coordinates":[73.83480803612417,20.0135337206202]}},{"type":"Feature","properties":{"name":"Z26-C32","zone":"Zone 26","locationConfidence":"indicative","placement":"from the NTKMA master KML"},"geometry":{"type":"Point","coordinates":[73.83291942267142,20.0142048669002]}},{"type":"Feature","properties":{"name":"Z26-C33","zone":"Zone 26","locationConfidence":"indicative","placement":"from the NTKMA master KML"},"geometry":{"type":"Point","coordinates":[73.83556607227924,20.01309104968729]}},{"type":"Feature","properties":{"name":"Z26-C34","zone":"Zone 26","locationConfidence":"indicative","placement":"from the NTKMA master KML"},"geometry":{"type":"Point","coordinates":[73.83452361954244,20.01266010175534]}},{"type":"Feature","properties":{"name":"Z26-C35","zone":"Zone 26","locationConfidence":"indicative","placement":"from the NTKMA master KML"},"geometry":{"type":"Point","coordinates":[73.83312133279793,20.01433383368424]}},{"type":"Feature","properties":{"name":"Z26-C36","zone":"Zone 26","locationConfidence":"indicative","placement":"from the NTKMA master KML"},"geometry":{"type":"Point","coordinates":[73.83550687003171,20.01380337069874]}},{"type":"Feature","properties":{"name":"Z26-C37","zone":"Zone 26","locationConfidence":"indicative","placement":"from the NTKMA master KML"},"geometry":{"type":"Point","coordinates":[73.83542549023042,20.01310163097313]}},{"type":"Feature","properties":{"name":"Z26-C38","zone":"Zone 26","locationConfidence":"indicative","placement":"from the NTKMA master KML"},"geometry":{"type":"Point","coordinates":[73.83307990913663,20.01397994479628]}},{"type":"Feature","properties":{"name":"Z26-C39","zone":"Zone 26","locationConfidence":"indicative","placement":"from the NTKMA master KML"},"geometry":{"type":"Point","coordinates":[73.83525283702195,20.01256799711659]}},{"type":"Feature","properties":{"name":"Z26-C40","zone":"Zone 26","locationConfidence":"indicative","placement":"from the NTKMA master KML"},"geometry":{"type":"Point","coordinates":[73.83559008862392,20.01377604803774]}},{"type":"Feature","properties":{"name":"Z27-C1","zone":"Zone 27","locationConfidence":"indicative","placement":"from the NTKMA master KML"},"geometry":{"type":"Point","coordinates":[73.83272897307053,20.01347284252179]}},{"type":"Feature","properties":{"name":"Z27-C2","zone":"Zone 27","locationConfidence":"indicative","placement":"from the NTKMA master KML"},"geometry":{"type":"Point","coordinates":[73.83227422405632,20.01352825249302]}},{"type":"Feature","properties":{"name":"Z27-C3","zone":"Zone 27","locationConfidence":"indicative","placement":"from the NTKMA master KML"},"geometry":{"type":"Point","coordinates":[73.83318088353477,20.01367206452158]}},{"type":"Feature","properties":{"name":"Z27-C4","zone":"Zone 27","locationConfidence":"indicative","placement":"from the NTKMA master KML"},"geometry":{"type":"Point","coordinates":[73.8330179872143,20.01317731602629]}},{"type":"Feature","properties":{"name":"Z27-C5","zone":"Zone 27","locationConfidence":"indicative","placement":"from the NTKMA master KML"},"geometry":{"type":"Point","coordinates":[73.83285440735669,20.01434572337503]}},{"type":"Feature","properties":{"name":"Z27-C6","zone":"Zone 27","locationConfidence":"indicative","placement":"from the NTKMA master KML"},"geometry":{"type":"Point","coordinates":[73.8336419494904,20.01269486656512]}},{"type":"Feature","properties":{"name":"Z27-C7","zone":"Zone 27","locationConfidence":"indicative","placement":"from the NTKMA master KML"},"geometry":{"type":"Point","coordinates":[73.83399647321191,20.01357532851966]}},{"type":"Feature","properties":{"name":"Z27-C8","zone":"Zone 27","locationConfidence":"indicative","placement":"from the NTKMA master KML"},"geometry":{"type":"Point","coordinates":[73.8341677630042,20.01255954333855]}},{"type":"Feature","properties":{"name":"Z27-C9","zone":"Zone 27","locationConfidence":"indicative","placement":"from the NTKMA master KML"},"geometry":{"type":"Point","coordinates":[73.83410563201635,20.01419450287275]}},{"type":"Feature","properties":{"name":"Z27-C10","zone":"Zone 27","locationConfidence":"indicative","placement":"from the NTKMA master KML"},"geometry":{"type":"Point","coordinates":[73.83230697042772,20.01301706801043]}},{"type":"Feature","properties":{"name":"Z27-C11","zone":"Zone 27","locationConfidence":"indicative","placement":"from the NTKMA master KML"},"geometry":{"type":"Point","coordinates":[73.83362052040069,20.01296425559526]}},{"type":"Feature","properties":{"name":"Z27-C12","zone":"Zone 27","locationConfidence":"indicative","placement":"from the NTKMA master KML"},"geometry":{"type":"Point","coordinates":[73.8328455713629,20.01277481487735]}},{"type":"Feature","properties":{"name":"Z27-C13","zone":"Zone 27","locationConfidence":"indicative","placement":"from the NTKMA master KML"},"geometry":{"type":"Point","coordinates":[73.83241320758113,20.01317304782079]}},{"type":"Feature","properties":{"name":"Z27-C14","zone":"Zone 27","locationConfidence":"indicative","placement":"from the NTKMA master KML"},"geometry":{"type":"Point","coordinates":[73.83389354298544,20.01252938773401]}},{"type":"Feature","properties":{"name":"Z27-C15","zone":"Zone 27","locationConfidence":"indicative","placement":"from the NTKMA master KML"},"geometry":{"type":"Point","coordinates":[73.83334708597913,20.0141107410799]}},{"type":"Feature","properties":{"name":"Z27-C16","zone":"Zone 27","locationConfidence":"indicative","placement":"from the NTKMA master KML"},"geometry":{"type":"Point","coordinates":[73.83391745381591,20.01299693067023]}},{"type":"Feature","properties":{"name":"Z27-C17","zone":"Zone 27","locationConfidence":"indicative","placement":"from the NTKMA master KML"},"geometry":{"type":"Point","coordinates":[73.83331274524186,20.01293326830158]}},{"type":"Feature","properties":{"name":"Z27-C18","zone":"Zone 27","locationConfidence":"indicative","placement":"from the NTKMA master KML"},"geometry":{"type":"Point","coordinates":[73.8333792068971,20.01288504065717]}},{"type":"Feature","properties":{"name":"Z27-C19","zone":"Zone 27","locationConfidence":"indicative","placement":"from the NTKMA master KML"},"geometry":{"type":"Point","coordinates":[73.83429912419354,20.01344676083293]}},{"type":"Feature","properties":{"name":"Z27-C20","zone":"Zone 27","locationConfidence":"indicative","placement":"from the NTKMA master KML"},"geometry":{"type":"Point","coordinates":[73.83243341107317,20.01332967645143]}},{"type":"Feature","properties":{"name":"Z27-C21","zone":"Zone 27","locationConfidence":"indicative","placement":"from the NTKMA master KML"},"geometry":{"type":"Point","coordinates":[73.83251506460618,20.01343693912274]}},{"type":"Feature","properties":{"name":"Z27-C22","zone":"Zone 27","locationConfidence":"indicative","placement":"from the NTKMA master KML"},"geometry":{"type":"Point","coordinates":[73.8326068934441,20.01406880130665]}},{"type":"Feature","properties":{"name":"Z27-C23","zone":"Zone 27","locationConfidence":"indicative","placement":"from the NTKMA master KML"},"geometry":{"type":"Point","coordinates":[73.83295498763002,20.01346569922022]}},{"type":"Feature","properties":{"name":"Z27-C24","zone":"Zone 27","locationConfidence":"indicative","placement":"from the NTKMA master KML"},"geometry":{"type":"Point","coordinates":[73.83408241315077,20.01333205364114]}},{"type":"Feature","properties":{"name":"Z27-C25","zone":"Zone 27","locationConfidence":"indicative","placement":"from the NTKMA master KML"},"geometry":{"type":"Point","coordinates":[73.83285499786312,20.01270493151394]}},{"type":"Feature","properties":{"name":"Z27-C26","zone":"Zone 27","locationConfidence":"indicative","placement":"from the NTKMA master KML"},"geometry":{"type":"Point","coordinates":[73.8328940409846,20.01341682810332]}},{"type":"Feature","properties":{"name":"Z27-C27","zone":"Zone 27","locationConfidence":"indicative","placement":"from the NTKMA master KML"},"geometry":{"type":"Point","coordinates":[73.83369974174505,20.01391510247961]}},{"type":"Feature","properties":{"name":"Z27-C28","zone":"Zone 27","locationConfidence":"indicative","placement":"from the NTKMA master KML"},"geometry":{"type":"Point","coordinates":[73.83334618917769,20.01246011666101]}},{"type":"Feature","properties":{"name":"Z27-C29","zone":"Zone 27","locationConfidence":"indicative","placement":"from the NTKMA master KML"},"geometry":{"type":"Point","coordinates":[73.8327465529381,20.01419448921445]}},{"type":"Feature","properties":{"name":"Z27-C30","zone":"Zone 27","locationConfidence":"indicative","placement":"from the NTKMA master KML"},"geometry":{"type":"Point","coordinates":[73.83234584754706,20.01255678575586]}},{"type":"Feature","properties":{"name":"Z27-C31","zone":"Zone 27","locationConfidence":"indicative","placement":"from the NTKMA master KML"},"geometry":{"type":"Point","coordinates":[73.83432825341998,20.01401496209688]}},{"type":"Feature","properties":{"name":"Z27-C32","zone":"Zone 27","locationConfidence":"indicative","placement":"from the NTKMA master KML"},"geometry":{"type":"Point","coordinates":[73.83292889554058,20.01383910158132]}},{"type":"Feature","properties":{"name":"Z27-C33","zone":"Zone 27","locationConfidence":"indicative","placement":"from the NTKMA master KML"},"geometry":{"type":"Point","coordinates":[73.83263154696792,20.01383181106571]}},{"type":"Feature","properties":{"name":"Z27-C34","zone":"Zone 27","locationConfidence":"indicative","placement":"from the NTKMA master KML"},"geometry":{"type":"Point","coordinates":[73.83252945060705,20.01269657876354]}},{"type":"Feature","properties":{"name":"Z27-C35","zone":"Zone 27","locationConfidence":"indicative","placement":"from the NTKMA master KML"},"geometry":{"type":"Point","coordinates":[73.83381279915947,20.01342410517173]}},{"type":"Feature","properties":{"name":"Z27-C36","zone":"Zone 27","locationConfidence":"indicative","placement":"from the NTKMA master KML"},"geometry":{"type":"Point","coordinates":[73.83377818286748,20.01403818900047]}},{"type":"Feature","properties":{"name":"Z27-C37","zone":"Zone 27","locationConfidence":"indicative","placement":"from the NTKMA master KML"},"geometry":{"type":"Point","coordinates":[73.83219215641738,20.01442725683776]}},{"type":"Feature","properties":{"name":"Z27-C38","zone":"Zone 27","locationConfidence":"indicative","placement":"from the NTKMA master KML"},"geometry":{"type":"Point","coordinates":[73.83266212723562,20.01351409455544]}},{"type":"Feature","properties":{"name":"Z27-C39","zone":"Zone 27","locationConfidence":"indicative","placement":"from the NTKMA master KML"},"geometry":{"type":"Point","coordinates":[73.83352505953616,20.01363230504036]}},{"type":"Feature","properties":{"name":"Z27-C40","zone":"Zone 27","locationConfidence":"indicative","placement":"from the NTKMA master KML"},"geometry":{"type":"Point","coordinates":[73.83325931723722,20.01439837260139]}},{"type":"Feature","properties":{"name":"Z28-C1","zone":"Zone 28","locationConfidence":"indicative","placement":"from the NTKMA master KML"},"geometry":{"type":"Point","coordinates":[73.8356299235301,20.01340035186387]}},{"type":"Feature","properties":{"name":"Z28-C2","zone":"Zone 28","locationConfidence":"indicative","placement":"from the NTKMA master KML"},"geometry":{"type":"Point","coordinates":[73.83660662491302,20.0132686516646]}},{"type":"Feature","properties":{"name":"Z28-C3","zone":"Zone 28","locationConfidence":"indicative","placement":"from the NTKMA master KML"},"geometry":{"type":"Point","coordinates":[73.83575868068367,20.0127679129512]}},{"type":"Feature","properties":{"name":"Z28-C4","zone":"Zone 28","locationConfidence":"indicative","placement":"from the NTKMA master KML"},"geometry":{"type":"Point","coordinates":[73.83469829168172,20.01342205821126]}},{"type":"Feature","properties":{"name":"Z28-C5","zone":"Zone 28","locationConfidence":"indicative","placement":"from the NTKMA master KML"},"geometry":{"type":"Point","coordinates":[73.83639154618318,20.01399564375045]}},{"type":"Feature","properties":{"name":"Z28-C6","zone":"Zone 28","locationConfidence":"indicative","placement":"from the NTKMA master KML"},"geometry":{"type":"Point","coordinates":[73.83616687876717,20.01261392337316]}},{"type":"Feature","properties":{"name":"Z28-C7","zone":"Zone 28","locationConfidence":"indicative","placement":"from the NTKMA master KML"},"geometry":{"type":"Point","coordinates":[73.83466789447019,20.01280465168111]}},{"type":"Feature","properties":{"name":"Z28-C8","zone":"Zone 28","locationConfidence":"indicative","placement":"from the NTKMA master KML"},"geometry":{"type":"Point","coordinates":[73.83584494333539,20.01308528977619]}},{"type":"Feature","properties":{"name":"Z28-C9","zone":"Zone 28","locationConfidence":"indicative","placement":"from the NTKMA master KML"},"geometry":{"type":"Point","coordinates":[73.83497588731336,20.01417528287877]}},{"type":"Feature","properties":{"name":"Z28-C10","zone":"Zone 28","locationConfidence":"indicative","placement":"from the NTKMA master KML"},"geometry":{"type":"Point","coordinates":[73.8362713260931,20.01337076237438]}},{"type":"Feature","properties":{"name":"Z28-C11","zone":"Zone 28","locationConfidence":"indicative","placement":"from the NTKMA master KML"},"geometry":{"type":"Point","coordinates":[73.83441487409297,20.01240273888216]}},{"type":"Feature","properties":{"name":"Z28-C12","zone":"Zone 28","locationConfidence":"indicative","placement":"from the NTKMA master KML"},"geometry":{"type":"Point","coordinates":[73.83622894044967,20.01339046299946]}},{"type":"Feature","properties":{"name":"Z28-C13","zone":"Zone 28","locationConfidence":"indicative","placement":"from the NTKMA master KML"},"geometry":{"type":"Point","coordinates":[73.8349631195494,20.01349896866048]}},{"type":"Feature","properties":{"name":"Z28-C14","zone":"Zone 28","locationConfidence":"indicative","placement":"from the NTKMA master KML"},"geometry":{"type":"Point","coordinates":[73.83621032664699,20.01388451872712]}},{"type":"Feature","properties":{"name":"Z28-C15","zone":"Zone 28","locationConfidence":"indicative","placement":"from the NTKMA master KML"},"geometry":{"type":"Point","coordinates":[73.83587805029552,20.01366432567685]}},{"type":"Feature","properties":{"name":"Z28-C16","zone":"Zone 28","locationConfidence":"indicative","placement":"from the NTKMA master KML"},"geometry":{"type":"Point","coordinates":[73.83554241717482,20.01338304406117]}},{"type":"Feature","properties":{"name":"Z28-C17","zone":"Zone 28","locationConfidence":"indicative","placement":"from the NTKMA master KML"},"geometry":{"type":"Point","coordinates":[73.83522046944086,20.01395555111105]}},{"type":"Feature","properties":{"name":"Z28-C18","zone":"Zone 28","locationConfidence":"indicative","placement":"from the NTKMA master KML"},"geometry":{"type":"Point","coordinates":[73.83503265314972,20.01385501629218]}},{"type":"Feature","properties":{"name":"Z28-C19","zone":"Zone 28","locationConfidence":"indicative","placement":"from the NTKMA master KML"},"geometry":{"type":"Point","coordinates":[73.83510044884461,20.0141419961494]}},{"type":"Feature","properties":{"name":"Z28-C20","zone":"Zone 28","locationConfidence":"indicative","placement":"from the NTKMA master KML"},"geometry":{"type":"Point","coordinates":[73.83577778991373,20.01339513932995]}},{"type":"Feature","properties":{"name":"Z28-C21","zone":"Zone 28","locationConfidence":"indicative","placement":"from the NTKMA master KML"},"geometry":{"type":"Point","coordinates":[73.83646202827785,20.01382570059107]}},{"type":"Feature","properties":{"name":"Z28-C22","zone":"Zone 28","locationConfidence":"indicative","placement":"from the NTKMA master KML"},"geometry":{"type":"Point","coordinates":[73.83467309915552,20.01313842540309]}},{"type":"Feature","properties":{"name":"Z28-C23","zone":"Zone 28","locationConfidence":"indicative","placement":"from the NTKMA master KML"},"geometry":{"type":"Point","coordinates":[73.83618198527248,20.01245254356814]}},{"type":"Feature","properties":{"name":"Z28-C24","zone":"Zone 28","locationConfidence":"indicative","placement":"from the NTKMA master KML"},"geometry":{"type":"Point","coordinates":[73.83544269324453,20.01387765373863]}},{"type":"Feature","properties":{"name":"Z28-C25","zone":"Zone 28","locationConfidence":"indicative","placement":"from the NTKMA master KML"},"geometry":{"type":"Point","coordinates":[73.83663364567049,20.01324382269147]}},{"type":"Feature","properties":{"name":"Z28-C26","zone":"Zone 28","locationConfidence":"indicative","placement":"from the NTKMA master KML"},"geometry":{"type":"Point","coordinates":[73.83478784659448,20.0137875138999]}},{"type":"Feature","properties":{"name":"Z28-C27","zone":"Zone 28","locationConfidence":"indicative","placement":"from the NTKMA master KML"},"geometry":{"type":"Point","coordinates":[73.83490689135735,20.0127476864437]}},{"type":"Feature","properties":{"name":"Z28-C28","zone":"Zone 28","locationConfidence":"indicative","placement":"from the NTKMA master KML"},"geometry":{"type":"Point","coordinates":[73.83537544834034,20.01369937216738]}},{"type":"Feature","properties":{"name":"Z28-C29","zone":"Zone 28","locationConfidence":"indicative","placement":"from the NTKMA master KML"},"geometry":{"type":"Point","coordinates":[73.83614080369894,20.01240439138606]}},{"type":"Feature","properties":{"name":"Z28-C30","zone":"Zone 28","locationConfidence":"indicative","placement":"from the NTKMA master KML"},"geometry":{"type":"Point","coordinates":[73.8346697544772,20.01313018141734]}},{"type":"Feature","properties":{"name":"Z28-C31","zone":"Zone 28","locationConfidence":"indicative","placement":"from the NTKMA master KML"},"geometry":{"type":"Point","coordinates":[73.83503332695653,20.01289096301522]}},{"type":"Feature","properties":{"name":"Z28-C32","zone":"Zone 28","locationConfidence":"indicative","placement":"from the NTKMA master KML"},"geometry":{"type":"Point","coordinates":[73.83475637429324,20.01325531121065]}},{"type":"Feature","properties":{"name":"Z28-C33","zone":"Zone 28","locationConfidence":"indicative","placement":"from the NTKMA master KML"},"geometry":{"type":"Point","coordinates":[73.83449211410868,20.01274124102413]}},{"type":"Feature","properties":{"name":"Z28-C34","zone":"Zone 28","locationConfidence":"indicative","placement":"from the NTKMA master KML"},"geometry":{"type":"Point","coordinates":[73.83587982215927,20.01372163670024]}},{"type":"Feature","properties":{"name":"Z28-C35","zone":"Zone 28","locationConfidence":"indicative","placement":"from the NTKMA master KML"},"geometry":{"type":"Point","coordinates":[73.8354348629062,20.01377915923637]}},{"type":"Feature","properties":{"name":"Z28-C36","zone":"Zone 28","locationConfidence":"indicative","placement":"from the NTKMA master KML"},"geometry":{"type":"Point","coordinates":[73.83642263929619,20.01288440098928]}},{"type":"Feature","properties":{"name":"Z28-C37","zone":"Zone 28","locationConfidence":"indicative","placement":"from the NTKMA master KML"},"geometry":{"type":"Point","coordinates":[73.83458086589752,20.01325576369766]}},{"type":"Feature","properties":{"name":"Z28-C38","zone":"Zone 28","locationConfidence":"indicative","placement":"from the NTKMA master KML"},"geometry":{"type":"Point","coordinates":[73.83571673347451,20.01352139936891]}},{"type":"Feature","properties":{"name":"Z28-C39","zone":"Zone 28","locationConfidence":"indicative","placement":"from the NTKMA master KML"},"geometry":{"type":"Point","coordinates":[73.83478195502568,20.01274286530737]}},{"type":"Feature","properties":{"name":"Z28-C40","zone":"Zone 28","locationConfidence":"indicative","placement":"from the NTKMA master KML"},"geometry":{"type":"Point","coordinates":[73.83501476149576,20.01397846283644]}},{"type":"Feature","properties":{"name":"Z29-C1","zone":"Zone 29","locationConfidence":"indicative","placement":"from the NTKMA master KML"},"geometry":{"type":"Point","coordinates":[73.8203829073439,19.98029637350525]}},{"type":"Feature","properties":{"name":"Z29-C2","zone":"Zone 29","locationConfidence":"indicative","placement":"from the NTKMA master KML"},"geometry":{"type":"Point","coordinates":[73.81963323370405,19.98023861219544]}},{"type":"Feature","properties":{"name":"Z29-C3","zone":"Zone 29","locationConfidence":"indicative","placement":"from the NTKMA master KML"},"geometry":{"type":"Point","coordinates":[73.81843451014592,19.980244807075]}},{"type":"Feature","properties":{"name":"Z29-C4","zone":"Zone 29","locationConfidence":"indicative","placement":"from the NTKMA master KML"},"geometry":{"type":"Point","coordinates":[73.82141689722394,19.98032134451854]}},{"type":"Feature","properties":{"name":"Z29-C5","zone":"Zone 29","locationConfidence":"indicative","placement":"from the NTKMA master KML"},"geometry":{"type":"Point","coordinates":[73.82150820864136,19.98058421317006]}},{"type":"Feature","properties":{"name":"Z29-C6","zone":"Zone 29","locationConfidence":"indicative","placement":"from the NTKMA master KML"},"geometry":{"type":"Point","coordinates":[73.82042616886207,19.97945691997017]}},{"type":"Feature","properties":{"name":"Z29-C7","zone":"Zone 29","locationConfidence":"indicative","placement":"from the NTKMA master KML"},"geometry":{"type":"Point","coordinates":[73.81878796364884,19.97945865517831]}},{"type":"Feature","properties":{"name":"Z29-C8","zone":"Zone 29","locationConfidence":"indicative","placement":"from the NTKMA master KML"},"geometry":{"type":"Point","coordinates":[73.81791248448829,19.97983701042474]}},{"type":"Feature","properties":{"name":"Z29-C9","zone":"Zone 29","locationConfidence":"indicative","placement":"from the NTKMA master KML"},"geometry":{"type":"Point","coordinates":[73.81993017647996,19.97992374956109]}},{"type":"Feature","properties":{"name":"Z29-C10","zone":"Zone 29","locationConfidence":"indicative","placement":"from the NTKMA master KML"},"geometry":{"type":"Point","coordinates":[73.82134664178616,19.97954565199629]}},{"type":"Feature","properties":{"name":"Z29-C11","zone":"Zone 29","locationConfidence":"indicative","placement":"from the NTKMA master KML"},"geometry":{"type":"Point","coordinates":[73.82108159777329,19.98052198272476]}},{"type":"Feature","properties":{"name":"Z29-C12","zone":"Zone 29","locationConfidence":"indicative","placement":"from the NTKMA master KML"},"geometry":{"type":"Point","coordinates":[73.81946990583707,19.9802802981319]}},{"type":"Feature","properties":{"name":"Z29-C13","zone":"Zone 29","locationConfidence":"indicative","placement":"from the NTKMA master KML"},"geometry":{"type":"Point","coordinates":[73.82094141608933,19.9804371114223]}},{"type":"Feature","properties":{"name":"Z29-C14","zone":"Zone 29","locationConfidence":"indicative","placement":"from the NTKMA master KML"},"geometry":{"type":"Point","coordinates":[73.82002857751228,19.98058085441967]}},{"type":"Feature","properties":{"name":"Z29-C15","zone":"Zone 29","locationConfidence":"indicative","placement":"from the NTKMA master KML"},"geometry":{"type":"Point","coordinates":[73.81961971485038,19.98000339903624]}},{"type":"Feature","properties":{"name":"Z29-C16","zone":"Zone 29","locationConfidence":"indicative","placement":"from the NTKMA master KML"},"geometry":{"type":"Point","coordinates":[73.81806829718603,19.98006066173361]}},{"type":"Feature","properties":{"name":"Z29-C17","zone":"Zone 29","locationConfidence":"indicative","placement":"from the NTKMA master KML"},"geometry":{"type":"Point","coordinates":[73.82122643414867,19.98010422338429]}},{"type":"Feature","properties":{"name":"Z29-C18","zone":"Zone 29","locationConfidence":"indicative","placement":"from the NTKMA master KML"},"geometry":{"type":"Point","coordinates":[73.81890297427418,19.97968565551418]}},{"type":"Feature","properties":{"name":"Z29-C19","zone":"Zone 29","locationConfidence":"indicative","placement":"from the NTKMA master KML"},"geometry":{"type":"Point","coordinates":[73.82011836869059,19.97979084262584]}},{"type":"Feature","properties":{"name":"Z29-C20","zone":"Zone 29","locationConfidence":"indicative","placement":"from the NTKMA master KML"},"geometry":{"type":"Point","coordinates":[73.81791601989916,19.97960465104734]}},{"type":"Feature","properties":{"name":"Z29-C21","zone":"Zone 29","locationConfidence":"indicative","placement":"from the NTKMA master KML"},"geometry":{"type":"Point","coordinates":[73.81944159278903,19.98020798861358]}},{"type":"Feature","properties":{"name":"Z29-C22","zone":"Zone 29","locationConfidence":"indicative","placement":"from the NTKMA master KML"},"geometry":{"type":"Point","coordinates":[73.82057074783069,19.97968296443184]}},{"type":"Feature","properties":{"name":"Z29-C23","zone":"Zone 29","locationConfidence":"indicative","placement":"from the NTKMA master KML"},"geometry":{"type":"Point","coordinates":[73.81989041646086,19.97990815294736]}},{"type":"Feature","properties":{"name":"Z29-C24","zone":"Zone 29","locationConfidence":"indicative","placement":"from the NTKMA master KML"},"geometry":{"type":"Point","coordinates":[73.8211433812869,19.9793410206658]}},{"type":"Feature","properties":{"name":"Z29-C25","zone":"Zone 29","locationConfidence":"indicative","placement":"from the NTKMA master KML"},"geometry":{"type":"Point","coordinates":[73.82137749974574,19.9798605137122]}},{"type":"Feature","properties":{"name":"Z29-C26","zone":"Zone 29","locationConfidence":"indicative","placement":"from the NTKMA master KML"},"geometry":{"type":"Point","coordinates":[73.81911194590057,19.97976430126502]}},{"type":"Feature","properties":{"name":"Z29-C27","zone":"Zone 29","locationConfidence":"indicative","placement":"from the NTKMA master KML"},"geometry":{"type":"Point","coordinates":[73.81991384418001,19.97948520899603]}},{"type":"Feature","properties":{"name":"Z29-C28","zone":"Zone 29","locationConfidence":"indicative","placement":"from the NTKMA master KML"},"geometry":{"type":"Point","coordinates":[73.81988052070189,19.98048688354615]}},{"type":"Feature","properties":{"name":"Z29-C29","zone":"Zone 29","locationConfidence":"indicative","placement":"from the NTKMA master KML"},"geometry":{"type":"Point","coordinates":[73.82096255744972,19.97920668191445]}},{"type":"Feature","properties":{"name":"Z29-C30","zone":"Zone 29","locationConfidence":"indicative","placement":"from the NTKMA master KML"},"geometry":{"type":"Point","coordinates":[73.820158599986,19.97950728217253]}},{"type":"Feature","properties":{"name":"Z29-C31","zone":"Zone 29","locationConfidence":"indicative","placement":"from the NTKMA master KML"},"geometry":{"type":"Point","coordinates":[73.81934740777649,19.97984298738828]}},{"type":"Feature","properties":{"name":"Z29-C32","zone":"Zone 29","locationConfidence":"indicative","placement":"from the NTKMA master KML"},"geometry":{"type":"Point","coordinates":[73.81808744132208,19.98020761664397]}},{"type":"Feature","properties":{"name":"Z29-C33","zone":"Zone 29","locationConfidence":"indicative","placement":"from the NTKMA master KML"},"geometry":{"type":"Point","coordinates":[73.82160595489394,19.98061355186297]}},{"type":"Feature","properties":{"name":"Z29-C34","zone":"Zone 29","locationConfidence":"indicative","placement":"from the NTKMA master KML"},"geometry":{"type":"Point","coordinates":[73.81962140820303,19.98036853842877]}},{"type":"Feature","properties":{"name":"Z29-C35","zone":"Zone 29","locationConfidence":"indicative","placement":"from the NTKMA master KML"},"geometry":{"type":"Point","coordinates":[73.82003991271947,19.9796153732793]}},{"type":"Feature","properties":{"name":"Z29-C36","zone":"Zone 29","locationConfidence":"indicative","placement":"from the NTKMA master KML"},"geometry":{"type":"Point","coordinates":[73.81805779307847,19.98026874942541]}},{"type":"Feature","properties":{"name":"Z29-C37","zone":"Zone 29","locationConfidence":"indicative","placement":"from the NTKMA master KML"},"geometry":{"type":"Point","coordinates":[73.82022035232902,19.97983195818139]}},{"type":"Feature","properties":{"name":"Z29-C38","zone":"Zone 29","locationConfidence":"indicative","placement":"from the NTKMA master KML"},"geometry":{"type":"Point","coordinates":[73.81975742811812,19.97965108146332]}},{"type":"Feature","properties":{"name":"Z29-C39","zone":"Zone 29","locationConfidence":"indicative","placement":"from the NTKMA master KML"},"geometry":{"type":"Point","coordinates":[73.82136479302454,19.98065254511313]}},{"type":"Feature","properties":{"name":"Z29-C40","zone":"Zone 29","locationConfidence":"indicative","placement":"from the NTKMA master KML"},"geometry":{"type":"Point","coordinates":[73.82103070453576,19.98038687807881]}},{"type":"Feature","properties":{"name":"Z30-C1","zone":"Zone 30","locationConfidence":"indicative","placement":"from the NTKMA master KML"},"geometry":{"type":"Point","coordinates":[73.78026784919551,19.99569371203073]}},{"type":"Feature","properties":{"name":"Z30-C2","zone":"Zone 30","locationConfidence":"indicative","placement":"from the NTKMA master KML"},"geometry":{"type":"Point","coordinates":[73.77962250646604,19.99426866873802]}},{"type":"Feature","properties":{"name":"Z30-C3","zone":"Zone 30","locationConfidence":"indicative","placement":"from the NTKMA master KML"},"geometry":{"type":"Point","coordinates":[73.77948276584573,19.99440605833074]}},{"type":"Feature","properties":{"name":"Z30-C4","zone":"Zone 30","locationConfidence":"indicative","placement":"from the NTKMA master KML"},"geometry":{"type":"Point","coordinates":[73.77970575662167,19.99488118708]}},{"type":"Feature","properties":{"name":"Z30-C5","zone":"Zone 30","locationConfidence":"indicative","placement":"from the NTKMA master KML"},"geometry":{"type":"Point","coordinates":[73.7804958111816,19.99495169382003]}},{"type":"Feature","properties":{"name":"Z30-C6","zone":"Zone 30","locationConfidence":"indicative","placement":"from the NTKMA master KML"},"geometry":{"type":"Point","coordinates":[73.77974341740398,19.99607292207603]}},{"type":"Feature","properties":{"name":"Z30-C7","zone":"Zone 30","locationConfidence":"indicative","placement":"from the NTKMA master KML"},"geometry":{"type":"Point","coordinates":[73.78038491247025,19.99574672478314]}},{"type":"Feature","properties":{"name":"Z30-C8","zone":"Zone 30","locationConfidence":"indicative","placement":"from the NTKMA master KML"},"geometry":{"type":"Point","coordinates":[73.77946802229525,19.99575515373793]}},{"type":"Feature","properties":{"name":"Z30-C9","zone":"Zone 30","locationConfidence":"indicative","placement":"from the NTKMA master KML"},"geometry":{"type":"Point","coordinates":[73.77958485208221,19.99533015858692]}},{"type":"Feature","properties":{"name":"Z30-C10","zone":"Zone 30","locationConfidence":"indicative","placement":"from the NTKMA master KML"},"geometry":{"type":"Point","coordinates":[73.78012351451635,19.99491516197305]}},{"type":"Feature","properties":{"name":"Z30-C11","zone":"Zone 30","locationConfidence":"indicative","placement":"from the NTKMA master KML"},"geometry":{"type":"Point","coordinates":[73.77924957777627,19.99587266869077]}},{"type":"Feature","properties":{"name":"Z30-C12","zone":"Zone 30","locationConfidence":"indicative","placement":"from the NTKMA master KML"},"geometry":{"type":"Point","coordinates":[73.78005877551708,19.99502190383182]}},{"type":"Feature","properties":{"name":"Z30-C13","zone":"Zone 30","locationConfidence":"indicative","placement":"from the NTKMA master KML"},"geometry":{"type":"Point","coordinates":[73.77952849743818,19.9950135695879]}},{"type":"Feature","properties":{"name":"Z30-C14","zone":"Zone 30","locationConfidence":"indicative","placement":"from the NTKMA master KML"},"geometry":{"type":"Point","coordinates":[73.78027677234907,19.99580709513511]}},{"type":"Feature","properties":{"name":"Z30-C15","zone":"Zone 30","locationConfidence":"indicative","placement":"from the NTKMA master KML"},"geometry":{"type":"Point","coordinates":[73.77969091445335,19.9953098849627]}},{"type":"Feature","properties":{"name":"Z30-C16","zone":"Zone 30","locationConfidence":"indicative","placement":"from the NTKMA master KML"},"geometry":{"type":"Point","coordinates":[73.78029650635571,19.99532032170412]}},{"type":"Feature","properties":{"name":"Z30-C17","zone":"Zone 30","locationConfidence":"indicative","placement":"from the NTKMA master KML"},"geometry":{"type":"Point","coordinates":[73.779806540388,19.99522937871463]}},{"type":"Feature","properties":{"name":"Z30-C18","zone":"Zone 30","locationConfidence":"indicative","placement":"from the NTKMA master KML"},"geometry":{"type":"Point","coordinates":[73.7792471843276,19.99470406329158]}},{"type":"Feature","properties":{"name":"Z30-C19","zone":"Zone 30","locationConfidence":"indicative","placement":"from the NTKMA master KML"},"geometry":{"type":"Point","coordinates":[73.78049862626203,19.99494129027268]}},{"type":"Feature","properties":{"name":"Z30-C20","zone":"Zone 30","locationConfidence":"indicative","placement":"from the NTKMA master KML"},"geometry":{"type":"Point","coordinates":[73.7797872068275,19.99517769768718]}},{"type":"Feature","properties":{"name":"Z30-C21","zone":"Zone 30","locationConfidence":"indicative","placement":"from the NTKMA master KML"},"geometry":{"type":"Point","coordinates":[73.78011925687416,19.99444295053368]}},{"type":"Feature","properties":{"name":"Z30-C22","zone":"Zone 30","locationConfidence":"indicative","placement":"from the NTKMA master KML"},"geometry":{"type":"Point","coordinates":[73.77987616904278,19.99485648871073]}},{"type":"Feature","properties":{"name":"Z30-C23","zone":"Zone 30","locationConfidence":"indicative","placement":"from the NTKMA master KML"},"geometry":{"type":"Point","coordinates":[73.78049343786445,19.99493828584966]}},{"type":"Feature","properties":{"name":"Z30-C24","zone":"Zone 30","locationConfidence":"indicative","placement":"from the NTKMA master KML"},"geometry":{"type":"Point","coordinates":[73.78026891956804,19.99599475377211]}},{"type":"Feature","properties":{"name":"Z30-C25","zone":"Zone 30","locationConfidence":"indicative","placement":"from the NTKMA master KML"},"geometry":{"type":"Point","coordinates":[73.77994573688564,19.99486627555487]}},{"type":"Feature","properties":{"name":"Z30-C26","zone":"Zone 30","locationConfidence":"indicative","placement":"from the NTKMA master KML"},"geometry":{"type":"Point","coordinates":[73.7797174134841,19.99604147508632]}},{"type":"Feature","properties":{"name":"Z30-C27","zone":"Zone 30","locationConfidence":"indicative","placement":"from the NTKMA master KML"},"geometry":{"type":"Point","coordinates":[73.78013781188554,19.99506661230276]}},{"type":"Feature","properties":{"name":"Z30-C28","zone":"Zone 30","locationConfidence":"indicative","placement":"from the NTKMA master KML"},"geometry":{"type":"Point","coordinates":[73.77919048103308,19.99501650920336]}},{"type":"Feature","properties":{"name":"Z30-C29","zone":"Zone 30","locationConfidence":"indicative","placement":"from the NTKMA master KML"},"geometry":{"type":"Point","coordinates":[73.77996455124375,19.99432811577816]}},{"type":"Feature","properties":{"name":"Z30-C30","zone":"Zone 30","locationConfidence":"indicative","placement":"from the NTKMA master KML"},"geometry":{"type":"Point","coordinates":[73.77962019020029,19.99491617889574]}},{"type":"Feature","properties":{"name":"Z30-C31","zone":"Zone 30","locationConfidence":"indicative","placement":"from the NTKMA master KML"},"geometry":{"type":"Point","coordinates":[73.77942074134887,19.99437804843632]}},{"type":"Feature","properties":{"name":"Z30-C32","zone":"Zone 30","locationConfidence":"indicative","placement":"from the NTKMA master KML"},"geometry":{"type":"Point","coordinates":[73.77957785606988,19.99600284358502]}},{"type":"Feature","properties":{"name":"Z30-C33","zone":"Zone 30","locationConfidence":"indicative","placement":"from the NTKMA master KML"},"geometry":{"type":"Point","coordinates":[73.78029773766089,19.99489545184593]}},{"type":"Feature","properties":{"name":"Z30-C34","zone":"Zone 30","locationConfidence":"indicative","placement":"from the NTKMA master KML"},"geometry":{"type":"Point","coordinates":[73.77944323687686,19.99564666670883]}},{"type":"Feature","properties":{"name":"Z30-C35","zone":"Zone 30","locationConfidence":"indicative","placement":"from the NTKMA master KML"},"geometry":{"type":"Point","coordinates":[73.77952861714346,19.99429777148518]}},{"type":"Feature","properties":{"name":"Z30-C36","zone":"Zone 30","locationConfidence":"indicative","placement":"from the NTKMA master KML"},"geometry":{"type":"Point","coordinates":[73.7802598562811,19.99598006111514]}},{"type":"Feature","properties":{"name":"Z30-C37","zone":"Zone 30","locationConfidence":"indicative","placement":"from the NTKMA master KML"},"geometry":{"type":"Point","coordinates":[73.78064315668188,19.99467022520047]}},{"type":"Feature","properties":{"name":"Z30-C38","zone":"Zone 30","locationConfidence":"indicative","placement":"from the NTKMA master KML"},"geometry":{"type":"Point","coordinates":[73.77962045337053,19.99570121822672]}},{"type":"Feature","properties":{"name":"Z30-C39","zone":"Zone 30","locationConfidence":"indicative","placement":"from the NTKMA master KML"},"geometry":{"type":"Point","coordinates":[73.77963651239747,19.99437534987844]}},{"type":"Feature","properties":{"name":"Z30-C40","zone":"Zone 30","locationConfidence":"indicative","placement":"from the NTKMA master KML"},"geometry":{"type":"Point","coordinates":[73.77953602479859,19.99547743277081]}},{"type":"Feature","properties":{"name":"Z31-C1","zone":"Zone 31","locationConfidence":"indicative","placement":"from the NTKMA master KML"},"geometry":{"type":"Point","coordinates":[73.78334878806353,19.98689218152528]}},{"type":"Feature","properties":{"name":"Z31-C2","zone":"Zone 31","locationConfidence":"indicative","placement":"from the NTKMA master KML"},"geometry":{"type":"Point","coordinates":[73.78342835701014,19.98716736137788]}},{"type":"Feature","properties":{"name":"Z31-C3","zone":"Zone 31","locationConfidence":"indicative","placement":"from the NTKMA master KML"},"geometry":{"type":"Point","coordinates":[73.7825690642448,19.98734213321571]}},{"type":"Feature","properties":{"name":"Z31-C4","zone":"Zone 31","locationConfidence":"indicative","placement":"from the NTKMA master KML"},"geometry":{"type":"Point","coordinates":[73.78263649076018,19.98611362572371]}},{"type":"Feature","properties":{"name":"Z31-C5","zone":"Zone 31","locationConfidence":"indicative","placement":"from the NTKMA master KML"},"geometry":{"type":"Point","coordinates":[73.78328658812649,19.98733227556997]}},{"type":"Feature","properties":{"name":"Z31-C6","zone":"Zone 31","locationConfidence":"indicative","placement":"from the NTKMA master KML"},"geometry":{"type":"Point","coordinates":[73.78347433287303,19.98712164141871]}},{"type":"Feature","properties":{"name":"Z31-C7","zone":"Zone 31","locationConfidence":"indicative","placement":"from the NTKMA master KML"},"geometry":{"type":"Point","coordinates":[73.78242946513788,19.98606891143912]}},{"type":"Feature","properties":{"name":"Z31-C8","zone":"Zone 31","locationConfidence":"indicative","placement":"from the NTKMA master KML"},"geometry":{"type":"Point","coordinates":[73.78259683504645,19.98734297265047]}},{"type":"Feature","properties":{"name":"Z31-C9","zone":"Zone 31","locationConfidence":"indicative","placement":"from the NTKMA master KML"},"geometry":{"type":"Point","coordinates":[73.78283483566878,19.98730508605781]}},{"type":"Feature","properties":{"name":"Z31-C10","zone":"Zone 31","locationConfidence":"indicative","placement":"from the NTKMA master KML"},"geometry":{"type":"Point","coordinates":[73.78272428875634,19.98725839116047]}},{"type":"Feature","properties":{"name":"Z31-C11","zone":"Zone 31","locationConfidence":"indicative","placement":"from the NTKMA master KML"},"geometry":{"type":"Point","coordinates":[73.78295158136628,19.98673706794192]}},{"type":"Feature","properties":{"name":"Z31-C12","zone":"Zone 31","locationConfidence":"indicative","placement":"from the NTKMA master KML"},"geometry":{"type":"Point","coordinates":[73.78229098847926,19.98694527500711]}},{"type":"Feature","properties":{"name":"Z31-C13","zone":"Zone 31","locationConfidence":"indicative","placement":"from the NTKMA master KML"},"geometry":{"type":"Point","coordinates":[73.78273897190564,19.98666535354146]}},{"type":"Feature","properties":{"name":"Z31-C14","zone":"Zone 31","locationConfidence":"indicative","placement":"from the NTKMA master KML"},"geometry":{"type":"Point","coordinates":[73.78257553749268,19.98665656621026]}},{"type":"Feature","properties":{"name":"Z31-C15","zone":"Zone 31","locationConfidence":"indicative","placement":"from the NTKMA master KML"},"geometry":{"type":"Point","coordinates":[73.78239628951518,19.98727667875043]}},{"type":"Feature","properties":{"name":"Z31-C16","zone":"Zone 31","locationConfidence":"indicative","placement":"from the NTKMA master KML"},"geometry":{"type":"Point","coordinates":[73.7826230596754,19.98733240288296]}},{"type":"Feature","properties":{"name":"Z31-C17","zone":"Zone 31","locationConfidence":"indicative","placement":"from the NTKMA master KML"},"geometry":{"type":"Point","coordinates":[73.78246915420856,19.98629262459568]}},{"type":"Feature","properties":{"name":"Z31-C18","zone":"Zone 31","locationConfidence":"indicative","placement":"from the NTKMA master KML"},"geometry":{"type":"Point","coordinates":[73.78217161492148,19.98572244470225]}},{"type":"Feature","properties":{"name":"Z31-C19","zone":"Zone 31","locationConfidence":"indicative","placement":"from the NTKMA master KML"},"geometry":{"type":"Point","coordinates":[73.78263109086055,19.98682284753857]}},{"type":"Feature","properties":{"name":"Z31-C20","zone":"Zone 31","locationConfidence":"indicative","placement":"from the NTKMA master KML"},"geometry":{"type":"Point","coordinates":[73.7829221898444,19.98634988910799]}},{"type":"Feature","properties":{"name":"Z31-C21","zone":"Zone 31","locationConfidence":"indicative","placement":"from the NTKMA master KML"},"geometry":{"type":"Point","coordinates":[73.78289952631432,19.98745022158484]}},{"type":"Feature","properties":{"name":"Z31-C22","zone":"Zone 31","locationConfidence":"indicative","placement":"from the NTKMA master KML"},"geometry":{"type":"Point","coordinates":[73.78215818448213,19.98588041305161]}},{"type":"Feature","properties":{"name":"Z31-C23","zone":"Zone 31","locationConfidence":"indicative","placement":"from the NTKMA master KML"},"geometry":{"type":"Point","coordinates":[73.78299329147721,19.98722527743523]}},{"type":"Feature","properties":{"name":"Z31-C24","zone":"Zone 31","locationConfidence":"indicative","placement":"from the NTKMA master KML"},"geometry":{"type":"Point","coordinates":[73.78333248797162,19.98694531998953]}},{"type":"Feature","properties":{"name":"Z31-C25","zone":"Zone 31","locationConfidence":"indicative","placement":"from the NTKMA master KML"},"geometry":{"type":"Point","coordinates":[73.78315322455273,19.98712836423815]}},{"type":"Feature","properties":{"name":"Z31-C26","zone":"Zone 31","locationConfidence":"indicative","placement":"from the NTKMA master KML"},"geometry":{"type":"Point","coordinates":[73.78233559614549,19.98670426775637]}},{"type":"Feature","properties":{"name":"Z31-C27","zone":"Zone 31","locationConfidence":"indicative","placement":"from the NTKMA master KML"},"geometry":{"type":"Point","coordinates":[73.78239619981831,19.98685711701687]}},{"type":"Feature","properties":{"name":"Z31-C28","zone":"Zone 31","locationConfidence":"indicative","placement":"from the NTKMA master KML"},"geometry":{"type":"Point","coordinates":[73.78248038910289,19.98602041575114]}},{"type":"Feature","properties":{"name":"Z31-C29","zone":"Zone 31","locationConfidence":"indicative","placement":"from the NTKMA master KML"},"geometry":{"type":"Point","coordinates":[73.78306088952577,19.98679779319534]}},{"type":"Feature","properties":{"name":"Z31-C30","zone":"Zone 31","locationConfidence":"indicative","placement":"from the NTKMA master KML"},"geometry":{"type":"Point","coordinates":[73.78301227905408,19.98666403847856]}},{"type":"Feature","properties":{"name":"Z31-C31","zone":"Zone 31","locationConfidence":"indicative","placement":"from the NTKMA master KML"},"geometry":{"type":"Point","coordinates":[73.78277329186488,19.98622910739627]}},{"type":"Feature","properties":{"name":"Z31-C32","zone":"Zone 31","locationConfidence":"indicative","placement":"from the NTKMA master KML"},"geometry":{"type":"Point","coordinates":[73.78274540236717,19.98622114295558]}},{"type":"Feature","properties":{"name":"Z31-C33","zone":"Zone 31","locationConfidence":"indicative","placement":"from the NTKMA master KML"},"geometry":{"type":"Point","coordinates":[73.78288073474954,19.98672043596333]}},{"type":"Feature","properties":{"name":"Z31-C34","zone":"Zone 31","locationConfidence":"indicative","placement":"from the NTKMA master KML"},"geometry":{"type":"Point","coordinates":[73.7831775218753,19.98702429177869]}},{"type":"Feature","properties":{"name":"Z31-C35","zone":"Zone 31","locationConfidence":"indicative","placement":"from the NTKMA master KML"},"geometry":{"type":"Point","coordinates":[73.78348118704317,19.98739574634937]}},{"type":"Feature","properties":{"name":"Z31-C36","zone":"Zone 31","locationConfidence":"indicative","placement":"from the NTKMA master KML"},"geometry":{"type":"Point","coordinates":[73.78265622161153,19.98746155418573]}},{"type":"Feature","properties":{"name":"Z31-C37","zone":"Zone 31","locationConfidence":"indicative","placement":"from the NTKMA master KML"},"geometry":{"type":"Point","coordinates":[73.78337676704645,19.98732169604448]}},{"type":"Feature","properties":{"name":"Z31-C38","zone":"Zone 31","locationConfidence":"indicative","placement":"from the NTKMA master KML"},"geometry":{"type":"Point","coordinates":[73.78349513777778,19.98735149172278]}},{"type":"Feature","properties":{"name":"Z31-C39","zone":"Zone 31","locationConfidence":"indicative","placement":"from the NTKMA master KML"},"geometry":{"type":"Point","coordinates":[73.78276642145246,19.98635111258863]}},{"type":"Feature","properties":{"name":"Z31-C40","zone":"Zone 31","locationConfidence":"indicative","placement":"from the NTKMA master KML"},"geometry":{"type":"Point","coordinates":[73.7828487017627,19.98694564979207]}},{"type":"Feature","properties":{"name":"Z32-C1","zone":"Zone 32","locationConfidence":"indicative","placement":"from the NTKMA master KML"},"geometry":{"type":"Point","coordinates":[73.83781499117818,19.95711166518639]}},{"type":"Feature","properties":{"name":"Z32-C2","zone":"Zone 32","locationConfidence":"indicative","placement":"from the NTKMA master KML"},"geometry":{"type":"Point","coordinates":[73.83814787457112,19.95679935494962]}},{"type":"Feature","properties":{"name":"Z32-C3","zone":"Zone 32","locationConfidence":"indicative","placement":"from the NTKMA master KML"},"geometry":{"type":"Point","coordinates":[73.8380095302965,19.956824353222]}},{"type":"Feature","properties":{"name":"Z32-C4","zone":"Zone 32","locationConfidence":"indicative","placement":"from the NTKMA master KML"},"geometry":{"type":"Point","coordinates":[73.83800264603978,19.95703766626638]}},{"type":"Feature","properties":{"name":"Z32-C5","zone":"Zone 32","locationConfidence":"indicative","placement":"from the NTKMA master KML"},"geometry":{"type":"Point","coordinates":[73.83789509410583,19.95685025680357]}},{"type":"Feature","properties":{"name":"Z32-C6","zone":"Zone 32","locationConfidence":"indicative","placement":"from the NTKMA master KML"},"geometry":{"type":"Point","coordinates":[73.83807672463116,19.95669398086553]}},{"type":"Feature","properties":{"name":"Z32-C7","zone":"Zone 32","locationConfidence":"indicative","placement":"from the NTKMA master KML"},"geometry":{"type":"Point","coordinates":[73.83773352209316,19.95686896712291]}},{"type":"Feature","properties":{"name":"Z32-C8","zone":"Zone 32","locationConfidence":"indicative","placement":"from the NTKMA master KML"},"geometry":{"type":"Point","coordinates":[73.83783808652382,19.95703380449881]}},{"type":"Feature","properties":{"name":"Z32-C9","zone":"Zone 32","locationConfidence":"indicative","placement":"from the NTKMA master KML"},"geometry":{"type":"Point","coordinates":[73.83820325633805,19.95702754794253]}},{"type":"Feature","properties":{"name":"Z32-C10","zone":"Zone 32","locationConfidence":"indicative","placement":"from the NTKMA master KML"},"geometry":{"type":"Point","coordinates":[73.83787848744524,19.95704243790181]}},{"type":"Feature","properties":{"name":"Z32-C11","zone":"Zone 32","locationConfidence":"indicative","placement":"from the NTKMA master KML"},"geometry":{"type":"Point","coordinates":[73.83806753336385,19.95682439410257]}},{"type":"Feature","properties":{"name":"Z32-C12","zone":"Zone 32","locationConfidence":"indicative","placement":"from the NTKMA master KML"},"geometry":{"type":"Point","coordinates":[73.83790612989499,19.95678159433462]}},{"type":"Feature","properties":{"name":"Z32-C13","zone":"Zone 32","locationConfidence":"indicative","placement":"from the NTKMA master KML"},"geometry":{"type":"Point","coordinates":[73.83754868215576,19.95681280579331]}},{"type":"Feature","properties":{"name":"Z32-C14","zone":"Zone 32","locationConfidence":"indicative","placement":"from the NTKMA master KML"},"geometry":{"type":"Point","coordinates":[73.83775410563733,19.95680618177338]}},{"type":"Feature","properties":{"name":"Z32-C15","zone":"Zone 32","locationConfidence":"indicative","placement":"from the NTKMA master KML"},"geometry":{"type":"Point","coordinates":[73.83788431285245,19.95711790806334]}},{"type":"Feature","properties":{"name":"Z32-C16","zone":"Zone 32","locationConfidence":"indicative","placement":"from the NTKMA master KML"},"geometry":{"type":"Point","coordinates":[73.83781307901263,19.95667436205143]}},{"type":"Feature","properties":{"name":"Z32-C17","zone":"Zone 32","locationConfidence":"indicative","placement":"from the NTKMA master KML"},"geometry":{"type":"Point","coordinates":[73.83735972909625,19.95656354204529]}},{"type":"Feature","properties":{"name":"Z32-C18","zone":"Zone 32","locationConfidence":"indicative","placement":"from the NTKMA master KML"},"geometry":{"type":"Point","coordinates":[73.83787078556671,19.95675906594112]}},{"type":"Feature","properties":{"name":"Z32-C19","zone":"Zone 32","locationConfidence":"indicative","placement":"from the NTKMA master KML"},"geometry":{"type":"Point","coordinates":[73.83748219507926,19.95670016328119]}},{"type":"Feature","properties":{"name":"Z32-C20","zone":"Zone 32","locationConfidence":"indicative","placement":"from the NTKMA master KML"},"geometry":{"type":"Point","coordinates":[73.8377006397237,19.95677811471102]}},{"type":"Feature","properties":{"name":"Z32-C21","zone":"Zone 32","locationConfidence":"indicative","placement":"from the NTKMA master KML"},"geometry":{"type":"Point","coordinates":[73.83804320762876,19.95695982921273]}},{"type":"Feature","properties":{"name":"Z32-C22","zone":"Zone 32","locationConfidence":"indicative","placement":"from the NTKMA master KML"},"geometry":{"type":"Point","coordinates":[73.83776519315987,19.95682512973286]}},{"type":"Feature","properties":{"name":"Z32-C23","zone":"Zone 32","locationConfidence":"indicative","placement":"from the NTKMA master KML"},"geometry":{"type":"Point","coordinates":[73.83774290842938,19.95657271000807]}},{"type":"Feature","properties":{"name":"Z32-C24","zone":"Zone 32","locationConfidence":"indicative","placement":"from the NTKMA master KML"},"geometry":{"type":"Point","coordinates":[73.83743919454668,19.95667308888621]}},{"type":"Feature","properties":{"name":"Z32-C25","zone":"Zone 32","locationConfidence":"indicative","placement":"from the NTKMA master KML"},"geometry":{"type":"Point","coordinates":[73.83800111737294,19.95679363965804]}},{"type":"Feature","properties":{"name":"Z32-C26","zone":"Zone 32","locationConfidence":"indicative","placement":"from the NTKMA master KML"},"geometry":{"type":"Point","coordinates":[73.83776325812232,19.95686746276461]}},{"type":"Feature","properties":{"name":"Z32-C27","zone":"Zone 32","locationConfidence":"indicative","placement":"from the NTKMA master KML"},"geometry":{"type":"Point","coordinates":[73.83813548093126,19.95659185885019]}},{"type":"Feature","properties":{"name":"Z32-C28","zone":"Zone 32","locationConfidence":"indicative","placement":"from the NTKMA master KML"},"geometry":{"type":"Point","coordinates":[73.8380473035539,19.9566040152929]}},{"type":"Feature","properties":{"name":"Z32-C29","zone":"Zone 32","locationConfidence":"indicative","placement":"from the NTKMA master KML"},"geometry":{"type":"Point","coordinates":[73.83758403116921,19.95711549866111]}},{"type":"Feature","properties":{"name":"Z32-C30","zone":"Zone 32","locationConfidence":"indicative","placement":"from the NTKMA master KML"},"geometry":{"type":"Point","coordinates":[73.83761147769177,19.95670239132392]}},{"type":"Feature","properties":{"name":"Z32-C31","zone":"Zone 32","locationConfidence":"indicative","placement":"from the NTKMA master KML"},"geometry":{"type":"Point","coordinates":[73.83754762259231,19.95669877884373]}},{"type":"Feature","properties":{"name":"Z32-C32","zone":"Zone 32","locationConfidence":"indicative","placement":"from the NTKMA master KML"},"geometry":{"type":"Point","coordinates":[73.83789082675023,19.95654915229281]}},{"type":"Feature","properties":{"name":"Z32-C33","zone":"Zone 32","locationConfidence":"indicative","placement":"from the NTKMA master KML"},"geometry":{"type":"Point","coordinates":[73.8375350442352,19.95677786926218]}},{"type":"Feature","properties":{"name":"Z32-C34","zone":"Zone 32","locationConfidence":"indicative","placement":"from the NTKMA master KML"},"geometry":{"type":"Point","coordinates":[73.83737704652229,19.95655314331793]}},{"type":"Feature","properties":{"name":"Z32-C35","zone":"Zone 32","locationConfidence":"indicative","placement":"from the NTKMA master KML"},"geometry":{"type":"Point","coordinates":[73.8377420184469,19.95657636613743]}},{"type":"Feature","properties":{"name":"Z32-C36","zone":"Zone 32","locationConfidence":"indicative","placement":"from the NTKMA master KML"},"geometry":{"type":"Point","coordinates":[73.83797677945849,19.95677347785433]}},{"type":"Feature","properties":{"name":"Z32-C37","zone":"Zone 32","locationConfidence":"indicative","placement":"from the NTKMA master KML"},"geometry":{"type":"Point","coordinates":[73.83782008996715,19.95676272136856]}},{"type":"Feature","properties":{"name":"Z32-C38","zone":"Zone 32","locationConfidence":"indicative","placement":"from the NTKMA master KML"},"geometry":{"type":"Point","coordinates":[73.83747104930589,19.9567470044225]}},{"type":"Feature","properties":{"name":"Z32-C39","zone":"Zone 32","locationConfidence":"indicative","placement":"from the NTKMA master KML"},"geometry":{"type":"Point","coordinates":[73.83805724073379,19.95673669517165]}},{"type":"Feature","properties":{"name":"Z32-C40","zone":"Zone 32","locationConfidence":"indicative","placement":"from the NTKMA master KML"},"geometry":{"type":"Point","coordinates":[73.83779230978496,19.95704887891224]}},{"type":"Feature","properties":{"name":"RRC 1","locationConfidence":"indicative","placement":"from the NTKMA master KML"},"geometry":{"type":"Point","coordinates":[73.88243476815262,20.04542640420832]}},{"type":"Feature","properties":{"name":"RRC 2","locationConfidence":"indicative","placement":"from the NTKMA master KML"},"geometry":{"type":"Point","coordinates":[73.88358748283738,20.0438537152416]}},{"type":"Feature","properties":{"name":"RRC 3","locationConfidence":"indicative","placement":"from the NTKMA master KML"},"geometry":{"type":"Point","coordinates":[73.8846875751637,20.04224579197265]}},{"type":"Feature","properties":{"name":"RRC 4","locationConfidence":"indicative","placement":"from the NTKMA master KML"},"geometry":{"type":"Point","coordinates":[73.88501764303008,20.04035534631939]}},{"type":"Feature","properties":{"name":"RRC 5","locationConfidence":"indicative","placement":"from the NTKMA master KML"},"geometry":{"type":"Point","coordinates":[73.88436334208194,20.038525908606]}},{"type":"Feature","properties":{"name":"RRC 6","locationConfidence":"indicative","placement":"from the NTKMA master KML"},"geometry":{"type":"Point","coordinates":[73.88357709204342,20.0367415605473]}},{"type":"Feature","properties":{"name":"RRC 7","locationConfidence":"indicative","placement":"from the NTKMA master KML"},"geometry":{"type":"Point","coordinates":[73.88426893616456,20.03690945255016]}},{"type":"Feature","properties":{"name":"RRC 8","locationConfidence":"indicative","placement":"from the NTKMA master KML"},"geometry":{"type":"Point","coordinates":[73.88505699054565,20.03869283635398]}},{"type":"Feature","properties":{"name":"RRC 9","locationConfidence":"indicative","placement":"from the NTKMA master KML"},"geometry":{"type":"Point","coordinates":[73.88560943518418,20.04054943170539]}},{"type":"Feature","properties":{"name":"RRC 10","locationConfidence":"indicative","placement":"from the NTKMA master KML"},"geometry":{"type":"Point","coordinates":[73.88522203666258,20.04243591289745]}},{"type":"Feature","properties":{"name":"RRC 11","locationConfidence":"indicative","placement":"from the NTKMA master KML"},"geometry":{"type":"Point","coordinates":[73.88413488639462,20.04405129574382]}},{"type":"Feature","properties":{"name":"RRC 12","locationConfidence":"indicative","placement":"from the NTKMA master KML"},"geometry":{"type":"Point","coordinates":[73.88298462911327,20.04562581544308]}},{"type":"Feature","properties":{"name":"RRC 13","locationConfidence":"indicative","placement":"from the NTKMA master KML"},"geometry":{"type":"Point","coordinates":[73.88183429774973,20.04720028428014]}},{"type":"Feature","properties":{"name":"RRC 14","locationConfidence":"indicative","placement":"from the NTKMA master KML"},"geometry":{"type":"Point","coordinates":[73.88068440637689,20.04877506708656]}},{"type":"Feature","properties":{"name":"RRC 15","locationConfidence":"indicative","placement":"from the NTKMA master KML"},"geometry":{"type":"Point","coordinates":[73.87947912060413,20.05005611749033]}},{"type":"Feature","properties":{"name":"RRC 16","locationConfidence":"indicative","placement":"from the NTKMA master KML"},"geometry":{"type":"Point","coordinates":[73.88013316503826,20.04857465696089]}},{"type":"Feature","properties":{"name":"RRC 17","locationConfidence":"indicative","placement":"from the NTKMA master KML"},"geometry":{"type":"Point","coordinates":[73.88128396659545,20.0470005305846]}},{"type":"Feature","properties":{"name":"RRC 18","locationConfidence":"indicative","placement":"from the NTKMA master KML"},"geometry":{"type":"Point","coordinates":[73.88259562675802,20.03383391139108]}},{"type":"Feature","properties":{"name":"RRC 19","locationConfidence":"indicative","placement":"from the NTKMA master KML"},"geometry":{"type":"Point","coordinates":[73.88306332435634,20.03556958151161]}},{"type":"Feature","properties":{"name":"RRC 20","locationConfidence":"indicative","placement":"from the NTKMA master KML"},"geometry":{"type":"Point","coordinates":[73.88177923457337,20.03383910493141]}},{"type":"Feature","properties":{"name":"RRC 21","locationConfidence":"indicative","placement":"from the NTKMA master KML"},"geometry":{"type":"Point","coordinates":[73.88025097127328,20.03228274783929]}},{"type":"Feature","properties":{"name":"RRC 22","locationConfidence":"indicative","placement":"from the NTKMA master KML"},"geometry":{"type":"Point","coordinates":[73.88102641098371,20.03231778722212]}},{"type":"Feature","properties":{"name":"RRC 23","locationConfidence":"indicative","placement":"from the NTKMA master KML"},"geometry":{"type":"Point","coordinates":[73.87898537744522,20.02962099802018]}},{"type":"Feature","properties":{"name":"RRC 24","locationConfidence":"indicative","placement":"from the NTKMA master KML"},"geometry":{"type":"Point","coordinates":[73.71445959261224,19.90775614658222]}},{"type":"Feature","properties":{"name":"RRC 25","locationConfidence":"indicative","placement":"from the NTKMA master KML"},"geometry":{"type":"Point","coordinates":[73.71538162747902,19.90625468482974]}},{"type":"Feature","properties":{"name":"RRC 26","locationConfidence":"indicative","placement":"from the NTKMA master KML"},"geometry":{"type":"Point","coordinates":[73.71694383221477,19.90500608908969]}},{"type":"Feature","properties":{"name":"RRC 27","locationConfidence":"indicative","placement":"from the NTKMA master KML"},"geometry":{"type":"Point","coordinates":[73.71873293802985,19.90411446139749]}},{"type":"Feature","properties":{"name":"RRC 28","locationConfidence":"indicative","placement":"from the NTKMA master KML"},"geometry":{"type":"Point","coordinates":[73.7206624910484,19.90359086474969]}},{"type":"Feature","properties":{"name":"RRC 29","locationConfidence":"indicative","placement":"from the NTKMA master KML"},"geometry":{"type":"Point","coordinates":[73.72264932163087,19.90334169359208]}},{"type":"Feature","properties":{"name":"RRC 30","locationConfidence":"indicative","placement":"from the NTKMA master KML"},"geometry":{"type":"Point","coordinates":[73.72463942075989,19.90311670124773]}},{"type":"Feature","properties":{"name":"RRC 31","locationConfidence":"indicative","placement":"from the NTKMA master KML"},"geometry":{"type":"Point","coordinates":[73.72663078139381,19.90290342534122]}},{"type":"Feature","properties":{"name":"RRC 32","locationConfidence":"indicative","placement":"from the NTKMA master KML"},"geometry":{"type":"Point","coordinates":[73.72863057982296,19.90291694866739]}},{"type":"Feature","properties":{"name":"RRC 33","locationConfidence":"indicative","placement":"from the NTKMA master KML"},"geometry":{"type":"Point","coordinates":[73.73058985399962,19.90331440933291]}},{"type":"Feature","properties":{"name":"RRC 34","locationConfidence":"indicative","placement":"from the NTKMA master KML"},"geometry":{"type":"Point","coordinates":[73.73243756733592,19.90407845525676]}},{"type":"Feature","properties":{"name":"RRC 35","locationConfidence":"indicative","placement":"from the NTKMA master KML"},"geometry":{"type":"Point","coordinates":[73.73418942847562,19.9050490023374]}},{"type":"Feature","properties":{"name":"RRC 36","locationConfidence":"indicative","placement":"from the NTKMA master KML"},"geometry":{"type":"Point","coordinates":[73.735939232084,19.90602330500328]}},{"type":"Feature","properties":{"name":"RRC 37","locationConfidence":"indicative","placement":"from the NTKMA master KML"},"geometry":{"type":"Point","coordinates":[73.73768861946772,19.90699835174939]}},{"type":"Feature","properties":{"name":"RRC 38","locationConfidence":"indicative","placement":"from the NTKMA master KML"},"geometry":{"type":"Point","coordinates":[73.73948636197355,19.907879373508]}},{"type":"Feature","properties":{"name":"RRC 39","locationConfidence":"indicative","placement":"from the NTKMA master KML"},"geometry":{"type":"Point","coordinates":[73.74133351956041,19.90865310498485]}},{"type":"Feature","properties":{"name":"RRC 40","locationConfidence":"indicative","placement":"from the NTKMA master KML"},"geometry":{"type":"Point","coordinates":[73.74318123143631,19.90942580157822]}},{"type":"Feature","properties":{"name":"RRC 41","locationConfidence":"indicative","placement":"from the NTKMA master KML"},"geometry":{"type":"Point","coordinates":[73.74502955899109,19.91019698752309]}},{"type":"Feature","properties":{"name":"RRC 42","locationConfidence":"indicative","placement":"from the NTKMA master KML"},"geometry":{"type":"Point","coordinates":[73.74687784363307,19.910968304706]}},{"type":"Feature","properties":{"name":"RRC 43","locationConfidence":"indicative","placement":"from the NTKMA master KML"},"geometry":{"type":"Point","coordinates":[73.74872604491502,19.91173981831076]}},{"type":"Feature","properties":{"name":"RRC 44","locationConfidence":"indicative","placement":"from the NTKMA master KML"},"geometry":{"type":"Point","coordinates":[73.7505494747284,19.91256555284817]}},{"type":"Feature","properties":{"name":"RRC 45","locationConfidence":"indicative","placement":"from the NTKMA master KML"},"geometry":{"type":"Point","coordinates":[73.75219965518019,19.91369454890952]}},{"type":"Feature","properties":{"name":"RRC 46","locationConfidence":"indicative","placement":"from the NTKMA master KML"},"geometry":{"type":"Point","coordinates":[73.75370019133,19.91502095222887]}},{"type":"Feature","properties":{"name":"RRC 47","locationConfidence":"indicative","placement":"from the NTKMA master KML"},"geometry":{"type":"Point","coordinates":[73.755194666499,19.91635424089501]}},{"type":"Feature","properties":{"name":"RRC 48","locationConfidence":"indicative","placement":"from the NTKMA master KML"},"geometry":{"type":"Point","coordinates":[73.75669153632803,19.91768483150506]}},{"type":"Feature","properties":{"name":"RRC 49","locationConfidence":"indicative","placement":"from the NTKMA master KML"},"geometry":{"type":"Point","coordinates":[73.75818761402094,19.91901631120712]}},{"type":"Feature","properties":{"name":"RRC 50","locationConfidence":"indicative","placement":"from the NTKMA master KML"},"geometry":{"type":"Point","coordinates":[73.75968123318789,19.92035052291741]}},{"type":"Feature","properties":{"name":"RRC 51","locationConfidence":"indicative","placement":"from the NTKMA master KML"},"geometry":{"type":"Point","coordinates":[73.76117645492153,19.92168295925331]}},{"type":"Feature","properties":{"name":"RRC 52","locationConfidence":"indicative","placement":"from the NTKMA master KML"},"geometry":{"type":"Point","coordinates":[73.76278086073849,19.92287645855833]}},{"type":"Feature","properties":{"name":"RRC 53","locationConfidence":"indicative","placement":"from the NTKMA master KML"},"geometry":{"type":"Point","coordinates":[73.7645346430478,19.92384328459627]}},{"type":"Feature","properties":{"name":"RRC 54","locationConfidence":"indicative","placement":"from the NTKMA master KML"},"geometry":{"type":"Point","coordinates":[73.76628995714772,19.92480749859276]}},{"type":"Feature","properties":{"name":"RRC 55","locationConfidence":"indicative","placement":"from the NTKMA master KML"},"geometry":{"type":"Point","coordinates":[73.7680401338985,19.9257797365811]}},{"type":"Feature","properties":{"name":"RRC 56","locationConfidence":"indicative","placement":"from the NTKMA master KML"},"geometry":{"type":"Point","coordinates":[73.7698160258695,19.92670510832599]}},{"type":"Feature","properties":{"name":"RRC 57","locationConfidence":"indicative","placement":"from the NTKMA master KML"},"geometry":{"type":"Point","coordinates":[73.77163220593835,19.92754869828228]}},{"type":"Feature","properties":{"name":"RRC 58","locationConfidence":"indicative","placement":"from the NTKMA master KML"},"geometry":{"type":"Point","coordinates":[73.77351983872633,19.92817222046969]}},{"type":"Feature","properties":{"name":"RRC 59","locationConfidence":"indicative","placement":"from the NTKMA master KML"},"geometry":{"type":"Point","coordinates":[73.77548361618626,19.92856534538188]}},{"type":"Feature","properties":{"name":"RRC 60","locationConfidence":"indicative","placement":"from the NTKMA master KML"},"geometry":{"type":"Point","coordinates":[73.77744672659247,19.92896181882889]}},{"type":"Feature","properties":{"name":"RRC 61","locationConfidence":"indicative","placement":"from the NTKMA master KML"},"geometry":{"type":"Point","coordinates":[73.77939221099273,19.92942963427475]}},{"type":"Feature","properties":{"name":"RRC 62","locationConfidence":"indicative","placement":"from the NTKMA master KML"},"geometry":{"type":"Point","coordinates":[73.78131313113992,19.92999629993654]}},{"type":"Feature","properties":{"name":"RRC 63","locationConfidence":"indicative","placement":"from the NTKMA master KML"},"geometry":{"type":"Point","coordinates":[73.78325431614518,19.93048603399954]}},{"type":"Feature","properties":{"name":"RRC 64","locationConfidence":"indicative","placement":"from the NTKMA master KML"},"geometry":{"type":"Point","coordinates":[73.78520418304174,19.93094282017864]}},{"type":"Feature","properties":{"name":"RRC 65","locationConfidence":"indicative","placement":"from the NTKMA master KML"},"geometry":{"type":"Point","coordinates":[73.78717666701912,19.93128654929618]}},{"type":"Feature","properties":{"name":"RRC 66","locationConfidence":"indicative","placement":"from the NTKMA master KML"},"geometry":{"type":"Point","coordinates":[73.7891503177941,19.93162646769698]}},{"type":"Feature","properties":{"name":"RRC 67","locationConfidence":"indicative","placement":"from the NTKMA master KML"},"geometry":{"type":"Point","coordinates":[73.79113962198038,19.93162550618364]}},{"type":"Feature","properties":{"name":"RRC 68","locationConfidence":"indicative","placement":"from the NTKMA master KML"},"geometry":{"type":"Point","coordinates":[73.79313525484399,19.93149955659002]}},{"type":"Feature","properties":{"name":"RRC 69","locationConfidence":"indicative","placement":"from the NTKMA master KML"},"geometry":{"type":"Point","coordinates":[73.79513757283077,19.93152051829026]}},{"type":"Feature","properties":{"name":"RRC 70","locationConfidence":"indicative","placement":"from the NTKMA master KML"},"geometry":{"type":"Point","coordinates":[73.79713911283295,19.93153833164865]}},{"type":"Feature","properties":{"name":"RRC 71","locationConfidence":"indicative","placement":"from the NTKMA master KML"},"geometry":{"type":"Point","coordinates":[73.79914167802181,19.93156645147132]}},{"type":"Feature","properties":{"name":"RRC 72","locationConfidence":"indicative","placement":"from the NTKMA master KML"},"geometry":{"type":"Point","coordinates":[73.80114392810415,19.93158557257151]}},{"type":"Feature","properties":{"name":"RRC 73","locationConfidence":"indicative","placement":"from the NTKMA master KML"},"geometry":{"type":"Point","coordinates":[73.80314650667312,19.931573561691]}},{"type":"Feature","properties":{"name":"RRC 74","locationConfidence":"indicative","placement":"from the NTKMA master KML"},"geometry":{"type":"Point","coordinates":[73.80514893060662,19.93156892582746]}},{"type":"Feature","properties":{"name":"RRC 75","locationConfidence":"indicative","placement":"from the NTKMA master KML"},"geometry":{"type":"Point","coordinates":[73.80715142038315,19.93159148782406]}},{"type":"Feature","properties":{"name":"RRC 76","locationConfidence":"indicative","placement":"from the NTKMA master KML"},"geometry":{"type":"Point","coordinates":[73.80915419706962,19.93159227961626]}},{"type":"Feature","properties":{"name":"RRC 77","locationConfidence":"indicative","placement":"from the NTKMA master KML"},"geometry":{"type":"Point","coordinates":[73.81115687673193,19.9316065772641]}},{"type":"Feature","properties":{"name":"RRC 78","locationConfidence":"indicative","placement":"from the NTKMA master KML"},"geometry":{"type":"Point","coordinates":[73.81315944410456,19.93162735866833]}},{"type":"Feature","properties":{"name":"RRC 79","locationConfidence":"indicative","placement":"from the NTKMA master KML"},"geometry":{"type":"Point","coordinates":[73.81516153771193,19.93166935797642]}},{"type":"Feature","properties":{"name":"RRC 80","locationConfidence":"indicative","placement":"from the NTKMA master KML"},"geometry":{"type":"Point","coordinates":[73.81716402458463,19.93170319482109]}},{"type":"Feature","properties":{"name":"RRC 81","locationConfidence":"indicative","placement":"from the NTKMA master KML"},"geometry":{"type":"Point","coordinates":[73.81916655184996,19.93172536896474]}},{"type":"Feature","properties":{"name":"RRC 82","locationConfidence":"indicative","placement":"from the NTKMA master KML"},"geometry":{"type":"Point","coordinates":[73.82115954050447,19.93154007892401]}},{"type":"Feature","properties":{"name":"RRC 83","locationConfidence":"indicative","placement":"from the NTKMA master KML"},"geometry":{"type":"Point","coordinates":[73.82315417025808,19.93136766003822]}},{"type":"Feature","properties":{"name":"RRC 84","locationConfidence":"indicative","placement":"from the NTKMA master KML"},"geometry":{"type":"Point","coordinates":[73.82515280321738,19.93124366174215]}},{"type":"Feature","properties":{"name":"RRC 85","locationConfidence":"indicative","placement":"from the NTKMA master KML"},"geometry":{"type":"Point","coordinates":[73.82714080194289,19.93129623191275]}},{"type":"Feature","properties":{"name":"RRC 86","locationConfidence":"indicative","placement":"from the NTKMA master KML"},"geometry":{"type":"Point","coordinates":[73.82910256875878,19.93169179732144]}},{"type":"Feature","properties":{"name":"RRC 87","locationConfidence":"indicative","placement":"from the NTKMA master KML"},"geometry":{"type":"Point","coordinates":[73.83109275110283,19.93163630474724]}},{"type":"Feature","properties":{"name":"RRC 88","locationConfidence":"indicative","placement":"from the NTKMA master KML"},"geometry":{"type":"Point","coordinates":[73.83308611247703,19.93164393967193]}},{"type":"Feature","properties":{"name":"RRC 89","locationConfidence":"indicative","placement":"from the NTKMA master KML"},"geometry":{"type":"Point","coordinates":[73.8350727876103,19.93183415058265]}},{"type":"Feature","properties":{"name":"RRC 90","locationConfidence":"indicative","placement":"from the NTKMA master KML"},"geometry":{"type":"Point","coordinates":[73.83703460738597,19.93223708758797]}},{"type":"Feature","properties":{"name":"RRC 91","locationConfidence":"indicative","placement":"from the NTKMA master KML"},"geometry":{"type":"Point","coordinates":[73.83899298771999,19.93265619551082]}},{"type":"Feature","properties":{"name":"RRC 92","locationConfidence":"indicative","placement":"from the NTKMA master KML"},"geometry":{"type":"Point","coordinates":[73.84080749699706,19.93341618034512]}},{"type":"Feature","properties":{"name":"RRC 93","locationConfidence":"indicative","placement":"from the NTKMA master KML"},"geometry":{"type":"Point","coordinates":[73.84212576668186,19.93491432258602]}},{"type":"Feature","properties":{"name":"RRC 94","locationConfidence":"indicative","placement":"from the NTKMA master KML"},"geometry":{"type":"Point","coordinates":[73.84308811986588,19.93666296283261]}},{"type":"Feature","properties":{"name":"RRC 95","locationConfidence":"indicative","placement":"from the NTKMA master KML"},"geometry":{"type":"Point","coordinates":[73.84389968488217,19.93849391185097]}},{"type":"Feature","properties":{"name":"RRC 96","locationConfidence":"indicative","placement":"from the NTKMA master KML"},"geometry":{"type":"Point","coordinates":[73.84460190744295,19.94036875928703]}},{"type":"Feature","properties":{"name":"RRC 97","locationConfidence":"indicative","placement":"from the NTKMA master KML"},"geometry":{"type":"Point","coordinates":[73.84528551058614,19.94225125360328]}},{"type":"Feature","properties":{"name":"RRC 98","locationConfidence":"indicative","placement":"from the NTKMA master KML"},"geometry":{"type":"Point","coordinates":[73.84591279418429,19.94415280267705]}},{"type":"Feature","properties":{"name":"RRC 99","locationConfidence":"indicative","placement":"from the NTKMA master KML"},"geometry":{"type":"Point","coordinates":[73.84650124114144,19.94606716383384]}},{"type":"Feature","properties":{"name":"RRC 100","locationConfidence":"indicative","placement":"from the NTKMA master KML"},"geometry":{"type":"Point","coordinates":[73.84714240694893,19.94796424853502]}},{"type":"Feature","properties":{"name":"RRC 101","locationConfidence":"indicative","placement":"from the NTKMA master KML"},"geometry":{"type":"Point","coordinates":[73.84780812235273,19.94985314783747]}},{"type":"Feature","properties":{"name":"RRC 102","locationConfidence":"indicative","placement":"from the NTKMA master KML"},"geometry":{"type":"Point","coordinates":[73.8484421261289,19.95175243257221]}},{"type":"Feature","properties":{"name":"RRC 103","locationConfidence":"indicative","placement":"from the NTKMA master KML"},"geometry":{"type":"Point","coordinates":[73.84901244692357,19.9536722809333]}},{"type":"Feature","properties":{"name":"RRC 104","locationConfidence":"indicative","placement":"from the NTKMA master KML"},"geometry":{"type":"Point","coordinates":[73.84960281235607,19.95558569968949]}},{"type":"Feature","properties":{"name":"RRC 105","locationConfidence":"indicative","placement":"from the NTKMA master KML"},"geometry":{"type":"Point","coordinates":[73.85103717731121,19.95685810939172]}},{"type":"Feature","properties":{"name":"RRC 106","locationConfidence":"indicative","placement":"from the NTKMA master KML"},"geometry":{"type":"Point","coordinates":[73.85282327129613,19.95776270193219]}},{"type":"Feature","properties":{"name":"RRC 107","locationConfidence":"indicative","placement":"from the NTKMA master KML"},"geometry":{"type":"Point","coordinates":[73.85423451768034,19.95908972916912]}},{"type":"Feature","properties":{"name":"RRC 108","locationConfidence":"indicative","placement":"from the NTKMA master KML"},"geometry":{"type":"Point","coordinates":[73.85536112624393,19.9607211623073]}},{"type":"Feature","properties":{"name":"RRC 109","locationConfidence":"indicative","placement":"from the NTKMA master KML"},"geometry":{"type":"Point","coordinates":[73.85660021097777,19.96229319634606]}},{"type":"Feature","properties":{"name":"RRC 110","locationConfidence":"indicative","placement":"from the NTKMA master KML"},"geometry":{"type":"Point","coordinates":[73.85775546572624,19.96392700056871]}},{"type":"Feature","properties":{"name":"RRC 111","locationConfidence":"indicative","placement":"from the NTKMA master KML"},"geometry":{"type":"Point","coordinates":[73.85886898058207,19.96559133404033]}},{"type":"Feature","properties":{"name":"RRC 112","locationConfidence":"indicative","placement":"from the NTKMA master KML"},"geometry":{"type":"Point","coordinates":[73.85997353392985,19.9672615705808]}},{"type":"Feature","properties":{"name":"RRC 113","locationConfidence":"indicative","placement":"from the NTKMA master KML"},"geometry":{"type":"Point","coordinates":[73.86056277110981,19.9691681973342]}},{"type":"Feature","properties":{"name":"RRC 114","locationConfidence":"indicative","placement":"from the NTKMA master KML"},"geometry":{"type":"Point","coordinates":[73.86103348144643,19.97111487288294]}},{"type":"Feature","properties":{"name":"RRC 115","locationConfidence":"indicative","placement":"from the NTKMA master KML"},"geometry":{"type":"Point","coordinates":[73.86128971610083,19.97309720794755]}},{"type":"Feature","properties":{"name":"RRC 116","locationConfidence":"indicative","placement":"from the NTKMA master KML"},"geometry":{"type":"Point","coordinates":[73.86145378630106,19.97509325320207]}},{"type":"Feature","properties":{"name":"RRC 117","locationConfidence":"indicative","placement":"from the NTKMA master KML"},"geometry":{"type":"Point","coordinates":[73.8616193277829,19.97708917736565]}},{"type":"Feature","properties":{"name":"RRC 118","locationConfidence":"indicative","placement":"from the NTKMA master KML"},"geometry":{"type":"Point","coordinates":[73.86177877637802,19.97908558449474]}},{"type":"Feature","properties":{"name":"RRC 119","locationConfidence":"indicative","placement":"from the NTKMA master KML"},"geometry":{"type":"Point","coordinates":[73.8619117476358,19.98108366279789]}},{"type":"Feature","properties":{"name":"RRC 120","locationConfidence":"indicative","placement":"from the NTKMA master KML"},"geometry":{"type":"Point","coordinates":[73.86226409735266,19.98305078965573]}},{"type":"Feature","properties":{"name":"RRC 121","locationConfidence":"indicative","placement":"from the NTKMA master KML"},"geometry":{"type":"Point","coordinates":[73.86301439777102,19.98490596972611]}},{"type":"Feature","properties":{"name":"RRC 122","locationConfidence":"indicative","placement":"from the NTKMA master KML"},"geometry":{"type":"Point","coordinates":[73.86381962720037,19.98673963195885]}},{"type":"Feature","properties":{"name":"RRC 123","locationConfidence":"indicative","placement":"from the NTKMA master KML"},"geometry":{"type":"Point","coordinates":[73.86477886595723,19.9884935231148]}},{"type":"Feature","properties":{"name":"RRC 124","locationConfidence":"indicative","placement":"from the NTKMA master KML"},"geometry":{"type":"Point","coordinates":[73.86608824942859,19.9900013309455]}},{"type":"Feature","properties":{"name":"RRC 125","locationConfidence":"indicative","placement":"from the NTKMA master KML"},"geometry":{"type":"Point","coordinates":[73.86761426272349,19.99129729458311]}},{"type":"Feature","properties":{"name":"RRC 126","locationConfidence":"indicative","placement":"from the NTKMA master KML"},"geometry":{"type":"Point","coordinates":[73.86915834160956,19.99257273324401]}},{"type":"Feature","properties":{"name":"RRC 127","locationConfidence":"indicative","placement":"from the NTKMA master KML"},"geometry":{"type":"Point","coordinates":[73.8706982762083,19.99385324796746]}},{"type":"Feature","properties":{"name":"RRC 128","locationConfidence":"indicative","placement":"from the NTKMA master KML"},"geometry":{"type":"Point","coordinates":[73.87211667330908,19.99525424874339]}},{"type":"Feature","properties":{"name":"RRC 129","locationConfidence":"indicative","placement":"from the NTKMA master KML"},"geometry":{"type":"Point","coordinates":[73.87275604058253,19.99712194543677]}},{"type":"Feature","properties":{"name":"RRC 130","locationConfidence":"indicative","placement":"from the NTKMA master KML"},"geometry":{"type":"Point","coordinates":[73.87269917302413,19.99912329717615]}},{"type":"Feature","properties":{"name":"RRC 131","locationConfidence":"indicative","placement":"from the NTKMA master KML"},"geometry":{"type":"Point","coordinates":[73.87257896200792,20.00112245188228]}},{"type":"Feature","properties":{"name":"RRC 132","locationConfidence":"indicative","placement":"from the NTKMA master KML"},"geometry":{"type":"Point","coordinates":[73.87250211497953,20.00312316289757]}},{"type":"Feature","properties":{"name":"RRC 133","locationConfidence":"indicative","placement":"from the NTKMA master KML"},"geometry":{"type":"Point","coordinates":[73.87254306517458,20.00512444364604]}},{"type":"Feature","properties":{"name":"RRC 134","locationConfidence":"indicative","placement":"from the NTKMA master KML"},"geometry":{"type":"Point","coordinates":[73.87268286555754,20.0071214906697]}},{"type":"Feature","properties":{"name":"RRC 135","locationConfidence":"indicative","placement":"from the NTKMA master KML"},"geometry":{"type":"Point","coordinates":[73.87292356595296,20.00910974849469]}},{"type":"Feature","properties":{"name":"RRC 136","locationConfidence":"indicative","placement":"from the NTKMA master KML"},"geometry":{"type":"Point","coordinates":[73.87312780563596,20.01110192436973]}},{"type":"Feature","properties":{"name":"RRC 137","locationConfidence":"indicative","placement":"from the NTKMA master KML"},"geometry":{"type":"Point","coordinates":[73.87336379327796,20.01309052277788]}},{"type":"Feature","properties":{"name":"RRC 138","locationConfidence":"indicative","placement":"from the NTKMA master KML"},"geometry":{"type":"Point","coordinates":[73.87362850214637,20.01507482947917]}},{"type":"Feature","properties":{"name":"RRC 139","locationConfidence":"indicative","placement":"from the NTKMA master KML"},"geometry":{"type":"Point","coordinates":[73.87398908854252,20.01704485142155]}},{"type":"Feature","properties":{"name":"RRC 140","locationConfidence":"indicative","placement":"from the NTKMA master KML"},"geometry":{"type":"Point","coordinates":[73.8742985222497,20.01902347880095]}},{"type":"Feature","properties":{"name":"RRC 141","locationConfidence":"indicative","placement":"from the NTKMA master KML"},"geometry":{"type":"Point","coordinates":[73.8746149725468,20.02100077056378]}},{"type":"Feature","properties":{"name":"RRC 142","locationConfidence":"indicative","placement":"from the NTKMA master KML"},"geometry":{"type":"Point","coordinates":[73.87495128493711,20.02297354466969]}},{"type":"Feature","properties":{"name":"RRC 143","locationConfidence":"indicative","placement":"from the NTKMA master KML"},"geometry":{"type":"Point","coordinates":[73.87564815055417,20.02484071598796]}},{"type":"Feature","properties":{"name":"RRC 144","locationConfidence":"indicative","placement":"from the NTKMA master KML"},"geometry":{"type":"Point","coordinates":[73.87675717968706,20.02650629371083]}},{"type":"Feature","properties":{"name":"RRC 145","locationConfidence":"indicative","placement":"from the NTKMA master KML"},"geometry":{"type":"Point","coordinates":[73.87792550079867,20.02813232837091]}},{"type":"Feature","properties":{"name":"RRC 146","locationConfidence":"indicative","placement":"from the NTKMA master KML"},"geometry":{"type":"Point","coordinates":[73.87681033878576,20.02754208419354]}},{"type":"Feature","properties":{"name":"RRC 147","locationConfidence":"indicative","placement":"from the NTKMA master KML"},"geometry":{"type":"Point","coordinates":[73.87564754093324,20.02591165494706]}},{"type":"Feature","properties":{"name":"RRC 148","locationConfidence":"indicative","placement":"from the NTKMA master KML"},"geometry":{"type":"Point","coordinates":[73.87469923825824,20.02415335512443]}},{"type":"Feature","properties":{"name":"RRC 149","locationConfidence":"indicative","placement":"from the NTKMA master KML"},"geometry":{"type":"Point","coordinates":[73.87422023382605,20.02221355171601]}},{"type":"Feature","properties":{"name":"RRC 150","locationConfidence":"indicative","placement":"from the NTKMA master KML"},"geometry":{"type":"Point","coordinates":[73.87391064162513,20.02023546409943]}},{"type":"Feature","properties":{"name":"RRC 151","locationConfidence":"indicative","placement":"from the NTKMA master KML"},"geometry":{"type":"Point","coordinates":[73.87361354861092,20.01825484467245]}},{"type":"Feature","properties":{"name":"RRC 152","locationConfidence":"indicative","placement":"from the NTKMA master KML"},"geometry":{"type":"Point","coordinates":[73.87326827679999,20.01628250402143]}},{"type":"Feature","properties":{"name":"RRC 153","locationConfidence":"indicative","placement":"from the NTKMA master KML"},"geometry":{"type":"Point","coordinates":[73.8729352429772,20.01430808994738]}},{"type":"Feature","properties":{"name":"RRC 154","locationConfidence":"indicative","placement":"from the NTKMA master KML"},"geometry":{"type":"Point","coordinates":[73.87269887677009,20.01231931416085]}},{"type":"Feature","properties":{"name":"RRC 155","locationConfidence":"indicative","placement":"from the NTKMA master KML"},"geometry":{"type":"Point","coordinates":[73.87247792513956,20.01032880651378]}},{"type":"Feature","properties":{"name":"RRC 156","locationConfidence":"indicative","placement":"from the NTKMA master KML"},"geometry":{"type":"Point","coordinates":[73.87224909449822,20.00833921245784]}},{"type":"Feature","properties":{"name":"RRC 157","locationConfidence":"indicative","placement":"from the NTKMA master KML"},"geometry":{"type":"Point","coordinates":[73.87203206300164,20.00634851497991]}},{"type":"Feature","properties":{"name":"RRC 158","locationConfidence":"indicative","placement":"from the NTKMA master KML"},"geometry":{"type":"Point","coordinates":[73.87193411598435,20.00434815425895]}},{"type":"Feature","properties":{"name":"RRC 159","locationConfidence":"indicative","placement":"from the NTKMA master KML"},"geometry":{"type":"Point","coordinates":[73.87194824862073,20.0023467484598]}},{"type":"Feature","properties":{"name":"RRC 160","locationConfidence":"indicative","placement":"from the NTKMA master KML"},"geometry":{"type":"Point","coordinates":[73.87205711437863,20.00034704777005]}},{"type":"Feature","properties":{"name":"RRC 161","locationConfidence":"indicative","placement":"from the NTKMA master KML"},"geometry":{"type":"Point","coordinates":[73.87218242096564,19.99834819433866]}},{"type":"Feature","properties":{"name":"RRC 162","locationConfidence":"indicative","placement":"from the NTKMA master KML"},"geometry":{"type":"Point","coordinates":[73.872046626406,19.99636505631549]}},{"type":"Feature","properties":{"name":"RRC 163","locationConfidence":"indicative","placement":"from the NTKMA master KML"},"geometry":{"type":"Point","coordinates":[73.87091012233786,19.99475090383957]}},{"type":"Feature","properties":{"name":"RRC 164","locationConfidence":"indicative","placement":"from the NTKMA master KML"},"geometry":{"type":"Point","coordinates":[73.8693726692404,19.9934674827543]}},{"type":"Feature","properties":{"name":"RRC 165","locationConfidence":"indicative","placement":"from the NTKMA master KML"},"geometry":{"type":"Point","coordinates":[73.86783733070986,19.99218160129857]}},{"type":"Feature","properties":{"name":"RRC 166","locationConfidence":"indicative","placement":"from the NTKMA master KML"},"geometry":{"type":"Point","coordinates":[73.86629561639815,19.99090330626671]}},{"type":"Feature","properties":{"name":"RRC 167","locationConfidence":"indicative","placement":"from the NTKMA master KML"},"geometry":{"type":"Point","coordinates":[73.86485565526769,19.98951701124522]}},{"type":"Feature","properties":{"name":"RRC 168","locationConfidence":"indicative","placement":"from the NTKMA master KML"},"geometry":{"type":"Point","coordinates":[73.86373126996774,19.98786639297567]}},{"type":"Feature","properties":{"name":"RRC 169","locationConfidence":"indicative","placement":"from the NTKMA master KML"},"geometry":{"type":"Point","coordinates":[73.86290019876161,19.98604490587176]}},{"type":"Feature","properties":{"name":"RRC 170","locationConfidence":"indicative","placement":"from the NTKMA master KML"},"geometry":{"type":"Point","coordinates":[73.86209581058833,19.98421104036441]}},{"type":"Feature","properties":{"name":"RRC 171","locationConfidence":"indicative","placement":"from the NTKMA master KML"},"geometry":{"type":"Point","coordinates":[73.86149583438352,19.98230569577068]}},{"type":"Feature","properties":{"name":"RRC 172","locationConfidence":"indicative","placement":"from the NTKMA master KML"},"geometry":{"type":"Point","coordinates":[73.86129060763082,19.98031630026754]}},{"type":"Feature","properties":{"name":"RRC 173","locationConfidence":"indicative","placement":"from the NTKMA master KML"},"geometry":{"type":"Point","coordinates":[73.86114171673249,19.97831930068439]}},{"type":"Feature","properties":{"name":"RRC 174","locationConfidence":"indicative","placement":"from the NTKMA master KML"},"geometry":{"type":"Point","coordinates":[73.86098142664267,19.97632299030744]}},{"type":"Feature","properties":{"name":"RRC 175","locationConfidence":"indicative","placement":"from the NTKMA master KML"},"geometry":{"type":"Point","coordinates":[73.8608151229167,19.97432713412291]}},{"type":"Feature","properties":{"name":"RRC 176","locationConfidence":"indicative","placement":"from the NTKMA master KML"},"geometry":{"type":"Point","coordinates":[73.8606496155602,19.97233123014748]}},{"type":"Feature","properties":{"name":"RRC 177","locationConfidence":"indicative","placement":"from the NTKMA master KML"},"geometry":{"type":"Point","coordinates":[73.86026585250002,19.97036965988064]}},{"type":"Feature","properties":{"name":"RRC 178","locationConfidence":"indicative","placement":"from the NTKMA master KML"},"geometry":{"type":"Point","coordinates":[73.85979632345622,19.96842269958568]}},{"type":"Feature","properties":{"name":"RRC 179","locationConfidence":"indicative","placement":"from the NTKMA master KML"},"geometry":{"type":"Point","coordinates":[73.85890106843927,19.96665065279451]}},{"type":"Feature","properties":{"name":"RRC 180","locationConfidence":"indicative","placement":"from the NTKMA master KML"},"geometry":{"type":"Point","coordinates":[73.85778820350062,19.96498553617862]}},{"type":"Feature","properties":{"name":"RRC 181","locationConfidence":"indicative","placement":"from the NTKMA master KML"},"geometry":{"type":"Point","coordinates":[73.85667381623432,19.96332147981811]}},{"type":"Feature","properties":{"name":"RRC 182","locationConfidence":"indicative","placement":"from the NTKMA master KML"},"geometry":{"type":"Point","coordinates":[73.85544588077585,19.96174061199437]}},{"type":"Feature","properties":{"name":"RRC 183","locationConfidence":"indicative","placement":"from the NTKMA master KML"},"geometry":{"type":"Point","coordinates":[73.85419764395468,19.96017452767349]}},{"type":"Feature","properties":{"name":"RRC 184","locationConfidence":"indicative","placement":"from the NTKMA master KML"},"geometry":{"type":"Point","coordinates":[73.8531240050679,19.95852050264205]}},{"type":"Feature","properties":{"name":"RRC 185","locationConfidence":"indicative","placement":"from the NTKMA master KML"},"geometry":{"type":"Point","coordinates":[73.85133044720476,19.95763299899915]}},{"type":"Feature","properties":{"name":"RRC 186","locationConfidence":"indicative","placement":"from the NTKMA master KML"},"geometry":{"type":"Point","coordinates":[73.84958681243889,19.95665229259422]}},{"type":"Feature","properties":{"name":"RRC 187","locationConfidence":"indicative","placement":"from the NTKMA master KML"},"geometry":{"type":"Point","coordinates":[73.84877015580251,19.95486785707388]}},{"type":"Feature","properties":{"name":"RRC 188","locationConfidence":"indicative","placement":"from the NTKMA master KML"},"geometry":{"type":"Point","coordinates":[73.84819998022746,19.95294796742457]}},{"type":"Feature","properties":{"name":"RRC 189","locationConfidence":"indicative","placement":"from the NTKMA master KML"},"geometry":{"type":"Point","coordinates":[73.8476174086809,19.95103201740943]}},{"type":"Feature","properties":{"name":"RRC 190","locationConfidence":"indicative","placement":"from the NTKMA master KML"},"geometry":{"type":"Point","coordinates":[73.84695131962876,19.94914327296593]}},{"type":"Feature","properties":{"name":"RRC 191","locationConfidence":"indicative","placement":"from the NTKMA master KML"},"geometry":{"type":"Point","coordinates":[73.84628615437518,19.94725418557684]}},{"type":"Feature","properties":{"name":"RRC 192","locationConfidence":"indicative","placement":"from the NTKMA master KML"},"geometry":{"type":"Point","coordinates":[73.84568308520308,19.94534459235296]}},{"type":"Feature","properties":{"name":"RRC 193","locationConfidence":"indicative","placement":"from the NTKMA master KML"},"geometry":{"type":"Point","coordinates":[73.84509866759585,19.94342915496369]}},{"type":"Feature","properties":{"name":"RRC 194","locationConfidence":"indicative","placement":"from the NTKMA master KML"},"geometry":{"type":"Point","coordinates":[73.84442171964616,19.9415442963944]}},{"type":"Feature","properties":{"name":"RRC 195","locationConfidence":"indicative","placement":"from the NTKMA master KML"},"geometry":{"type":"Point","coordinates":[73.84373878344154,19.93966156992846]}},{"type":"Feature","properties":{"name":"RRC 196","locationConfidence":"indicative","placement":"from the NTKMA master KML"},"geometry":{"type":"Point","coordinates":[73.8429766752846,19.93781033244679]}},{"type":"Feature","properties":{"name":"RRC 197","locationConfidence":"indicative","placement":"from the NTKMA master KML"},"geometry":{"type":"Point","coordinates":[73.84214022034553,19.93599212561451]}},{"type":"Feature","properties":{"name":"RRC 198","locationConfidence":"indicative","placement":"from the NTKMA master KML"},"geometry":{"type":"Point","coordinates":[73.84098962894433,19.93435756384637]}},{"type":"Feature","properties":{"name":"RRC 199","locationConfidence":"indicative","placement":"from the NTKMA master KML"},"geometry":{"type":"Point","coordinates":[73.83934816873852,19.93328482693038]}},{"type":"Feature","properties":{"name":"RRC 200","locationConfidence":"indicative","placement":"from the NTKMA master KML"},"geometry":{"type":"Point","coordinates":[73.8373883914382,19.93287577521384]}},{"type":"Feature","properties":{"name":"RRC 201","locationConfidence":"indicative","placement":"from the NTKMA master KML"},"geometry":{"type":"Point","coordinates":[73.83542880918952,19.93246566692303]}},{"type":"Feature","properties":{"name":"RRC 202","locationConfidence":"indicative","placement":"from the NTKMA master KML"},"geometry":{"type":"Point","coordinates":[73.83344852446785,19.93223812352879]}},{"type":"Feature","properties":{"name":"RRC 203","locationConfidence":"indicative","placement":"from the NTKMA master KML"},"geometry":{"type":"Point","coordinates":[73.83145684671425,19.9321492626942]}},{"type":"Feature","properties":{"name":"RRC 204","locationConfidence":"indicative","placement":"from the NTKMA master KML"},"geometry":{"type":"Point","coordinates":[73.82946639093164,19.93229784354592]}},{"type":"Feature","properties":{"name":"RRC 205","locationConfidence":"indicative","placement":"from the NTKMA master KML"},"geometry":{"type":"Point","coordinates":[73.82749769046094,19.93193263334774]}},{"type":"Feature","properties":{"name":"RRC 206","locationConfidence":"indicative","placement":"from the NTKMA master KML"},"geometry":{"type":"Point","coordinates":[73.825523835182,19.93176147384519]}},{"type":"Feature","properties":{"name":"RRC 207","locationConfidence":"indicative","placement":"from the NTKMA master KML"},"geometry":{"type":"Point","coordinates":[73.82352539587819,19.93188529923491]}},{"type":"Feature","properties":{"name":"RRC 208","locationConfidence":"indicative","placement":"from the NTKMA master KML"},"geometry":{"type":"Point","coordinates":[73.82152897388052,19.93204108117165]}},{"type":"Feature","properties":{"name":"RRC 209","locationConfidence":"indicative","placement":"from the NTKMA master KML"},"geometry":{"type":"Point","coordinates":[73.81953789069817,19.9322537181717]}},{"type":"Feature","properties":{"name":"RRC 210","locationConfidence":"indicative","placement":"from the NTKMA master KML"},"geometry":{"type":"Point","coordinates":[73.81753594800061,19.932258618113]}},{"type":"Feature","properties":{"name":"RRC 211","locationConfidence":"indicative","placement":"from the NTKMA master KML"},"geometry":{"type":"Point","coordinates":[73.81553364380639,19.93221508167604]}},{"type":"Feature","properties":{"name":"RRC 212","locationConfidence":"indicative","placement":"from the NTKMA master KML"},"geometry":{"type":"Point","coordinates":[73.81353132251158,19.93217265821487]}},{"type":"Feature","properties":{"name":"RRC 213","locationConfidence":"indicative","placement":"from the NTKMA master KML"},"geometry":{"type":"Point","coordinates":[73.81152868791895,19.93214886996779]}},{"type":"Feature","properties":{"name":"RRC 214","locationConfidence":"indicative","placement":"from the NTKMA master KML"},"geometry":{"type":"Point","coordinates":[73.80952594877095,19.93214230709348]}},{"type":"Feature","properties":{"name":"RRC 215","locationConfidence":"indicative","placement":"from the NTKMA master KML"},"geometry":{"type":"Point","coordinates":[73.80752320669535,19.93213666749202]}},{"type":"Feature","properties":{"name":"RRC 216","locationConfidence":"indicative","placement":"from the NTKMA master KML"},"geometry":{"type":"Point","coordinates":[73.80552057266331,19.93211505316565]}},{"type":"Feature","properties":{"name":"RRC 217","locationConfidence":"indicative","placement":"from the NTKMA master KML"},"geometry":{"type":"Point","coordinates":[73.80351782746135,19.93211490503726]}},{"type":"Feature","properties":{"name":"RRC 218","locationConfidence":"indicative","placement":"from the NTKMA master KML"},"geometry":{"type":"Point","coordinates":[73.80151558715927,19.93213602705114]}},{"type":"Feature","properties":{"name":"RRC 219","locationConfidence":"indicative","placement":"from the NTKMA master KML"},"geometry":{"type":"Point","coordinates":[73.79951311452072,19.93210428775526]}},{"type":"Feature","properties":{"name":"RRC 220","locationConfidence":"indicative","placement":"from the NTKMA master KML"},"geometry":{"type":"Point","coordinates":[73.79751043519569,19.93208465775791]}},{"type":"Feature","properties":{"name":"RRC 221","locationConfidence":"indicative","placement":"from the NTKMA master KML"},"geometry":{"type":"Point","coordinates":[73.79550811514005,19.9320662530202]}},{"type":"Feature","properties":{"name":"RRC 222","locationConfidence":"indicative","placement":"from the NTKMA master KML"},"geometry":{"type":"Point","coordinates":[73.79350576501994,19.93203745912664]}},{"type":"Feature","properties":{"name":"RRC 223","locationConfidence":"indicative","placement":"from the NTKMA master KML"},"geometry":{"type":"Point","coordinates":[73.79150756764321,19.93212488307482]}},{"type":"Feature","properties":{"name":"RRC 224","locationConfidence":"indicative","placement":"from the NTKMA master KML"},"geometry":{"type":"Point","coordinates":[73.78951530677429,19.93224677858258]}},{"type":"Feature","properties":{"name":"RRC 225","locationConfidence":"indicative","placement":"from the NTKMA master KML"},"geometry":{"type":"Point","coordinates":[73.78754457684467,19.93189164492243]}},{"type":"Feature","properties":{"name":"RRC 226","locationConfidence":"indicative","placement":"from the NTKMA master KML"},"geometry":{"type":"Point","coordinates":[73.7855686098965,19.93156584157301]}},{"type":"Feature","properties":{"name":"RRC 227","locationConfidence":"indicative","placement":"from the NTKMA master KML"},"geometry":{"type":"Point","coordinates":[73.7836149281923,19.93112755689422]}},{"type":"Feature","properties":{"name":"RRC 228","locationConfidence":"indicative","placement":"from the NTKMA master KML"},"geometry":{"type":"Point","coordinates":[73.78166825129814,19.93065905997664]}},{"type":"Feature","properties":{"name":"RRC 229","locationConfidence":"indicative","placement":"from the NTKMA master KML"},"geometry":{"type":"Point","coordinates":[73.77974204761244,19.93011055661683]}},{"type":"Feature","properties":{"name":"RRC 230","locationConfidence":"indicative","placement":"from the NTKMA master KML"},"geometry":{"type":"Point","coordinates":[73.77781016730185,19.92959334429774]}},{"type":"Feature","properties":{"name":"RRC 231","locationConfidence":"indicative","placement":"from the NTKMA master KML"},"geometry":{"type":"Point","coordinates":[73.77584817011781,19.92919124403232]}},{"type":"Feature","properties":{"name":"RRC 232","locationConfidence":"indicative","placement":"from the NTKMA master KML"},"geometry":{"type":"Point","coordinates":[73.77388539421716,19.9287929718765]}},{"type":"Feature","properties":{"name":"RRC 233","locationConfidence":"indicative","placement":"from the NTKMA master KML"},"geometry":{"type":"Point","coordinates":[73.77195612523903,19.92829560287484]}},{"type":"Feature","properties":{"name":"RRC 234","locationConfidence":"indicative","placement":"from the NTKMA master KML"},"geometry":{"type":"Point","coordinates":[73.77013416601545,19.92746450467167]}},{"type":"Feature","properties":{"name":"RRC 235","locationConfidence":"indicative","placement":"from the NTKMA master KML"},"geometry":{"type":"Point","coordinates":[73.76834720399236,19.92656028978702]}},{"type":"Feature","properties":{"name":"RRC 236","locationConfidence":"indicative","placement":"from the NTKMA master KML"},"geometry":{"type":"Point","coordinates":[73.76659553559045,19.92559262992201]}},{"type":"Feature","properties":{"name":"RRC 237","locationConfidence":"indicative","placement":"from the NTKMA master KML"},"geometry":{"type":"Point","coordinates":[73.76483629065727,19.92463546223312]}},{"type":"Feature","properties":{"name":"RRC 238","locationConfidence":"indicative","placement":"from the NTKMA master KML"},"geometry":{"type":"Point","coordinates":[73.7630776981213,19.92367709811744]}},{"type":"Feature","properties":{"name":"RRC 239","locationConfidence":"indicative","placement":"from the NTKMA master KML"},"geometry":{"type":"Point","coordinates":[73.76139709520007,19.92259292829225]}},{"type":"Feature","properties":{"name":"RRC 240","locationConfidence":"indicative","placement":"from the NTKMA master KML"},"geometry":{"type":"Point","coordinates":[73.75988850745145,19.92127599637161]}},{"type":"Feature","properties":{"name":"RRC 241","locationConfidence":"indicative","placement":"from the NTKMA master KML"},"geometry":{"type":"Point","coordinates":[73.75839181814099,19.91994519845482]}},{"type":"Feature","properties":{"name":"RRC 242","locationConfidence":"indicative","placement":"from the NTKMA master KML"},"geometry":{"type":"Point","coordinates":[73.75689640330842,19.91861296520969]}},{"type":"Feature","properties":{"name":"RRC 243","locationConfidence":"indicative","placement":"from the NTKMA master KML"},"geometry":{"type":"Point","coordinates":[73.75540280310483,19.91727870041244]}},{"type":"Feature","properties":{"name":"RRC 244","locationConfidence":"indicative","placement":"from the NTKMA master KML"},"geometry":{"type":"Point","coordinates":[73.75389876187644,19.91595623868032]}},{"type":"Feature","properties":{"name":"RRC 245","locationConfidence":"indicative","placement":"from the NTKMA master KML"},"geometry":{"type":"Point","coordinates":[73.75240995053758,19.91461689457535]}},{"type":"Feature","properties":{"name":"RRC 246","locationConfidence":"indicative","placement":"from the NTKMA master KML"},"geometry":{"type":"Point","coordinates":[73.75084032442572,19.91337710730118]}},{"type":"Feature","properties":{"name":"RRC 247","locationConfidence":"indicative","placement":"from the NTKMA master KML"},"geometry":{"type":"Point","coordinates":[73.74905744622394,19.91247092477481]}},{"type":"Feature","properties":{"name":"RRC 248","locationConfidence":"indicative","placement":"from the NTKMA master KML"},"geometry":{"type":"Point","coordinates":[73.74720910471059,19.91169973519779]}},{"type":"Feature","properties":{"name":"RRC 249","locationConfidence":"indicative","placement":"from the NTKMA master KML"},"geometry":{"type":"Point","coordinates":[73.74536083932206,19.91092837443759]}},{"type":"Feature","properties":{"name":"RRC 250","locationConfidence":"indicative","placement":"from the NTKMA master KML"},"geometry":{"type":"Point","coordinates":[73.74351184314672,19.91015875061532]}},{"type":"Feature","properties":{"name":"RRC 251","locationConfidence":"indicative","placement":"from the NTKMA master KML"},"geometry":{"type":"Point","coordinates":[73.74166445131846,19.90938527894469]}},{"type":"Feature","properties":{"name":"RRC 252","locationConfidence":"indicative","placement":"from the NTKMA master KML"},"geometry":{"type":"Point","coordinates":[73.73981670522274,19.90861265478224]}},{"type":"Feature","properties":{"name":"RRC 253","locationConfidence":"indicative","placement":"from the NTKMA master KML"},"geometry":{"type":"Point","coordinates":[73.7379960905452,19.9077801046729]}},{"type":"Feature","properties":{"name":"RRC 254","locationConfidence":"indicative","placement":"from the NTKMA master KML"},"geometry":{"type":"Point","coordinates":[73.73623774065854,19.9068214943306]}},{"type":"Feature","properties":{"name":"RRC 255","locationConfidence":"indicative","placement":"from the NTKMA master KML"},"geometry":{"type":"Point","coordinates":[73.73448943020065,19.90584449615321]}},{"type":"Feature","properties":{"name":"RRC 256","locationConfidence":"indicative","placement":"from the NTKMA master KML"},"geometry":{"type":"Point","coordinates":[73.73274014130449,19.90486926239392]}},{"type":"Feature","properties":{"name":"RRC 257","locationConfidence":"indicative","placement":"from the NTKMA master KML"},"geometry":{"type":"Point","coordinates":[73.73093585382796,19.90400577467632]}},{"type":"Feature","properties":{"name":"RRC 258","locationConfidence":"indicative","placement":"from the NTKMA master KML"},"geometry":{"type":"Point","coordinates":[73.7289993496799,19.90351176360174]}},{"type":"Feature","properties":{"name":"RRC 259","locationConfidence":"indicative","placement":"from the NTKMA master KML"},"geometry":{"type":"Point","coordinates":[73.72700240080749,19.903422171238]}},{"type":"Feature","properties":{"name":"RRC 260","locationConfidence":"indicative","placement":"from the NTKMA master KML"},"geometry":{"type":"Point","coordinates":[73.72501002559297,19.90362262679812]}},{"type":"Feature","properties":{"name":"RRC 261","locationConfidence":"indicative","placement":"from the NTKMA master KML"},"geometry":{"type":"Point","coordinates":[73.7230196321565,19.90384496555016]}},{"type":"Feature","properties":{"name":"RRC 262","locationConfidence":"indicative","placement":"from the NTKMA master KML"},"geometry":{"type":"Point","coordinates":[73.7210305965433,19.90407857836623]}},{"type":"Feature","properties":{"name":"RRC 263","locationConfidence":"indicative","placement":"from the NTKMA master KML"},"geometry":{"type":"Point","coordinates":[73.71909447352402,19.9045716916466]}},{"type":"Feature","properties":{"name":"RRC 264","locationConfidence":"indicative","placement":"from the NTKMA master KML"},"geometry":{"type":"Point","coordinates":[73.7172999040649,19.90544988018735]}},{"type":"Feature","properties":{"name":"RRC 265","locationConfidence":"indicative","placement":"from the NTKMA master KML"},"geometry":{"type":"Point","coordinates":[73.71573353463438,19.90668937639464]}},{"type":"Feature","properties":{"name":"RRC 266","locationConfidence":"indicative","placement":"from the NTKMA master KML"},"geometry":{"type":"Point","coordinates":[73.70879775586553,19.91383655123438]}},{"type":"Feature","properties":{"name":"RRC 267","locationConfidence":"indicative","placement":"from the NTKMA master KML"},"geometry":{"type":"Point","coordinates":[73.70819760203281,19.91532883816106]}},{"type":"Feature","properties":{"name":"RRC 268","locationConfidence":"indicative","placement":"from the NTKMA master KML"},"geometry":{"type":"Point","coordinates":[73.70744187628353,19.91717545669434]}},{"type":"Feature","properties":{"name":"RRC 269","locationConfidence":"indicative","placement":"from the NTKMA master KML"},"geometry":{"type":"Point","coordinates":[73.70678665132932,19.9190665084064]}},{"type":"Feature","properties":{"name":"RRC 270","locationConfidence":"indicative","placement":"from the NTKMA master KML"},"geometry":{"type":"Point","coordinates":[73.7061385440073,19.92095953794053]}},{"type":"Feature","properties":{"name":"RRC 271","locationConfidence":"indicative","placement":"from the NTKMA master KML"},"geometry":{"type":"Point","coordinates":[73.70547592367562,19.92284794754738]}},{"type":"Feature","properties":{"name":"RRC 272","locationConfidence":"indicative","placement":"from the NTKMA master KML"},"geometry":{"type":"Point","coordinates":[73.70486748119427,19.92475305470697]}},{"type":"Feature","properties":{"name":"RRC 273","locationConfidence":"indicative","placement":"from the NTKMA master KML"},"geometry":{"type":"Point","coordinates":[73.70455497566311,19.92672553210089]}},{"type":"Feature","properties":{"name":"RRC 274","locationConfidence":"indicative","placement":"from the NTKMA master KML"},"geometry":{"type":"Point","coordinates":[73.70462477617706,19.92872072106223]}},{"type":"Feature","properties":{"name":"RRC 275","locationConfidence":"indicative","placement":"from the NTKMA master KML"},"geometry":{"type":"Point","coordinates":[73.7049782248742,19.9306907548774]}},{"type":"Feature","properties":{"name":"RRC 276","locationConfidence":"indicative","placement":"from the NTKMA master KML"},"geometry":{"type":"Point","coordinates":[73.7053342811537,19.93266032013339]}},{"type":"Feature","properties":{"name":"RRC 277","locationConfidence":"indicative","placement":"from the NTKMA master KML"},"geometry":{"type":"Point","coordinates":[73.70569126790811,19.9346297168686]}},{"type":"Feature","properties":{"name":"RRC 278","locationConfidence":"indicative","placement":"from the NTKMA master KML"},"geometry":{"type":"Point","coordinates":[73.70604566837424,19.93659956452495]}},{"type":"Feature","properties":{"name":"RRC 279","locationConfidence":"indicative","placement":"from the NTKMA master KML"},"geometry":{"type":"Point","coordinates":[73.70641052424635,19.93856746307725]}},{"type":"Feature","properties":{"name":"RRC 280","locationConfidence":"indicative","placement":"from the NTKMA master KML"},"geometry":{"type":"Point","coordinates":[73.70675235460995,19.94053949673555]}},{"type":"Feature","properties":{"name":"RRC 281","locationConfidence":"indicative","placement":"from the NTKMA master KML"},"geometry":{"type":"Point","coordinates":[73.70699386921383,19.94252589805463]}},{"type":"Feature","properties":{"name":"RRC 282","locationConfidence":"indicative","placement":"from the NTKMA master KML"},"geometry":{"type":"Point","coordinates":[73.70708298572946,19.94452473733865]}},{"type":"Feature","properties":{"name":"RRC 283","locationConfidence":"indicative","placement":"from the NTKMA master KML"},"geometry":{"type":"Point","coordinates":[73.70701820639204,19.94652456523967]}},{"type":"Feature","properties":{"name":"RRC 284","locationConfidence":"indicative","placement":"from the NTKMA master KML"},"geometry":{"type":"Point","coordinates":[73.70681434866414,19.94851535243717]}},{"type":"Feature","properties":{"name":"RRC 285","locationConfidence":"indicative","placement":"from the NTKMA master KML"},"geometry":{"type":"Point","coordinates":[73.70655501660951,19.95049934559809]}},{"type":"Feature","properties":{"name":"RRC 286","locationConfidence":"indicative","placement":"from the NTKMA master KML"},"geometry":{"type":"Point","coordinates":[73.70579566693496,19.95233920227216]}},{"type":"Feature","properties":{"name":"RRC 287","locationConfidence":"indicative","placement":"from the NTKMA master KML"},"geometry":{"type":"Point","coordinates":[73.70471193731392,19.95402154198253]}},{"type":"Feature","properties":{"name":"RRC 288","locationConfidence":"indicative","placement":"from the NTKMA master KML"},"geometry":{"type":"Point","coordinates":[73.70361795603718,19.95569753776582]}},{"type":"Feature","properties":{"name":"RRC 289","locationConfidence":"indicative","placement":"from the NTKMA master KML"},"geometry":{"type":"Point","coordinates":[73.70255323360765,19.95739187437745]}},{"type":"Feature","properties":{"name":"RRC 290","locationConfidence":"indicative","placement":"from the NTKMA master KML"},"geometry":{"type":"Point","coordinates":[73.70166658576426,19.9591854311177]}},{"type":"Feature","properties":{"name":"RRC 291","locationConfidence":"indicative","placement":"from the NTKMA master KML"},"geometry":{"type":"Point","coordinates":[73.70083437758613,19.96100560382888]}},{"type":"Feature","properties":{"name":"RRC 292","locationConfidence":"indicative","placement":"from the NTKMA master KML"},"geometry":{"type":"Point","coordinates":[73.70020656044078,19.96290404588234]}},{"type":"Feature","properties":{"name":"RRC 293","locationConfidence":"indicative","placement":"from the NTKMA master KML"},"geometry":{"type":"Point","coordinates":[73.69987089759806,19.96487561516185]}},{"type":"Feature","properties":{"name":"RRC 294","locationConfidence":"indicative","placement":"from the NTKMA master KML"},"geometry":{"type":"Point","coordinates":[73.69962057509231,19.96686138655089]}},{"type":"Feature","properties":{"name":"RRC 295","locationConfidence":"indicative","placement":"from the NTKMA master KML"},"geometry":{"type":"Point","coordinates":[73.69936493860331,19.96884647818587]}},{"type":"Feature","properties":{"name":"RRC 296","locationConfidence":"indicative","placement":"from the NTKMA master KML"},"geometry":{"type":"Point","coordinates":[73.69911353045265,19.97083210927042]}},{"type":"Feature","properties":{"name":"RRC 297","locationConfidence":"indicative","placement":"from the NTKMA master KML"},"geometry":{"type":"Point","coordinates":[73.69886102367394,19.97281759956624]}},{"type":"Feature","properties":{"name":"RRC 298","locationConfidence":"indicative","placement":"from the NTKMA master KML"},"geometry":{"type":"Point","coordinates":[73.69860818278471,19.97480302749523]}},{"type":"Feature","properties":{"name":"RRC 299","locationConfidence":"indicative","placement":"from the NTKMA master KML"},"geometry":{"type":"Point","coordinates":[73.69835409527919,19.97678823288097]}},{"type":"Feature","properties":{"name":"RRC 300","locationConfidence":"indicative","placement":"from the NTKMA master KML"},"geometry":{"type":"Point","coordinates":[73.69796487796619,19.97875078333706]}},{"type":"Feature","properties":{"name":"RRC 301","locationConfidence":"indicative","placement":"from the NTKMA master KML"},"geometry":{"type":"Point","coordinates":[73.69744780727787,19.98068375556719]}},{"type":"Feature","properties":{"name":"RRC 302","locationConfidence":"indicative","placement":"from the NTKMA master KML"},"geometry":{"type":"Point","coordinates":[73.69678380719293,19.98257145727248]}},{"type":"Feature","properties":{"name":"RRC 303","locationConfidence":"indicative","placement":"from the NTKMA master KML"},"geometry":{"type":"Point","coordinates":[73.69601048179877,19.98441747899324]}},{"type":"Feature","properties":{"name":"RRC 304","locationConfidence":"indicative","placement":"from the NTKMA master KML"},"geometry":{"type":"Point","coordinates":[73.69523798493672,19.98626388295548]}},{"type":"Feature","properties":{"name":"RRC 305","locationConfidence":"indicative","placement":"from the NTKMA master KML"},"geometry":{"type":"Point","coordinates":[73.69446966657011,19.98811203014579]}},{"type":"Feature","properties":{"name":"RRC 306","locationConfidence":"indicative","placement":"from the NTKMA master KML"},"geometry":{"type":"Point","coordinates":[73.69369481356249,19.98995743421916]}},{"type":"Feature","properties":{"name":"RRC 307","locationConfidence":"indicative","placement":"from the NTKMA master KML"},"geometry":{"type":"Point","coordinates":[73.69300046716715,19.9918328901444]}},{"type":"Feature","properties":{"name":"RRC 308","locationConfidence":"indicative","placement":"from the NTKMA master KML"},"geometry":{"type":"Point","coordinates":[73.69264510757549,19.99379939440774]}},{"type":"Feature","properties":{"name":"RRC 309","locationConfidence":"indicative","placement":"from the NTKMA master KML"},"geometry":{"type":"Point","coordinates":[73.69267772809182,19.99579762721645]}},{"type":"Feature","properties":{"name":"RRC 310","locationConfidence":"indicative","placement":"from the NTKMA master KML"},"geometry":{"type":"Point","coordinates":[73.6929624686278,19.99777870537989]}},{"type":"Feature","properties":{"name":"RRC 311","locationConfidence":"indicative","placement":"from the NTKMA master KML"},"geometry":{"type":"Point","coordinates":[73.69325422380152,19.99975878981707]}},{"type":"Feature","properties":{"name":"RRC 312","locationConfidence":"indicative","placement":"from the NTKMA master KML"},"geometry":{"type":"Point","coordinates":[73.69321064873577,20.00149284158159]}},{"type":"Feature","properties":{"name":"RRC 313","locationConfidence":"indicative","placement":"from the NTKMA master KML"},"geometry":{"type":"Point","coordinates":[73.69269047168974,19.99982159425102]}},{"type":"Feature","properties":{"name":"RRC 314","locationConfidence":"indicative","placement":"from the NTKMA master KML"},"geometry":{"type":"Point","coordinates":[73.69239716137339,19.99784171271039]}},{"type":"Feature","properties":{"name":"RRC 315","locationConfidence":"indicative","placement":"from the NTKMA master KML"},"geometry":{"type":"Point","coordinates":[73.6921198632646,19.99585953379574]}},{"type":"Feature","properties":{"name":"RRC 316","locationConfidence":"indicative","placement":"from the NTKMA master KML"},"geometry":{"type":"Point","coordinates":[73.69206453158861,19.9938621148448]}},{"type":"Feature","properties":{"name":"RRC 317","locationConfidence":"indicative","placement":"from the NTKMA master KML"},"geometry":{"type":"Point","coordinates":[73.69239465167239,19.99189127172859]}},{"type":"Feature","properties":{"name":"RRC 318","locationConfidence":"indicative","placement":"from the NTKMA master KML"},"geometry":{"type":"Point","coordinates":[73.69306746640876,19.99000834588707]}},{"type":"Feature","properties":{"name":"RRC 319","locationConfidence":"indicative","placement":"from the NTKMA master KML"},"geometry":{"type":"Point","coordinates":[73.69383915570413,19.98816161070137]}},{"type":"Feature","properties":{"name":"RRC 320","locationConfidence":"indicative","placement":"from the NTKMA master KML"},"geometry":{"type":"Point","coordinates":[73.69461814174434,19.9863179392995]}},{"type":"Feature","properties":{"name":"RRC 321","locationConfidence":"indicative","placement":"from the NTKMA master KML"},"geometry":{"type":"Point","coordinates":[73.69538944640702,19.98447109305229]}},{"type":"Feature","properties":{"name":"RRC 322","locationConfidence":"indicative","placement":"from the NTKMA master KML"},"geometry":{"type":"Point","coordinates":[73.69614946646668,19.98261959095622]}},{"type":"Feature","properties":{"name":"RRC 323","locationConfidence":"indicative","placement":"from the NTKMA master KML"},"geometry":{"type":"Point","coordinates":[73.69684945517912,19.98074582548806]}},{"type":"Feature","properties":{"name":"RRC 324","locationConfidence":"indicative","placement":"from the NTKMA master KML"},"geometry":{"type":"Point","coordinates":[73.69738408718916,19.97881756357835]}},{"type":"Feature","properties":{"name":"RRC 325","locationConfidence":"indicative","placement":"from the NTKMA master KML"},"geometry":{"type":"Point","coordinates":[73.69776805084749,19.97685388697313]}},{"type":"Feature","properties":{"name":"RRC 326","locationConfidence":"indicative","placement":"from the NTKMA master KML"},"geometry":{"type":"Point","coordinates":[73.69803800770917,19.97487085724838]}},{"type":"Feature","properties":{"name":"RRC 327","locationConfidence":"indicative","placement":"from the NTKMA master KML"},"geometry":{"type":"Point","coordinates":[73.69828976277864,19.97288527257479]}},{"type":"Feature","properties":{"name":"RRC 328","locationConfidence":"indicative","placement":"from the NTKMA master KML"},"geometry":{"type":"Point","coordinates":[73.69853764656226,19.97089920675741]}},{"type":"Feature","properties":{"name":"RRC 329","locationConfidence":"indicative","placement":"from the NTKMA master KML"},"geometry":{"type":"Point","coordinates":[73.69879401424039,19.96891420386593]}},{"type":"Feature","properties":{"name":"RRC 330","locationConfidence":"indicative","placement":"from the NTKMA master KML"},"geometry":{"type":"Point","coordinates":[73.69903404276957,19.96692725986549]}},{"type":"Feature","properties":{"name":"RRC 331","locationConfidence":"indicative","placement":"from the NTKMA master KML"},"geometry":{"type":"Point","coordinates":[73.69928655442298,19.96494176759988]}},{"type":"Feature","properties":{"name":"RRC 332","locationConfidence":"indicative","placement":"from the NTKMA master KML"},"geometry":{"type":"Point","coordinates":[73.69960657390298,19.9629669772724]}},{"type":"Feature","properties":{"name":"RRC 333","locationConfidence":"indicative","placement":"from the NTKMA master KML"},"geometry":{"type":"Point","coordinates":[73.70019826659359,19.96105753121333]}},{"type":"Feature","properties":{"name":"RRC 334","locationConfidence":"indicative","placement":"from the NTKMA master KML"},"geometry":{"type":"Point","coordinates":[73.7010190240167,19.95923259928706]}},{"type":"Feature","properties":{"name":"RRC 335","locationConfidence":"indicative","placement":"from the NTKMA master KML"},"geometry":{"type":"Point","coordinates":[73.70188774764722,19.9574297497017]}},{"type":"Feature","properties":{"name":"RRC 336","locationConfidence":"indicative","placement":"from the NTKMA master KML"},"geometry":{"type":"Point","coordinates":[73.70292884148246,19.95572143359185]}},{"type":"Feature","properties":{"name":"RRC 337","locationConfidence":"indicative","placement":"from the NTKMA master KML"},"geometry":{"type":"Point","coordinates":[73.70401857758321,19.95404262958944]}},{"type":"Feature","properties":{"name":"RRC 338","locationConfidence":"indicative","placement":"from the NTKMA master KML"},"geometry":{"type":"Point","coordinates":[73.70510604017218,19.95236241316834]}},{"type":"Feature","properties":{"name":"RRC 339","locationConfidence":"indicative","placement":"from the NTKMA master KML"},"geometry":{"type":"Point","coordinates":[73.70595358493313,19.9505607387624]}},{"type":"Feature","properties":{"name":"RRC 340","locationConfidence":"indicative","placement":"from the NTKMA master KML"},"geometry":{"type":"Point","coordinates":[73.70623331506273,19.94858045306717]}},{"type":"Feature","properties":{"name":"RRC 341","locationConfidence":"indicative","placement":"from the NTKMA master KML"},"geometry":{"type":"Point","coordinates":[73.70644129367588,19.94658995239503]}},{"type":"Feature","properties":{"name":"RRC 342","locationConfidence":"indicative","placement":"from the NTKMA master KML"},"geometry":{"type":"Point","coordinates":[73.70650909661738,19.94459034476517]}},{"type":"Feature","properties":{"name":"RRC 343","locationConfidence":"indicative","placement":"from the NTKMA master KML"},"geometry":{"type":"Point","coordinates":[73.7064230804208,19.94259139363666]}},{"type":"Feature","properties":{"name":"RRC 344","locationConfidence":"indicative","placement":"from the NTKMA master KML"},"geometry":{"type":"Point","coordinates":[73.70618346072503,19.94060485538662]}},{"type":"Feature","properties":{"name":"RRC 345","locationConfidence":"indicative","placement":"from the NTKMA master KML"},"geometry":{"type":"Point","coordinates":[73.7058344515784,19.93863405434445]}},{"type":"Feature","properties":{"name":"RRC 346","locationConfidence":"indicative","placement":"from the NTKMA master KML"},"geometry":{"type":"Point","coordinates":[73.70547934996208,19.93666439846233]}},{"type":"Feature","properties":{"name":"RRC 347","locationConfidence":"indicative","placement":"from the NTKMA master KML"},"geometry":{"type":"Point","coordinates":[73.70512092929448,19.93469526757395]}},{"type":"Feature","properties":{"name":"RRC 348","locationConfidence":"indicative","placement":"from the NTKMA master KML"},"geometry":{"type":"Point","coordinates":[73.70476312099518,19.93272605049502]}},{"type":"Feature","properties":{"name":"RRC 349","locationConfidence":"indicative","placement":"from the NTKMA master KML"},"geometry":{"type":"Point","coordinates":[73.70440544593642,19.93075679550949]}},{"type":"Feature","properties":{"name":"RRC 350","locationConfidence":"indicative","placement":"from the NTKMA master KML"},"geometry":{"type":"Point","coordinates":[73.70405437760128,19.92878635227538]}},{"type":"Feature","properties":{"name":"RRC 351","locationConfidence":"indicative","placement":"from the NTKMA master KML"},"geometry":{"type":"Point","coordinates":[73.70396645943731,19.92679099750188]}},{"type":"Feature","properties":{"name":"RRC 352","locationConfidence":"indicative","placement":"from the NTKMA master KML"},"geometry":{"type":"Point","coordinates":[73.7042466554654,19.92481177863483]}},{"type":"Feature","properties":{"name":"RRC 353","locationConfidence":"indicative","placement":"from the NTKMA master KML"},"geometry":{"type":"Point","coordinates":[73.70484925243632,19.92290409973821]}},{"type":"Feature","properties":{"name":"RRC 354","locationConfidence":"indicative","placement":"from the NTKMA master KML"},"geometry":{"type":"Point","coordinates":[73.7055001929965,19.92101145552767]}},{"type":"Feature","properties":{"name":"RRC 355","locationConfidence":"indicative","placement":"from the NTKMA master KML"},"geometry":{"type":"Point","coordinates":[73.70616443495611,19.91912368225141]}},{"type":"Feature","properties":{"name":"RRC 356","locationConfidence":"indicative","placement":"from the NTKMA master KML"},"geometry":{"type":"Point","coordinates":[73.7068108150188,19.91723006018355]}},{"type":"Feature","properties":{"name":"RRC 357","locationConfidence":"indicative","placement":"from the NTKMA master KML"},"geometry":{"type":"Point","coordinates":[73.70752359562354,19.91536221908648]}},{"type":"Feature","properties":{"name":"RRC 358","locationConfidence":"indicative","placement":"from the NTKMA master KML"},"geometry":{"type":"Point","coordinates":[73.87966139056935,20.05017341418734]}},{"type":"Feature","properties":{"name":"RRC 359","locationConfidence":"indicative","placement":"from the NTKMA master KML"},"geometry":{"type":"Point","coordinates":[73.8784794931714,20.05180024520141]}},{"type":"Feature","properties":{"name":"RRC 360","locationConfidence":"indicative","placement":"from the NTKMA master KML"},"geometry":{"type":"Point","coordinates":[73.87729644963244,20.05342624074343]}},{"type":"Feature","properties":{"name":"RRC 361","locationConfidence":"indicative","placement":"from the NTKMA master KML"},"geometry":{"type":"Point","coordinates":[73.87599711509984,20.05495847601591]}},{"type":"Feature","properties":{"name":"RRC 362","locationConfidence":"indicative","placement":"from the NTKMA master KML"},"geometry":{"type":"Point","coordinates":[73.87449892035525,20.05629627679851]}},{"type":"Feature","properties":{"name":"RRC 363","locationConfidence":"indicative","placement":"from the NTKMA master KML"},"geometry":{"type":"Point","coordinates":[73.87283325179997,20.05741864761105]}},{"type":"Feature","properties":{"name":"RRC 364","locationConfidence":"indicative","placement":"from the NTKMA master KML"},"geometry":{"type":"Point","coordinates":[73.87102984733849,20.05830334610272]}},{"type":"Feature","properties":{"name":"RRC 365","locationConfidence":"indicative","placement":"from the NTKMA master KML"},"geometry":{"type":"Point","coordinates":[73.86912571589308,20.05894477378887]}},{"type":"Feature","properties":{"name":"RRC 366","locationConfidence":"indicative","placement":"from the NTKMA master KML"},"geometry":{"type":"Point","coordinates":[73.86718602827104,20.05947491853824]}},{"type":"Feature","properties":{"name":"RRC 367","locationConfidence":"indicative","placement":"from the NTKMA master KML"},"geometry":{"type":"Point","coordinates":[73.86524405359215,20.05999663007573]}},{"type":"Feature","properties":{"name":"RRC 368","locationConfidence":"indicative","placement":"from the NTKMA master KML"},"geometry":{"type":"Point","coordinates":[73.86330324073519,20.06052266005501]}},{"type":"Feature","properties":{"name":"RRC 369","locationConfidence":"indicative","placement":"from the NTKMA master KML"},"geometry":{"type":"Point","coordinates":[73.86136079495999,20.061042622559]}},{"type":"Feature","properties":{"name":"RRC 370","locationConfidence":"indicative","placement":"from the NTKMA master KML"},"geometry":{"type":"Point","coordinates":[73.85941902151379,20.06156509104078]}},{"type":"Feature","properties":{"name":"RRC 371","locationConfidence":"indicative","placement":"from the NTKMA master KML"},"geometry":{"type":"Point","coordinates":[73.85747730460108,20.06208777335816]}},{"type":"Feature","properties":{"name":"RRC 372","locationConfidence":"indicative","placement":"from the NTKMA master KML"},"geometry":{"type":"Point","coordinates":[73.85553566821164,20.06261073987896]}},{"type":"Feature","properties":{"name":"RRC 373","locationConfidence":"indicative","placement":"from the NTKMA master KML"},"geometry":{"type":"Point","coordinates":[73.85361277224266,20.06319752239682]}},{"type":"Feature","properties":{"name":"RRC 374","locationConfidence":"indicative","placement":"from the NTKMA master KML"},"geometry":{"type":"Point","coordinates":[73.85173855050654,20.0639233532852]}},{"type":"Feature","properties":{"name":"RRC 375","locationConfidence":"indicative","placement":"from the NTKMA master KML"},"geometry":{"type":"Point","coordinates":[73.84993107350562,20.06480270596749]}},{"type":"Feature","properties":{"name":"RRC 376","locationConfidence":"indicative","placement":"from the NTKMA master KML"},"geometry":{"type":"Point","coordinates":[73.84820398776112,20.06583117144222]}},{"type":"Feature","properties":{"name":"RRC 377","locationConfidence":"indicative","placement":"from the NTKMA master KML"},"geometry":{"type":"Point","coordinates":[73.84656756761936,20.06699697483998]}},{"type":"Feature","properties":{"name":"RRC 378","locationConfidence":"indicative","placement":"from the NTKMA master KML"},"geometry":{"type":"Point","coordinates":[73.84504110952885,20.06830418087362]}},{"type":"Feature","properties":{"name":"RRC 379","locationConfidence":"indicative","placement":"from the NTKMA master KML"},"geometry":{"type":"Point","coordinates":[73.8436317014425,20.06973685177264]}},{"type":"Feature","properties":{"name":"RRC 380","locationConfidence":"indicative","placement":"from the NTKMA master KML"},"geometry":{"type":"Point","coordinates":[73.84235135530166,20.07128678734737]}},{"type":"Feature","properties":{"name":"RRC 381","locationConfidence":"indicative","placement":"from the NTKMA master KML"},"geometry":{"type":"Point","coordinates":[73.84113279544245,20.07288629920704]}},{"type":"Feature","properties":{"name":"RRC 382","locationConfidence":"indicative","placement":"from the NTKMA master KML"},"geometry":{"type":"Point","coordinates":[73.83991325575423,20.07448509613701]}},{"type":"Feature","properties":{"name":"RRC 383","locationConfidence":"indicative","placement":"from the NTKMA master KML"},"geometry":{"type":"Point","coordinates":[73.83869322804745,20.07608351714353]}},{"type":"Feature","properties":{"name":"RRC 384","locationConfidence":"indicative","placement":"from the NTKMA master KML"},"geometry":{"type":"Point","coordinates":[73.83747840159363,20.07768590850965]}},{"type":"Feature","properties":{"name":"RRC 385","locationConfidence":"indicative","placement":"from the NTKMA master KML"},"geometry":{"type":"Point","coordinates":[73.83626165890314,20.07928684466116]}},{"type":"Feature","properties":{"name":"RRC 386","locationConfidence":"indicative","placement":"from the NTKMA master KML"},"geometry":{"type":"Point","coordinates":[73.83504440214911,20.08088738851225]}},{"type":"Feature","properties":{"name":"RRC 387","locationConfidence":"indicative","placement":"from the NTKMA master KML"},"geometry":{"type":"Point","coordinates":[73.83382726576424,20.08248802615741]}},{"type":"Feature","properties":{"name":"RRC 388","locationConfidence":"indicative","placement":"from the NTKMA master KML"},"geometry":{"type":"Point","coordinates":[73.83258489423964,20.08406802276643]}},{"type":"Feature","properties":{"name":"RRC 389","locationConfidence":"indicative","placement":"from the NTKMA master KML"},"geometry":{"type":"Point","coordinates":[73.83093063546963,20.08458868780972]}},{"type":"Feature","properties":{"name":"RRC 390","locationConfidence":"indicative","placement":"from the NTKMA master KML"},"geometry":{"type":"Point","coordinates":[73.83247195984448,20.08333504758333]}},{"type":"Feature","properties":{"name":"RRC 391","locationConfidence":"indicative","placement":"from the NTKMA master KML"},"geometry":{"type":"Point","coordinates":[73.83368969373826,20.08173487817312]}},{"type":"Feature","properties":{"name":"RRC 392","locationConfidence":"indicative","placement":"from the NTKMA master KML"},"geometry":{"type":"Point","coordinates":[73.83490955925063,20.08013632257777]}},{"type":"Feature","properties":{"name":"RRC 393","locationConfidence":"indicative","placement":"from the NTKMA master KML"},"geometry":{"type":"Point","coordinates":[73.83612733970114,20.07853617802601]}},{"type":"Feature","properties":{"name":"RRC 394","locationConfidence":"indicative","placement":"from the NTKMA master KML"},"geometry":{"type":"Point","coordinates":[73.83734176006729,20.07693350871486]}},{"type":"Feature","properties":{"name":"RRC 395","locationConfidence":"indicative","placement":"from the NTKMA master KML"},"geometry":{"type":"Point","coordinates":[73.83856269133462,20.07533584099264]}},{"type":"Feature","properties":{"name":"RRC 396","locationConfidence":"indicative","placement":"from the NTKMA master KML"},"geometry":{"type":"Point","coordinates":[73.83977981857957,20.07373545745615]}},{"type":"Feature","properties":{"name":"RRC 397","locationConfidence":"indicative","placement":"from the NTKMA master KML"},"geometry":{"type":"Point","coordinates":[73.84099641512151,20.07213441167056]}},{"type":"Feature","properties":{"name":"RRC 398","locationConfidence":"indicative","placement":"from the NTKMA master KML"},"geometry":{"type":"Point","coordinates":[73.84221818195276,20.07053731517727]}},{"type":"Feature","properties":{"name":"RRC 399","locationConfidence":"indicative","placement":"from the NTKMA master KML"},"geometry":{"type":"Point","coordinates":[73.84353708422213,20.06901999951925]}},{"type":"Feature","properties":{"name":"RRC 400","locationConfidence":"indicative","placement":"from the NTKMA master KML"},"geometry":{"type":"Point","coordinates":[73.84497797700841,20.0676190128591]}},{"type":"Feature","properties":{"name":"RRC 401","locationConfidence":"indicative","placement":"from the NTKMA master KML"},"geometry":{"type":"Point","coordinates":[73.8465328847564,20.06634565970844]}},{"type":"Feature","properties":{"name":"RRC 402","locationConfidence":"indicative","placement":"from the NTKMA master KML"},"geometry":{"type":"Point","coordinates":[73.84818075273026,20.065194006287]}},{"type":"Feature","properties":{"name":"RRC 403","locationConfidence":"indicative","placement":"from the NTKMA master KML"},"geometry":{"type":"Point","coordinates":[73.84991839474158,20.06418374485986]}},{"type":"Feature","properties":{"name":"RRC 404","locationConfidence":"indicative","placement":"from the NTKMA master KML"},"geometry":{"type":"Point","coordinates":[73.85174100135532,20.0633369843706]}},{"type":"Feature","properties":{"name":"RRC 405","locationConfidence":"indicative","placement":"from the NTKMA master KML"},"geometry":{"type":"Point","coordinates":[73.85362353005344,20.06263228403993]}},{"type":"Feature","properties":{"name":"RRC 406","locationConfidence":"indicative","placement":"from the NTKMA master KML"},"geometry":{"type":"Point","coordinates":[73.85554914872986,20.06205592581851]}},{"type":"Feature","properties":{"name":"RRC 407","locationConfidence":"indicative","placement":"from the NTKMA master KML"},"geometry":{"type":"Point","coordinates":[73.85749020162872,20.06153085290608]}},{"type":"Feature","properties":{"name":"RRC 408","locationConfidence":"indicative","placement":"from the NTKMA master KML"},"geometry":{"type":"Point","coordinates":[73.85943088159758,20.06100438402577]}},{"type":"Feature","properties":{"name":"RRC 409","locationConfidence":"indicative","placement":"from the NTKMA master KML"},"geometry":{"type":"Point","coordinates":[73.86137180321252,20.0604788302707]}},{"type":"Feature","properties":{"name":"RRC 410","locationConfidence":"indicative","placement":"from the NTKMA master KML"},"geometry":{"type":"Point","coordinates":[73.86331367889493,20.05995675419006]}},{"type":"Feature","properties":{"name":"RRC 411","locationConfidence":"indicative","placement":"from the NTKMA master KML"},"geometry":{"type":"Point","coordinates":[73.86525545578995,20.05943429407446]}},{"type":"Feature","properties":{"name":"RRC 412","locationConfidence":"indicative","placement":"from the NTKMA master KML"},"geometry":{"type":"Point","coordinates":[73.8671964893932,20.05890908945163]}},{"type":"Feature","properties":{"name":"RRC 413","locationConfidence":"indicative","placement":"from the NTKMA master KML"},"geometry":{"type":"Point","coordinates":[73.86913867830869,20.05838820126022]}},{"type":"Feature","properties":{"name":"RRC 414","locationConfidence":"indicative","placement":"from the NTKMA master KML"},"geometry":{"type":"Point","coordinates":[73.87102962597699,20.05770927590331]}},{"type":"Feature","properties":{"name":"RRC 415","locationConfidence":"indicative","placement":"from the NTKMA master KML"},"geometry":{"type":"Point","coordinates":[73.8728176783095,20.05679426013399]}},{"type":"Feature","properties":{"name":"RRC 416","locationConfidence":"indicative","placement":"from the NTKMA master KML"},"geometry":{"type":"Point","coordinates":[73.8744566487591,20.05563251491641]}},{"type":"Feature","properties":{"name":"RRC 417","locationConfidence":"indicative","placement":"from the NTKMA master KML"},"geometry":{"type":"Point","coordinates":[73.87590846362959,20.05424372983334]}},{"type":"Feature","properties":{"name":"RRC 418","locationConfidence":"indicative","placement":"from the NTKMA master KML"},"geometry":{"type":"Point","coordinates":[73.8771530341298,20.05266563521193]}},{"type":"Feature","properties":{"name":"RRC 419","locationConfidence":"indicative","placement":"from the NTKMA master KML"},"geometry":{"type":"Point","coordinates":[73.87833658709349,20.05104004240827]}},{"type":"Feature","properties":{"name":"RRC 420","locationConfidence":"indicative","placement":"from the NTKMA master KML"},"geometry":{"type":"Point","coordinates":[73.8269361993785,20.085238990403]}},{"type":"Feature","properties":{"name":"RRC 421","locationConfidence":"indicative","placement":"from the NTKMA master KML"},"geometry":{"type":"Point","coordinates":[73.8249186136472,20.08509974482244]}},{"type":"Feature","properties":{"name":"RRC 422","locationConfidence":"indicative","placement":"from the NTKMA master KML"},"geometry":{"type":"Point","coordinates":[73.82289730322249,20.08514410776071]}},{"type":"Feature","properties":{"name":"RRC 423","locationConfidence":"indicative","placement":"from the NTKMA master KML"},"geometry":{"type":"Point","coordinates":[73.82089164891529,20.08539564123948]}},{"type":"Feature","properties":{"name":"RRC 424","locationConfidence":"indicative","placement":"from the NTKMA master KML"},"geometry":{"type":"Point","coordinates":[73.81892098244225,20.08584689330814]}},{"type":"Feature","properties":{"name":"RRC 425","locationConfidence":"indicative","placement":"from the NTKMA master KML"},"geometry":{"type":"Point","coordinates":[73.81697547442995,20.08640028996164]}},{"type":"Feature","properties":{"name":"RRC 426","locationConfidence":"indicative","placement":"from the NTKMA master KML"},"geometry":{"type":"Point","coordinates":[73.81503180731461,20.08696033513214]}},{"type":"Feature","properties":{"name":"RRC 427","locationConfidence":"indicative","placement":"from the NTKMA master KML"},"geometry":{"type":"Point","coordinates":[73.81308788217464,20.08751948471528]}},{"type":"Feature","properties":{"name":"RRC 428","locationConfidence":"indicative","placement":"from the NTKMA master KML"},"geometry":{"type":"Point","coordinates":[73.81114395703467,20.08807863429843]}},{"type":"Feature","properties":{"name":"RRC 429","locationConfidence":"indicative","placement":"from the NTKMA master KML"},"geometry":{"type":"Point","coordinates":[73.8091775580782,20.08854831660366]}},{"type":"Feature","properties":{"name":"RRC 430","locationConfidence":"indicative","placement":"from the NTKMA master KML"},"geometry":{"type":"Point","coordinates":[73.8071929671787,20.08893930103604]}},{"type":"Feature","properties":{"name":"RRC 431","locationConfidence":"indicative","placement":"from the NTKMA master KML"},"geometry":{"type":"Point","coordinates":[73.80520580866053,20.08931649247053]}},{"type":"Feature","properties":{"name":"RRC 432","locationConfidence":"indicative","placement":"from the NTKMA master KML"},"geometry":{"type":"Point","coordinates":[73.80319640808689,20.08953570109076]}},{"type":"Feature","properties":{"name":"RRC 433","locationConfidence":"indicative","placement":"from the NTKMA master KML"},"geometry":{"type":"Point","coordinates":[73.80117473013748,20.08954409540345]}},{"type":"Feature","properties":{"name":"RRC 434","locationConfidence":"indicative","placement":"from the NTKMA master KML"},"geometry":{"type":"Point","coordinates":[73.7991649687737,20.08933611723737]}},{"type":"Feature","properties":{"name":"RRC 435","locationConfidence":"indicative","placement":"from the NTKMA master KML"},"geometry":{"type":"Point","coordinates":[73.79719428127608,20.08888761049211]}},{"type":"Feature","properties":{"name":"RRC 436","locationConfidence":"indicative","placement":"from the NTKMA master KML"},"geometry":{"type":"Point","coordinates":[73.79528294576372,20.08823016172217]}},{"type":"Feature","properties":{"name":"RRC 437","locationConfidence":"indicative","placement":"from the NTKMA master KML"},"geometry":{"type":"Point","coordinates":[73.79344873590156,20.08738102918405]}},{"type":"Feature","properties":{"name":"RRC 438","locationConfidence":"indicative","placement":"from the NTKMA master KML"},"geometry":{"type":"Point","coordinates":[73.79173133255637,20.08631392328333]}},{"type":"Feature","properties":{"name":"RRC 439","locationConfidence":"indicative","placement":"from the NTKMA master KML"},"geometry":{"type":"Point","coordinates":[73.79007112396961,20.08515843121787]}},{"type":"Feature","properties":{"name":"RRC 440","locationConfidence":"indicative","placement":"from the NTKMA master KML"},"geometry":{"type":"Point","coordinates":[73.78850016349858,20.08399807272504]}},{"type":"Feature","properties":{"name":"RRC 441","locationConfidence":"indicative","placement":"from the NTKMA master KML"},"geometry":{"type":"Point","coordinates":[73.78994488648357,20.08437563296048]}},{"type":"Feature","properties":{"name":"RRC 442","locationConfidence":"indicative","placement":"from the NTKMA master KML"},"geometry":{"type":"Point","coordinates":[73.79159882263528,20.08554009205806]}},{"type":"Feature","properties":{"name":"RRC 443","locationConfidence":"indicative","placement":"from the NTKMA master KML"},"geometry":{"type":"Point","coordinates":[73.79329443746134,20.08664027313502]}},{"type":"Feature","properties":{"name":"RRC 444","locationConfidence":"indicative","placement":"from the NTKMA master KML"},"geometry":{"type":"Point","coordinates":[73.79509708710432,20.08755398782361]}},{"type":"Feature","properties":{"name":"RRC 445","locationConfidence":"indicative","placement":"from the NTKMA master KML"},"geometry":{"type":"Point","coordinates":[73.79700217619768,20.08823125480468]}},{"type":"Feature","properties":{"name":"RRC 446","locationConfidence":"indicative","placement":"from the NTKMA master KML"},"geometry":{"type":"Point","coordinates":[73.79896374317022,20.0887185301636]}},{"type":"Feature","properties":{"name":"RRC 447","locationConfidence":"indicative","placement":"from the NTKMA master KML"},"geometry":{"type":"Point","coordinates":[73.80096909532816,20.08896634488455]}},{"type":"Feature","properties":{"name":"RRC 448","locationConfidence":"indicative","placement":"from the NTKMA master KML"},"geometry":{"type":"Point","coordinates":[73.80299018971364,20.08897971318345]}},{"type":"Feature","properties":{"name":"RRC 449","locationConfidence":"indicative","placement":"from the NTKMA master KML"},"geometry":{"type":"Point","coordinates":[73.8050028856226,20.08879012582053]}},{"type":"Feature","properties":{"name":"RRC 450","locationConfidence":"indicative","placement":"from the NTKMA master KML"},"geometry":{"type":"Point","coordinates":[73.80699108570046,20.08842104784577]}},{"type":"Feature","properties":{"name":"RRC 451","locationConfidence":"indicative","placement":"from the NTKMA master KML"},"geometry":{"type":"Point","coordinates":[73.80897644946081,20.08803399286675]}},{"type":"Feature","properties":{"name":"RRC 452","locationConfidence":"indicative","placement":"from the NTKMA master KML"},"geometry":{"type":"Point","coordinates":[73.81094192185301,20.08755970634112]}},{"type":"Feature","properties":{"name":"RRC 453","locationConfidence":"indicative","placement":"from the NTKMA master KML"},"geometry":{"type":"Point","coordinates":[73.81288867891102,20.08701049933987]}},{"type":"Feature","properties":{"name":"RRC 454","locationConfidence":"indicative","placement":"from the NTKMA master KML"},"geometry":{"type":"Point","coordinates":[73.81483306819165,20.08645296590454]}},{"type":"Feature","properties":{"name":"RRC 455","locationConfidence":"indicative","placement":"from the NTKMA master KML"},"geometry":{"type":"Point","coordinates":[73.81677762957648,20.08589603825208]}},{"type":"Feature","properties":{"name":"RRC 456","locationConfidence":"indicative","placement":"from the NTKMA master KML"},"geometry":{"type":"Point","coordinates":[73.81872471513746,20.08534799534833]}},{"type":"Feature","properties":{"name":"RRC 457","locationConfidence":"indicative","placement":"from the NTKMA master KML"},"geometry":{"type":"Point","coordinates":[73.82069311600128,20.08488927101734]}},{"type":"Feature","properties":{"name":"RRC 458","locationConfidence":"indicative","placement":"from the NTKMA master KML"},"geometry":{"type":"Point","coordinates":[73.82269673653533,20.08462123373427]}},{"type":"Feature","properties":{"name":"RRC 459","locationConfidence":"indicative","placement":"from the NTKMA master KML"},"geometry":{"type":"Point","coordinates":[73.82471726048378,20.08455305947127]}},{"type":"Feature","properties":{"name":"RRC 460","locationConfidence":"indicative","placement":"from the NTKMA master KML"},"geometry":{"type":"Point","coordinates":[73.8267356968176,20.08467584912871]}},{"type":"Feature","properties":{"name":"RRC 461","locationConfidence":"indicative","placement":"from the NTKMA master KML"},"geometry":{"type":"Point","coordinates":[73.82875002104885,20.08486007546473]}},{"type":"Feature","properties":{"name":"RRC 462","locationConfidence":"indicative","placement":"from the NTKMA master KML"},"geometry":{"type":"Point","coordinates":[73.82895079164679,20.08541971332863]}},{"type":"Feature","properties":{"name":"RRC 463","locationConfidence":"indicative","placement":"from the NTKMA master KML"},"geometry":{"type":"Point","coordinates":[73.78754832816733,20.08336461048168]}},{"type":"Feature","properties":{"name":"RRC 464","locationConfidence":"indicative","placement":"from the NTKMA master KML"},"geometry":{"type":"Point","coordinates":[73.78590920934417,20.08220614558069]}},{"type":"Feature","properties":{"name":"RRC 465","locationConfidence":"indicative","placement":"from the NTKMA master KML"},"geometry":{"type":"Point","coordinates":[73.78427062713588,20.08104691961492]}},{"type":"Feature","properties":{"name":"RRC 466","locationConfidence":"indicative","placement":"from the NTKMA master KML"},"geometry":{"type":"Point","coordinates":[73.78263127194963,20.07988877944504]}},{"type":"Feature","properties":{"name":"RRC 467","locationConfidence":"indicative","placement":"from the NTKMA master KML"},"geometry":{"type":"Point","coordinates":[73.78099245499095,20.07872987695484]}},{"type":"Feature","properties":{"name":"RRC 468","locationConfidence":"indicative","placement":"from the NTKMA master KML"},"geometry":{"type":"Point","coordinates":[73.77935291320495,20.07757200222544]}},{"type":"Feature","properties":{"name":"RRC 469","locationConfidence":"indicative","placement":"from the NTKMA master KML"},"geometry":{"type":"Point","coordinates":[73.77777001671446,20.07633897267975]}},{"type":"Feature","properties":{"name":"RRC 470","locationConfidence":"indicative","placement":"from the NTKMA master KML"},"geometry":{"type":"Point","coordinates":[73.77632642411717,20.07494574205143]}},{"type":"Feature","properties":{"name":"RRC 471","locationConfidence":"indicative","placement":"from the NTKMA master KML"},"geometry":{"type":"Point","coordinates":[73.77503125820586,20.07341365255999]}},{"type":"Feature","properties":{"name":"RRC 472","locationConfidence":"indicative","placement":"from the NTKMA master KML"},"geometry":{"type":"Point","coordinates":[73.77379290708164,20.0718340174156]}},{"type":"Feature","properties":{"name":"RRC 473","locationConfidence":"indicative","placement":"from the NTKMA master KML"},"geometry":{"type":"Point","coordinates":[73.77255352995317,20.070255197675]}},{"type":"Feature","properties":{"name":"RRC 474","locationConfidence":"indicative","placement":"from the NTKMA master KML"},"geometry":{"type":"Point","coordinates":[73.77123234096652,20.06874561584211]}},{"type":"Feature","properties":{"name":"RRC 475","locationConfidence":"indicative","placement":"from the NTKMA master KML"},"geometry":{"type":"Point","coordinates":[73.76975540165571,20.06738797716353]}},{"type":"Feature","properties":{"name":"RRC 476","locationConfidence":"indicative","placement":"from the NTKMA master KML"},"geometry":{"type":"Point","coordinates":[73.76813892413085,20.06620002807841]}},{"type":"Feature","properties":{"name":"RRC 477","locationConfidence":"indicative","placement":"from the NTKMA master KML"},"geometry":{"type":"Point","coordinates":[73.76641110829785,20.06518004877923]}},{"type":"Feature","properties":{"name":"RRC 478","locationConfidence":"indicative","placement":"from the NTKMA master KML"},"geometry":{"type":"Point","coordinates":[73.76464664532696,20.06422328895903]}},{"type":"Feature","properties":{"name":"RRC 479","locationConfidence":"indicative","placement":"from the NTKMA master KML"},"geometry":{"type":"Point","coordinates":[73.7628776885799,20.06327491501452]}},{"type":"Feature","properties":{"name":"RRC 480","locationConfidence":"indicative","placement":"from the NTKMA master KML"},"geometry":{"type":"Point","coordinates":[73.76108577151086,20.06237149512676]}},{"type":"Feature","properties":{"name":"RRC 481","locationConfidence":"indicative","placement":"from the NTKMA master KML"},"geometry":{"type":"Point","coordinates":[73.75922953459849,20.06160955578644]}},{"type":"Feature","properties":{"name":"RRC 482","locationConfidence":"indicative","placement":"from the NTKMA master KML"},"geometry":{"type":"Point","coordinates":[73.75731601787346,20.06100503044444]}},{"type":"Feature","properties":{"name":"RRC 483","locationConfidence":"indicative","placement":"from the NTKMA master KML"},"geometry":{"type":"Point","coordinates":[73.75537912736206,20.06047861818995]}},{"type":"Feature","properties":{"name":"RRC 484","locationConfidence":"indicative","placement":"from the NTKMA master KML"},"geometry":{"type":"Point","coordinates":[73.75344242919647,20.05995138865806]}},{"type":"Feature","properties":{"name":"RRC 485","locationConfidence":"indicative","placement":"from the NTKMA master KML"},"geometry":{"type":"Point","coordinates":[73.75150592821686,20.05942343154226]}},{"type":"Feature","properties":{"name":"RRC 486","locationConfidence":"indicative","placement":"from the NTKMA master KML"},"geometry":{"type":"Point","coordinates":[73.74956914076718,20.05889653066041]}},{"type":"Feature","properties":{"name":"RRC 487","locationConfidence":"indicative","placement":"from the NTKMA master KML"},"geometry":{"type":"Point","coordinates":[73.7476311875903,20.05837393259135]}},{"type":"Feature","properties":{"name":"RRC 488","locationConfidence":"indicative","placement":"from the NTKMA master KML"},"geometry":{"type":"Point","coordinates":[73.74569431308845,20.05784734646782]}},{"type":"Feature","properties":{"name":"RRC 489","locationConfidence":"indicative","placement":"from the NTKMA master KML"},"geometry":{"type":"Point","coordinates":[73.74375766109377,20.0573199421109]}},{"type":"Feature","properties":{"name":"RRC 490","locationConfidence":"indicative","placement":"from the NTKMA master KML"},"geometry":{"type":"Point","coordinates":[73.7418220877383,20.0567885980788]}},{"type":"Feature","properties":{"name":"RRC 491","locationConfidence":"indicative","placement":"from the NTKMA master KML"},"geometry":{"type":"Point","coordinates":[73.73990511481743,20.05619643234405]}},{"type":"Feature","properties":{"name":"RRC 492","locationConfidence":"indicative","placement":"from the NTKMA master KML"},"geometry":{"type":"Point","coordinates":[73.73803769198283,20.05546221155694]}},{"type":"Feature","properties":{"name":"RRC 493","locationConfidence":"indicative","placement":"from the NTKMA master KML"},"geometry":{"type":"Point","coordinates":[73.73618693160628,20.05468538920704]}},{"type":"Feature","properties":{"name":"RRC 494","locationConfidence":"indicative","placement":"from the NTKMA master KML"},"geometry":{"type":"Point","coordinates":[73.7343380771861,20.05390403589793]}},{"type":"Feature","properties":{"name":"RRC 495","locationConfidence":"indicative","placement":"from the NTKMA master KML"},"geometry":{"type":"Point","coordinates":[73.73248834760915,20.05312476362872]}},{"type":"Feature","properties":{"name":"RRC 496","locationConfidence":"indicative","placement":"from the NTKMA master KML"},"geometry":{"type":"Point","coordinates":[73.73063890938901,20.0523447961568]}},{"type":"Feature","properties":{"name":"RRC 497","locationConfidence":"indicative","placement":"from the NTKMA master KML"},"geometry":{"type":"Point","coordinates":[73.72878919160952,20.05156548848993]}},{"type":"Feature","properties":{"name":"RRC 498","locationConfidence":"indicative","placement":"from the NTKMA master KML"},"geometry":{"type":"Point","coordinates":[73.72694093396815,20.05078272474305]}},{"type":"Feature","properties":{"name":"RRC 499","locationConfidence":"indicative","placement":"from the NTKMA master KML"},"geometry":{"type":"Point","coordinates":[73.72507002183674,20.0500565374896]}},{"type":"Feature","properties":{"name":"RRC 500","locationConfidence":"indicative","placement":"from the NTKMA master KML"},"geometry":{"type":"Point","coordinates":[73.72315834770463,20.04944574080195]}},{"type":"Feature","properties":{"name":"RRC 501","locationConfidence":"indicative","placement":"from the NTKMA master KML"},"geometry":{"type":"Point","coordinates":[73.72123184694844,20.04888239281898]}},{"type":"Feature","properties":{"name":"RRC 502","locationConfidence":"indicative","placement":"from the NTKMA master KML"},"geometry":{"type":"Point","coordinates":[73.71930635620882,20.04831569140777]}},{"type":"Feature","properties":{"name":"RRC 503","locationConfidence":"indicative","placement":"from the NTKMA master KML"},"geometry":{"type":"Point","coordinates":[73.71738235082293,20.0477439367314]}},{"type":"Feature","properties":{"name":"RRC 504","locationConfidence":"indicative","placement":"from the NTKMA master KML"},"geometry":{"type":"Point","coordinates":[73.7154565599329,20.04717818107868]}},{"type":"Feature","properties":{"name":"RRC 505","locationConfidence":"indicative","placement":"from the NTKMA master KML"},"geometry":{"type":"Point","coordinates":[73.71353567025423,20.04659715895759]}},{"type":"Feature","properties":{"name":"RRC 506","locationConfidence":"indicative","placement":"from the NTKMA master KML"},"geometry":{"type":"Point","coordinates":[73.71165712233302,20.04589021572345]}},{"type":"Feature","properties":{"name":"RRC 507","locationConfidence":"indicative","placement":"from the NTKMA master KML"},"geometry":{"type":"Point","coordinates":[73.70985208556685,20.04501286275833]}},{"type":"Feature","properties":{"name":"RRC 508","locationConfidence":"indicative","placement":"from the NTKMA master KML"},"geometry":{"type":"Point","coordinates":[73.70813411911975,20.04397668515353]}},{"type":"Feature","properties":{"name":"RRC 509","locationConfidence":"indicative","placement":"from the NTKMA master KML"},"geometry":{"type":"Point","coordinates":[73.70651715320612,20.04279034502733]}},{"type":"Feature","properties":{"name":"RRC 510","locationConfidence":"indicative","placement":"from the NTKMA master KML"},"geometry":{"type":"Point","coordinates":[73.70502103255357,20.04145558744849]}},{"type":"Feature","properties":{"name":"RRC 511","locationConfidence":"indicative","placement":"from the NTKMA master KML"},"geometry":{"type":"Point","coordinates":[73.7036512199871,20.03999229194986]}},{"type":"Feature","properties":{"name":"RRC 512","locationConfidence":"indicative","placement":"from the NTKMA master KML"},"geometry":{"type":"Point","coordinates":[73.70243055942727,20.03840261637487]}},{"type":"Feature","properties":{"name":"RRC 513","locationConfidence":"indicative","placement":"from the NTKMA master KML"},"geometry":{"type":"Point","coordinates":[73.70137131821815,20.03670082429468]}},{"type":"Feature","properties":{"name":"RRC 514","locationConfidence":"indicative","placement":"from the NTKMA master KML"},"geometry":{"type":"Point","coordinates":[73.70048412949069,20.03490290139249]}},{"type":"Feature","properties":{"name":"RRC 515","locationConfidence":"indicative","placement":"from the NTKMA master KML"},"geometry":{"type":"Point","coordinates":[73.69975781387143,20.03303337182128]}},{"type":"Feature","properties":{"name":"RRC 516","locationConfidence":"indicative","placement":"from the NTKMA master KML"},"geometry":{"type":"Point","coordinates":[73.69913112987106,20.03112655639746]}},{"type":"Feature","properties":{"name":"RRC 517","locationConfidence":"indicative","placement":"from the NTKMA master KML"},"geometry":{"type":"Point","coordinates":[73.6985081615107,20.02921852149604]}},{"type":"Feature","properties":{"name":"RRC 518","locationConfidence":"indicative","placement":"from the NTKMA master KML"},"geometry":{"type":"Point","coordinates":[73.6978791771188,20.02731243903727]}},{"type":"Feature","properties":{"name":"RRC 519","locationConfidence":"indicative","placement":"from the NTKMA master KML"},"geometry":{"type":"Point","coordinates":[73.69725247007005,20.02540560555397]}},{"type":"Feature","properties":{"name":"RRC 520","locationConfidence":"indicative","placement":"from the NTKMA master KML"},"geometry":{"type":"Point","coordinates":[73.69662900511071,20.02349821274275]}},{"type":"Feature","properties":{"name":"RRC 521","locationConfidence":"indicative","placement":"from the NTKMA master KML"},"geometry":{"type":"Point","coordinates":[73.69605937688537,20.02157401156478]}},{"type":"Feature","properties":{"name":"RRC 522","locationConfidence":"indicative","placement":"from the NTKMA master KML"},"geometry":{"type":"Point","coordinates":[73.69563604960581,20.01961247069769]}},{"type":"Feature","properties":{"name":"RRC 523","locationConfidence":"indicative","placement":"from the NTKMA master KML"},"geometry":{"type":"Point","coordinates":[73.69533214788363,20.01762854463502]}},{"type":"Feature","properties":{"name":"RRC 524","locationConfidence":"indicative","placement":"from the NTKMA master KML"},"geometry":{"type":"Point","coordinates":[73.69504161350464,20.01564250185684]}},{"type":"Feature","properties":{"name":"RRC 525","locationConfidence":"indicative","placement":"from the NTKMA master KML"},"geometry":{"type":"Point","coordinates":[73.69474776261359,20.01365694812191]}},{"type":"Feature","properties":{"name":"RRC 526","locationConfidence":"indicative","placement":"from the NTKMA master KML"},"geometry":{"type":"Point","coordinates":[73.69445093735025,20.01167183602775]}},{"type":"Feature","properties":{"name":"RRC 527","locationConfidence":"indicative","placement":"from the NTKMA master KML"},"geometry":{"type":"Point","coordinates":[73.69415359749455,20.0096868007352]}},{"type":"Feature","properties":{"name":"RRC 528","locationConfidence":"indicative","placement":"from the NTKMA master KML"},"geometry":{"type":"Point","coordinates":[73.69386104260546,20.00770105463228]}},{"type":"Feature","properties":{"name":"RRC 529","locationConfidence":"indicative","placement":"from the NTKMA master KML"},"geometry":{"type":"Point","coordinates":[73.69356139399272,20.00571636906912]}},{"type":"Feature","properties":{"name":"RRC 530","locationConfidence":"indicative","placement":"from the NTKMA master KML"},"geometry":{"type":"Point","coordinates":[73.69327078694111,20.00373039156422]}},{"type":"Feature","properties":{"name":"RRC 531","locationConfidence":"indicative","placement":"from the NTKMA master KML"},"geometry":{"type":"Point","coordinates":[73.6929686341731,20.00174608630018]}},{"type":"Feature","properties":{"name":"RRC 532","locationConfidence":"indicative","placement":"from the NTKMA master KML"},"geometry":{"type":"Point","coordinates":[73.69367669845775,20.00264694563902]}},{"type":"Feature","properties":{"name":"RRC 533","locationConfidence":"indicative","placement":"from the NTKMA master KML"},"geometry":{"type":"Point","coordinates":[73.69397062529558,20.00463245909487]}},{"type":"Feature","properties":{"name":"RRC 534","locationConfidence":"indicative","placement":"from the NTKMA master KML"},"geometry":{"type":"Point","coordinates":[73.69426600398843,20.00661773407035]}},{"type":"Feature","properties":{"name":"RRC 535","locationConfidence":"indicative","placement":"from the NTKMA master KML"},"geometry":{"type":"Point","coordinates":[73.69455728934093,20.00860366524634]}},{"type":"Feature","properties":{"name":"RRC 536","locationConfidence":"indicative","placement":"from the NTKMA master KML"},"geometry":{"type":"Point","coordinates":[73.6948581622674,20.0105881562215]}},{"type":"Feature","properties":{"name":"RRC 537","locationConfidence":"indicative","placement":"from the NTKMA master KML"},"geometry":{"type":"Point","coordinates":[73.69514936854992,20.01257403436169]}},{"type":"Feature","properties":{"name":"RRC 538","locationConfidence":"indicative","placement":"from the NTKMA master KML"},"geometry":{"type":"Point","coordinates":[73.69543859773181,20.01456025438006]}},{"type":"Feature","properties":{"name":"RRC 539","locationConfidence":"indicative","placement":"from the NTKMA master KML"},"geometry":{"type":"Point","coordinates":[73.69573515157421,20.01654536840865]}},{"type":"Feature","properties":{"name":"RRC 540","locationConfidence":"indicative","placement":"from the NTKMA master KML"},"geometry":{"type":"Point","coordinates":[73.69604194648299,20.01852895807001]}},{"type":"Feature","properties":{"name":"RRC 541","locationConfidence":"indicative","placement":"from the NTKMA master KML"},"geometry":{"type":"Point","coordinates":[73.69639695128724,20.02050384878145]}},{"type":"Feature","properties":{"name":"RRC 542","locationConfidence":"indicative","placement":"from the NTKMA master KML"},"geometry":{"type":"Point","coordinates":[73.69689882416526,20.02244647288952]}},{"type":"Feature","properties":{"name":"RRC 543","locationConfidence":"indicative","placement":"from the NTKMA master KML"},"geometry":{"type":"Point","coordinates":[73.69751035663117,20.02435817232355]}},{"type":"Feature","properties":{"name":"RRC 544","locationConfidence":"indicative","placement":"from the NTKMA master KML"},"geometry":{"type":"Point","coordinates":[73.69813796808393,20.02626470718573]}},{"type":"Feature","properties":{"name":"RRC 545","locationConfidence":"indicative","placement":"from the NTKMA master KML"},"geometry":{"type":"Point","coordinates":[73.69876084531722,20.02817278605038]}},{"type":"Feature","properties":{"name":"RRC 546","locationConfidence":"indicative","placement":"from the NTKMA master KML"},"geometry":{"type":"Point","coordinates":[73.69938621609798,20.03008004484302]}},{"type":"Feature","properties":{"name":"RRC 547","locationConfidence":"indicative","placement":"from the NTKMA master KML"},"geometry":{"type":"Point","coordinates":[73.70000798418597,20.03198846800343]}},{"type":"Feature","properties":{"name":"RRC 548","locationConfidence":"indicative","placement":"from the NTKMA master KML"},"geometry":{"type":"Point","coordinates":[73.70067252668575,20.03388164692298]}},{"type":"Feature","properties":{"name":"RRC 549","locationConfidence":"indicative","placement":"from the NTKMA master KML"},"geometry":{"type":"Point","coordinates":[73.70147539760316,20.03571964410164]}},{"type":"Feature","properties":{"name":"RRC 550","locationConfidence":"indicative","placement":"from the NTKMA master KML"},"geometry":{"type":"Point","coordinates":[73.7024663693803,20.03746393491772]}},{"type":"Feature","properties":{"name":"RRC 551","locationConfidence":"indicative","placement":"from the NTKMA master KML"},"geometry":{"type":"Point","coordinates":[73.70361609696081,20.03910812361564]}},{"type":"Feature","properties":{"name":"RRC 552","locationConfidence":"indicative","placement":"from the NTKMA master KML"},"geometry":{"type":"Point","coordinates":[73.70493969233989,20.04061644030491]}},{"type":"Feature","properties":{"name":"RRC 553","locationConfidence":"indicative","placement":"from the NTKMA master KML"},"geometry":{"type":"Point","coordinates":[73.70639746904915,20.04199617243569]}},{"type":"Feature","properties":{"name":"RRC 554","locationConfidence":"indicative","placement":"from the NTKMA master KML"},"geometry":{"type":"Point","coordinates":[73.70798673810637,20.04322213114043]}},{"type":"Feature","properties":{"name":"RRC 555","locationConfidence":"indicative","placement":"from the NTKMA master KML"},"geometry":{"type":"Point","coordinates":[73.70968371548618,20.04429317884919]}},{"type":"Feature","properties":{"name":"RRC 556","locationConfidence":"indicative","placement":"from the NTKMA master KML"},"geometry":{"type":"Point","coordinates":[73.71147281431472,20.04520087861265]}},{"type":"Feature","properties":{"name":"RRC 557","locationConfidence":"indicative","placement":"from the NTKMA master KML"},"geometry":{"type":"Point","coordinates":[73.71333697100609,20.04594133082738]}},{"type":"Feature","properties":{"name":"RRC 558","locationConfidence":"indicative","placement":"from the NTKMA master KML"},"geometry":{"type":"Point","coordinates":[73.71524969084317,20.04654757576315]}},{"type":"Feature","properties":{"name":"RRC 559","locationConfidence":"indicative","placement":"from the NTKMA master KML"},"geometry":{"type":"Point","coordinates":[73.71717466106594,20.0471161103639]}},{"type":"Feature","properties":{"name":"RRC 560","locationConfidence":"indicative","placement":"from the NTKMA master KML"},"geometry":{"type":"Point","coordinates":[73.71909965086593,20.04768460742226]}},{"type":"Feature","properties":{"name":"RRC 561","locationConfidence":"indicative","placement":"from the NTKMA master KML"},"geometry":{"type":"Point","coordinates":[73.72102578200615,20.04824920238607]}},{"type":"Feature","properties":{"name":"RRC 562","locationConfidence":"indicative","placement":"from the NTKMA master KML"},"geometry":{"type":"Point","coordinates":[73.72295032867059,20.048819199312]}},{"type":"Feature","properties":{"name":"RRC 563","locationConfidence":"indicative","placement":"from the NTKMA master KML"},"geometry":{"type":"Point","coordinates":[73.72486848990921,20.04940984769302]}},{"type":"Feature","properties":{"name":"RRC 564","locationConfidence":"indicative","placement":"from the NTKMA master KML"},"geometry":{"type":"Point","coordinates":[73.72674792911299,20.05011332879026]}},{"type":"Feature","properties":{"name":"RRC 565","locationConfidence":"indicative","placement":"from the NTKMA master KML"},"geometry":{"type":"Point","coordinates":[73.72859908556325,20.05088907404059]}},{"type":"Feature","properties":{"name":"RRC 566","locationConfidence":"indicative","placement":"from the NTKMA master KML"},"geometry":{"type":"Point","coordinates":[73.73044959743466,20.05166649416391]}},{"type":"Feature","properties":{"name":"RRC 567","locationConfidence":"indicative","placement":"from the NTKMA master KML"},"geometry":{"type":"Point","coordinates":[73.73229810023204,20.05244865126259]}},{"type":"Feature","properties":{"name":"RRC 568","locationConfidence":"indicative","placement":"from the NTKMA master KML"},"geometry":{"type":"Point","coordinates":[73.73414576006881,20.05323281348113]}},{"type":"Feature","properties":{"name":"RRC 569","locationConfidence":"indicative","placement":"from the NTKMA master KML"},"geometry":{"type":"Point","coordinates":[73.73599631141983,20.0540100952849]}},{"type":"Feature","properties":{"name":"RRC 570","locationConfidence":"indicative","placement":"from the NTKMA master KML"},"geometry":{"type":"Point","coordinates":[73.73784569542376,20.05479019357321]}},{"type":"Feature","properties":{"name":"RRC 571","locationConfidence":"indicative","placement":"from the NTKMA master KML"},"geometry":{"type":"Point","coordinates":[73.73970474513744,20.0555463666283]}},{"type":"Feature","properties":{"name":"RRC 572","locationConfidence":"indicative","placement":"from the NTKMA master KML"},"geometry":{"type":"Point","coordinates":[73.74161190083663,20.05617042032965]}},{"type":"Feature","properties":{"name":"RRC 573","locationConfidence":"indicative","placement":"from the NTKMA master KML"},"geometry":{"type":"Point","coordinates":[73.74354850095868,20.05669794433975]}},{"type":"Feature","properties":{"name":"RRC 574","locationConfidence":"indicative","placement":"from the NTKMA master KML"},"geometry":{"type":"Point","coordinates":[73.74548521390736,20.05722512473616]}},{"type":"Feature","properties":{"name":"RRC 575","locationConfidence":"indicative","placement":"from the NTKMA master KML"},"geometry":{"type":"Point","coordinates":[73.74742224610269,20.05775112966152]}},{"type":"Feature","properties":{"name":"RRC 576","locationConfidence":"indicative","placement":"from the NTKMA master KML"},"geometry":{"type":"Point","coordinates":[73.74935955808893,20.05827610454397]}},{"type":"Feature","properties":{"name":"RRC 577","locationConfidence":"indicative","placement":"from the NTKMA master KML"},"geometry":{"type":"Point","coordinates":[73.75129605134897,20.05880406502752]}},{"type":"Feature","properties":{"name":"RRC 578","locationConfidence":"indicative","placement":"from the NTKMA master KML"},"geometry":{"type":"Point","coordinates":[73.7532336503489,20.05932788133473]}},{"type":"Feature","properties":{"name":"RRC 579","locationConfidence":"indicative","placement":"from the NTKMA master KML"},"geometry":{"type":"Point","coordinates":[73.75517005301815,20.0598561794755]}},{"type":"Feature","properties":{"name":"RRC 580","locationConfidence":"indicative","placement":"from the NTKMA master KML"},"geometry":{"type":"Point","coordinates":[73.7571069892099,20.06038250482359]}},{"type":"Feature","properties":{"name":"RRC 581","locationConfidence":"indicative","placement":"from the NTKMA master KML"},"geometry":{"type":"Point","coordinates":[73.75902790180446,20.06096299143401]}},{"type":"Feature","properties":{"name":"RRC 582","locationConfidence":"indicative","placement":"from the NTKMA master KML"},"geometry":{"type":"Point","coordinates":[73.76089975963217,20.06168548248363]}},{"type":"Feature","properties":{"name":"RRC 583","locationConfidence":"indicative","placement":"from the NTKMA master KML"},"geometry":{"type":"Point","coordinates":[73.7627069412572,20.06255759234749]}},{"type":"Feature","properties":{"name":"RRC 584","locationConfidence":"indicative","placement":"from the NTKMA master KML"},"geometry":{"type":"Point","coordinates":[73.76447548034012,20.0635068217384]}},{"type":"Feature","properties":{"name":"RRC 585","locationConfidence":"indicative","placement":"from the NTKMA master KML"},"geometry":{"type":"Point","coordinates":[73.76624023256947,20.06446304397761]}},{"type":"Feature","properties":{"name":"RRC 586","locationConfidence":"indicative","placement":"from the NTKMA master KML"},"geometry":{"type":"Point","coordinates":[73.76798905943484,20.06544740740825]}},{"type":"Feature","properties":{"name":"RRC 587","locationConfidence":"indicative","placement":"from the NTKMA master KML"},"geometry":{"type":"Point","coordinates":[73.76963874528869,20.06658901038121]}},{"type":"Feature","properties":{"name":"RRC 588","locationConfidence":"indicative","placement":"from the NTKMA master KML"},"geometry":{"type":"Point","coordinates":[73.77116458079976,20.06789134445059]}},{"type":"Feature","properties":{"name":"RRC 589","locationConfidence":"indicative","placement":"from the NTKMA master KML"},"geometry":{"type":"Point","coordinates":[73.7725415861384,20.06935046878658]}},{"type":"Feature","properties":{"name":"RRC 590","locationConfidence":"indicative","placement":"from the NTKMA master KML"},"geometry":{"type":"Point","coordinates":[73.77379217670257,20.07092026368585]}},{"type":"Feature","properties":{"name":"RRC 591","locationConfidence":"indicative","placement":"from the NTKMA master KML"},"geometry":{"type":"Point","coordinates":[73.77502881788539,20.07250124249188]}},{"type":"Feature","properties":{"name":"RRC 592","locationConfidence":"indicative","placement":"from the NTKMA master KML"},"geometry":{"type":"Point","coordinates":[73.77628417617031,20.07406708492008]}},{"type":"Feature","properties":{"name":"RRC 593","locationConfidence":"indicative","placement":"from the NTKMA master KML"},"geometry":{"type":"Point","coordinates":[73.77767862634711,20.07550922483985]}},{"type":"Feature","properties":{"name":"RRC 594","locationConfidence":"indicative","placement":"from the NTKMA master KML"},"geometry":{"type":"Point","coordinates":[73.77922348012304,20.07678898727116]}},{"type":"Feature","properties":{"name":"RRC 595","locationConfidence":"indicative","placement":"from the NTKMA master KML"},"geometry":{"type":"Point","coordinates":[73.78085523531921,20.0779575947265]}},{"type":"Feature","properties":{"name":"RRC 596","locationConfidence":"indicative","placement":"from the NTKMA master KML"},"geometry":{"type":"Point","coordinates":[73.78249564132398,20.07911424147182]}},{"type":"Feature","properties":{"name":"RRC 597","locationConfidence":"indicative","placement":"from the NTKMA master KML"},"geometry":{"type":"Point","coordinates":[73.78413397606796,20.08027381959367]}},{"type":"Feature","properties":{"name":"RRC 598","locationConfidence":"indicative","placement":"from the NTKMA master KML"},"geometry":{"type":"Point","coordinates":[73.78577297412488,20.08143246424027]}},{"type":"Feature","properties":{"name":"RRC 599","locationConfidence":"indicative","placement":"from the NTKMA master KML"},"geometry":{"type":"Point","coordinates":[73.787409801241,20.0825941607583]}},{"type":"Feature","properties":{"name":"G-001","locationConfidence":"indicative","placement":"generated at random in a planning polygon"},"geometry":{"type":"Point","coordinates":[73.79218826468052,20.00796007308917]}},{"type":"Feature","properties":{"name":"G-002","locationConfidence":"indicative","placement":"generated at random in a planning polygon"},"geometry":{"type":"Point","coordinates":[73.79223280885105,20.007973349798267]}},{"type":"Feature","properties":{"name":"G-003","locationConfidence":"indicative","placement":"generated at random in a planning polygon"},"geometry":{"type":"Point","coordinates":[73.79228359602746,20.007844930147336]}},{"type":"Feature","properties":{"name":"G-004","locationConfidence":"indicative","placement":"generated at random in a planning polygon"},"geometry":{"type":"Point","coordinates":[73.79222360273528,20.007992507798193]}},{"type":"Feature","properties":{"name":"G-005","locationConfidence":"indicative","placement":"generated at random in a planning polygon"},"geometry":{"type":"Point","coordinates":[73.79220630041421,20.00788367020889]}},{"type":"Feature","properties":{"name":"G-006","locationConfidence":"indicative","placement":"generated at random in a planning polygon"},"geometry":{"type":"Point","coordinates":[73.79220490515655,20.007978528187962]}},{"type":"Feature","properties":{"name":"G-007","locationConfidence":"indicative","placement":"generated at random in a planning polygon"},"geometry":{"type":"Point","coordinates":[73.79221617171582,20.00784931273221]}},{"type":"Feature","properties":{"name":"G-008","locationConfidence":"indicative","placement":"generated at random in a planning polygon"},"geometry":{"type":"Point","coordinates":[73.79228543220052,20.007816795595282]}},{"type":"Feature","properties":{"name":"G-009","locationConfidence":"indicative","placement":"generated at random in a planning polygon"},"geometry":{"type":"Point","coordinates":[73.79218752349347,20.00790461867416]}},{"type":"Feature","properties":{"name":"G-010","locationConfidence":"indicative","placement":"generated at random in a planning polygon"},"geometry":{"type":"Point","coordinates":[73.79223373023785,20.007931916754888]}},{"type":"Feature","properties":{"name":"G-011","locationConfidence":"indicative","placement":"generated at random in a planning polygon"},"geometry":{"type":"Point","coordinates":[73.79219948187277,20.00789591315795]}},{"type":"Feature","properties":{"name":"G-012","locationConfidence":"indicative","placement":"generated at random in a planning polygon"},"geometry":{"type":"Point","coordinates":[73.79221513334329,20.007977140208737]}},{"type":"Feature","properties":{"name":"G-013","locationConfidence":"indicative","placement":"generated at random in a planning polygon"},"geometry":{"type":"Point","coordinates":[73.79215793002253,20.00798077474416]}},{"type":"Feature","properties":{"name":"G-014","locationConfidence":"indicative","placement":"generated at random in a planning polygon"},"geometry":{"type":"Point","coordinates":[73.79223958579423,20.007921765554087]}},{"type":"Feature","properties":{"name":"G-015","locationConfidence":"indicative","placement":"generated at random in a planning polygon"},"geometry":{"type":"Point","coordinates":[73.79222560148007,20.007923658306588]}},{"type":"Feature","properties":{"name":"G-016","locationConfidence":"indicative","placement":"generated at random in a planning polygon"},"geometry":{"type":"Point","coordinates":[73.79222411234132,20.00780266395974]}},{"type":"Feature","properties":{"name":"G-017","locationConfidence":"indicative","placement":"generated at random in a planning polygon"},"geometry":{"type":"Point","coordinates":[73.79222730311658,20.007957193271796]}},{"type":"Feature","properties":{"name":"G-018","locationConfidence":"indicative","placement":"generated at random in a planning polygon"},"geometry":{"type":"Point","coordinates":[73.79220903493226,20.00785237431323]}},{"type":"Feature","properties":{"name":"G-019","locationConfidence":"indicative","placement":"generated at random in a planning polygon"},"geometry":{"type":"Point","coordinates":[73.79220734701822,20.007960348747076]}},{"type":"Feature","properties":{"name":"G-020","locationConfidence":"indicative","placement":"generated at random in a planning polygon"},"geometry":{"type":"Point","coordinates":[73.79228726303033,20.00785555133129]}},{"type":"Feature","properties":{"name":"G-021","locationConfidence":"indicative","placement":"generated at random in a planning polygon"},"geometry":{"type":"Point","coordinates":[73.79222795371358,20.007893506284063]}},{"type":"Feature","properties":{"name":"G-022","locationConfidence":"indicative","placement":"generated at random in a planning polygon"},"geometry":{"type":"Point","coordinates":[73.7922415652302,20.00791446281075]}},{"type":"Feature","properties":{"name":"G-023","locationConfidence":"indicative","placement":"generated at random in a planning polygon"},"geometry":{"type":"Point","coordinates":[73.792272333474,20.007833130411022]}},{"type":"Feature","properties":{"name":"G-024","locationConfidence":"indicative","placement":"generated at random in a planning polygon"},"geometry":{"type":"Point","coordinates":[73.79221976168036,20.007836169489696]}},{"type":"Feature","properties":{"name":"G-025","locationConfidence":"indicative","placement":"generated at random in a planning polygon"},"geometry":{"type":"Point","coordinates":[73.79222454558528,20.00791460209616]}},{"type":"Feature","properties":{"name":"G-026","locationConfidence":"indicative","placement":"generated at random in a planning polygon"},"geometry":{"type":"Point","coordinates":[73.84611378151261,19.989982870214803]}},{"type":"Feature","properties":{"name":"G-027","locationConfidence":"indicative","placement":"generated at random in a planning polygon"},"geometry":{"type":"Point","coordinates":[73.8465150551978,19.989921272982812]}},{"type":"Feature","properties":{"name":"G-028","locationConfidence":"indicative","placement":"generated at random in a planning polygon"},"geometry":{"type":"Point","coordinates":[73.84641481936404,19.989889151557215]}},{"type":"Feature","properties":{"name":"G-029","locationConfidence":"indicative","placement":"generated at random in a planning polygon"},"geometry":{"type":"Point","coordinates":[73.84617121763803,19.990059232639783]}},{"type":"Feature","properties":{"name":"G-030","locationConfidence":"indicative","placement":"generated at random in a planning polygon"},"geometry":{"type":"Point","coordinates":[73.84649140041492,19.99003883504852]}},{"type":"Feature","properties":{"name":"G-031","locationConfidence":"indicative","placement":"generated at random in a planning polygon"},"geometry":{"type":"Point","coordinates":[73.84613879920623,19.989943137468426]}},{"type":"Feature","properties":{"name":"G-032","locationConfidence":"indicative","placement":"generated at random in a planning polygon"},"geometry":{"type":"Point","coordinates":[73.84685253196864,19.989840629489894]}},{"type":"Feature","properties":{"name":"G-033","locationConfidence":"indicative","placement":"generated at random in a planning polygon"},"geometry":{"type":"Point","coordinates":[73.84642571787678,19.98987262124048]}},{"type":"Feature","properties":{"name":"G-034","locationConfidence":"indicative","placement":"generated at random in a planning polygon"},"geometry":{"type":"Point","coordinates":[73.84611157567315,19.99006159022331]}},{"type":"Feature","properties":{"name":"G-035","locationConfidence":"indicative","placement":"generated at random in a planning polygon"},"geometry":{"type":"Point","coordinates":[73.84692244189327,19.98990856493563]}},{"type":"Feature","properties":{"name":"G-036","locationConfidence":"indicative","placement":"generated at random in a planning polygon"},"geometry":{"type":"Point","coordinates":[73.84613128142792,19.98984768155387]}},{"type":"Feature","properties":{"name":"G-037","locationConfidence":"indicative","placement":"generated at random in a planning polygon"},"geometry":{"type":"Point","coordinates":[73.84596115497037,19.99002418395955]}},{"type":"Feature","properties":{"name":"G-038","locationConfidence":"indicative","placement":"generated at random in a planning polygon"},"geometry":{"type":"Point","coordinates":[73.8471968179366,19.989673600873783]}},{"type":"Feature","properties":{"name":"G-039","locationConfidence":"indicative","placement":"generated at random in a planning polygon"},"geometry":{"type":"Point","coordinates":[73.84708913757407,19.989682682202723]}},{"type":"Feature","properties":{"name":"G-040","locationConfidence":"indicative","placement":"generated at random in a planning polygon"},"geometry":{"type":"Point","coordinates":[73.84588106097146,19.989904963541438]}},{"type":"Feature","properties":{"name":"G-041","locationConfidence":"indicative","placement":"generated at random in a planning polygon"},"geometry":{"type":"Point","coordinates":[73.84681664499658,19.989807179394393]}},{"type":"Feature","properties":{"name":"G-042","locationConfidence":"indicative","placement":"generated at random in a planning polygon"},"geometry":{"type":"Point","coordinates":[73.84602717531446,19.990102337722927]}},{"type":"Feature","properties":{"name":"G-043","locationConfidence":"indicative","placement":"generated at random in a planning polygon"},"geometry":{"type":"Point","coordinates":[73.84705307078332,19.989694985844178]}},{"type":"Feature","properties":{"name":"G-044","locationConfidence":"indicative","placement":"generated at random in a planning polygon"},"geometry":{"type":"Point","coordinates":[73.8469099123987,19.989686144948507]}},{"type":"Feature","properties":{"name":"G-045","locationConfidence":"indicative","placement":"generated at random in a planning polygon"},"geometry":{"type":"Point","coordinates":[73.84597005311008,19.989974939466915]}},{"type":"Feature","properties":{"name":"G-046","locationConfidence":"indicative","placement":"generated at random in a planning polygon"},"geometry":{"type":"Point","coordinates":[73.84590738727974,19.990132331368084]}},{"type":"Feature","properties":{"name":"G-047","locationConfidence":"indicative","placement":"generated at random in a planning polygon"},"geometry":{"type":"Point","coordinates":[73.84657540556248,19.98977243941292]}},{"type":"Feature","properties":{"name":"G-048","locationConfidence":"indicative","placement":"generated at random in a planning polygon"},"geometry":{"type":"Point","coordinates":[73.8462537572411,19.990140335429917]}},{"type":"Feature","properties":{"name":"G-049","locationConfidence":"indicative","placement":"generated at random in a planning polygon"},"geometry":{"type":"Point","coordinates":[73.84664974651393,19.989763895251322]}},{"type":"Feature","properties":{"name":"G-050","locationConfidence":"indicative","placement":"generated at random in a planning polygon"},"geometry":{"type":"Point","coordinates":[73.84672614407648,19.98974497268668]}},{"type":"Feature","properties":{"name":"G-051","locationConfidence":"indicative","placement":"generated at random in a planning polygon"},"geometry":{"type":"Point","coordinates":[73.82223402778246,19.989456934501195]}},{"type":"Feature","properties":{"name":"G-052","locationConfidence":"indicative","placement":"generated at random in a planning polygon"},"geometry":{"type":"Point","coordinates":[73.82192145629428,19.989554641120872]}},{"type":"Feature","properties":{"name":"G-053","locationConfidence":"indicative","placement":"generated at random in a planning polygon"},"geometry":{"type":"Point","coordinates":[73.82204121138079,19.989327394402157]}},{"type":"Feature","properties":{"name":"G-054","locationConfidence":"indicative","placement":"generated at random in a planning polygon"},"geometry":{"type":"Point","coordinates":[73.82206744694544,19.989505285207382]}},{"type":"Feature","properties":{"name":"G-055","locationConfidence":"indicative","placement":"generated at random in a planning polygon"},"geometry":{"type":"Point","coordinates":[73.82197895783357,19.989381380253672]}},{"type":"Feature","properties":{"name":"G-056","locationConfidence":"indicative","placement":"generated at random in a planning polygon"},"geometry":{"type":"Point","coordinates":[73.82225528584155,19.989434667179754]}},{"type":"Feature","properties":{"name":"G-057","locationConfidence":"indicative","placement":"generated at random in a planning polygon"},"geometry":{"type":"Point","coordinates":[73.82146418785713,19.989797117897737]}},{"type":"Feature","properties":{"name":"G-058","locationConfidence":"indicative","placement":"generated at random in a planning polygon"},"geometry":{"type":"Point","coordinates":[73.82214532098779,19.989305876679655]}},{"type":"Feature","properties":{"name":"G-059","locationConfidence":"indicative","placement":"generated at random in a planning polygon"},"geometry":{"type":"Point","coordinates":[73.8222097272204,19.98932577917504]}},{"type":"Feature","properties":{"name":"G-060","locationConfidence":"indicative","placement":"generated at random in a planning polygon"},"geometry":{"type":"Point","coordinates":[73.82208643192332,19.989318214245515]}},{"type":"Feature","properties":{"name":"G-061","locationConfidence":"indicative","placement":"generated at random in a planning polygon"},"geometry":{"type":"Point","coordinates":[73.82205471272292,19.989352686397176]}},{"type":"Feature","properties":{"name":"G-062","locationConfidence":"indicative","placement":"generated at random in a planning polygon"},"geometry":{"type":"Point","coordinates":[73.82188385749697,19.989483585540743]}},{"type":"Feature","properties":{"name":"G-063","locationConfidence":"indicative","placement":"generated at random in a planning polygon"},"geometry":{"type":"Point","coordinates":[73.82186330186609,19.989558846404528]}},{"type":"Feature","properties":{"name":"G-064","locationConfidence":"indicative","placement":"generated at random in a planning polygon"},"geometry":{"type":"Point","coordinates":[73.82188259685502,19.989497036585615]}},{"type":"Feature","properties":{"name":"G-065","locationConfidence":"indicative","placement":"generated at random in a planning polygon"},"geometry":{"type":"Point","coordinates":[73.82128583785568,19.98972990664912]}},{"type":"Feature","properties":{"name":"G-066","locationConfidence":"indicative","placement":"generated at random in a planning polygon"},"geometry":{"type":"Point","coordinates":[73.82122114842312,19.989906129824394]}},{"type":"Feature","properties":{"name":"G-067","locationConfidence":"indicative","placement":"generated at random in a planning polygon"},"geometry":{"type":"Point","coordinates":[73.82163787686105,19.989682687147468]}},{"type":"Feature","properties":{"name":"G-068","locationConfidence":"indicative","placement":"generated at random in a planning polygon"},"geometry":{"type":"Point","coordinates":[73.8214576048056,19.98962115468817]}},{"type":"Feature","properties":{"name":"G-069","locationConfidence":"indicative","placement":"generated at random in a planning polygon"},"geometry":{"type":"Point","coordinates":[73.82122870003357,19.989802074289198]}},{"type":"Feature","properties":{"name":"G-070","locationConfidence":"indicative","placement":"generated at random in a planning polygon"},"geometry":{"type":"Point","coordinates":[73.82159341992573,19.98965996680968]}},{"type":"Feature","properties":{"name":"G-071","locationConfidence":"indicative","placement":"generated at random in a planning polygon"},"geometry":{"type":"Point","coordinates":[73.82192794100318,19.98942758982738]}},{"type":"Feature","properties":{"name":"G-072","locationConfidence":"indicative","placement":"generated at random in a planning polygon"},"geometry":{"type":"Point","coordinates":[73.82135041452432,19.989770575660515]}},{"type":"Feature","properties":{"name":"G-073","locationConfidence":"indicative","placement":"generated at random in a planning polygon"},"geometry":{"type":"Point","coordinates":[73.82192651869374,19.989545347704375]}},{"type":"Feature","properties":{"name":"G-074","locationConfidence":"indicative","placement":"generated at random in a planning polygon"},"geometry":{"type":"Point","coordinates":[73.82216571581854,19.98930665500292]}},{"type":"Feature","properties":{"name":"G-075","locationConfidence":"indicative","placement":"generated at random in a planning polygon"},"geometry":{"type":"Point","coordinates":[73.82221702824845,19.98930710901329]}},{"type":"Feature","properties":{"name":"G-076","locationConfidence":"indicative","placement":"generated at random in a planning polygon"},"geometry":{"type":"Point","coordinates":[73.78449693824416,20.00921472305206]}},{"type":"Feature","properties":{"name":"G-077","locationConfidence":"indicative","placement":"generated at random in a planning polygon"},"geometry":{"type":"Point","coordinates":[73.78500959246013,20.009131587285573]}},{"type":"Feature","properties":{"name":"G-078","locationConfidence":"indicative","placement":"generated at random in a planning polygon"},"geometry":{"type":"Point","coordinates":[73.78367843276962,20.008878977604645]}},{"type":"Feature","properties":{"name":"G-079","locationConfidence":"indicative","placement":"generated at random in a planning polygon"},"geometry":{"type":"Point","coordinates":[73.78356740224933,20.008824461381376]}},{"type":"Feature","properties":{"name":"G-080","locationConfidence":"indicative","placement":"generated at random in a planning polygon"},"geometry":{"type":"Point","coordinates":[73.78468326896596,20.009190173975064]}},{"type":"Feature","properties":{"name":"G-081","locationConfidence":"indicative","placement":"generated at random in a planning polygon"},"geometry":{"type":"Point","coordinates":[73.78305346574486,20.008821644366517]}},{"type":"Feature","properties":{"name":"G-082","locationConfidence":"indicative","placement":"generated at random in a planning polygon"},"geometry":{"type":"Point","coordinates":[73.78452385114964,20.009125653400258]}},{"type":"Feature","properties":{"name":"G-083","locationConfidence":"indicative","placement":"generated at random in a planning polygon"},"geometry":{"type":"Point","coordinates":[73.78445582124519,20.00913115632203]}},{"type":"Feature","properties":{"name":"G-084","locationConfidence":"indicative","placement":"generated at random in a planning polygon"},"geometry":{"type":"Point","coordinates":[73.7837475469935,20.00900395110274]}},{"type":"Feature","properties":{"name":"G-085","locationConfidence":"indicative","placement":"generated at random in a planning polygon"},"geometry":{"type":"Point","coordinates":[73.78523690739216,20.009294691619708]}},{"type":"Feature","properties":{"name":"G-086","locationConfidence":"indicative","placement":"generated at random in a planning polygon"},"geometry":{"type":"Point","coordinates":[73.78284875388876,20.008706766625473]}},{"type":"Feature","properties":{"name":"G-087","locationConfidence":"indicative","placement":"generated at random in a planning polygon"},"geometry":{"type":"Point","coordinates":[73.78344815469833,20.00895211262804]}},{"type":"Feature","properties":{"name":"G-088","locationConfidence":"indicative","placement":"generated at random in a planning polygon"},"geometry":{"type":"Point","coordinates":[73.78375166218723,20.00905105698931]}},{"type":"Feature","properties":{"name":"G-089","locationConfidence":"indicative","placement":"generated at random in a planning polygon"},"geometry":{"type":"Point","coordinates":[73.78352441686746,20.008892024878943]}},{"type":"Feature","properties":{"name":"G-090","locationConfidence":"indicative","placement":"generated at random in a planning polygon"},"geometry":{"type":"Point","coordinates":[73.78397319113512,20.00898755963948]}},{"type":"Feature","properties":{"name":"G-091","locationConfidence":"indicative","placement":"generated at random in a planning polygon"},"geometry":{"type":"Point","coordinates":[73.78368227141739,20.008938586883875]}},{"type":"Feature","properties":{"name":"G-092","locationConfidence":"indicative","placement":"generated at random in a planning polygon"},"geometry":{"type":"Point","coordinates":[73.78384259217935,20.00891799730302]}},{"type":"Feature","properties":{"name":"G-093","locationConfidence":"indicative","placement":"generated at random in a planning polygon"},"geometry":{"type":"Point","coordinates":[73.78350489829269,20.008993746152075]}},{"type":"Feature","properties":{"name":"G-094","locationConfidence":"indicative","placement":"generated at random in a planning polygon"},"geometry":{"type":"Point","coordinates":[73.78482380502331,20.009119038669038]}},{"type":"Feature","properties":{"name":"G-095","locationConfidence":"indicative","placement":"generated at random in a planning polygon"},"geometry":{"type":"Point","coordinates":[73.78341882342151,20.00878595510337]}},{"type":"Feature","properties":{"name":"G-096","locationConfidence":"indicative","placement":"generated at random in a planning polygon"},"geometry":{"type":"Point","coordinates":[73.7845037169578,20.0091207609989]}},{"type":"Feature","properties":{"name":"G-097","locationConfidence":"indicative","placement":"generated at random in a planning polygon"},"geometry":{"type":"Point","coordinates":[73.7853543117484,20.009368616549974]}},{"type":"Feature","properties":{"name":"G-098","locationConfidence":"indicative","placement":"generated at random in a planning polygon"},"geometry":{"type":"Point","coordinates":[73.78537467298342,20.009149678769457]}},{"type":"Feature","properties":{"name":"G-099","locationConfidence":"indicative","placement":"generated at random in a planning polygon"},"geometry":{"type":"Point","coordinates":[73.78488645167045,20.00915676527963]}},{"type":"Feature","properties":{"name":"G-100","locationConfidence":"indicative","placement":"generated at random in a planning polygon"},"geometry":{"type":"Point","coordinates":[73.78489901595852,20.009240964988955]}},{"type":"Feature","properties":{"name":"G-101","locationConfidence":"indicative","placement":"generated at random in a planning polygon"},"geometry":{"type":"Point","coordinates":[73.79939932830753,20.001327908263992]}},{"type":"Feature","properties":{"name":"G-102","locationConfidence":"indicative","placement":"generated at random in a planning polygon"},"geometry":{"type":"Point","coordinates":[73.79984312573568,20.001287487543124]}},{"type":"Feature","properties":{"name":"G-103","locationConfidence":"indicative","placement":"generated at random in a planning polygon"},"geometry":{"type":"Point","coordinates":[73.79971160227629,20.001392621227]}},{"type":"Feature","properties":{"name":"G-104","locationConfidence":"indicative","placement":"generated at random in a planning polygon"},"geometry":{"type":"Point","coordinates":[73.79925756128529,20.00136384962923]}},{"type":"Feature","properties":{"name":"G-105","locationConfidence":"indicative","placement":"generated at random in a planning polygon"},"geometry":{"type":"Point","coordinates":[73.79915243838458,20.00140566988056]}},{"type":"Feature","properties":{"name":"G-106","locationConfidence":"indicative","placement":"generated at random in a planning polygon"},"geometry":{"type":"Point","coordinates":[73.79895893202469,20.001399428622626]}},{"type":"Feature","properties":{"name":"G-107","locationConfidence":"indicative","placement":"generated at random in a planning polygon"},"geometry":{"type":"Point","coordinates":[73.79903501028178,20.001386306643376]}},{"type":"Feature","properties":{"name":"G-108","locationConfidence":"indicative","placement":"generated at random in a planning polygon"},"geometry":{"type":"Point","coordinates":[73.79900959389724,20.001273950355028]}},{"type":"Feature","properties":{"name":"G-109","locationConfidence":"indicative","placement":"generated at random in a planning polygon"},"geometry":{"type":"Point","coordinates":[73.79881088631032,20.00131369548144]}},{"type":"Feature","properties":{"name":"G-110","locationConfidence":"indicative","placement":"generated at random in a planning polygon"},"geometry":{"type":"Point","coordinates":[73.80062631351738,20.001333397420314]}},{"type":"Feature","properties":{"name":"G-111","locationConfidence":"indicative","placement":"generated at random in a planning polygon"},"geometry":{"type":"Point","coordinates":[73.79937083313,20.00129529156879]}},{"type":"Feature","properties":{"name":"G-112","locationConfidence":"indicative","placement":"generated at random in a planning polygon"},"geometry":{"type":"Point","coordinates":[73.7999703895682,20.00132752031195]}},{"type":"Feature","properties":{"name":"G-113","locationConfidence":"indicative","placement":"generated at random in a planning polygon"},"geometry":{"type":"Point","coordinates":[73.79882082570437,20.001362471836316]}},{"type":"Feature","properties":{"name":"G-114","locationConfidence":"indicative","placement":"generated at random in a planning polygon"},"geometry":{"type":"Point","coordinates":[73.79984628118245,20.001336129029845]}},{"type":"Feature","properties":{"name":"G-115","locationConfidence":"indicative","placement":"generated at random in a planning polygon"},"geometry":{"type":"Point","coordinates":[73.80008813158184,20.001322858951067]}},{"type":"Feature","properties":{"name":"G-116","locationConfidence":"indicative","placement":"generated at random in a planning polygon"},"geometry":{"type":"Point","coordinates":[73.79915289505027,20.001312004927595]}},{"type":"Feature","properties":{"name":"G-117","locationConfidence":"indicative","placement":"generated at random in a planning polygon"},"geometry":{"type":"Point","coordinates":[73.79975384010046,20.001335699167576]}},{"type":"Feature","properties":{"name":"G-118","locationConfidence":"indicative","placement":"generated at random in a planning polygon"},"geometry":{"type":"Point","coordinates":[73.79955320003054,20.00128331589446]}},{"type":"Feature","properties":{"name":"G-119","locationConfidence":"indicative","placement":"generated at random in a planning polygon"},"geometry":{"type":"Point","coordinates":[73.79896503917135,20.001325726422532]}},{"type":"Feature","properties":{"name":"G-120","locationConfidence":"indicative","placement":"generated at random in a planning polygon"},"geometry":{"type":"Point","coordinates":[73.799845479872,20.001300827584505]}},{"type":"Feature","properties":{"name":"G-121","locationConfidence":"indicative","placement":"generated at random in a planning polygon"},"geometry":{"type":"Point","coordinates":[73.79963894278936,20.00131377445956]}},{"type":"Feature","properties":{"name":"G-122","locationConfidence":"indicative","placement":"generated at random in a planning polygon"},"geometry":{"type":"Point","coordinates":[73.79884601990847,20.001341028026356]}},{"type":"Feature","properties":{"name":"G-123","locationConfidence":"indicative","placement":"generated at random in a planning polygon"},"geometry":{"type":"Point","coordinates":[73.80015611065485,20.001319831463498]}},{"type":"Feature","properties":{"name":"G-124","locationConfidence":"indicative","placement":"generated at random in a planning polygon"},"geometry":{"type":"Point","coordinates":[73.79954282536937,20.001272610053455]}},{"type":"Feature","properties":{"name":"G-125","locationConfidence":"indicative","placement":"generated at random in a planning polygon"},"geometry":{"type":"Point","coordinates":[73.79949619215522,20.00134559176548]}},{"type":"Feature","properties":{"name":"G-126","locationConfidence":"indicative","placement":"generated at random in a planning polygon"},"geometry":{"type":"Point","coordinates":[73.79198551376145,20.007586619909905]}},{"type":"Feature","properties":{"name":"G-127","locationConfidence":"indicative","placement":"generated at random in a planning polygon"},"geometry":{"type":"Point","coordinates":[73.7920177456583,20.007493155881964]}},{"type":"Feature","properties":{"name":"G-128","locationConfidence":"indicative","placement":"generated at random in a planning polygon"},"geometry":{"type":"Point","coordinates":[73.79165117291537,20.00794733982319]}},{"type":"Feature","properties":{"name":"G-129","locationConfidence":"indicative","placement":"generated at random in a planning polygon"},"geometry":{"type":"Point","coordinates":[73.79164581183689,20.007893807156584]}},{"type":"Feature","properties":{"name":"G-130","locationConfidence":"indicative","placement":"generated at random in a planning polygon"},"geometry":{"type":"Point","coordinates":[73.79138591506414,20.008077904966814]}},{"type":"Feature","properties":{"name":"G-131","locationConfidence":"indicative","placement":"generated at random in a planning polygon"},"geometry":{"type":"Point","coordinates":[73.79142910546189,20.00806172484037]}},{"type":"Feature","properties":{"name":"G-132","locationConfidence":"indicative","placement":"generated at random in a planning polygon"},"geometry":{"type":"Point","coordinates":[73.7908092536164,20.00814258765892]}},{"type":"Feature","properties":{"name":"G-133","locationConfidence":"indicative","placement":"generated at random in a planning polygon"},"geometry":{"type":"Point","coordinates":[73.79136142081197,20.008058913417763]}},{"type":"Feature","properties":{"name":"G-134","locationConfidence":"indicative","placement":"generated at random in a planning polygon"},"geometry":{"type":"Point","coordinates":[73.79135751510255,20.00803834884903]}},{"type":"Feature","properties":{"name":"G-135","locationConfidence":"indicative","placement":"generated at random in a planning polygon"},"geometry":{"type":"Point","coordinates":[73.79192158739764,20.00777173162022]}},{"type":"Feature","properties":{"name":"G-136","locationConfidence":"indicative","placement":"generated at random in a planning polygon"},"geometry":{"type":"Point","coordinates":[73.7911225270006,20.008107049351118]}},{"type":"Feature","properties":{"name":"G-137","locationConfidence":"indicative","placement":"generated at random in a planning polygon"},"geometry":{"type":"Point","coordinates":[73.79082068598646,20.00814003832376]}},{"type":"Feature","properties":{"name":"G-138","locationConfidence":"indicative","placement":"generated at random in a planning polygon"},"geometry":{"type":"Point","coordinates":[73.79075344003297,20.008104954420617]}},{"type":"Feature","properties":{"name":"G-139","locationConfidence":"indicative","placement":"generated at random in a planning polygon"},"geometry":{"type":"Point","coordinates":[73.79076311987913,20.008067407548623]}},{"type":"Feature","properties":{"name":"G-140","locationConfidence":"indicative","placement":"generated at random in a planning polygon"},"geometry":{"type":"Point","coordinates":[73.79077317980511,20.008107638883594]}},{"type":"Feature","properties":{"name":"G-141","locationConfidence":"indicative","placement":"generated at random in a planning polygon"},"geometry":{"type":"Point","coordinates":[73.79176244633243,20.007884055966954]}},{"type":"Feature","properties":{"name":"G-142","locationConfidence":"indicative","placement":"generated at random in a planning polygon"},"geometry":{"type":"Point","coordinates":[73.79080011514759,20.008126522666135]}},{"type":"Feature","properties":{"name":"G-143","locationConfidence":"indicative","placement":"generated at random in a planning polygon"},"geometry":{"type":"Point","coordinates":[73.79119439744322,20.008129117244298]}},{"type":"Feature","properties":{"name":"G-144","locationConfidence":"indicative","placement":"generated at random in a planning polygon"},"geometry":{"type":"Point","coordinates":[73.79112895107073,20.008160792154023]}},{"type":"Feature","properties":{"name":"G-145","locationConfidence":"indicative","placement":"generated at random in a planning polygon"},"geometry":{"type":"Point","coordinates":[73.7908385649367,20.008220972804615]}},{"type":"Feature","properties":{"name":"G-146","locationConfidence":"indicative","placement":"generated at random in a planning polygon"},"geometry":{"type":"Point","coordinates":[73.79159999770961,20.007912892520185]}},{"type":"Feature","properties":{"name":"G-147","locationConfidence":"indicative","placement":"generated at random in a planning polygon"},"geometry":{"type":"Point","coordinates":[73.79139244019917,20.008081623790712]}},{"type":"Feature","properties":{"name":"G-148","locationConfidence":"indicative","placement":"generated at random in a planning polygon"},"geometry":{"type":"Point","coordinates":[73.79153222291227,20.00798585650719]}},{"type":"Feature","properties":{"name":"G-149","locationConfidence":"indicative","placement":"generated at random in a planning polygon"},"geometry":{"type":"Point","coordinates":[73.79105745208129,20.008143170510223]}},{"type":"Feature","properties":{"name":"G-150","locationConfidence":"indicative","placement":"generated at random in a planning polygon"},"geometry":{"type":"Point","coordinates":[73.79109233160352,20.00818733736711]}},{"type":"Feature","properties":{"name":"G-151","locationConfidence":"indicative","placement":"generated at random in a planning polygon"},"geometry":{"type":"Point","coordinates":[73.79099611587068,20.007446504184642]}},{"type":"Feature","properties":{"name":"G-152","locationConfidence":"indicative","placement":"generated at random in a planning polygon"},"geometry":{"type":"Point","coordinates":[73.79110644885093,20.007410624151454]}},{"type":"Feature","properties":{"name":"G-153","locationConfidence":"indicative","placement":"generated at random in a planning polygon"},"geometry":{"type":"Point","coordinates":[73.79153448637368,20.0073102714919]}},{"type":"Feature","properties":{"name":"G-154","locationConfidence":"indicative","placement":"generated at random in a planning polygon"},"geometry":{"type":"Point","coordinates":[73.79106461032802,20.007336771214273]}},{"type":"Feature","properties":{"name":"G-155","locationConfidence":"indicative","placement":"generated at random in a planning polygon"},"geometry":{"type":"Point","coordinates":[73.79142032194775,20.007331422696545]}},{"type":"Feature","properties":{"name":"G-156","locationConfidence":"indicative","placement":"generated at random in a planning polygon"},"geometry":{"type":"Point","coordinates":[73.79161785468307,20.007301271292206]}},{"type":"Feature","properties":{"name":"G-157","locationConfidence":"indicative","placement":"generated at random in a planning polygon"},"geometry":{"type":"Point","coordinates":[73.79102070269704,20.00746065242534]}},{"type":"Feature","properties":{"name":"G-158","locationConfidence":"indicative","placement":"generated at random in a planning polygon"},"geometry":{"type":"Point","coordinates":[73.79073965547629,20.007606166418746]}},{"type":"Feature","properties":{"name":"G-159","locationConfidence":"indicative","placement":"generated at random in a planning polygon"},"geometry":{"type":"Point","coordinates":[73.79158893697807,20.007312173850263]}},{"type":"Feature","properties":{"name":"G-160","locationConfidence":"indicative","placement":"generated at random in a planning polygon"},"geometry":{"type":"Point","coordinates":[73.79085794689063,20.007409885994115]}},{"type":"Feature","properties":{"name":"G-161","locationConfidence":"indicative","placement":"generated at random in a planning polygon"},"geometry":{"type":"Point","coordinates":[73.79164436524215,20.007286624333048]}},{"type":"Feature","properties":{"name":"G-162","locationConfidence":"indicative","placement":"generated at random in a planning polygon"},"geometry":{"type":"Point","coordinates":[73.79133189771002,20.007312418567466]}},{"type":"Feature","properties":{"name":"G-163","locationConfidence":"indicative","placement":"generated at random in a planning polygon"},"geometry":{"type":"Point","coordinates":[73.79080112418772,20.0076037540068]}},{"type":"Feature","properties":{"name":"G-164","locationConfidence":"indicative","placement":"generated at random in a planning polygon"},"geometry":{"type":"Point","coordinates":[73.79111701360542,20.0073957861616]}},{"type":"Feature","properties":{"name":"G-165","locationConfidence":"indicative","placement":"generated at random in a planning polygon"},"geometry":{"type":"Point","coordinates":[73.79093546787054,20.007454133101103]}},{"type":"Feature","properties":{"name":"G-166","locationConfidence":"indicative","placement":"generated at random in a planning polygon"},"geometry":{"type":"Point","coordinates":[73.79127698867592,20.00736159329103]}},{"type":"Feature","properties":{"name":"G-167","locationConfidence":"indicative","placement":"generated at random in a planning polygon"},"geometry":{"type":"Point","coordinates":[73.79121006787267,20.007377538012868]}},{"type":"Feature","properties":{"name":"G-168","locationConfidence":"indicative","placement":"generated at random in a planning polygon"},"geometry":{"type":"Point","coordinates":[73.79097152851186,20.007425296430696]}},{"type":"Feature","properties":{"name":"G-169","locationConfidence":"indicative","placement":"generated at random in a planning polygon"},"geometry":{"type":"Point","coordinates":[73.79112263980618,20.00740461629359]}},{"type":"Feature","properties":{"name":"G-170","locationConfidence":"indicative","placement":"generated at random in a planning polygon"},"geometry":{"type":"Point","coordinates":[73.79103258983453,20.00734168316455]}},{"type":"Feature","properties":{"name":"G-171","locationConfidence":"indicative","placement":"generated at random in a planning polygon"},"geometry":{"type":"Point","coordinates":[73.79098999212609,20.007323783364242]}},{"type":"Feature","properties":{"name":"G-172","locationConfidence":"indicative","placement":"generated at random in a planning polygon"},"geometry":{"type":"Point","coordinates":[73.79074267566335,20.007555060931733]}},{"type":"Feature","properties":{"name":"G-173","locationConfidence":"indicative","placement":"generated at random in a planning polygon"},"geometry":{"type":"Point","coordinates":[73.79058767995271,20.00777779579242]}},{"type":"Feature","properties":{"name":"G-174","locationConfidence":"indicative","placement":"generated at random in a planning polygon"},"geometry":{"type":"Point","coordinates":[73.79158436103533,20.00729113900969]}},{"type":"Feature","properties":{"name":"G-175","locationConfidence":"indicative","placement":"generated at random in a planning polygon"},"geometry":{"type":"Point","coordinates":[73.79091045240517,20.00748038439794]}},{"type":"Feature","properties":{"name":"G-176","locationConfidence":"indicative","placement":"generated at random in a planning polygon"},"geometry":{"type":"Point","coordinates":[73.79195911718917,20.008193405671182]}},{"type":"Feature","properties":{"name":"G-177","locationConfidence":"indicative","placement":"generated at random in a planning polygon"},"geometry":{"type":"Point","coordinates":[73.79193644525857,20.00812571764129]}},{"type":"Feature","properties":{"name":"G-178","locationConfidence":"indicative","placement":"generated at random in a planning polygon"},"geometry":{"type":"Point","coordinates":[73.79191440658334,20.00813018817644]}},{"type":"Feature","properties":{"name":"G-179","locationConfidence":"indicative","placement":"generated at random in a planning polygon"},"geometry":{"type":"Point","coordinates":[73.79197328590759,20.008176002209872]}},{"type":"Feature","properties":{"name":"G-180","locationConfidence":"indicative","placement":"generated at random in a planning polygon"},"geometry":{"type":"Point","coordinates":[73.79187489445377,20.008162049165083]}},{"type":"Feature","properties":{"name":"G-181","locationConfidence":"indicative","placement":"generated at random in a planning polygon"},"geometry":{"type":"Point","coordinates":[73.79199161400007,20.00816120591386]}},{"type":"Feature","properties":{"name":"G-182","locationConfidence":"indicative","placement":"generated at random in a planning polygon"},"geometry":{"type":"Point","coordinates":[73.79188175774537,20.00820824056057]}},{"type":"Feature","properties":{"name":"G-183","locationConfidence":"indicative","placement":"generated at random in a planning polygon"},"geometry":{"type":"Point","coordinates":[73.79195826001246,20.00820621836508]}},{"type":"Feature","properties":{"name":"G-184","locationConfidence":"indicative","placement":"generated at random in a planning polygon"},"geometry":{"type":"Point","coordinates":[73.79198810873935,20.008089534837605]}},{"type":"Feature","properties":{"name":"G-185","locationConfidence":"indicative","placement":"generated at random in a planning polygon"},"geometry":{"type":"Point","coordinates":[73.79175870111092,20.008105089287486]}},{"type":"Feature","properties":{"name":"G-186","locationConfidence":"indicative","placement":"generated at random in a planning polygon"},"geometry":{"type":"Point","coordinates":[73.79196730867959,20.008120321308116]}},{"type":"Feature","properties":{"name":"G-187","locationConfidence":"indicative","placement":"generated at random in a planning polygon"},"geometry":{"type":"Point","coordinates":[73.79192307161826,20.008169446734254]}},{"type":"Feature","properties":{"name":"G-188","locationConfidence":"indicative","placement":"generated at random in a planning polygon"},"geometry":{"type":"Point","coordinates":[73.79187597880026,20.008215281184654]}},{"type":"Feature","properties":{"name":"G-189","locationConfidence":"indicative","placement":"generated at random in a planning polygon"},"geometry":{"type":"Point","coordinates":[73.79191895741724,20.008187814550258]}},{"type":"Feature","properties":{"name":"G-190","locationConfidence":"indicative","placement":"generated at random in a planning polygon"},"geometry":{"type":"Point","coordinates":[73.79190413597682,20.008170657980887]}},{"type":"Feature","properties":{"name":"G-191","locationConfidence":"indicative","placement":"generated at random in a planning polygon"},"geometry":{"type":"Point","coordinates":[73.79201201134457,20.008131883606158]}},{"type":"Feature","properties":{"name":"G-192","locationConfidence":"indicative","placement":"generated at random in a planning polygon"},"geometry":{"type":"Point","coordinates":[73.79187607279965,20.00816336740629]}},{"type":"Feature","properties":{"name":"G-193","locationConfidence":"indicative","placement":"generated at random in a planning polygon"},"geometry":{"type":"Point","coordinates":[73.7919860334862,20.008102698075753]}},{"type":"Feature","properties":{"name":"G-194","locationConfidence":"indicative","placement":"generated at random in a planning polygon"},"geometry":{"type":"Point","coordinates":[73.79188748764447,20.008214305376757]}},{"type":"Feature","properties":{"name":"G-195","locationConfidence":"indicative","placement":"generated at random in a planning polygon"},"geometry":{"type":"Point","coordinates":[73.79195748003066,20.00822141460462]}},{"type":"Feature","properties":{"name":"G-196","locationConfidence":"indicative","placement":"generated at random in a planning polygon"},"geometry":{"type":"Point","coordinates":[73.79198370764321,20.008179267660484]}},{"type":"Feature","properties":{"name":"G-197","locationConfidence":"indicative","placement":"generated at random in a planning polygon"},"geometry":{"type":"Point","coordinates":[73.79179715553,20.008122167230706]}},{"type":"Feature","properties":{"name":"G-198","locationConfidence":"indicative","placement":"generated at random in a planning polygon"},"geometry":{"type":"Point","coordinates":[73.79200047233928,20.00821649618855]}},{"type":"Feature","properties":{"name":"G-199","locationConfidence":"indicative","placement":"generated at random in a planning polygon"},"geometry":{"type":"Point","coordinates":[73.79194191141097,20.00813933174665]}},{"type":"Feature","properties":{"name":"G-200","locationConfidence":"indicative","placement":"generated at random in a planning polygon"},"geometry":{"type":"Point","coordinates":[73.79186129725444,20.00818536511705]}},{"type":"Feature","properties":{"name":"G-201","locationConfidence":"indicative","placement":"generated at random in a planning polygon"},"geometry":{"type":"Point","coordinates":[73.79247504547008,20.0080160018447]}},{"type":"Feature","properties":{"name":"G-202","locationConfidence":"indicative","placement":"generated at random in a planning polygon"},"geometry":{"type":"Point","coordinates":[73.79247629177385,20.007892234902126]}},{"type":"Feature","properties":{"name":"G-203","locationConfidence":"indicative","placement":"generated at random in a planning polygon"},"geometry":{"type":"Point","coordinates":[73.79245719014382,20.007980945749427]}},{"type":"Feature","properties":{"name":"G-204","locationConfidence":"indicative","placement":"generated at random in a planning polygon"},"geometry":{"type":"Point","coordinates":[73.79242910635918,20.008011838643764]}},{"type":"Feature","properties":{"name":"G-205","locationConfidence":"indicative","placement":"generated at random in a planning polygon"},"geometry":{"type":"Point","coordinates":[73.79243608035422,20.007975578134747]}},{"type":"Feature","properties":{"name":"G-206","locationConfidence":"indicative","placement":"generated at random in a planning polygon"},"geometry":{"type":"Point","coordinates":[73.79245370182541,20.007965356710443]}},{"type":"Feature","properties":{"name":"G-207","locationConfidence":"indicative","placement":"generated at random in a planning polygon"},"geometry":{"type":"Point","coordinates":[73.79247363125066,20.007933264530717]}},{"type":"Feature","properties":{"name":"G-208","locationConfidence":"indicative","placement":"generated at random in a planning polygon"},"geometry":{"type":"Point","coordinates":[73.79242883956455,20.00795387903237]}},{"type":"Feature","properties":{"name":"G-209","locationConfidence":"indicative","placement":"generated at random in a planning polygon"},"geometry":{"type":"Point","coordinates":[73.79246392333972,20.00801508325217]}},{"type":"Feature","properties":{"name":"G-210","locationConfidence":"indicative","placement":"generated at random in a planning polygon"},"geometry":{"type":"Point","coordinates":[73.79248379583215,20.007960116693717]}},{"type":"Feature","properties":{"name":"G-211","locationConfidence":"indicative","placement":"generated at random in a planning polygon"},"geometry":{"type":"Point","coordinates":[73.79246244119354,20.007916106982396]}},{"type":"Feature","properties":{"name":"G-212","locationConfidence":"indicative","placement":"generated at random in a planning polygon"},"geometry":{"type":"Point","coordinates":[73.79245674380304,20.007871308551735]}},{"type":"Feature","properties":{"name":"G-213","locationConfidence":"indicative","placement":"generated at random in a planning polygon"},"geometry":{"type":"Point","coordinates":[73.79252800663272,20.007892524991927]}},{"type":"Feature","properties":{"name":"G-214","locationConfidence":"indicative","placement":"generated at random in a planning polygon"},"geometry":{"type":"Point","coordinates":[73.79243204610387,20.00801503722579]}},{"type":"Feature","properties":{"name":"G-215","locationConfidence":"indicative","placement":"generated at random in a planning polygon"},"geometry":{"type":"Point","coordinates":[73.79248562496743,20.007891887849908]}},{"type":"Feature","properties":{"name":"G-216","locationConfidence":"indicative","placement":"generated at random in a planning polygon"},"geometry":{"type":"Point","coordinates":[73.79244799870635,20.00799647885322]}},{"type":"Feature","properties":{"name":"G-217","locationConfidence":"indicative","placement":"generated at random in a planning polygon"},"geometry":{"type":"Point","coordinates":[73.79246661675472,20.007870734020017]}},{"type":"Feature","properties":{"name":"G-218","locationConfidence":"indicative","placement":"generated at random in a planning polygon"},"geometry":{"type":"Point","coordinates":[73.79247740183526,20.007882843502752]}},{"type":"Feature","properties":{"name":"G-219","locationConfidence":"indicative","placement":"generated at random in a planning polygon"},"geometry":{"type":"Point","coordinates":[73.79244748859351,20.00800046221797]}},{"type":"Feature","properties":{"name":"G-220","locationConfidence":"indicative","placement":"generated at random in a planning polygon"},"geometry":{"type":"Point","coordinates":[73.79247402125239,20.00800317832608]}},{"type":"Feature","properties":{"name":"G-221","locationConfidence":"indicative","placement":"generated at random in a planning polygon"},"geometry":{"type":"Point","coordinates":[73.7925010160574,20.00792552971861]}},{"type":"Feature","properties":{"name":"G-222","locationConfidence":"indicative","placement":"generated at random in a planning polygon"},"geometry":{"type":"Point","coordinates":[73.79247163969538,20.007989024059924]}},{"type":"Feature","properties":{"name":"G-223","locationConfidence":"indicative","placement":"generated at random in a planning polygon"},"geometry":{"type":"Point","coordinates":[73.79247642922616,20.007946825617815]}},{"type":"Feature","properties":{"name":"G-224","locationConfidence":"indicative","placement":"generated at random in a planning polygon"},"geometry":{"type":"Point","coordinates":[73.79243089298348,20.008012090317532]}},{"type":"Feature","properties":{"name":"G-225","locationConfidence":"indicative","placement":"generated at random in a planning polygon"},"geometry":{"type":"Point","coordinates":[73.79249648502542,20.00793541850047]}},{"type":"Feature","properties":{"name":"G-226","locationConfidence":"indicative","placement":"generated at random in a planning polygon"},"geometry":{"type":"Point","coordinates":[73.7923083655465,20.00815232273891]}},{"type":"Feature","properties":{"name":"G-227","locationConfidence":"indicative","placement":"generated at random in a planning polygon"},"geometry":{"type":"Point","coordinates":[73.792190509425,20.008242937299347]}},{"type":"Feature","properties":{"name":"G-228","locationConfidence":"indicative","placement":"generated at random in a planning polygon"},"geometry":{"type":"Point","coordinates":[73.79253201701691,20.008301592775364]}},{"type":"Feature","properties":{"name":"G-229","locationConfidence":"indicative","placement":"generated at random in a planning polygon"},"geometry":{"type":"Point","coordinates":[73.792536135889,20.0082951269424]}},{"type":"Feature","properties":{"name":"G-230","locationConfidence":"indicative","placement":"generated at random in a planning polygon"},"geometry":{"type":"Point","coordinates":[73.79248719142016,20.008112305638708]}},{"type":"Feature","properties":{"name":"G-231","locationConfidence":"indicative","placement":"generated at random in a planning polygon"},"geometry":{"type":"Point","coordinates":[73.79246971182883,20.008242575943186]}},{"type":"Feature","properties":{"name":"G-232","locationConfidence":"indicative","placement":"generated at random in a planning polygon"},"geometry":{"type":"Point","coordinates":[73.79224539180836,20.008203709509985]}},{"type":"Feature","properties":{"name":"G-233","locationConfidence":"indicative","placement":"generated at random in a planning polygon"},"geometry":{"type":"Point","coordinates":[73.79243265553441,20.008297040713696]}},{"type":"Feature","properties":{"name":"G-234","locationConfidence":"indicative","placement":"generated at random in a planning polygon"},"geometry":{"type":"Point","coordinates":[73.79215988609148,20.008180514660374]}},{"type":"Feature","properties":{"name":"G-235","locationConfidence":"indicative","placement":"generated at random in a planning polygon"},"geometry":{"type":"Point","coordinates":[73.79262740302019,20.008263314880047]}},{"type":"Feature","properties":{"name":"G-236","locationConfidence":"indicative","placement":"generated at random in a planning polygon"},"geometry":{"type":"Point","coordinates":[73.7927238515135,20.008232020464703]}},{"type":"Feature","properties":{"name":"G-237","locationConfidence":"indicative","placement":"generated at random in a planning polygon"},"geometry":{"type":"Point","coordinates":[73.79229301636525,20.00827361739472]}},{"type":"Feature","properties":{"name":"G-238","locationConfidence":"indicative","placement":"generated at random in a planning polygon"},"geometry":{"type":"Point","coordinates":[73.79231311331306,20.008156134488374]}},{"type":"Feature","properties":{"name":"G-239","locationConfidence":"indicative","placement":"generated at random in a planning polygon"},"geometry":{"type":"Point","coordinates":[73.79226094892701,20.008273267113754]}},{"type":"Feature","properties":{"name":"G-240","locationConfidence":"indicative","placement":"generated at random in a planning polygon"},"geometry":{"type":"Point","coordinates":[73.79237092123262,20.00814770859914]}},{"type":"Feature","properties":{"name":"G-241","locationConfidence":"indicative","placement":"generated at random in a planning polygon"},"geometry":{"type":"Point","coordinates":[73.79217148311979,20.00805268649683]}},{"type":"Feature","properties":{"name":"G-242","locationConfidence":"indicative","placement":"generated at random in a planning polygon"},"geometry":{"type":"Point","coordinates":[73.7923000239911,20.008208215284252]}},{"type":"Feature","properties":{"name":"G-243","locationConfidence":"indicative","placement":"generated at random in a planning polygon"},"geometry":{"type":"Point","coordinates":[73.79224507768554,20.00819886900522]}},{"type":"Feature","properties":{"name":"G-244","locationConfidence":"indicative","placement":"generated at random in a planning polygon"},"geometry":{"type":"Point","coordinates":[73.79235514365834,20.008163889099052]}},{"type":"Feature","properties":{"name":"G-245","locationConfidence":"indicative","placement":"generated at random in a planning polygon"},"geometry":{"type":"Point","coordinates":[73.79271679604255,20.00824895540855]}},{"type":"Feature","properties":{"name":"G-246","locationConfidence":"indicative","placement":"generated at random in a planning polygon"},"geometry":{"type":"Point","coordinates":[73.79245979815785,20.00818395517019]}},{"type":"Feature","properties":{"name":"G-247","locationConfidence":"indicative","placement":"generated at random in a planning polygon"},"geometry":{"type":"Point","coordinates":[73.79217513259215,20.00817692514966]}},{"type":"Feature","properties":{"name":"G-248","locationConfidence":"indicative","placement":"generated at random in a planning polygon"},"geometry":{"type":"Point","coordinates":[73.79229790627191,20.008280890038492]}},{"type":"Feature","properties":{"name":"G-249","locationConfidence":"indicative","placement":"generated at random in a planning polygon"},"geometry":{"type":"Point","coordinates":[73.79240829585478,20.00835825773925]}},{"type":"Feature","properties":{"name":"G-250","locationConfidence":"indicative","placement":"generated at random in a planning polygon"},"geometry":{"type":"Point","coordinates":[73.7923926550089,20.00820952502054]}},{"type":"Feature","properties":{"name":"G-251","locationConfidence":"indicative","placement":"generated at random in a planning polygon"},"geometry":{"type":"Point","coordinates":[73.79221477642537,20.007637129627863]}},{"type":"Feature","properties":{"name":"G-252","locationConfidence":"indicative","placement":"generated at random in a planning polygon"},"geometry":{"type":"Point","coordinates":[73.79220084768605,20.00772391085873]}},{"type":"Feature","properties":{"name":"G-253","locationConfidence":"indicative","placement":"generated at random in a planning polygon"},"geometry":{"type":"Point","coordinates":[73.79219608780343,20.007751760032342]}},{"type":"Feature","properties":{"name":"G-254","locationConfidence":"indicative","placement":"generated at random in a planning polygon"},"geometry":{"type":"Point","coordinates":[73.79219504507118,20.007628034249926]}},{"type":"Feature","properties":{"name":"G-255","locationConfidence":"indicative","placement":"generated at random in a planning polygon"},"geometry":{"type":"Point","coordinates":[73.79214135502058,20.007677259197585]}},{"type":"Feature","properties":{"name":"G-256","locationConfidence":"indicative","placement":"generated at random in a planning polygon"},"geometry":{"type":"Point","coordinates":[73.79215567777987,20.007691142485598]}},{"type":"Feature","properties":{"name":"G-257","locationConfidence":"indicative","placement":"generated at random in a planning polygon"},"geometry":{"type":"Point","coordinates":[73.7921705560333,20.007641389777373]}},{"type":"Feature","properties":{"name":"G-258","locationConfidence":"indicative","placement":"generated at random in a planning polygon"},"geometry":{"type":"Point","coordinates":[73.79215451449463,20.007720369949528]}},{"type":"Feature","properties":{"name":"G-259","locationConfidence":"indicative","placement":"generated at random in a planning polygon"},"geometry":{"type":"Point","coordinates":[73.79219100951025,20.007679261566388]}},{"type":"Feature","properties":{"name":"G-260","locationConfidence":"indicative","placement":"generated at random in a planning polygon"},"geometry":{"type":"Point","coordinates":[73.79214217110577,20.007728672800795]}},{"type":"Feature","properties":{"name":"G-261","locationConfidence":"indicative","placement":"generated at random in a planning polygon"},"geometry":{"type":"Point","coordinates":[73.79215846391203,20.007612137263404]}},{"type":"Feature","properties":{"name":"G-262","locationConfidence":"indicative","placement":"generated at random in a planning polygon"},"geometry":{"type":"Point","coordinates":[73.79213582124864,20.007654129155476]}},{"type":"Feature","properties":{"name":"G-263","locationConfidence":"indicative","placement":"generated at random in a planning polygon"},"geometry":{"type":"Point","coordinates":[73.79218530067867,20.007657672358135]}},{"type":"Feature","properties":{"name":"G-264","locationConfidence":"indicative","placement":"generated at random in a planning polygon"},"geometry":{"type":"Point","coordinates":[73.79213693816438,20.007648824469594]}},{"type":"Feature","properties":{"name":"G-265","locationConfidence":"indicative","placement":"generated at random in a planning polygon"},"geometry":{"type":"Point","coordinates":[73.79216863086769,20.007700636654484]}},{"type":"Feature","properties":{"name":"G-266","locationConfidence":"indicative","placement":"generated at random in a planning polygon"},"geometry":{"type":"Point","coordinates":[73.79217734723669,20.00774813653589]}},{"type":"Feature","properties":{"name":"G-267","locationConfidence":"indicative","placement":"generated at random in a planning polygon"},"geometry":{"type":"Point","coordinates":[73.79214644689584,20.007769778557165]}},{"type":"Feature","properties":{"name":"G-268","locationConfidence":"indicative","placement":"generated at random in a planning polygon"},"geometry":{"type":"Point","coordinates":[73.79220645933546,20.007635603051437]}},{"type":"Feature","properties":{"name":"G-269","locationConfidence":"indicative","placement":"generated at random in a planning polygon"},"geometry":{"type":"Point","coordinates":[73.79217714966472,20.007621057739975]}},{"type":"Feature","properties":{"name":"G-270","locationConfidence":"indicative","placement":"generated at random in a planning polygon"},"geometry":{"type":"Point","coordinates":[73.79219977529947,20.007739224182657]}},{"type":"Feature","properties":{"name":"G-271","locationConfidence":"indicative","placement":"generated at random in a planning polygon"},"geometry":{"type":"Point","coordinates":[73.792174886531,20.007762874019942]}},{"type":"Feature","properties":{"name":"G-272","locationConfidence":"indicative","placement":"generated at random in a planning polygon"},"geometry":{"type":"Point","coordinates":[73.79216680734288,20.007756477825748]}},{"type":"Feature","properties":{"name":"G-273","locationConfidence":"indicative","placement":"generated at random in a planning polygon"},"geometry":{"type":"Point","coordinates":[73.79219045450999,20.007746395630186]}},{"type":"Feature","properties":{"name":"G-274","locationConfidence":"indicative","placement":"generated at random in a planning polygon"},"geometry":{"type":"Point","coordinates":[73.79220508647636,20.007758509695304]}},{"type":"Feature","properties":{"name":"G-275","locationConfidence":"indicative","placement":"generated at random in a planning polygon"},"geometry":{"type":"Point","coordinates":[73.79220864907066,20.007672909937327]}},{"type":"Feature","properties":{"name":"G-276","locationConfidence":"indicative","placement":"generated at random in a planning polygon"},"geometry":{"type":"Point","coordinates":[73.79250957068682,20.007758227465168]}},{"type":"Feature","properties":{"name":"G-277","locationConfidence":"indicative","placement":"generated at random in a planning polygon"},"geometry":{"type":"Point","coordinates":[73.79251842339569,20.007774009991213]}},{"type":"Feature","properties":{"name":"G-278","locationConfidence":"indicative","placement":"generated at random in a planning polygon"},"geometry":{"type":"Point","coordinates":[73.7925145299158,20.007723522581557]}},{"type":"Feature","properties":{"name":"G-279","locationConfidence":"indicative","placement":"generated at random in a planning polygon"},"geometry":{"type":"Point","coordinates":[73.79257269196954,20.007686123726103]}},{"type":"Feature","properties":{"name":"G-280","locationConfidence":"indicative","placement":"generated at random in a planning polygon"},"geometry":{"type":"Point","coordinates":[73.79251447063717,20.00773270506078]}},{"type":"Feature","properties":{"name":"G-281","locationConfidence":"indicative","placement":"generated at random in a planning polygon"},"geometry":{"type":"Point","coordinates":[73.79257536531293,20.007762029200787]}},{"type":"Feature","properties":{"name":"G-282","locationConfidence":"indicative","placement":"generated at random in a planning polygon"},"geometry":{"type":"Point","coordinates":[73.79250419066888,20.007753513660155]}},{"type":"Feature","properties":{"name":"G-283","locationConfidence":"indicative","placement":"generated at random in a planning polygon"},"geometry":{"type":"Point","coordinates":[73.79255403152781,20.007702924783057]}},{"type":"Feature","properties":{"name":"G-284","locationConfidence":"indicative","placement":"generated at random in a planning polygon"},"geometry":{"type":"Point","coordinates":[73.79252317923634,20.00779013064445]}},{"type":"Feature","properties":{"name":"G-285","locationConfidence":"indicative","placement":"generated at random in a planning polygon"},"geometry":{"type":"Point","coordinates":[73.79255221615723,20.007691519752573]}},{"type":"Feature","properties":{"name":"G-286","locationConfidence":"indicative","placement":"generated at random in a planning polygon"},"geometry":{"type":"Point","coordinates":[73.79258936331598,20.0076998817407]}},{"type":"Feature","properties":{"name":"G-287","locationConfidence":"indicative","placement":"generated at random in a planning polygon"},"geometry":{"type":"Point","coordinates":[73.79256522040014,20.00777384417556]}},{"type":"Feature","properties":{"name":"G-288","locationConfidence":"indicative","placement":"generated at random in a planning polygon"},"geometry":{"type":"Point","coordinates":[73.79257570956861,20.007676568493608]}},{"type":"Feature","properties":{"name":"G-289","locationConfidence":"indicative","placement":"generated at random in a planning polygon"},"geometry":{"type":"Point","coordinates":[73.79251954517392,20.00768601023393]}},{"type":"Feature","properties":{"name":"G-290","locationConfidence":"indicative","placement":"generated at random in a planning polygon"},"geometry":{"type":"Point","coordinates":[73.79253885635679,20.007800808252714]}},{"type":"Feature","properties":{"name":"G-291","locationConfidence":"indicative","placement":"generated at random in a planning polygon"},"geometry":{"type":"Point","coordinates":[73.7925350475782,20.00765563306583]}},{"type":"Feature","properties":{"name":"G-292","locationConfidence":"indicative","placement":"generated at random in a planning polygon"},"geometry":{"type":"Point","coordinates":[73.79257619413883,20.007733068680558]}},{"type":"Feature","properties":{"name":"G-293","locationConfidence":"indicative","placement":"generated at random in a planning polygon"},"geometry":{"type":"Point","coordinates":[73.79250029221093,20.007732309041714]}},{"type":"Feature","properties":{"name":"G-294","locationConfidence":"indicative","placement":"generated at random in a planning polygon"},"geometry":{"type":"Point","coordinates":[73.79258632640396,20.007687681556614]}},{"type":"Feature","properties":{"name":"G-295","locationConfidence":"indicative","placement":"generated at random in a planning polygon"},"geometry":{"type":"Point","coordinates":[73.79256020684979,20.00765823733553]}},{"type":"Feature","properties":{"name":"G-296","locationConfidence":"indicative","placement":"generated at random in a planning polygon"},"geometry":{"type":"Point","coordinates":[73.79256442964773,20.007791147617603]}},{"type":"Feature","properties":{"name":"G-297","locationConfidence":"indicative","placement":"generated at random in a planning polygon"},"geometry":{"type":"Point","coordinates":[73.79258431596143,20.00771799418773]}},{"type":"Feature","properties":{"name":"G-298","locationConfidence":"indicative","placement":"generated at random in a planning polygon"},"geometry":{"type":"Point","coordinates":[73.792574932059,20.007752790610773]}},{"type":"Feature","properties":{"name":"G-299","locationConfidence":"indicative","placement":"generated at random in a planning polygon"},"geometry":{"type":"Point","coordinates":[73.79257157885695,20.00765499262716]}},{"type":"Feature","properties":{"name":"G-300","locationConfidence":"indicative","placement":"generated at random in a planning polygon"},"geometry":{"type":"Point","coordinates":[73.79253090051124,20.007665120890376]}},{"type":"Feature","properties":{"name":"G-301","locationConfidence":"indicative","placement":"generated at random in a planning polygon"},"geometry":{"type":"Point","coordinates":[73.79216959769678,20.007281501913084]}},{"type":"Feature","properties":{"name":"G-302","locationConfidence":"indicative","placement":"generated at random in a planning polygon"},"geometry":{"type":"Point","coordinates":[73.79215052843864,20.00735806495781]}},{"type":"Feature","properties":{"name":"G-303","locationConfidence":"indicative","placement":"generated at random in a planning polygon"},"geometry":{"type":"Point","coordinates":[73.79223634568132,20.007313531060216]}},{"type":"Feature","properties":{"name":"G-304","locationConfidence":"indicative","placement":"generated at random in a planning polygon"},"geometry":{"type":"Point","coordinates":[73.79220717529938,20.00739550177495]}},{"type":"Feature","properties":{"name":"G-305","locationConfidence":"indicative","placement":"generated at random in a planning polygon"},"geometry":{"type":"Point","coordinates":[73.79223480230598,20.00748889506244]}},{"type":"Feature","properties":{"name":"G-306","locationConfidence":"indicative","placement":"generated at random in a planning polygon"},"geometry":{"type":"Point","coordinates":[73.79217736923825,20.007305110020503]}},{"type":"Feature","properties":{"name":"G-307","locationConfidence":"indicative","placement":"generated at random in a planning polygon"},"geometry":{"type":"Point","coordinates":[73.79220818505202,20.00756097333306]}},{"type":"Feature","properties":{"name":"G-308","locationConfidence":"indicative","placement":"generated at random in a planning polygon"},"geometry":{"type":"Point","coordinates":[73.79223536835246,20.00747367655004]}},{"type":"Feature","properties":{"name":"G-309","locationConfidence":"indicative","placement":"generated at random in a planning polygon"},"geometry":{"type":"Point","coordinates":[73.79218367862796,20.007531203657148]}},{"type":"Feature","properties":{"name":"G-310","locationConfidence":"indicative","placement":"generated at random in a planning polygon"},"geometry":{"type":"Point","coordinates":[73.79218969001404,20.007555185832487]}},{"type":"Feature","properties":{"name":"G-311","locationConfidence":"indicative","placement":"generated at random in a planning polygon"},"geometry":{"type":"Point","coordinates":[73.7921552361649,20.00752209023494]}},{"type":"Feature","properties":{"name":"G-312","locationConfidence":"indicative","placement":"generated at random in a planning polygon"},"geometry":{"type":"Point","coordinates":[73.79215986480985,20.00745300688619]}},{"type":"Feature","properties":{"name":"G-313","locationConfidence":"indicative","placement":"generated at random in a planning polygon"},"geometry":{"type":"Point","coordinates":[73.79219812328719,20.007416792752558]}},{"type":"Feature","properties":{"name":"G-314","locationConfidence":"indicative","placement":"generated at random in a planning polygon"},"geometry":{"type":"Point","coordinates":[73.7922162676182,20.007557902359142]}},{"type":"Feature","properties":{"name":"G-315","locationConfidence":"indicative","placement":"generated at random in a planning polygon"},"geometry":{"type":"Point","coordinates":[73.7922138914649,20.007415240792536]}},{"type":"Feature","properties":{"name":"G-316","locationConfidence":"indicative","placement":"generated at random in a planning polygon"},"geometry":{"type":"Point","coordinates":[73.79214176429956,20.007524775744233]}},{"type":"Feature","properties":{"name":"G-317","locationConfidence":"indicative","placement":"generated at random in a planning polygon"},"geometry":{"type":"Point","coordinates":[73.79218343352383,20.007478807144086]}},{"type":"Feature","properties":{"name":"G-318","locationConfidence":"indicative","placement":"generated at random in a planning polygon"},"geometry":{"type":"Point","coordinates":[73.79218979733808,20.0074130754137]}},{"type":"Feature","properties":{"name":"G-319","locationConfidence":"indicative","placement":"generated at random in a planning polygon"},"geometry":{"type":"Point","coordinates":[73.7922000102936,20.007374144645873]}},{"type":"Feature","properties":{"name":"G-320","locationConfidence":"indicative","placement":"generated at random in a planning polygon"},"geometry":{"type":"Point","coordinates":[73.7922303055276,20.007559652901946]}},{"type":"Feature","properties":{"name":"G-321","locationConfidence":"indicative","placement":"generated at random in a planning polygon"},"geometry":{"type":"Point","coordinates":[73.79214302817694,20.007561682438297]}},{"type":"Feature","properties":{"name":"G-322","locationConfidence":"indicative","placement":"generated at random in a planning polygon"},"geometry":{"type":"Point","coordinates":[73.79215469322094,20.007298063591158]}},{"type":"Feature","properties":{"name":"G-323","locationConfidence":"indicative","placement":"generated at random in a planning polygon"},"geometry":{"type":"Point","coordinates":[73.7922262487067,20.007486812170576]}},{"type":"Feature","properties":{"name":"G-324","locationConfidence":"indicative","placement":"generated at random in a planning polygon"},"geometry":{"type":"Point","coordinates":[73.79217788464761,20.007438729032085]}},{"type":"Feature","properties":{"name":"G-325","locationConfidence":"indicative","placement":"generated at random in a planning polygon"},"geometry":{"type":"Point","coordinates":[73.79213722080459,20.00753172536401]}},{"type":"Feature","properties":{"name":"G-326","locationConfidence":"indicative","placement":"generated at random in a planning polygon"},"geometry":{"type":"Point","coordinates":[73.79258268755399,20.007342703957512]}},{"type":"Feature","properties":{"name":"G-327","locationConfidence":"indicative","placement":"generated at random in a planning polygon"},"geometry":{"type":"Point","coordinates":[73.79258128708697,20.007353736178352]}},{"type":"Feature","properties":{"name":"G-328","locationConfidence":"indicative","placement":"generated at random in a planning polygon"},"geometry":{"type":"Point","coordinates":[73.79259527316528,20.007537049592965]}},{"type":"Feature","properties":{"name":"G-329","locationConfidence":"indicative","placement":"generated at random in a planning polygon"},"geometry":{"type":"Point","coordinates":[73.79254625472117,20.007498118374002]}},{"type":"Feature","properties":{"name":"G-330","locationConfidence":"indicative","placement":"generated at random in a planning polygon"},"geometry":{"type":"Point","coordinates":[73.7925889796819,20.007387442222218]}},{"type":"Feature","properties":{"name":"G-331","locationConfidence":"indicative","placement":"generated at random in a planning polygon"},"geometry":{"type":"Point","coordinates":[73.79254044704564,20.00742112297822]}},{"type":"Feature","properties":{"name":"G-332","locationConfidence":"indicative","placement":"generated at random in a planning polygon"},"geometry":{"type":"Point","coordinates":[73.79255607884426,20.00756288319849]}},{"type":"Feature","properties":{"name":"G-333","locationConfidence":"indicative","placement":"generated at random in a planning polygon"},"geometry":{"type":"Point","coordinates":[73.79256828775482,20.00736934535228]}},{"type":"Feature","properties":{"name":"G-334","locationConfidence":"indicative","placement":"generated at random in a planning polygon"},"geometry":{"type":"Point","coordinates":[73.79262063939869,20.007284806956655]}},{"type":"Feature","properties":{"name":"G-335","locationConfidence":"indicative","placement":"generated at random in a planning polygon"},"geometry":{"type":"Point","coordinates":[73.79256824735323,20.007332770322385]}},{"type":"Feature","properties":{"name":"G-336","locationConfidence":"indicative","placement":"generated at random in a planning polygon"},"geometry":{"type":"Point","coordinates":[73.7926095311184,20.007315787744858]}},{"type":"Feature","properties":{"name":"G-337","locationConfidence":"indicative","placement":"generated at random in a planning polygon"},"geometry":{"type":"Point","coordinates":[73.79261706448573,20.007347666027307]}},{"type":"Feature","properties":{"name":"G-338","locationConfidence":"indicative","placement":"generated at random in a planning polygon"},"geometry":{"type":"Point","coordinates":[73.79257224414434,20.007591239987878]}},{"type":"Feature","properties":{"name":"G-339","locationConfidence":"indicative","placement":"generated at random in a planning polygon"},"geometry":{"type":"Point","coordinates":[73.79258106788708,20.007453495022574]}},{"type":"Feature","properties":{"name":"G-340","locationConfidence":"indicative","placement":"generated at random in a planning polygon"},"geometry":{"type":"Point","coordinates":[73.79253957645777,20.00750458427804]}},{"type":"Feature","properties":{"name":"G-341","locationConfidence":"indicative","placement":"generated at random in a planning polygon"},"geometry":{"type":"Point","coordinates":[73.79254849266944,20.007489354085923]}},{"type":"Feature","properties":{"name":"G-342","locationConfidence":"indicative","placement":"generated at random in a planning polygon"},"geometry":{"type":"Point","coordinates":[73.79260469943452,20.00733983994825]}},{"type":"Feature","properties":{"name":"G-343","locationConfidence":"indicative","placement":"generated at random in a planning polygon"},"geometry":{"type":"Point","coordinates":[73.79255639718677,20.00748841831516]}},{"type":"Feature","properties":{"name":"G-344","locationConfidence":"indicative","placement":"generated at random in a planning polygon"},"geometry":{"type":"Point","coordinates":[73.7925634360776,20.00732546704164]}},{"type":"Feature","properties":{"name":"G-345","locationConfidence":"indicative","placement":"generated at random in a planning polygon"},"geometry":{"type":"Point","coordinates":[73.79260749570106,20.00756993714136]}},{"type":"Feature","properties":{"name":"G-346","locationConfidence":"indicative","placement":"generated at random in a planning polygon"},"geometry":{"type":"Point","coordinates":[73.79258351149262,20.007481723293957]}},{"type":"Feature","properties":{"name":"G-347","locationConfidence":"indicative","placement":"generated at random in a planning polygon"},"geometry":{"type":"Point","coordinates":[73.79257726285083,20.007398439576694]}},{"type":"Feature","properties":{"name":"G-348","locationConfidence":"indicative","placement":"generated at random in a planning polygon"},"geometry":{"type":"Point","coordinates":[73.79253026304659,20.00759129594765]}},{"type":"Feature","properties":{"name":"G-349","locationConfidence":"indicative","placement":"generated at random in a planning polygon"},"geometry":{"type":"Point","coordinates":[73.79253766604437,20.007577893439983]}},{"type":"Feature","properties":{"name":"G-350","locationConfidence":"indicative","placement":"generated at random in a planning polygon"},"geometry":{"type":"Point","coordinates":[73.79256088150694,20.007570355596773]}},{"type":"Feature","properties":{"name":"G-351","locationConfidence":"indicative","placement":"generated at random in a planning polygon"},"geometry":{"type":"Point","coordinates":[73.79299572258027,20.00490801565795]}},{"type":"Feature","properties":{"name":"G-352","locationConfidence":"indicative","placement":"generated at random in a planning polygon"},"geometry":{"type":"Point","coordinates":[73.79298895614453,20.004864700663557]}},{"type":"Feature","properties":{"name":"G-353","locationConfidence":"indicative","placement":"generated at random in a planning polygon"},"geometry":{"type":"Point","coordinates":[73.79284922471777,20.004918936858605]}},{"type":"Feature","properties":{"name":"G-354","locationConfidence":"indicative","placement":"generated at random in a planning polygon"},"geometry":{"type":"Point","coordinates":[73.79303929925345,20.004561420859517]}},{"type":"Feature","properties":{"name":"G-355","locationConfidence":"indicative","placement":"generated at random in a planning polygon"},"geometry":{"type":"Point","coordinates":[73.79284946944183,20.004666053169696]}},{"type":"Feature","properties":{"name":"G-356","locationConfidence":"indicative","placement":"generated at random in a planning polygon"},"geometry":{"type":"Point","coordinates":[73.79294969560067,20.00437228537732]}},{"type":"Feature","properties":{"name":"G-357","locationConfidence":"indicative","placement":"generated at random in a planning polygon"},"geometry":{"type":"Point","coordinates":[73.79288864533454,20.005030592782735]}},{"type":"Feature","properties":{"name":"G-358","locationConfidence":"indicative","placement":"generated at random in a planning polygon"},"geometry":{"type":"Point","coordinates":[73.79274722618247,20.005221936037326]}},{"type":"Feature","properties":{"name":"G-359","locationConfidence":"indicative","placement":"generated at random in a planning polygon"},"geometry":{"type":"Point","coordinates":[73.79280589924893,20.004798386995866]}},{"type":"Feature","properties":{"name":"G-360","locationConfidence":"indicative","placement":"generated at random in a planning polygon"},"geometry":{"type":"Point","coordinates":[73.79279025445494,20.00517960949636]}},{"type":"Feature","properties":{"name":"G-361","locationConfidence":"indicative","placement":"generated at random in a planning polygon"},"geometry":{"type":"Point","coordinates":[73.79266640868616,20.005112089587097]}},{"type":"Feature","properties":{"name":"G-362","locationConfidence":"indicative","placement":"generated at random in a planning polygon"},"geometry":{"type":"Point","coordinates":[73.79298152854886,20.004686704620475]}},{"type":"Feature","properties":{"name":"G-363","locationConfidence":"indicative","placement":"generated at random in a planning polygon"},"geometry":{"type":"Point","coordinates":[73.79282087800112,20.00507063416161]}},{"type":"Feature","properties":{"name":"G-364","locationConfidence":"indicative","placement":"generated at random in a planning polygon"},"geometry":{"type":"Point","coordinates":[73.79303073763172,20.004408200488886]}},{"type":"Feature","properties":{"name":"G-365","locationConfidence":"indicative","placement":"generated at random in a planning polygon"},"geometry":{"type":"Point","coordinates":[73.79288622251536,20.004702934987424]}},{"type":"Feature","properties":{"name":"G-366","locationConfidence":"indicative","placement":"generated at random in a planning polygon"},"geometry":{"type":"Point","coordinates":[73.79283690351856,20.00519166348488]}},{"type":"Feature","properties":{"name":"G-367","locationConfidence":"indicative","placement":"generated at random in a planning polygon"},"geometry":{"type":"Point","coordinates":[73.79299873801759,20.004781801606836]}},{"type":"Feature","properties":{"name":"G-368","locationConfidence":"indicative","placement":"generated at random in a planning polygon"},"geometry":{"type":"Point","coordinates":[73.79282486894529,20.004921131302755]}},{"type":"Feature","properties":{"name":"G-369","locationConfidence":"indicative","placement":"generated at random in a planning polygon"},"geometry":{"type":"Point","coordinates":[73.79299777282995,20.00460317747238]}},{"type":"Feature","properties":{"name":"G-370","locationConfidence":"indicative","placement":"generated at random in a planning polygon"},"geometry":{"type":"Point","coordinates":[73.79286652686704,20.004568626511325]}},{"type":"Feature","properties":{"name":"G-371","locationConfidence":"indicative","placement":"generated at random in a planning polygon"},"geometry":{"type":"Point","coordinates":[73.79278383830628,20.005165353225]}},{"type":"Feature","properties":{"name":"G-372","locationConfidence":"indicative","placement":"generated at random in a planning polygon"},"geometry":{"type":"Point","coordinates":[73.79304328876216,20.004514869539516]}},{"type":"Feature","properties":{"name":"G-373","locationConfidence":"indicative","placement":"generated at random in a planning polygon"},"geometry":{"type":"Point","coordinates":[73.79274726715742,20.005065958236653]}},{"type":"Feature","properties":{"name":"G-374","locationConfidence":"indicative","placement":"generated at random in a planning polygon"},"geometry":{"type":"Point","coordinates":[73.79281410015946,20.00512765229637]}},{"type":"Feature","properties":{"name":"G-375","locationConfidence":"indicative","placement":"generated at random in a planning polygon"},"geometry":{"type":"Point","coordinates":[73.79287153554543,20.004855690014587]}},{"type":"Feature","properties":{"name":"G-376","locationConfidence":"indicative","placement":"generated at random in a planning polygon"},"geometry":{"type":"Point","coordinates":[73.79353425606159,20.004735150445587]}},{"type":"Feature","properties":{"name":"G-377","locationConfidence":"indicative","placement":"generated at random in a planning polygon"},"geometry":{"type":"Point","coordinates":[73.79356898926798,20.005396707300115]}},{"type":"Feature","properties":{"name":"G-378","locationConfidence":"indicative","placement":"generated at random in a planning polygon"},"geometry":{"type":"Point","coordinates":[73.7935683866424,20.00463548311589]}},{"type":"Feature","properties":{"name":"G-379","locationConfidence":"indicative","placement":"generated at random in a planning polygon"},"geometry":{"type":"Point","coordinates":[73.79346834097241,20.00521732091513]}},{"type":"Feature","properties":{"name":"G-380","locationConfidence":"indicative","placement":"generated at random in a planning polygon"},"geometry":{"type":"Point","coordinates":[73.79366153136408,20.00526524559068]}},{"type":"Feature","properties":{"name":"G-381","locationConfidence":"indicative","placement":"generated at random in a planning polygon"},"geometry":{"type":"Point","coordinates":[73.7935405082677,20.004622954796314]}},{"type":"Feature","properties":{"name":"G-382","locationConfidence":"indicative","placement":"generated at random in a planning polygon"},"geometry":{"type":"Point","coordinates":[73.79358347902638,20.00503280887318]}},{"type":"Feature","properties":{"name":"G-383","locationConfidence":"indicative","placement":"generated at random in a planning polygon"},"geometry":{"type":"Point","coordinates":[73.79370972762686,20.0049926931793]}},{"type":"Feature","properties":{"name":"G-384","locationConfidence":"indicative","placement":"generated at random in a planning polygon"},"geometry":{"type":"Point","coordinates":[73.79366988944247,20.004747423882105]}},{"type":"Feature","properties":{"name":"G-385","locationConfidence":"indicative","placement":"generated at random in a planning polygon"},"geometry":{"type":"Point","coordinates":[73.79368410435252,20.00484700022249]}},{"type":"Feature","properties":{"name":"G-386","locationConfidence":"indicative","placement":"generated at random in a planning polygon"},"geometry":{"type":"Point","coordinates":[73.79352282151997,20.005304059130303]}},{"type":"Feature","properties":{"name":"G-387","locationConfidence":"indicative","placement":"generated at random in a planning polygon"},"geometry":{"type":"Point","coordinates":[73.79379408137815,20.004818140968112]}},{"type":"Feature","properties":{"name":"G-388","locationConfidence":"indicative","placement":"generated at random in a planning polygon"},"geometry":{"type":"Point","coordinates":[73.79344586656653,20.00516781912216]}},{"type":"Feature","properties":{"name":"G-389","locationConfidence":"indicative","placement":"generated at random in a planning polygon"},"geometry":{"type":"Point","coordinates":[73.79358445150436,20.005242796797543]}},{"type":"Feature","properties":{"name":"G-390","locationConfidence":"indicative","placement":"generated at random in a planning polygon"},"geometry":{"type":"Point","coordinates":[73.7935921118869,20.00460601756662]}},{"type":"Feature","properties":{"name":"G-391","locationConfidence":"indicative","placement":"generated at random in a planning polygon"},"geometry":{"type":"Point","coordinates":[73.7938429122667,20.004676109231358]}},{"type":"Feature","properties":{"name":"G-392","locationConfidence":"indicative","placement":"generated at random in a planning polygon"},"geometry":{"type":"Point","coordinates":[73.7933623984477,20.005045510819976]}},{"type":"Feature","properties":{"name":"G-393","locationConfidence":"indicative","placement":"generated at random in a planning polygon"},"geometry":{"type":"Point","coordinates":[73.79375731857326,20.00499486257597]}},{"type":"Feature","properties":{"name":"G-394","locationConfidence":"indicative","placement":"generated at random in a planning polygon"},"geometry":{"type":"Point","coordinates":[73.79359723234911,20.005411650792226]}},{"type":"Feature","properties":{"name":"G-395","locationConfidence":"indicative","placement":"generated at random in a planning polygon"},"geometry":{"type":"Point","coordinates":[73.79354751382074,20.005027132255705]}},{"type":"Feature","properties":{"name":"G-396","locationConfidence":"indicative","placement":"generated at random in a planning polygon"},"geometry":{"type":"Point","coordinates":[73.79338575987086,20.00492008409879]}},{"type":"Feature","properties":{"name":"G-397","locationConfidence":"indicative","placement":"generated at random in a planning polygon"},"geometry":{"type":"Point","coordinates":[73.79350615782968,20.005152505490496]}},{"type":"Feature","properties":{"name":"G-398","locationConfidence":"indicative","placement":"generated at random in a planning polygon"},"geometry":{"type":"Point","coordinates":[73.79342005570398,20.00535265608696]}},{"type":"Feature","properties":{"name":"G-399","locationConfidence":"indicative","placement":"generated at random in a planning polygon"},"geometry":{"type":"Point","coordinates":[73.79345603823508,20.004875900682272]}},{"type":"Feature","properties":{"name":"G-400","locationConfidence":"indicative","placement":"generated at random in a planning polygon"},"geometry":{"type":"Point","coordinates":[73.79344946328048,20.005187871447475]}},{"type":"Feature","properties":{"name":"C-0001","locationConfidence":"indicative","placement":"generated at random in a planning polygon"},"geometry":{"type":"Point","coordinates":[73.78336715468186,20.00104626463307]}},{"type":"Feature","properties":{"name":"C-0002","locationConfidence":"indicative","placement":"generated at random in a planning polygon"},"geometry":{"type":"Point","coordinates":[73.78350057457511,20.001081278294514]}},{"type":"Feature","properties":{"name":"C-0003","locationConfidence":"indicative","placement":"generated at random in a planning polygon"},"geometry":{"type":"Point","coordinates":[73.78301387667953,20.001228443212614]}},{"type":"Feature","properties":{"name":"C-0004","locationConfidence":"indicative","placement":"generated at random in a planning polygon"},"geometry":{"type":"Point","coordinates":[73.78369353364263,20.001275565155705]}},{"type":"Feature","properties":{"name":"C-0005","locationConfidence":"indicative","placement":"generated at random in a planning polygon"},"geometry":{"type":"Point","coordinates":[73.78353037691144,20.001073488231654]}},{"type":"Feature","properties":{"name":"C-0006","locationConfidence":"indicative","placement":"generated at random in a planning polygon"},"geometry":{"type":"Point","coordinates":[73.78325627256997,20.000996581612274]}},{"type":"Feature","properties":{"name":"C-0007","locationConfidence":"indicative","placement":"generated at random in a planning polygon"},"geometry":{"type":"Point","coordinates":[73.78363881426598,20.001278532707005]}},{"type":"Feature","properties":{"name":"C-0008","locationConfidence":"indicative","placement":"generated at random in a planning polygon"},"geometry":{"type":"Point","coordinates":[73.78300029531782,20.00132513661995]}},{"type":"Feature","properties":{"name":"C-0009","locationConfidence":"indicative","placement":"generated at random in a planning polygon"},"geometry":{"type":"Point","coordinates":[73.78300925223614,20.001383118038994]}},{"type":"Feature","properties":{"name":"C-0010","locationConfidence":"indicative","placement":"generated at random in a planning polygon"},"geometry":{"type":"Point","coordinates":[73.78371574608606,20.001329452132637]}},{"type":"Feature","properties":{"name":"C-0011","locationConfidence":"indicative","placement":"generated at random in a planning polygon"},"geometry":{"type":"Point","coordinates":[73.7833022830444,20.00116036617955]}},{"type":"Feature","properties":{"name":"C-0012","locationConfidence":"indicative","placement":"generated at random in a planning polygon"},"geometry":{"type":"Point","coordinates":[73.78327107018512,20.00113916634952]}},{"type":"Feature","properties":{"name":"C-0013","locationConfidence":"indicative","placement":"generated at random in a planning polygon"},"geometry":{"type":"Point","coordinates":[73.7832701353321,20.00132579331531]}},{"type":"Feature","properties":{"name":"C-0014","locationConfidence":"indicative","placement":"generated at random in a planning polygon"},"geometry":{"type":"Point","coordinates":[73.78290990275359,20.00091095522548]}},{"type":"Feature","properties":{"name":"C-0015","locationConfidence":"indicative","placement":"generated at random in a planning polygon"},"geometry":{"type":"Point","coordinates":[73.78308565389722,20.00139858292952]}},{"type":"Feature","properties":{"name":"C-0016","locationConfidence":"indicative","placement":"generated at random in a planning polygon"},"geometry":{"type":"Point","coordinates":[73.7831918028048,20.00109790833909]}},{"type":"Feature","properties":{"name":"C-0017","locationConfidence":"indicative","placement":"generated at random in a planning polygon"},"geometry":{"type":"Point","coordinates":[73.78314316002148,20.000982978091464]}},{"type":"Feature","properties":{"name":"C-0018","locationConfidence":"indicative","placement":"generated at random in a planning polygon"},"geometry":{"type":"Point","coordinates":[73.78290834313623,20.00132383544023]}},{"type":"Feature","properties":{"name":"C-0019","locationConfidence":"indicative","placement":"generated at random in a planning polygon"},"geometry":{"type":"Point","coordinates":[73.78334931774789,20.00114119180158]}},{"type":"Feature","properties":{"name":"C-0020","locationConfidence":"indicative","placement":"generated at random in a planning polygon"},"geometry":{"type":"Point","coordinates":[73.78315420511338,20.001230950224933]}},{"type":"Feature","properties":{"name":"C-0021","locationConfidence":"indicative","placement":"generated at random in a planning polygon"},"geometry":{"type":"Point","coordinates":[73.7834002417156,20.00129930438499]}},{"type":"Feature","properties":{"name":"C-0022","locationConfidence":"indicative","placement":"generated at random in a planning polygon"},"geometry":{"type":"Point","coordinates":[73.78300991018294,20.001209155891647]}},{"type":"Feature","properties":{"name":"C-0023","locationConfidence":"indicative","placement":"generated at random in a planning polygon"},"geometry":{"type":"Point","coordinates":[73.78325768746649,20.00117453805975]}},{"type":"Feature","properties":{"name":"C-0024","locationConfidence":"indicative","placement":"generated at random in a planning polygon"},"geometry":{"type":"Point","coordinates":[73.7835314705108,20.00108904187108]}},{"type":"Feature","properties":{"name":"C-0025","locationConfidence":"indicative","placement":"generated at random in a planning polygon"},"geometry":{"type":"Point","coordinates":[73.78324561304848,20.001200874388392]}},{"type":"Feature","properties":{"name":"C-0026","locationConfidence":"indicative","placement":"generated at random in a planning polygon"},"geometry":{"type":"Point","coordinates":[73.78373539241905,20.001147045660392]}},{"type":"Feature","properties":{"name":"C-0027","locationConfidence":"indicative","placement":"generated at random in a planning polygon"},"geometry":{"type":"Point","coordinates":[73.7832180666352,20.001419085456558]}},{"type":"Feature","properties":{"name":"C-0028","locationConfidence":"indicative","placement":"generated at random in a planning polygon"},"geometry":{"type":"Point","coordinates":[73.78361327577596,20.001347577097476]}},{"type":"Feature","properties":{"name":"C-0029","locationConfidence":"indicative","placement":"generated at random in a planning polygon"},"geometry":{"type":"Point","coordinates":[73.78319713596521,20.001044514661114]}},{"type":"Feature","properties":{"name":"C-0030","locationConfidence":"indicative","placement":"generated at random in a planning polygon"},"geometry":{"type":"Point","coordinates":[73.7832447504678,20.001029555048156]}},{"type":"Feature","properties":{"name":"C-0031","locationConfidence":"indicative","placement":"generated at random in a planning polygon"},"geometry":{"type":"Point","coordinates":[73.78343670530565,20.00108568225483]}},{"type":"Feature","properties":{"name":"C-0032","locationConfidence":"indicative","placement":"generated at random in a planning polygon"},"geometry":{"type":"Point","coordinates":[73.78318852523398,20.001281217868726]}},{"type":"Feature","properties":{"name":"C-0033","locationConfidence":"indicative","placement":"generated at random in a planning polygon"},"geometry":{"type":"Point","coordinates":[73.78341224983619,20.00108967677991]}},{"type":"Feature","properties":{"name":"C-0034","locationConfidence":"indicative","placement":"generated at random in a planning polygon"},"geometry":{"type":"Point","coordinates":[73.78292517356853,20.00106062311583]}},{"type":"Feature","properties":{"name":"C-0035","locationConfidence":"indicative","placement":"generated at random in a planning polygon"},"geometry":{"type":"Point","coordinates":[73.78353500702364,20.001291840746124]}},{"type":"Feature","properties":{"name":"C-0036","locationConfidence":"indicative","placement":"generated at random in a planning polygon"},"geometry":{"type":"Point","coordinates":[73.7830485142749,20.001054741040846]}},{"type":"Feature","properties":{"name":"C-0037","locationConfidence":"indicative","placement":"generated at random in a planning polygon"},"geometry":{"type":"Point","coordinates":[73.78368567619302,20.001265248027075]}},{"type":"Feature","properties":{"name":"C-0038","locationConfidence":"indicative","placement":"generated at random in a planning polygon"},"geometry":{"type":"Point","coordinates":[73.78342931215326,20.001081281403263]}},{"type":"Feature","properties":{"name":"C-0039","locationConfidence":"indicative","placement":"generated at random in a planning polygon"},"geometry":{"type":"Point","coordinates":[73.78370325198259,20.001254559362312]}},{"type":"Feature","properties":{"name":"C-0040","locationConfidence":"indicative","placement":"generated at random in a planning polygon"},"geometry":{"type":"Point","coordinates":[73.78354209945043,20.001294320618612]}},{"type":"Feature","properties":{"name":"C-0041","locationConfidence":"indicative","placement":"generated at random in a planning polygon"},"geometry":{"type":"Point","coordinates":[73.78370677986398,20.001272437213444]}},{"type":"Feature","properties":{"name":"C-0042","locationConfidence":"indicative","placement":"generated at random in a planning polygon"},"geometry":{"type":"Point","coordinates":[73.7831118440072,20.00143315625888]}},{"type":"Feature","properties":{"name":"C-0043","locationConfidence":"indicative","placement":"generated at random in a planning polygon"},"geometry":{"type":"Point","coordinates":[73.7832730685697,20.001442344477457]}},{"type":"Feature","properties":{"name":"C-0044","locationConfidence":"indicative","placement":"generated at random in a planning polygon"},"geometry":{"type":"Point","coordinates":[73.78364199761272,20.001166760745434]}},{"type":"Feature","properties":{"name":"C-0045","locationConfidence":"indicative","placement":"generated at random in a planning polygon"},"geometry":{"type":"Point","coordinates":[73.7832739541725,20.00126151732378]}},{"type":"Feature","properties":{"name":"C-0046","locationConfidence":"indicative","placement":"generated at random in a planning polygon"},"geometry":{"type":"Point","coordinates":[73.78313121410767,20.001180718121347]}},{"type":"Feature","properties":{"name":"C-0047","locationConfidence":"indicative","placement":"generated at random in a planning polygon"},"geometry":{"type":"Point","coordinates":[73.78340930045562,20.001106818171984]}},{"type":"Feature","properties":{"name":"C-0048","locationConfidence":"indicative","placement":"generated at random in a planning polygon"},"geometry":{"type":"Point","coordinates":[73.783460139693,20.001324599158604]}},{"type":"Feature","properties":{"name":"C-0049","locationConfidence":"indicative","placement":"generated at random in a planning polygon"},"geometry":{"type":"Point","coordinates":[73.78300968023837,20.001186223442517]}},{"type":"Feature","properties":{"name":"C-0050","locationConfidence":"indicative","placement":"generated at random in a planning polygon"},"geometry":{"type":"Point","coordinates":[73.7831732804216,20.00134745709205]}},{"type":"Feature","properties":{"name":"C-0051","locationConfidence":"indicative","placement":"generated at random in a planning polygon"},"geometry":{"type":"Point","coordinates":[73.78399573111471,20.001255128628546]}},{"type":"Feature","properties":{"name":"C-0052","locationConfidence":"indicative","placement":"generated at random in a planning polygon"},"geometry":{"type":"Point","coordinates":[73.78284868731392,20.00092449083283]}},{"type":"Feature","properties":{"name":"C-0053","locationConfidence":"indicative","placement":"generated at random in a planning polygon"},"geometry":{"type":"Point","coordinates":[73.78298460693915,20.001280822131687]}},{"type":"Feature","properties":{"name":"C-0054","locationConfidence":"indicative","placement":"generated at random in a planning polygon"},"geometry":{"type":"Point","coordinates":[73.78290846758948,20.000954825938248]}},{"type":"Feature","properties":{"name":"C-0055","locationConfidence":"indicative","placement":"generated at random in a planning polygon"},"geometry":{"type":"Point","coordinates":[73.78295920364644,20.001526136207527]}},{"type":"Feature","properties":{"name":"C-0056","locationConfidence":"indicative","placement":"generated at random in a planning polygon"},"geometry":{"type":"Point","coordinates":[73.78288367554256,20.001215901213317]}},{"type":"Feature","properties":{"name":"C-0057","locationConfidence":"indicative","placement":"generated at random in a planning polygon"},"geometry":{"type":"Point","coordinates":[73.78289415259934,20.000889926142097]}},{"type":"Feature","properties":{"name":"C-0058","locationConfidence":"indicative","placement":"generated at random in a planning polygon"},"geometry":{"type":"Point","coordinates":[73.7834540117166,20.001290513842175]}},{"type":"Feature","properties":{"name":"C-0059","locationConfidence":"indicative","placement":"generated at random in a planning polygon"},"geometry":{"type":"Point","coordinates":[73.78319715512113,20.0013681965312]}},{"type":"Feature","properties":{"name":"C-0060","locationConfidence":"indicative","placement":"generated at random in a planning polygon"},"geometry":{"type":"Point","coordinates":[73.7828438548392,20.000867128037473]}},{"type":"Feature","properties":{"name":"C-0061","locationConfidence":"indicative","placement":"generated at random in a planning polygon"},"geometry":{"type":"Point","coordinates":[73.78330728270375,20.001230672339243]}},{"type":"Feature","properties":{"name":"C-0062","locationConfidence":"indicative","placement":"generated at random in a planning polygon"},"geometry":{"type":"Point","coordinates":[73.78316809802446,20.00136712415943]}},{"type":"Feature","properties":{"name":"C-0063","locationConfidence":"indicative","placement":"generated at random in a planning polygon"},"geometry":{"type":"Point","coordinates":[73.78287054101368,20.000947933442422]}},{"type":"Feature","properties":{"name":"C-0064","locationConfidence":"indicative","placement":"generated at random in a planning polygon"},"geometry":{"type":"Point","coordinates":[73.78290682582306,20.000895711535577]}},{"type":"Feature","properties":{"name":"C-0065","locationConfidence":"indicative","placement":"generated at random in a planning polygon"},"geometry":{"type":"Point","coordinates":[73.7840605642169,20.00122790816705]}},{"type":"Feature","properties":{"name":"C-0066","locationConfidence":"indicative","placement":"generated at random in a planning polygon"},"geometry":{"type":"Point","coordinates":[73.78351186267054,20.00111908839413]}},{"type":"Feature","properties":{"name":"C-0067","locationConfidence":"indicative","placement":"generated at random in a planning polygon"},"geometry":{"type":"Point","coordinates":[73.78330992403004,20.001371602156283]}},{"type":"Feature","properties":{"name":"C-0068","locationConfidence":"indicative","placement":"generated at random in a planning polygon"},"geometry":{"type":"Point","coordinates":[73.78297747050813,20.001320456685303]}},{"type":"Feature","properties":{"name":"C-0069","locationConfidence":"indicative","placement":"generated at random in a planning polygon"},"geometry":{"type":"Point","coordinates":[73.78305141109266,20.001086968767485]}},{"type":"Feature","properties":{"name":"C-0070","locationConfidence":"indicative","placement":"generated at random in a planning polygon"},"geometry":{"type":"Point","coordinates":[73.78303820772388,20.00104939651135]}},{"type":"Feature","properties":{"name":"C-0071","locationConfidence":"indicative","placement":"generated at random in a planning polygon"},"geometry":{"type":"Point","coordinates":[73.78348062497734,20.00106394886516]}},{"type":"Feature","properties":{"name":"C-0072","locationConfidence":"indicative","placement":"generated at random in a planning polygon"},"geometry":{"type":"Point","coordinates":[73.78318010984606,20.001317841637757]}},{"type":"Feature","properties":{"name":"C-0073","locationConfidence":"indicative","placement":"generated at random in a planning polygon"},"geometry":{"type":"Point","coordinates":[73.78353935519138,20.00128137702857]}},{"type":"Feature","properties":{"name":"C-0074","locationConfidence":"indicative","placement":"generated at random in a planning polygon"},"geometry":{"type":"Point","coordinates":[73.78337613431037,20.001183304398065]}},{"type":"Feature","properties":{"name":"C-0075","locationConfidence":"indicative","placement":"generated at random in a planning polygon"},"geometry":{"type":"Point","coordinates":[73.7830770846348,20.001098904938768]}},{"type":"Feature","properties":{"name":"C-0076","locationConfidence":"indicative","placement":"generated at random in a planning polygon"},"geometry":{"type":"Point","coordinates":[73.7832314062748,20.001026009373348]}},{"type":"Feature","properties":{"name":"C-0077","locationConfidence":"indicative","placement":"generated at random in a planning polygon"},"geometry":{"type":"Point","coordinates":[73.78359799213965,20.001221628937518]}},{"type":"Feature","properties":{"name":"C-0078","locationConfidence":"indicative","placement":"generated at random in a planning polygon"},"geometry":{"type":"Point","coordinates":[73.78304719312652,20.001023379428293]}},{"type":"Feature","properties":{"name":"C-0079","locationConfidence":"indicative","placement":"generated at random in a planning polygon"},"geometry":{"type":"Point","coordinates":[73.78331638073828,20.00107042968177]}},{"type":"Feature","properties":{"name":"C-0080","locationConfidence":"indicative","placement":"generated at random in a planning polygon"},"geometry":{"type":"Point","coordinates":[73.78296118553305,20.00110659569162]}},{"type":"Feature","properties":{"name":"C-0081","locationConfidence":"indicative","placement":"generated at random in a planning polygon"},"geometry":{"type":"Point","coordinates":[73.7829793269127,20.000911835419274]}},{"type":"Feature","properties":{"name":"C-0082","locationConfidence":"indicative","placement":"generated at random in a planning polygon"},"geometry":{"type":"Point","coordinates":[73.78297704404596,20.00110825989762]}},{"type":"Feature","properties":{"name":"C-0083","locationConfidence":"indicative","placement":"generated at random in a planning polygon"},"geometry":{"type":"Point","coordinates":[73.78379834815367,20.00119213259356]}},{"type":"Feature","properties":{"name":"C-0084","locationConfidence":"indicative","placement":"generated at random in a planning polygon"},"geometry":{"type":"Point","coordinates":[73.78322487026246,20.001093251951755]}},{"type":"Feature","properties":{"name":"C-0085","locationConfidence":"indicative","placement":"generated at random in a planning polygon"},"geometry":{"type":"Point","coordinates":[73.78363546511068,20.001100406745778]}},{"type":"Feature","properties":{"name":"C-0086","locationConfidence":"indicative","placement":"generated at random in a planning polygon"},"geometry":{"type":"Point","coordinates":[73.78294937716892,20.001330682865877]}},{"type":"Feature","properties":{"name":"C-0087","locationConfidence":"indicative","placement":"generated at random in a planning polygon"},"geometry":{"type":"Point","coordinates":[73.78291315161644,20.001146419375736]}},{"type":"Feature","properties":{"name":"C-0088","locationConfidence":"indicative","placement":"generated at random in a planning polygon"},"geometry":{"type":"Point","coordinates":[73.7831991934375,20.000995823820762]}},{"type":"Feature","properties":{"name":"C-0089","locationConfidence":"indicative","placement":"generated at random in a planning polygon"},"geometry":{"type":"Point","coordinates":[73.7830448991124,20.001234859380098]}},{"type":"Feature","properties":{"name":"C-0090","locationConfidence":"indicative","placement":"generated at random in a planning polygon"},"geometry":{"type":"Point","coordinates":[73.78327301310463,20.001108167103965]}},{"type":"Feature","properties":{"name":"C-0091","locationConfidence":"indicative","placement":"generated at random in a planning polygon"},"geometry":{"type":"Point","coordinates":[73.78315571110667,20.00133331665882]}},{"type":"Feature","properties":{"name":"C-0092","locationConfidence":"indicative","placement":"generated at random in a planning polygon"},"geometry":{"type":"Point","coordinates":[73.78330584798152,20.00128039764716]}},{"type":"Feature","properties":{"name":"C-0093","locationConfidence":"indicative","placement":"generated at random in a planning polygon"},"geometry":{"type":"Point","coordinates":[73.78338539234524,20.001321864111365]}},{"type":"Feature","properties":{"name":"C-0094","locationConfidence":"indicative","placement":"generated at random in a planning polygon"},"geometry":{"type":"Point","coordinates":[73.78362544656007,20.001104708384563]}},{"type":"Feature","properties":{"name":"C-0095","locationConfidence":"indicative","placement":"generated at random in a planning polygon"},"geometry":{"type":"Point","coordinates":[73.78342322023859,20.001126893099975]}},{"type":"Feature","properties":{"name":"C-0096","locationConfidence":"indicative","placement":"generated at random in a planning polygon"},"geometry":{"type":"Point","coordinates":[73.78323365596424,20.00126837022344]}},{"type":"Feature","properties":{"name":"C-0097","locationConfidence":"indicative","placement":"generated at random in a planning polygon"},"geometry":{"type":"Point","coordinates":[73.78285239720395,20.00114373207807]}},{"type":"Feature","properties":{"name":"C-0098","locationConfidence":"indicative","placement":"generated at random in a planning polygon"},"geometry":{"type":"Point","coordinates":[73.78308694122963,20.001369058768663]}},{"type":"Feature","properties":{"name":"C-0099","locationConfidence":"indicative","placement":"generated at random in a planning polygon"},"geometry":{"type":"Point","coordinates":[73.78341553437537,20.00106575192091]}},{"type":"Feature","properties":{"name":"C-0100","locationConfidence":"indicative","placement":"generated at random in a planning polygon"},"geometry":{"type":"Point","coordinates":[73.78357568724002,20.001166133694475]}},{"type":"Feature","properties":{"name":"C-0101","locationConfidence":"indicative","placement":"generated at random in a planning polygon"},"geometry":{"type":"Point","coordinates":[73.78292610695004,20.001448527976493]}},{"type":"Feature","properties":{"name":"C-0102","locationConfidence":"indicative","placement":"generated at random in a planning polygon"},"geometry":{"type":"Point","coordinates":[73.78292539734129,20.000968591656942]}},{"type":"Feature","properties":{"name":"C-0103","locationConfidence":"indicative","placement":"generated at random in a planning polygon"},"geometry":{"type":"Point","coordinates":[73.78306962534336,20.001319412345353]}},{"type":"Feature","properties":{"name":"C-0104","locationConfidence":"indicative","placement":"generated at random in a planning polygon"},"geometry":{"type":"Point","coordinates":[73.78321484363272,20.001352466811237]}},{"type":"Feature","properties":{"name":"C-0105","locationConfidence":"indicative","placement":"generated at random in a planning polygon"},"geometry":{"type":"Point","coordinates":[73.78378716142888,20.001241876879917]}},{"type":"Feature","properties":{"name":"C-0106","locationConfidence":"indicative","placement":"generated at random in a planning polygon"},"geometry":{"type":"Point","coordinates":[73.78360021295605,20.001257304600017]}},{"type":"Feature","properties":{"name":"C-0107","locationConfidence":"indicative","placement":"generated at random in a planning polygon"},"geometry":{"type":"Point","coordinates":[73.78328414006965,20.00131208581265]}},{"type":"Feature","properties":{"name":"C-0108","locationConfidence":"indicative","placement":"generated at random in a planning polygon"},"geometry":{"type":"Point","coordinates":[73.78381646749928,20.001165799903966]}},{"type":"Feature","properties":{"name":"C-0109","locationConfidence":"indicative","placement":"generated at random in a planning polygon"},"geometry":{"type":"Point","coordinates":[73.78320972337796,20.001360986761426]}},{"type":"Feature","properties":{"name":"C-0110","locationConfidence":"indicative","placement":"generated at random in a planning polygon"},"geometry":{"type":"Point","coordinates":[73.78362641603964,20.001136160753976]}},{"type":"Feature","properties":{"name":"C-0111","locationConfidence":"indicative","placement":"generated at random in a planning polygon"},"geometry":{"type":"Point","coordinates":[73.78360748847125,20.001290771166538]}},{"type":"Feature","properties":{"name":"C-0112","locationConfidence":"indicative","placement":"generated at random in a planning polygon"},"geometry":{"type":"Point","coordinates":[73.7832933473787,20.00114708760603]}},{"type":"Feature","properties":{"name":"C-0113","locationConfidence":"indicative","placement":"generated at random in a planning polygon"},"geometry":{"type":"Point","coordinates":[73.78288966543745,20.001214763705384]}},{"type":"Feature","properties":{"name":"C-0114","locationConfidence":"indicative","placement":"generated at random in a planning polygon"},"geometry":{"type":"Point","coordinates":[73.78348062504809,20.00138509151366]}},{"type":"Feature","properties":{"name":"C-0115","locationConfidence":"indicative","placement":"generated at random in a planning polygon"},"geometry":{"type":"Point","coordinates":[73.78318956771916,20.00130349735275]}},{"type":"Feature","properties":{"name":"C-0116","locationConfidence":"indicative","placement":"generated at random in a planning polygon"},"geometry":{"type":"Point","coordinates":[73.78288536192133,20.00121740525617]}},{"type":"Feature","properties":{"name":"C-0117","locationConfidence":"indicative","placement":"generated at random in a planning polygon"},"geometry":{"type":"Point","coordinates":[73.78293447162089,20.001409672999173]}},{"type":"Feature","properties":{"name":"C-0118","locationConfidence":"indicative","placement":"generated at random in a planning polygon"},"geometry":{"type":"Point","coordinates":[73.78320215555081,20.001106888438418]}},{"type":"Feature","properties":{"name":"C-0119","locationConfidence":"indicative","placement":"generated at random in a planning polygon"},"geometry":{"type":"Point","coordinates":[73.78367810829013,20.00116319067207]}},{"type":"Feature","properties":{"name":"C-0120","locationConfidence":"indicative","placement":"generated at random in a planning polygon"},"geometry":{"type":"Point","coordinates":[73.78387792198575,20.00119503569382]}},{"type":"Feature","properties":{"name":"C-0121","locationConfidence":"indicative","placement":"generated at random in a planning polygon"},"geometry":{"type":"Point","coordinates":[73.78353621211542,20.00110017548785]}},{"type":"Feature","properties":{"name":"C-0122","locationConfidence":"indicative","placement":"generated at random in a planning polygon"},"geometry":{"type":"Point","coordinates":[73.7833688214773,20.001022553206155]}},{"type":"Feature","properties":{"name":"C-0123","locationConfidence":"indicative","placement":"generated at random in a planning polygon"},"geometry":{"type":"Point","coordinates":[73.78331251497596,20.001312187555428]}},{"type":"Feature","properties":{"name":"C-0124","locationConfidence":"indicative","placement":"generated at random in a planning polygon"},"geometry":{"type":"Point","coordinates":[73.78341415178535,20.00121343405664]}},{"type":"Feature","properties":{"name":"C-0125","locationConfidence":"indicative","placement":"generated at random in a planning polygon"},"geometry":{"type":"Point","coordinates":[73.78340292112517,20.001130051837876]}},{"type":"Feature","properties":{"name":"C-0126","locationConfidence":"indicative","placement":"generated at random in a planning polygon"},"geometry":{"type":"Point","coordinates":[73.78295267817703,20.0009274087394]}},{"type":"Feature","properties":{"name":"C-0127","locationConfidence":"indicative","placement":"generated at random in a planning polygon"},"geometry":{"type":"Point","coordinates":[73.78315089070863,20.000993085339427]}},{"type":"Feature","properties":{"name":"C-0128","locationConfidence":"indicative","placement":"generated at random in a planning polygon"},"geometry":{"type":"Point","coordinates":[73.7831985334677,20.001273383649878]}},{"type":"Feature","properties":{"name":"C-0129","locationConfidence":"indicative","placement":"generated at random in a planning polygon"},"geometry":{"type":"Point","coordinates":[73.78380972434672,20.001188221513086]}},{"type":"Feature","properties":{"name":"C-0130","locationConfidence":"indicative","placement":"generated at random in a planning polygon"},"geometry":{"type":"Point","coordinates":[73.78309987611146,20.001163851099964]}},{"type":"Feature","properties":{"name":"C-0131","locationConfidence":"indicative","placement":"generated at random in a planning polygon"},"geometry":{"type":"Point","coordinates":[73.78285163789677,20.001096110027095]}},{"type":"Feature","properties":{"name":"C-0132","locationConfidence":"indicative","placement":"generated at random in a planning polygon"},"geometry":{"type":"Point","coordinates":[73.78338358544678,20.001229880721745]}},{"type":"Feature","properties":{"name":"C-0133","locationConfidence":"indicative","placement":"generated at random in a planning polygon"},"geometry":{"type":"Point","coordinates":[73.78310985755792,20.00141972886213]}},{"type":"Feature","properties":{"name":"C-0134","locationConfidence":"indicative","placement":"generated at random in a planning polygon"},"geometry":{"type":"Point","coordinates":[73.78368756871127,20.00118544245677]}},{"type":"Feature","properties":{"name":"C-0135","locationConfidence":"indicative","placement":"generated at random in a planning polygon"},"geometry":{"type":"Point","coordinates":[73.78320596348979,20.001010091157024]}},{"type":"Feature","properties":{"name":"C-0136","locationConfidence":"indicative","placement":"generated at random in a planning polygon"},"geometry":{"type":"Point","coordinates":[73.78289139205526,20.00132584129868]}},{"type":"Feature","properties":{"name":"C-0137","locationConfidence":"indicative","placement":"generated at random in a planning polygon"},"geometry":{"type":"Point","coordinates":[73.78325235370679,20.001161637131315]}},{"type":"Feature","properties":{"name":"C-0138","locationConfidence":"indicative","placement":"generated at random in a planning polygon"},"geometry":{"type":"Point","coordinates":[73.78339483707448,20.00141548659421]}},{"type":"Feature","properties":{"name":"C-0139","locationConfidence":"indicative","placement":"generated at random in a planning polygon"},"geometry":{"type":"Point","coordinates":[73.78334302596338,20.001190300313606]}},{"type":"Feature","properties":{"name":"C-0140","locationConfidence":"indicative","placement":"generated at random in a planning polygon"},"geometry":{"type":"Point","coordinates":[73.78295457198726,20.001104472334298]}},{"type":"Feature","properties":{"name":"C-0141","locationConfidence":"indicative","placement":"generated at random in a planning polygon"},"geometry":{"type":"Point","coordinates":[73.78291425331464,20.001340858592467]}},{"type":"Feature","properties":{"name":"C-0142","locationConfidence":"indicative","placement":"generated at random in a planning polygon"},"geometry":{"type":"Point","coordinates":[73.78328311576242,20.001344381467305]}},{"type":"Feature","properties":{"name":"C-0143","locationConfidence":"indicative","placement":"generated at random in a planning polygon"},"geometry":{"type":"Point","coordinates":[73.78330788593318,20.00127015061967]}},{"type":"Feature","properties":{"name":"C-0144","locationConfidence":"indicative","placement":"generated at random in a planning polygon"},"geometry":{"type":"Point","coordinates":[73.78310012390261,20.000996397038588]}},{"type":"Feature","properties":{"name":"C-0145","locationConfidence":"indicative","placement":"generated at random in a planning polygon"},"geometry":{"type":"Point","coordinates":[73.78346922641488,20.001173330444225]}},{"type":"Feature","properties":{"name":"C-0146","locationConfidence":"indicative","placement":"generated at random in a planning polygon"},"geometry":{"type":"Point","coordinates":[73.7828478711426,20.0011536220367]}},{"type":"Feature","properties":{"name":"C-0147","locationConfidence":"indicative","placement":"generated at random in a planning polygon"},"geometry":{"type":"Point","coordinates":[73.78292841587397,20.0012636643071]}},{"type":"Feature","properties":{"name":"C-0148","locationConfidence":"indicative","placement":"generated at random in a planning polygon"},"geometry":{"type":"Point","coordinates":[73.7835913305743,20.001280989200495]}},{"type":"Feature","properties":{"name":"C-0149","locationConfidence":"indicative","placement":"generated at random in a planning polygon"},"geometry":{"type":"Point","coordinates":[73.78339088240011,20.00133802279598]}},{"type":"Feature","properties":{"name":"C-0150","locationConfidence":"indicative","placement":"generated at random in a planning polygon"},"geometry":{"type":"Point","coordinates":[73.78286975643044,20.000902733049816]}},{"type":"Feature","properties":{"name":"C-0151","locationConfidence":"indicative","placement":"generated at random in a planning polygon"},"geometry":{"type":"Point","coordinates":[73.78312522035624,20.000978061208365]}},{"type":"Feature","properties":{"name":"C-0152","locationConfidence":"indicative","placement":"generated at random in a planning polygon"},"geometry":{"type":"Point","coordinates":[73.78321754422346,20.00113667293846]}},{"type":"Feature","properties":{"name":"C-0153","locationConfidence":"indicative","placement":"generated at random in a planning polygon"},"geometry":{"type":"Point","coordinates":[73.78293473576197,20.001272126851205]}},{"type":"Feature","properties":{"name":"C-0154","locationConfidence":"indicative","placement":"generated at random in a planning polygon"},"geometry":{"type":"Point","coordinates":[73.78322500032705,20.001228985114153]}},{"type":"Feature","properties":{"name":"C-0155","locationConfidence":"indicative","placement":"generated at random in a planning polygon"},"geometry":{"type":"Point","coordinates":[73.78330566835416,20.001286045374105]}},{"type":"Feature","properties":{"name":"C-0156","locationConfidence":"indicative","placement":"generated at random in a planning polygon"},"geometry":{"type":"Point","coordinates":[73.7829479338575,20.00151107530918]}},{"type":"Feature","properties":{"name":"C-0157","locationConfidence":"indicative","placement":"generated at random in a planning polygon"},"geometry":{"type":"Point","coordinates":[73.78352658127882,20.001325429828622]}},{"type":"Feature","properties":{"name":"C-0158","locationConfidence":"indicative","placement":"generated at random in a planning polygon"},"geometry":{"type":"Point","coordinates":[73.7830679590658,20.00113741461759]}},{"type":"Feature","properties":{"name":"C-0159","locationConfidence":"indicative","placement":"generated at random in a planning polygon"},"geometry":{"type":"Point","coordinates":[73.78309692876076,20.00110468860942]}},{"type":"Feature","properties":{"name":"C-0160","locationConfidence":"indicative","placement":"generated at random in a planning polygon"},"geometry":{"type":"Point","coordinates":[73.7830124564768,20.000970287632356]}},{"type":"Feature","properties":{"name":"C-0161","locationConfidence":"indicative","placement":"generated at random in a planning polygon"},"geometry":{"type":"Point","coordinates":[73.78300338357015,20.001099160525854]}},{"type":"Feature","properties":{"name":"C-0162","locationConfidence":"indicative","placement":"generated at random in a planning polygon"},"geometry":{"type":"Point","coordinates":[73.78332191583449,20.00107393677704]}},{"type":"Feature","properties":{"name":"C-0163","locationConfidence":"indicative","placement":"generated at random in a planning polygon"},"geometry":{"type":"Point","coordinates":[73.7831352649838,20.00118797505649]}},{"type":"Feature","properties":{"name":"C-0164","locationConfidence":"indicative","placement":"generated at random in a planning polygon"},"geometry":{"type":"Point","coordinates":[73.78291692869787,20.000910146869096]}},{"type":"Feature","properties":{"name":"C-0165","locationConfidence":"indicative","placement":"generated at random in a planning polygon"},"geometry":{"type":"Point","coordinates":[73.78321796297148,20.00102987415535]}},{"type":"Feature","properties":{"name":"C-0166","locationConfidence":"indicative","placement":"generated at random in a planning polygon"},"geometry":{"type":"Point","coordinates":[73.78287741803112,20.000971954239247]}},{"type":"Feature","properties":{"name":"C-0167","locationConfidence":"indicative","placement":"generated at random in a planning polygon"},"geometry":{"type":"Point","coordinates":[73.78388620224146,20.001247651331315]}},{"type":"Feature","properties":{"name":"C-0168","locationConfidence":"indicative","placement":"generated at random in a planning polygon"},"geometry":{"type":"Point","coordinates":[73.78337542249545,20.00114986355893]}},{"type":"Feature","properties":{"name":"C-0169","locationConfidence":"indicative","placement":"generated at random in a planning polygon"},"geometry":{"type":"Point","coordinates":[73.78337857466586,20.001020825691928]}},{"type":"Feature","properties":{"name":"C-0170","locationConfidence":"indicative","placement":"generated at random in a planning polygon"},"geometry":{"type":"Point","coordinates":[73.78288556618325,20.00091940492759]}},{"type":"Feature","properties":{"name":"C-0171","locationConfidence":"indicative","placement":"generated at random in a planning polygon"},"geometry":{"type":"Point","coordinates":[73.78324658493399,20.001087976324964]}},{"type":"Feature","properties":{"name":"C-0172","locationConfidence":"indicative","placement":"generated at random in a planning polygon"},"geometry":{"type":"Point","coordinates":[73.78285959904093,20.00094054318491]}},{"type":"Feature","properties":{"name":"C-0173","locationConfidence":"indicative","placement":"generated at random in a planning polygon"},"geometry":{"type":"Point","coordinates":[73.78343718654934,20.001175770188173]}},{"type":"Feature","properties":{"name":"C-0174","locationConfidence":"indicative","placement":"generated at random in a planning polygon"},"geometry":{"type":"Point","coordinates":[73.78381827925286,20.001187823753863]}},{"type":"Feature","properties":{"name":"C-0175","locationConfidence":"indicative","placement":"generated at random in a planning polygon"},"geometry":{"type":"Point","coordinates":[73.78296032157273,20.0010221452289]}},{"type":"Feature","properties":{"name":"C-0176","locationConfidence":"indicative","placement":"generated at random in a planning polygon"},"geometry":{"type":"Point","coordinates":[73.78387361247707,20.00121346586135]}},{"type":"Feature","properties":{"name":"C-0177","locationConfidence":"indicative","placement":"generated at random in a planning polygon"},"geometry":{"type":"Point","coordinates":[73.7838659621013,20.001213298632816]}},{"type":"Feature","properties":{"name":"C-0178","locationConfidence":"indicative","placement":"generated at random in a planning polygon"},"geometry":{"type":"Point","coordinates":[73.78326949017469,20.0010024763609]}},{"type":"Feature","properties":{"name":"C-0179","locationConfidence":"indicative","placement":"generated at random in a planning polygon"},"geometry":{"type":"Point","coordinates":[73.7831922851667,20.001189231191418]}},{"type":"Feature","properties":{"name":"C-0180","locationConfidence":"indicative","placement":"generated at random in a planning polygon"},"geometry":{"type":"Point","coordinates":[73.78366125017348,20.001212656957705]}},{"type":"Feature","properties":{"name":"C-0181","locationConfidence":"indicative","placement":"generated at random in a planning polygon"},"geometry":{"type":"Point","coordinates":[73.78353411608916,20.0011433877445]}},{"type":"Feature","properties":{"name":"C-0182","locationConfidence":"indicative","placement":"generated at random in a planning polygon"},"geometry":{"type":"Point","coordinates":[73.78370545547881,20.00130045656072]}},{"type":"Feature","properties":{"name":"C-0183","locationConfidence":"indicative","placement":"generated at random in a planning polygon"},"geometry":{"type":"Point","coordinates":[73.78316509014,20.001048115917804]}},{"type":"Feature","properties":{"name":"C-0184","locationConfidence":"indicative","placement":"generated at random in a planning polygon"},"geometry":{"type":"Point","coordinates":[73.78309080289706,20.000991816885065]}},{"type":"Feature","properties":{"name":"C-0185","locationConfidence":"indicative","placement":"generated at random in a planning polygon"},"geometry":{"type":"Point","coordinates":[73.78341579277922,20.001411513027012]}},{"type":"Feature","properties":{"name":"C-0186","locationConfidence":"indicative","placement":"generated at random in a planning polygon"},"geometry":{"type":"Point","coordinates":[73.7829605074798,20.001044590112283]}},{"type":"Feature","properties":{"name":"C-0187","locationConfidence":"indicative","placement":"generated at random in a planning polygon"},"geometry":{"type":"Point","coordinates":[73.78282395344294,20.001036863494164]}},{"type":"Feature","properties":{"name":"C-0188","locationConfidence":"indicative","placement":"generated at random in a planning polygon"},"geometry":{"type":"Point","coordinates":[73.78318294484134,20.001335290172612]}},{"type":"Feature","properties":{"name":"C-0189","locationConfidence":"indicative","placement":"generated at random in a planning polygon"},"geometry":{"type":"Point","coordinates":[73.78339640116073,20.001101334347602]}},{"type":"Feature","properties":{"name":"C-0190","locationConfidence":"indicative","placement":"generated at random in a planning polygon"},"geometry":{"type":"Point","coordinates":[73.78369505807372,20.00133836151089]}},{"type":"Feature","properties":{"name":"C-0191","locationConfidence":"indicative","placement":"generated at random in a planning polygon"},"geometry":{"type":"Point","coordinates":[73.78345025435316,20.001274773378388]}},{"type":"Feature","properties":{"name":"C-0192","locationConfidence":"indicative","placement":"generated at random in a planning polygon"},"geometry":{"type":"Point","coordinates":[73.78299981635215,20.00136139426227]}},{"type":"Feature","properties":{"name":"C-0193","locationConfidence":"indicative","placement":"generated at random in a planning polygon"},"geometry":{"type":"Point","coordinates":[73.78342323197097,20.001072007548952]}},{"type":"Feature","properties":{"name":"C-0194","locationConfidence":"indicative","placement":"generated at random in a planning polygon"},"geometry":{"type":"Point","coordinates":[73.78341265915154,20.00114875366378]}},{"type":"Feature","properties":{"name":"C-0195","locationConfidence":"indicative","placement":"generated at random in a planning polygon"},"geometry":{"type":"Point","coordinates":[73.78397554863815,20.001197537016147]}},{"type":"Feature","properties":{"name":"C-0196","locationConfidence":"indicative","placement":"generated at random in a planning polygon"},"geometry":{"type":"Point","coordinates":[73.78301807961573,20.00120494458382]}},{"type":"Feature","properties":{"name":"C-0197","locationConfidence":"indicative","placement":"generated at random in a planning polygon"},"geometry":{"type":"Point","coordinates":[73.7830046698443,20.00119228690858]}},{"type":"Feature","properties":{"name":"C-0198","locationConfidence":"indicative","placement":"generated at random in a planning polygon"},"geometry":{"type":"Point","coordinates":[73.78386881401745,20.001176907204307]}},{"type":"Feature","properties":{"name":"C-0199","locationConfidence":"indicative","placement":"generated at random in a planning polygon"},"geometry":{"type":"Point","coordinates":[73.78393721667837,20.001253169802016]}},{"type":"Feature","properties":{"name":"C-0200","locationConfidence":"indicative","placement":"generated at random in a planning polygon"},"geometry":{"type":"Point","coordinates":[73.78387874506164,20.001194224895496]}},{"type":"Feature","properties":{"name":"C-0201","locationConfidence":"indicative","placement":"generated at random in a planning polygon"},"geometry":{"type":"Point","coordinates":[73.7809328234593,19.99982039235407]}},{"type":"Feature","properties":{"name":"C-0202","locationConfidence":"indicative","placement":"generated at random in a planning polygon"},"geometry":{"type":"Point","coordinates":[73.78018501359652,19.997491595409972]}},{"type":"Feature","properties":{"name":"C-0203","locationConfidence":"indicative","placement":"generated at random in a planning polygon"},"geometry":{"type":"Point","coordinates":[73.78198339470619,20.000268867408053]}},{"type":"Feature","properties":{"name":"C-0204","locationConfidence":"indicative","placement":"generated at random in a planning polygon"},"geometry":{"type":"Point","coordinates":[73.78167099621108,20.000029923139508]}},{"type":"Feature","properties":{"name":"C-0205","locationConfidence":"indicative","placement":"generated at random in a planning polygon"},"geometry":{"type":"Point","coordinates":[73.78026008895043,19.997503957938143]}},{"type":"Feature","properties":{"name":"C-0206","locationConfidence":"indicative","placement":"generated at random in a planning polygon"},"geometry":{"type":"Point","coordinates":[73.78130183636186,19.997999929440976]}},{"type":"Feature","properties":{"name":"C-0207","locationConfidence":"indicative","placement":"generated at random in a planning polygon"},"geometry":{"type":"Point","coordinates":[73.78069643840486,20.000407328524254]}},{"type":"Feature","properties":{"name":"C-0208","locationConfidence":"indicative","placement":"generated at random in a planning polygon"},"geometry":{"type":"Point","coordinates":[73.78074073064882,19.99972387312857]}},{"type":"Feature","properties":{"name":"C-0209","locationConfidence":"indicative","placement":"generated at random in a planning polygon"},"geometry":{"type":"Point","coordinates":[73.78091575549365,19.998026972675113]}},{"type":"Feature","properties":{"name":"C-0210","locationConfidence":"indicative","placement":"generated at random in a planning polygon"},"geometry":{"type":"Point","coordinates":[73.78185236937318,20.000080539803662]}},{"type":"Feature","properties":{"name":"C-0211","locationConfidence":"indicative","placement":"generated at random in a planning polygon"},"geometry":{"type":"Point","coordinates":[73.78057644785494,19.999029326407815]}},{"type":"Feature","properties":{"name":"C-0212","locationConfidence":"indicative","placement":"generated at random in a planning polygon"},"geometry":{"type":"Point","coordinates":[73.78030964682797,19.997647427548568]}},{"type":"Feature","properties":{"name":"C-0213","locationConfidence":"indicative","placement":"generated at random in a planning polygon"},"geometry":{"type":"Point","coordinates":[73.78087010872532,19.999526744643223]}},{"type":"Feature","properties":{"name":"C-0214","locationConfidence":"indicative","placement":"generated at random in a planning polygon"},"geometry":{"type":"Point","coordinates":[73.78080532983005,20.000374298156444]}},{"type":"Feature","properties":{"name":"C-0215","locationConfidence":"indicative","placement":"generated at random in a planning polygon"},"geometry":{"type":"Point","coordinates":[73.78105009850692,19.999549539969397]}},{"type":"Feature","properties":{"name":"C-0216","locationConfidence":"indicative","placement":"generated at random in a planning polygon"},"geometry":{"type":"Point","coordinates":[73.78086360607267,20.00008752074481]}},{"type":"Feature","properties":{"name":"C-0217","locationConfidence":"indicative","placement":"generated at random in a planning polygon"},"geometry":{"type":"Point","coordinates":[73.78193157156856,19.999968028003657]}},{"type":"Feature","properties":{"name":"C-0218","locationConfidence":"indicative","placement":"generated at random in a planning polygon"},"geometry":{"type":"Point","coordinates":[73.7818208200779,19.999983946554256]}},{"type":"Feature","properties":{"name":"C-0219","locationConfidence":"indicative","placement":"generated at random in a planning polygon"},"geometry":{"type":"Point","coordinates":[73.78146813635097,19.999409369305102]}},{"type":"Feature","properties":{"name":"C-0220","locationConfidence":"indicative","placement":"generated at random in a planning polygon"},"geometry":{"type":"Point","coordinates":[73.78066818442714,19.997463463410043]}},{"type":"Feature","properties":{"name":"C-0221","locationConfidence":"indicative","placement":"generated at random in a planning polygon"},"geometry":{"type":"Point","coordinates":[73.78186503014636,19.999900107506118]}},{"type":"Feature","properties":{"name":"C-0222","locationConfidence":"indicative","placement":"generated at random in a planning polygon"},"geometry":{"type":"Point","coordinates":[73.78133029644508,19.99822824578857]}},{"type":"Feature","properties":{"name":"C-0223","locationConfidence":"indicative","placement":"generated at random in a planning polygon"},"geometry":{"type":"Point","coordinates":[73.78206208227101,20.000295823986292]}},{"type":"Feature","properties":{"name":"C-0224","locationConfidence":"indicative","placement":"generated at random in a planning polygon"},"geometry":{"type":"Point","coordinates":[73.78040569151447,19.999238565673085]}},{"type":"Feature","properties":{"name":"C-0225","locationConfidence":"indicative","placement":"generated at random in a planning polygon"},"geometry":{"type":"Point","coordinates":[73.78044781177921,19.998349679104702]}},{"type":"Feature","properties":{"name":"C-0226","locationConfidence":"indicative","placement":"generated at random in a planning polygon"},"geometry":{"type":"Point","coordinates":[73.78192439574671,20.000047388502246]}},{"type":"Feature","properties":{"name":"C-0227","locationConfidence":"indicative","placement":"generated at random in a planning polygon"},"geometry":{"type":"Point","coordinates":[73.78052274458513,19.99867817402688]}},{"type":"Feature","properties":{"name":"C-0228","locationConfidence":"indicative","placement":"generated at random in a planning polygon"},"geometry":{"type":"Point","coordinates":[73.78161554108317,19.99971489359424]}},{"type":"Feature","properties":{"name":"C-0229","locationConfidence":"indicative","placement":"generated at random in a planning polygon"},"geometry":{"type":"Point","coordinates":[73.78047918086583,19.997533796973116]}},{"type":"Feature","properties":{"name":"C-0230","locationConfidence":"indicative","placement":"generated at random in a planning polygon"},"geometry":{"type":"Point","coordinates":[73.78020028980065,19.997931519013218]}},{"type":"Feature","properties":{"name":"C-0231","locationConfidence":"indicative","placement":"generated at random in a planning polygon"},"geometry":{"type":"Point","coordinates":[73.7814209027767,19.99947611208764]}},{"type":"Feature","properties":{"name":"C-0232","locationConfidence":"indicative","placement":"generated at random in a planning polygon"},"geometry":{"type":"Point","coordinates":[73.78175678356264,19.99944293207374]}},{"type":"Feature","properties":{"name":"C-0233","locationConfidence":"indicative","placement":"generated at random in a planning polygon"},"geometry":{"type":"Point","coordinates":[73.78185599252865,20.00041393208975]}},{"type":"Feature","properties":{"name":"C-0234","locationConfidence":"indicative","placement":"generated at random in a planning polygon"},"geometry":{"type":"Point","coordinates":[73.78098815435426,19.999600758005382]}},{"type":"Feature","properties":{"name":"C-0235","locationConfidence":"indicative","placement":"generated at random in a planning polygon"},"geometry":{"type":"Point","coordinates":[73.78048004326074,19.998815990725884]}},{"type":"Feature","properties":{"name":"C-0236","locationConfidence":"indicative","placement":"generated at random in a planning polygon"},"geometry":{"type":"Point","coordinates":[73.78131272934816,19.998943268433088]}},{"type":"Feature","properties":{"name":"C-0237","locationConfidence":"indicative","placement":"generated at random in a planning polygon"},"geometry":{"type":"Point","coordinates":[73.78132075969178,20.000001082172034]}},{"type":"Feature","properties":{"name":"C-0238","locationConfidence":"indicative","placement":"generated at random in a planning polygon"},"geometry":{"type":"Point","coordinates":[73.78036968246336,19.998347548913]}},{"type":"Feature","properties":{"name":"C-0239","locationConfidence":"indicative","placement":"generated at random in a planning polygon"},"geometry":{"type":"Point","coordinates":[73.78148512674686,19.999428756891334]}},{"type":"Feature","properties":{"name":"C-0240","locationConfidence":"indicative","placement":"generated at random in a planning polygon"},"geometry":{"type":"Point","coordinates":[73.78083978015822,19.998125229101472]}},{"type":"Feature","properties":{"name":"C-0241","locationConfidence":"indicative","placement":"generated at random in a planning polygon"},"geometry":{"type":"Point","coordinates":[73.7804562030188,19.997549114734163]}},{"type":"Feature","properties":{"name":"C-0242","locationConfidence":"indicative","placement":"generated at random in a planning polygon"},"geometry":{"type":"Point","coordinates":[73.78103063516713,19.99935476909566]}},{"type":"Feature","properties":{"name":"C-0243","locationConfidence":"indicative","placement":"generated at random in a planning polygon"},"geometry":{"type":"Point","coordinates":[73.78053647861701,20.00015132847246]}},{"type":"Feature","properties":{"name":"C-0244","locationConfidence":"indicative","placement":"generated at random in a planning polygon"},"geometry":{"type":"Point","coordinates":[73.7812985329782,20.000473167735596]}},{"type":"Feature","properties":{"name":"C-0245","locationConfidence":"indicative","placement":"generated at random in a planning polygon"},"geometry":{"type":"Point","coordinates":[73.78149765287122,20.00045058989012]}},{"type":"Feature","properties":{"name":"C-0246","locationConfidence":"indicative","placement":"generated at random in a planning polygon"},"geometry":{"type":"Point","coordinates":[73.77988393487016,19.9974102355436]}},{"type":"Feature","properties":{"name":"C-0247","locationConfidence":"indicative","placement":"generated at random in a planning polygon"},"geometry":{"type":"Point","coordinates":[73.78053906456897,19.999535792900907]}},{"type":"Feature","properties":{"name":"C-0248","locationConfidence":"indicative","placement":"generated at random in a planning polygon"},"geometry":{"type":"Point","coordinates":[73.78099863342877,19.999144009098828]}},{"type":"Feature","properties":{"name":"C-0249","locationConfidence":"indicative","placement":"generated at random in a planning polygon"},"geometry":{"type":"Point","coordinates":[73.7803482338328,19.99827726105191]}},{"type":"Feature","properties":{"name":"C-0250","locationConfidence":"indicative","placement":"generated at random in a planning polygon"},"geometry":{"type":"Point","coordinates":[73.78107570697357,19.997609483711887]}},{"type":"Feature","properties":{"name":"C-0251","locationConfidence":"indicative","placement":"generated at random in a planning polygon"},"geometry":{"type":"Point","coordinates":[73.78018427377272,19.997480880253104]}},{"type":"Feature","properties":{"name":"C-0252","locationConfidence":"indicative","placement":"generated at random in a planning polygon"},"geometry":{"type":"Point","coordinates":[73.78125432125883,19.997953259925392]}},{"type":"Feature","properties":{"name":"C-0253","locationConfidence":"indicative","placement":"generated at random in a planning polygon"},"geometry":{"type":"Point","coordinates":[73.780306905798,19.998555332039118]}},{"type":"Feature","properties":{"name":"C-0254","locationConfidence":"indicative","placement":"generated at random in a planning polygon"},"geometry":{"type":"Point","coordinates":[73.78023338161209,19.997852578628795]}},{"type":"Feature","properties":{"name":"C-0255","locationConfidence":"indicative","placement":"generated at random in a planning polygon"},"geometry":{"type":"Point","coordinates":[73.78187405424637,20.00046803167642]}},{"type":"Feature","properties":{"name":"C-0256","locationConfidence":"indicative","placement":"generated at random in a planning polygon"},"geometry":{"type":"Point","coordinates":[73.78112145437531,19.99859447792778]}},{"type":"Feature","properties":{"name":"C-0257","locationConfidence":"indicative","placement":"generated at random in a planning polygon"},"geometry":{"type":"Point","coordinates":[73.78014807377642,19.998583288579326]}},{"type":"Feature","properties":{"name":"C-0258","locationConfidence":"indicative","placement":"generated at random in a planning polygon"},"geometry":{"type":"Point","coordinates":[73.78095060932623,19.99791809785533]}},{"type":"Feature","properties":{"name":"C-0259","locationConfidence":"indicative","placement":"generated at random in a planning polygon"},"geometry":{"type":"Point","coordinates":[73.78072841615203,19.99936536966203]}},{"type":"Feature","properties":{"name":"C-0260","locationConfidence":"indicative","placement":"generated at random in a planning polygon"},"geometry":{"type":"Point","coordinates":[73.78027316882981,19.998446759873115]}},{"type":"Feature","properties":{"name":"C-0261","locationConfidence":"indicative","placement":"generated at random in a planning polygon"},"geometry":{"type":"Point","coordinates":[73.78070432633777,19.999757989233217]}},{"type":"Feature","properties":{"name":"C-0262","locationConfidence":"indicative","placement":"generated at random in a planning polygon"},"geometry":{"type":"Point","coordinates":[73.7809199950216,19.99946726216235]}},{"type":"Feature","properties":{"name":"C-0263","locationConfidence":"indicative","placement":"generated at random in a planning polygon"},"geometry":{"type":"Point","coordinates":[73.78089832367984,19.999051608897247]}},{"type":"Feature","properties":{"name":"C-0264","locationConfidence":"indicative","placement":"generated at random in a planning polygon"},"geometry":{"type":"Point","coordinates":[73.78157586792095,19.999248908337847]}},{"type":"Feature","properties":{"name":"C-0265","locationConfidence":"indicative","placement":"generated at random in a planning polygon"},"geometry":{"type":"Point","coordinates":[73.78159084359115,20.00017055509891]}},{"type":"Feature","properties":{"name":"C-0266","locationConfidence":"indicative","placement":"generated at random in a planning polygon"},"geometry":{"type":"Point","coordinates":[73.78056510332067,19.999864103176503]}},{"type":"Feature","properties":{"name":"C-0267","locationConfidence":"indicative","placement":"generated at random in a planning polygon"},"geometry":{"type":"Point","coordinates":[73.78176690079468,19.99948445060096]}},{"type":"Feature","properties":{"name":"C-0268","locationConfidence":"indicative","placement":"generated at random in a planning polygon"},"geometry":{"type":"Point","coordinates":[73.7811447003982,19.998427788997706]}},{"type":"Feature","properties":{"name":"C-0269","locationConfidence":"indicative","placement":"generated at random in a planning polygon"},"geometry":{"type":"Point","coordinates":[73.78179565443475,20.000029830431888]}},{"type":"Feature","properties":{"name":"C-0270","locationConfidence":"indicative","placement":"generated at random in a planning polygon"},"geometry":{"type":"Point","coordinates":[73.780109397634,19.99731675593271]}},{"type":"Feature","properties":{"name":"C-0271","locationConfidence":"indicative","placement":"generated at random in a planning polygon"},"geometry":{"type":"Point","coordinates":[73.7812817956359,19.999664080391817]}},{"type":"Feature","properties":{"name":"C-0272","locationConfidence":"indicative","placement":"generated at random in a planning polygon"},"geometry":{"type":"Point","coordinates":[73.78185392401181,20.00010648699488]}},{"type":"Feature","properties":{"name":"C-0273","locationConfidence":"indicative","placement":"generated at random in a planning polygon"},"geometry":{"type":"Point","coordinates":[73.78065532394744,19.997653787889895]}},{"type":"Feature","properties":{"name":"C-0274","locationConfidence":"indicative","placement":"generated at random in a planning polygon"},"geometry":{"type":"Point","coordinates":[73.78124352011983,19.99788083278342]}},{"type":"Feature","properties":{"name":"C-0275","locationConfidence":"indicative","placement":"generated at random in a planning polygon"},"geometry":{"type":"Point","coordinates":[73.78202735178718,20.000463481175082]}},{"type":"Feature","properties":{"name":"C-0276","locationConfidence":"indicative","placement":"generated at random in a planning polygon"},"geometry":{"type":"Point","coordinates":[73.78045641174575,19.999181786068267]}},{"type":"Feature","properties":{"name":"C-0277","locationConfidence":"indicative","placement":"generated at random in a planning polygon"},"geometry":{"type":"Point","coordinates":[73.78039626289272,19.999010189641247]}},{"type":"Feature","properties":{"name":"C-0278","locationConfidence":"indicative","placement":"generated at random in a planning polygon"},"geometry":{"type":"Point","coordinates":[73.78057127129742,19.999267160081683]}},{"type":"Feature","properties":{"name":"C-0279","locationConfidence":"indicative","placement":"generated at random in a planning polygon"},"geometry":{"type":"Point","coordinates":[73.780985407787,19.99850116086699]}},{"type":"Feature","properties":{"name":"C-0280","locationConfidence":"indicative","placement":"generated at random in a planning polygon"},"geometry":{"type":"Point","coordinates":[73.78096936112205,19.998066033476544]}},{"type":"Feature","properties":{"name":"C-0281","locationConfidence":"indicative","placement":"generated at random in a planning polygon"},"geometry":{"type":"Point","coordinates":[73.78141219983382,20.000394325472197]}},{"type":"Feature","properties":{"name":"C-0282","locationConfidence":"indicative","placement":"generated at random in a planning polygon"},"geometry":{"type":"Point","coordinates":[73.7810940102715,20.000416913993643]}},{"type":"Feature","properties":{"name":"C-0283","locationConfidence":"indicative","placement":"generated at random in a planning polygon"},"geometry":{"type":"Point","coordinates":[73.78098895951325,19.997834163920764]}},{"type":"Feature","properties":{"name":"C-0284","locationConfidence":"indicative","placement":"generated at random in a planning polygon"},"geometry":{"type":"Point","coordinates":[73.78149333863652,19.99849995105594]}},{"type":"Feature","properties":{"name":"C-0285","locationConfidence":"indicative","placement":"generated at random in a planning polygon"},"geometry":{"type":"Point","coordinates":[73.78036003567523,19.998432257326282]}},{"type":"Feature","properties":{"name":"C-0286","locationConfidence":"indicative","placement":"generated at random in a planning polygon"},"geometry":{"type":"Point","coordinates":[73.78090409971803,19.997518475565958]}},{"type":"Feature","properties":{"name":"C-0287","locationConfidence":"indicative","placement":"generated at random in a planning polygon"},"geometry":{"type":"Point","coordinates":[73.78146445501207,19.999213706424953]}},{"type":"Feature","properties":{"name":"C-0288","locationConfidence":"indicative","placement":"generated at random in a planning polygon"},"geometry":{"type":"Point","coordinates":[73.78062379097011,19.99912703117679]}},{"type":"Feature","properties":{"name":"C-0289","locationConfidence":"indicative","placement":"generated at random in a planning polygon"},"geometry":{"type":"Point","coordinates":[73.78118660873747,20.00002642558827]}},{"type":"Feature","properties":{"name":"C-0290","locationConfidence":"indicative","placement":"generated at random in a planning polygon"},"geometry":{"type":"Point","coordinates":[73.78042256674325,19.99739541350807]}},{"type":"Feature","properties":{"name":"C-0291","locationConfidence":"indicative","placement":"generated at random in a planning polygon"},"geometry":{"type":"Point","coordinates":[73.78140926665066,19.999355425753162]}},{"type":"Feature","properties":{"name":"C-0292","locationConfidence":"indicative","placement":"generated at random in a planning polygon"},"geometry":{"type":"Point","coordinates":[73.78052101451712,19.998696443984716]}},{"type":"Feature","properties":{"name":"C-0293","locationConfidence":"indicative","placement":"generated at random in a planning polygon"},"geometry":{"type":"Point","coordinates":[73.78156492809407,19.998790584057215]}},{"type":"Feature","properties":{"name":"C-0294","locationConfidence":"indicative","placement":"generated at random in a planning polygon"},"geometry":{"type":"Point","coordinates":[73.78007447780138,19.997950203509053]}},{"type":"Feature","properties":{"name":"C-0295","locationConfidence":"indicative","placement":"generated at random in a planning polygon"},"geometry":{"type":"Point","coordinates":[73.78107942386042,19.99807523341277]}},{"type":"Feature","properties":{"name":"C-0296","locationConfidence":"indicative","placement":"generated at random in a planning polygon"},"geometry":{"type":"Point","coordinates":[73.78173044237798,20.00001338746659]}},{"type":"Feature","properties":{"name":"C-0297","locationConfidence":"indicative","placement":"generated at random in a planning polygon"},"geometry":{"type":"Point","coordinates":[73.7804453899797,19.99992663121835]}},{"type":"Feature","properties":{"name":"C-0298","locationConfidence":"indicative","placement":"generated at random in a planning polygon"},"geometry":{"type":"Point","coordinates":[73.78057190978647,19.99862628887173]}},{"type":"Feature","properties":{"name":"C-0299","locationConfidence":"indicative","placement":"generated at random in a planning polygon"},"geometry":{"type":"Point","coordinates":[73.78035607613576,19.997802319144494]}},{"type":"Feature","properties":{"name":"C-0300","locationConfidence":"indicative","placement":"generated at random in a planning polygon"},"geometry":{"type":"Point","coordinates":[73.78003993324717,19.997980313104247]}},{"type":"Feature","properties":{"name":"C-0301","locationConfidence":"indicative","placement":"generated at random in a planning polygon"},"geometry":{"type":"Point","coordinates":[73.7813389298615,19.998837429313102]}},{"type":"Feature","properties":{"name":"C-0302","locationConfidence":"indicative","placement":"generated at random in a planning polygon"},"geometry":{"type":"Point","coordinates":[73.78181811145612,20.000378442648]}},{"type":"Feature","properties":{"name":"C-0303","locationConfidence":"indicative","placement":"generated at random in a planning polygon"},"geometry":{"type":"Point","coordinates":[73.78032879968391,19.99888738138081]}},{"type":"Feature","properties":{"name":"C-0304","locationConfidence":"indicative","placement":"generated at random in a planning polygon"},"geometry":{"type":"Point","coordinates":[73.78201669011204,20.000217640961875]}},{"type":"Feature","properties":{"name":"C-0305","locationConfidence":"indicative","placement":"generated at random in a planning polygon"},"geometry":{"type":"Point","coordinates":[73.78151139367928,19.999415431510403]}},{"type":"Feature","properties":{"name":"C-0306","locationConfidence":"indicative","placement":"generated at random in a planning polygon"},"geometry":{"type":"Point","coordinates":[73.78114602885414,19.997868919423226]}},{"type":"Feature","properties":{"name":"C-0307","locationConfidence":"indicative","placement":"generated at random in a planning polygon"},"geometry":{"type":"Point","coordinates":[73.78127470478722,19.998470116690385]}},{"type":"Feature","properties":{"name":"C-0308","locationConfidence":"indicative","placement":"generated at random in a planning polygon"},"geometry":{"type":"Point","coordinates":[73.78178827294019,19.99966018040692]}},{"type":"Feature","properties":{"name":"C-0309","locationConfidence":"indicative","placement":"generated at random in a planning polygon"},"geometry":{"type":"Point","coordinates":[73.7800388254668,19.997524392244166]}},{"type":"Feature","properties":{"name":"C-0310","locationConfidence":"indicative","placement":"generated at random in a planning polygon"},"geometry":{"type":"Point","coordinates":[73.78075757896247,19.999842273564727]}},{"type":"Feature","properties":{"name":"C-0311","locationConfidence":"indicative","placement":"generated at random in a planning polygon"},"geometry":{"type":"Point","coordinates":[73.78062620498238,19.99745597599158]}},{"type":"Feature","properties":{"name":"C-0312","locationConfidence":"indicative","placement":"generated at random in a planning polygon"},"geometry":{"type":"Point","coordinates":[73.78091489224578,20.000147855781936]}},{"type":"Feature","properties":{"name":"C-0313","locationConfidence":"indicative","placement":"generated at random in a planning polygon"},"geometry":{"type":"Point","coordinates":[73.78065041598865,19.997924488825586]}},{"type":"Feature","properties":{"name":"C-0314","locationConfidence":"indicative","placement":"generated at random in a planning polygon"},"geometry":{"type":"Point","coordinates":[73.78015271063668,19.998601172888332]}},{"type":"Feature","properties":{"name":"C-0315","locationConfidence":"indicative","placement":"generated at random in a planning polygon"},"geometry":{"type":"Point","coordinates":[73.78062241027796,19.998677271217947]}},{"type":"Feature","properties":{"name":"C-0316","locationConfidence":"indicative","placement":"generated at random in a planning polygon"},"geometry":{"type":"Point","coordinates":[73.78094783416313,20.000504620685]}},{"type":"Feature","properties":{"name":"C-0317","locationConfidence":"indicative","placement":"generated at random in a planning polygon"},"geometry":{"type":"Point","coordinates":[73.78032176214282,19.998225665197715]}},{"type":"Feature","properties":{"name":"C-0318","locationConfidence":"indicative","placement":"generated at random in a planning polygon"},"geometry":{"type":"Point","coordinates":[73.78080132913458,20.00056391894559]}},{"type":"Feature","properties":{"name":"C-0319","locationConfidence":"indicative","placement":"generated at random in a planning polygon"},"geometry":{"type":"Point","coordinates":[73.78044213022066,19.999283829450782]}},{"type":"Feature","properties":{"name":"C-0320","locationConfidence":"indicative","placement":"generated at random in a planning polygon"},"geometry":{"type":"Point","coordinates":[73.78056067934946,19.99764702444484]}},{"type":"Feature","properties":{"name":"C-0321","locationConfidence":"indicative","placement":"generated at random in a planning polygon"},"geometry":{"type":"Point","coordinates":[73.78098130176292,19.997631736673828]}},{"type":"Feature","properties":{"name":"C-0322","locationConfidence":"indicative","placement":"generated at random in a planning polygon"},"geometry":{"type":"Point","coordinates":[73.78045477372042,19.998426697513825]}},{"type":"Feature","properties":{"name":"C-0323","locationConfidence":"indicative","placement":"generated at random in a planning polygon"},"geometry":{"type":"Point","coordinates":[73.78143244353078,19.99903398470219]}},{"type":"Feature","properties":{"name":"C-0324","locationConfidence":"indicative","placement":"generated at random in a planning polygon"},"geometry":{"type":"Point","coordinates":[73.7810408784248,19.99816883837992]}},{"type":"Feature","properties":{"name":"C-0325","locationConfidence":"indicative","placement":"generated at random in a planning polygon"},"geometry":{"type":"Point","coordinates":[73.78209173911426,20.000402504732264]}},{"type":"Feature","properties":{"name":"C-0326","locationConfidence":"indicative","placement":"generated at random in a planning polygon"},"geometry":{"type":"Point","coordinates":[73.78061184302123,19.998397055078698]}},{"type":"Feature","properties":{"name":"C-0327","locationConfidence":"indicative","placement":"generated at random in a planning polygon"},"geometry":{"type":"Point","coordinates":[73.78054770498397,19.997663604814324]}},{"type":"Feature","properties":{"name":"C-0328","locationConfidence":"indicative","placement":"generated at random in a planning polygon"},"geometry":{"type":"Point","coordinates":[73.78061070541523,20.00036527814712]}},{"type":"Feature","properties":{"name":"C-0329","locationConfidence":"indicative","placement":"generated at random in a planning polygon"},"geometry":{"type":"Point","coordinates":[73.78102738476662,20.00044612467656]}},{"type":"Feature","properties":{"name":"C-0330","locationConfidence":"indicative","placement":"generated at random in a planning polygon"},"geometry":{"type":"Point","coordinates":[73.78027972121677,19.99836262564516]}},{"type":"Feature","properties":{"name":"C-0331","locationConfidence":"indicative","placement":"generated at random in a planning polygon"},"geometry":{"type":"Point","coordinates":[73.78074913588654,19.999176262526255]}},{"type":"Feature","properties":{"name":"C-0332","locationConfidence":"indicative","placement":"generated at random in a planning polygon"},"geometry":{"type":"Point","coordinates":[73.78103788054652,19.99892973511343]}},{"type":"Feature","properties":{"name":"C-0333","locationConfidence":"indicative","placement":"generated at random in a planning polygon"},"geometry":{"type":"Point","coordinates":[73.78133301146153,19.998895812466746]}},{"type":"Feature","properties":{"name":"C-0334","locationConfidence":"indicative","placement":"generated at random in a planning polygon"},"geometry":{"type":"Point","coordinates":[73.78108086161109,19.999110914179848]}},{"type":"Feature","properties":{"name":"C-0335","locationConfidence":"indicative","placement":"generated at random in a planning polygon"},"geometry":{"type":"Point","coordinates":[73.78159146544706,20.00047328236124]}},{"type":"Feature","properties":{"name":"C-0336","locationConfidence":"indicative","placement":"generated at random in a planning polygon"},"geometry":{"type":"Point","coordinates":[73.78092640231765,19.999383848528456]}},{"type":"Feature","properties":{"name":"C-0337","locationConfidence":"indicative","placement":"generated at random in a planning polygon"},"geometry":{"type":"Point","coordinates":[73.78084833781526,20.00038442124156]}},{"type":"Feature","properties":{"name":"C-0338","locationConfidence":"indicative","placement":"generated at random in a planning polygon"},"geometry":{"type":"Point","coordinates":[73.78116533458787,19.999040524511425]}},{"type":"Feature","properties":{"name":"C-0339","locationConfidence":"indicative","placement":"generated at random in a planning polygon"},"geometry":{"type":"Point","coordinates":[73.78150378410125,19.999502468135628]}},{"type":"Feature","properties":{"name":"C-0340","locationConfidence":"indicative","placement":"generated at random in a planning polygon"},"geometry":{"type":"Point","coordinates":[73.78160520991064,19.998898199728174]}},{"type":"Feature","properties":{"name":"C-0341","locationConfidence":"indicative","placement":"generated at random in a planning polygon"},"geometry":{"type":"Point","coordinates":[73.78043552273351,19.99846060871746]}},{"type":"Feature","properties":{"name":"C-0342","locationConfidence":"indicative","placement":"generated at random in a planning polygon"},"geometry":{"type":"Point","coordinates":[73.78117029899404,20.00019933592861]}},{"type":"Feature","properties":{"name":"C-0343","locationConfidence":"indicative","placement":"generated at random in a planning polygon"},"geometry":{"type":"Point","coordinates":[73.78106659084092,19.998592208639952]}},{"type":"Feature","properties":{"name":"C-0344","locationConfidence":"indicative","placement":"generated at random in a planning polygon"},"geometry":{"type":"Point","coordinates":[73.78133357786857,20.000125686267786]}},{"type":"Feature","properties":{"name":"C-0345","locationConfidence":"indicative","placement":"generated at random in a planning polygon"},"geometry":{"type":"Point","coordinates":[73.78070010998421,19.999251701875735]}},{"type":"Feature","properties":{"name":"C-0346","locationConfidence":"indicative","placement":"generated at random in a planning polygon"},"geometry":{"type":"Point","coordinates":[73.78033507082374,19.998165844843296]}},{"type":"Feature","properties":{"name":"C-0347","locationConfidence":"indicative","placement":"generated at random in a planning polygon"},"geometry":{"type":"Point","coordinates":[73.78178792673472,20.00034549593888]}},{"type":"Feature","properties":{"name":"C-0348","locationConfidence":"indicative","placement":"generated at random in a planning polygon"},"geometry":{"type":"Point","coordinates":[73.78064145887616,19.99779616555102]}},{"type":"Feature","properties":{"name":"C-0349","locationConfidence":"indicative","placement":"generated at random in a planning polygon"},"geometry":{"type":"Point","coordinates":[73.78062667896121,19.99826025332414]}},{"type":"Feature","properties":{"name":"C-0350","locationConfidence":"indicative","placement":"generated at random in a planning polygon"},"geometry":{"type":"Point","coordinates":[73.78065477356226,19.999836085572746]}},{"type":"Feature","properties":{"name":"C-0351","locationConfidence":"indicative","placement":"generated at random in a planning polygon"},"geometry":{"type":"Point","coordinates":[73.78180039523727,19.999455185179638]}},{"type":"Feature","properties":{"name":"C-0352","locationConfidence":"indicative","placement":"generated at random in a planning polygon"},"geometry":{"type":"Point","coordinates":[73.78049570953746,19.999945935887233]}},{"type":"Feature","properties":{"name":"C-0353","locationConfidence":"indicative","placement":"generated at random in a planning polygon"},"geometry":{"type":"Point","coordinates":[73.78084419700356,20.000516565685015]}},{"type":"Feature","properties":{"name":"C-0354","locationConfidence":"indicative","placement":"generated at random in a planning polygon"},"geometry":{"type":"Point","coordinates":[73.78036069775679,19.997971423419585]}},{"type":"Feature","properties":{"name":"C-0355","locationConfidence":"indicative","placement":"generated at random in a planning polygon"},"geometry":{"type":"Point","coordinates":[73.78178727754728,19.999987099755405]}},{"type":"Feature","properties":{"name":"C-0356","locationConfidence":"indicative","placement":"generated at random in a planning polygon"},"geometry":{"type":"Point","coordinates":[73.78177951959239,19.99986384522823]}},{"type":"Feature","properties":{"name":"C-0357","locationConfidence":"indicative","placement":"generated at random in a planning polygon"},"geometry":{"type":"Point","coordinates":[73.78047766379977,19.999298590529524]}},{"type":"Feature","properties":{"name":"C-0358","locationConfidence":"indicative","placement":"generated at random in a planning polygon"},"geometry":{"type":"Point","coordinates":[73.7807654651946,20.00035487019095]}},{"type":"Feature","properties":{"name":"C-0359","locationConfidence":"indicative","placement":"generated at random in a planning polygon"},"geometry":{"type":"Point","coordinates":[73.78136877810506,19.999955645162864]}},{"type":"Feature","properties":{"name":"C-0360","locationConfidence":"indicative","placement":"generated at random in a planning polygon"},"geometry":{"type":"Point","coordinates":[73.78044080491816,19.9997987514683]}},{"type":"Feature","properties":{"name":"C-0361","locationConfidence":"indicative","placement":"generated at random in a planning polygon"},"geometry":{"type":"Point","coordinates":[73.78137418349434,19.999972412909585]}},{"type":"Feature","properties":{"name":"C-0362","locationConfidence":"indicative","placement":"generated at random in a planning polygon"},"geometry":{"type":"Point","coordinates":[73.78071066390235,20.000290549492274]}},{"type":"Feature","properties":{"name":"C-0363","locationConfidence":"indicative","placement":"generated at random in a planning polygon"},"geometry":{"type":"Point","coordinates":[73.78133968397691,19.999311117742394]}},{"type":"Feature","properties":{"name":"C-0364","locationConfidence":"indicative","placement":"generated at random in a planning polygon"},"geometry":{"type":"Point","coordinates":[73.78151556672213,19.999976953077567]}},{"type":"Feature","properties":{"name":"C-0365","locationConfidence":"indicative","placement":"generated at random in a planning polygon"},"geometry":{"type":"Point","coordinates":[73.78128797872847,19.99886450335457]}},{"type":"Feature","properties":{"name":"C-0366","locationConfidence":"indicative","placement":"generated at random in a planning polygon"},"geometry":{"type":"Point","coordinates":[73.78095022813037,19.999575217205184]}},{"type":"Feature","properties":{"name":"C-0367","locationConfidence":"indicative","placement":"generated at random in a planning polygon"},"geometry":{"type":"Point","coordinates":[73.78091483786577,19.9977337304657]}},{"type":"Feature","properties":{"name":"C-0368","locationConfidence":"indicative","placement":"generated at random in a planning polygon"},"geometry":{"type":"Point","coordinates":[73.78028372084425,19.998046818869607]}},{"type":"Feature","properties":{"name":"C-0369","locationConfidence":"indicative","placement":"generated at random in a planning polygon"},"geometry":{"type":"Point","coordinates":[73.78069926748138,19.999080292044177]}},{"type":"Feature","properties":{"name":"C-0370","locationConfidence":"indicative","placement":"generated at random in a planning polygon"},"geometry":{"type":"Point","coordinates":[73.78094128301781,19.999040990972166]}},{"type":"Feature","properties":{"name":"C-0371","locationConfidence":"indicative","placement":"generated at random in a planning polygon"},"geometry":{"type":"Point","coordinates":[73.78115427875309,19.998108455599798]}},{"type":"Feature","properties":{"name":"C-0372","locationConfidence":"indicative","placement":"generated at random in a planning polygon"},"geometry":{"type":"Point","coordinates":[73.78044526189862,19.998558098872127]}},{"type":"Feature","properties":{"name":"C-0373","locationConfidence":"indicative","placement":"generated at random in a planning polygon"},"geometry":{"type":"Point","coordinates":[73.78129142399828,19.99985240387302]}},{"type":"Feature","properties":{"name":"C-0374","locationConfidence":"indicative","placement":"generated at random in a planning polygon"},"geometry":{"type":"Point","coordinates":[73.78040724214472,19.99892200882301]}},{"type":"Feature","properties":{"name":"C-0375","locationConfidence":"indicative","placement":"generated at random in a planning polygon"},"geometry":{"type":"Point","coordinates":[73.78143780624292,19.999448199125816]}},{"type":"Feature","properties":{"name":"C-0376","locationConfidence":"indicative","placement":"generated at random in a planning polygon"},"geometry":{"type":"Point","coordinates":[73.78121076578141,19.998166573489833]}},{"type":"Feature","properties":{"name":"C-0377","locationConfidence":"indicative","placement":"generated at random in a planning polygon"},"geometry":{"type":"Point","coordinates":[73.78046120338148,19.99963799859984]}},{"type":"Feature","properties":{"name":"C-0378","locationConfidence":"indicative","placement":"generated at random in a planning polygon"},"geometry":{"type":"Point","coordinates":[73.78084675581088,19.999532665494215]}},{"type":"Feature","properties":{"name":"C-0379","locationConfidence":"indicative","placement":"generated at random in a planning polygon"},"geometry":{"type":"Point","coordinates":[73.78086058803221,20.000409576238294]}},{"type":"Feature","properties":{"name":"C-0380","locationConfidence":"indicative","placement":"generated at random in a planning polygon"},"geometry":{"type":"Point","coordinates":[73.78070788282403,19.999550231401457]}},{"type":"Feature","properties":{"name":"C-0381","locationConfidence":"indicative","placement":"generated at random in a planning polygon"},"geometry":{"type":"Point","coordinates":[73.78034939228807,19.99887423914732]}},{"type":"Feature","properties":{"name":"C-0382","locationConfidence":"indicative","placement":"generated at random in a planning polygon"},"geometry":{"type":"Point","coordinates":[73.7818143586366,20.000161510780664]}},{"type":"Feature","properties":{"name":"C-0383","locationConfidence":"indicative","placement":"generated at random in a planning polygon"},"geometry":{"type":"Point","coordinates":[73.78074338215224,19.997459825277826]}},{"type":"Feature","properties":{"name":"C-0384","locationConfidence":"indicative","placement":"generated at random in a planning polygon"},"geometry":{"type":"Point","coordinates":[73.78075944517789,19.998084667891852]}},{"type":"Feature","properties":{"name":"C-0385","locationConfidence":"indicative","placement":"generated at random in a planning polygon"},"geometry":{"type":"Point","coordinates":[73.78156530700268,19.998814668342238]}},{"type":"Feature","properties":{"name":"C-0386","locationConfidence":"indicative","placement":"generated at random in a planning polygon"},"geometry":{"type":"Point","coordinates":[73.7819933790792,20.00016999750391]}},{"type":"Feature","properties":{"name":"C-0387","locationConfidence":"indicative","placement":"generated at random in a planning polygon"},"geometry":{"type":"Point","coordinates":[73.78140975175651,19.998888422871058]}},{"type":"Feature","properties":{"name":"C-0388","locationConfidence":"indicative","placement":"generated at random in a planning polygon"},"geometry":{"type":"Point","coordinates":[73.78032994106938,19.99795391343447]}},{"type":"Feature","properties":{"name":"C-0389","locationConfidence":"indicative","placement":"generated at random in a planning polygon"},"geometry":{"type":"Point","coordinates":[73.7805591046169,19.998263237390358]}},{"type":"Feature","properties":{"name":"C-0390","locationConfidence":"indicative","placement":"generated at random in a planning polygon"},"geometry":{"type":"Point","coordinates":[73.78116919433053,20.000372418769906]}},{"type":"Feature","properties":{"name":"C-0391","locationConfidence":"indicative","placement":"generated at random in a planning polygon"},"geometry":{"type":"Point","coordinates":[73.78027700646273,19.99764713151065]}},{"type":"Feature","properties":{"name":"C-0392","locationConfidence":"indicative","placement":"generated at random in a planning polygon"},"geometry":{"type":"Point","coordinates":[73.78032240776366,19.998241403587805]}},{"type":"Feature","properties":{"name":"C-0393","locationConfidence":"indicative","placement":"generated at random in a planning polygon"},"geometry":{"type":"Point","coordinates":[73.78177021524408,20.000448732073203]}},{"type":"Feature","properties":{"name":"C-0394","locationConfidence":"indicative","placement":"generated at random in a planning polygon"},"geometry":{"type":"Point","coordinates":[73.78091147487697,20.000213072822422]}},{"type":"Feature","properties":{"name":"C-0395","locationConfidence":"indicative","placement":"generated at random in a planning polygon"},"geometry":{"type":"Point","coordinates":[73.78132962357061,19.997992302160476]}},{"type":"Feature","properties":{"name":"C-0396","locationConfidence":"indicative","placement":"generated at random in a planning polygon"},"geometry":{"type":"Point","coordinates":[73.78166213579676,19.999376909082084]}},{"type":"Feature","properties":{"name":"C-0397","locationConfidence":"indicative","placement":"generated at random in a planning polygon"},"geometry":{"type":"Point","coordinates":[73.78109672617903,20.00003249524041]}},{"type":"Feature","properties":{"name":"C-0398","locationConfidence":"indicative","placement":"generated at random in a planning polygon"},"geometry":{"type":"Point","coordinates":[73.78040227039142,19.998788078868056]}},{"type":"Feature","properties":{"name":"C-0399","locationConfidence":"indicative","placement":"generated at random in a planning polygon"},"geometry":{"type":"Point","coordinates":[73.7804332869656,19.998295539075034]}},{"type":"Feature","properties":{"name":"C-0400","locationConfidence":"indicative","placement":"generated at random in a planning polygon"},"geometry":{"type":"Point","coordinates":[73.78159033884543,20.00009961875537]}},{"type":"Feature","properties":{"name":"C-0401","locationConfidence":"indicative","placement":"generated at random in a planning polygon"},"geometry":{"type":"Point","coordinates":[73.79687120650955,19.99427770528715]}},{"type":"Feature","properties":{"name":"C-0402","locationConfidence":"indicative","placement":"generated at random in a planning polygon"},"geometry":{"type":"Point","coordinates":[73.79674200318843,19.994309603346206]}},{"type":"Feature","properties":{"name":"C-0403","locationConfidence":"indicative","placement":"generated at random in a planning polygon"},"geometry":{"type":"Point","coordinates":[73.79710764956081,19.99392042104155]}},{"type":"Feature","properties":{"name":"C-0404","locationConfidence":"indicative","placement":"generated at random in a planning polygon"},"geometry":{"type":"Point","coordinates":[73.79752356388663,19.994337599601934]}},{"type":"Feature","properties":{"name":"C-0405","locationConfidence":"indicative","placement":"generated at random in a planning polygon"},"geometry":{"type":"Point","coordinates":[73.79687778416914,19.994220282835155]}},{"type":"Feature","properties":{"name":"C-0406","locationConfidence":"indicative","placement":"generated at random in a planning polygon"},"geometry":{"type":"Point","coordinates":[73.79738175034184,19.994520567869554]}},{"type":"Feature","properties":{"name":"C-0407","locationConfidence":"indicative","placement":"generated at random in a planning polygon"},"geometry":{"type":"Point","coordinates":[73.79629900891308,19.993965561030596]}},{"type":"Feature","properties":{"name":"C-0408","locationConfidence":"indicative","placement":"generated at random in a planning polygon"},"geometry":{"type":"Point","coordinates":[73.7973521663362,19.994501487278637]}},{"type":"Feature","properties":{"name":"C-0409","locationConfidence":"indicative","placement":"generated at random in a planning polygon"},"geometry":{"type":"Point","coordinates":[73.79738215951491,19.993948253581912]}},{"type":"Feature","properties":{"name":"C-0410","locationConfidence":"indicative","placement":"generated at random in a planning polygon"},"geometry":{"type":"Point","coordinates":[73.79755360451381,19.99417859425157]}},{"type":"Feature","properties":{"name":"C-0411","locationConfidence":"indicative","placement":"generated at random in a planning polygon"},"geometry":{"type":"Point","coordinates":[73.79674127570364,19.99367847328014]}},{"type":"Feature","properties":{"name":"C-0412","locationConfidence":"indicative","placement":"generated at random in a planning polygon"},"geometry":{"type":"Point","coordinates":[73.7974969973433,19.99435847933607]}},{"type":"Feature","properties":{"name":"C-0413","locationConfidence":"indicative","placement":"generated at random in a planning polygon"},"geometry":{"type":"Point","coordinates":[73.79677552112283,19.99348277961677]}},{"type":"Feature","properties":{"name":"C-0414","locationConfidence":"indicative","placement":"generated at random in a planning polygon"},"geometry":{"type":"Point","coordinates":[73.79646139790691,19.99362689946988]}},{"type":"Feature","properties":{"name":"C-0415","locationConfidence":"indicative","placement":"generated at random in a planning polygon"},"geometry":{"type":"Point","coordinates":[73.79628103915178,19.993942995699058]}},{"type":"Feature","properties":{"name":"C-0416","locationConfidence":"indicative","placement":"generated at random in a planning polygon"},"geometry":{"type":"Point","coordinates":[73.79653546703607,19.993999028962687]}},{"type":"Feature","properties":{"name":"C-0417","locationConfidence":"indicative","placement":"generated at random in a planning polygon"},"geometry":{"type":"Point","coordinates":[73.79717368578892,19.9940665445334]}},{"type":"Feature","properties":{"name":"C-0418","locationConfidence":"indicative","placement":"generated at random in a planning polygon"},"geometry":{"type":"Point","coordinates":[73.79709882110207,19.99402104316592]}},{"type":"Feature","properties":{"name":"C-0419","locationConfidence":"indicative","placement":"generated at random in a planning polygon"},"geometry":{"type":"Point","coordinates":[73.79703360788156,19.993963940303907]}},{"type":"Feature","properties":{"name":"C-0420","locationConfidence":"indicative","placement":"generated at random in a planning polygon"},"geometry":{"type":"Point","coordinates":[73.79711751118867,19.994336897001165]}},{"type":"Feature","properties":{"name":"C-0421","locationConfidence":"indicative","placement":"generated at random in a planning polygon"},"geometry":{"type":"Point","coordinates":[73.79689290116997,19.993668407925554]}},{"type":"Feature","properties":{"name":"C-0422","locationConfidence":"indicative","placement":"generated at random in a planning polygon"},"geometry":{"type":"Point","coordinates":[73.79687223472433,19.993927698060123]}},{"type":"Feature","properties":{"name":"C-0423","locationConfidence":"indicative","placement":"generated at random in a planning polygon"},"geometry":{"type":"Point","coordinates":[73.79685077911635,19.993696303315108]}},{"type":"Feature","properties":{"name":"C-0424","locationConfidence":"indicative","placement":"generated at random in a planning polygon"},"geometry":{"type":"Point","coordinates":[73.79646072801135,19.99426788426766]}},{"type":"Feature","properties":{"name":"C-0425","locationConfidence":"indicative","placement":"generated at random in a planning polygon"},"geometry":{"type":"Point","coordinates":[73.79742228178509,19.99410465955133]}},{"type":"Feature","properties":{"name":"C-0426","locationConfidence":"indicative","placement":"generated at random in a planning polygon"},"geometry":{"type":"Point","coordinates":[73.79696834979013,19.99446428642879]}},{"type":"Feature","properties":{"name":"C-0427","locationConfidence":"indicative","placement":"generated at random in a planning polygon"},"geometry":{"type":"Point","coordinates":[73.79652182283533,19.994480216221664]}},{"type":"Feature","properties":{"name":"C-0428","locationConfidence":"indicative","placement":"generated at random in a planning polygon"},"geometry":{"type":"Point","coordinates":[73.79705140489844,19.993993600479158]}},{"type":"Feature","properties":{"name":"C-0429","locationConfidence":"indicative","placement":"generated at random in a planning polygon"},"geometry":{"type":"Point","coordinates":[73.79695534648891,19.993995266645765]}},{"type":"Feature","properties":{"name":"C-0430","locationConfidence":"indicative","placement":"generated at random in a planning polygon"},"geometry":{"type":"Point","coordinates":[73.79701732770008,19.994397474861266]}},{"type":"Feature","properties":{"name":"C-0431","locationConfidence":"indicative","placement":"generated at random in a planning polygon"},"geometry":{"type":"Point","coordinates":[73.79707653327941,19.994422575385066]}},{"type":"Feature","properties":{"name":"C-0432","locationConfidence":"indicative","placement":"generated at random in a planning polygon"},"geometry":{"type":"Point","coordinates":[73.79668345119173,19.993651284909852]}},{"type":"Feature","properties":{"name":"C-0433","locationConfidence":"indicative","placement":"generated at random in a planning polygon"},"geometry":{"type":"Point","coordinates":[73.79738044799964,19.994051690549533]}},{"type":"Feature","properties":{"name":"C-0434","locationConfidence":"indicative","placement":"generated at random in a planning polygon"},"geometry":{"type":"Point","coordinates":[73.79708455917778,19.99411007614443]}},{"type":"Feature","properties":{"name":"C-0435","locationConfidence":"indicative","placement":"generated at random in a planning polygon"},"geometry":{"type":"Point","coordinates":[73.79635690298426,19.994041985434016]}},{"type":"Feature","properties":{"name":"C-0436","locationConfidence":"indicative","placement":"generated at random in a planning polygon"},"geometry":{"type":"Point","coordinates":[73.79697675190333,19.99412965087615]}},{"type":"Feature","properties":{"name":"C-0437","locationConfidence":"indicative","placement":"generated at random in a planning polygon"},"geometry":{"type":"Point","coordinates":[73.79659128070212,19.99396288091389]}},{"type":"Feature","properties":{"name":"C-0438","locationConfidence":"indicative","placement":"generated at random in a planning polygon"},"geometry":{"type":"Point","coordinates":[73.79697522364705,19.99398283664866]}},{"type":"Feature","properties":{"name":"C-0439","locationConfidence":"indicative","placement":"generated at random in a planning polygon"},"geometry":{"type":"Point","coordinates":[73.79636792335673,19.994400803023545]}},{"type":"Feature","properties":{"name":"C-0440","locationConfidence":"indicative","placement":"generated at random in a planning polygon"},"geometry":{"type":"Point","coordinates":[73.79663660199849,19.993910156350598]}},{"type":"Feature","properties":{"name":"C-0441","locationConfidence":"indicative","placement":"generated at random in a planning polygon"},"geometry":{"type":"Point","coordinates":[73.79667441368487,19.994360067434933]}},{"type":"Feature","properties":{"name":"C-0442","locationConfidence":"indicative","placement":"generated at random in a planning polygon"},"geometry":{"type":"Point","coordinates":[73.79678985007187,19.994522086631566]}},{"type":"Feature","properties":{"name":"C-0443","locationConfidence":"indicative","placement":"generated at random in a planning polygon"},"geometry":{"type":"Point","coordinates":[73.79667903337054,19.99468836564096]}},{"type":"Feature","properties":{"name":"C-0444","locationConfidence":"indicative","placement":"generated at random in a planning polygon"},"geometry":{"type":"Point","coordinates":[73.79668006016962,19.994723152833515]}},{"type":"Feature","properties":{"name":"C-0445","locationConfidence":"indicative","placement":"generated at random in a planning polygon"},"geometry":{"type":"Point","coordinates":[73.7968547734616,19.993541064908452]}},{"type":"Feature","properties":{"name":"C-0446","locationConfidence":"indicative","placement":"generated at random in a planning polygon"},"geometry":{"type":"Point","coordinates":[73.7963828112581,19.994293353451095]}},{"type":"Feature","properties":{"name":"C-0447","locationConfidence":"indicative","placement":"generated at random in a planning polygon"},"geometry":{"type":"Point","coordinates":[73.7963306902335,19.994385590377824]}},{"type":"Feature","properties":{"name":"C-0448","locationConfidence":"indicative","placement":"generated at random in a planning polygon"},"geometry":{"type":"Point","coordinates":[73.79724050905928,19.994414981187745]}},{"type":"Feature","properties":{"name":"C-0449","locationConfidence":"indicative","placement":"generated at random in a planning polygon"},"geometry":{"type":"Point","coordinates":[73.7964456144908,19.993737401597034]}},{"type":"Feature","properties":{"name":"C-0450","locationConfidence":"indicative","placement":"generated at random in a planning polygon"},"geometry":{"type":"Point","coordinates":[73.79713730266546,19.994357201734495]}},{"type":"Feature","properties":{"name":"C-0451","locationConfidence":"indicative","placement":"generated at random in a planning polygon"},"geometry":{"type":"Point","coordinates":[73.79682841709837,19.99428469224157]}},{"type":"Feature","properties":{"name":"C-0452","locationConfidence":"indicative","placement":"generated at random in a planning polygon"},"geometry":{"type":"Point","coordinates":[73.79696957636884,19.993776926465575]}},{"type":"Feature","properties":{"name":"C-0453","locationConfidence":"indicative","placement":"generated at random in a planning polygon"},"geometry":{"type":"Point","coordinates":[73.79656950512283,19.9946290639506]}},{"type":"Feature","properties":{"name":"C-0454","locationConfidence":"indicative","placement":"generated at random in a planning polygon"},"geometry":{"type":"Point","coordinates":[73.79641100228571,19.99446880484295]}},{"type":"Feature","properties":{"name":"C-0455","locationConfidence":"indicative","placement":"generated at random in a planning polygon"},"geometry":{"type":"Point","coordinates":[73.79644713911847,19.99361458347811]}},{"type":"Feature","properties":{"name":"C-0456","locationConfidence":"indicative","placement":"generated at random in a planning polygon"},"geometry":{"type":"Point","coordinates":[73.79673898241427,19.99447399897466]}},{"type":"Feature","properties":{"name":"C-0457","locationConfidence":"indicative","placement":"generated at random in a planning polygon"},"geometry":{"type":"Point","coordinates":[73.79652000566719,19.99394652034521]}},{"type":"Feature","properties":{"name":"C-0458","locationConfidence":"indicative","placement":"generated at random in a planning polygon"},"geometry":{"type":"Point","coordinates":[73.79711278614343,19.99363573206605]}},{"type":"Feature","properties":{"name":"C-0459","locationConfidence":"indicative","placement":"generated at random in a planning polygon"},"geometry":{"type":"Point","coordinates":[73.79713531544473,19.993572164079904]}},{"type":"Feature","properties":{"name":"C-0460","locationConfidence":"indicative","placement":"generated at random in a planning polygon"},"geometry":{"type":"Point","coordinates":[73.79681013499082,19.993592758596648]}},{"type":"Feature","properties":{"name":"C-0461","locationConfidence":"indicative","placement":"generated at random in a planning polygon"},"geometry":{"type":"Point","coordinates":[73.79637393518183,19.994404220785807]}},{"type":"Feature","properties":{"name":"C-0462","locationConfidence":"indicative","placement":"generated at random in a planning polygon"},"geometry":{"type":"Point","coordinates":[73.79647700038633,19.994033759310877]}},{"type":"Feature","properties":{"name":"C-0463","locationConfidence":"indicative","placement":"generated at random in a planning polygon"},"geometry":{"type":"Point","coordinates":[73.79689179315395,19.994016810287498]}},{"type":"Feature","properties":{"name":"C-0464","locationConfidence":"indicative","placement":"generated at random in a planning polygon"},"geometry":{"type":"Point","coordinates":[73.79660345713988,19.9934226332254]}},{"type":"Feature","properties":{"name":"C-0465","locationConfidence":"indicative","placement":"generated at random in a planning polygon"},"geometry":{"type":"Point","coordinates":[73.79657388154136,19.99458509789673]}},{"type":"Feature","properties":{"name":"C-0466","locationConfidence":"indicative","placement":"generated at random in a planning polygon"},"geometry":{"type":"Point","coordinates":[73.79730706260735,19.994587558279907]}},{"type":"Feature","properties":{"name":"C-0467","locationConfidence":"indicative","placement":"generated at random in a planning polygon"},"geometry":{"type":"Point","coordinates":[73.79716109886569,19.99456120477593]}},{"type":"Feature","properties":{"name":"C-0468","locationConfidence":"indicative","placement":"generated at random in a planning polygon"},"geometry":{"type":"Point","coordinates":[73.79643033771069,19.993669844828833]}},{"type":"Feature","properties":{"name":"C-0469","locationConfidence":"indicative","placement":"generated at random in a planning polygon"},"geometry":{"type":"Point","coordinates":[73.79646606797733,19.994387128338722]}},{"type":"Feature","properties":{"name":"C-0470","locationConfidence":"indicative","placement":"generated at random in a planning polygon"},"geometry":{"type":"Point","coordinates":[73.79719093159855,19.99464761121619]}},{"type":"Feature","properties":{"name":"C-0471","locationConfidence":"indicative","placement":"generated at random in a planning polygon"},"geometry":{"type":"Point","coordinates":[73.79642060578831,19.99457402125492]}},{"type":"Feature","properties":{"name":"C-0472","locationConfidence":"indicative","placement":"generated at random in a planning polygon"},"geometry":{"type":"Point","coordinates":[73.79715511597875,19.99443723439427]}},{"type":"Feature","properties":{"name":"C-0473","locationConfidence":"indicative","placement":"generated at random in a planning polygon"},"geometry":{"type":"Point","coordinates":[73.79735490150338,19.994376086810707]}},{"type":"Feature","properties":{"name":"C-0474","locationConfidence":"indicative","placement":"generated at random in a planning polygon"},"geometry":{"type":"Point","coordinates":[73.79727014474568,19.993889981745472]}},{"type":"Feature","properties":{"name":"C-0475","locationConfidence":"indicative","placement":"generated at random in a planning polygon"},"geometry":{"type":"Point","coordinates":[73.7965942001875,19.994476889824206]}},{"type":"Feature","properties":{"name":"C-0476","locationConfidence":"indicative","placement":"generated at random in a planning polygon"},"geometry":{"type":"Point","coordinates":[73.79644729683811,19.993729689233678]}},{"type":"Feature","properties":{"name":"C-0477","locationConfidence":"indicative","placement":"generated at random in a planning polygon"},"geometry":{"type":"Point","coordinates":[73.79746776429508,19.994403613118436]}},{"type":"Feature","properties":{"name":"C-0478","locationConfidence":"indicative","placement":"generated at random in a planning polygon"},"geometry":{"type":"Point","coordinates":[73.79682403580105,19.994616158195058]}},{"type":"Feature","properties":{"name":"C-0479","locationConfidence":"indicative","placement":"generated at random in a planning polygon"},"geometry":{"type":"Point","coordinates":[73.79736412461885,19.994222651856177]}},{"type":"Feature","properties":{"name":"C-0480","locationConfidence":"indicative","placement":"generated at random in a planning polygon"},"geometry":{"type":"Point","coordinates":[73.79703591354607,19.99437227415798]}},{"type":"Feature","properties":{"name":"C-0481","locationConfidence":"indicative","placement":"generated at random in a planning polygon"},"geometry":{"type":"Point","coordinates":[73.79662607643158,19.99386246876842]}},{"type":"Feature","properties":{"name":"C-0482","locationConfidence":"indicative","placement":"generated at random in a planning polygon"},"geometry":{"type":"Point","coordinates":[73.79698882954494,19.99423465659008]}},{"type":"Feature","properties":{"name":"C-0483","locationConfidence":"indicative","placement":"generated at random in a planning polygon"},"geometry":{"type":"Point","coordinates":[73.7963439823202,19.994359949468986]}},{"type":"Feature","properties":{"name":"C-0484","locationConfidence":"indicative","placement":"generated at random in a planning polygon"},"geometry":{"type":"Point","coordinates":[73.79695076588426,19.994352083324365]}},{"type":"Feature","properties":{"name":"C-0485","locationConfidence":"indicative","placement":"generated at random in a planning polygon"},"geometry":{"type":"Point","coordinates":[73.7966185146825,19.994182013204522]}},{"type":"Feature","properties":{"name":"C-0486","locationConfidence":"indicative","placement":"generated at random in a planning polygon"},"geometry":{"type":"Point","coordinates":[73.79628883435831,19.993776609723675]}},{"type":"Feature","properties":{"name":"C-0487","locationConfidence":"indicative","placement":"generated at random in a planning polygon"},"geometry":{"type":"Point","coordinates":[73.79691987183048,19.993554634239754]}},{"type":"Feature","properties":{"name":"C-0488","locationConfidence":"indicative","placement":"generated at random in a planning polygon"},"geometry":{"type":"Point","coordinates":[73.79669077245892,19.994279358630685]}},{"type":"Feature","properties":{"name":"C-0489","locationConfidence":"indicative","placement":"generated at random in a planning polygon"},"geometry":{"type":"Point","coordinates":[73.79717703932974,19.994164876893993]}},{"type":"Feature","properties":{"name":"C-0490","locationConfidence":"indicative","placement":"generated at random in a planning polygon"},"geometry":{"type":"Point","coordinates":[73.79720266584907,19.99412710044667]}},{"type":"Feature","properties":{"name":"C-0491","locationConfidence":"indicative","placement":"generated at random in a planning polygon"},"geometry":{"type":"Point","coordinates":[73.79737196979873,19.993813371508473]}},{"type":"Feature","properties":{"name":"C-0492","locationConfidence":"indicative","placement":"generated at random in a planning polygon"},"geometry":{"type":"Point","coordinates":[73.79677486812378,19.994401525986603]}},{"type":"Feature","properties":{"name":"C-0493","locationConfidence":"indicative","placement":"generated at random in a planning polygon"},"geometry":{"type":"Point","coordinates":[73.79720954211578,19.993761197762154]}},{"type":"Feature","properties":{"name":"C-0494","locationConfidence":"indicative","placement":"generated at random in a planning polygon"},"geometry":{"type":"Point","coordinates":[73.79656519271497,19.994253104508054]}},{"type":"Feature","properties":{"name":"C-0495","locationConfidence":"indicative","placement":"generated at random in a planning polygon"},"geometry":{"type":"Point","coordinates":[73.79753705891892,19.994159761322962]}},{"type":"Feature","properties":{"name":"C-0496","locationConfidence":"indicative","placement":"generated at random in a planning polygon"},"geometry":{"type":"Point","coordinates":[73.7973396303954,19.993725566659137]}},{"type":"Feature","properties":{"name":"C-0497","locationConfidence":"indicative","placement":"generated at random in a planning polygon"},"geometry":{"type":"Point","coordinates":[73.79702340341386,19.993982248936245]}},{"type":"Feature","properties":{"name":"C-0498","locationConfidence":"indicative","placement":"generated at random in a planning polygon"},"geometry":{"type":"Point","coordinates":[73.79659889048706,19.99426493643731]}},{"type":"Feature","properties":{"name":"C-0499","locationConfidence":"indicative","placement":"generated at random in a planning polygon"},"geometry":{"type":"Point","coordinates":[73.79756683136948,19.993992622257668]}},{"type":"Feature","properties":{"name":"C-0500","locationConfidence":"indicative","placement":"generated at random in a planning polygon"},"geometry":{"type":"Point","coordinates":[73.7963299820358,19.993961861884834]}},{"type":"Feature","properties":{"name":"C-0501","locationConfidence":"indicative","placement":"generated at random in a planning polygon"},"geometry":{"type":"Point","coordinates":[73.79737751773365,19.994005843110845]}},{"type":"Feature","properties":{"name":"C-0502","locationConfidence":"indicative","placement":"generated at random in a planning polygon"},"geometry":{"type":"Point","coordinates":[73.79660407247447,19.9942822614522]}},{"type":"Feature","properties":{"name":"C-0503","locationConfidence":"indicative","placement":"generated at random in a planning polygon"},"geometry":{"type":"Point","coordinates":[73.79655911748283,19.994109329883695]}},{"type":"Feature","properties":{"name":"C-0504","locationConfidence":"indicative","placement":"generated at random in a planning polygon"},"geometry":{"type":"Point","coordinates":[73.79673945695241,19.993705427860164]}},{"type":"Feature","properties":{"name":"C-0505","locationConfidence":"indicative","placement":"generated at random in a planning polygon"},"geometry":{"type":"Point","coordinates":[73.79654058596401,19.994103987373023]}},{"type":"Feature","properties":{"name":"C-0506","locationConfidence":"indicative","placement":"generated at random in a planning polygon"},"geometry":{"type":"Point","coordinates":[73.79726276799387,19.994197171456786]}},{"type":"Feature","properties":{"name":"C-0507","locationConfidence":"indicative","placement":"generated at random in a planning polygon"},"geometry":{"type":"Point","coordinates":[73.79666591722221,19.99412936773271]}},{"type":"Feature","properties":{"name":"C-0508","locationConfidence":"indicative","placement":"generated at random in a planning polygon"},"geometry":{"type":"Point","coordinates":[73.79731939578211,19.993717388014332]}},{"type":"Feature","properties":{"name":"C-0509","locationConfidence":"indicative","placement":"generated at random in a planning polygon"},"geometry":{"type":"Point","coordinates":[73.79647144329901,19.994222394608094]}},{"type":"Feature","properties":{"name":"C-0510","locationConfidence":"indicative","placement":"generated at random in a planning polygon"},"geometry":{"type":"Point","coordinates":[73.79714549611899,19.994068379739556]}},{"type":"Feature","properties":{"name":"C-0511","locationConfidence":"indicative","placement":"generated at random in a planning polygon"},"geometry":{"type":"Point","coordinates":[73.79690275892762,19.99441238389517]}},{"type":"Feature","properties":{"name":"C-0512","locationConfidence":"indicative","placement":"generated at random in a planning polygon"},"geometry":{"type":"Point","coordinates":[73.79655592625139,19.993669088522335]}},{"type":"Feature","properties":{"name":"C-0513","locationConfidence":"indicative","placement":"generated at random in a planning polygon"},"geometry":{"type":"Point","coordinates":[73.7966531627475,19.99401813631698]}},{"type":"Feature","properties":{"name":"C-0514","locationConfidence":"indicative","placement":"generated at random in a planning polygon"},"geometry":{"type":"Point","coordinates":[73.79644341478793,19.994058752037173]}},{"type":"Feature","properties":{"name":"C-0515","locationConfidence":"indicative","placement":"generated at random in a planning polygon"},"geometry":{"type":"Point","coordinates":[73.79714295496429,19.99365796218942]}},{"type":"Feature","properties":{"name":"C-0516","locationConfidence":"indicative","placement":"generated at random in a planning polygon"},"geometry":{"type":"Point","coordinates":[73.79688383867915,19.994623422687052]}},{"type":"Feature","properties":{"name":"C-0517","locationConfidence":"indicative","placement":"generated at random in a planning polygon"},"geometry":{"type":"Point","coordinates":[73.79728074483882,19.994044427161217]}},{"type":"Feature","properties":{"name":"C-0518","locationConfidence":"indicative","placement":"generated at random in a planning polygon"},"geometry":{"type":"Point","coordinates":[73.7970081908879,19.99405628488739]}},{"type":"Feature","properties":{"name":"C-0519","locationConfidence":"indicative","placement":"generated at random in a planning polygon"},"geometry":{"type":"Point","coordinates":[73.79628457534376,19.994065624962303]}},{"type":"Feature","properties":{"name":"C-0520","locationConfidence":"indicative","placement":"generated at random in a planning polygon"},"geometry":{"type":"Point","coordinates":[73.7971389478928,19.993959194921963]}},{"type":"Feature","properties":{"name":"C-0521","locationConfidence":"indicative","placement":"generated at random in a planning polygon"},"geometry":{"type":"Point","coordinates":[73.79664456314995,19.99346777104636]}},{"type":"Feature","properties":{"name":"C-0522","locationConfidence":"indicative","placement":"generated at random in a planning polygon"},"geometry":{"type":"Point","coordinates":[73.79689039544543,19.994608292860224]}},{"type":"Feature","properties":{"name":"C-0523","locationConfidence":"indicative","placement":"generated at random in a planning polygon"},"geometry":{"type":"Point","coordinates":[73.79646314379535,19.994405428932104]}},{"type":"Feature","properties":{"name":"C-0524","locationConfidence":"indicative","placement":"generated at random in a planning polygon"},"geometry":{"type":"Point","coordinates":[73.79740997863304,19.993764838024244]}},{"type":"Feature","properties":{"name":"C-0525","locationConfidence":"indicative","placement":"generated at random in a planning polygon"},"geometry":{"type":"Point","coordinates":[73.79642039891127,19.99423545393808]}},{"type":"Feature","properties":{"name":"C-0526","locationConfidence":"indicative","placement":"generated at random in a planning polygon"},"geometry":{"type":"Point","coordinates":[73.79680545020118,19.993733428941834]}},{"type":"Feature","properties":{"name":"C-0527","locationConfidence":"indicative","placement":"generated at random in a planning polygon"},"geometry":{"type":"Point","coordinates":[73.79727011719847,19.99357096128636]}},{"type":"Feature","properties":{"name":"C-0528","locationConfidence":"indicative","placement":"generated at random in a planning polygon"},"geometry":{"type":"Point","coordinates":[73.79754224621051,19.994175050261177]}},{"type":"Feature","properties":{"name":"C-0529","locationConfidence":"indicative","placement":"generated at random in a planning polygon"},"geometry":{"type":"Point","coordinates":[73.79648387303932,19.993936525799498]}},{"type":"Feature","properties":{"name":"C-0530","locationConfidence":"indicative","placement":"generated at random in a planning polygon"},"geometry":{"type":"Point","coordinates":[73.79684926831824,19.994393160190985]}},{"type":"Feature","properties":{"name":"C-0531","locationConfidence":"indicative","placement":"generated at random in a planning polygon"},"geometry":{"type":"Point","coordinates":[73.79724883856025,19.9942575559984]}},{"type":"Feature","properties":{"name":"C-0532","locationConfidence":"indicative","placement":"generated at random in a planning polygon"},"geometry":{"type":"Point","coordinates":[73.79702923452456,19.993855187941698]}},{"type":"Feature","properties":{"name":"C-0533","locationConfidence":"indicative","placement":"generated at random in a planning polygon"},"geometry":{"type":"Point","coordinates":[73.79670230723991,19.994472323629928]}},{"type":"Feature","properties":{"name":"C-0534","locationConfidence":"indicative","placement":"generated at random in a planning polygon"},"geometry":{"type":"Point","coordinates":[73.79679756331386,19.994472778497098]}},{"type":"Feature","properties":{"name":"C-0535","locationConfidence":"indicative","placement":"generated at random in a planning polygon"},"geometry":{"type":"Point","coordinates":[73.7964109791964,19.994123657247574]}},{"type":"Feature","properties":{"name":"C-0536","locationConfidence":"indicative","placement":"generated at random in a planning polygon"},"geometry":{"type":"Point","coordinates":[73.79752406947789,19.994389009618967]}},{"type":"Feature","properties":{"name":"C-0537","locationConfidence":"indicative","placement":"generated at random in a planning polygon"},"geometry":{"type":"Point","coordinates":[73.7964998046149,19.993969047712472]}},{"type":"Feature","properties":{"name":"C-0538","locationConfidence":"indicative","placement":"generated at random in a planning polygon"},"geometry":{"type":"Point","coordinates":[73.7964140182292,19.993720912106316]}},{"type":"Feature","properties":{"name":"C-0539","locationConfidence":"indicative","placement":"generated at random in a planning polygon"},"geometry":{"type":"Point","coordinates":[73.79680776812252,19.993829197671474]}},{"type":"Feature","properties":{"name":"C-0540","locationConfidence":"indicative","placement":"generated at random in a planning polygon"},"geometry":{"type":"Point","coordinates":[73.7971845153499,19.994648760754348]}},{"type":"Feature","properties":{"name":"C-0541","locationConfidence":"indicative","placement":"generated at random in a planning polygon"},"geometry":{"type":"Point","coordinates":[73.79692036315804,19.994586183263042]}},{"type":"Feature","properties":{"name":"C-0542","locationConfidence":"indicative","placement":"generated at random in a planning polygon"},"geometry":{"type":"Point","coordinates":[73.79682882699238,19.99395938738687]}},{"type":"Feature","properties":{"name":"C-0543","locationConfidence":"indicative","placement":"generated at random in a planning polygon"},"geometry":{"type":"Point","coordinates":[73.79712211094393,19.994132123777412]}},{"type":"Feature","properties":{"name":"C-0544","locationConfidence":"indicative","placement":"generated at random in a planning polygon"},"geometry":{"type":"Point","coordinates":[73.79642896460672,19.994530045530624]}},{"type":"Feature","properties":{"name":"C-0545","locationConfidence":"indicative","placement":"generated at random in a planning polygon"},"geometry":{"type":"Point","coordinates":[73.79731637364509,19.993980955030057]}},{"type":"Feature","properties":{"name":"C-0546","locationConfidence":"indicative","placement":"generated at random in a planning polygon"},"geometry":{"type":"Point","coordinates":[73.79687996980456,19.99360965727524]}},{"type":"Feature","properties":{"name":"C-0547","locationConfidence":"indicative","placement":"generated at random in a planning polygon"},"geometry":{"type":"Point","coordinates":[73.79752475527903,19.994380969674538]}},{"type":"Feature","properties":{"name":"C-0548","locationConfidence":"indicative","placement":"generated at random in a planning polygon"},"geometry":{"type":"Point","coordinates":[73.79710136554624,19.994169349275186]}},{"type":"Feature","properties":{"name":"C-0549","locationConfidence":"indicative","placement":"generated at random in a planning polygon"},"geometry":{"type":"Point","coordinates":[73.79716766034359,19.993825177030985]}},{"type":"Feature","properties":{"name":"C-0550","locationConfidence":"indicative","placement":"generated at random in a planning polygon"},"geometry":{"type":"Point","coordinates":[73.79749656934224,19.99406199789169]}},{"type":"Feature","properties":{"name":"C-0551","locationConfidence":"indicative","placement":"generated at random in a planning polygon"},"geometry":{"type":"Point","coordinates":[73.79711146485035,19.99378551281523]}},{"type":"Feature","properties":{"name":"C-0552","locationConfidence":"indicative","placement":"generated at random in a planning polygon"},"geometry":{"type":"Point","coordinates":[73.7966199774964,19.993804381901136]}},{"type":"Feature","properties":{"name":"C-0553","locationConfidence":"indicative","placement":"generated at random in a planning polygon"},"geometry":{"type":"Point","coordinates":[73.79716222163756,19.99394922996332]}},{"type":"Feature","properties":{"name":"C-0554","locationConfidence":"indicative","placement":"generated at random in a planning polygon"},"geometry":{"type":"Point","coordinates":[73.79665958860936,19.994109783187135]}},{"type":"Feature","properties":{"name":"C-0555","locationConfidence":"indicative","placement":"generated at random in a planning polygon"},"geometry":{"type":"Point","coordinates":[73.7962148255139,19.993966843673636]}},{"type":"Feature","properties":{"name":"C-0556","locationConfidence":"indicative","placement":"generated at random in a planning polygon"},"geometry":{"type":"Point","coordinates":[73.79729379669784,19.994406034238235]}},{"type":"Feature","properties":{"name":"C-0557","locationConfidence":"indicative","placement":"generated at random in a planning polygon"},"geometry":{"type":"Point","coordinates":[73.79689767788464,19.993867364829715]}},{"type":"Feature","properties":{"name":"C-0558","locationConfidence":"indicative","placement":"generated at random in a planning polygon"},"geometry":{"type":"Point","coordinates":[73.7968871471957,19.99458786808995]}},{"type":"Feature","properties":{"name":"C-0559","locationConfidence":"indicative","placement":"generated at random in a planning polygon"},"geometry":{"type":"Point","coordinates":[73.79649380621287,19.993973438843206]}},{"type":"Feature","properties":{"name":"C-0560","locationConfidence":"indicative","placement":"generated at random in a planning polygon"},"geometry":{"type":"Point","coordinates":[73.79669953088025,19.994666945048348]}},{"type":"Feature","properties":{"name":"C-0561","locationConfidence":"indicative","placement":"generated at random in a planning polygon"},"geometry":{"type":"Point","coordinates":[73.79725426993376,19.994524545876928]}},{"type":"Feature","properties":{"name":"C-0562","locationConfidence":"indicative","placement":"generated at random in a planning polygon"},"geometry":{"type":"Point","coordinates":[73.79664241636718,19.99353876739325]}},{"type":"Feature","properties":{"name":"C-0563","locationConfidence":"indicative","placement":"generated at random in a planning polygon"},"geometry":{"type":"Point","coordinates":[73.7973114471607,19.994542336343027]}},{"type":"Feature","properties":{"name":"C-0564","locationConfidence":"indicative","placement":"generated at random in a planning polygon"},"geometry":{"type":"Point","coordinates":[73.79730731920831,19.994314989498186]}},{"type":"Feature","properties":{"name":"C-0565","locationConfidence":"indicative","placement":"generated at random in a planning polygon"},"geometry":{"type":"Point","coordinates":[73.79690394701602,19.9946814290172]}},{"type":"Feature","properties":{"name":"C-0566","locationConfidence":"indicative","placement":"generated at random in a planning polygon"},"geometry":{"type":"Point","coordinates":[73.79734581813267,19.99449246612158]}},{"type":"Feature","properties":{"name":"C-0567","locationConfidence":"indicative","placement":"generated at random in a planning polygon"},"geometry":{"type":"Point","coordinates":[73.79716037430762,19.99412869377947]}},{"type":"Feature","properties":{"name":"C-0568","locationConfidence":"indicative","placement":"generated at random in a planning polygon"},"geometry":{"type":"Point","coordinates":[73.79653708015859,19.994542150508686]}},{"type":"Feature","properties":{"name":"C-0569","locationConfidence":"indicative","placement":"generated at random in a planning polygon"},"geometry":{"type":"Point","coordinates":[73.79688347864848,19.993771622764278]}},{"type":"Feature","properties":{"name":"C-0570","locationConfidence":"indicative","placement":"generated at random in a planning polygon"},"geometry":{"type":"Point","coordinates":[73.79677217275736,19.994515975720184]}},{"type":"Feature","properties":{"name":"C-0571","locationConfidence":"indicative","placement":"generated at random in a planning polygon"},"geometry":{"type":"Point","coordinates":[73.79701537220822,19.99450024658311]}},{"type":"Feature","properties":{"name":"C-0572","locationConfidence":"indicative","placement":"generated at random in a planning polygon"},"geometry":{"type":"Point","coordinates":[73.7962999618906,19.99416446145484]}},{"type":"Feature","properties":{"name":"C-0573","locationConfidence":"indicative","placement":"generated at random in a planning polygon"},"geometry":{"type":"Point","coordinates":[73.79640672753025,19.99457423580891]}},{"type":"Feature","properties":{"name":"C-0574","locationConfidence":"indicative","placement":"generated at random in a planning polygon"},"geometry":{"type":"Point","coordinates":[73.79693854998264,19.99363089642319]}},{"type":"Feature","properties":{"name":"C-0575","locationConfidence":"indicative","placement":"generated at random in a planning polygon"},"geometry":{"type":"Point","coordinates":[73.79716712699707,19.993872665932486]}},{"type":"Feature","properties":{"name":"C-0576","locationConfidence":"indicative","placement":"generated at random in a planning polygon"},"geometry":{"type":"Point","coordinates":[73.7970138195032,19.994442987427046]}},{"type":"Feature","properties":{"name":"C-0577","locationConfidence":"indicative","placement":"generated at random in a planning polygon"},"geometry":{"type":"Point","coordinates":[73.79691180132204,19.993976748120662]}},{"type":"Feature","properties":{"name":"C-0578","locationConfidence":"indicative","placement":"generated at random in a planning polygon"},"geometry":{"type":"Point","coordinates":[73.79705499195134,19.9937493755024]}},{"type":"Feature","properties":{"name":"C-0579","locationConfidence":"indicative","placement":"generated at random in a planning polygon"},"geometry":{"type":"Point","coordinates":[73.7975471514555,19.994016150699643]}},{"type":"Feature","properties":{"name":"C-0580","locationConfidence":"indicative","placement":"generated at random in a planning polygon"},"geometry":{"type":"Point","coordinates":[73.79739967008553,19.994362306331233]}},{"type":"Feature","properties":{"name":"C-0581","locationConfidence":"indicative","placement":"generated at random in a planning polygon"},"geometry":{"type":"Point","coordinates":[73.79742005158514,19.994089419181556]}},{"type":"Feature","properties":{"name":"C-0582","locationConfidence":"indicative","placement":"generated at random in a planning polygon"},"geometry":{"type":"Point","coordinates":[73.79706738991719,19.99397866422824]}},{"type":"Feature","properties":{"name":"C-0583","locationConfidence":"indicative","placement":"generated at random in a planning polygon"},"geometry":{"type":"Point","coordinates":[73.79683039570526,19.9936094820026]}},{"type":"Feature","properties":{"name":"C-0584","locationConfidence":"indicative","placement":"generated at random in a planning polygon"},"geometry":{"type":"Point","coordinates":[73.79708907936484,19.99464812396799]}},{"type":"Feature","properties":{"name":"C-0585","locationConfidence":"indicative","placement":"generated at random in a planning polygon"},"geometry":{"type":"Point","coordinates":[73.79756387366781,19.994126615944335]}},{"type":"Feature","properties":{"name":"C-0586","locationConfidence":"indicative","placement":"generated at random in a planning polygon"},"geometry":{"type":"Point","coordinates":[73.79637245833109,19.993902718380156]}},{"type":"Feature","properties":{"name":"C-0587","locationConfidence":"indicative","placement":"generated at random in a planning polygon"},"geometry":{"type":"Point","coordinates":[73.79735859569251,19.994043413295657]}},{"type":"Feature","properties":{"name":"C-0588","locationConfidence":"indicative","placement":"generated at random in a planning polygon"},"geometry":{"type":"Point","coordinates":[73.79646974392058,19.993953784863983]}},{"type":"Feature","properties":{"name":"C-0589","locationConfidence":"indicative","placement":"generated at random in a planning polygon"},"geometry":{"type":"Point","coordinates":[73.79681223045942,19.99384197057185]}},{"type":"Feature","properties":{"name":"C-0590","locationConfidence":"indicative","placement":"generated at random in a planning polygon"},"geometry":{"type":"Point","coordinates":[73.79737649932424,19.994262865478788]}},{"type":"Feature","properties":{"name":"C-0591","locationConfidence":"indicative","placement":"generated at random in a planning polygon"},"geometry":{"type":"Point","coordinates":[73.79738288156267,19.993846534698182]}},{"type":"Feature","properties":{"name":"C-0592","locationConfidence":"indicative","placement":"generated at random in a planning polygon"},"geometry":{"type":"Point","coordinates":[73.79718927438587,19.99373844036907]}},{"type":"Feature","properties":{"name":"C-0593","locationConfidence":"indicative","placement":"generated at random in a planning polygon"},"geometry":{"type":"Point","coordinates":[73.79666587627348,19.994313277436838]}},{"type":"Feature","properties":{"name":"C-0594","locationConfidence":"indicative","placement":"generated at random in a planning polygon"},"geometry":{"type":"Point","coordinates":[73.79722882194753,19.993468014827204]}},{"type":"Feature","properties":{"name":"C-0595","locationConfidence":"indicative","placement":"generated at random in a planning polygon"},"geometry":{"type":"Point","coordinates":[73.79710092318626,19.994669632065296]}},{"type":"Feature","properties":{"name":"C-0596","locationConfidence":"indicative","placement":"generated at random in a planning polygon"},"geometry":{"type":"Point","coordinates":[73.79755157987422,19.99404807408592]}},{"type":"Feature","properties":{"name":"C-0597","locationConfidence":"indicative","placement":"generated at random in a planning polygon"},"geometry":{"type":"Point","coordinates":[73.79648947419385,19.993776575585205]}},{"type":"Feature","properties":{"name":"C-0598","locationConfidence":"indicative","placement":"generated at random in a planning polygon"},"geometry":{"type":"Point","coordinates":[73.79749945854346,19.99417479632207]}},{"type":"Feature","properties":{"name":"C-0599","locationConfidence":"indicative","placement":"generated at random in a planning polygon"},"geometry":{"type":"Point","coordinates":[73.79656049567548,19.993600099380544]}},{"type":"Feature","properties":{"name":"C-0600","locationConfidence":"indicative","placement":"generated at random in a planning polygon"},"geometry":{"type":"Point","coordinates":[73.79685257967178,19.99459816530751]}},{"type":"Feature","properties":{"name":"C-0601","locationConfidence":"indicative","placement":"generated at random in a planning polygon"},"geometry":{"type":"Point","coordinates":[73.84165615233809,19.94824871839301]}},{"type":"Feature","properties":{"name":"C-0602","locationConfidence":"indicative","placement":"generated at random in a planning polygon"},"geometry":{"type":"Point","coordinates":[73.84106932349147,19.948391750650796]}},{"type":"Feature","properties":{"name":"C-0603","locationConfidence":"indicative","placement":"generated at random in a planning polygon"},"geometry":{"type":"Point","coordinates":[73.84154689526048,19.948005425184515]}},{"type":"Feature","properties":{"name":"C-0604","locationConfidence":"indicative","placement":"generated at random in a planning polygon"},"geometry":{"type":"Point","coordinates":[73.84136871585302,19.948291330663213]}},{"type":"Feature","properties":{"name":"C-0605","locationConfidence":"indicative","placement":"generated at random in a planning polygon"},"geometry":{"type":"Point","coordinates":[73.8411577619693,19.948548376371036]}},{"type":"Feature","properties":{"name":"C-0606","locationConfidence":"indicative","placement":"generated at random in a planning polygon"},"geometry":{"type":"Point","coordinates":[73.84116146316406,19.948559837962453]}},{"type":"Feature","properties":{"name":"C-0607","locationConfidence":"indicative","placement":"generated at random in a planning polygon"},"geometry":{"type":"Point","coordinates":[73.84114690905989,19.948399539645735]}},{"type":"Feature","properties":{"name":"C-0608","locationConfidence":"indicative","placement":"generated at random in a planning polygon"},"geometry":{"type":"Point","coordinates":[73.84148691944752,19.94826217171323]}},{"type":"Feature","properties":{"name":"C-0609","locationConfidence":"indicative","placement":"generated at random in a planning polygon"},"geometry":{"type":"Point","coordinates":[73.84155716012191,19.947997894557712]}},{"type":"Feature","properties":{"name":"C-0610","locationConfidence":"indicative","placement":"generated at random in a planning polygon"},"geometry":{"type":"Point","coordinates":[73.8411537195683,19.948572360739504]}},{"type":"Feature","properties":{"name":"C-0611","locationConfidence":"indicative","placement":"generated at random in a planning polygon"},"geometry":{"type":"Point","coordinates":[73.84110688538414,19.948091746354578]}},{"type":"Feature","properties":{"name":"C-0612","locationConfidence":"indicative","placement":"generated at random in a planning polygon"},"geometry":{"type":"Point","coordinates":[73.84110563079199,19.948479841656187]}},{"type":"Feature","properties":{"name":"C-0613","locationConfidence":"indicative","placement":"generated at random in a planning polygon"},"geometry":{"type":"Point","coordinates":[73.8411271031566,19.948123752597997]}},{"type":"Feature","properties":{"name":"C-0614","locationConfidence":"indicative","placement":"generated at random in a planning polygon"},"geometry":{"type":"Point","coordinates":[73.84123207928327,19.948051414836048]}},{"type":"Feature","properties":{"name":"C-0615","locationConfidence":"indicative","placement":"generated at random in a planning polygon"},"geometry":{"type":"Point","coordinates":[73.84155475363087,19.948175113286837]}},{"type":"Feature","properties":{"name":"C-0616","locationConfidence":"indicative","placement":"generated at random in a planning polygon"},"geometry":{"type":"Point","coordinates":[73.84142000448944,19.947940184765606]}},{"type":"Feature","properties":{"name":"C-0617","locationConfidence":"indicative","placement":"generated at random in a planning polygon"},"geometry":{"type":"Point","coordinates":[73.8412203280311,19.948264607193323]}},{"type":"Feature","properties":{"name":"C-0618","locationConfidence":"indicative","placement":"generated at random in a planning polygon"},"geometry":{"type":"Point","coordinates":[73.84160919334715,19.948079124137777]}},{"type":"Feature","properties":{"name":"C-0619","locationConfidence":"indicative","placement":"generated at random in a planning polygon"},"geometry":{"type":"Point","coordinates":[73.8411535502927,19.948398257010307]}},{"type":"Feature","properties":{"name":"C-0620","locationConfidence":"indicative","placement":"generated at random in a planning polygon"},"geometry":{"type":"Point","coordinates":[73.84129001353122,19.94824292907639]}},{"type":"Feature","properties":{"name":"C-0621","locationConfidence":"indicative","placement":"generated at random in a planning polygon"},"geometry":{"type":"Point","coordinates":[73.84166169467552,19.947816511051844]}},{"type":"Feature","properties":{"name":"C-0622","locationConfidence":"indicative","placement":"generated at random in a planning polygon"},"geometry":{"type":"Point","coordinates":[73.84156574497433,19.94817849462762]}},{"type":"Feature","properties":{"name":"C-0623","locationConfidence":"indicative","placement":"generated at random in a planning polygon"},"geometry":{"type":"Point","coordinates":[73.84161652085746,19.948424785619085]}},{"type":"Feature","properties":{"name":"C-0624","locationConfidence":"indicative","placement":"generated at random in a planning polygon"},"geometry":{"type":"Point","coordinates":[73.84148305633511,19.948482140790848]}},{"type":"Feature","properties":{"name":"C-0625","locationConfidence":"indicative","placement":"generated at random in a planning polygon"},"geometry":{"type":"Point","coordinates":[73.84118274873673,19.948473442340063]}},{"type":"Feature","properties":{"name":"C-0626","locationConfidence":"indicative","placement":"generated at random in a planning polygon"},"geometry":{"type":"Point","coordinates":[73.84184825128321,19.948145563100226]}},{"type":"Feature","properties":{"name":"C-0627","locationConfidence":"indicative","placement":"generated at random in a planning polygon"},"geometry":{"type":"Point","coordinates":[73.84181031170057,19.948190861028788]}},{"type":"Feature","properties":{"name":"C-0628","locationConfidence":"indicative","placement":"generated at random in a planning polygon"},"geometry":{"type":"Point","coordinates":[73.84174757975104,19.948002888611086]}},{"type":"Feature","properties":{"name":"C-0629","locationConfidence":"indicative","placement":"generated at random in a planning polygon"},"geometry":{"type":"Point","coordinates":[73.84112817951349,19.948525339106947]}},{"type":"Feature","properties":{"name":"C-0630","locationConfidence":"indicative","placement":"generated at random in a planning polygon"},"geometry":{"type":"Point","coordinates":[73.84137239583956,19.94804337601665]}},{"type":"Feature","properties":{"name":"C-0631","locationConfidence":"indicative","placement":"generated at random in a planning polygon"},"geometry":{"type":"Point","coordinates":[73.84126186379869,19.948531769420043]}},{"type":"Feature","properties":{"name":"C-0632","locationConfidence":"indicative","placement":"generated at random in a planning polygon"},"geometry":{"type":"Point","coordinates":[73.84126130777732,19.94823869658766]}},{"type":"Feature","properties":{"name":"C-0633","locationConfidence":"indicative","placement":"generated at random in a planning polygon"},"geometry":{"type":"Point","coordinates":[73.84125210264908,19.948436698163338]}},{"type":"Feature","properties":{"name":"C-0634","locationConfidence":"indicative","placement":"generated at random in a planning polygon"},"geometry":{"type":"Point","coordinates":[73.84140323569426,19.947921632065935]}},{"type":"Feature","properties":{"name":"C-0635","locationConfidence":"indicative","placement":"generated at random in a planning polygon"},"geometry":{"type":"Point","coordinates":[73.84162792961878,19.947741036056634]}},{"type":"Feature","properties":{"name":"C-0636","locationConfidence":"indicative","placement":"generated at random in a planning polygon"},"geometry":{"type":"Point","coordinates":[73.84175839361278,19.9484132271047]}},{"type":"Feature","properties":{"name":"C-0637","locationConfidence":"indicative","placement":"generated at random in a planning polygon"},"geometry":{"type":"Point","coordinates":[73.84182591578299,19.948141144016024]}},{"type":"Feature","properties":{"name":"C-0638","locationConfidence":"indicative","placement":"generated at random in a planning polygon"},"geometry":{"type":"Point","coordinates":[73.84177235409376,19.948268015016488]}},{"type":"Feature","properties":{"name":"C-0639","locationConfidence":"indicative","placement":"generated at random in a planning polygon"},"geometry":{"type":"Point","coordinates":[73.84170978747564,19.948343436064498]}},{"type":"Feature","properties":{"name":"C-0640","locationConfidence":"indicative","placement":"generated at random in a planning polygon"},"geometry":{"type":"Point","coordinates":[73.84147876802548,19.948164320300883]}},{"type":"Feature","properties":{"name":"C-0641","locationConfidence":"indicative","placement":"generated at random in a planning polygon"},"geometry":{"type":"Point","coordinates":[73.8414699459076,19.94820707452837]}},{"type":"Feature","properties":{"name":"C-0642","locationConfidence":"indicative","placement":"generated at random in a planning polygon"},"geometry":{"type":"Point","coordinates":[73.84100262598145,19.948307943470443]}},{"type":"Feature","properties":{"name":"C-0643","locationConfidence":"indicative","placement":"generated at random in a planning polygon"},"geometry":{"type":"Point","coordinates":[73.84157204824488,19.947866918813432]}},{"type":"Feature","properties":{"name":"C-0644","locationConfidence":"indicative","placement":"generated at random in a planning polygon"},"geometry":{"type":"Point","coordinates":[73.84148952278376,19.948312944842534]}},{"type":"Feature","properties":{"name":"C-0645","locationConfidence":"indicative","placement":"generated at random in a planning polygon"},"geometry":{"type":"Point","coordinates":[73.84159736692615,19.948406624729902]}},{"type":"Feature","properties":{"name":"C-0646","locationConfidence":"indicative","placement":"generated at random in a planning polygon"},"geometry":{"type":"Point","coordinates":[73.84150867807406,19.94794891715455]}},{"type":"Feature","properties":{"name":"C-0647","locationConfidence":"indicative","placement":"generated at random in a planning polygon"},"geometry":{"type":"Point","coordinates":[73.84121082287551,19.948090753914798]}},{"type":"Feature","properties":{"name":"C-0648","locationConfidence":"indicative","placement":"generated at random in a planning polygon"},"geometry":{"type":"Point","coordinates":[73.84153831442235,19.948094316857276]}},{"type":"Feature","properties":{"name":"C-0649","locationConfidence":"indicative","placement":"generated at random in a planning polygon"},"geometry":{"type":"Point","coordinates":[73.84157880268596,19.947960236108532]}},{"type":"Feature","properties":{"name":"C-0650","locationConfidence":"indicative","placement":"generated at random in a planning polygon"},"geometry":{"type":"Point","coordinates":[73.84180928714682,19.948387961622192]}},{"type":"Feature","properties":{"name":"C-0651","locationConfidence":"indicative","placement":"generated at random in a planning polygon"},"geometry":{"type":"Point","coordinates":[73.84131530987756,19.948348251858413]}},{"type":"Feature","properties":{"name":"C-0652","locationConfidence":"indicative","placement":"generated at random in a planning polygon"},"geometry":{"type":"Point","coordinates":[73.84147030010051,19.948191828348854]}},{"type":"Feature","properties":{"name":"C-0653","locationConfidence":"indicative","placement":"generated at random in a planning polygon"},"geometry":{"type":"Point","coordinates":[73.84135697413866,19.947976201103433]}},{"type":"Feature","properties":{"name":"C-0654","locationConfidence":"indicative","placement":"generated at random in a planning polygon"},"geometry":{"type":"Point","coordinates":[73.84125134194495,19.948362661200886]}},{"type":"Feature","properties":{"name":"C-0655","locationConfidence":"indicative","placement":"generated at random in a planning polygon"},"geometry":{"type":"Point","coordinates":[73.84136189496964,19.947997479483888]}},{"type":"Feature","properties":{"name":"C-0656","locationConfidence":"indicative","placement":"generated at random in a planning polygon"},"geometry":{"type":"Point","coordinates":[73.84123140207448,19.948375742222446]}},{"type":"Feature","properties":{"name":"C-0657","locationConfidence":"indicative","placement":"generated at random in a planning polygon"},"geometry":{"type":"Point","coordinates":[73.8414638541033,19.94812423752787]}},{"type":"Feature","properties":{"name":"C-0658","locationConfidence":"indicative","placement":"generated at random in a planning polygon"},"geometry":{"type":"Point","coordinates":[73.84163609488665,19.947893049388718]}},{"type":"Feature","properties":{"name":"C-0659","locationConfidence":"indicative","placement":"generated at random in a planning polygon"},"geometry":{"type":"Point","coordinates":[73.84114787722103,19.948376415204066]}},{"type":"Feature","properties":{"name":"C-0660","locationConfidence":"indicative","placement":"generated at random in a planning polygon"},"geometry":{"type":"Point","coordinates":[73.84146576794875,19.947860073376116]}},{"type":"Feature","properties":{"name":"C-0661","locationConfidence":"indicative","placement":"generated at random in a planning polygon"},"geometry":{"type":"Point","coordinates":[73.84120839585206,19.948145488995458]}},{"type":"Feature","properties":{"name":"C-0662","locationConfidence":"indicative","placement":"generated at random in a planning polygon"},"geometry":{"type":"Point","coordinates":[73.84148870290251,19.948184486387913]}},{"type":"Feature","properties":{"name":"C-0663","locationConfidence":"indicative","placement":"generated at random in a planning polygon"},"geometry":{"type":"Point","coordinates":[73.84140342842186,19.948209108436377]}},{"type":"Feature","properties":{"name":"C-0664","locationConfidence":"indicative","placement":"generated at random in a planning polygon"},"geometry":{"type":"Point","coordinates":[73.84122726198798,19.948241607651067]}},{"type":"Feature","properties":{"name":"C-0665","locationConfidence":"indicative","placement":"generated at random in a planning polygon"},"geometry":{"type":"Point","coordinates":[73.84108375242641,19.948325726541228]}},{"type":"Feature","properties":{"name":"C-0666","locationConfidence":"indicative","placement":"generated at random in a planning polygon"},"geometry":{"type":"Point","coordinates":[73.84171850628017,19.948406125274865]}},{"type":"Feature","properties":{"name":"C-0667","locationConfidence":"indicative","placement":"generated at random in a planning polygon"},"geometry":{"type":"Point","coordinates":[73.84159204411566,19.94794207615253]}},{"type":"Feature","properties":{"name":"C-0668","locationConfidence":"indicative","placement":"generated at random in a planning polygon"},"geometry":{"type":"Point","coordinates":[73.84133303529437,19.948509003720172]}},{"type":"Feature","properties":{"name":"C-0669","locationConfidence":"indicative","placement":"generated at random in a planning polygon"},"geometry":{"type":"Point","coordinates":[73.84173433620568,19.948209306317807]}},{"type":"Feature","properties":{"name":"C-0670","locationConfidence":"indicative","placement":"generated at random in a planning polygon"},"geometry":{"type":"Point","coordinates":[73.84132451423915,19.9480134771816]}},{"type":"Feature","properties":{"name":"C-0671","locationConfidence":"indicative","placement":"generated at random in a planning polygon"},"geometry":{"type":"Point","coordinates":[73.84154714753942,19.94839440348478]}},{"type":"Feature","properties":{"name":"C-0672","locationConfidence":"indicative","placement":"generated at random in a planning polygon"},"geometry":{"type":"Point","coordinates":[73.84181861322277,19.948194500728487]}},{"type":"Feature","properties":{"name":"C-0673","locationConfidence":"indicative","placement":"generated at random in a planning polygon"},"geometry":{"type":"Point","coordinates":[73.84171556363007,19.948151042833892]}},{"type":"Feature","properties":{"name":"C-0674","locationConfidence":"indicative","placement":"generated at random in a planning polygon"},"geometry":{"type":"Point","coordinates":[73.84161017040425,19.94787894248925]}},{"type":"Feature","properties":{"name":"C-0675","locationConfidence":"indicative","placement":"generated at random in a planning polygon"},"geometry":{"type":"Point","coordinates":[73.84156248447898,19.948254735422847]}},{"type":"Feature","properties":{"name":"C-0676","locationConfidence":"indicative","placement":"generated at random in a planning polygon"},"geometry":{"type":"Point","coordinates":[73.84128283423016,19.94799923366437]}},{"type":"Feature","properties":{"name":"C-0677","locationConfidence":"indicative","placement":"generated at random in a planning polygon"},"geometry":{"type":"Point","coordinates":[73.84107259887628,19.94819811065001]}},{"type":"Feature","properties":{"name":"C-0678","locationConfidence":"indicative","placement":"generated at random in a planning polygon"},"geometry":{"type":"Point","coordinates":[73.8411666608752,19.948281363319374]}},{"type":"Feature","properties":{"name":"C-0679","locationConfidence":"indicative","placement":"generated at random in a planning polygon"},"geometry":{"type":"Point","coordinates":[73.84165066961219,19.9477584636883]}},{"type":"Feature","properties":{"name":"C-0680","locationConfidence":"indicative","placement":"generated at random in a planning polygon"},"geometry":{"type":"Point","coordinates":[73.8412916951069,19.9482782011568]}},{"type":"Feature","properties":{"name":"C-0681","locationConfidence":"indicative","placement":"generated at random in a planning polygon"},"geometry":{"type":"Point","coordinates":[73.84160440631584,19.94840084223916]}},{"type":"Feature","properties":{"name":"C-0682","locationConfidence":"indicative","placement":"generated at random in a planning polygon"},"geometry":{"type":"Point","coordinates":[73.84130650848644,19.948148731312134]}},{"type":"Feature","properties":{"name":"C-0683","locationConfidence":"indicative","placement":"generated at random in a planning polygon"},"geometry":{"type":"Point","coordinates":[73.84124876767643,19.948074186449173]}},{"type":"Feature","properties":{"name":"C-0684","locationConfidence":"indicative","placement":"generated at random in a planning polygon"},"geometry":{"type":"Point","coordinates":[73.84134825544021,19.948445409364858]}},{"type":"Feature","properties":{"name":"C-0685","locationConfidence":"indicative","placement":"generated at random in a planning polygon"},"geometry":{"type":"Point","coordinates":[73.84167329679336,19.947924350111876]}},{"type":"Feature","properties":{"name":"C-0686","locationConfidence":"indicative","placement":"generated at random in a planning polygon"},"geometry":{"type":"Point","coordinates":[73.8417904983891,19.94824001651005]}},{"type":"Feature","properties":{"name":"C-0687","locationConfidence":"indicative","placement":"generated at random in a planning polygon"},"geometry":{"type":"Point","coordinates":[73.84167441536142,19.947977991608635]}},{"type":"Feature","properties":{"name":"C-0688","locationConfidence":"indicative","placement":"generated at random in a planning polygon"},"geometry":{"type":"Point","coordinates":[73.84185744165542,19.948382820418395]}},{"type":"Feature","properties":{"name":"C-0689","locationConfidence":"indicative","placement":"generated at random in a planning polygon"},"geometry":{"type":"Point","coordinates":[73.84133060280479,19.94816861428507]}},{"type":"Feature","properties":{"name":"C-0690","locationConfidence":"indicative","placement":"generated at random in a planning polygon"},"geometry":{"type":"Point","coordinates":[73.84150121872656,19.948473781180002]}},{"type":"Feature","properties":{"name":"C-0691","locationConfidence":"indicative","placement":"generated at random in a planning polygon"},"geometry":{"type":"Point","coordinates":[73.84155918601242,19.948053954904122]}},{"type":"Feature","properties":{"name":"C-0692","locationConfidence":"indicative","placement":"generated at random in a planning polygon"},"geometry":{"type":"Point","coordinates":[73.84122464910736,19.948067286303356]}},{"type":"Feature","properties":{"name":"C-0693","locationConfidence":"indicative","placement":"generated at random in a planning polygon"},"geometry":{"type":"Point","coordinates":[73.84167224622895,19.948022855434107]}},{"type":"Feature","properties":{"name":"C-0694","locationConfidence":"indicative","placement":"generated at random in a planning polygon"},"geometry":{"type":"Point","coordinates":[73.8410808270167,19.948271504053785]}},{"type":"Feature","properties":{"name":"C-0695","locationConfidence":"indicative","placement":"generated at random in a planning polygon"},"geometry":{"type":"Point","coordinates":[73.84155162801186,19.948126759666735]}},{"type":"Feature","properties":{"name":"C-0696","locationConfidence":"indicative","placement":"generated at random in a planning polygon"},"geometry":{"type":"Point","coordinates":[73.84138348486387,19.94806346812339]}},{"type":"Feature","properties":{"name":"C-0697","locationConfidence":"indicative","placement":"generated at random in a planning polygon"},"geometry":{"type":"Point","coordinates":[73.84121651435703,19.948250909476386]}},{"type":"Feature","properties":{"name":"C-0698","locationConfidence":"indicative","placement":"generated at random in a planning polygon"},"geometry":{"type":"Point","coordinates":[73.84143709916826,19.94839817537004]}},{"type":"Feature","properties":{"name":"C-0699","locationConfidence":"indicative","placement":"generated at random in a planning polygon"},"geometry":{"type":"Point","coordinates":[73.84104514285436,19.948380671924223]}},{"type":"Feature","properties":{"name":"C-0700","locationConfidence":"indicative","placement":"generated at random in a planning polygon"},"geometry":{"type":"Point","coordinates":[73.84168982193158,19.948072095384706]}},{"type":"Feature","properties":{"name":"C-0701","locationConfidence":"indicative","placement":"generated at random in a planning polygon"},"geometry":{"type":"Point","coordinates":[73.84141269018016,19.94842998477817]}},{"type":"Feature","properties":{"name":"C-0702","locationConfidence":"indicative","placement":"generated at random in a planning polygon"},"geometry":{"type":"Point","coordinates":[73.84153829492851,19.948321735192238]}},{"type":"Feature","properties":{"name":"C-0703","locationConfidence":"indicative","placement":"generated at random in a planning polygon"},"geometry":{"type":"Point","coordinates":[73.84135715413821,19.948151835827943]}},{"type":"Feature","properties":{"name":"C-0704","locationConfidence":"indicative","placement":"generated at random in a planning polygon"},"geometry":{"type":"Point","coordinates":[73.84157724752886,19.948193349580716]}},{"type":"Feature","properties":{"name":"C-0705","locationConfidence":"indicative","placement":"generated at random in a planning polygon"},"geometry":{"type":"Point","coordinates":[73.84142717562337,19.948216733043612]}},{"type":"Feature","properties":{"name":"C-0706","locationConfidence":"indicative","placement":"generated at random in a planning polygon"},"geometry":{"type":"Point","coordinates":[73.84118770629352,19.948046627344432]}},{"type":"Feature","properties":{"name":"C-0707","locationConfidence":"indicative","placement":"generated at random in a planning polygon"},"geometry":{"type":"Point","coordinates":[73.84109001507771,19.948425360839643]}},{"type":"Feature","properties":{"name":"C-0708","locationConfidence":"indicative","placement":"generated at random in a planning polygon"},"geometry":{"type":"Point","coordinates":[73.84189490313663,19.948308871610774]}},{"type":"Feature","properties":{"name":"C-0709","locationConfidence":"indicative","placement":"generated at random in a planning polygon"},"geometry":{"type":"Point","coordinates":[73.84146757193035,19.948392814015676]}},{"type":"Feature","properties":{"name":"C-0710","locationConfidence":"indicative","placement":"generated at random in a planning polygon"},"geometry":{"type":"Point","coordinates":[73.84158790167459,19.947802222899288]}},{"type":"Feature","properties":{"name":"C-0711","locationConfidence":"indicative","placement":"generated at random in a planning polygon"},"geometry":{"type":"Point","coordinates":[73.84127651395427,19.948383747305332]}},{"type":"Feature","properties":{"name":"C-0712","locationConfidence":"indicative","placement":"generated at random in a planning polygon"},"geometry":{"type":"Point","coordinates":[73.84141858649518,19.948412082642466]}},{"type":"Feature","properties":{"name":"C-0713","locationConfidence":"indicative","placement":"generated at random in a planning polygon"},"geometry":{"type":"Point","coordinates":[73.84141145205325,19.947902059083262]}},{"type":"Feature","properties":{"name":"C-0714","locationConfidence":"indicative","placement":"generated at random in a planning polygon"},"geometry":{"type":"Point","coordinates":[73.84140843471737,19.947989512730015]}},{"type":"Feature","properties":{"name":"C-0715","locationConfidence":"indicative","placement":"generated at random in a planning polygon"},"geometry":{"type":"Point","coordinates":[73.84158905554726,19.948362690460975]}},{"type":"Feature","properties":{"name":"C-0716","locationConfidence":"indicative","placement":"generated at random in a planning polygon"},"geometry":{"type":"Point","coordinates":[73.84119082641426,19.948513170749344]}},{"type":"Feature","properties":{"name":"C-0717","locationConfidence":"indicative","placement":"generated at random in a planning polygon"},"geometry":{"type":"Point","coordinates":[73.8416504564002,19.948326792305664]}},{"type":"Feature","properties":{"name":"C-0718","locationConfidence":"indicative","placement":"generated at random in a planning polygon"},"geometry":{"type":"Point","coordinates":[73.84164984606043,19.94811463840647]}},{"type":"Feature","properties":{"name":"C-0719","locationConfidence":"indicative","placement":"generated at random in a planning polygon"},"geometry":{"type":"Point","coordinates":[73.84142752441282,19.94793094554036]}},{"type":"Feature","properties":{"name":"C-0720","locationConfidence":"indicative","placement":"generated at random in a planning polygon"},"geometry":{"type":"Point","coordinates":[73.84169377647962,19.94836430317047]}},{"type":"Feature","properties":{"name":"C-0721","locationConfidence":"indicative","placement":"generated at random in a planning polygon"},"geometry":{"type":"Point","coordinates":[73.8417506506697,19.948010327518208]}},{"type":"Feature","properties":{"name":"C-0722","locationConfidence":"indicative","placement":"generated at random in a planning polygon"},"geometry":{"type":"Point","coordinates":[73.8417426916245,19.948065044836245]}},{"type":"Feature","properties":{"name":"C-0723","locationConfidence":"indicative","placement":"generated at random in a planning polygon"},"geometry":{"type":"Point","coordinates":[73.84181172779283,19.94814434726173]}},{"type":"Feature","properties":{"name":"C-0724","locationConfidence":"indicative","placement":"generated at random in a planning polygon"},"geometry":{"type":"Point","coordinates":[73.84117005107194,19.94842244027162]}},{"type":"Feature","properties":{"name":"C-0725","locationConfidence":"indicative","placement":"generated at random in a planning polygon"},"geometry":{"type":"Point","coordinates":[73.84137195897578,19.94843031599848]}},{"type":"Feature","properties":{"name":"C-0726","locationConfidence":"indicative","placement":"generated at random in a planning polygon"},"geometry":{"type":"Point","coordinates":[73.84146459208048,19.948219835515292]}},{"type":"Feature","properties":{"name":"C-0727","locationConfidence":"indicative","placement":"generated at random in a planning polygon"},"geometry":{"type":"Point","coordinates":[73.84169262116542,19.948093407188544]}},{"type":"Feature","properties":{"name":"C-0728","locationConfidence":"indicative","placement":"generated at random in a planning polygon"},"geometry":{"type":"Point","coordinates":[73.8418791451678,19.948263480300987]}},{"type":"Feature","properties":{"name":"C-0729","locationConfidence":"indicative","placement":"generated at random in a planning polygon"},"geometry":{"type":"Point","coordinates":[73.84149996681747,19.947896505928366]}},{"type":"Feature","properties":{"name":"C-0730","locationConfidence":"indicative","placement":"generated at random in a planning polygon"},"geometry":{"type":"Point","coordinates":[73.8413592077268,19.94852602615197]}},{"type":"Feature","properties":{"name":"C-0731","locationConfidence":"indicative","placement":"generated at random in a planning polygon"},"geometry":{"type":"Point","coordinates":[73.84112466813006,19.94816902009555]}},{"type":"Feature","properties":{"name":"C-0732","locationConfidence":"indicative","placement":"generated at random in a planning polygon"},"geometry":{"type":"Point","coordinates":[73.84143911609573,19.948026209174458]}},{"type":"Feature","properties":{"name":"C-0733","locationConfidence":"indicative","placement":"generated at random in a planning polygon"},"geometry":{"type":"Point","coordinates":[73.84133944017564,19.948122143796592]}},{"type":"Feature","properties":{"name":"C-0734","locationConfidence":"indicative","placement":"generated at random in a planning polygon"},"geometry":{"type":"Point","coordinates":[73.84127450147176,19.94801018173626]}},{"type":"Feature","properties":{"name":"C-0735","locationConfidence":"indicative","placement":"generated at random in a planning polygon"},"geometry":{"type":"Point","coordinates":[73.84135599030964,19.947986955427087]}},{"type":"Feature","properties":{"name":"C-0736","locationConfidence":"indicative","placement":"generated at random in a planning polygon"},"geometry":{"type":"Point","coordinates":[73.84173569054995,19.94814376513411]}},{"type":"Feature","properties":{"name":"C-0737","locationConfidence":"indicative","placement":"generated at random in a planning polygon"},"geometry":{"type":"Point","coordinates":[73.84154077382391,19.947806892986993]}},{"type":"Feature","properties":{"name":"C-0738","locationConfidence":"indicative","placement":"generated at random in a planning polygon"},"geometry":{"type":"Point","coordinates":[73.84173917584094,19.94810264602465]}},{"type":"Feature","properties":{"name":"C-0739","locationConfidence":"indicative","placement":"generated at random in a planning polygon"},"geometry":{"type":"Point","coordinates":[73.84179097065656,19.947998080025723]}},{"type":"Feature","properties":{"name":"C-0740","locationConfidence":"indicative","placement":"generated at random in a planning polygon"},"geometry":{"type":"Point","coordinates":[73.84166561699993,19.948226913983188]}},{"type":"Feature","properties":{"name":"C-0741","locationConfidence":"indicative","placement":"generated at random in a planning polygon"},"geometry":{"type":"Point","coordinates":[73.84115075913165,19.94829531049256]}},{"type":"Feature","properties":{"name":"C-0742","locationConfidence":"indicative","placement":"generated at random in a planning polygon"},"geometry":{"type":"Point","coordinates":[73.84142234115912,19.94843048104308]}},{"type":"Feature","properties":{"name":"C-0743","locationConfidence":"indicative","placement":"generated at random in a planning polygon"},"geometry":{"type":"Point","coordinates":[73.8417135612308,19.94818319214671]}},{"type":"Feature","properties":{"name":"C-0744","locationConfidence":"indicative","placement":"generated at random in a planning polygon"},"geometry":{"type":"Point","coordinates":[73.84172359368118,19.947873351307397]}},{"type":"Feature","properties":{"name":"C-0745","locationConfidence":"indicative","placement":"generated at random in a planning polygon"},"geometry":{"type":"Point","coordinates":[73.8414187162205,19.948267821724844]}},{"type":"Feature","properties":{"name":"C-0746","locationConfidence":"indicative","placement":"generated at random in a planning polygon"},"geometry":{"type":"Point","coordinates":[73.84163215090786,19.948025798909494]}},{"type":"Feature","properties":{"name":"C-0747","locationConfidence":"indicative","placement":"generated at random in a planning polygon"},"geometry":{"type":"Point","coordinates":[73.84103728566095,19.94825014812258]}},{"type":"Feature","properties":{"name":"C-0748","locationConfidence":"indicative","placement":"generated at random in a planning polygon"},"geometry":{"type":"Point","coordinates":[73.8414349286765,19.94848088327778]}},{"type":"Feature","properties":{"name":"C-0749","locationConfidence":"indicative","placement":"generated at random in a planning polygon"},"geometry":{"type":"Point","coordinates":[73.841208130173,19.94844100426469]}},{"type":"Feature","properties":{"name":"C-0750","locationConfidence":"indicative","placement":"generated at random in a planning polygon"},"geometry":{"type":"Point","coordinates":[73.84159945918479,19.94787194916545]}},{"type":"Feature","properties":{"name":"C-0751","locationConfidence":"indicative","placement":"generated at random in a planning polygon"},"geometry":{"type":"Point","coordinates":[73.8410773786047,19.94827768077458]}},{"type":"Feature","properties":{"name":"C-0752","locationConfidence":"indicative","placement":"generated at random in a planning polygon"},"geometry":{"type":"Point","coordinates":[73.84159091038362,19.947851727292047]}},{"type":"Feature","properties":{"name":"C-0753","locationConfidence":"indicative","placement":"generated at random in a planning polygon"},"geometry":{"type":"Point","coordinates":[73.84114970524641,19.948231602952294]}},{"type":"Feature","properties":{"name":"C-0754","locationConfidence":"indicative","placement":"generated at random in a planning polygon"},"geometry":{"type":"Point","coordinates":[73.8412503407858,19.948499380861662]}},{"type":"Feature","properties":{"name":"C-0755","locationConfidence":"indicative","placement":"generated at random in a planning polygon"},"geometry":{"type":"Point","coordinates":[73.84165462789375,19.948281454069743]}},{"type":"Feature","properties":{"name":"C-0756","locationConfidence":"indicative","placement":"generated at random in a planning polygon"},"geometry":{"type":"Point","coordinates":[73.84136331167775,19.948182307035896]}},{"type":"Feature","properties":{"name":"C-0757","locationConfidence":"indicative","placement":"generated at random in a planning polygon"},"geometry":{"type":"Point","coordinates":[73.84094349711513,19.94820708883727]}},{"type":"Feature","properties":{"name":"C-0758","locationConfidence":"indicative","placement":"generated at random in a planning polygon"},"geometry":{"type":"Point","coordinates":[73.84118290138484,19.948492927692662]}},{"type":"Feature","properties":{"name":"C-0759","locationConfidence":"indicative","placement":"generated at random in a planning polygon"},"geometry":{"type":"Point","coordinates":[73.84170009004889,19.948290451034783]}},{"type":"Feature","properties":{"name":"C-0760","locationConfidence":"indicative","placement":"generated at random in a planning polygon"},"geometry":{"type":"Point","coordinates":[73.84130524296965,19.948218032939792]}},{"type":"Feature","properties":{"name":"C-0761","locationConfidence":"indicative","placement":"generated at random in a planning polygon"},"geometry":{"type":"Point","coordinates":[73.84103202943265,19.948185960640107]}},{"type":"Feature","properties":{"name":"C-0762","locationConfidence":"indicative","placement":"generated at random in a planning polygon"},"geometry":{"type":"Point","coordinates":[73.84169959051593,19.948233852718662]}},{"type":"Feature","properties":{"name":"C-0763","locationConfidence":"indicative","placement":"generated at random in a planning polygon"},"geometry":{"type":"Point","coordinates":[73.84161152365226,19.94840396722378]}},{"type":"Feature","properties":{"name":"C-0764","locationConfidence":"indicative","placement":"generated at random in a planning polygon"},"geometry":{"type":"Point","coordinates":[73.84138979747058,19.948331030429625]}},{"type":"Feature","properties":{"name":"C-0765","locationConfidence":"indicative","placement":"generated at random in a planning polygon"},"geometry":{"type":"Point","coordinates":[73.84145838139817,19.948129012453837]}},{"type":"Feature","properties":{"name":"C-0766","locationConfidence":"indicative","placement":"generated at random in a planning polygon"},"geometry":{"type":"Point","coordinates":[73.84118359131865,19.94811158120868]}},{"type":"Feature","properties":{"name":"C-0767","locationConfidence":"indicative","placement":"generated at random in a planning polygon"},"geometry":{"type":"Point","coordinates":[73.84163025064873,19.94836982311953]}},{"type":"Feature","properties":{"name":"C-0768","locationConfidence":"indicative","placement":"generated at random in a planning polygon"},"geometry":{"type":"Point","coordinates":[73.84112604181043,19.94832837224637]}},{"type":"Feature","properties":{"name":"C-0769","locationConfidence":"indicative","placement":"generated at random in a planning polygon"},"geometry":{"type":"Point","coordinates":[73.84193900987873,19.948360077889404]}},{"type":"Feature","properties":{"name":"C-0770","locationConfidence":"indicative","placement":"generated at random in a planning polygon"},"geometry":{"type":"Point","coordinates":[73.8414225513483,19.94842511542074]}},{"type":"Feature","properties":{"name":"C-0771","locationConfidence":"indicative","placement":"generated at random in a planning polygon"},"geometry":{"type":"Point","coordinates":[73.84140722409148,19.948081290298763]}},{"type":"Feature","properties":{"name":"C-0772","locationConfidence":"indicative","placement":"generated at random in a planning polygon"},"geometry":{"type":"Point","coordinates":[73.8419642053842,19.948339037629452]}},{"type":"Feature","properties":{"name":"C-0773","locationConfidence":"indicative","placement":"generated at random in a planning polygon"},"geometry":{"type":"Point","coordinates":[73.84117132217345,19.948355254644856]}},{"type":"Feature","properties":{"name":"C-0774","locationConfidence":"indicative","placement":"generated at random in a planning polygon"},"geometry":{"type":"Point","coordinates":[73.84112000041925,19.948171023145694]}},{"type":"Feature","properties":{"name":"C-0775","locationConfidence":"indicative","placement":"generated at random in a planning polygon"},"geometry":{"type":"Point","coordinates":[73.84178511093984,19.948322089957436]}},{"type":"Feature","properties":{"name":"C-0776","locationConfidence":"indicative","placement":"generated at random in a planning polygon"},"geometry":{"type":"Point","coordinates":[73.84165216576848,19.947802384147973]}},{"type":"Feature","properties":{"name":"C-0777","locationConfidence":"indicative","placement":"generated at random in a planning polygon"},"geometry":{"type":"Point","coordinates":[73.84151516072194,19.94820647731032]}},{"type":"Feature","properties":{"name":"C-0778","locationConfidence":"indicative","placement":"generated at random in a planning polygon"},"geometry":{"type":"Point","coordinates":[73.84142993071642,19.948389421597465]}},{"type":"Feature","properties":{"name":"C-0779","locationConfidence":"indicative","placement":"generated at random in a planning polygon"},"geometry":{"type":"Point","coordinates":[73.84126950238712,19.9484868943712]}},{"type":"Feature","properties":{"name":"C-0780","locationConfidence":"indicative","placement":"generated at random in a planning polygon"},"geometry":{"type":"Point","coordinates":[73.84095210963262,19.94817020897506]}},{"type":"Feature","properties":{"name":"C-0781","locationConfidence":"indicative","placement":"generated at random in a planning polygon"},"geometry":{"type":"Point","coordinates":[73.84142240803153,19.94808314860209]}},{"type":"Feature","properties":{"name":"C-0782","locationConfidence":"indicative","placement":"generated at random in a planning polygon"},"geometry":{"type":"Point","coordinates":[73.84152264700028,19.948364952430623]}},{"type":"Feature","properties":{"name":"C-0783","locationConfidence":"indicative","placement":"generated at random in a planning polygon"},"geometry":{"type":"Point","coordinates":[73.84139158277573,19.94848694343071]}},{"type":"Feature","properties":{"name":"C-0784","locationConfidence":"indicative","placement":"generated at random in a planning polygon"},"geometry":{"type":"Point","coordinates":[73.84148594019707,19.94815813930487]}},{"type":"Feature","properties":{"name":"C-0785","locationConfidence":"indicative","placement":"generated at random in a planning polygon"},"geometry":{"type":"Point","coordinates":[73.8415284690322,19.94826317330196]}},{"type":"Feature","properties":{"name":"C-0786","locationConfidence":"indicative","placement":"generated at random in a planning polygon"},"geometry":{"type":"Point","coordinates":[73.84169963076182,19.94800576144284]}},{"type":"Feature","properties":{"name":"C-0787","locationConfidence":"indicative","placement":"generated at random in a planning polygon"},"geometry":{"type":"Point","coordinates":[73.84171207631093,19.94792301756489]}},{"type":"Feature","properties":{"name":"C-0788","locationConfidence":"indicative","placement":"generated at random in a planning polygon"},"geometry":{"type":"Point","coordinates":[73.84122714444143,19.94821134229969]}},{"type":"Feature","properties":{"name":"C-0789","locationConfidence":"indicative","placement":"generated at random in a planning polygon"},"geometry":{"type":"Point","coordinates":[73.84151640003066,19.948379633932202]}},{"type":"Feature","properties":{"name":"C-0790","locationConfidence":"indicative","placement":"generated at random in a planning polygon"},"geometry":{"type":"Point","coordinates":[73.84114769640317,19.948050328987236]}},{"type":"Feature","properties":{"name":"C-0791","locationConfidence":"indicative","placement":"generated at random in a planning polygon"},"geometry":{"type":"Point","coordinates":[73.8410775033255,19.94831533662981]}},{"type":"Feature","properties":{"name":"C-0792","locationConfidence":"indicative","placement":"generated at random in a planning polygon"},"geometry":{"type":"Point","coordinates":[73.84113894078139,19.948251045636557]}},{"type":"Feature","properties":{"name":"C-0793","locationConfidence":"indicative","placement":"generated at random in a planning polygon"},"geometry":{"type":"Point","coordinates":[73.84176684235366,19.948361622957037]}},{"type":"Feature","properties":{"name":"C-0794","locationConfidence":"indicative","placement":"generated at random in a planning polygon"},"geometry":{"type":"Point","coordinates":[73.84114980516473,19.94855330933352]}},{"type":"Feature","properties":{"name":"C-0795","locationConfidence":"indicative","placement":"generated at random in a planning polygon"},"geometry":{"type":"Point","coordinates":[73.8414550831639,19.948077714138545]}},{"type":"Feature","properties":{"name":"C-0796","locationConfidence":"indicative","placement":"generated at random in a planning polygon"},"geometry":{"type":"Point","coordinates":[73.84150166304504,19.94797856047622]}},{"type":"Feature","properties":{"name":"C-0797","locationConfidence":"indicative","placement":"generated at random in a planning polygon"},"geometry":{"type":"Point","coordinates":[73.84112700307725,19.948135672614757]}},{"type":"Feature","properties":{"name":"C-0798","locationConfidence":"indicative","placement":"generated at random in a planning polygon"},"geometry":{"type":"Point","coordinates":[73.8417436604421,19.94793550396777]}},{"type":"Feature","properties":{"name":"C-0799","locationConfidence":"indicative","placement":"generated at random in a planning polygon"},"geometry":{"type":"Point","coordinates":[73.84144514102582,19.947991480183283]}},{"type":"Feature","properties":{"name":"C-0800","locationConfidence":"indicative","placement":"generated at random in a planning polygon"},"geometry":{"type":"Point","coordinates":[73.84171680113278,19.947943358654662]}},{"type":"Feature","properties":{"name":"C-0801","locationConfidence":"indicative","placement":"generated at random in a planning polygon"},"geometry":{"type":"Point","coordinates":[73.79458220358391,20.0101203328864]}},{"type":"Feature","properties":{"name":"C-0802","locationConfidence":"indicative","placement":"generated at random in a planning polygon"},"geometry":{"type":"Point","coordinates":[73.79447497816496,20.009933141935907]}},{"type":"Feature","properties":{"name":"C-0803","locationConfidence":"indicative","placement":"generated at random in a planning polygon"},"geometry":{"type":"Point","coordinates":[73.79491553337866,20.010815965066875]}},{"type":"Feature","properties":{"name":"C-0804","locationConfidence":"indicative","placement":"generated at random in a planning polygon"},"geometry":{"type":"Point","coordinates":[73.79549681597081,20.009374968027856]}},{"type":"Feature","properties":{"name":"C-0805","locationConfidence":"indicative","placement":"generated at random in a planning polygon"},"geometry":{"type":"Point","coordinates":[73.795451561115,20.009924276438188]}},{"type":"Feature","properties":{"name":"C-0806","locationConfidence":"indicative","placement":"generated at random in a planning polygon"},"geometry":{"type":"Point","coordinates":[73.79435894908427,20.009858549309747]}},{"type":"Feature","properties":{"name":"C-0807","locationConfidence":"indicative","placement":"generated at random in a planning polygon"},"geometry":{"type":"Point","coordinates":[73.79523694259973,20.010364327761234]}},{"type":"Feature","properties":{"name":"C-0808","locationConfidence":"indicative","placement":"generated at random in a planning polygon"},"geometry":{"type":"Point","coordinates":[73.79572374570316,20.010562189241178]}},{"type":"Feature","properties":{"name":"C-0809","locationConfidence":"indicative","placement":"generated at random in a planning polygon"},"geometry":{"type":"Point","coordinates":[73.79419924665696,20.009538304423156]}},{"type":"Feature","properties":{"name":"C-0810","locationConfidence":"indicative","placement":"generated at random in a planning polygon"},"geometry":{"type":"Point","coordinates":[73.79500019310764,20.010835698633745]}},{"type":"Feature","properties":{"name":"C-0811","locationConfidence":"indicative","placement":"generated at random in a planning polygon"},"geometry":{"type":"Point","coordinates":[73.79473397087617,20.00996083130773]}},{"type":"Feature","properties":{"name":"C-0812","locationConfidence":"indicative","placement":"generated at random in a planning polygon"},"geometry":{"type":"Point","coordinates":[73.79427184409136,20.009814713588217]}},{"type":"Feature","properties":{"name":"C-0813","locationConfidence":"indicative","placement":"generated at random in a planning polygon"},"geometry":{"type":"Point","coordinates":[73.79538803912065,20.010796512892234]}},{"type":"Feature","properties":{"name":"C-0814","locationConfidence":"indicative","placement":"generated at random in a planning polygon"},"geometry":{"type":"Point","coordinates":[73.79418783351544,20.00950518680168]}},{"type":"Feature","properties":{"name":"C-0815","locationConfidence":"indicative","placement":"generated at random in a planning polygon"},"geometry":{"type":"Point","coordinates":[73.79506060529629,20.01031919405947]}},{"type":"Feature","properties":{"name":"C-0816","locationConfidence":"indicative","placement":"generated at random in a planning polygon"},"geometry":{"type":"Point","coordinates":[73.79563171744378,20.01045922924331]}},{"type":"Feature","properties":{"name":"C-0817","locationConfidence":"indicative","placement":"generated at random in a planning polygon"},"geometry":{"type":"Point","coordinates":[73.7946857060575,20.009258589107397]}},{"type":"Feature","properties":{"name":"C-0818","locationConfidence":"indicative","placement":"generated at random in a planning polygon"},"geometry":{"type":"Point","coordinates":[73.79501800839752,20.010166014654274]}},{"type":"Feature","properties":{"name":"C-0819","locationConfidence":"indicative","placement":"generated at random in a planning polygon"},"geometry":{"type":"Point","coordinates":[73.79525893777415,20.009208222487263]}},{"type":"Feature","properties":{"name":"C-0820","locationConfidence":"indicative","placement":"generated at random in a planning polygon"},"geometry":{"type":"Point","coordinates":[73.79407189562745,20.010288139515442]}},{"type":"Feature","properties":{"name":"C-0821","locationConfidence":"indicative","placement":"generated at random in a planning polygon"},"geometry":{"type":"Point","coordinates":[73.79496631504841,20.010795346219787]}},{"type":"Feature","properties":{"name":"C-0822","locationConfidence":"indicative","placement":"generated at random in a planning polygon"},"geometry":{"type":"Point","coordinates":[73.79501674168995,20.010136532150646]}},{"type":"Feature","properties":{"name":"C-0823","locationConfidence":"indicative","placement":"generated at random in a planning polygon"},"geometry":{"type":"Point","coordinates":[73.79518296899455,20.010187804229574]}},{"type":"Feature","properties":{"name":"C-0824","locationConfidence":"indicative","placement":"generated at random in a planning polygon"},"geometry":{"type":"Point","coordinates":[73.79470047947888,20.009797819820978]}},{"type":"Feature","properties":{"name":"C-0825","locationConfidence":"indicative","placement":"generated at random in a planning polygon"},"geometry":{"type":"Point","coordinates":[73.7948665305776,20.010622837274624]}},{"type":"Feature","properties":{"name":"C-0826","locationConfidence":"indicative","placement":"generated at random in a planning polygon"},"geometry":{"type":"Point","coordinates":[73.7947851789659,20.009778371655297]}},{"type":"Feature","properties":{"name":"C-0827","locationConfidence":"indicative","placement":"generated at random in a planning polygon"},"geometry":{"type":"Point","coordinates":[73.79541877236473,20.00994890078276]}},{"type":"Feature","properties":{"name":"C-0828","locationConfidence":"indicative","placement":"generated at random in a planning polygon"},"geometry":{"type":"Point","coordinates":[73.79514834587135,20.010248931830155]}},{"type":"Feature","properties":{"name":"C-0829","locationConfidence":"indicative","placement":"generated at random in a planning polygon"},"geometry":{"type":"Point","coordinates":[73.79523426751962,20.00987887660605]}},{"type":"Feature","properties":{"name":"C-0830","locationConfidence":"indicative","placement":"generated at random in a planning polygon"},"geometry":{"type":"Point","coordinates":[73.79511089106062,20.009828920449827]}},{"type":"Feature","properties":{"name":"C-0831","locationConfidence":"indicative","placement":"generated at random in a planning polygon"},"geometry":{"type":"Point","coordinates":[73.79414710558682,20.0097020944022]}},{"type":"Feature","properties":{"name":"C-0832","locationConfidence":"indicative","placement":"generated at random in a planning polygon"},"geometry":{"type":"Point","coordinates":[73.79489803551299,20.009115497655575]}},{"type":"Feature","properties":{"name":"C-0833","locationConfidence":"indicative","placement":"generated at random in a planning polygon"},"geometry":{"type":"Point","coordinates":[73.79403710623393,20.00973730175964]}},{"type":"Feature","properties":{"name":"C-0834","locationConfidence":"indicative","placement":"generated at random in a planning polygon"},"geometry":{"type":"Point","coordinates":[73.79484337709987,20.009377912441337]}},{"type":"Feature","properties":{"name":"C-0835","locationConfidence":"indicative","placement":"generated at random in a planning polygon"},"geometry":{"type":"Point","coordinates":[73.79443235027175,20.010388986613176]}},{"type":"Feature","properties":{"name":"C-0836","locationConfidence":"indicative","placement":"generated at random in a planning polygon"},"geometry":{"type":"Point","coordinates":[73.79488892128639,20.01080825179992]}},{"type":"Feature","properties":{"name":"C-0837","locationConfidence":"indicative","placement":"generated at random in a planning polygon"},"geometry":{"type":"Point","coordinates":[73.79433106745095,20.009311104311926]}},{"type":"Feature","properties":{"name":"C-0838","locationConfidence":"indicative","placement":"generated at random in a planning polygon"},"geometry":{"type":"Point","coordinates":[73.7954149022542,20.010365299024695]}},{"type":"Feature","properties":{"name":"C-0839","locationConfidence":"indicative","placement":"generated at random in a planning polygon"},"geometry":{"type":"Point","coordinates":[73.79459082826294,20.010258798616025]}},{"type":"Feature","properties":{"name":"C-0840","locationConfidence":"indicative","placement":"generated at random in a planning polygon"},"geometry":{"type":"Point","coordinates":[73.79537283901209,20.00960802897394]}},{"type":"Feature","properties":{"name":"C-0841","locationConfidence":"indicative","placement":"generated at random in a planning polygon"},"geometry":{"type":"Point","coordinates":[73.79508155917513,20.00946140284072]}},{"type":"Feature","properties":{"name":"C-0842","locationConfidence":"indicative","placement":"generated at random in a planning polygon"},"geometry":{"type":"Point","coordinates":[73.79517927790316,20.01010139828938]}},{"type":"Feature","properties":{"name":"C-0843","locationConfidence":"indicative","placement":"generated at random in a planning polygon"},"geometry":{"type":"Point","coordinates":[73.7957295188174,20.010504989656575]}},{"type":"Feature","properties":{"name":"C-0844","locationConfidence":"indicative","placement":"generated at random in a planning polygon"},"geometry":{"type":"Point","coordinates":[73.79395525597528,20.009743337718]}},{"type":"Feature","properties":{"name":"C-0845","locationConfidence":"indicative","placement":"generated at random in a planning polygon"},"geometry":{"type":"Point","coordinates":[73.79503884169486,20.010040193536124]}},{"type":"Feature","properties":{"name":"C-0846","locationConfidence":"indicative","placement":"generated at random in a planning polygon"},"geometry":{"type":"Point","coordinates":[73.79409270155729,20.01005098932573]}},{"type":"Feature","properties":{"name":"C-0847","locationConfidence":"indicative","placement":"generated at random in a planning polygon"},"geometry":{"type":"Point","coordinates":[73.79473457121152,20.00950498335269]}},{"type":"Feature","properties":{"name":"C-0848","locationConfidence":"indicative","placement":"generated at random in a planning polygon"},"geometry":{"type":"Point","coordinates":[73.79512321041771,20.010111713604754]}},{"type":"Feature","properties":{"name":"C-0849","locationConfidence":"indicative","placement":"generated at random in a planning polygon"},"geometry":{"type":"Point","coordinates":[73.79552947649213,20.009660311554136]}},{"type":"Feature","properties":{"name":"C-0850","locationConfidence":"indicative","placement":"generated at random in a planning polygon"},"geometry":{"type":"Point","coordinates":[73.79531047272167,20.009801213579966]}},{"type":"Feature","properties":{"name":"C-0851","locationConfidence":"indicative","placement":"generated at random in a planning polygon"},"geometry":{"type":"Point","coordinates":[73.79415169099836,20.010528616060764]}},{"type":"Feature","properties":{"name":"C-0852","locationConfidence":"indicative","placement":"generated at random in a planning polygon"},"geometry":{"type":"Point","coordinates":[73.79542120067106,20.009670871497267]}},{"type":"Feature","properties":{"name":"C-0853","locationConfidence":"indicative","placement":"generated at random in a planning polygon"},"geometry":{"type":"Point","coordinates":[73.79524780701304,20.00931342271521]}},{"type":"Feature","properties":{"name":"C-0854","locationConfidence":"indicative","placement":"generated at random in a planning polygon"},"geometry":{"type":"Point","coordinates":[73.79423712928191,20.010648589295055]}},{"type":"Feature","properties":{"name":"C-0855","locationConfidence":"indicative","placement":"generated at random in a planning polygon"},"geometry":{"type":"Point","coordinates":[73.79407049654203,20.009747902197862]}},{"type":"Feature","properties":{"name":"C-0856","locationConfidence":"indicative","placement":"generated at random in a planning polygon"},"geometry":{"type":"Point","coordinates":[73.79452148225792,20.010588965406072]}},{"type":"Feature","properties":{"name":"C-0857","locationConfidence":"indicative","placement":"generated at random in a planning polygon"},"geometry":{"type":"Point","coordinates":[73.79467773745502,20.01080789715684]}},{"type":"Feature","properties":{"name":"C-0858","locationConfidence":"indicative","placement":"generated at random in a planning polygon"},"geometry":{"type":"Point","coordinates":[73.79537358360176,20.009891784977288]}},{"type":"Feature","properties":{"name":"C-0859","locationConfidence":"indicative","placement":"generated at random in a planning polygon"},"geometry":{"type":"Point","coordinates":[73.79506098897326,20.01042528745746]}},{"type":"Feature","properties":{"name":"C-0860","locationConfidence":"indicative","placement":"generated at random in a planning polygon"},"geometry":{"type":"Point","coordinates":[73.79457924298097,20.010051219485607]}},{"type":"Feature","properties":{"name":"C-0861","locationConfidence":"indicative","placement":"generated at random in a planning polygon"},"geometry":{"type":"Point","coordinates":[73.7955778628225,20.009424692699024]}},{"type":"Feature","properties":{"name":"C-0862","locationConfidence":"indicative","placement":"generated at random in a planning polygon"},"geometry":{"type":"Point","coordinates":[73.79522469176601,20.009254687570614]}},{"type":"Feature","properties":{"name":"C-0863","locationConfidence":"indicative","placement":"generated at random in a planning polygon"},"geometry":{"type":"Point","coordinates":[73.7947744715517,20.00963832166877]}},{"type":"Feature","properties":{"name":"C-0864","locationConfidence":"indicative","placement":"generated at random in a planning polygon"},"geometry":{"type":"Point","coordinates":[73.79485483364147,20.00938006935373]}},{"type":"Feature","properties":{"name":"C-0865","locationConfidence":"indicative","placement":"generated at random in a planning polygon"},"geometry":{"type":"Point","coordinates":[73.79456487138945,20.009413474430456]}},{"type":"Feature","properties":{"name":"C-0866","locationConfidence":"indicative","placement":"generated at random in a planning polygon"},"geometry":{"type":"Point","coordinates":[73.7940367737817,20.01015275825707]}},{"type":"Feature","properties":{"name":"C-0867","locationConfidence":"indicative","placement":"generated at random in a planning polygon"},"geometry":{"type":"Point","coordinates":[73.79512117729021,20.009209280087106]}},{"type":"Feature","properties":{"name":"C-0868","locationConfidence":"indicative","placement":"generated at random in a planning polygon"},"geometry":{"type":"Point","coordinates":[73.79560560069213,20.01042986473924]}},{"type":"Feature","properties":{"name":"C-0869","locationConfidence":"indicative","placement":"generated at random in a planning polygon"},"geometry":{"type":"Point","coordinates":[73.79468753175207,20.01028233004121]}},{"type":"Feature","properties":{"name":"C-0870","locationConfidence":"indicative","placement":"generated at random in a planning polygon"},"geometry":{"type":"Point","coordinates":[73.79487530176665,20.009320402751776]}},{"type":"Feature","properties":{"name":"C-0871","locationConfidence":"indicative","placement":"generated at random in a planning polygon"},"geometry":{"type":"Point","coordinates":[73.79463247361353,20.010644587446453]}},{"type":"Feature","properties":{"name":"C-0872","locationConfidence":"indicative","placement":"generated at random in a planning polygon"},"geometry":{"type":"Point","coordinates":[73.79528160917022,20.010653024450594]}},{"type":"Feature","properties":{"name":"C-0873","locationConfidence":"indicative","placement":"generated at random in a planning polygon"},"geometry":{"type":"Point","coordinates":[73.79518233958171,20.010865634146338]}},{"type":"Feature","properties":{"name":"C-0874","locationConfidence":"indicative","placement":"generated at random in a planning polygon"},"geometry":{"type":"Point","coordinates":[73.79396215533949,20.010437717689225]}},{"type":"Feature","properties":{"name":"C-0875","locationConfidence":"indicative","placement":"generated at random in a planning polygon"},"geometry":{"type":"Point","coordinates":[73.7952831663456,20.009779499174943]}},{"type":"Feature","properties":{"name":"C-0876","locationConfidence":"indicative","placement":"generated at random in a planning polygon"},"geometry":{"type":"Point","coordinates":[73.794636151663,20.01054716897867]}},{"type":"Feature","properties":{"name":"C-0877","locationConfidence":"indicative","placement":"generated at random in a planning polygon"},"geometry":{"type":"Point","coordinates":[73.79489562023153,20.009216371414517]}},{"type":"Feature","properties":{"name":"C-0878","locationConfidence":"indicative","placement":"generated at random in a planning polygon"},"geometry":{"type":"Point","coordinates":[73.79407138018472,20.010292432235854]}},{"type":"Feature","properties":{"name":"C-0879","locationConfidence":"indicative","placement":"generated at random in a planning polygon"},"geometry":{"type":"Point","coordinates":[73.79429528617908,20.010167448363244]}},{"type":"Feature","properties":{"name":"C-0880","locationConfidence":"indicative","placement":"generated at random in a planning polygon"},"geometry":{"type":"Point","coordinates":[73.79463531148006,20.0106807731219]}},{"type":"Feature","properties":{"name":"C-0881","locationConfidence":"indicative","placement":"generated at random in a planning polygon"},"geometry":{"type":"Point","coordinates":[73.79446204298671,20.00928355968314]}},{"type":"Feature","properties":{"name":"C-0882","locationConfidence":"indicative","placement":"generated at random in a planning polygon"},"geometry":{"type":"Point","coordinates":[73.7950493522056,20.00927814926029]}},{"type":"Feature","properties":{"name":"C-0883","locationConfidence":"indicative","placement":"generated at random in a planning polygon"},"geometry":{"type":"Point","coordinates":[73.79463577338223,20.00933816660715]}},{"type":"Feature","properties":{"name":"C-0884","locationConfidence":"indicative","placement":"generated at random in a planning polygon"},"geometry":{"type":"Point","coordinates":[73.79524953789377,20.010506379100363]}},{"type":"Feature","properties":{"name":"C-0885","locationConfidence":"indicative","placement":"generated at random in a planning polygon"},"geometry":{"type":"Point","coordinates":[73.79470391651276,20.010199163018445]}},{"type":"Feature","properties":{"name":"C-0886","locationConfidence":"indicative","placement":"generated at random in a planning polygon"},"geometry":{"type":"Point","coordinates":[73.79529491815667,20.01022393054316]}},{"type":"Feature","properties":{"name":"C-0887","locationConfidence":"indicative","placement":"generated at random in a planning polygon"},"geometry":{"type":"Point","coordinates":[73.79419957078329,20.010440167969495]}},{"type":"Feature","properties":{"name":"C-0888","locationConfidence":"indicative","placement":"generated at random in a planning polygon"},"geometry":{"type":"Point","coordinates":[73.7948460702679,20.009625837393585]}},{"type":"Feature","properties":{"name":"C-0889","locationConfidence":"indicative","placement":"generated at random in a planning polygon"},"geometry":{"type":"Point","coordinates":[73.79427149147551,20.009852125629262]}},{"type":"Feature","properties":{"name":"C-0890","locationConfidence":"indicative","placement":"generated at random in a planning polygon"},"geometry":{"type":"Point","coordinates":[73.7947331609636,20.009566119572014]}},{"type":"Feature","properties":{"name":"C-0891","locationConfidence":"indicative","placement":"generated at random in a planning polygon"},"geometry":{"type":"Point","coordinates":[73.79537765273172,20.00996631084237]}},{"type":"Feature","properties":{"name":"C-0892","locationConfidence":"indicative","placement":"generated at random in a planning polygon"},"geometry":{"type":"Point","coordinates":[73.79451750971108,20.010392567530175]}},{"type":"Feature","properties":{"name":"C-0893","locationConfidence":"indicative","placement":"generated at random in a planning polygon"},"geometry":{"type":"Point","coordinates":[73.79538774920191,20.009576048411237]}},{"type":"Feature","properties":{"name":"C-0894","locationConfidence":"indicative","placement":"generated at random in a planning polygon"},"geometry":{"type":"Point","coordinates":[73.7943929397673,20.010162212660248]}},{"type":"Feature","properties":{"name":"C-0895","locationConfidence":"indicative","placement":"generated at random in a planning polygon"},"geometry":{"type":"Point","coordinates":[73.79473043338055,20.010650074547765]}},{"type":"Feature","properties":{"name":"C-0896","locationConfidence":"indicative","placement":"generated at random in a planning polygon"},"geometry":{"type":"Point","coordinates":[73.79492264682945,20.009458877178538]}},{"type":"Feature","properties":{"name":"C-0897","locationConfidence":"indicative","placement":"generated at random in a planning polygon"},"geometry":{"type":"Point","coordinates":[73.79496022691777,20.00970789043734]}},{"type":"Feature","properties":{"name":"C-0898","locationConfidence":"indicative","placement":"generated at random in a planning polygon"},"geometry":{"type":"Point","coordinates":[73.7949336836163,20.009648501236175]}},{"type":"Feature","properties":{"name":"C-0899","locationConfidence":"indicative","placement":"generated at random in a planning polygon"},"geometry":{"type":"Point","coordinates":[73.79442960560564,20.009170948821257]}},{"type":"Feature","properties":{"name":"C-0900","locationConfidence":"indicative","placement":"generated at random in a planning polygon"},"geometry":{"type":"Point","coordinates":[73.7942028496962,20.010381766049395]}},{"type":"Feature","properties":{"name":"C-0901","locationConfidence":"indicative","placement":"generated at random in a planning polygon"},"geometry":{"type":"Point","coordinates":[73.79462165701715,20.009950136073396]}},{"type":"Feature","properties":{"name":"C-0902","locationConfidence":"indicative","placement":"generated at random in a planning polygon"},"geometry":{"type":"Point","coordinates":[73.79512795209199,20.009290912251544]}},{"type":"Feature","properties":{"name":"C-0903","locationConfidence":"indicative","placement":"generated at random in a planning polygon"},"geometry":{"type":"Point","coordinates":[73.79539362011727,20.00968864536977]}},{"type":"Feature","properties":{"name":"C-0904","locationConfidence":"indicative","placement":"generated at random in a planning polygon"},"geometry":{"type":"Point","coordinates":[73.79460303686378,20.00987919050657]}},{"type":"Feature","properties":{"name":"C-0905","locationConfidence":"indicative","placement":"generated at random in a planning polygon"},"geometry":{"type":"Point","coordinates":[73.79398352136172,20.0100645618294]}},{"type":"Feature","properties":{"name":"C-0906","locationConfidence":"indicative","placement":"generated at random in a planning polygon"},"geometry":{"type":"Point","coordinates":[73.79509647748164,20.01087977203561]}},{"type":"Feature","properties":{"name":"C-0907","locationConfidence":"indicative","placement":"generated at random in a planning polygon"},"geometry":{"type":"Point","coordinates":[73.79526866954397,20.00943844313811]}},{"type":"Feature","properties":{"name":"C-0908","locationConfidence":"indicative","placement":"generated at random in a planning polygon"},"geometry":{"type":"Point","coordinates":[73.79477920605571,20.010795389436588]}},{"type":"Feature","properties":{"name":"C-0909","locationConfidence":"indicative","placement":"generated at random in a planning polygon"},"geometry":{"type":"Point","coordinates":[73.79484543646213,20.00943764092991]}},{"type":"Feature","properties":{"name":"C-0910","locationConfidence":"indicative","placement":"generated at random in a planning polygon"},"geometry":{"type":"Point","coordinates":[73.79451268912788,20.00946754707052]}},{"type":"Feature","properties":{"name":"C-0911","locationConfidence":"indicative","placement":"generated at random in a planning polygon"},"geometry":{"type":"Point","coordinates":[73.79507129708988,20.009927690813775]}},{"type":"Feature","properties":{"name":"C-0912","locationConfidence":"indicative","placement":"generated at random in a planning polygon"},"geometry":{"type":"Point","coordinates":[73.79549346903869,20.01034638680573]}},{"type":"Feature","properties":{"name":"C-0913","locationConfidence":"indicative","placement":"generated at random in a planning polygon"},"geometry":{"type":"Point","coordinates":[73.79411580281106,20.009392475540608]}},{"type":"Feature","properties":{"name":"C-0914","locationConfidence":"indicative","placement":"generated at random in a planning polygon"},"geometry":{"type":"Point","coordinates":[73.79498258661157,20.010759073209393]}},{"type":"Feature","properties":{"name":"C-0915","locationConfidence":"indicative","placement":"generated at random in a planning polygon"},"geometry":{"type":"Point","coordinates":[73.79388383752708,20.010160703746866]}},{"type":"Feature","properties":{"name":"C-0916","locationConfidence":"indicative","placement":"generated at random in a planning polygon"},"geometry":{"type":"Point","coordinates":[73.79424850251661,20.010678876771784]}},{"type":"Feature","properties":{"name":"C-0917","locationConfidence":"indicative","placement":"generated at random in a planning polygon"},"geometry":{"type":"Point","coordinates":[73.79518079308335,20.00918271126118]}},{"type":"Feature","properties":{"name":"C-0918","locationConfidence":"indicative","placement":"generated at random in a planning polygon"},"geometry":{"type":"Point","coordinates":[73.79536232741337,20.009753084874156]}},{"type":"Feature","properties":{"name":"C-0919","locationConfidence":"indicative","placement":"generated at random in a planning polygon"},"geometry":{"type":"Point","coordinates":[73.79539372765355,20.010315814033042]}},{"type":"Feature","properties":{"name":"C-0920","locationConfidence":"indicative","placement":"generated at random in a planning polygon"},"geometry":{"type":"Point","coordinates":[73.79390421946393,20.010233713750733]}},{"type":"Feature","properties":{"name":"C-0921","locationConfidence":"indicative","placement":"generated at random in a planning polygon"},"geometry":{"type":"Point","coordinates":[73.79449898142944,20.01030687614301]}},{"type":"Feature","properties":{"name":"C-0922","locationConfidence":"indicative","placement":"generated at random in a planning polygon"},"geometry":{"type":"Point","coordinates":[73.79510941763687,20.00998021600256]}},{"type":"Feature","properties":{"name":"C-0923","locationConfidence":"indicative","placement":"generated at random in a planning polygon"},"geometry":{"type":"Point","coordinates":[73.7956055163879,20.010191667689963]}},{"type":"Feature","properties":{"name":"C-0924","locationConfidence":"indicative","placement":"generated at random in a planning polygon"},"geometry":{"type":"Point","coordinates":[73.79500584147925,20.01000539371965]}},{"type":"Feature","properties":{"name":"C-0925","locationConfidence":"indicative","placement":"generated at random in a planning polygon"},"geometry":{"type":"Point","coordinates":[73.79444778273196,20.00977358050807]}},{"type":"Feature","properties":{"name":"C-0926","locationConfidence":"indicative","placement":"generated at random in a planning polygon"},"geometry":{"type":"Point","coordinates":[73.79417539115975,20.010356995211385]}},{"type":"Feature","properties":{"name":"C-0927","locationConfidence":"indicative","placement":"generated at random in a planning polygon"},"geometry":{"type":"Point","coordinates":[73.79565213424786,20.010462181989716]}},{"type":"Feature","properties":{"name":"C-0928","locationConfidence":"indicative","placement":"generated at random in a planning polygon"},"geometry":{"type":"Point","coordinates":[73.79522086272124,20.009899947974006]}},{"type":"Feature","properties":{"name":"C-0929","locationConfidence":"indicative","placement":"generated at random in a planning polygon"},"geometry":{"type":"Point","coordinates":[73.79471988716057,20.010621869064995]}},{"type":"Feature","properties":{"name":"C-0930","locationConfidence":"indicative","placement":"generated at random in a planning polygon"},"geometry":{"type":"Point","coordinates":[73.79536341777808,20.010397296694165]}},{"type":"Feature","properties":{"name":"C-0931","locationConfidence":"indicative","placement":"generated at random in a planning polygon"},"geometry":{"type":"Point","coordinates":[73.79493029576307,20.010384652464477]}},{"type":"Feature","properties":{"name":"C-0932","locationConfidence":"indicative","placement":"generated at random in a planning polygon"},"geometry":{"type":"Point","coordinates":[73.79485054269094,20.009492365247368]}},{"type":"Feature","properties":{"name":"C-0933","locationConfidence":"indicative","placement":"generated at random in a planning polygon"},"geometry":{"type":"Point","coordinates":[73.79461218657806,20.01080749395346]}},{"type":"Feature","properties":{"name":"C-0934","locationConfidence":"indicative","placement":"generated at random in a planning polygon"},"geometry":{"type":"Point","coordinates":[73.79530500151215,20.01017187263123]}},{"type":"Feature","properties":{"name":"C-0935","locationConfidence":"indicative","placement":"generated at random in a planning polygon"},"geometry":{"type":"Point","coordinates":[73.7957190196452,20.010313338037783]}},{"type":"Feature","properties":{"name":"C-0936","locationConfidence":"indicative","placement":"generated at random in a planning polygon"},"geometry":{"type":"Point","coordinates":[73.79446869831584,20.010785715547193]}},{"type":"Feature","properties":{"name":"C-0937","locationConfidence":"indicative","placement":"generated at random in a planning polygon"},"geometry":{"type":"Point","coordinates":[73.7950150272407,20.00931983399522]}},{"type":"Feature","properties":{"name":"C-0938","locationConfidence":"indicative","placement":"generated at random in a planning polygon"},"geometry":{"type":"Point","coordinates":[73.79408288926045,20.01056606485854]}},{"type":"Feature","properties":{"name":"C-0939","locationConfidence":"indicative","placement":"generated at random in a planning polygon"},"geometry":{"type":"Point","coordinates":[73.79400362897128,20.009899383242285]}},{"type":"Feature","properties":{"name":"C-0940","locationConfidence":"indicative","placement":"generated at random in a planning polygon"},"geometry":{"type":"Point","coordinates":[73.79523954620947,20.00966371503635]}},{"type":"Feature","properties":{"name":"C-0941","locationConfidence":"indicative","placement":"generated at random in a planning polygon"},"geometry":{"type":"Point","coordinates":[73.79566842721793,20.00990916405732]}},{"type":"Feature","properties":{"name":"C-0942","locationConfidence":"indicative","placement":"generated at random in a planning polygon"},"geometry":{"type":"Point","coordinates":[73.79503976328972,20.010176116556266]}},{"type":"Feature","properties":{"name":"C-0943","locationConfidence":"indicative","placement":"generated at random in a planning polygon"},"geometry":{"type":"Point","coordinates":[73.79421006377555,20.009971096561]}},{"type":"Feature","properties":{"name":"C-0944","locationConfidence":"indicative","placement":"generated at random in a planning polygon"},"geometry":{"type":"Point","coordinates":[73.7942440158168,20.00947327728798]}},{"type":"Feature","properties":{"name":"C-0945","locationConfidence":"indicative","placement":"generated at random in a planning polygon"},"geometry":{"type":"Point","coordinates":[73.79438317571294,20.01042949786571]}},{"type":"Feature","properties":{"name":"C-0946","locationConfidence":"indicative","placement":"generated at random in a planning polygon"},"geometry":{"type":"Point","coordinates":[73.79477605031362,20.010312354333895]}},{"type":"Feature","properties":{"name":"C-0947","locationConfidence":"indicative","placement":"generated at random in a planning polygon"},"geometry":{"type":"Point","coordinates":[73.79391009000071,20.010011935936358]}},{"type":"Feature","properties":{"name":"C-0948","locationConfidence":"indicative","placement":"generated at random in a planning polygon"},"geometry":{"type":"Point","coordinates":[73.79476276810064,20.009457709384233]}},{"type":"Feature","properties":{"name":"C-0949","locationConfidence":"indicative","placement":"generated at random in a planning polygon"},"geometry":{"type":"Point","coordinates":[73.7948277481827,20.00951776663111]}},{"type":"Feature","properties":{"name":"C-0950","locationConfidence":"indicative","placement":"generated at random in a planning polygon"},"geometry":{"type":"Point","coordinates":[73.79535707762295,20.0101506374153]}},{"type":"Feature","properties":{"name":"C-0951","locationConfidence":"indicative","placement":"generated at random in a planning polygon"},"geometry":{"type":"Point","coordinates":[73.79431127016979,20.0095498926474]}},{"type":"Feature","properties":{"name":"C-0952","locationConfidence":"indicative","placement":"generated at random in a planning polygon"},"geometry":{"type":"Point","coordinates":[73.79443885097751,20.009231389100652]}},{"type":"Feature","properties":{"name":"C-0953","locationConfidence":"indicative","placement":"generated at random in a planning polygon"},"geometry":{"type":"Point","coordinates":[73.7955251964675,20.009814975736884]}},{"type":"Feature","properties":{"name":"C-0954","locationConfidence":"indicative","placement":"generated at random in a planning polygon"},"geometry":{"type":"Point","coordinates":[73.79474218736351,20.00970691598789]}},{"type":"Feature","properties":{"name":"C-0955","locationConfidence":"indicative","placement":"generated at random in a planning polygon"},"geometry":{"type":"Point","coordinates":[73.79557129150146,20.009948396388012]}},{"type":"Feature","properties":{"name":"C-0956","locationConfidence":"indicative","placement":"generated at random in a planning polygon"},"geometry":{"type":"Point","coordinates":[73.79501717676963,20.00955950623138]}},{"type":"Feature","properties":{"name":"C-0957","locationConfidence":"indicative","placement":"generated at random in a planning polygon"},"geometry":{"type":"Point","coordinates":[73.79415007451388,20.010674516550804]}},{"type":"Feature","properties":{"name":"C-0958","locationConfidence":"indicative","placement":"generated at random in a planning polygon"},"geometry":{"type":"Point","coordinates":[73.79477665619463,20.010496125979724]}},{"type":"Feature","properties":{"name":"C-0959","locationConfidence":"indicative","placement":"generated at random in a planning polygon"},"geometry":{"type":"Point","coordinates":[73.79545994593254,20.010508495515126]}},{"type":"Feature","properties":{"name":"C-0960","locationConfidence":"indicative","placement":"generated at random in a planning polygon"},"geometry":{"type":"Point","coordinates":[73.79423994384763,20.010416820639605]}},{"type":"Feature","properties":{"name":"C-0961","locationConfidence":"indicative","placement":"generated at random in a planning polygon"},"geometry":{"type":"Point","coordinates":[73.79452858141626,20.01078008620145]}},{"type":"Feature","properties":{"name":"C-0962","locationConfidence":"indicative","placement":"generated at random in a planning polygon"},"geometry":{"type":"Point","coordinates":[73.79530579151239,20.009327508302853]}},{"type":"Feature","properties":{"name":"C-0963","locationConfidence":"indicative","placement":"generated at random in a planning polygon"},"geometry":{"type":"Point","coordinates":[73.79433355411813,20.010295547211907]}},{"type":"Feature","properties":{"name":"C-0964","locationConfidence":"indicative","placement":"generated at random in a planning polygon"},"geometry":{"type":"Point","coordinates":[73.79546349989195,20.01081313087246]}},{"type":"Feature","properties":{"name":"C-0965","locationConfidence":"indicative","placement":"generated at random in a planning polygon"},"geometry":{"type":"Point","coordinates":[73.79463192865157,20.00971668596271]}},{"type":"Feature","properties":{"name":"C-0966","locationConfidence":"indicative","placement":"generated at random in a planning polygon"},"geometry":{"type":"Point","coordinates":[73.79537238092954,20.009617511511184]}},{"type":"Feature","properties":{"name":"C-0967","locationConfidence":"indicative","placement":"generated at random in a planning polygon"},"geometry":{"type":"Point","coordinates":[73.79513569791536,20.010150108722875]}},{"type":"Feature","properties":{"name":"C-0968","locationConfidence":"indicative","placement":"generated at random in a planning polygon"},"geometry":{"type":"Point","coordinates":[73.79442613379386,20.00976490672324]}},{"type":"Feature","properties":{"name":"C-0969","locationConfidence":"indicative","placement":"generated at random in a planning polygon"},"geometry":{"type":"Point","coordinates":[73.79521316442016,20.009234848693765]}},{"type":"Feature","properties":{"name":"C-0970","locationConfidence":"indicative","placement":"generated at random in a planning polygon"},"geometry":{"type":"Point","coordinates":[73.7941920763015,20.009766889232743]}},{"type":"Feature","properties":{"name":"C-0971","locationConfidence":"indicative","placement":"generated at random in a planning polygon"},"geometry":{"type":"Point","coordinates":[73.79562183747349,20.010721141832047]}},{"type":"Feature","properties":{"name":"C-0972","locationConfidence":"indicative","placement":"generated at random in a planning polygon"},"geometry":{"type":"Point","coordinates":[73.79453487685147,20.00950517255875]}},{"type":"Feature","properties":{"name":"C-0973","locationConfidence":"indicative","placement":"generated at random in a planning polygon"},"geometry":{"type":"Point","coordinates":[73.7946688065266,20.009319056514595]}},{"type":"Feature","properties":{"name":"C-0974","locationConfidence":"indicative","placement":"generated at random in a planning polygon"},"geometry":{"type":"Point","coordinates":[73.79561743879648,20.0094132591816]}},{"type":"Feature","properties":{"name":"C-0975","locationConfidence":"indicative","placement":"generated at random in a planning polygon"},"geometry":{"type":"Point","coordinates":[73.79545624402364,20.009673316819818]}},{"type":"Feature","properties":{"name":"C-0976","locationConfidence":"indicative","placement":"generated at random in a planning polygon"},"geometry":{"type":"Point","coordinates":[73.79582197767061,20.010046915612328]}},{"type":"Feature","properties":{"name":"C-0977","locationConfidence":"indicative","placement":"generated at random in a planning polygon"},"geometry":{"type":"Point","coordinates":[73.7953428563749,20.0105410697779]}},{"type":"Feature","properties":{"name":"C-0978","locationConfidence":"indicative","placement":"generated at random in a planning polygon"},"geometry":{"type":"Point","coordinates":[73.79464512361344,20.010262091857264]}},{"type":"Feature","properties":{"name":"C-0979","locationConfidence":"indicative","placement":"generated at random in a planning polygon"},"geometry":{"type":"Point","coordinates":[73.79496772329863,20.00989383404363]}},{"type":"Feature","properties":{"name":"C-0980","locationConfidence":"indicative","placement":"generated at random in a planning polygon"},"geometry":{"type":"Point","coordinates":[73.79562792168976,20.010392965353407]}},{"type":"Feature","properties":{"name":"C-0981","locationConfidence":"indicative","placement":"generated at random in a planning polygon"},"geometry":{"type":"Point","coordinates":[73.79415758568983,20.01058041626864]}},{"type":"Feature","properties":{"name":"C-0982","locationConfidence":"indicative","placement":"generated at random in a planning polygon"},"geometry":{"type":"Point","coordinates":[73.79418379193703,20.00935519710672]}},{"type":"Feature","properties":{"name":"C-0983","locationConfidence":"indicative","placement":"generated at random in a planning polygon"},"geometry":{"type":"Point","coordinates":[73.79536935201669,20.010770076687564]}},{"type":"Feature","properties":{"name":"C-0984","locationConfidence":"indicative","placement":"generated at random in a planning polygon"},"geometry":{"type":"Point","coordinates":[73.79525507168574,20.01082707571991]}},{"type":"Feature","properties":{"name":"C-0985","locationConfidence":"indicative","placement":"generated at random in a planning polygon"},"geometry":{"type":"Point","coordinates":[73.79562640382494,20.01007790155912]}},{"type":"Feature","properties":{"name":"C-0986","locationConfidence":"indicative","placement":"generated at random in a planning polygon"},"geometry":{"type":"Point","coordinates":[73.7939351234332,20.009741566154986]}},{"type":"Feature","properties":{"name":"C-0987","locationConfidence":"indicative","placement":"generated at random in a planning polygon"},"geometry":{"type":"Point","coordinates":[73.79469468405415,20.009672603546203]}},{"type":"Feature","properties":{"name":"C-0988","locationConfidence":"indicative","placement":"generated at random in a planning polygon"},"geometry":{"type":"Point","coordinates":[73.79510421505289,20.00974393311662]}},{"type":"Feature","properties":{"name":"C-0989","locationConfidence":"indicative","placement":"generated at random in a planning polygon"},"geometry":{"type":"Point","coordinates":[73.79487521937483,20.009446670555818]}},{"type":"Feature","properties":{"name":"C-0990","locationConfidence":"indicative","placement":"generated at random in a planning polygon"},"geometry":{"type":"Point","coordinates":[73.79426688271438,20.010207695801064]}},{"type":"Feature","properties":{"name":"C-0991","locationConfidence":"indicative","placement":"generated at random in a planning polygon"},"geometry":{"type":"Point","coordinates":[73.79554177039063,20.0107643901637]}},{"type":"Feature","properties":{"name":"C-0992","locationConfidence":"indicative","placement":"generated at random in a planning polygon"},"geometry":{"type":"Point","coordinates":[73.79552808065792,20.009366830499125]}},{"type":"Feature","properties":{"name":"C-0993","locationConfidence":"indicative","placement":"generated at random in a planning polygon"},"geometry":{"type":"Point","coordinates":[73.79385268037196,20.01005657154665]}},{"type":"Feature","properties":{"name":"C-0994","locationConfidence":"indicative","placement":"generated at random in a planning polygon"},"geometry":{"type":"Point","coordinates":[73.79417879428043,20.0104609891029]}},{"type":"Feature","properties":{"name":"C-0995","locationConfidence":"indicative","placement":"generated at random in a planning polygon"},"geometry":{"type":"Point","coordinates":[73.79443519221888,20.00993403817141]}},{"type":"Feature","properties":{"name":"C-0996","locationConfidence":"indicative","placement":"generated at random in a planning polygon"},"geometry":{"type":"Point","coordinates":[73.79557769363095,20.010531553835207]}},{"type":"Feature","properties":{"name":"C-0997","locationConfidence":"indicative","placement":"generated at random in a planning polygon"},"geometry":{"type":"Point","coordinates":[73.79494538908222,20.009426238399033]}},{"type":"Feature","properties":{"name":"C-0998","locationConfidence":"indicative","placement":"generated at random in a planning polygon"},"geometry":{"type":"Point","coordinates":[73.79460285566363,20.00947465010661]}},{"type":"Feature","properties":{"name":"C-0999","locationConfidence":"indicative","placement":"generated at random in a planning polygon"},"geometry":{"type":"Point","coordinates":[73.79583523676779,20.010326840151336]}},{"type":"Feature","properties":{"name":"C-1000","locationConfidence":"indicative","placement":"generated at random in a planning polygon"},"geometry":{"type":"Point","coordinates":[73.79524498242004,20.010195475992006]}},{"type":"Feature","properties":{"name":"C-1001","locationConfidence":"indicative","placement":"generated at random in a planning polygon"},"geometry":{"type":"Point","coordinates":[73.78630801682328,20.00026842582256]}},{"type":"Feature","properties":{"name":"C-1002","locationConfidence":"indicative","placement":"generated at random in a planning polygon"},"geometry":{"type":"Point","coordinates":[73.7867579311552,20.000544631802374]}},{"type":"Feature","properties":{"name":"C-1003","locationConfidence":"indicative","placement":"generated at random in a planning polygon"},"geometry":{"type":"Point","coordinates":[73.78671181555322,20.000257304290066]}},{"type":"Feature","properties":{"name":"C-1004","locationConfidence":"indicative","placement":"generated at random in a planning polygon"},"geometry":{"type":"Point","coordinates":[73.78691819341972,20.0005361915435]}},{"type":"Feature","properties":{"name":"C-1005","locationConfidence":"indicative","placement":"generated at random in a planning polygon"},"geometry":{"type":"Point","coordinates":[73.786427731222,20.00068854932773]}},{"type":"Feature","properties":{"name":"C-1006","locationConfidence":"indicative","placement":"generated at random in a planning polygon"},"geometry":{"type":"Point","coordinates":[73.7863277065009,20.000050481631114]}},{"type":"Feature","properties":{"name":"C-1007","locationConfidence":"indicative","placement":"generated at random in a planning polygon"},"geometry":{"type":"Point","coordinates":[73.78687742530505,20.00038993611844]}},{"type":"Feature","properties":{"name":"C-1008","locationConfidence":"indicative","placement":"generated at random in a planning polygon"},"geometry":{"type":"Point","coordinates":[73.78622710658095,20.00060223623207]}},{"type":"Feature","properties":{"name":"C-1009","locationConfidence":"indicative","placement":"generated at random in a planning polygon"},"geometry":{"type":"Point","coordinates":[73.78638670951841,20.000286381604337]}},{"type":"Feature","properties":{"name":"C-1010","locationConfidence":"indicative","placement":"generated at random in a planning polygon"},"geometry":{"type":"Point","coordinates":[73.78685739619506,20.00065951113091]}},{"type":"Feature","properties":{"name":"C-1011","locationConfidence":"indicative","placement":"generated at random in a planning polygon"},"geometry":{"type":"Point","coordinates":[73.78674139955353,20.0004160589757]}},{"type":"Feature","properties":{"name":"C-1012","locationConfidence":"indicative","placement":"generated at random in a planning polygon"},"geometry":{"type":"Point","coordinates":[73.78712127282272,20.000844527126976]}},{"type":"Feature","properties":{"name":"C-1013","locationConfidence":"indicative","placement":"generated at random in a planning polygon"},"geometry":{"type":"Point","coordinates":[73.78647990052283,20.00081870956652]}},{"type":"Feature","properties":{"name":"C-1014","locationConfidence":"indicative","placement":"generated at random in a planning polygon"},"geometry":{"type":"Point","coordinates":[73.7866613863532,20.000163892404853]}},{"type":"Feature","properties":{"name":"C-1015","locationConfidence":"indicative","placement":"generated at random in a planning polygon"},"geometry":{"type":"Point","coordinates":[73.78612086580654,20.00071152565339]}},{"type":"Feature","properties":{"name":"C-1016","locationConfidence":"indicative","placement":"generated at random in a planning polygon"},"geometry":{"type":"Point","coordinates":[73.78677541878213,20.000625827237574]}},{"type":"Feature","properties":{"name":"C-1017","locationConfidence":"indicative","placement":"generated at random in a planning polygon"},"geometry":{"type":"Point","coordinates":[73.78663126411209,20.000611528672692]}},{"type":"Feature","properties":{"name":"C-1018","locationConfidence":"indicative","placement":"generated at random in a planning polygon"},"geometry":{"type":"Point","coordinates":[73.786675585023,20.000765599263]}},{"type":"Feature","properties":{"name":"C-1019","locationConfidence":"indicative","placement":"generated at random in a planning polygon"},"geometry":{"type":"Point","coordinates":[73.78620986062627,20.00057200044159]}},{"type":"Feature","properties":{"name":"C-1020","locationConfidence":"indicative","placement":"generated at random in a planning polygon"},"geometry":{"type":"Point","coordinates":[73.78662435968026,20.000437108098613]}},{"type":"Feature","properties":{"name":"C-1021","locationConfidence":"indicative","placement":"generated at random in a planning polygon"},"geometry":{"type":"Point","coordinates":[73.78616708018905,20.000433669283822]}},{"type":"Feature","properties":{"name":"C-1022","locationConfidence":"indicative","placement":"generated at random in a planning polygon"},"geometry":{"type":"Point","coordinates":[73.78630532222616,20.000428228884957]}},{"type":"Feature","properties":{"name":"C-1023","locationConfidence":"indicative","placement":"generated at random in a planning polygon"},"geometry":{"type":"Point","coordinates":[73.78686994709234,20.000747107694377]}},{"type":"Feature","properties":{"name":"C-1024","locationConfidence":"indicative","placement":"generated at random in a planning polygon"},"geometry":{"type":"Point","coordinates":[73.78642192528498,20.00033837248136]}},{"type":"Feature","properties":{"name":"C-1025","locationConfidence":"indicative","placement":"generated at random in a planning polygon"},"geometry":{"type":"Point","coordinates":[73.78662892607292,20.00066981730251]}},{"type":"Feature","properties":{"name":"C-1026","locationConfidence":"indicative","placement":"generated at random in a planning polygon"},"geometry":{"type":"Point","coordinates":[73.78607608547945,20.000758460766626]}},{"type":"Feature","properties":{"name":"C-1027","locationConfidence":"indicative","placement":"generated at random in a planning polygon"},"geometry":{"type":"Point","coordinates":[73.78643817356937,19.99994761803708]}},{"type":"Feature","properties":{"name":"C-1028","locationConfidence":"indicative","placement":"generated at random in a planning polygon"},"geometry":{"type":"Point","coordinates":[73.78654823851193,20.000223293879497]}},{"type":"Feature","properties":{"name":"C-1029","locationConfidence":"indicative","placement":"generated at random in a planning polygon"},"geometry":{"type":"Point","coordinates":[73.78696177528829,20.000559038664626]}},{"type":"Feature","properties":{"name":"C-1030","locationConfidence":"indicative","placement":"generated at random in a planning polygon"},"geometry":{"type":"Point","coordinates":[73.78654969862541,20.00065250909322]}},{"type":"Feature","properties":{"name":"C-1031","locationConfidence":"indicative","placement":"generated at random in a planning polygon"},"geometry":{"type":"Point","coordinates":[73.7868637051667,20.00072429504576]}},{"type":"Feature","properties":{"name":"C-1032","locationConfidence":"indicative","placement":"generated at random in a planning polygon"},"geometry":{"type":"Point","coordinates":[73.7864119753813,20.000474786073664]}},{"type":"Feature","properties":{"name":"C-1033","locationConfidence":"indicative","placement":"generated at random in a planning polygon"},"geometry":{"type":"Point","coordinates":[73.78675537541008,20.000823680143196]}},{"type":"Feature","properties":{"name":"C-1034","locationConfidence":"indicative","placement":"generated at random in a planning polygon"},"geometry":{"type":"Point","coordinates":[73.78679094581834,20.000756953792987]}},{"type":"Feature","properties":{"name":"C-1035","locationConfidence":"indicative","placement":"generated at random in a planning polygon"},"geometry":{"type":"Point","coordinates":[73.7864095687404,20.0001087627721]}},{"type":"Feature","properties":{"name":"C-1036","locationConfidence":"indicative","placement":"generated at random in a planning polygon"},"geometry":{"type":"Point","coordinates":[73.78663409154498,20.000504367529594]}},{"type":"Feature","properties":{"name":"C-1037","locationConfidence":"indicative","placement":"generated at random in a planning polygon"},"geometry":{"type":"Point","coordinates":[73.78663368615086,20.00025475583332]}},{"type":"Feature","properties":{"name":"C-1038","locationConfidence":"indicative","placement":"generated at random in a planning polygon"},"geometry":{"type":"Point","coordinates":[73.78625971193054,20.000740148939112]}},{"type":"Feature","properties":{"name":"C-1039","locationConfidence":"indicative","placement":"generated at random in a planning polygon"},"geometry":{"type":"Point","coordinates":[73.78660804315324,20.000089123362727]}},{"type":"Feature","properties":{"name":"C-1040","locationConfidence":"indicative","placement":"generated at random in a planning polygon"},"geometry":{"type":"Point","coordinates":[73.78643793432403,20.000631253189468]}},{"type":"Feature","properties":{"name":"C-1041","locationConfidence":"indicative","placement":"generated at random in a planning polygon"},"geometry":{"type":"Point","coordinates":[73.78663751954599,20.000221275711624]}},{"type":"Feature","properties":{"name":"C-1042","locationConfidence":"indicative","placement":"generated at random in a planning polygon"},"geometry":{"type":"Point","coordinates":[73.78661167796835,20.000078462055402]}},{"type":"Feature","properties":{"name":"C-1043","locationConfidence":"indicative","placement":"generated at random in a planning polygon"},"geometry":{"type":"Point","coordinates":[73.78638729878365,20.000168986090625]}},{"type":"Feature","properties":{"name":"C-1044","locationConfidence":"indicative","placement":"generated at random in a planning polygon"},"geometry":{"type":"Point","coordinates":[73.78655930415269,20.000107095724132]}},{"type":"Feature","properties":{"name":"C-1045","locationConfidence":"indicative","placement":"generated at random in a planning polygon"},"geometry":{"type":"Point","coordinates":[73.78612749626215,20.000679397223596]}},{"type":"Feature","properties":{"name":"C-1046","locationConfidence":"indicative","placement":"generated at random in a planning polygon"},"geometry":{"type":"Point","coordinates":[73.78609126549198,20.00070492870549]}},{"type":"Feature","properties":{"name":"C-1047","locationConfidence":"indicative","placement":"generated at random in a planning polygon"},"geometry":{"type":"Point","coordinates":[73.78657940505744,19.99990089133483]}},{"type":"Feature","properties":{"name":"C-1048","locationConfidence":"indicative","placement":"generated at random in a planning polygon"},"geometry":{"type":"Point","coordinates":[73.786555784891,20.000660363342725]}},{"type":"Feature","properties":{"name":"C-1049","locationConfidence":"indicative","placement":"generated at random in a planning polygon"},"geometry":{"type":"Point","coordinates":[73.78678901639374,20.00072130925487]}},{"type":"Feature","properties":{"name":"C-1050","locationConfidence":"indicative","placement":"generated at random in a planning polygon"},"geometry":{"type":"Point","coordinates":[73.7864229221717,20.00021374277209]}},{"type":"Feature","properties":{"name":"C-1051","locationConfidence":"indicative","placement":"generated at random in a planning polygon"},"geometry":{"type":"Point","coordinates":[73.78632670161716,20.00056881334919]}},{"type":"Feature","properties":{"name":"C-1052","locationConfidence":"indicative","placement":"generated at random in a planning polygon"},"geometry":{"type":"Point","coordinates":[73.78673371392838,20.00068193222586]}},{"type":"Feature","properties":{"name":"C-1053","locationConfidence":"indicative","placement":"generated at random in a planning polygon"},"geometry":{"type":"Point","coordinates":[73.78648065028634,20.000563893090316]}},{"type":"Feature","properties":{"name":"C-1054","locationConfidence":"indicative","placement":"generated at random in a planning polygon"},"geometry":{"type":"Point","coordinates":[73.7864996501984,20.000400374018295]}},{"type":"Feature","properties":{"name":"C-1055","locationConfidence":"indicative","placement":"generated at random in a planning polygon"},"geometry":{"type":"Point","coordinates":[73.78612554223822,20.000614023344788]}},{"type":"Feature","properties":{"name":"C-1056","locationConfidence":"indicative","placement":"generated at random in a planning polygon"},"geometry":{"type":"Point","coordinates":[73.78672220690231,20.000132278333897]}},{"type":"Feature","properties":{"name":"C-1057","locationConfidence":"indicative","placement":"generated at random in a planning polygon"},"geometry":{"type":"Point","coordinates":[73.78643010048897,19.99994207145009]}},{"type":"Feature","properties":{"name":"C-1058","locationConfidence":"indicative","placement":"generated at random in a planning polygon"},"geometry":{"type":"Point","coordinates":[73.78668000812957,20.000271892736027]}},{"type":"Feature","properties":{"name":"C-1059","locationConfidence":"indicative","placement":"generated at random in a planning polygon"},"geometry":{"type":"Point","coordinates":[73.78679457377643,20.000354416201816]}},{"type":"Feature","properties":{"name":"C-1060","locationConfidence":"indicative","placement":"generated at random in a planning polygon"},"geometry":{"type":"Point","coordinates":[73.78647917565893,20.000585847471022]}},{"type":"Feature","properties":{"name":"C-1061","locationConfidence":"indicative","placement":"generated at random in a planning polygon"},"geometry":{"type":"Point","coordinates":[73.78649661627196,20.000524481066527]}},{"type":"Feature","properties":{"name":"C-1062","locationConfidence":"indicative","placement":"generated at random in a planning polygon"},"geometry":{"type":"Point","coordinates":[73.78666071017471,20.000576813596975]}},{"type":"Feature","properties":{"name":"C-1063","locationConfidence":"indicative","placement":"generated at random in a planning polygon"},"geometry":{"type":"Point","coordinates":[73.78659681281708,20.00040475014693]}},{"type":"Feature","properties":{"name":"C-1064","locationConfidence":"indicative","placement":"generated at random in a planning polygon"},"geometry":{"type":"Point","coordinates":[73.78649743200572,20.000674058031848]}},{"type":"Feature","properties":{"name":"C-1065","locationConfidence":"indicative","placement":"generated at random in a planning polygon"},"geometry":{"type":"Point","coordinates":[73.78633493587652,20.000179725757803]}},{"type":"Feature","properties":{"name":"C-1066","locationConfidence":"indicative","placement":"generated at random in a planning polygon"},"geometry":{"type":"Point","coordinates":[73.7864172299576,20.00006815377252]}},{"type":"Feature","properties":{"name":"C-1067","locationConfidence":"indicative","placement":"generated at random in a planning polygon"},"geometry":{"type":"Point","coordinates":[73.78643660839471,20.00029893870417]}},{"type":"Feature","properties":{"name":"C-1068","locationConfidence":"indicative","placement":"generated at random in a planning polygon"},"geometry":{"type":"Point","coordinates":[73.78700902837889,20.00065864530658]}},{"type":"Feature","properties":{"name":"C-1069","locationConfidence":"indicative","placement":"generated at random in a planning polygon"},"geometry":{"type":"Point","coordinates":[73.78669708476787,20.000261512136202]}},{"type":"Feature","properties":{"name":"C-1070","locationConfidence":"indicative","placement":"generated at random in a planning polygon"},"geometry":{"type":"Point","coordinates":[73.78693187013018,20.000765953578863]}},{"type":"Feature","properties":{"name":"C-1071","locationConfidence":"indicative","placement":"generated at random in a planning polygon"},"geometry":{"type":"Point","coordinates":[73.78618541915336,20.000572782160955]}},{"type":"Feature","properties":{"name":"C-1072","locationConfidence":"indicative","placement":"generated at random in a planning polygon"},"geometry":{"type":"Point","coordinates":[73.78658829243325,20.000247702283737]}},{"type":"Feature","properties":{"name":"C-1073","locationConfidence":"indicative","placement":"generated at random in a planning polygon"},"geometry":{"type":"Point","coordinates":[73.78656754586154,19.999873011617545]}},{"type":"Feature","properties":{"name":"C-1074","locationConfidence":"indicative","placement":"generated at random in a planning polygon"},"geometry":{"type":"Point","coordinates":[73.78639876601702,20.00059236053993]}},{"type":"Feature","properties":{"name":"C-1075","locationConfidence":"indicative","placement":"generated at random in a planning polygon"},"geometry":{"type":"Point","coordinates":[73.78622665970896,20.00036974428278]}},{"type":"Feature","properties":{"name":"C-1076","locationConfidence":"indicative","placement":"generated at random in a planning polygon"},"geometry":{"type":"Point","coordinates":[73.78652329946534,20.000703128915358]}},{"type":"Feature","properties":{"name":"C-1077","locationConfidence":"indicative","placement":"generated at random in a planning polygon"},"geometry":{"type":"Point","coordinates":[73.78650048272031,20.00080874435569]}},{"type":"Feature","properties":{"name":"C-1078","locationConfidence":"indicative","placement":"generated at random in a planning polygon"},"geometry":{"type":"Point","coordinates":[73.78605564149115,20.000764990354718]}},{"type":"Feature","properties":{"name":"C-1079","locationConfidence":"indicative","placement":"generated at random in a planning polygon"},"geometry":{"type":"Point","coordinates":[73.78685810806907,20.000495684157706]}},{"type":"Feature","properties":{"name":"C-1080","locationConfidence":"indicative","placement":"generated at random in a planning polygon"},"geometry":{"type":"Point","coordinates":[73.78688072511852,20.000456743643635]}},{"type":"Feature","properties":{"name":"C-1081","locationConfidence":"indicative","placement":"generated at random in a planning polygon"},"geometry":{"type":"Point","coordinates":[73.78688698192826,20.000674044700194]}},{"type":"Feature","properties":{"name":"C-1082","locationConfidence":"indicative","placement":"generated at random in a planning polygon"},"geometry":{"type":"Point","coordinates":[73.78656299582738,19.99980627251683]}},{"type":"Feature","properties":{"name":"C-1083","locationConfidence":"indicative","placement":"generated at random in a planning polygon"},"geometry":{"type":"Point","coordinates":[73.78669014932932,20.00034356655921]}},{"type":"Feature","properties":{"name":"C-1084","locationConfidence":"indicative","placement":"generated at random in a planning polygon"},"geometry":{"type":"Point","coordinates":[73.78654494875413,19.999877481472065]}},{"type":"Feature","properties":{"name":"C-1085","locationConfidence":"indicative","placement":"generated at random in a planning polygon"},"geometry":{"type":"Point","coordinates":[73.78636976162555,20.000447093406454]}},{"type":"Feature","properties":{"name":"C-1086","locationConfidence":"indicative","placement":"generated at random in a planning polygon"},"geometry":{"type":"Point","coordinates":[73.78621658286252,20.000356024454273]}},{"type":"Feature","properties":{"name":"C-1087","locationConfidence":"indicative","placement":"generated at random in a planning polygon"},"geometry":{"type":"Point","coordinates":[73.78661701759877,20.000632251124483]}},{"type":"Feature","properties":{"name":"C-1088","locationConfidence":"indicative","placement":"generated at random in a planning polygon"},"geometry":{"type":"Point","coordinates":[73.78643084007578,19.999854789503754]}},{"type":"Feature","properties":{"name":"C-1089","locationConfidence":"indicative","placement":"generated at random in a planning polygon"},"geometry":{"type":"Point","coordinates":[73.78674993680161,20.00039261011388]}},{"type":"Feature","properties":{"name":"C-1090","locationConfidence":"indicative","placement":"generated at random in a planning polygon"},"geometry":{"type":"Point","coordinates":[73.78648812346202,20.00043754534023]}},{"type":"Feature","properties":{"name":"C-1091","locationConfidence":"indicative","placement":"generated at random in a planning polygon"},"geometry":{"type":"Point","coordinates":[73.7864349574655,19.99985805152531]}},{"type":"Feature","properties":{"name":"C-1092","locationConfidence":"indicative","placement":"generated at random in a planning polygon"},"geometry":{"type":"Point","coordinates":[73.78657022444098,19.999985863191114]}},{"type":"Feature","properties":{"name":"C-1093","locationConfidence":"indicative","placement":"generated at random in a planning polygon"},"geometry":{"type":"Point","coordinates":[73.78657411062308,20.00068574496846]}},{"type":"Feature","properties":{"name":"C-1094","locationConfidence":"indicative","placement":"generated at random in a planning polygon"},"geometry":{"type":"Point","coordinates":[73.78664040519716,20.000589850797134]}},{"type":"Feature","properties":{"name":"C-1095","locationConfidence":"indicative","placement":"generated at random in a planning polygon"},"geometry":{"type":"Point","coordinates":[73.78605238667485,20.000772315168664]}},{"type":"Feature","properties":{"name":"C-1096","locationConfidence":"indicative","placement":"generated at random in a planning polygon"},"geometry":{"type":"Point","coordinates":[73.7860836899906,20.000775734283582]}},{"type":"Feature","properties":{"name":"C-1097","locationConfidence":"indicative","placement":"generated at random in a planning polygon"},"geometry":{"type":"Point","coordinates":[73.7863091211282,20.00025667353075]}},{"type":"Feature","properties":{"name":"C-1098","locationConfidence":"indicative","placement":"generated at random in a planning polygon"},"geometry":{"type":"Point","coordinates":[73.78635605369375,20.000143094879398]}},{"type":"Feature","properties":{"name":"C-1099","locationConfidence":"indicative","placement":"generated at random in a planning polygon"},"geometry":{"type":"Point","coordinates":[73.78643970497329,20.00077975744525]}},{"type":"Feature","properties":{"name":"C-1100","locationConfidence":"indicative","placement":"generated at random in a planning polygon"},"geometry":{"type":"Point","coordinates":[73.78669280528047,20.00061808918296]}},{"type":"Feature","properties":{"name":"C-1101","locationConfidence":"indicative","placement":"generated at random in a planning polygon"},"geometry":{"type":"Point","coordinates":[73.7866439958122,20.00037720453985]}},{"type":"Feature","properties":{"name":"C-1102","locationConfidence":"indicative","placement":"generated at random in a planning polygon"},"geometry":{"type":"Point","coordinates":[73.78665016532355,20.000633749093634]}},{"type":"Feature","properties":{"name":"C-1103","locationConfidence":"indicative","placement":"generated at random in a planning polygon"},"geometry":{"type":"Point","coordinates":[73.78670056563641,20.00026468596639]}},{"type":"Feature","properties":{"name":"C-1104","locationConfidence":"indicative","placement":"generated at random in a planning polygon"},"geometry":{"type":"Point","coordinates":[73.78633962637468,20.000732911637193]}},{"type":"Feature","properties":{"name":"C-1105","locationConfidence":"indicative","placement":"generated at random in a planning polygon"},"geometry":{"type":"Point","coordinates":[73.78647099967377,20.00067006512243]}},{"type":"Feature","properties":{"name":"C-1106","locationConfidence":"indicative","placement":"generated at random in a planning polygon"},"geometry":{"type":"Point","coordinates":[73.78702423513757,20.000681345601524]}},{"type":"Feature","properties":{"name":"C-1107","locationConfidence":"indicative","placement":"generated at random in a planning polygon"},"geometry":{"type":"Point","coordinates":[73.78670415865875,20.000087086367238]}},{"type":"Feature","properties":{"name":"C-1108","locationConfidence":"indicative","placement":"generated at random in a planning polygon"},"geometry":{"type":"Point","coordinates":[73.78627489672392,20.000775938333703]}},{"type":"Feature","properties":{"name":"C-1109","locationConfidence":"indicative","placement":"generated at random in a planning polygon"},"geometry":{"type":"Point","coordinates":[73.78619675356371,20.000624706555456]}},{"type":"Feature","properties":{"name":"C-1110","locationConfidence":"indicative","placement":"generated at random in a planning polygon"},"geometry":{"type":"Point","coordinates":[73.78694922419858,20.00064649717149]}},{"type":"Feature","properties":{"name":"C-1111","locationConfidence":"indicative","placement":"generated at random in a planning polygon"},"geometry":{"type":"Point","coordinates":[73.78667696986999,20.000505827772656]}},{"type":"Feature","properties":{"name":"C-1112","locationConfidence":"indicative","placement":"generated at random in a planning polygon"},"geometry":{"type":"Point","coordinates":[73.78687285317515,20.00050021760817]}},{"type":"Feature","properties":{"name":"C-1113","locationConfidence":"indicative","placement":"generated at random in a planning polygon"},"geometry":{"type":"Point","coordinates":[73.78638467686712,20.000591569506607]}},{"type":"Feature","properties":{"name":"C-1114","locationConfidence":"indicative","placement":"generated at random in a planning polygon"},"geometry":{"type":"Point","coordinates":[73.78620858457566,20.000771892593644]}},{"type":"Feature","properties":{"name":"C-1115","locationConfidence":"indicative","placement":"generated at random in a planning polygon"},"geometry":{"type":"Point","coordinates":[73.78647818227374,19.999830585238016]}},{"type":"Feature","properties":{"name":"C-1116","locationConfidence":"indicative","placement":"generated at random in a planning polygon"},"geometry":{"type":"Point","coordinates":[73.78657702873687,20.000117368807874]}},{"type":"Feature","properties":{"name":"C-1117","locationConfidence":"indicative","placement":"generated at random in a planning polygon"},"geometry":{"type":"Point","coordinates":[73.78667497475698,20.00070570813083]}},{"type":"Feature","properties":{"name":"C-1118","locationConfidence":"indicative","placement":"generated at random in a planning polygon"},"geometry":{"type":"Point","coordinates":[73.786818799012,20.000350259550327]}},{"type":"Feature","properties":{"name":"C-1119","locationConfidence":"indicative","placement":"generated at random in a planning polygon"},"geometry":{"type":"Point","coordinates":[73.78633263784836,20.00054507929768]}},{"type":"Feature","properties":{"name":"C-1120","locationConfidence":"indicative","placement":"generated at random in a planning polygon"},"geometry":{"type":"Point","coordinates":[73.78607729733584,20.00060278940354]}},{"type":"Feature","properties":{"name":"C-1121","locationConfidence":"indicative","placement":"generated at random in a planning polygon"},"geometry":{"type":"Point","coordinates":[73.78628773370532,20.000432336085805]}},{"type":"Feature","properties":{"name":"C-1122","locationConfidence":"indicative","placement":"generated at random in a planning polygon"},"geometry":{"type":"Point","coordinates":[73.78627757491128,20.000672749277133]}},{"type":"Feature","properties":{"name":"C-1123","locationConfidence":"indicative","placement":"generated at random in a planning polygon"},"geometry":{"type":"Point","coordinates":[73.78669272348849,20.000555772007964]}},{"type":"Feature","properties":{"name":"C-1124","locationConfidence":"indicative","placement":"generated at random in a planning polygon"},"geometry":{"type":"Point","coordinates":[73.78656619682475,20.000679946572028]}},{"type":"Feature","properties":{"name":"C-1125","locationConfidence":"indicative","placement":"generated at random in a planning polygon"},"geometry":{"type":"Point","coordinates":[73.78642946819537,20.000466851620672]}},{"type":"Feature","properties":{"name":"C-1126","locationConfidence":"indicative","placement":"generated at random in a planning polygon"},"geometry":{"type":"Point","coordinates":[73.78640737381295,20.00023409919057]}},{"type":"Feature","properties":{"name":"C-1127","locationConfidence":"indicative","placement":"generated at random in a planning polygon"},"geometry":{"type":"Point","coordinates":[73.78663680452664,20.00045485854817]}},{"type":"Feature","properties":{"name":"C-1128","locationConfidence":"indicative","placement":"generated at random in a planning polygon"},"geometry":{"type":"Point","coordinates":[73.78679764906666,20.000333717025566]}},{"type":"Feature","properties":{"name":"C-1129","locationConfidence":"indicative","placement":"generated at random in a planning polygon"},"geometry":{"type":"Point","coordinates":[73.78633256562293,20.00032113406552]}},{"type":"Feature","properties":{"name":"C-1130","locationConfidence":"indicative","placement":"generated at random in a planning polygon"},"geometry":{"type":"Point","coordinates":[73.78644662614684,20.000815340927957]}},{"type":"Feature","properties":{"name":"C-1131","locationConfidence":"indicative","placement":"generated at random in a planning polygon"},"geometry":{"type":"Point","coordinates":[73.78642350670165,20.00053361130793]}},{"type":"Feature","properties":{"name":"C-1132","locationConfidence":"indicative","placement":"generated at random in a planning polygon"},"geometry":{"type":"Point","coordinates":[73.7867996428956,20.00024724188111]}},{"type":"Feature","properties":{"name":"C-1133","locationConfidence":"indicative","placement":"generated at random in a planning polygon"},"geometry":{"type":"Point","coordinates":[73.78640945342853,20.000379522045858]}},{"type":"Feature","properties":{"name":"C-1134","locationConfidence":"indicative","placement":"generated at random in a planning polygon"},"geometry":{"type":"Point","coordinates":[73.7865950308074,20.00051500125061]}},{"type":"Feature","properties":{"name":"C-1135","locationConfidence":"indicative","placement":"generated at random in a planning polygon"},"geometry":{"type":"Point","coordinates":[73.78643412936917,19.999991818331395]}},{"type":"Feature","properties":{"name":"C-1136","locationConfidence":"indicative","placement":"generated at random in a planning polygon"},"geometry":{"type":"Point","coordinates":[73.78655924675444,20.000360495868726]}},{"type":"Feature","properties":{"name":"C-1137","locationConfidence":"indicative","placement":"generated at random in a planning polygon"},"geometry":{"type":"Point","coordinates":[73.78647101365921,20.000710145823707]}},{"type":"Feature","properties":{"name":"C-1138","locationConfidence":"indicative","placement":"generated at random in a planning polygon"},"geometry":{"type":"Point","coordinates":[73.78686096982014,20.000343728502585]}},{"type":"Feature","properties":{"name":"C-1139","locationConfidence":"indicative","placement":"generated at random in a planning polygon"},"geometry":{"type":"Point","coordinates":[73.78673949896918,20.000647788694604]}},{"type":"Feature","properties":{"name":"C-1140","locationConfidence":"indicative","placement":"generated at random in a planning polygon"},"geometry":{"type":"Point","coordinates":[73.78635182938315,20.000688266156075]}},{"type":"Feature","properties":{"name":"C-1141","locationConfidence":"indicative","placement":"generated at random in a planning polygon"},"geometry":{"type":"Point","coordinates":[73.78701503101061,20.00072275136218]}},{"type":"Feature","properties":{"name":"C-1142","locationConfidence":"indicative","placement":"generated at random in a planning polygon"},"geometry":{"type":"Point","coordinates":[73.78662264828684,19.999897394446155]}},{"type":"Feature","properties":{"name":"C-1143","locationConfidence":"indicative","placement":"generated at random in a planning polygon"},"geometry":{"type":"Point","coordinates":[73.78622128518073,20.000759015843197]}},{"type":"Feature","properties":{"name":"C-1144","locationConfidence":"indicative","placement":"generated at random in a planning polygon"},"geometry":{"type":"Point","coordinates":[73.78674157059886,20.000301711729996]}},{"type":"Feature","properties":{"name":"C-1145","locationConfidence":"indicative","placement":"generated at random in a planning polygon"},"geometry":{"type":"Point","coordinates":[73.78633119830238,20.000590272577544]}},{"type":"Feature","properties":{"name":"C-1146","locationConfidence":"indicative","placement":"generated at random in a planning polygon"},"geometry":{"type":"Point","coordinates":[73.78632515613033,20.00030052475815]}},{"type":"Feature","properties":{"name":"C-1147","locationConfidence":"indicative","placement":"generated at random in a planning polygon"},"geometry":{"type":"Point","coordinates":[73.78693936350508,20.000822067371498]}},{"type":"Feature","properties":{"name":"C-1148","locationConfidence":"indicative","placement":"generated at random in a planning polygon"},"geometry":{"type":"Point","coordinates":[73.78658430176698,19.999984004278097]}},{"type":"Feature","properties":{"name":"C-1149","locationConfidence":"indicative","placement":"generated at random in a planning polygon"},"geometry":{"type":"Point","coordinates":[73.78617842831167,20.000462786509704]}},{"type":"Feature","properties":{"name":"C-1150","locationConfidence":"indicative","placement":"generated at random in a planning polygon"},"geometry":{"type":"Point","coordinates":[73.78684822547167,20.000621880068838]}},{"type":"Feature","properties":{"name":"C-1151","locationConfidence":"indicative","placement":"generated at random in a planning polygon"},"geometry":{"type":"Point","coordinates":[73.78656825387205,20.00017459382955]}},{"type":"Feature","properties":{"name":"C-1152","locationConfidence":"indicative","placement":"generated at random in a planning polygon"},"geometry":{"type":"Point","coordinates":[73.78645041154233,20.00033251001829]}},{"type":"Feature","properties":{"name":"C-1153","locationConfidence":"indicative","placement":"generated at random in a planning polygon"},"geometry":{"type":"Point","coordinates":[73.7863424201754,20.0001536093391]}},{"type":"Feature","properties":{"name":"C-1154","locationConfidence":"indicative","placement":"generated at random in a planning polygon"},"geometry":{"type":"Point","coordinates":[73.78616184607344,20.000828718291405]}},{"type":"Feature","properties":{"name":"C-1155","locationConfidence":"indicative","placement":"generated at random in a planning polygon"},"geometry":{"type":"Point","coordinates":[73.78670323020738,20.00061848003999]}},{"type":"Feature","properties":{"name":"C-1156","locationConfidence":"indicative","placement":"generated at random in a planning polygon"},"geometry":{"type":"Point","coordinates":[73.78621824181272,20.000661434448098]}},{"type":"Feature","properties":{"name":"C-1157","locationConfidence":"indicative","placement":"generated at random in a planning polygon"},"geometry":{"type":"Point","coordinates":[73.78653349132689,20.00053391965658]}},{"type":"Feature","properties":{"name":"C-1158","locationConfidence":"indicative","placement":"generated at random in a planning polygon"},"geometry":{"type":"Point","coordinates":[73.78637717840864,20.000653948592195]}},{"type":"Feature","properties":{"name":"C-1159","locationConfidence":"indicative","placement":"generated at random in a planning polygon"},"geometry":{"type":"Point","coordinates":[73.78640823947667,20.000267063731194]}},{"type":"Feature","properties":{"name":"C-1160","locationConfidence":"indicative","placement":"generated at random in a planning polygon"},"geometry":{"type":"Point","coordinates":[73.78651928322135,19.99992600581462]}},{"type":"Feature","properties":{"name":"C-1161","locationConfidence":"indicative","placement":"generated at random in a planning polygon"},"geometry":{"type":"Point","coordinates":[73.78601996131754,20.0007332698289]}},{"type":"Feature","properties":{"name":"C-1162","locationConfidence":"indicative","placement":"generated at random in a planning polygon"},"geometry":{"type":"Point","coordinates":[73.78643289443964,20.000146946965735]}},{"type":"Feature","properties":{"name":"C-1163","locationConfidence":"indicative","placement":"generated at random in a planning polygon"},"geometry":{"type":"Point","coordinates":[73.78652495210153,20.000816984928292]}},{"type":"Feature","properties":{"name":"C-1164","locationConfidence":"indicative","placement":"generated at random in a planning polygon"},"geometry":{"type":"Point","coordinates":[73.7866263831655,20.000643369713305]}},{"type":"Feature","properties":{"name":"C-1165","locationConfidence":"indicative","placement":"generated at random in a planning polygon"},"geometry":{"type":"Point","coordinates":[73.78640550264214,20.00036024492565]}},{"type":"Feature","properties":{"name":"C-1166","locationConfidence":"indicative","placement":"generated at random in a planning polygon"},"geometry":{"type":"Point","coordinates":[73.78631062093426,20.00039961672259]}},{"type":"Feature","properties":{"name":"C-1167","locationConfidence":"indicative","placement":"generated at random in a planning polygon"},"geometry":{"type":"Point","coordinates":[73.78689130212902,20.00071683021977]}},{"type":"Feature","properties":{"name":"C-1168","locationConfidence":"indicative","placement":"generated at random in a planning polygon"},"geometry":{"type":"Point","coordinates":[73.78657965740099,20.00036110333318]}},{"type":"Feature","properties":{"name":"C-1169","locationConfidence":"indicative","placement":"generated at random in a planning polygon"},"geometry":{"type":"Point","coordinates":[73.78640162581434,20.000045823923895]}},{"type":"Feature","properties":{"name":"C-1170","locationConfidence":"indicative","placement":"generated at random in a planning polygon"},"geometry":{"type":"Point","coordinates":[73.7864699324628,19.999970846668514]}},{"type":"Feature","properties":{"name":"C-1171","locationConfidence":"indicative","placement":"generated at random in a planning polygon"},"geometry":{"type":"Point","coordinates":[73.78644055506066,20.000518203455137]}},{"type":"Feature","properties":{"name":"C-1172","locationConfidence":"indicative","placement":"generated at random in a planning polygon"},"geometry":{"type":"Point","coordinates":[73.78659653304167,20.000753424502225]}},{"type":"Feature","properties":{"name":"C-1173","locationConfidence":"indicative","placement":"generated at random in a planning polygon"},"geometry":{"type":"Point","coordinates":[73.78660326562498,20.000834825262483]}},{"type":"Feature","properties":{"name":"C-1174","locationConfidence":"indicative","placement":"generated at random in a planning polygon"},"geometry":{"type":"Point","coordinates":[73.78661269280533,20.00000423212768]}},{"type":"Feature","properties":{"name":"C-1175","locationConfidence":"indicative","placement":"generated at random in a planning polygon"},"geometry":{"type":"Point","coordinates":[73.78642400889947,20.000552967043593]}},{"type":"Feature","properties":{"name":"C-1176","locationConfidence":"indicative","placement":"generated at random in a planning polygon"},"geometry":{"type":"Point","coordinates":[73.78614907840175,20.000744884524558]}},{"type":"Feature","properties":{"name":"C-1177","locationConfidence":"indicative","placement":"generated at random in a planning polygon"},"geometry":{"type":"Point","coordinates":[73.78659295751338,19.99999545812398]}},{"type":"Feature","properties":{"name":"C-1178","locationConfidence":"indicative","placement":"generated at random in a planning polygon"},"geometry":{"type":"Point","coordinates":[73.7861061536031,20.000648781456675]}},{"type":"Feature","properties":{"name":"C-1179","locationConfidence":"indicative","placement":"generated at random in a planning polygon"},"geometry":{"type":"Point","coordinates":[73.78626857123724,20.000759992608565]}},{"type":"Feature","properties":{"name":"C-1180","locationConfidence":"indicative","placement":"generated at random in a planning polygon"},"geometry":{"type":"Point","coordinates":[73.786704922848,20.000333852720342]}},{"type":"Feature","properties":{"name":"C-1181","locationConfidence":"indicative","placement":"generated at random in a planning polygon"},"geometry":{"type":"Point","coordinates":[73.78674446263076,20.000664780850535]}},{"type":"Feature","properties":{"name":"C-1182","locationConfidence":"indicative","placement":"generated at random in a planning polygon"},"geometry":{"type":"Point","coordinates":[73.78618967819848,20.000658970133173]}},{"type":"Feature","properties":{"name":"C-1183","locationConfidence":"indicative","placement":"generated at random in a planning polygon"},"geometry":{"type":"Point","coordinates":[73.78629756472462,20.000241194579694]}},{"type":"Feature","properties":{"name":"C-1184","locationConfidence":"indicative","placement":"generated at random in a planning polygon"},"geometry":{"type":"Point","coordinates":[73.78680279898938,20.000855581979167]}},{"type":"Feature","properties":{"name":"C-1185","locationConfidence":"indicative","placement":"generated at random in a planning polygon"},"geometry":{"type":"Point","coordinates":[73.78701666519763,20.0006322529815]}},{"type":"Feature","properties":{"name":"C-1186","locationConfidence":"indicative","placement":"generated at random in a planning polygon"},"geometry":{"type":"Point","coordinates":[73.78698136597627,20.000839487276778]}},{"type":"Feature","properties":{"name":"C-1187","locationConfidence":"indicative","placement":"generated at random in a planning polygon"},"geometry":{"type":"Point","coordinates":[73.78641186450847,20.000221123862136]}},{"type":"Feature","properties":{"name":"C-1188","locationConfidence":"indicative","placement":"generated at random in a planning polygon"},"geometry":{"type":"Point","coordinates":[73.78695928170211,20.000578184933975]}},{"type":"Feature","properties":{"name":"C-1189","locationConfidence":"indicative","placement":"generated at random in a planning polygon"},"geometry":{"type":"Point","coordinates":[73.78636654304249,20.000208564011288]}},{"type":"Feature","properties":{"name":"C-1190","locationConfidence":"indicative","placement":"generated at random in a planning polygon"},"geometry":{"type":"Point","coordinates":[73.78634935069249,20.0008238420337]}},{"type":"Feature","properties":{"name":"C-1191","locationConfidence":"indicative","placement":"generated at random in a planning polygon"},"geometry":{"type":"Point","coordinates":[73.78660588835743,20.00065203833787]}},{"type":"Feature","properties":{"name":"C-1192","locationConfidence":"indicative","placement":"generated at random in a planning polygon"},"geometry":{"type":"Point","coordinates":[73.78664234403374,20.000383113681263]}},{"type":"Feature","properties":{"name":"C-1193","locationConfidence":"indicative","placement":"generated at random in a planning polygon"},"geometry":{"type":"Point","coordinates":[73.7863873877518,20.000234669562793]}},{"type":"Feature","properties":{"name":"C-1194","locationConfidence":"indicative","placement":"generated at random in a planning polygon"},"geometry":{"type":"Point","coordinates":[73.78687561750317,20.00086398923988]}},{"type":"Feature","properties":{"name":"C-1195","locationConfidence":"indicative","placement":"generated at random in a planning polygon"},"geometry":{"type":"Point","coordinates":[73.78608247580699,20.000775880866122]}},{"type":"Feature","properties":{"name":"C-1196","locationConfidence":"indicative","placement":"generated at random in a planning polygon"},"geometry":{"type":"Point","coordinates":[73.78631161008792,20.000385979501626]}},{"type":"Feature","properties":{"name":"C-1197","locationConfidence":"indicative","placement":"generated at random in a planning polygon"},"geometry":{"type":"Point","coordinates":[73.78648292675075,20.000077629290427]}},{"type":"Feature","properties":{"name":"C-1198","locationConfidence":"indicative","placement":"generated at random in a planning polygon"},"geometry":{"type":"Point","coordinates":[73.7863156491076,20.00054768706235]}},{"type":"Feature","properties":{"name":"C-1199","locationConfidence":"indicative","placement":"generated at random in a planning polygon"},"geometry":{"type":"Point","coordinates":[73.7862627537442,20.000220713154143]}},{"type":"Feature","properties":{"name":"C-1200","locationConfidence":"indicative","placement":"generated at random in a planning polygon"},"geometry":{"type":"Point","coordinates":[73.7863176926517,20.000545807603558]}},{"type":"Feature","properties":{"name":"M-001","locationConfidence":"indicative","placement":"generated at random in a planning polygon"},"geometry":{"type":"Point","coordinates":[73.83175239294326,19.956397412354136]}},{"type":"Feature","properties":{"name":"M-002","locationConfidence":"indicative","placement":"generated at random in a planning polygon"},"geometry":{"type":"Point","coordinates":[73.7829041665426,19.976993906964147]}},{"type":"Feature","properties":{"name":"M-003","locationConfidence":"indicative","placement":"generated at random in a planning polygon"},"geometry":{"type":"Point","coordinates":[73.80443339663313,19.981369657303276]}},{"type":"Feature","properties":{"name":"M-004","locationConfidence":"indicative","placement":"generated at random in a planning polygon"},"geometry":{"type":"Point","coordinates":[73.84786096051913,20.01852155971839]}},{"type":"Feature","properties":{"name":"M-005","locationConfidence":"indicative","placement":"generated at random in a planning polygon"},"geometry":{"type":"Point","coordinates":[73.84618123870946,19.997420190769684]}},{"type":"Feature","properties":{"name":"M-006","locationConfidence":"indicative","placement":"generated at random in a planning polygon"},"geometry":{"type":"Point","coordinates":[73.80330710824768,19.989588106688174]}},{"type":"Feature","properties":{"name":"M-007","locationConfidence":"indicative","placement":"generated at random in a planning polygon"},"geometry":{"type":"Point","coordinates":[73.81510992728082,19.99537392706283]}},{"type":"Feature","properties":{"name":"M-008","locationConfidence":"indicative","placement":"generated at random in a planning polygon"},"geometry":{"type":"Point","coordinates":[73.77490373324662,19.970969822954014]}},{"type":"Feature","properties":{"name":"M-009","locationConfidence":"indicative","placement":"generated at random in a planning polygon"},"geometry":{"type":"Point","coordinates":[73.82812011890931,19.9550966389456]}},{"type":"Feature","properties":{"name":"M-010","locationConfidence":"indicative","placement":"generated at random in a planning polygon"},"geometry":{"type":"Point","coordinates":[73.83811254343519,19.9995203326661]}},{"type":"Feature","properties":{"name":"M-011","locationConfidence":"indicative","placement":"generated at random in a planning polygon"},"geometry":{"type":"Point","coordinates":[73.80762608534117,20.00038197986457]}},{"type":"Feature","properties":{"name":"M-012","locationConfidence":"indicative","placement":"generated at random in a planning polygon"},"geometry":{"type":"Point","coordinates":[73.77586764559567,20.004748782885578]}},{"type":"Feature","properties":{"name":"M-013","locationConfidence":"indicative","placement":"generated at random in a planning polygon"},"geometry":{"type":"Point","coordinates":[73.81689190735763,19.954017212512216]}},{"type":"Feature","properties":{"name":"M-014","locationConfidence":"indicative","placement":"generated at random in a planning polygon"},"geometry":{"type":"Point","coordinates":[73.84591094969088,20.00388897358003]}},{"type":"Feature","properties":{"name":"M-015","locationConfidence":"indicative","placement":"generated at random in a planning polygon"},"geometry":{"type":"Point","coordinates":[73.81496135814245,19.948001427506092]}},{"type":"Feature","properties":{"name":"M-016","locationConfidence":"indicative","placement":"generated at random in a planning polygon"},"geometry":{"type":"Point","coordinates":[73.77368526867141,19.949720270035385]}},{"type":"Feature","properties":{"name":"M-017","locationConfidence":"indicative","placement":"generated at random in a planning polygon"},"geometry":{"type":"Point","coordinates":[73.82729850188483,19.951733589016648]}},{"type":"Feature","properties":{"name":"M-018","locationConfidence":"indicative","placement":"generated at random in a planning polygon"},"geometry":{"type":"Point","coordinates":[73.78881441866751,20.01550593725562]}},{"type":"Feature","properties":{"name":"M-019","locationConfidence":"indicative","placement":"generated at random in a planning polygon"},"geometry":{"type":"Point","coordinates":[73.8099808369347,20.01817582631449]}},{"type":"Feature","properties":{"name":"M-020","locationConfidence":"indicative","placement":"generated at random in a planning polygon"},"geometry":{"type":"Point","coordinates":[73.83061518210144,19.939585154954653]}},{"type":"Feature","properties":{"name":"M-021","locationConfidence":"indicative","placement":"generated at random in a planning polygon"},"geometry":{"type":"Point","coordinates":[73.7869592370241,20.014861303398334]}},{"type":"Feature","properties":{"name":"M-022","locationConfidence":"indicative","placement":"generated at random in a planning polygon"},"geometry":{"type":"Point","coordinates":[73.8001771472401,19.943187169891246]}},{"type":"Feature","properties":{"name":"M-023","locationConfidence":"indicative","placement":"generated at random in a planning polygon"},"geometry":{"type":"Point","coordinates":[73.83974574116246,19.985815039980938]}},{"type":"Feature","properties":{"name":"M-024","locationConfidence":"indicative","placement":"generated at random in a planning polygon"},"geometry":{"type":"Point","coordinates":[73.81132599807619,19.96481722819357]}},{"type":"Feature","properties":{"name":"M-025","locationConfidence":"indicative","placement":"generated at random in a planning polygon"},"geometry":{"type":"Point","coordinates":[73.82717219833002,20.008369109540922]}},{"type":"Feature","properties":{"name":"M-026","locationConfidence":"indicative","placement":"generated at random in a planning polygon"},"geometry":{"type":"Point","coordinates":[73.80264447181797,20.01736422300576]}},{"type":"Feature","properties":{"name":"M-027","locationConfidence":"indicative","placement":"generated at random in a planning polygon"},"geometry":{"type":"Point","coordinates":[73.7751390874309,20.003994235841333]}},{"type":"Feature","properties":{"name":"M-028","locationConfidence":"indicative","placement":"generated at random in a planning polygon"},"geometry":{"type":"Point","coordinates":[73.82168559618484,20.019106416705924]}},{"type":"Feature","properties":{"name":"M-029","locationConfidence":"indicative","placement":"generated at random in a planning polygon"},"geometry":{"type":"Point","coordinates":[73.8390903161513,20.00124369032303]}},{"type":"Feature","properties":{"name":"M-030","locationConfidence":"indicative","placement":"generated at random in a planning polygon"},"geometry":{"type":"Point","coordinates":[73.78991723277454,19.991041784703633]}},{"type":"Feature","properties":{"name":"M-031","locationConfidence":"indicative","placement":"generated at random in a planning polygon"},"geometry":{"type":"Point","coordinates":[73.83746539850483,19.957504224248616]}},{"type":"Feature","properties":{"name":"M-032","locationConfidence":"indicative","placement":"generated at random in a planning polygon"},"geometry":{"type":"Point","coordinates":[73.7728186307667,20.016997234586963]}},{"type":"Feature","properties":{"name":"M-033","locationConfidence":"indicative","placement":"generated at random in a planning polygon"},"geometry":{"type":"Point","coordinates":[73.83187719679637,20.008723845113405]}},{"type":"Feature","properties":{"name":"M-034","locationConfidence":"indicative","placement":"generated at random in a planning polygon"},"geometry":{"type":"Point","coordinates":[73.82465404876504,19.96011379820232]}},{"type":"Feature","properties":{"name":"M-035","locationConfidence":"indicative","placement":"generated at random in a planning polygon"},"geometry":{"type":"Point","coordinates":[73.8384051113356,19.97640471302977]}},{"type":"Feature","properties":{"name":"M-036","locationConfidence":"indicative","placement":"generated at random in a planning polygon"},"geometry":{"type":"Point","coordinates":[73.79034648137736,19.978917631980043]}},{"type":"Feature","properties":{"name":"M-037","locationConfidence":"indicative","placement":"generated at random in a planning polygon"},"geometry":{"type":"Point","coordinates":[73.7887811242715,19.99120984905057]}},{"type":"Feature","properties":{"name":"M-038","locationConfidence":"indicative","placement":"generated at random in a planning polygon"},"geometry":{"type":"Point","coordinates":[73.80610776754011,19.951054113865904]}},{"type":"Feature","properties":{"name":"M-039","locationConfidence":"indicative","placement":"generated at random in a planning polygon"},"geometry":{"type":"Point","coordinates":[73.8001743959144,19.990114378929025]}},{"type":"Feature","properties":{"name":"M-040","locationConfidence":"indicative","placement":"generated at random in a planning polygon"},"geometry":{"type":"Point","coordinates":[73.82718559758698,19.993276948891214]}},{"type":"Feature","properties":{"name":"M-041","locationConfidence":"indicative","placement":"generated at random in a planning polygon"},"geometry":{"type":"Point","coordinates":[73.82249853973471,20.002755985934794]}},{"type":"Feature","properties":{"name":"M-042","locationConfidence":"indicative","placement":"generated at random in a planning polygon"},"geometry":{"type":"Point","coordinates":[73.80733461402524,19.960935541796108]}},{"type":"Feature","properties":{"name":"M-043","locationConfidence":"indicative","placement":"generated at random in a planning polygon"},"geometry":{"type":"Point","coordinates":[73.78513963135717,19.980958894084804]}},{"type":"Feature","properties":{"name":"M-044","locationConfidence":"indicative","placement":"generated at random in a planning polygon"},"geometry":{"type":"Point","coordinates":[73.8179455957114,19.955587249875563]}},{"type":"Feature","properties":{"name":"M-045","locationConfidence":"indicative","placement":"generated at random in a planning polygon"},"geometry":{"type":"Point","coordinates":[73.79900378772979,19.939769591796257]}},{"type":"Feature","properties":{"name":"M-046","locationConfidence":"indicative","placement":"generated at random in a planning polygon"},"geometry":{"type":"Point","coordinates":[73.77707658553707,19.9667206220882]}},{"type":"Feature","properties":{"name":"M-047","locationConfidence":"indicative","placement":"generated at random in a planning polygon"},"geometry":{"type":"Point","coordinates":[73.82384426927788,20.013178227955716]}},{"type":"Feature","properties":{"name":"M-048","locationConfidence":"indicative","placement":"generated at random in a planning polygon"},"geometry":{"type":"Point","coordinates":[73.79859845084243,19.959642154077812]}},{"type":"Feature","properties":{"name":"M-049","locationConfidence":"indicative","placement":"generated at random in a planning polygon"},"geometry":{"type":"Point","coordinates":[73.78729246083083,19.978684524247527]}},{"type":"Feature","properties":{"name":"M-050","locationConfidence":"indicative","placement":"generated at random in a planning polygon"},"geometry":{"type":"Point","coordinates":[73.8231559641195,20.006423680590693]}},{"type":"Feature","properties":{"name":"M-051","locationConfidence":"indicative","placement":"generated at random in a planning polygon"},"geometry":{"type":"Point","coordinates":[73.80721698249529,19.95752864778482]}},{"type":"Feature","properties":{"name":"M-052","locationConfidence":"indicative","placement":"generated at random in a planning polygon"},"geometry":{"type":"Point","coordinates":[73.83771082522071,19.981308676931402]}},{"type":"Feature","properties":{"name":"M-053","locationConfidence":"indicative","placement":"generated at random in a planning polygon"},"geometry":{"type":"Point","coordinates":[73.79625359685261,20.00016014815435]}},{"type":"Feature","properties":{"name":"M-054","locationConfidence":"indicative","placement":"generated at random in a planning polygon"},"geometry":{"type":"Point","coordinates":[73.7763657561051,19.94638201019964]}},{"type":"Feature","properties":{"name":"M-055","locationConfidence":"indicative","placement":"generated at random in a planning polygon"},"geometry":{"type":"Point","coordinates":[73.80506565433565,20.014036989999358]}},{"type":"Feature","properties":{"name":"M-056","locationConfidence":"indicative","placement":"generated at random in a planning polygon"},"geometry":{"type":"Point","coordinates":[73.82731734500352,20.005103735303308]}},{"type":"Feature","properties":{"name":"M-057","locationConfidence":"indicative","placement":"generated at random in a planning polygon"},"geometry":{"type":"Point","coordinates":[73.82152749063623,20.015575132785425]}},{"type":"Feature","properties":{"name":"M-058","locationConfidence":"indicative","placement":"generated at random in a planning polygon"},"geometry":{"type":"Point","coordinates":[73.84233866236636,19.977667601046857]}},{"type":"Feature","properties":{"name":"M-059","locationConfidence":"indicative","placement":"generated at random in a planning polygon"},"geometry":{"type":"Point","coordinates":[73.84537205428795,20.00833107416383]}},{"type":"Feature","properties":{"name":"M-060","locationConfidence":"indicative","placement":"generated at random in a planning polygon"},"geometry":{"type":"Point","coordinates":[73.8170464018381,20.01245411413404]}},{"type":"Feature","properties":{"name":"M-061","locationConfidence":"indicative","placement":"generated at random in a planning polygon"},"geometry":{"type":"Point","coordinates":[73.82547211036554,19.949633132395423]}},{"type":"Feature","properties":{"name":"M-062","locationConfidence":"indicative","placement":"generated at random in a planning polygon"},"geometry":{"type":"Point","coordinates":[73.78549320327086,19.968053814294905]}},{"type":"Feature","properties":{"name":"M-063","locationConfidence":"indicative","placement":"generated at random in a planning polygon"},"geometry":{"type":"Point","coordinates":[73.80718237637488,19.993144912517344]}},{"type":"Feature","properties":{"name":"M-064","locationConfidence":"indicative","placement":"generated at random in a planning polygon"},"geometry":{"type":"Point","coordinates":[73.78721606964548,19.983217573946877]}},{"type":"Feature","properties":{"name":"M-065","locationConfidence":"indicative","placement":"generated at random in a planning polygon"},"geometry":{"type":"Point","coordinates":[73.80417616326224,19.977147775843]}},{"type":"Feature","properties":{"name":"M-066","locationConfidence":"indicative","placement":"generated at random in a planning polygon"},"geometry":{"type":"Point","coordinates":[73.83231108962877,19.960094845958377]}},{"type":"Feature","properties":{"name":"M-067","locationConfidence":"indicative","placement":"generated at random in a planning polygon"},"geometry":{"type":"Point","coordinates":[73.80542036277917,19.96960344658659]}},{"type":"Feature","properties":{"name":"M-068","locationConfidence":"indicative","placement":"generated at random in a planning polygon"},"geometry":{"type":"Point","coordinates":[73.8475650965565,19.959461257696745]}},{"type":"Feature","properties":{"name":"M-069","locationConfidence":"indicative","placement":"generated at random in a planning polygon"},"geometry":{"type":"Point","coordinates":[73.80025172192589,19.939285263477313]}},{"type":"Feature","properties":{"name":"M-070","locationConfidence":"indicative","placement":"generated at random in a planning polygon"},"geometry":{"type":"Point","coordinates":[73.8464471680665,19.984059852929477]}},{"type":"Feature","properties":{"name":"M-071","locationConfidence":"indicative","placement":"generated at random in a planning polygon"},"geometry":{"type":"Point","coordinates":[73.80920293642531,19.95172665608239]}},{"type":"Feature","properties":{"name":"M-072","locationConfidence":"indicative","placement":"generated at random in a planning polygon"},"geometry":{"type":"Point","coordinates":[73.78932586087637,19.98262895136352]}},{"type":"Feature","properties":{"name":"M-073","locationConfidence":"indicative","placement":"generated at random in a planning polygon"},"geometry":{"type":"Point","coordinates":[73.83822700852203,20.015433221042056]}},{"type":"Feature","properties":{"name":"M-074","locationConfidence":"indicative","placement":"generated at random in a planning polygon"},"geometry":{"type":"Point","coordinates":[73.83019447431899,19.95074449395563]}},{"type":"Feature","properties":{"name":"M-075","locationConfidence":"indicative","placement":"generated at random in a planning polygon"},"geometry":{"type":"Point","coordinates":[73.77559028367033,19.977270673185338]}},{"type":"Feature","properties":{"name":"M-076","locationConfidence":"indicative","placement":"generated at random in a planning polygon"},"geometry":{"type":"Point","coordinates":[73.81022125164202,19.99040879263948]}},{"type":"Feature","properties":{"name":"M-077","locationConfidence":"indicative","placement":"generated at random in a planning polygon"},"geometry":{"type":"Point","coordinates":[73.7814698047203,20.008169274868497]}},{"type":"Feature","properties":{"name":"M-078","locationConfidence":"indicative","placement":"generated at random in a planning polygon"},"geometry":{"type":"Point","coordinates":[73.79639198508194,20.01535727030062]}},{"type":"Feature","properties":{"name":"M-079","locationConfidence":"indicative","placement":"generated at random in a planning polygon"},"geometry":{"type":"Point","coordinates":[73.77850614453523,19.96229558449363]}},{"type":"Feature","properties":{"name":"M-080","locationConfidence":"indicative","placement":"generated at random in a planning polygon"},"geometry":{"type":"Point","coordinates":[73.79715564470236,19.989495644788576]}},{"type":"Feature","properties":{"name":"M-081","locationConfidence":"indicative","placement":"generated at random in a planning polygon"},"geometry":{"type":"Point","coordinates":[73.81299823246681,19.981879559266577]}},{"type":"Feature","properties":{"name":"M-082","locationConfidence":"indicative","placement":"generated at random in a planning polygon"},"geometry":{"type":"Point","coordinates":[73.78954082151782,19.997509914518496]}},{"type":"Feature","properties":{"name":"M-083","locationConfidence":"indicative","placement":"generated at random in a planning polygon"},"geometry":{"type":"Point","coordinates":[73.82109230488095,19.96046782935997]}},{"type":"Feature","properties":{"name":"M-084","locationConfidence":"indicative","placement":"generated at random in a planning polygon"},"geometry":{"type":"Point","coordinates":[73.82946904989801,19.961690157231466]}},{"type":"Feature","properties":{"name":"M-085","locationConfidence":"indicative","placement":"generated at random in a planning polygon"},"geometry":{"type":"Point","coordinates":[73.81573200134031,19.943696460395074]}},{"type":"Feature","properties":{"name":"M-086","locationConfidence":"indicative","placement":"generated at random in a planning polygon"},"geometry":{"type":"Point","coordinates":[73.83831942933435,19.94735095539599]}},{"type":"Feature","properties":{"name":"M-087","locationConfidence":"indicative","placement":"generated at random in a planning polygon"},"geometry":{"type":"Point","coordinates":[73.77766250490002,19.940122324236608]}},{"type":"Feature","properties":{"name":"M-088","locationConfidence":"indicative","placement":"generated at random in a planning polygon"},"geometry":{"type":"Point","coordinates":[73.80382345965364,19.977385008231074]}},{"type":"Feature","properties":{"name":"M-089","locationConfidence":"indicative","placement":"generated at random in a planning polygon"},"geometry":{"type":"Point","coordinates":[73.83235248882717,19.975011042671277]}},{"type":"Feature","properties":{"name":"M-090","locationConfidence":"indicative","placement":"generated at random in a planning polygon"},"geometry":{"type":"Point","coordinates":[73.84925662466965,19.97528257088962]}},{"type":"Feature","properties":{"name":"M-091","locationConfidence":"indicative","placement":"generated at random in a planning polygon"},"geometry":{"type":"Point","coordinates":[73.81304805416544,19.94198919284465]}},{"type":"Feature","properties":{"name":"M-092","locationConfidence":"indicative","placement":"generated at random in a planning polygon"},"geometry":{"type":"Point","coordinates":[73.77739411227881,19.94266840567964]}},{"type":"Feature","properties":{"name":"M-093","locationConfidence":"indicative","placement":"generated at random in a planning polygon"},"geometry":{"type":"Point","coordinates":[73.7945841035795,19.97014965039223]}},{"type":"Feature","properties":{"name":"M-094","locationConfidence":"indicative","placement":"generated at random in a planning polygon"},"geometry":{"type":"Point","coordinates":[73.80068578047678,19.992796518640013]}},{"type":"Feature","properties":{"name":"M-095","locationConfidence":"indicative","placement":"generated at random in a planning polygon"},"geometry":{"type":"Point","coordinates":[73.83705940243357,20.017947453390214]}},{"type":"Feature","properties":{"name":"M-096","locationConfidence":"indicative","placement":"generated at random in a planning polygon"},"geometry":{"type":"Point","coordinates":[73.84611111288217,19.99009739921418]}},{"type":"Feature","properties":{"name":"M-097","locationConfidence":"indicative","placement":"generated at random in a planning polygon"},"geometry":{"type":"Point","coordinates":[73.80871858095578,19.98243588641648]}},{"type":"Feature","properties":{"name":"M-098","locationConfidence":"indicative","placement":"generated at random in a planning polygon"},"geometry":{"type":"Point","coordinates":[73.81538192560741,20.000513614053595]}},{"type":"Feature","properties":{"name":"M-099","locationConfidence":"indicative","placement":"generated at random in a planning polygon"},"geometry":{"type":"Point","coordinates":[73.82744872158774,19.992337889571097]}},{"type":"Feature","properties":{"name":"M-100","locationConfidence":"indicative","placement":"generated at random in a planning polygon"},"geometry":{"type":"Point","coordinates":[73.8182037825547,19.956291017049892]}},{"type":"Feature","properties":{"name":"M-101","locationConfidence":"indicative","placement":"generated at random in a planning polygon"},"geometry":{"type":"Point","coordinates":[73.8057647397239,19.974237246895417]}},{"type":"Feature","properties":{"name":"M-102","locationConfidence":"indicative","placement":"generated at random in a planning polygon"},"geometry":{"type":"Point","coordinates":[73.81130213027525,19.994749687938672]}},{"type":"Feature","properties":{"name":"M-103","locationConfidence":"indicative","placement":"generated at random in a planning polygon"},"geometry":{"type":"Point","coordinates":[73.84075092244981,19.96087333671895]}},{"type":"Feature","properties":{"name":"M-104","locationConfidence":"indicative","placement":"generated at random in a planning polygon"},"geometry":{"type":"Point","coordinates":[73.8400760789117,19.963092734553992]}},{"type":"Feature","properties":{"name":"M-105","locationConfidence":"indicative","placement":"generated at random in a planning polygon"},"geometry":{"type":"Point","coordinates":[73.80676451901667,19.967023250481876]}},{"type":"Feature","properties":{"name":"M-106","locationConfidence":"indicative","placement":"generated at random in a planning polygon"},"geometry":{"type":"Point","coordinates":[73.79771223197392,20.002519999919375]}},{"type":"Feature","properties":{"name":"M-107","locationConfidence":"indicative","placement":"generated at random in a planning polygon"},"geometry":{"type":"Point","coordinates":[73.83575400440054,19.96341271863741]}},{"type":"Feature","properties":{"name":"M-108","locationConfidence":"indicative","placement":"generated at random in a planning polygon"},"geometry":{"type":"Point","coordinates":[73.79824918096722,20.013735480109403]}},{"type":"Feature","properties":{"name":"M-109","locationConfidence":"indicative","placement":"generated at random in a planning polygon"},"geometry":{"type":"Point","coordinates":[73.77269337795884,19.984777592684043]}},{"type":"Feature","properties":{"name":"M-110","locationConfidence":"indicative","placement":"generated at random in a planning polygon"},"geometry":{"type":"Point","coordinates":[73.84618357413449,20.00012272372963]}},{"type":"Feature","properties":{"name":"M-111","locationConfidence":"indicative","placement":"generated at random in a planning polygon"},"geometry":{"type":"Point","coordinates":[73.81735598843552,19.962515509502538]}},{"type":"Feature","properties":{"name":"M-112","locationConfidence":"indicative","placement":"generated at random in a planning polygon"},"geometry":{"type":"Point","coordinates":[73.78798249708616,19.960865471413086]}},{"type":"Feature","properties":{"name":"M-113","locationConfidence":"indicative","placement":"generated at random in a planning polygon"},"geometry":{"type":"Point","coordinates":[73.77722370928828,20.01087934544868]}},{"type":"Feature","properties":{"name":"M-114","locationConfidence":"indicative","placement":"generated at random in a planning polygon"},"geometry":{"type":"Point","coordinates":[73.8487881175086,19.990289588934523]}},{"type":"Feature","properties":{"name":"M-115","locationConfidence":"indicative","placement":"generated at random in a planning polygon"},"geometry":{"type":"Point","coordinates":[73.8189042961895,19.974485818055786]}},{"type":"Feature","properties":{"name":"M-116","locationConfidence":"indicative","placement":"generated at random in a planning polygon"},"geometry":{"type":"Point","coordinates":[73.78131797319483,19.95001700282293]}},{"type":"Feature","properties":{"name":"M-117","locationConfidence":"indicative","placement":"generated at random in a planning polygon"},"geometry":{"type":"Point","coordinates":[73.78973546039694,19.980515225649352]}},{"type":"Feature","properties":{"name":"M-118","locationConfidence":"indicative","placement":"generated at random in a planning polygon"},"geometry":{"type":"Point","coordinates":[73.81837476237091,20.015255727224325]}},{"type":"Feature","properties":{"name":"M-119","locationConfidence":"indicative","placement":"generated at random in a planning polygon"},"geometry":{"type":"Point","coordinates":[73.80851283906092,19.94755245648629]}},{"type":"Feature","properties":{"name":"M-120","locationConfidence":"indicative","placement":"generated at random in a planning polygon"},"geometry":{"type":"Point","coordinates":[73.83074415116191,19.99377692724473]}},{"type":"Feature","properties":{"name":"M-121","locationConfidence":"indicative","placement":"generated at random in a planning polygon"},"geometry":{"type":"Point","coordinates":[73.84601996722768,19.984120678550077]}},{"type":"Feature","properties":{"name":"M-122","locationConfidence":"indicative","placement":"generated at random in a planning polygon"},"geometry":{"type":"Point","coordinates":[73.77139690147801,19.97197519900615]}},{"type":"Feature","properties":{"name":"M-123","locationConfidence":"indicative","placement":"generated at random in a planning polygon"},"geometry":{"type":"Point","coordinates":[73.80882591282656,19.9772323792965]}},{"type":"Feature","properties":{"name":"M-124","locationConfidence":"indicative","placement":"generated at random in a planning polygon"},"geometry":{"type":"Point","coordinates":[73.77858108465868,19.98157076021773]}},{"type":"Feature","properties":{"name":"M-125","locationConfidence":"indicative","placement":"generated at random in a planning polygon"},"geometry":{"type":"Point","coordinates":[73.83956725313497,19.946087208282968]}},{"type":"Feature","properties":{"name":"M-126","locationConfidence":"indicative","placement":"generated at random in a planning polygon"},"geometry":{"type":"Point","coordinates":[73.80781925995801,20.01221938837012]}},{"type":"Feature","properties":{"name":"M-127","locationConfidence":"indicative","placement":"generated at random in a planning polygon"},"geometry":{"type":"Point","coordinates":[73.84827083740137,19.976805152952103]}},{"type":"Feature","properties":{"name":"M-128","locationConfidence":"indicative","placement":"generated at random in a planning polygon"},"geometry":{"type":"Point","coordinates":[73.82338040659549,19.994228885138646]}},{"type":"Feature","properties":{"name":"M-129","locationConfidence":"indicative","placement":"generated at random in a planning polygon"},"geometry":{"type":"Point","coordinates":[73.78933303936951,19.99346788957679]}},{"type":"Feature","properties":{"name":"M-130","locationConfidence":"indicative","placement":"generated at random in a planning polygon"},"geometry":{"type":"Point","coordinates":[73.8002697674741,19.953706922218966]}},{"type":"Feature","properties":{"name":"M-131","locationConfidence":"indicative","placement":"generated at random in a planning polygon"},"geometry":{"type":"Point","coordinates":[73.78924089720664,19.969197390576195]}},{"type":"Feature","properties":{"name":"M-132","locationConfidence":"indicative","placement":"generated at random in a planning polygon"},"geometry":{"type":"Point","coordinates":[73.84204550625624,19.95174542109827]}},{"type":"Feature","properties":{"name":"M-133","locationConfidence":"indicative","placement":"generated at random in a planning polygon"},"geometry":{"type":"Point","coordinates":[73.80014525589705,19.959874671578635]}},{"type":"Feature","properties":{"name":"M-134","locationConfidence":"indicative","placement":"generated at random in a planning polygon"},"geometry":{"type":"Point","coordinates":[73.82716897873789,19.955399092122935]}},{"type":"Feature","properties":{"name":"M-135","locationConfidence":"indicative","placement":"generated at random in a planning polygon"},"geometry":{"type":"Point","coordinates":[73.81397676465916,19.993169804316423]}},{"type":"Feature","properties":{"name":"M-136","locationConfidence":"indicative","placement":"generated at random in a planning polygon"},"geometry":{"type":"Point","coordinates":[73.78198144353287,19.957435536141837]}},{"type":"Feature","properties":{"name":"M-137","locationConfidence":"indicative","placement":"generated at random in a planning polygon"},"geometry":{"type":"Point","coordinates":[73.7945602987366,19.983474145716954]}},{"type":"Feature","properties":{"name":"M-138","locationConfidence":"indicative","placement":"generated at random in a planning polygon"},"geometry":{"type":"Point","coordinates":[73.82089540715798,19.96228893089291]}},{"type":"Feature","properties":{"name":"M-139","locationConfidence":"indicative","placement":"generated at random in a planning polygon"},"geometry":{"type":"Point","coordinates":[73.79969710608947,20.00818981599313]}},{"type":"Feature","properties":{"name":"M-140","locationConfidence":"indicative","placement":"generated at random in a planning polygon"},"geometry":{"type":"Point","coordinates":[73.78323805038833,20.01880340119883]}},{"type":"Feature","properties":{"name":"M-141","locationConfidence":"indicative","placement":"generated at random in a planning polygon"},"geometry":{"type":"Point","coordinates":[73.81590718635687,19.99311991567108]}},{"type":"Feature","properties":{"name":"M-142","locationConfidence":"indicative","placement":"generated at random in a planning polygon"},"geometry":{"type":"Point","coordinates":[73.80267595563132,19.96427695096348]}},{"type":"Feature","properties":{"name":"M-143","locationConfidence":"indicative","placement":"generated at random in a planning polygon"},"geometry":{"type":"Point","coordinates":[73.77317741036212,19.997091679190728]}},{"type":"Feature","properties":{"name":"M-144","locationConfidence":"indicative","placement":"generated at random in a planning polygon"},"geometry":{"type":"Point","coordinates":[73.83000765073609,19.961158537112475]}},{"type":"Feature","properties":{"name":"M-145","locationConfidence":"indicative","placement":"generated at random in a planning polygon"},"geometry":{"type":"Point","coordinates":[73.81313788756427,20.013265720078728]}},{"type":"Feature","properties":{"name":"M-146","locationConfidence":"indicative","placement":"generated at random in a planning polygon"},"geometry":{"type":"Point","coordinates":[73.82211829063733,19.96212572428898]}},{"type":"Feature","properties":{"name":"M-147","locationConfidence":"indicative","placement":"generated at random in a planning polygon"},"geometry":{"type":"Point","coordinates":[73.82007416613004,19.993707832728]}},{"type":"Feature","properties":{"name":"M-148","locationConfidence":"indicative","placement":"generated at random in a planning polygon"},"geometry":{"type":"Point","coordinates":[73.84587159677893,20.01863688410766]}},{"type":"Feature","properties":{"name":"M-149","locationConfidence":"indicative","placement":"generated at random in a planning polygon"},"geometry":{"type":"Point","coordinates":[73.77220487215274,19.95962376040634]}},{"type":"Feature","properties":{"name":"M-150","locationConfidence":"indicative","placement":"generated at random in a planning polygon"},"geometry":{"type":"Point","coordinates":[73.80374441894755,19.940617170950144]}},{"type":"Feature","properties":{"name":"M-151","locationConfidence":"indicative","placement":"generated at random in a planning polygon"},"geometry":{"type":"Point","coordinates":[73.79189448987661,19.99487608904138]}},{"type":"Feature","properties":{"name":"M-152","locationConfidence":"indicative","placement":"generated at random in a planning polygon"},"geometry":{"type":"Point","coordinates":[73.78988121022451,19.97478449811823]}},{"type":"Feature","properties":{"name":"M-153","locationConfidence":"indicative","placement":"generated at random in a planning polygon"},"geometry":{"type":"Point","coordinates":[73.77181797851574,20.0143829398983]}},{"type":"Feature","properties":{"name":"M-154","locationConfidence":"indicative","placement":"generated at random in a planning polygon"},"geometry":{"type":"Point","coordinates":[73.84605828363496,19.978348052480193]}},{"type":"Feature","properties":{"name":"M-155","locationConfidence":"indicative","placement":"generated at random in a planning polygon"},"geometry":{"type":"Point","coordinates":[73.82935250065883,20.01480649021224]}},{"type":"Feature","properties":{"name":"M-156","locationConfidence":"indicative","placement":"generated at random in a planning polygon"},"geometry":{"type":"Point","coordinates":[73.84242936565015,19.99279247476908]}},{"type":"Feature","properties":{"name":"M-157","locationConfidence":"indicative","placement":"generated at random in a planning polygon"},"geometry":{"type":"Point","coordinates":[73.79255179080089,19.992796977996594]}},{"type":"Feature","properties":{"name":"M-158","locationConfidence":"indicative","placement":"generated at random in a planning polygon"},"geometry":{"type":"Point","coordinates":[73.8313203789364,19.99391335531461]}},{"type":"Feature","properties":{"name":"M-159","locationConfidence":"indicative","placement":"generated at random in a planning polygon"},"geometry":{"type":"Point","coordinates":[73.84874820412827,19.943679111638676]}},{"type":"Feature","properties":{"name":"M-160","locationConfidence":"indicative","placement":"generated at random in a planning polygon"},"geometry":{"type":"Point","coordinates":[73.79442440378816,19.953425806681285]}},{"type":"Feature","properties":{"name":"M-161","locationConfidence":"indicative","placement":"generated at random in a planning polygon"},"geometry":{"type":"Point","coordinates":[73.77133730910536,19.943775330795066]}},{"type":"Feature","properties":{"name":"M-162","locationConfidence":"indicative","placement":"generated at random in a planning polygon"},"geometry":{"type":"Point","coordinates":[73.8138821150785,19.99736655163257]}},{"type":"Feature","properties":{"name":"M-163","locationConfidence":"indicative","placement":"generated at random in a planning polygon"},"geometry":{"type":"Point","coordinates":[73.8022022487317,19.949891251596465]}},{"type":"Feature","properties":{"name":"M-164","locationConfidence":"indicative","placement":"generated at random in a planning polygon"},"geometry":{"type":"Point","coordinates":[73.79762133848759,20.016309590581873]}},{"type":"Feature","properties":{"name":"M-165","locationConfidence":"indicative","placement":"generated at random in a planning polygon"},"geometry":{"type":"Point","coordinates":[73.78688235742406,20.00296991934894]}},{"type":"Feature","properties":{"name":"M-166","locationConfidence":"indicative","placement":"generated at random in a planning polygon"},"geometry":{"type":"Point","coordinates":[73.83132254728893,19.98256266543616]}},{"type":"Feature","properties":{"name":"M-167","locationConfidence":"indicative","placement":"generated at random in a planning polygon"},"geometry":{"type":"Point","coordinates":[73.82085663209871,20.00066585418985]}},{"type":"Feature","properties":{"name":"M-168","locationConfidence":"indicative","placement":"generated at random in a planning polygon"},"geometry":{"type":"Point","coordinates":[73.82973818913409,20.01156041337423]}},{"type":"Feature","properties":{"name":"M-169","locationConfidence":"indicative","placement":"generated at random in a planning polygon"},"geometry":{"type":"Point","coordinates":[73.84216720559685,19.953140027157627]}},{"type":"Feature","properties":{"name":"M-170","locationConfidence":"indicative","placement":"generated at random in a planning polygon"},"geometry":{"type":"Point","coordinates":[73.85129315294823,19.976776963399764]}},{"type":"Feature","properties":{"name":"M-171","locationConfidence":"indicative","placement":"generated at random in a planning polygon"},"geometry":{"type":"Point","coordinates":[73.79255253593061,19.993131480934323]}},{"type":"Feature","properties":{"name":"M-172","locationConfidence":"indicative","placement":"generated at random in a planning polygon"},"geometry":{"type":"Point","coordinates":[73.8337009162677,20.004867186509532]}},{"type":"Feature","properties":{"name":"M-173","locationConfidence":"indicative","placement":"generated at random in a planning polygon"},"geometry":{"type":"Point","coordinates":[73.82171867972197,19.986534307999676]}},{"type":"Feature","properties":{"name":"M-174","locationConfidence":"indicative","placement":"generated at random in a planning polygon"},"geometry":{"type":"Point","coordinates":[73.79062059480088,19.952661851487303]}},{"type":"Feature","properties":{"name":"M-175","locationConfidence":"indicative","placement":"generated at random in a planning polygon"},"geometry":{"type":"Point","coordinates":[73.80977071298227,19.9453057598739]}},{"type":"Feature","properties":{"name":"M-176","locationConfidence":"indicative","placement":"generated at random in a planning polygon"},"geometry":{"type":"Point","coordinates":[73.7997587402818,19.969232371477883]}},{"type":"Feature","properties":{"name":"M-177","locationConfidence":"indicative","placement":"generated at random in a planning polygon"},"geometry":{"type":"Point","coordinates":[73.82935533355445,19.984579038200994]}},{"type":"Feature","properties":{"name":"M-178","locationConfidence":"indicative","placement":"generated at random in a planning polygon"},"geometry":{"type":"Point","coordinates":[73.82722187035658,19.988363267013852]}},{"type":"Feature","properties":{"name":"M-179","locationConfidence":"indicative","placement":"generated at random in a planning polygon"},"geometry":{"type":"Point","coordinates":[73.783722331496,19.993157246665117]}},{"type":"Feature","properties":{"name":"M-180","locationConfidence":"indicative","placement":"generated at random in a planning polygon"},"geometry":{"type":"Point","coordinates":[73.80319214047059,19.974450898598203]}},{"type":"Feature","properties":{"name":"M-181","locationConfidence":"indicative","placement":"generated at random in a planning polygon"},"geometry":{"type":"Point","coordinates":[73.80222997451486,20.0051258670085]}},{"type":"Feature","properties":{"name":"M-182","locationConfidence":"indicative","placement":"generated at random in a planning polygon"},"geometry":{"type":"Point","coordinates":[73.80645902357216,19.98526308346775]}},{"type":"Feature","properties":{"name":"M-183","locationConfidence":"indicative","placement":"generated at random in a planning polygon"},"geometry":{"type":"Point","coordinates":[73.77461561209176,19.954481860671756]}},{"type":"Feature","properties":{"name":"M-184","locationConfidence":"indicative","placement":"generated at random in a planning polygon"},"geometry":{"type":"Point","coordinates":[73.78567044640953,20.012352345013557]}},{"type":"Feature","properties":{"name":"M-185","locationConfidence":"indicative","placement":"generated at random in a planning polygon"},"geometry":{"type":"Point","coordinates":[73.78074961683801,19.96604111455613]}},{"type":"Feature","properties":{"name":"M-186","locationConfidence":"indicative","placement":"generated at random in a planning polygon"},"geometry":{"type":"Point","coordinates":[73.77358784365556,19.950737806186698]}},{"type":"Feature","properties":{"name":"M-187","locationConfidence":"indicative","placement":"generated at random in a planning polygon"},"geometry":{"type":"Point","coordinates":[73.82420481344361,20.013912371456488]}},{"type":"Feature","properties":{"name":"M-188","locationConfidence":"indicative","placement":"generated at random in a planning polygon"},"geometry":{"type":"Point","coordinates":[73.80794818651941,19.964088992882893]}},{"type":"Feature","properties":{"name":"M-189","locationConfidence":"indicative","placement":"generated at random in a planning polygon"},"geometry":{"type":"Point","coordinates":[73.80854577937569,19.94255146686606]}},{"type":"Feature","properties":{"name":"M-190","locationConfidence":"indicative","placement":"generated at random in a planning polygon"},"geometry":{"type":"Point","coordinates":[73.82496963378787,19.94509818031237]}},{"type":"Feature","properties":{"name":"M-191","locationConfidence":"indicative","placement":"generated at random in a planning polygon"},"geometry":{"type":"Point","coordinates":[73.8275801748283,19.99656229665211]}},{"type":"Feature","properties":{"name":"M-192","locationConfidence":"indicative","placement":"generated at random in a planning polygon"},"geometry":{"type":"Point","coordinates":[73.78194418841204,19.959311109032353]}},{"type":"Feature","properties":{"name":"M-193","locationConfidence":"indicative","placement":"generated at random in a planning polygon"},"geometry":{"type":"Point","coordinates":[73.79496931609752,20.009532223419527]}},{"type":"Feature","properties":{"name":"M-194","locationConfidence":"indicative","placement":"generated at random in a planning polygon"},"geometry":{"type":"Point","coordinates":[73.79644588715594,19.946447841129086]}},{"type":"Feature","properties":{"name":"M-195","locationConfidence":"indicative","placement":"generated at random in a planning polygon"},"geometry":{"type":"Point","coordinates":[73.81679364632679,19.946516051567887]}},{"type":"Feature","properties":{"name":"M-196","locationConfidence":"indicative","placement":"generated at random in a planning polygon"},"geometry":{"type":"Point","coordinates":[73.80929965317966,20.00706230242601]}},{"type":"Feature","properties":{"name":"M-197","locationConfidence":"indicative","placement":"generated at random in a planning polygon"},"geometry":{"type":"Point","coordinates":[73.78488319842471,19.99506971521221]}},{"type":"Feature","properties":{"name":"M-198","locationConfidence":"indicative","placement":"generated at random in a planning polygon"},"geometry":{"type":"Point","coordinates":[73.80105240950111,19.947776673683176]}},{"type":"Feature","properties":{"name":"M-199","locationConfidence":"indicative","placement":"generated at random in a planning polygon"},"geometry":{"type":"Point","coordinates":[73.83739178329765,19.955161027630524]}},{"type":"Feature","properties":{"name":"M-200","locationConfidence":"indicative","placement":"generated at random in a planning polygon"},"geometry":{"type":"Point","coordinates":[73.79988462923993,19.96147277668356]}},{"type":"Feature","properties":{"name":"M-201","locationConfidence":"indicative","placement":"generated at random in a planning polygon"},"geometry":{"type":"Point","coordinates":[73.80544566594097,19.997733007451156]}},{"type":"Feature","properties":{"name":"M-202","locationConfidence":"indicative","placement":"generated at random in a planning polygon"},"geometry":{"type":"Point","coordinates":[73.82287706283178,19.969347510198432]}},{"type":"Feature","properties":{"name":"M-203","locationConfidence":"indicative","placement":"generated at random in a planning polygon"},"geometry":{"type":"Point","coordinates":[73.79988049397399,19.962735459933594]}},{"type":"Feature","properties":{"name":"M-204","locationConfidence":"indicative","placement":"generated at random in a planning polygon"},"geometry":{"type":"Point","coordinates":[73.83408851667733,19.964908800165762]}},{"type":"Feature","properties":{"name":"M-205","locationConfidence":"indicative","placement":"generated at random in a planning polygon"},"geometry":{"type":"Point","coordinates":[73.81831159232267,19.998512995319786]}},{"type":"Feature","properties":{"name":"M-206","locationConfidence":"indicative","placement":"generated at random in a planning polygon"},"geometry":{"type":"Point","coordinates":[73.81840517153309,20.002728871615236]}},{"type":"Feature","properties":{"name":"M-207","locationConfidence":"indicative","placement":"generated at random in a planning polygon"},"geometry":{"type":"Point","coordinates":[73.78168043497683,19.97385869571027]}},{"type":"Feature","properties":{"name":"M-208","locationConfidence":"indicative","placement":"generated at random in a planning polygon"},"geometry":{"type":"Point","coordinates":[73.82397588871144,20.007393446785688]}},{"type":"Feature","properties":{"name":"M-209","locationConfidence":"indicative","placement":"generated at random in a planning polygon"},"geometry":{"type":"Point","coordinates":[73.78998825276797,19.967123980043784]}},{"type":"Feature","properties":{"name":"M-210","locationConfidence":"indicative","placement":"generated at random in a planning polygon"},"geometry":{"type":"Point","coordinates":[73.81587675436447,19.952720400767593]}},{"type":"Feature","properties":{"name":"M-211","locationConfidence":"indicative","placement":"generated at random in a planning polygon"},"geometry":{"type":"Point","coordinates":[73.79241044344293,19.96655106167708]}},{"type":"Feature","properties":{"name":"M-212","locationConfidence":"indicative","placement":"generated at random in a planning polygon"},"geometry":{"type":"Point","coordinates":[73.775311896568,19.987971345334042]}},{"type":"Feature","properties":{"name":"M-213","locationConfidence":"indicative","placement":"generated at random in a planning polygon"},"geometry":{"type":"Point","coordinates":[73.82326828561327,19.940383918047527]}},{"type":"Feature","properties":{"name":"M-214","locationConfidence":"indicative","placement":"generated at random in a planning polygon"},"geometry":{"type":"Point","coordinates":[73.83072685151402,19.96459341846085]}},{"type":"Feature","properties":{"name":"M-215","locationConfidence":"indicative","placement":"generated at random in a planning polygon"},"geometry":{"type":"Point","coordinates":[73.78448969924858,19.960105680108533]}},{"type":"Feature","properties":{"name":"M-216","locationConfidence":"indicative","placement":"generated at random in a planning polygon"},"geometry":{"type":"Point","coordinates":[73.80487844295713,20.008906240534223]}},{"type":"Feature","properties":{"name":"M-217","locationConfidence":"indicative","placement":"generated at random in a planning polygon"},"geometry":{"type":"Point","coordinates":[73.79126491106467,20.01613821596138]}},{"type":"Feature","properties":{"name":"M-218","locationConfidence":"indicative","placement":"generated at random in a planning polygon"},"geometry":{"type":"Point","coordinates":[73.77144760147506,20.01987396480338]}},{"type":"Feature","properties":{"name":"M-219","locationConfidence":"indicative","placement":"generated at random in a planning polygon"},"geometry":{"type":"Point","coordinates":[73.80104382861167,19.94509892808891]}},{"type":"Feature","properties":{"name":"M-220","locationConfidence":"indicative","placement":"generated at random in a planning polygon"},"geometry":{"type":"Point","coordinates":[73.83738432466532,19.958810507967232]}},{"type":"Feature","properties":{"name":"M-221","locationConfidence":"indicative","placement":"generated at random in a planning polygon"},"geometry":{"type":"Point","coordinates":[73.7882711637578,20.009255890272375]}},{"type":"Feature","properties":{"name":"M-222","locationConfidence":"indicative","placement":"generated at random in a planning polygon"},"geometry":{"type":"Point","coordinates":[73.78202066004975,19.951721418407107]}},{"type":"Feature","properties":{"name":"M-223","locationConfidence":"indicative","placement":"generated at random in a planning polygon"},"geometry":{"type":"Point","coordinates":[73.81602682820791,19.953653192402328]}},{"type":"Feature","properties":{"name":"M-224","locationConfidence":"indicative","placement":"generated at random in a planning polygon"},"geometry":{"type":"Point","coordinates":[73.80681452260889,19.95041369371051]}},{"type":"Feature","properties":{"name":"M-225","locationConfidence":"indicative","placement":"generated at random in a planning polygon"},"geometry":{"type":"Point","coordinates":[73.84652327202872,19.992553049582643]}},{"type":"Feature","properties":{"name":"M-226","locationConfidence":"indicative","placement":"generated at random in a planning polygon"},"geometry":{"type":"Point","coordinates":[73.8387360552011,19.959600915605314]}},{"type":"Feature","properties":{"name":"M-227","locationConfidence":"indicative","placement":"generated at random in a planning polygon"},"geometry":{"type":"Point","coordinates":[73.84623178594425,19.975403664895257]}},{"type":"Feature","properties":{"name":"M-228","locationConfidence":"indicative","placement":"generated at random in a planning polygon"},"geometry":{"type":"Point","coordinates":[73.83201237005699,19.985295563059566]}},{"type":"Feature","properties":{"name":"M-229","locationConfidence":"indicative","placement":"generated at random in a planning polygon"},"geometry":{"type":"Point","coordinates":[73.79452572663502,20.007914745675098]}},{"type":"Feature","properties":{"name":"M-230","locationConfidence":"indicative","placement":"generated at random in a planning polygon"},"geometry":{"type":"Point","coordinates":[73.84728366245324,19.959019803682843]}},{"type":"Feature","properties":{"name":"M-231","locationConfidence":"indicative","placement":"generated at random in a planning polygon"},"geometry":{"type":"Point","coordinates":[73.7729758433931,19.980380890242213]}},{"type":"Feature","properties":{"name":"M-232","locationConfidence":"indicative","placement":"generated at random in a planning polygon"},"geometry":{"type":"Point","coordinates":[73.824423160794,19.980600028994893]}},{"type":"Feature","properties":{"name":"M-233","locationConfidence":"indicative","placement":"generated at random in a planning polygon"},"geometry":{"type":"Point","coordinates":[73.7912122957887,20.006575619684316]}},{"type":"Feature","properties":{"name":"M-234","locationConfidence":"indicative","placement":"generated at random in a planning polygon"},"geometry":{"type":"Point","coordinates":[73.78445597430812,20.009285552818355]}},{"type":"Feature","properties":{"name":"M-235","locationConfidence":"indicative","placement":"generated at random in a planning polygon"},"geometry":{"type":"Point","coordinates":[73.79693682794031,20.018005936749375]}},{"type":"Feature","properties":{"name":"M-236","locationConfidence":"indicative","placement":"generated at random in a planning polygon"},"geometry":{"type":"Point","coordinates":[73.8100337797718,20.001613415414234]}},{"type":"Feature","properties":{"name":"M-237","locationConfidence":"indicative","placement":"generated at random in a planning polygon"},"geometry":{"type":"Point","coordinates":[73.79683619490261,19.986674623193394]}},{"type":"Feature","properties":{"name":"M-238","locationConfidence":"indicative","placement":"generated at random in a planning polygon"},"geometry":{"type":"Point","coordinates":[73.84890260729965,19.981543891774855]}},{"type":"Feature","properties":{"name":"M-239","locationConfidence":"indicative","placement":"generated at random in a planning polygon"},"geometry":{"type":"Point","coordinates":[73.84625191560102,20.004782438563144]}},{"type":"Feature","properties":{"name":"M-240","locationConfidence":"indicative","placement":"generated at random in a planning polygon"},"geometry":{"type":"Point","coordinates":[73.7809612258646,19.94485936691964]}},{"type":"Feature","properties":{"name":"M-241","locationConfidence":"indicative","placement":"generated at random in a planning polygon"},"geometry":{"type":"Point","coordinates":[73.83170069271395,19.98434464764316]}},{"type":"Feature","properties":{"name":"M-242","locationConfidence":"indicative","placement":"generated at random in a planning polygon"},"geometry":{"type":"Point","coordinates":[73.83306585029294,20.002012985054012]}},{"type":"Feature","properties":{"name":"M-243","locationConfidence":"indicative","placement":"generated at random in a planning polygon"},"geometry":{"type":"Point","coordinates":[73.84751136822479,19.971131857065323]}},{"type":"Feature","properties":{"name":"M-244","locationConfidence":"indicative","placement":"generated at random in a planning polygon"},"geometry":{"type":"Point","coordinates":[73.8195955110446,20.00929099173641]}},{"type":"Feature","properties":{"name":"M-245","locationConfidence":"indicative","placement":"generated at random in a planning polygon"},"geometry":{"type":"Point","coordinates":[73.78342549437251,19.964786354138088]}},{"type":"Feature","properties":{"name":"M-246","locationConfidence":"indicative","placement":"generated at random in a planning polygon"},"geometry":{"type":"Point","coordinates":[73.83346178622352,19.954512239277758]}},{"type":"Feature","properties":{"name":"M-247","locationConfidence":"indicative","placement":"generated at random in a planning polygon"},"geometry":{"type":"Point","coordinates":[73.78287492576096,19.965650024326198]}},{"type":"Feature","properties":{"name":"M-248","locationConfidence":"indicative","placement":"generated at random in a planning polygon"},"geometry":{"type":"Point","coordinates":[73.79758054398619,19.948244799552125]}},{"type":"Feature","properties":{"name":"M-249","locationConfidence":"indicative","placement":"generated at random in a planning polygon"},"geometry":{"type":"Point","coordinates":[73.84618304008556,20.000535345802767]}},{"type":"Feature","properties":{"name":"M-250","locationConfidence":"indicative","placement":"generated at random in a planning polygon"},"geometry":{"type":"Point","coordinates":[73.824328841321,19.97405008908441]}},{"type":"Feature","properties":{"name":"M-251","locationConfidence":"indicative","placement":"generated at random in a planning polygon"},"geometry":{"type":"Point","coordinates":[73.81575951862857,19.950461337747342]}},{"type":"Feature","properties":{"name":"M-252","locationConfidence":"indicative","placement":"generated at random in a planning polygon"},"geometry":{"type":"Point","coordinates":[73.78236758606867,20.005473882460805]}},{"type":"Feature","properties":{"name":"M-253","locationConfidence":"indicative","placement":"generated at random in a planning polygon"},"geometry":{"type":"Point","coordinates":[73.80037100706157,20.013958636320584]}},{"type":"Feature","properties":{"name":"M-254","locationConfidence":"indicative","placement":"generated at random in a planning polygon"},"geometry":{"type":"Point","coordinates":[73.82233366879773,19.94629476399763]}},{"type":"Feature","properties":{"name":"M-255","locationConfidence":"indicative","placement":"generated at random in a planning polygon"},"geometry":{"type":"Point","coordinates":[73.82423957653978,20.006868744331438]}},{"type":"Feature","properties":{"name":"M-256","locationConfidence":"indicative","placement":"generated at random in a planning polygon"},"geometry":{"type":"Point","coordinates":[73.79756612460241,19.94667782873407]}},{"type":"Feature","properties":{"name":"M-257","locationConfidence":"indicative","placement":"generated at random in a planning polygon"},"geometry":{"type":"Point","coordinates":[73.79905602087175,19.946705323510862]}},{"type":"Feature","properties":{"name":"M-258","locationConfidence":"indicative","placement":"generated at random in a planning polygon"},"geometry":{"type":"Point","coordinates":[73.79871949555195,19.939066545279363]}},{"type":"Feature","properties":{"name":"M-259","locationConfidence":"indicative","placement":"generated at random in a planning polygon"},"geometry":{"type":"Point","coordinates":[73.77254306284472,20.009060115065555]}},{"type":"Feature","properties":{"name":"M-260","locationConfidence":"indicative","placement":"generated at random in a planning polygon"},"geometry":{"type":"Point","coordinates":[73.84865911109698,19.997881570892083]}},{"type":"Feature","properties":{"name":"M-261","locationConfidence":"indicative","placement":"generated at random in a planning polygon"},"geometry":{"type":"Point","coordinates":[73.77821808574723,19.94653472608721]}},{"type":"Feature","properties":{"name":"M-262","locationConfidence":"indicative","placement":"generated at random in a planning polygon"},"geometry":{"type":"Point","coordinates":[73.79834642440046,20.01849104847824]}},{"type":"Feature","properties":{"name":"M-263","locationConfidence":"indicative","placement":"generated at random in a planning polygon"},"geometry":{"type":"Point","coordinates":[73.82042017410357,20.017850486842224]}},{"type":"Feature","properties":{"name":"M-264","locationConfidence":"indicative","placement":"generated at random in a planning polygon"},"geometry":{"type":"Point","coordinates":[73.83290594886026,19.94448557249335]}},{"type":"Feature","properties":{"name":"M-265","locationConfidence":"indicative","placement":"generated at random in a planning polygon"},"geometry":{"type":"Point","coordinates":[73.78982069942542,19.939770610864244]}},{"type":"Feature","properties":{"name":"M-266","locationConfidence":"indicative","placement":"generated at random in a planning polygon"},"geometry":{"type":"Point","coordinates":[73.83599428963848,19.963830811136273]}},{"type":"Feature","properties":{"name":"M-267","locationConfidence":"indicative","placement":"generated at random in a planning polygon"},"geometry":{"type":"Point","coordinates":[73.84998829440927,20.01538522710936]}},{"type":"Feature","properties":{"name":"M-268","locationConfidence":"indicative","placement":"generated at random in a planning polygon"},"geometry":{"type":"Point","coordinates":[73.8093749152223,19.98665403753001]}},{"type":"Feature","properties":{"name":"M-269","locationConfidence":"indicative","placement":"generated at random in a planning polygon"},"geometry":{"type":"Point","coordinates":[73.7911148315474,19.945487587082916]}},{"type":"Feature","properties":{"name":"M-270","locationConfidence":"indicative","placement":"generated at random in a planning polygon"},"geometry":{"type":"Point","coordinates":[73.77644540510218,19.983357051582992]}},{"type":"Feature","properties":{"name":"M-271","locationConfidence":"indicative","placement":"generated at random in a planning polygon"},"geometry":{"type":"Point","coordinates":[73.78945370075236,19.96247497705154]}},{"type":"Feature","properties":{"name":"M-272","locationConfidence":"indicative","placement":"generated at random in a planning polygon"},"geometry":{"type":"Point","coordinates":[73.79015330383889,19.987399652626518]}},{"type":"Feature","properties":{"name":"M-273","locationConfidence":"indicative","placement":"generated at random in a planning polygon"},"geometry":{"type":"Point","coordinates":[73.8167124139593,20.009383920878015]}},{"type":"Feature","properties":{"name":"M-274","locationConfidence":"indicative","placement":"generated at random in a planning polygon"},"geometry":{"type":"Point","coordinates":[73.78237373089323,19.971404898461003]}},{"type":"Feature","properties":{"name":"M-275","locationConfidence":"indicative","placement":"generated at random in a planning polygon"},"geometry":{"type":"Point","coordinates":[73.81348075187941,19.998368412629475]}},{"type":"Feature","properties":{"name":"M-276","locationConfidence":"indicative","placement":"generated at random in a planning polygon"},"geometry":{"type":"Point","coordinates":[73.80438829287587,19.96589010326075]}},{"type":"Feature","properties":{"name":"M-277","locationConfidence":"indicative","placement":"generated at random in a planning polygon"},"geometry":{"type":"Point","coordinates":[73.80138778600194,19.971520730600233]}},{"type":"Feature","properties":{"name":"M-278","locationConfidence":"indicative","placement":"generated at random in a planning polygon"},"geometry":{"type":"Point","coordinates":[73.7894149425196,19.97012669022281]}},{"type":"Feature","properties":{"name":"M-279","locationConfidence":"indicative","placement":"generated at random in a planning polygon"},"geometry":{"type":"Point","coordinates":[73.84972496884102,19.976691305603342]}},{"type":"Feature","properties":{"name":"M-280","locationConfidence":"indicative","placement":"generated at random in a planning polygon"},"geometry":{"type":"Point","coordinates":[73.79483720407757,19.945593795495768]}},{"type":"Feature","properties":{"name":"M-281","locationConfidence":"indicative","placement":"generated at random in a planning polygon"},"geometry":{"type":"Point","coordinates":[73.7735231511603,19.975905876364624]}},{"type":"Feature","properties":{"name":"M-282","locationConfidence":"indicative","placement":"generated at random in a planning polygon"},"geometry":{"type":"Point","coordinates":[73.78039096993393,19.981442522118982]}},{"type":"Feature","properties":{"name":"M-283","locationConfidence":"indicative","placement":"generated at random in a planning polygon"},"geometry":{"type":"Point","coordinates":[73.84365057148581,19.967640212777063]}},{"type":"Feature","properties":{"name":"M-284","locationConfidence":"indicative","placement":"generated at random in a planning polygon"},"geometry":{"type":"Point","coordinates":[73.82046503138535,20.00146423746813]}},{"type":"Feature","properties":{"name":"M-285","locationConfidence":"indicative","placement":"generated at random in a planning polygon"},"geometry":{"type":"Point","coordinates":[73.84022464135494,19.971469496076054]}},{"type":"Feature","properties":{"name":"M-286","locationConfidence":"indicative","placement":"generated at random in a planning polygon"},"geometry":{"type":"Point","coordinates":[73.80157934080195,19.9421678804709]}},{"type":"Feature","properties":{"name":"M-287","locationConfidence":"indicative","placement":"generated at random in a planning polygon"},"geometry":{"type":"Point","coordinates":[73.80702321864268,20.01722702655436]}},{"type":"Feature","properties":{"name":"M-288","locationConfidence":"indicative","placement":"generated at random in a planning polygon"},"geometry":{"type":"Point","coordinates":[73.80540889393704,19.984620670296433]}},{"type":"Feature","properties":{"name":"M-289","locationConfidence":"indicative","placement":"generated at random in a planning polygon"},"geometry":{"type":"Point","coordinates":[73.80713829403236,19.965412539811204]}},{"type":"Feature","properties":{"name":"M-290","locationConfidence":"indicative","placement":"generated at random in a planning polygon"},"geometry":{"type":"Point","coordinates":[73.83102140559707,20.01277306754147]}},{"type":"Feature","properties":{"name":"M-291","locationConfidence":"indicative","placement":"generated at random in a planning polygon"},"geometry":{"type":"Point","coordinates":[73.79298876886858,19.96352622720473]}},{"type":"Feature","properties":{"name":"M-292","locationConfidence":"indicative","placement":"generated at random in a planning polygon"},"geometry":{"type":"Point","coordinates":[73.79542338633483,19.956250437599]}},{"type":"Feature","properties":{"name":"M-293","locationConfidence":"indicative","placement":"generated at random in a planning polygon"},"geometry":{"type":"Point","coordinates":[73.80196267418762,20.017145680631877]}},{"type":"Feature","properties":{"name":"M-294","locationConfidence":"indicative","placement":"generated at random in a planning polygon"},"geometry":{"type":"Point","coordinates":[73.83324849836372,19.98060893699408]}},{"type":"Feature","properties":{"name":"M-295","locationConfidence":"indicative","placement":"generated at random in a planning polygon"},"geometry":{"type":"Point","coordinates":[73.79525685630998,19.93966506811271]}},{"type":"Feature","properties":{"name":"M-296","locationConfidence":"indicative","placement":"generated at random in a planning polygon"},"geometry":{"type":"Point","coordinates":[73.77108249900091,19.961878424131672]}},{"type":"Feature","properties":{"name":"M-297","locationConfidence":"indicative","placement":"generated at random in a planning polygon"},"geometry":{"type":"Point","coordinates":[73.78991772795426,19.99749127784823]}},{"type":"Feature","properties":{"name":"M-298","locationConfidence":"indicative","placement":"generated at random in a planning polygon"},"geometry":{"type":"Point","coordinates":[73.77836227948728,20.0161244244802]}},{"type":"Feature","properties":{"name":"M-299","locationConfidence":"indicative","placement":"generated at random in a planning polygon"},"geometry":{"type":"Point","coordinates":[73.8073922150669,19.98182988705426]}},{"type":"Feature","properties":{"name":"M-300","locationConfidence":"indicative","placement":"generated at random in a planning polygon"},"geometry":{"type":"Point","coordinates":[73.79844017040652,20.00481845397335]}},{"type":"Feature","properties":{"name":"M-301","locationConfidence":"indicative","placement":"generated at random in a planning polygon"},"geometry":{"type":"Point","coordinates":[73.7814410981555,19.94924730530291]}},{"type":"Feature","properties":{"name":"M-302","locationConfidence":"indicative","placement":"generated at random in a planning polygon"},"geometry":{"type":"Point","coordinates":[73.84184046861185,19.995169453181102]}},{"type":"Feature","properties":{"name":"M-303","locationConfidence":"indicative","placement":"generated at random in a planning polygon"},"geometry":{"type":"Point","coordinates":[73.78743525216657,19.99361571361817]}},{"type":"Feature","properties":{"name":"M-304","locationConfidence":"indicative","placement":"generated at random in a planning polygon"},"geometry":{"type":"Point","coordinates":[73.80671072202125,19.987524081019057]}},{"type":"Feature","properties":{"name":"M-305","locationConfidence":"indicative","placement":"generated at random in a planning polygon"},"geometry":{"type":"Point","coordinates":[73.78499549474506,19.979418112937832]}},{"type":"Feature","properties":{"name":"M-306","locationConfidence":"indicative","placement":"generated at random in a planning polygon"},"geometry":{"type":"Point","coordinates":[73.7758680797761,19.96811127049209]}},{"type":"Feature","properties":{"name":"M-307","locationConfidence":"indicative","placement":"generated at random in a planning polygon"},"geometry":{"type":"Point","coordinates":[73.83505170608521,20.002710058890866]}},{"type":"Feature","properties":{"name":"M-308","locationConfidence":"indicative","placement":"generated at random in a planning polygon"},"geometry":{"type":"Point","coordinates":[73.84195311256609,20.01382057303399]}},{"type":"Feature","properties":{"name":"M-309","locationConfidence":"indicative","placement":"generated at random in a planning polygon"},"geometry":{"type":"Point","coordinates":[73.83979904676721,19.975331200238262]}},{"type":"Feature","properties":{"name":"M-310","locationConfidence":"indicative","placement":"generated at random in a planning polygon"},"geometry":{"type":"Point","coordinates":[73.83191198531982,19.976686703474126]}},{"type":"Feature","properties":{"name":"M-311","locationConfidence":"indicative","placement":"generated at random in a planning polygon"},"geometry":{"type":"Point","coordinates":[73.83416484376235,20.008880840365254]}},{"type":"Feature","properties":{"name":"M-312","locationConfidence":"indicative","placement":"generated at random in a planning polygon"},"geometry":{"type":"Point","coordinates":[73.77380145208329,20.000580389984027]}},{"type":"Feature","properties":{"name":"M-313","locationConfidence":"indicative","placement":"generated at random in a planning polygon"},"geometry":{"type":"Point","coordinates":[73.8305059051996,19.99019278298969]}},{"type":"Feature","properties":{"name":"M-314","locationConfidence":"indicative","placement":"generated at random in a planning polygon"},"geometry":{"type":"Point","coordinates":[73.83550897250586,19.99131664127815]}},{"type":"Feature","properties":{"name":"M-315","locationConfidence":"indicative","placement":"generated at random in a planning polygon"},"geometry":{"type":"Point","coordinates":[73.79983726429774,19.95805958452343]}},{"type":"Feature","properties":{"name":"M-316","locationConfidence":"indicative","placement":"generated at random in a planning polygon"},"geometry":{"type":"Point","coordinates":[73.80480948907275,19.94996806263338]}},{"type":"Feature","properties":{"name":"M-317","locationConfidence":"indicative","placement":"generated at random in a planning polygon"},"geometry":{"type":"Point","coordinates":[73.7934260786403,19.98491492364976]}},{"type":"Feature","properties":{"name":"M-318","locationConfidence":"indicative","placement":"generated at random in a planning polygon"},"geometry":{"type":"Point","coordinates":[73.81017638635012,20.00313785089261]}},{"type":"Feature","properties":{"name":"M-319","locationConfidence":"indicative","placement":"generated at random in a planning polygon"},"geometry":{"type":"Point","coordinates":[73.83692766272284,20.01640423919328]}},{"type":"Feature","properties":{"name":"M-320","locationConfidence":"indicative","placement":"generated at random in a planning polygon"},"geometry":{"type":"Point","coordinates":[73.80015601272254,19.941269557546708]}},{"type":"Feature","properties":{"name":"M-321","locationConfidence":"indicative","placement":"generated at random in a planning polygon"},"geometry":{"type":"Point","coordinates":[73.80134082422401,19.960780222316764]}},{"type":"Feature","properties":{"name":"M-322","locationConfidence":"indicative","placement":"generated at random in a planning polygon"},"geometry":{"type":"Point","coordinates":[73.79719511576988,19.971214448715855]}},{"type":"Feature","properties":{"name":"M-323","locationConfidence":"indicative","placement":"generated at random in a planning polygon"},"geometry":{"type":"Point","coordinates":[73.7925194292389,20.01218086791617]}},{"type":"Feature","properties":{"name":"M-324","locationConfidence":"indicative","placement":"generated at random in a planning polygon"},"geometry":{"type":"Point","coordinates":[73.8353071879757,20.01392815067706]}},{"type":"Feature","properties":{"name":"M-325","locationConfidence":"indicative","placement":"generated at random in a planning polygon"},"geometry":{"type":"Point","coordinates":[73.81921471525486,19.963033017008144]}},{"type":"Feature","properties":{"name":"M-326","locationConfidence":"indicative","placement":"generated at random in a planning polygon"},"geometry":{"type":"Point","coordinates":[73.84277472122427,20.00200076044378]}},{"type":"Feature","properties":{"name":"M-327","locationConfidence":"indicative","placement":"generated at random in a planning polygon"},"geometry":{"type":"Point","coordinates":[73.83672901636605,19.9532522620853]}},{"type":"Feature","properties":{"name":"M-328","locationConfidence":"indicative","placement":"generated at random in a planning polygon"},"geometry":{"type":"Point","coordinates":[73.79584679855043,20.006809090016553]}},{"type":"Feature","properties":{"name":"M-329","locationConfidence":"indicative","placement":"generated at random in a planning polygon"},"geometry":{"type":"Point","coordinates":[73.81176948695663,19.994758854989044]}},{"type":"Feature","properties":{"name":"M-330","locationConfidence":"indicative","placement":"generated at random in a planning polygon"},"geometry":{"type":"Point","coordinates":[73.82821846971837,19.991550873097847]}},{"type":"Feature","properties":{"name":"M-331","locationConfidence":"indicative","placement":"generated at random in a planning polygon"},"geometry":{"type":"Point","coordinates":[73.78624281617317,19.999882574900575]}},{"type":"Feature","properties":{"name":"M-332","locationConfidence":"indicative","placement":"generated at random in a planning polygon"},"geometry":{"type":"Point","coordinates":[73.82801967672214,20.013401667947907]}},{"type":"Feature","properties":{"name":"M-333","locationConfidence":"indicative","placement":"generated at random in a planning polygon"},"geometry":{"type":"Point","coordinates":[73.80191624947588,19.991849122720446]}},{"type":"Feature","properties":{"name":"M-334","locationConfidence":"indicative","placement":"generated at random in a planning polygon"},"geometry":{"type":"Point","coordinates":[73.79444624312424,20.002543208672424]}},{"type":"Feature","properties":{"name":"M-335","locationConfidence":"indicative","placement":"generated at random in a planning polygon"},"geometry":{"type":"Point","coordinates":[73.84796006597252,19.953856286598143]}},{"type":"Feature","properties":{"name":"M-336","locationConfidence":"indicative","placement":"generated at random in a planning polygon"},"geometry":{"type":"Point","coordinates":[73.8160346706682,20.015342007872487]}},{"type":"Feature","properties":{"name":"M-337","locationConfidence":"indicative","placement":"generated at random in a planning polygon"},"geometry":{"type":"Point","coordinates":[73.803883930246,19.94520843887835]}},{"type":"Feature","properties":{"name":"M-338","locationConfidence":"indicative","placement":"generated at random in a planning polygon"},"geometry":{"type":"Point","coordinates":[73.81417351960208,19.95847321312918]}},{"type":"Feature","properties":{"name":"M-339","locationConfidence":"indicative","placement":"generated at random in a planning polygon"},"geometry":{"type":"Point","coordinates":[73.78435122869698,19.97832933035571]}},{"type":"Feature","properties":{"name":"M-340","locationConfidence":"indicative","placement":"generated at random in a planning polygon"},"geometry":{"type":"Point","coordinates":[73.8126947211509,19.985892639689958]}},{"type":"Feature","properties":{"name":"M-341","locationConfidence":"indicative","placement":"generated at random in a planning polygon"},"geometry":{"type":"Point","coordinates":[73.7936454013827,19.960496362060383]}},{"type":"Feature","properties":{"name":"M-342","locationConfidence":"indicative","placement":"generated at random in a planning polygon"},"geometry":{"type":"Point","coordinates":[73.8264051769863,20.000260259909975]}},{"type":"Feature","properties":{"name":"M-343","locationConfidence":"indicative","placement":"generated at random in a planning polygon"},"geometry":{"type":"Point","coordinates":[73.77378071646011,19.998347847640957]}},{"type":"Feature","properties":{"name":"M-344","locationConfidence":"indicative","placement":"generated at random in a planning polygon"},"geometry":{"type":"Point","coordinates":[73.83856368332074,20.018564435679217]}},{"type":"Feature","properties":{"name":"M-345","locationConfidence":"indicative","placement":"generated at random in a planning polygon"},"geometry":{"type":"Point","coordinates":[73.77426436945422,19.97319543385686]}},{"type":"Feature","properties":{"name":"M-346","locationConfidence":"indicative","placement":"generated at random in a planning polygon"},"geometry":{"type":"Point","coordinates":[73.79541134018952,19.94777038985344]}},{"type":"Feature","properties":{"name":"M-347","locationConfidence":"indicative","placement":"generated at random in a planning polygon"},"geometry":{"type":"Point","coordinates":[73.79446746106346,19.949573908480534]}},{"type":"Feature","properties":{"name":"M-348","locationConfidence":"indicative","placement":"generated at random in a planning polygon"},"geometry":{"type":"Point","coordinates":[73.8355404900447,19.99518168390495]}},{"type":"Feature","properties":{"name":"M-349","locationConfidence":"indicative","placement":"generated at random in a planning polygon"},"geometry":{"type":"Point","coordinates":[73.82742579662987,20.00636143054085]}},{"type":"Feature","properties":{"name":"M-350","locationConfidence":"indicative","placement":"generated at random in a planning polygon"},"geometry":{"type":"Point","coordinates":[73.78616317416756,19.97511575786343]}},{"type":"Feature","properties":{"name":"M-351","locationConfidence":"indicative","placement":"generated at random in a planning polygon"},"geometry":{"type":"Point","coordinates":[73.80365748706632,20.01367594250308]}},{"type":"Feature","properties":{"name":"M-352","locationConfidence":"indicative","placement":"generated at random in a planning polygon"},"geometry":{"type":"Point","coordinates":[73.83569240723958,19.947048881020578]}},{"type":"Feature","properties":{"name":"M-353","locationConfidence":"indicative","placement":"generated at random in a planning polygon"},"geometry":{"type":"Point","coordinates":[73.83931752146871,19.968441630000292]}},{"type":"Feature","properties":{"name":"M-354","locationConfidence":"indicative","placement":"generated at random in a planning polygon"},"geometry":{"type":"Point","coordinates":[73.83212735341571,20.0125040943421]}},{"type":"Feature","properties":{"name":"M-355","locationConfidence":"indicative","placement":"generated at random in a planning polygon"},"geometry":{"type":"Point","coordinates":[73.80984189054843,20.015861055422125]}},{"type":"Feature","properties":{"name":"M-356","locationConfidence":"indicative","placement":"generated at random in a planning polygon"},"geometry":{"type":"Point","coordinates":[73.77385918268487,19.964372495789345]}},{"type":"Feature","properties":{"name":"M-357","locationConfidence":"indicative","placement":"generated at random in a planning polygon"},"geometry":{"type":"Point","coordinates":[73.79659858273551,19.97273703318531]}},{"type":"Feature","properties":{"name":"M-358","locationConfidence":"indicative","placement":"generated at random in a planning polygon"},"geometry":{"type":"Point","coordinates":[73.77162740153376,19.964084663769494]}},{"type":"Feature","properties":{"name":"M-359","locationConfidence":"indicative","placement":"generated at random in a planning polygon"},"geometry":{"type":"Point","coordinates":[73.81540863654963,19.996496183100597]}},{"type":"Feature","properties":{"name":"M-360","locationConfidence":"indicative","placement":"generated at random in a planning polygon"},"geometry":{"type":"Point","coordinates":[73.80412984760851,20.003915003284895]}},{"type":"Feature","properties":{"name":"M-361","locationConfidence":"indicative","placement":"generated at random in a planning polygon"},"geometry":{"type":"Point","coordinates":[73.80618576324828,19.94048654049776]}},{"type":"Feature","properties":{"name":"M-362","locationConfidence":"indicative","placement":"generated at random in a planning polygon"},"geometry":{"type":"Point","coordinates":[73.80352652553078,20.01456676888348]}},{"type":"Feature","properties":{"name":"M-363","locationConfidence":"indicative","placement":"generated at random in a planning polygon"},"geometry":{"type":"Point","coordinates":[73.78556134001809,19.94116469285331]}},{"type":"Feature","properties":{"name":"M-364","locationConfidence":"indicative","placement":"generated at random in a planning polygon"},"geometry":{"type":"Point","coordinates":[73.78400437113835,20.017320561435604]}},{"type":"Feature","properties":{"name":"M-365","locationConfidence":"indicative","placement":"generated at random in a planning polygon"},"geometry":{"type":"Point","coordinates":[73.81495311781039,19.983194547723024]}},{"type":"Feature","properties":{"name":"M-366","locationConfidence":"indicative","placement":"generated at random in a planning polygon"},"geometry":{"type":"Point","coordinates":[73.8295609691466,19.970741640356756]}},{"type":"Feature","properties":{"name":"M-367","locationConfidence":"indicative","placement":"generated at random in a planning polygon"},"geometry":{"type":"Point","coordinates":[73.83868351465807,19.965456610133423]}},{"type":"Feature","properties":{"name":"M-368","locationConfidence":"indicative","placement":"generated at random in a planning polygon"},"geometry":{"type":"Point","coordinates":[73.7761128428728,19.96879462244593]}},{"type":"Feature","properties":{"name":"M-369","locationConfidence":"indicative","placement":"generated at random in a planning polygon"},"geometry":{"type":"Point","coordinates":[73.78504715675739,20.006618099246733]}},{"type":"Feature","properties":{"name":"M-370","locationConfidence":"indicative","placement":"generated at random in a planning polygon"},"geometry":{"type":"Point","coordinates":[73.82407432684349,19.95239920730844]}},{"type":"Feature","properties":{"name":"M-371","locationConfidence":"indicative","placement":"generated at random in a planning polygon"},"geometry":{"type":"Point","coordinates":[73.84949761757375,19.94592869850879]}},{"type":"Feature","properties":{"name":"M-372","locationConfidence":"indicative","placement":"generated at random in a planning polygon"},"geometry":{"type":"Point","coordinates":[73.77706626986108,19.968997511144885]}},{"type":"Feature","properties":{"name":"M-373","locationConfidence":"indicative","placement":"generated at random in a planning polygon"},"geometry":{"type":"Point","coordinates":[73.81494889100357,19.999018443677244]}},{"type":"Feature","properties":{"name":"M-374","locationConfidence":"indicative","placement":"generated at random in a planning polygon"},"geometry":{"type":"Point","coordinates":[73.83710168923172,19.99421606468126]}},{"type":"Feature","properties":{"name":"M-375","locationConfidence":"indicative","placement":"generated at random in a planning polygon"},"geometry":{"type":"Point","coordinates":[73.78520341468743,19.975437921519877]}},{"type":"Feature","properties":{"name":"M-376","locationConfidence":"indicative","placement":"generated at random in a planning polygon"},"geometry":{"type":"Point","coordinates":[73.79606014507456,19.954517638952268]}},{"type":"Feature","properties":{"name":"M-377","locationConfidence":"indicative","placement":"generated at random in a planning polygon"},"geometry":{"type":"Point","coordinates":[73.84816914287393,19.948457700046664]}},{"type":"Feature","properties":{"name":"M-378","locationConfidence":"indicative","placement":"generated at random in a planning polygon"},"geometry":{"type":"Point","coordinates":[73.81482367589298,19.956317326437222]}},{"type":"Feature","properties":{"name":"M-379","locationConfidence":"indicative","placement":"generated at random in a planning polygon"},"geometry":{"type":"Point","coordinates":[73.81682498050777,20.010895833349682]}},{"type":"Feature","properties":{"name":"M-380","locationConfidence":"indicative","placement":"generated at random in a planning polygon"},"geometry":{"type":"Point","coordinates":[73.83605857043585,19.951846308223804]}},{"type":"Feature","properties":{"name":"M-381","locationConfidence":"indicative","placement":"generated at random in a planning polygon"},"geometry":{"type":"Point","coordinates":[73.79948796047317,20.01124710251048]}},{"type":"Feature","properties":{"name":"M-382","locationConfidence":"indicative","placement":"generated at random in a planning polygon"},"geometry":{"type":"Point","coordinates":[73.79714608489734,20.002534032543018]}},{"type":"Feature","properties":{"name":"M-383","locationConfidence":"indicative","placement":"generated at random in a planning polygon"},"geometry":{"type":"Point","coordinates":[73.84017881440865,19.94525558007657]}},{"type":"Feature","properties":{"name":"M-384","locationConfidence":"indicative","placement":"generated at random in a planning polygon"},"geometry":{"type":"Point","coordinates":[73.80455730821117,19.953950586415033]}},{"type":"Feature","properties":{"name":"M-385","locationConfidence":"indicative","placement":"generated at random in a planning polygon"},"geometry":{"type":"Point","coordinates":[73.79656782541795,19.946606738285826]}},{"type":"Feature","properties":{"name":"M-386","locationConfidence":"indicative","placement":"generated at random in a planning polygon"},"geometry":{"type":"Point","coordinates":[73.84395371555703,19.97399306262714]}},{"type":"Feature","properties":{"name":"M-387","locationConfidence":"indicative","placement":"generated at random in a planning polygon"},"geometry":{"type":"Point","coordinates":[73.77326370347758,19.97351495260396]}},{"type":"Feature","properties":{"name":"M-388","locationConfidence":"indicative","placement":"generated at random in a planning polygon"},"geometry":{"type":"Point","coordinates":[73.7860530296089,19.95031486282443]}},{"type":"Feature","properties":{"name":"M-389","locationConfidence":"indicative","placement":"generated at random in a planning polygon"},"geometry":{"type":"Point","coordinates":[73.82026657563699,19.961761519109295]}},{"type":"Feature","properties":{"name":"M-390","locationConfidence":"indicative","placement":"generated at random in a planning polygon"},"geometry":{"type":"Point","coordinates":[73.82331012715773,19.947365107869608]}},{"type":"Feature","properties":{"name":"M-391","locationConfidence":"indicative","placement":"generated at random in a planning polygon"},"geometry":{"type":"Point","coordinates":[73.82630295399669,20.019432131448983]}},{"type":"Feature","properties":{"name":"M-392","locationConfidence":"indicative","placement":"generated at random in a planning polygon"},"geometry":{"type":"Point","coordinates":[73.80413135050512,20.006648941528567]}},{"type":"Feature","properties":{"name":"M-393","locationConfidence":"indicative","placement":"generated at random in a planning polygon"},"geometry":{"type":"Point","coordinates":[73.81921445193645,19.996982793961116]}},{"type":"Feature","properties":{"name":"M-394","locationConfidence":"indicative","placement":"generated at random in a planning polygon"},"geometry":{"type":"Point","coordinates":[73.8057966454442,19.954159544765435]}},{"type":"Feature","properties":{"name":"M-395","locationConfidence":"indicative","placement":"generated at random in a planning polygon"},"geometry":{"type":"Point","coordinates":[73.82523875532914,19.962689674034934]}},{"type":"Feature","properties":{"name":"M-396","locationConfidence":"indicative","placement":"generated at random in a planning polygon"},"geometry":{"type":"Point","coordinates":[73.81056691076631,19.967933090532917]}},{"type":"Feature","properties":{"name":"M-397","locationConfidence":"indicative","placement":"generated at random in a planning polygon"},"geometry":{"type":"Point","coordinates":[73.77209687741613,19.94787506634755]}},{"type":"Feature","properties":{"name":"M-398","locationConfidence":"indicative","placement":"generated at random in a planning polygon"},"geometry":{"type":"Point","coordinates":[73.80181512755058,19.984310177805277]}},{"type":"Feature","properties":{"name":"M-399","locationConfidence":"indicative","placement":"generated at random in a planning polygon"},"geometry":{"type":"Point","coordinates":[73.83358019226345,19.95079409680437]}},{"type":"Feature","properties":{"name":"M-400","locationConfidence":"indicative","placement":"generated at random in a planning polygon"},"geometry":{"type":"Point","coordinates":[73.81948312287025,19.953064277940495]}},{"type":"Feature","properties":{"name":"M-401","locationConfidence":"indicative","placement":"generated at random in a planning polygon"},"geometry":{"type":"Point","coordinates":[73.80551544598234,19.9923704045307]}},{"type":"Feature","properties":{"name":"M-402","locationConfidence":"indicative","placement":"generated at random in a planning polygon"},"geometry":{"type":"Point","coordinates":[73.81010300287916,19.994341614114322]}},{"type":"Feature","properties":{"name":"M-403","locationConfidence":"indicative","placement":"generated at random in a planning polygon"},"geometry":{"type":"Point","coordinates":[73.80158389320141,19.983689957541536]}},{"type":"Feature","properties":{"name":"M-404","locationConfidence":"indicative","placement":"generated at random in a planning polygon"},"geometry":{"type":"Point","coordinates":[73.81132561349686,19.947628943124993]}},{"type":"Feature","properties":{"name":"M-405","locationConfidence":"indicative","placement":"generated at random in a planning polygon"},"geometry":{"type":"Point","coordinates":[73.85126050022244,19.998621714555675]}},{"type":"Feature","properties":{"name":"M-406","locationConfidence":"indicative","placement":"generated at random in a planning polygon"},"geometry":{"type":"Point","coordinates":[73.80456750218656,19.96471516892056]}},{"type":"Feature","properties":{"name":"M-407","locationConfidence":"indicative","placement":"generated at random in a planning polygon"},"geometry":{"type":"Point","coordinates":[73.79472213054454,19.95835311181169]}},{"type":"Feature","properties":{"name":"M-408","locationConfidence":"indicative","placement":"generated at random in a planning polygon"},"geometry":{"type":"Point","coordinates":[73.80492272127645,20.0083647487151]}},{"type":"Feature","properties":{"name":"M-409","locationConfidence":"indicative","placement":"generated at random in a planning polygon"},"geometry":{"type":"Point","coordinates":[73.79074681921176,20.002476411114134]}},{"type":"Feature","properties":{"name":"M-410","locationConfidence":"indicative","placement":"generated at random in a planning polygon"},"geometry":{"type":"Point","coordinates":[73.77228412302954,20.0124196080525]}},{"type":"Feature","properties":{"name":"M-411","locationConfidence":"indicative","placement":"generated at random in a planning polygon"},"geometry":{"type":"Point","coordinates":[73.77791666341098,19.941645244785853]}},{"type":"Feature","properties":{"name":"M-412","locationConfidence":"indicative","placement":"generated at random in a planning polygon"},"geometry":{"type":"Point","coordinates":[73.80312260105485,19.949494862300835]}},{"type":"Feature","properties":{"name":"M-413","locationConfidence":"indicative","placement":"generated at random in a planning polygon"},"geometry":{"type":"Point","coordinates":[73.77644315383563,20.00117917472704]}},{"type":"Feature","properties":{"name":"M-414","locationConfidence":"indicative","placement":"generated at random in a planning polygon"},"geometry":{"type":"Point","coordinates":[73.77105254865405,19.98800328203656]}},{"type":"Feature","properties":{"name":"M-415","locationConfidence":"indicative","placement":"generated at random in a planning polygon"},"geometry":{"type":"Point","coordinates":[73.80695958531643,20.010118789791054]}},{"type":"Feature","properties":{"name":"M-416","locationConfidence":"indicative","placement":"generated at random in a planning polygon"},"geometry":{"type":"Point","coordinates":[73.8157817542845,19.968969961928302]}},{"type":"Feature","properties":{"name":"M-417","locationConfidence":"indicative","placement":"generated at random in a planning polygon"},"geometry":{"type":"Point","coordinates":[73.80558959896969,19.957609065411955]}},{"type":"Feature","properties":{"name":"M-418","locationConfidence":"indicative","placement":"generated at random in a planning polygon"},"geometry":{"type":"Point","coordinates":[73.79671363483799,19.96270360791052]}},{"type":"Feature","properties":{"name":"M-419","locationConfidence":"indicative","placement":"generated at random in a planning polygon"},"geometry":{"type":"Point","coordinates":[73.83269071177808,19.94713674544511]}},{"type":"Feature","properties":{"name":"M-420","locationConfidence":"indicative","placement":"generated at random in a planning polygon"},"geometry":{"type":"Point","coordinates":[73.81791617810457,19.958463725549446]}},{"type":"Feature","properties":{"name":"M-421","locationConfidence":"indicative","placement":"generated at random in a planning polygon"},"geometry":{"type":"Point","coordinates":[73.77293328336937,19.946011434989888]}},{"type":"Feature","properties":{"name":"M-422","locationConfidence":"indicative","placement":"generated at random in a planning polygon"},"geometry":{"type":"Point","coordinates":[73.79709656652257,19.941629602181752]}},{"type":"Feature","properties":{"name":"M-423","locationConfidence":"indicative","placement":"generated at random in a planning polygon"},"geometry":{"type":"Point","coordinates":[73.8209677290053,19.949958727292508]}},{"type":"Feature","properties":{"name":"M-424","locationConfidence":"indicative","placement":"generated at random in a planning polygon"},"geometry":{"type":"Point","coordinates":[73.83667000343343,19.96209697185848]}},{"type":"Feature","properties":{"name":"M-425","locationConfidence":"indicative","placement":"generated at random in a planning polygon"},"geometry":{"type":"Point","coordinates":[73.79867377388614,19.942863328805494]}},{"type":"Feature","properties":{"name":"M-426","locationConfidence":"indicative","placement":"generated at random in a planning polygon"},"geometry":{"type":"Point","coordinates":[73.7866861787933,19.96399634159029]}},{"type":"Feature","properties":{"name":"M-427","locationConfidence":"indicative","placement":"generated at random in a planning polygon"},"geometry":{"type":"Point","coordinates":[73.78808285016284,19.963941988291783]}},{"type":"Feature","properties":{"name":"M-428","locationConfidence":"indicative","placement":"generated at random in a planning polygon"},"geometry":{"type":"Point","coordinates":[73.81857961615923,19.996152943458686]}},{"type":"Feature","properties":{"name":"M-429","locationConfidence":"indicative","placement":"generated at random in a planning polygon"},"geometry":{"type":"Point","coordinates":[73.83521310650681,19.947695843599995]}},{"type":"Feature","properties":{"name":"M-430","locationConfidence":"indicative","placement":"generated at random in a planning polygon"},"geometry":{"type":"Point","coordinates":[73.82858888073365,19.94891285994384]}},{"type":"Feature","properties":{"name":"M-431","locationConfidence":"indicative","placement":"generated at random in a planning polygon"},"geometry":{"type":"Point","coordinates":[73.81596514735696,20.019915733786405]}},{"type":"Feature","properties":{"name":"M-432","locationConfidence":"indicative","placement":"generated at random in a planning polygon"},"geometry":{"type":"Point","coordinates":[73.80514825943767,19.999324173392765]}},{"type":"Feature","properties":{"name":"M-433","locationConfidence":"indicative","placement":"generated at random in a planning polygon"},"geometry":{"type":"Point","coordinates":[73.80445379189047,20.012304489795284]}},{"type":"Feature","properties":{"name":"M-434","locationConfidence":"indicative","placement":"generated at random in a planning polygon"},"geometry":{"type":"Point","coordinates":[73.83173641894011,19.94714729709785]}},{"type":"Feature","properties":{"name":"M-435","locationConfidence":"indicative","placement":"generated at random in a planning polygon"},"geometry":{"type":"Point","coordinates":[73.83563658494839,19.978876741565703]}},{"type":"Feature","properties":{"name":"M-436","locationConfidence":"indicative","placement":"generated at random in a planning polygon"},"geometry":{"type":"Point","coordinates":[73.83647970633339,19.989872396505632]}},{"type":"Feature","properties":{"name":"M-437","locationConfidence":"indicative","placement":"generated at random in a planning polygon"},"geometry":{"type":"Point","coordinates":[73.84785533101292,19.940125015747768]}},{"type":"Feature","properties":{"name":"M-438","locationConfidence":"indicative","placement":"generated at random in a planning polygon"},"geometry":{"type":"Point","coordinates":[73.79454605893152,19.968884606440433]}},{"type":"Feature","properties":{"name":"M-439","locationConfidence":"indicative","placement":"generated at random in a planning polygon"},"geometry":{"type":"Point","coordinates":[73.79277339967973,19.950142612164317]}},{"type":"Feature","properties":{"name":"M-440","locationConfidence":"indicative","placement":"generated at random in a planning polygon"},"geometry":{"type":"Point","coordinates":[73.79776827606796,19.965486913622193]}},{"type":"Feature","properties":{"name":"M-441","locationConfidence":"indicative","placement":"generated at random in a planning polygon"},"geometry":{"type":"Point","coordinates":[73.77789968252335,20.0142787220912]}},{"type":"Feature","properties":{"name":"M-442","locationConfidence":"indicative","placement":"generated at random in a planning polygon"},"geometry":{"type":"Point","coordinates":[73.77730337026017,19.954306710853214]}},{"type":"Feature","properties":{"name":"M-443","locationConfidence":"indicative","placement":"generated at random in a planning polygon"},"geometry":{"type":"Point","coordinates":[73.83182823936644,19.991717543448587]}},{"type":"Feature","properties":{"name":"M-444","locationConfidence":"indicative","placement":"generated at random in a planning polygon"},"geometry":{"type":"Point","coordinates":[73.81326302865558,19.95120297118219]}},{"type":"Feature","properties":{"name":"M-445","locationConfidence":"indicative","placement":"generated at random in a planning polygon"},"geometry":{"type":"Point","coordinates":[73.77498382328764,20.019124505385125]}},{"type":"Feature","properties":{"name":"M-446","locationConfidence":"indicative","placement":"generated at random in a planning polygon"},"geometry":{"type":"Point","coordinates":[73.7892027266602,19.96360274909404]}},{"type":"Feature","properties":{"name":"M-447","locationConfidence":"indicative","placement":"generated at random in a planning polygon"},"geometry":{"type":"Point","coordinates":[73.77655719072565,19.999492039853337]}},{"type":"Feature","properties":{"name":"M-448","locationConfidence":"indicative","placement":"generated at random in a planning polygon"},"geometry":{"type":"Point","coordinates":[73.80922710868728,20.010957354643892]}},{"type":"Feature","properties":{"name":"M-449","locationConfidence":"indicative","placement":"generated at random in a planning polygon"},"geometry":{"type":"Point","coordinates":[73.82831841079927,19.93945923420347]}},{"type":"Feature","properties":{"name":"M-450","locationConfidence":"indicative","placement":"generated at random in a planning polygon"},"geometry":{"type":"Point","coordinates":[73.83816262902111,20.00770218702298]}},{"type":"Feature","properties":{"name":"M-451","locationConfidence":"indicative","placement":"generated at random in a planning polygon"},"geometry":{"type":"Point","coordinates":[73.78354640649826,19.978355112653592]}},{"type":"Feature","properties":{"name":"M-452","locationConfidence":"indicative","placement":"generated at random in a planning polygon"},"geometry":{"type":"Point","coordinates":[73.82707727565095,20.00616815330467]}},{"type":"Feature","properties":{"name":"M-453","locationConfidence":"indicative","placement":"generated at random in a planning polygon"},"geometry":{"type":"Point","coordinates":[73.84944050008355,19.976712778398277]}},{"type":"Feature","properties":{"name":"M-454","locationConfidence":"indicative","placement":"generated at random in a planning polygon"},"geometry":{"type":"Point","coordinates":[73.84456317701847,19.968585035395098]}},{"type":"Feature","properties":{"name":"M-455","locationConfidence":"indicative","placement":"generated at random in a planning polygon"},"geometry":{"type":"Point","coordinates":[73.77163623233771,19.984687239116248]}},{"type":"Feature","properties":{"name":"M-456","locationConfidence":"indicative","placement":"generated at random in a planning polygon"},"geometry":{"type":"Point","coordinates":[73.82086934399241,19.957311840148137]}},{"type":"Feature","properties":{"name":"M-457","locationConfidence":"indicative","placement":"generated at random in a planning polygon"},"geometry":{"type":"Point","coordinates":[73.82046052476612,19.944099072933994]}},{"type":"Feature","properties":{"name":"M-458","locationConfidence":"indicative","placement":"generated at random in a planning polygon"},"geometry":{"type":"Point","coordinates":[73.81526602990826,19.971630342044534]}},{"type":"Feature","properties":{"name":"M-459","locationConfidence":"indicative","placement":"generated at random in a planning polygon"},"geometry":{"type":"Point","coordinates":[73.78903899947461,19.956039853246853]}},{"type":"Feature","properties":{"name":"M-460","locationConfidence":"indicative","placement":"generated at random in a planning polygon"},"geometry":{"type":"Point","coordinates":[73.80966060186275,20.018653928400763]}},{"type":"Feature","properties":{"name":"M-461","locationConfidence":"indicative","placement":"generated at random in a planning polygon"},"geometry":{"type":"Point","coordinates":[73.77908653522601,20.000662913017578]}},{"type":"Feature","properties":{"name":"M-462","locationConfidence":"indicative","placement":"generated at random in a planning polygon"},"geometry":{"type":"Point","coordinates":[73.79268341775234,19.94465397316638]}},{"type":"Feature","properties":{"name":"M-463","locationConfidence":"indicative","placement":"generated at random in a planning polygon"},"geometry":{"type":"Point","coordinates":[73.77611170722828,20.00883202017964]}},{"type":"Feature","properties":{"name":"M-464","locationConfidence":"indicative","placement":"generated at random in a planning polygon"},"geometry":{"type":"Point","coordinates":[73.78557305134744,20.0119193965731]}},{"type":"Feature","properties":{"name":"M-465","locationConfidence":"indicative","placement":"generated at random in a planning polygon"},"geometry":{"type":"Point","coordinates":[73.77255549715547,19.981623236596274]}},{"type":"Feature","properties":{"name":"M-466","locationConfidence":"indicative","placement":"generated at random in a planning polygon"},"geometry":{"type":"Point","coordinates":[73.7747208617691,20.014708106093956]}},{"type":"Feature","properties":{"name":"M-467","locationConfidence":"indicative","placement":"generated at random in a planning polygon"},"geometry":{"type":"Point","coordinates":[73.7832778782929,19.984254964495282]}},{"type":"Feature","properties":{"name":"M-468","locationConfidence":"indicative","placement":"generated at random in a planning polygon"},"geometry":{"type":"Point","coordinates":[73.79754171008774,19.94417490789216]}},{"type":"Feature","properties":{"name":"M-469","locationConfidence":"indicative","placement":"generated at random in a planning polygon"},"geometry":{"type":"Point","coordinates":[73.77250162843157,19.962301214878714]}},{"type":"Feature","properties":{"name":"M-470","locationConfidence":"indicative","placement":"generated at random in a planning polygon"},"geometry":{"type":"Point","coordinates":[73.80048342861569,19.947200228293788]}},{"type":"Feature","properties":{"name":"M-471","locationConfidence":"indicative","placement":"generated at random in a planning polygon"},"geometry":{"type":"Point","coordinates":[73.81279433647829,20.007256783491698]}},{"type":"Feature","properties":{"name":"M-472","locationConfidence":"indicative","placement":"generated at random in a planning polygon"},"geometry":{"type":"Point","coordinates":[73.78804121947232,19.973279455147193]}},{"type":"Feature","properties":{"name":"M-473","locationConfidence":"indicative","placement":"generated at random in a planning polygon"},"geometry":{"type":"Point","coordinates":[73.81252226272991,19.969609676344724]}},{"type":"Feature","properties":{"name":"M-474","locationConfidence":"indicative","placement":"generated at random in a planning polygon"},"geometry":{"type":"Point","coordinates":[73.78534546455259,19.994607995679413]}},{"type":"Feature","properties":{"name":"M-475","locationConfidence":"indicative","placement":"generated at random in a planning polygon"},"geometry":{"type":"Point","coordinates":[73.8422220179896,20.011268888170648]}},{"type":"Feature","properties":{"name":"M-476","locationConfidence":"indicative","placement":"generated at random in a planning polygon"},"geometry":{"type":"Point","coordinates":[73.77631664447978,19.981232772057197]}},{"type":"Feature","properties":{"name":"M-477","locationConfidence":"indicative","placement":"generated at random in a planning polygon"},"geometry":{"type":"Point","coordinates":[73.82768708266944,19.94357809793405]}},{"type":"Feature","properties":{"name":"M-478","locationConfidence":"indicative","placement":"generated at random in a planning polygon"},"geometry":{"type":"Point","coordinates":[73.8472085947993,19.96778564592148]}},{"type":"Feature","properties":{"name":"M-479","locationConfidence":"indicative","placement":"generated at random in a planning polygon"},"geometry":{"type":"Point","coordinates":[73.77122665159142,20.015206682245577]}},{"type":"Feature","properties":{"name":"M-480","locationConfidence":"indicative","placement":"generated at random in a planning polygon"},"geometry":{"type":"Point","coordinates":[73.78513889819372,19.984306447644034]}},{"type":"Feature","properties":{"name":"M-481","locationConfidence":"indicative","placement":"generated at random in a planning polygon"},"geometry":{"type":"Point","coordinates":[73.77831089273118,20.017506111421223]}},{"type":"Feature","properties":{"name":"M-482","locationConfidence":"indicative","placement":"generated at random in a planning polygon"},"geometry":{"type":"Point","coordinates":[73.84139314982647,19.99318669365516]}},{"type":"Feature","properties":{"name":"M-483","locationConfidence":"indicative","placement":"generated at random in a planning polygon"},"geometry":{"type":"Point","coordinates":[73.7888808787282,19.970322325730642]}},{"type":"Feature","properties":{"name":"M-484","locationConfidence":"indicative","placement":"generated at random in a planning polygon"},"geometry":{"type":"Point","coordinates":[73.8417456662268,19.987403109101475]}},{"type":"Feature","properties":{"name":"M-485","locationConfidence":"indicative","placement":"generated at random in a planning polygon"},"geometry":{"type":"Point","coordinates":[73.77289523365542,19.96748459457016]}},{"type":"Feature","properties":{"name":"M-486","locationConfidence":"indicative","placement":"generated at random in a planning polygon"},"geometry":{"type":"Point","coordinates":[73.84673292597577,19.978185547164482]}},{"type":"Feature","properties":{"name":"M-487","locationConfidence":"indicative","placement":"generated at random in a planning polygon"},"geometry":{"type":"Point","coordinates":[73.84141122629823,19.940092334443737]}},{"type":"Feature","properties":{"name":"M-488","locationConfidence":"indicative","placement":"generated at random in a planning polygon"},"geometry":{"type":"Point","coordinates":[73.8198504905142,20.007100349792385]}},{"type":"Feature","properties":{"name":"M-489","locationConfidence":"indicative","placement":"generated at random in a planning polygon"},"geometry":{"type":"Point","coordinates":[73.82044677142282,19.98346209995145]}},{"type":"Feature","properties":{"name":"M-490","locationConfidence":"indicative","placement":"generated at random in a planning polygon"},"geometry":{"type":"Point","coordinates":[73.84218794657446,19.94620165667135]}},{"type":"Feature","properties":{"name":"M-491","locationConfidence":"indicative","placement":"generated at random in a planning polygon"},"geometry":{"type":"Point","coordinates":[73.83045082253768,20.018891314456777]}},{"type":"Feature","properties":{"name":"M-492","locationConfidence":"indicative","placement":"generated at random in a planning polygon"},"geometry":{"type":"Point","coordinates":[73.78493929685888,20.002675715299468]}},{"type":"Feature","properties":{"name":"M-493","locationConfidence":"indicative","placement":"generated at random in a planning polygon"},"geometry":{"type":"Point","coordinates":[73.84973847471423,19.951944135142426]}},{"type":"Feature","properties":{"name":"M-494","locationConfidence":"indicative","placement":"generated at random in a planning polygon"},"geometry":{"type":"Point","coordinates":[73.81031881374142,19.971382621123926]}},{"type":"Feature","properties":{"name":"M-495","locationConfidence":"indicative","placement":"generated at random in a planning polygon"},"geometry":{"type":"Point","coordinates":[73.80934631446283,19.98875313751666]}},{"type":"Feature","properties":{"name":"M-496","locationConfidence":"indicative","placement":"generated at random in a planning polygon"},"geometry":{"type":"Point","coordinates":[73.78050204421844,20.00424524650141]}},{"type":"Feature","properties":{"name":"M-497","locationConfidence":"indicative","placement":"generated at random in a planning polygon"},"geometry":{"type":"Point","coordinates":[73.84197914529973,19.976657516613813]}},{"type":"Feature","properties":{"name":"M-498","locationConfidence":"indicative","placement":"generated at random in a planning polygon"},"geometry":{"type":"Point","coordinates":[73.82437611590265,19.964238869879555]}},{"type":"Feature","properties":{"name":"M-499","locationConfidence":"indicative","placement":"generated at random in a planning polygon"},"geometry":{"type":"Point","coordinates":[73.80341072948663,19.98357997416254]}},{"type":"Feature","properties":{"name":"M-500","locationConfidence":"indicative","placement":"generated at random in a planning polygon"},"geometry":{"type":"Point","coordinates":[73.84339491643577,20.015993509340554]}},{"type":"Feature","properties":{"name":"M-501","locationConfidence":"indicative","placement":"generated at random in a planning polygon"},"geometry":{"type":"Point","coordinates":[73.81748165551122,20.013870312874886]}},{"type":"Feature","properties":{"name":"M-502","locationConfidence":"indicative","placement":"generated at random in a planning polygon"},"geometry":{"type":"Point","coordinates":[73.81225537989485,19.961313294326743]}},{"type":"Feature","properties":{"name":"M-503","locationConfidence":"indicative","placement":"generated at random in a planning polygon"},"geometry":{"type":"Point","coordinates":[73.83994934620569,19.966668266812775]}},{"type":"Feature","properties":{"name":"M-504","locationConfidence":"indicative","placement":"generated at random in a planning polygon"},"geometry":{"type":"Point","coordinates":[73.78016016726465,19.946838044375177]}},{"type":"Feature","properties":{"name":"M-505","locationConfidence":"indicative","placement":"generated at random in a planning polygon"},"geometry":{"type":"Point","coordinates":[73.83022014826712,19.962142840621723]}},{"type":"Feature","properties":{"name":"M-506","locationConfidence":"indicative","placement":"generated at random in a planning polygon"},"geometry":{"type":"Point","coordinates":[73.8134078803003,19.956465791077985]}},{"type":"Feature","properties":{"name":"M-507","locationConfidence":"indicative","placement":"generated at random in a planning polygon"},"geometry":{"type":"Point","coordinates":[73.8201067671067,19.951345369607317]}},{"type":"Feature","properties":{"name":"M-508","locationConfidence":"indicative","placement":"generated at random in a planning polygon"},"geometry":{"type":"Point","coordinates":[73.81905954225984,20.00389458021224]}},{"type":"Feature","properties":{"name":"M-509","locationConfidence":"indicative","placement":"generated at random in a planning polygon"},"geometry":{"type":"Point","coordinates":[73.83531420517534,19.96038807184026]}},{"type":"Feature","properties":{"name":"M-510","locationConfidence":"indicative","placement":"generated at random in a planning polygon"},"geometry":{"type":"Point","coordinates":[73.81391432082839,19.992260970350134]}},{"type":"Feature","properties":{"name":"M-511","locationConfidence":"indicative","placement":"generated at random in a planning polygon"},"geometry":{"type":"Point","coordinates":[73.82333674064778,19.955240392969646]}},{"type":"Feature","properties":{"name":"M-512","locationConfidence":"indicative","placement":"generated at random in a planning polygon"},"geometry":{"type":"Point","coordinates":[73.84528740651301,20.00414505922722]}},{"type":"Feature","properties":{"name":"M-513","locationConfidence":"indicative","placement":"generated at random in a planning polygon"},"geometry":{"type":"Point","coordinates":[73.81654618118753,19.938836960118543]}},{"type":"Feature","properties":{"name":"M-514","locationConfidence":"indicative","placement":"generated at random in a planning polygon"},"geometry":{"type":"Point","coordinates":[73.82019854127495,19.99172652926039]}},{"type":"Feature","properties":{"name":"M-515","locationConfidence":"indicative","placement":"generated at random in a planning polygon"},"geometry":{"type":"Point","coordinates":[73.83286871243163,19.947703490300903]}},{"type":"Feature","properties":{"name":"M-516","locationConfidence":"indicative","placement":"generated at random in a planning polygon"},"geometry":{"type":"Point","coordinates":[73.78677652715238,19.970282973113477]}},{"type":"Feature","properties":{"name":"M-517","locationConfidence":"indicative","placement":"generated at random in a planning polygon"},"geometry":{"type":"Point","coordinates":[73.84986937579221,20.012489197141406]}},{"type":"Feature","properties":{"name":"M-518","locationConfidence":"indicative","placement":"generated at random in a planning polygon"},"geometry":{"type":"Point","coordinates":[73.81594851709035,20.017492163617554]}},{"type":"Feature","properties":{"name":"M-519","locationConfidence":"indicative","placement":"generated at random in a planning polygon"},"geometry":{"type":"Point","coordinates":[73.78756053720322,19.98907958694998]}},{"type":"Feature","properties":{"name":"M-520","locationConfidence":"indicative","placement":"generated at random in a planning polygon"},"geometry":{"type":"Point","coordinates":[73.82998994070913,20.006878985794856]}},{"type":"Feature","properties":{"name":"M-521","locationConfidence":"indicative","placement":"generated at random in a planning polygon"},"geometry":{"type":"Point","coordinates":[73.78363940720344,19.976323409689243]}},{"type":"Feature","properties":{"name":"M-522","locationConfidence":"indicative","placement":"generated at random in a planning polygon"},"geometry":{"type":"Point","coordinates":[73.77180660206915,19.96038149239079]}},{"type":"Feature","properties":{"name":"M-523","locationConfidence":"indicative","placement":"generated at random in a planning polygon"},"geometry":{"type":"Point","coordinates":[73.78376811876448,19.983928029307247]}},{"type":"Feature","properties":{"name":"M-524","locationConfidence":"indicative","placement":"generated at random in a planning polygon"},"geometry":{"type":"Point","coordinates":[73.78109042143399,19.954012659673506]}},{"type":"Feature","properties":{"name":"M-525","locationConfidence":"indicative","placement":"generated at random in a planning polygon"},"geometry":{"type":"Point","coordinates":[73.77600237759692,19.9812901814468]}},{"type":"Feature","properties":{"name":"M-526","locationConfidence":"indicative","placement":"generated at random in a planning polygon"},"geometry":{"type":"Point","coordinates":[73.7876722761544,19.959380968900234]}},{"type":"Feature","properties":{"name":"M-527","locationConfidence":"indicative","placement":"generated at random in a planning polygon"},"geometry":{"type":"Point","coordinates":[73.77710090508472,19.992048748206248]}},{"type":"Feature","properties":{"name":"M-528","locationConfidence":"indicative","placement":"generated at random in a planning polygon"},"geometry":{"type":"Point","coordinates":[73.8282029680807,19.998834963591033]}},{"type":"Feature","properties":{"name":"M-529","locationConfidence":"indicative","placement":"generated at random in a planning polygon"},"geometry":{"type":"Point","coordinates":[73.81143872779073,19.942685516022824]}},{"type":"Feature","properties":{"name":"M-530","locationConfidence":"indicative","placement":"generated at random in a planning polygon"},"geometry":{"type":"Point","coordinates":[73.83371745336974,19.95450752416741]}},{"type":"Feature","properties":{"name":"M-531","locationConfidence":"indicative","placement":"generated at random in a planning polygon"},"geometry":{"type":"Point","coordinates":[73.81695583248705,19.99588507540288]}},{"type":"Feature","properties":{"name":"M-532","locationConfidence":"indicative","placement":"generated at random in a planning polygon"},"geometry":{"type":"Point","coordinates":[73.79714406941812,20.005092556669894]}},{"type":"Feature","properties":{"name":"M-533","locationConfidence":"indicative","placement":"generated at random in a planning polygon"},"geometry":{"type":"Point","coordinates":[73.83268560834647,20.01000733750575]}},{"type":"Feature","properties":{"name":"M-534","locationConfidence":"indicative","placement":"generated at random in a planning polygon"},"geometry":{"type":"Point","coordinates":[73.83280377264828,20.010081375287324]}},{"type":"Feature","properties":{"name":"M-535","locationConfidence":"indicative","placement":"generated at random in a planning polygon"},"geometry":{"type":"Point","coordinates":[73.80558787673041,20.001176938991534]}},{"type":"Feature","properties":{"name":"M-536","locationConfidence":"indicative","placement":"generated at random in a planning polygon"},"geometry":{"type":"Point","coordinates":[73.84270176620238,19.948847528533566]}},{"type":"Feature","properties":{"name":"M-537","locationConfidence":"indicative","placement":"generated at random in a planning polygon"},"geometry":{"type":"Point","coordinates":[73.84287445213859,19.940901813227487]}},{"type":"Feature","properties":{"name":"M-538","locationConfidence":"indicative","placement":"generated at random in a planning polygon"},"geometry":{"type":"Point","coordinates":[73.84154299729363,20.01824681431762]}},{"type":"Feature","properties":{"name":"M-539","locationConfidence":"indicative","placement":"generated at random in a planning polygon"},"geometry":{"type":"Point","coordinates":[73.78248475386782,19.96255373561013]}},{"type":"Feature","properties":{"name":"M-540","locationConfidence":"indicative","placement":"generated at random in a planning polygon"},"geometry":{"type":"Point","coordinates":[73.78417488391173,20.010814467607833]}},{"type":"Feature","properties":{"name":"M-541","locationConfidence":"indicative","placement":"generated at random in a planning polygon"},"geometry":{"type":"Point","coordinates":[73.84542499089073,19.957247782244796]}},{"type":"Feature","properties":{"name":"M-542","locationConfidence":"indicative","placement":"generated at random in a planning polygon"},"geometry":{"type":"Point","coordinates":[73.82144047348201,20.01841153003904]}},{"type":"Feature","properties":{"name":"M-543","locationConfidence":"indicative","placement":"generated at random in a planning polygon"},"geometry":{"type":"Point","coordinates":[73.78375197971852,19.98350392751952]}},{"type":"Feature","properties":{"name":"M-544","locationConfidence":"indicative","placement":"generated at random in a planning polygon"},"geometry":{"type":"Point","coordinates":[73.82330459369292,19.972380214313393]}},{"type":"Feature","properties":{"name":"M-545","locationConfidence":"indicative","placement":"generated at random in a planning polygon"},"geometry":{"type":"Point","coordinates":[73.80106402224445,19.994000313018848]}},{"type":"Feature","properties":{"name":"M-546","locationConfidence":"indicative","placement":"generated at random in a planning polygon"},"geometry":{"type":"Point","coordinates":[73.80548792373692,20.018834117326247]}},{"type":"Feature","properties":{"name":"M-547","locationConfidence":"indicative","placement":"generated at random in a planning polygon"},"geometry":{"type":"Point","coordinates":[73.83866705077794,19.952577951428207]}},{"type":"Feature","properties":{"name":"M-548","locationConfidence":"indicative","placement":"generated at random in a planning polygon"},"geometry":{"type":"Point","coordinates":[73.82118362411133,20.01017743350332]}},{"type":"Feature","properties":{"name":"M-549","locationConfidence":"indicative","placement":"generated at random in a planning polygon"},"geometry":{"type":"Point","coordinates":[73.82415344561404,19.999375885216534]}},{"type":"Feature","properties":{"name":"M-550","locationConfidence":"indicative","placement":"generated at random in a planning polygon"},"geometry":{"type":"Point","coordinates":[73.78796760789336,20.002774670212016]}},{"type":"Feature","properties":{"name":"M-551","locationConfidence":"indicative","placement":"generated at random in a planning polygon"},"geometry":{"type":"Point","coordinates":[73.82001567326833,19.984569103328514]}},{"type":"Feature","properties":{"name":"M-552","locationConfidence":"indicative","placement":"generated at random in a planning polygon"},"geometry":{"type":"Point","coordinates":[73.7946124871809,19.945512607537992]}},{"type":"Feature","properties":{"name":"M-553","locationConfidence":"indicative","placement":"generated at random in a planning polygon"},"geometry":{"type":"Point","coordinates":[73.83114489715732,20.011072918510706]}},{"type":"Feature","properties":{"name":"M-554","locationConfidence":"indicative","placement":"generated at random in a planning polygon"},"geometry":{"type":"Point","coordinates":[73.7723580282514,19.952646302263346]}},{"type":"Feature","properties":{"name":"M-555","locationConfidence":"indicative","placement":"generated at random in a planning polygon"},"geometry":{"type":"Point","coordinates":[73.82536775080774,20.01361464150509]}},{"type":"Feature","properties":{"name":"M-556","locationConfidence":"indicative","placement":"generated at random in a planning polygon"},"geometry":{"type":"Point","coordinates":[73.84422214562606,19.997195597645266]}},{"type":"Feature","properties":{"name":"M-557","locationConfidence":"indicative","placement":"generated at random in a planning polygon"},"geometry":{"type":"Point","coordinates":[73.78743371715808,19.952319410543716]}},{"type":"Feature","properties":{"name":"M-558","locationConfidence":"indicative","placement":"generated at random in a planning polygon"},"geometry":{"type":"Point","coordinates":[73.84598414690454,19.98003369063735]}},{"type":"Feature","properties":{"name":"M-559","locationConfidence":"indicative","placement":"generated at random in a planning polygon"},"geometry":{"type":"Point","coordinates":[73.84013153426108,20.010812675491753]}},{"type":"Feature","properties":{"name":"M-560","locationConfidence":"indicative","placement":"generated at random in a planning polygon"},"geometry":{"type":"Point","coordinates":[73.7739688138251,20.015741194742752]}},{"type":"Feature","properties":{"name":"M-561","locationConfidence":"indicative","placement":"generated at random in a planning polygon"},"geometry":{"type":"Point","coordinates":[73.79564920966791,19.95423584343762]}},{"type":"Feature","properties":{"name":"M-562","locationConfidence":"indicative","placement":"generated at random in a planning polygon"},"geometry":{"type":"Point","coordinates":[73.78245977732837,19.995134903951147]}},{"type":"Feature","properties":{"name":"M-563","locationConfidence":"indicative","placement":"generated at random in a planning polygon"},"geometry":{"type":"Point","coordinates":[73.79293982340026,19.993644761871867]}},{"type":"Feature","properties":{"name":"M-564","locationConfidence":"indicative","placement":"generated at random in a planning polygon"},"geometry":{"type":"Point","coordinates":[73.80996613189583,19.982677058808093]}},{"type":"Feature","properties":{"name":"M-565","locationConfidence":"indicative","placement":"generated at random in a planning polygon"},"geometry":{"type":"Point","coordinates":[73.84703189997846,19.99088251641944]}},{"type":"Feature","properties":{"name":"M-566","locationConfidence":"indicative","placement":"generated at random in a planning polygon"},"geometry":{"type":"Point","coordinates":[73.78914269216088,19.9698193725125]}},{"type":"Feature","properties":{"name":"M-567","locationConfidence":"indicative","placement":"generated at random in a planning polygon"},"geometry":{"type":"Point","coordinates":[73.81025046677324,20.00325826300019]}},{"type":"Feature","properties":{"name":"M-568","locationConfidence":"indicative","placement":"generated at random in a planning polygon"},"geometry":{"type":"Point","coordinates":[73.8298866171367,19.948681390947034]}},{"type":"Feature","properties":{"name":"M-569","locationConfidence":"indicative","placement":"generated at random in a planning polygon"},"geometry":{"type":"Point","coordinates":[73.77091751232602,19.954067237418368]}},{"type":"Feature","properties":{"name":"M-570","locationConfidence":"indicative","placement":"generated at random in a planning polygon"},"geometry":{"type":"Point","coordinates":[73.83866760510436,19.996935147641114]}},{"type":"Feature","properties":{"name":"M-571","locationConfidence":"indicative","placement":"generated at random in a planning polygon"},"geometry":{"type":"Point","coordinates":[73.83534899010846,19.973046249099326]}},{"type":"Feature","properties":{"name":"M-572","locationConfidence":"indicative","placement":"generated at random in a planning polygon"},"geometry":{"type":"Point","coordinates":[73.80011623781294,19.951980056724178]}},{"type":"Feature","properties":{"name":"M-573","locationConfidence":"indicative","placement":"generated at random in a planning polygon"},"geometry":{"type":"Point","coordinates":[73.82825067268932,20.014256391697916]}},{"type":"Feature","properties":{"name":"M-574","locationConfidence":"indicative","placement":"generated at random in a planning polygon"},"geometry":{"type":"Point","coordinates":[73.80555273852309,19.98634124453717]}},{"type":"Feature","properties":{"name":"M-575","locationConfidence":"indicative","placement":"generated at random in a planning polygon"},"geometry":{"type":"Point","coordinates":[73.78206256332948,19.96996323719208]}},{"type":"Feature","properties":{"name":"M-576","locationConfidence":"indicative","placement":"generated at random in a planning polygon"},"geometry":{"type":"Point","coordinates":[73.82232170388046,19.995369471406622]}},{"type":"Feature","properties":{"name":"M-577","locationConfidence":"indicative","placement":"generated at random in a planning polygon"},"geometry":{"type":"Point","coordinates":[73.83514240883015,19.969899943551315]}},{"type":"Feature","properties":{"name":"M-578","locationConfidence":"indicative","placement":"generated at random in a planning polygon"},"geometry":{"type":"Point","coordinates":[73.78057688942556,20.01096013689657]}},{"type":"Feature","properties":{"name":"M-579","locationConfidence":"indicative","placement":"generated at random in a planning polygon"},"geometry":{"type":"Point","coordinates":[73.78727689331151,19.986048731893742]}},{"type":"Feature","properties":{"name":"M-580","locationConfidence":"indicative","placement":"generated at random in a planning polygon"},"geometry":{"type":"Point","coordinates":[73.83871397583609,19.965145939722092]}},{"type":"Feature","properties":{"name":"M-581","locationConfidence":"indicative","placement":"generated at random in a planning polygon"},"geometry":{"type":"Point","coordinates":[73.79669222738364,19.972362436627826]}},{"type":"Feature","properties":{"name":"M-582","locationConfidence":"indicative","placement":"generated at random in a planning polygon"},"geometry":{"type":"Point","coordinates":[73.78722651647587,20.016620151402694]}},{"type":"Feature","properties":{"name":"M-583","locationConfidence":"indicative","placement":"generated at random in a planning polygon"},"geometry":{"type":"Point","coordinates":[73.77893820027836,19.959833773819085]}},{"type":"Feature","properties":{"name":"M-584","locationConfidence":"indicative","placement":"generated at random in a planning polygon"},"geometry":{"type":"Point","coordinates":[73.77627492716988,19.952791598356992]}},{"type":"Feature","properties":{"name":"M-585","locationConfidence":"indicative","placement":"generated at random in a planning polygon"},"geometry":{"type":"Point","coordinates":[73.83436396042096,19.960258435836973]}},{"type":"Feature","properties":{"name":"M-586","locationConfidence":"indicative","placement":"generated at random in a planning polygon"},"geometry":{"type":"Point","coordinates":[73.84254626261121,20.012105055544012]}},{"type":"Feature","properties":{"name":"M-587","locationConfidence":"indicative","placement":"generated at random in a planning polygon"},"geometry":{"type":"Point","coordinates":[73.80961249447162,19.972538533213996]}},{"type":"Feature","properties":{"name":"M-588","locationConfidence":"indicative","placement":"generated at random in a planning polygon"},"geometry":{"type":"Point","coordinates":[73.77885314309266,19.959203092223092]}},{"type":"Feature","properties":{"name":"M-589","locationConfidence":"indicative","placement":"generated at random in a planning polygon"},"geometry":{"type":"Point","coordinates":[73.79930528603668,19.993932583075942]}},{"type":"Feature","properties":{"name":"M-590","locationConfidence":"indicative","placement":"generated at random in a planning polygon"},"geometry":{"type":"Point","coordinates":[73.81475471608039,19.979981951910602]}},{"type":"Feature","properties":{"name":"M-591","locationConfidence":"indicative","placement":"generated at random in a planning polygon"},"geometry":{"type":"Point","coordinates":[73.80070640880032,19.9621808752868]}},{"type":"Feature","properties":{"name":"M-592","locationConfidence":"indicative","placement":"generated at random in a planning polygon"},"geometry":{"type":"Point","coordinates":[73.85061189472123,19.942854940160828]}},{"type":"Feature","properties":{"name":"M-593","locationConfidence":"indicative","placement":"generated at random in a planning polygon"},"geometry":{"type":"Point","coordinates":[73.83143539130349,19.983139055788897]}},{"type":"Feature","properties":{"name":"M-594","locationConfidence":"indicative","placement":"generated at random in a planning polygon"},"geometry":{"type":"Point","coordinates":[73.78518325910004,19.99328846155132]}},{"type":"Feature","properties":{"name":"M-595","locationConfidence":"indicative","placement":"generated at random in a planning polygon"},"geometry":{"type":"Point","coordinates":[73.82313708520445,19.988527155438945]}},{"type":"Feature","properties":{"name":"M-596","locationConfidence":"indicative","placement":"generated at random in a planning polygon"},"geometry":{"type":"Point","coordinates":[73.84071984088345,19.98466602368967]}},{"type":"Feature","properties":{"name":"M-597","locationConfidence":"indicative","placement":"generated at random in a planning polygon"},"geometry":{"type":"Point","coordinates":[73.82889498681907,19.95457639671119]}},{"type":"Feature","properties":{"name":"M-598","locationConfidence":"indicative","placement":"generated at random in a planning polygon"},"geometry":{"type":"Point","coordinates":[73.77809514344813,19.94695960027832]}},{"type":"Feature","properties":{"name":"M-599","locationConfidence":"indicative","placement":"generated at random in a planning polygon"},"geometry":{"type":"Point","coordinates":[73.8442727589221,20.010085784426128]}},{"type":"Feature","properties":{"name":"M-600","locationConfidence":"indicative","placement":"generated at random in a planning polygon"},"geometry":{"type":"Point","coordinates":[73.81486292809316,19.965988543594413]}}]}
