{"type":"FeatureCollection","features":[{"type":"Feature","geometry":{"type":"Point","coordinates":[73.792176,19.9957198]},"properties":{"Taluka":"Nashik","Zone":"Panchavati","Category":"Kirana / General Store","Name":"AK General Store","Type":"General Store","Rating":"4","Review Count":"4","Phone":"087964 87992","Address":"Medical, Mandai Chowk, Old Nashik, Oop, Patkari, Nashik, Maharashtra 422001, India","Maps Link":"https://maps.google.com/?cid=18149340842419860336&g_mp=Cidnb29nbGUubWFwcy5wbGFjZXMudjEuUGxhY2VzLlNlYXJjaFRleHQQAhgEIAA"}},{"type":"Feature","geometry":{"type":"Point","coordinates":[73.7940618,19.9985418]},"properties":{"Taluka":"Nashik","Zone":"Panchavati","Category":"Kirana / General Store","Name":"Abhijeet Provision","Type":"Grocery Store","Rating":"4.3","Review Count":"3","Phone":"098222 11161","Address":"Opp. Maruti Mandir, Chavhata, 3367, OId Nashik, Koknipura, Nashik, Maharashtra 422001, India","Maps Link":"https://maps.google.com/?cid=3242063842032117027&g_mp=Cidnb29nbGUubWFwcy5wbGFjZXMudjEuUGxhY2VzLlNlYXJjaFRleHQQAhgEIAA"}},{"type":"Feature","geometry":{"type":"Point","coordinates":[73.8470366,20.0209292]},"properties":{"Taluka":"Nashik","Zone":"Panchavati","Category":"Kirana / General Store","Name":"Agrawal Kirana & General Stores","Type":"Asian Grocery Store","Rating":"4.9","Review Count":"37","Phone":"095118 80235","Address":"SURVEY NO 479, PLOT NO 36 DNYESHWAR SOCIETY, Konark Nagar, Nashik, Maharashtra 422003, India","Maps Link":"https://maps.google.com/?cid=11670389571122371966&g_mp=Cidnb29nbGUubWFwcy5wbGFjZXMudjEuUGxhY2VzLlNlYXJjaFRleHQQAhgEIAA"}},{"type":"Feature","geometry":{"type":"Point","coordinates":[73.7893409,20.011841]},"properties":{"Taluka":"Nashik","Zone":"Panchavati","Category":"Kirana / General Store","Name":"Akshay Kirana And General Stores","Type":"Grocery Store","Rating":"4.5","Review Count":"2","Phone":"093702 51544","Address":"Gala No. 2, Chauhan K Tower, Mari Mata Road, Opposite Mate Building, Makhmalabad, Nashik, Maharashtra 422003, India","Maps Link":"https://maps.google.com/?cid=5407069847362722080&g_mp=Cidnb29nbGUubWFwcy5wbGFjZXMudjEuUGxhY2VzLlNlYXJjaFRleHQQAhgEIAA"}},{"type":"Feature","geometry":{"type":"Point","coordinates":[73.7900011,20.0009418]},"properties":{"Taluka":"Nashik","Zone":"Panchavati","Category":"Kirana / General Store","Name":"Ambika General Stores","Type":"General Store","Review Count":"0","Phone":"095275 96083","Address":"2, Doodh Bazar Rd, Bhadrakali, Koknipura, Nashik, Maharashtra 422001, India","Maps Link":"https://maps.google.com/?cid=5677916722744400955&g_mp=Cidnb29nbGUubWFwcy5wbGFjZXMudjEuUGxhY2VzLlNlYXJjaFRleHQQAhgEIAA"}},{"type":"Feature","geometry":{"type":"Point","coordinates":[73.787228,20.0050952]},"properties":{"Taluka":"Nashik","Zone":"Panchavati","Category":"Kirana / General Store","Name":"Ameet Foods Dryfruit and Grocery","Type":"Food Store","Rating":"4.1","Review Count":"94","Phone":"078229 89647","Address":"Rupi Ban, Shop No.1, Red Cross Signal, 2, Tilak Rd, opp. Gavkari Press, Ambedkar Colony, Raviwar Karanja, Panchavati, Nashik, Maharashtra 422001, India","Maps Link":"https://maps.google.com/?cid=10679885158910816755&g_mp=Cidnb29nbGUubWFwcy5wbGFjZXMudjEuUGxhY2VzLlNlYXJjaFRleHQQAhgEIAA"}},{"type":"Feature","geometry":{"type":"Point","coordinates":[73.8043474,19.9801991]},"properties":{"Taluka":"Nashik","Zone":"Panchavati","Category":"Kirana / General Store","Name":"Amle Kirana Supar Market","Type":"Grocery Store","Rating":"3.5","Review Count":"17","Address":"Shop No.3 Ishwar Paradise, Ashoka Marg, near Bank of Maharashtra - Nasik Branch, Ganesh Baba Nagar, Nashik, Maharashtra 422011, India","Maps Link":"https://maps.google.com/?cid=7226862370145741387&g_mp=Cidnb29nbGUubWFwcy5wbGFjZXMudjEuUGxhY2VzLlNlYXJjaFRleHQQAhgEIAA"}},{"type":"Feature","geometry":{"type":"Point","coordinates":[73.8038219,20.0237555]},"properties":{"Taluka":"Nashik","Zone":"Panchavati","Category":"Kirana / General Store","Name":"Anand Kirana & General Stores","Type":"General Store","Rating":"2.5","Review Count":"2","Phone":"096574 57497","Address":"9, Saptashrungi Mata Apartment, Lamkhade Mala, Dindori Rd, Panchavati, Nashik, Maharashtra 422003, India","Maps Link":"https://maps.google.com/?cid=12315553529284296446&g_mp=Cidnb29nbGUubWFwcy5wbGFjZXMudjEuUGxhY2VzLlNlYXJjaFRleHQQAhgEIAA"}},{"type":"Feature","geometry":{"type":"Point","coordinates":[73.8026385,19.9933029]},"properties":{"Taluka":"Nashik","Zone":"Panchavati","Category":"Kirana / General Store","Name":"Ashapuri Kirana And Provision","Type":"Grocery Store","Rating":"3.8","Review Count":"20","Phone":"0253 250 3305","Address":"XRV3+83C, Behind Hotel, Dwarka, Nashik, Maharashtra 422011, India","Maps Link":"https://maps.google.com/?cid=4899546217860668518&g_mp=Cidnb29nbGUubWFwcy5wbGFjZXMudjEuUGxhY2VzLlNlYXJjaFRleHQQAhgEIAA"}},{"type":"Feature","geometry":{"type":"Point","coordinates":[73.7515792,20.0143256]},"properties":{"Taluka":"Nashik","Zone":"Panchavati","Category":"Kirana / General Store","Name":"Ashish Provision & General Stores","Type":"Grocery Store","Rating":"4.2","Review Count":"346","Phone":"070305 36536","Address":"422013 Kashi Ganga, Gangapur Rd, behind Aditya Petrol Pump, Chintamani Colony, Ashtavinayak Colony, Savarkar Nagar, Nashik, Maharashtra 422013, India","Website":"http://www.ashishprovision.com/","Maps Link":"https://maps.google.com/?cid=4355082557906558281&g_mp=Cidnb29nbGUubWFwcy5wbGFjZXMudjEuUGxhY2VzLlNlYXJjaFRleHQQAhgEIAA"}},{"type":"Feature","geometry":{"type":"Point","coordinates":[73.7953795,20.0116156]},"properties":{"Taluka":"Nashik","Zone":"Panchavati","Category":"Kirana / General Store","Name":"Balwanth Kirana Stores","Type":"General Store","Rating":"4.3","Review Count":"3","Phone":"0253 251 1287","Address":"Dindori Naka, 2Q6W+J5R, Opposite Puria Park, Panchavati, Nashik, Maharashtra 422003, India","Maps Link":"https://maps.google.com/?cid=14975937325906662063&g_mp=Cidnb29nbGUubWFwcy5wbGFjZXMudjEuUGxhY2VzLlNlYXJjaFRleHQQAhgEIAA"}},{"type":"Feature","geometry":{"type":"Point","coordinates":[73.790062,20.0015283]},"properties":{"Taluka":"Nashik","Zone":"Panchavati","Category":"Kirana / General Store","Name":"Bhadrakali Gruh Vastu Bhandar","Type":"Grocery Store","Rating":"5","Review Count":"5","Phone":"099701 40333","Address":"79/80 Mirchi Bazar, Bhadrakali, Koknipura, Nashik, Maharashtra 422001, India","Maps Link":"https://maps.google.com/?cid=13883096551086613800&g_mp=Cidnb29nbGUubWFwcy5wbGFjZXMudjEuUGxhY2VzLlNlYXJjaFRleHQQAhgEIAA"}},{"type":"Feature","geometry":{"type":"Point","coordinates":[73.7977315,20.0044833]},"properties":{"Taluka":"Nashik","Zone":"Panchavati","Category":"Kirana / General Store","Name":"DHARAM FOODS AND GENERAL STORE","Type":"General Store","Review Count":"0","Phone":"097640 58162","Address":"Shop No 3, Ganeshwadi Rd, Panchavati, Nashik, Maharashtra 422003, India","Maps Link":"https://maps.google.com/?cid=8825255253952692224&g_mp=Cidnb29nbGUubWFwcy5wbGFjZXMudjEuUGxhY2VzLlNlYXJjaFRleHQQAhgEIAA"}},{"type":"Feature","geometry":{"type":"Point","coordinates":[73.781234,20.0368993]},"properties":{"Taluka":"Nashik","Zone":"Panchavati","Category":"Kirana / General Store","Name":"Daily Needs Kirana And General Stores","Type":"Grocery Store","Rating":"4.5","Review Count":"2","Phone":"099605 88065","Address":"Makhmalabad Rd, near Lilavati Hospital, Vidya Nagar, Panchavati, Nashik, Maharashtra 422003, India","Maps Link":"https://maps.google.com/?cid=11221998257670598000&g_mp=Cidnb29nbGUubWFwcy5wbGFjZXMudjEuUGxhY2VzLlNlYXJjaFRleHQQAhgEIAA"}},{"type":"Feature","geometry":{"type":"Point","coordinates":[73.7961982,20.0181331]},"properties":{"Taluka":"Nashik","Zone":"Panchavati","Category":"Kirana / General Store","Name":"Dalvi Kirana Stores","Type":"General Store","Rating":"3.8","Review Count":"5","Phone":"098812 66454","Address":"Dindori Rd, Near MICO Hospital, Rajdut Nagar, Panchavati, Nashik, Maharashtra 422003, India","Maps Link":"https://maps.google.com/?cid=4993765287873917383&g_mp=Cidnb29nbGUubWFwcy5wbGFjZXMudjEuUGxhY2VzLlNlYXJjaFRleHQQAhgEIAA"}},{"type":"Feature","geometry":{"type":"Point","coordinates":[73.7901067,20.0020357]},"properties":{"Taluka":"Nashik","Zone":"Panchavati","Category":"Kirana / General Store","Name":"Daryanomal Kondomal kirana merchant","Type":"General Store","Rating":"4.5","Review Count":"4","Address":"Shop No.5, Deshpande Building, 1419, Bhadrakali Rd, Bhadrakali, Koknipura, Nashik, Maharashtra 422001, India","Maps Link":"https://maps.google.com/?cid=9034011953674726299&g_mp=Cidnb29nbGUubWFwcy5wbGFjZXMudjEuUGxhY2VzLlNlYXJjaFRleHQQAhgEIAA"}},{"type":"Feature","geometry":{"type":"Point","coordinates":[73.7804072,20.0156664]},"properties":{"Taluka":"Nashik","Zone":"Panchavati","Category":"Kirana / General Store","Name":"Datar Kirana And Katlary","Type":"Grocery Store","Rating":"4.2","Review Count":"13","Phone":"096231 85814","Address":"Mala, Hanumanwadi Rd, Bhagyodaya colony, Nashik, Maharashtra 422003, India","Maps Link":"https://maps.google.com/?cid=1853274834341936482&g_mp=Cidnb29nbGUubWFwcy5wbGFjZXMudjEuUGxhY2VzLlNlYXJjaFRleHQQAhgEIAA"}},{"type":"Feature","geometry":{"type":"Point","coordinates":[73.7963958,20.01802]},"properties":{"Taluka":"Nashik","Zone":"Panchavati","Category":"Kirana / General Store","Name":"Dipak Kirana","Type":"General Store","Rating":"5","Review Count":"2","Phone":"088065 16394","Address":"Shop No 1, Panchavati, Nashik, Maharashtra 422003, India","Maps Link":"https://maps.google.com/?cid=9102249856269164315&g_mp=Cidnb29nbGUubWFwcy5wbGFjZXMudjEuUGxhY2VzLlNlYXJjaFRleHQQAhgEIAA"}},{"type":"Feature","geometry":{"type":"Point","coordinates":[73.7985618,20.0088451]},"properties":{"Taluka":"Nashik","Zone":"Panchavati","Category":"Kirana / General Store","Name":"Geeta General Stores","Type":"General Store","Rating":"3.5","Review Count":"2","Phone":"093723 67748","Address":"Gajanan Chowk, 2Q5X+GCM, near Banjara Mata Mandir, Panchavati, Nashik, Maharashtra 422003, India","Maps Link":"https://maps.google.com/?cid=6861957341508224927&g_mp=Cidnb29nbGUubWFwcy5wbGFjZXMudjEuUGxhY2VzLlNlYXJjaFRleHQQAhgEIAA"}},{"type":"Feature","geometry":{"type":"Point","coordinates":[73.7922308,20.0082124]},"properties":{"Taluka":"Nashik","Zone":"Panchavati","Category":"Kirana / General Store","Name":"Godavari General Store","Type":"General Store","Rating":"4.5","Review Count":"4","Phone":"094222 62548","Address":"Ramghat, Ramkund, Panchavati, Nashik, Maharashtra 422003, India","Maps Link":"https://maps.google.com/?cid=1773214360931008840&g_mp=Cidnb29nbGUubWFwcy5wbGFjZXMudjEuUGxhY2VzLlNlYXJjaFRleHQQAhgEIAA"}},{"type":"Feature","geometry":{"type":"Point","coordinates":[73.7938856,20.0208216]},"properties":{"Taluka":"Nashik","Zone":"Panchavati","Category":"Kirana / General Store","Name":"Hanuman Kirana And General Stoars","Type":"General Store","Rating":"5","Review Count":"1","Phone":"070585 38571","Address":"Shop Saraswati Bhuvan, Datt Mandir Garden, Peth Rd, Dattanagar, Panchavati, Nashik, Maharashtra 422003, India","Maps Link":"https://maps.google.com/?cid=4409391790539664711&g_mp=Cidnb29nbGUubWFwcy5wbGFjZXMudjEuUGxhY2VzLlNlYXJjaFRleHQQAhgEIAA"}},{"type":"Feature","geometry":{"type":"Point","coordinates":[73.7653267,20.0176201]},"properties":{"Taluka":"Nashik","Zone":"Panchavati","Category":"Kirana / General Store","Name":"Harihar provision stores","Type":"Grocery Store","Rating":"4.3","Review Count":"26","Phone":"091121 43321","Address":"2Q98+24W, D. K. Nagar, Nashik, Maharashtra 422013, India","Maps Link":"https://maps.google.com/?cid=1654335628688890018&g_mp=Cidnb29nbGUubWFwcy5wbGFjZXMudjEuUGxhY2VzLlNlYXJjaFRleHQQAhgEIAA"}},{"type":"Feature","geometry":{"type":"Point","coordinates":[73.7933008,20.0115464]},"properties":{"Taluka":"Nashik","Zone":"Panchavati","Category":"Kirana / General Store","Name":"Himalaya General Store","Type":"Store","Rating":"5","Review Count":"4","Phone":"098906 67884","Address":"Indrakund Panchvati, near by Himalaya foods, jajuwadi, Nashik, Maharashtra 422003, India","Website":"https://instagram.com/_himalaya_general_store?igshid=ZDdkNTZiNTM=","Maps Link":"https://maps.google.com/?cid=17177855180897324871&g_mp=Cidnb29nbGUubWFwcy5wbGFjZXMudjEuUGxhY2VzLlNlYXJjaFRleHQQAhgEIAA"}},{"type":"Feature","geometry":{"type":"Point","coordinates":[73.8088527,20.0144458]},"properties":{"Taluka":"Nashik","Zone":"Panchavati","Category":"Kirana / General Store","Name":"Jalaram Kirana And General Stores","Type":"Grocery Store","Rating":"3.5","Review Count":"2","Phone":"0253 262 9065","Address":"Vaibhav Appartment, Hirawadi Rd, Trimurti Nagar, Adgaon Naka, Panchvati, Nashik, Maharashtra 422003, India","Maps Link":"https://maps.google.com/?cid=1545926125069758157&g_mp=Cidnb29nbGUubWFwcy5wbGFjZXMudjEuUGxhY2VzLlNlYXJjaFRleHQQAhgEIAA"}},{"type":"Feature","geometry":{"type":"Point","coordinates":[73.79294,20.008062]},"properties":{"Taluka":"Nashik","Zone":"Panchavati","Category":"Kirana / General Store","Name":"KAPALESHWAR PUJA VASTU BHANDAR","Type":"General Store","Rating":"4.7","Review Count":"10","Phone":"095274 64716","Address":"Shop N 4, Bhavi Disha Apartment, Shani Chowk, Panchavati, Nashik, Maharashtra 422003, India","Maps Link":"https://maps.google.com/?cid=3179737988517955211&g_mp=Cidnb29nbGUubWFwcy5wbGFjZXMudjEuUGxhY2VzLlNlYXJjaFRleHQQAhgEIAA"}},{"type":"Feature","geometry":{"type":"Point","coordinates":[73.7946923,19.9961036]},"properties":{"Taluka":"Nashik","Zone":"Panchavati","Category":"Kirana / General Store","Name":"Kachhi Enterprises - Best grocery shop in Nashik","Type":"General Store","Rating":"4.5","Review Count":"19","Phone":"098506 75626","Address":"3172, Bagwanpura, Old Nashik, Chowk, Nashik, Maharashtra 422001, India","Maps Link":"https://maps.google.com/?cid=2758749249076048284&g_mp=Cidnb29nbGUubWFwcy5wbGFjZXMudjEuUGxhY2VzLlNlYXJjaFRleHQQAhgEIAA"}},{"type":"Feature","geometry":{"type":"Point","coordinates":[73.7946,20.008633]},"properties":{"Taluka":"Nashik","Zone":"Panchavati","Category":"Kirana / General Store","Name":"Kapaleeshwar General Stores","Type":"General Store","Rating":"3.3","Review Count":"4","Phone":"073041 77791","Address":"Malviya Chowk, Panchavati, Nashik, Maharashtra 422003, India","Maps Link":"https://maps.google.com/?cid=17664813781459636829&g_mp=Cidnb29nbGUubWFwcy5wbGFjZXMudjEuUGxhY2VzLlNlYXJjaFRleHQQAhgEIAA"}},{"type":"Feature","geometry":{"type":"Point","coordinates":[73.7951016,20.0082923]},"properties":{"Taluka":"Nashik","Zone":"Panchavati","Category":"Kirana / General Store","Name":"Ketan Kirana And General Store","Type":"General Store","Review Count":"0","Phone":"087882 84455","Address":"Shop No 3, Len, Sukenkar Ln, Panchavati Karanja, Panchavati, Nashik, Maharashtra 422003, India","Maps Link":"https://maps.google.com/?cid=9569688743864518615&g_mp=Cidnb29nbGUubWFwcy5wbGFjZXMudjEuUGxhY2VzLlNlYXJjaFRleHQQAhgEIAA"}},{"type":"Feature","geometry":{"type":"Point","coordinates":[73.839691,19.9471919]},"properties":{"Taluka":"Nashik","Zone":"Panchavati","Category":"Kirana / General Store","Name":"Khushaldas Pahelajrai Kirana Merchant","Type":"Grocery Store","Rating":"4.2","Review Count":"92","Phone":"099758 35555","Address":"Subhash Rd, Rajwada Nagar, Nashik Road, Nashik, Maharashtra 422101, India","Maps Link":"https://maps.google.com/?cid=5752282216235819249&g_mp=Cidnb29nbGUubWFwcy5wbGFjZXMudjEuUGxhY2VzLlNlYXJjaFRleHQQAhgEIAA"}},{"type":"Feature","geometry":{"type":"Point","coordinates":[73.7915135,19.9969254]},"properties":{"Taluka":"Nashik","Zone":"Panchavati","Category":"Kirana / General Store","Name":"Kokni Masala & Kirana","Type":"Grocery Store","Rating":"4.3","Review Count":"163","Phone":"094231 76101","Address":"Burud Galli, opp. Dr. Badiyani, Old Nashik, Multanpura, Nashik, Maharashtra 422001, India","Maps Link":"https://maps.google.com/?cid=1044663573066260891&g_mp=Cidnb29nbGUubWFwcy5wbGFjZXMudjEuUGxhY2VzLlNlYXJjaFRleHQQAhgEIAA"}},{"type":"Feature","geometry":{"type":"Point","coordinates":[73.8088053,20.0135327]},"properties":{"Taluka":"Nashik","Zone":"Panchavati","Category":"Kirana / General Store","Name":"Krishna Krupa General Stores & Kirana","Type":"General Store","Rating":"5","Review Count":"2","Phone":"098226 34869","Address":"2R75+CG7, Trimurti Nagar, Adgaon Naka, Panchvati, Nashik, Maharashtra 422003, India","Maps Link":"https://maps.google.com/?cid=2059607231249888080&g_mp=Cidnb29nbGUubWFwcy5wbGFjZXMudjEuUGxhY2VzLlNlYXJjaFRleHQQAhgEIAA"}},{"type":"Feature","geometry":{"type":"Point","coordinates":[73.8039499,19.9802883]},"properties":{"Taluka":"Nashik","Zone":"Panchavati","Category":"Kirana / General Store","Name":"Kwality Foods | Grocery store at Ashoka Marg | Gourmet Food","Type":"Grocery Store","Rating":"4.3","Review Count":"16","Address":"Kwality Foods, Shop No.10, Ishwar Paradise, Ashoka Marg, Ganesh Baba Nagar, Nashik, Maharashtra 422011, India","Website":"http://www.instagram.com/kwalityfoodsnasik","Maps Link":"https://maps.google.com/?cid=11474127023804448641&g_mp=Cidnb29nbGUubWFwcy5wbGFjZXMudjEuUGxhY2VzLlNlYXJjaFRleHQQAhgEIAA"}},{"type":"Feature","geometry":{"type":"Point","coordinates":[73.8030842,20.00839]},"properties":{"Taluka":"Nashik","Zone":"Panchavati","Category":"Kirana / General Store","Name":"Laxmi General Store","Type":"Grocery Store","Rating":"4.7","Review Count":"14","Address":"2R53+964, Adgaon Naka, Krishna Nagar, Nashik, Maharashtra 422003, India","Maps Link":"https://maps.google.com/?cid=592102864420883830&g_mp=Cidnb29nbGUubWFwcy5wbGFjZXMudjEuUGxhY2VzLlNlYXJjaFRleHQQAhgEIAA"}},{"type":"Feature","geometry":{"type":"Point","coordinates":[73.7964949,20.013512]},"properties":{"Taluka":"Nashik","Zone":"Panchavati","Category":"Kirana / General Store","Name":"M/S Annapurna Kirana Stores","Type":"General Store","Rating":"5","Review Count":"3","Phone":"094213 51607","Address":"Shop No.4, Dendori Rd, Near Nemani Bus Stop, Adityakunj Society, Loksahakar Nagar, Nashik, Maharashtra 422003, India","Maps Link":"https://maps.google.com/?cid=5721951518828797090&g_mp=Cidnb29nbGUubWFwcy5wbGFjZXMudjEuUGxhY2VzLlNlYXJjaFRleHQQAhgEIAA"}},{"type":"Feature","geometry":{"type":"Point","coordinates":[73.8064353,20.0224961]},"properties":{"Taluka":"Nashik","Zone":"Panchavati","Category":"Kirana / General Store","Name":"MAHAVIR PROVISION AND GENERAL STORES","Type":"General Store","Rating":"5","Review Count":"1","Phone":"082371 51942","Address":"Shop No 1 Satlok Park Lamkhede Mala, Panchavati, Tarwala Nagar, Nashik, Maharashtra 422003, India","Website":"http://www.mahavirprovision.com/","Maps Link":"https://maps.google.com/?cid=4069778285717363829&g_mp=Cidnb29nbGUubWFwcy5wbGFjZXMudjEuUGxhY2VzLlNlYXJjaFRleHQQAhgEIAA"}},{"type":"Feature","geometry":{"type":"Point","coordinates":[73.7885987,20.0132795]},"properties":{"Taluka":"Nashik","Zone":"Panchavati","Category":"Kirana / General Store","Name":"MAHAVIR TRADERS & GENERAL STORES","Type":"General Store","Rating":"4.6","Review Count":"34","Phone":"089830 22662","Address":"4608, mahavir traders, vedebaba math area, makhmalabad road, 3, Panchavati, Nashik, Maharashtra 422003, India","Maps Link":"https://maps.google.com/?cid=9725887891301903644&g_mp=Cidnb29nbGUubWFwcy5wbGFjZXMudjEuUGxhY2VzLlNlYXJjaFRleHQQAhgEIAA"}},{"type":"Feature","geometry":{"type":"Point","coordinates":[73.7849472,20.0156587]},"properties":{"Taluka":"Nashik","Zone":"Panchavati","Category":"Kirana / General Store","Name":"MATOSHREE KIRANA","Type":"Asian Grocery Store","Rating":"4.9","Review Count":"12","Phone":"080802 18550","Address":"shop No 4, maitrapuspha apt, nr. bhavbandhan lawns, Hanuman Wadi, Kranti Nagar, Ram Wadi, Nashik, Maharashtra 422003, India","Maps Link":"https://maps.google.com/?cid=334806448529523048&g_mp=Cidnb29nbGUubWFwcy5wbGFjZXMudjEuUGxhY2VzLlNlYXJjaFRleHQQAhgEIAA"}},{"type":"Feature","geometry":{"type":"Point","coordinates":[73.7964336,20.0087604]},"properties":{"Taluka":"Nashik","Zone":"Panchavati","Category":"Kirana / General Store","Name":"MONGIRI GENERAL STORE","Type":"General Store","Review Count":"0","Phone":"086698 54357","Address":"Shop No 1, Shivaji Chowk, near Sita Gunfa, near Perina Ice Cream, Panchavati, Nashik, Maharashtra 422003, India","Maps Link":"https://maps.google.com/?cid=16500866786713421008&g_mp=Cidnb29nbGUubWFwcy5wbGFjZXMudjEuUGxhY2VzLlNlYXJjaFRleHQQAhgEIAA"}},{"type":"Feature","geometry":{"type":"Point","coordinates":[73.8190927,19.9765553]},"properties":{"Taluka":"Nashik","Zone":"Panchavati","Category":"Kirana / General Store","Name":"Mahalaxmi Kirana Stores","Type":"Asian Grocery Store","Rating":"4.4","Review Count":"7","Phone":"092093 56491","Address":"Shop no 2, Sushant Apt, Ramdas Swami Nagar Lane, 1, Takli Rd, Nashik Road, Nashik, Maharashtra 422006, India","Maps Link":"https://maps.google.com/?cid=7131143445557557773&g_mp=Cidnb29nbGUubWFwcy5wbGFjZXMudjEuUGxhY2VzLlNlYXJjaFRleHQQAhgEIAA"}},{"type":"Feature","geometry":{"type":"Point","coordinates":[73.8082612,20.0138278]},"properties":{"Taluka":"Nashik","Zone":"Panchavati","Category":"Kirana / General Store","Name":"Mamta Kirana & General Stores","Type":"General Store","Rating":"4.2","Review Count":"15","Phone":"077981 82551","Address":"2R75+G8J, Hirawadi Rd, Trimurti Nagar, Adgaon Naka, Panchvati, Nashik, Maharashtra 422003, India","Maps Link":"https://maps.google.com/?cid=15379224409657186922&g_mp=Cidnb29nbGUubWFwcy5wbGFjZXMudjEuUGxhY2VzLlNlYXJjaFRleHQQAhgEIAA"}},{"type":"Feature","geometry":{"type":"Point","coordinates":[73.798794,20.008032]},"properties":{"Taluka":"Nashik","Zone":"Panchavati","Category":"Kirana / General Store","Name":"Mangalmurthi Kirana Stores","Type":"General Store","Rating":"5","Review Count":"2","Phone":"096577 48111","Address":"Nag Chowk, 2Q5X+6G7, Panchavati, Nashik, Maharashtra 422003, India","Maps Link":"https://maps.google.com/?cid=17223683076467009516&g_mp=Cidnb29nbGUubWFwcy5wbGFjZXMudjEuUGxhY2VzLlNlYXJjaFRleHQQAhgEIAA"}},{"type":"Feature","geometry":{"type":"Point","coordinates":[73.7989459,19.9982071]},"properties":{"Taluka":"Nashik","Zone":"Panchavati","Category":"Kirana / General Store","Name":"Manthan Kirana And Genral Stores","Type":"Grocery Store","Rating":"4.8","Review Count":"6","Phone":"080551 06292","Address":"Sahjiwan Niwas, Manur Road, Old, Kathda, Nashik, Maharashtra 422001, India","Maps Link":"https://maps.google.com/?cid=593806979772434488&g_mp=Cidnb29nbGUubWFwcy5wbGFjZXMudjEuUGxhY2VzLlNlYXJjaFRleHQQAhgEIAA"}},{"type":"Feature","geometry":{"type":"Point","coordinates":[73.7996712,20.0086656]},"properties":{"Taluka":"Nashik","Zone":"Panchavati","Category":"Kirana / General Store","Name":"Mehul Provision & General Stores","Type":"General Store","Review Count":"0","Phone":"0253 262 9853","Address":"Shop No. 1, Ratan Apartment, Gurudwara Rd, Panchavati, Nashik, Maharashtra 422003, India","Maps Link":"https://maps.google.com/?cid=5954813698427866454&g_mp=Cidnb29nbGUubWFwcy5wbGFjZXMudjEuUGxhY2VzLlNlYXJjaFRleHQQAhgEIAA"}},{"type":"Feature","geometry":{"type":"Point","coordinates":[73.7947169,20.006338]},"properties":{"Taluka":"Nashik","Zone":"Panchavati","Category":"Kirana / General Store","Name":"N.V Patel General Store","Type":"General Store","Rating":"4.2","Review Count":"17","Phone":"0253 251 4239","Address":"2Q4V+GVP, Panchavati Rd, Near Kalaram Mandir, Panchavati, Nashik, Maharashtra 422003, India","Maps Link":"https://maps.google.com/?cid=2183709652976376813&g_mp=Cidnb29nbGUubWFwcy5wbGFjZXMudjEuUGxhY2VzLlNlYXJjaFRleHQQAhgEIAA"}},{"type":"Feature","geometry":{"type":"Point","coordinates":[73.830322,19.95987]},"properties":{"Taluka":"Nashik","Zone":"Panchavati","Category":"Kirana / General Store","Name":"NASHIK ROAD Kirana Centre","Type":"General Store","Rating":"4.6","Review Count":"48","Phone":"0253 246 1465","Address":"8/9, Opp Bytco College, Rosa Colony, Nashik Rd, Nashik, Maharashtra 422101, India","Maps Link":"https://maps.google.com/?cid=14013767674246536541&g_mp=Cidnb29nbGUubWFwcy5wbGFjZXMudjEuUGxhY2VzLlNlYXJjaFRleHQQAhgEIAA"}},{"type":"Feature","geometry":{"type":"Point","coordinates":[73.7963771,20.0082047]},"properties":{"Taluka":"Nashik","Zone":"Panchavati","Category":"Kirana / General Store","Name":"NEW PANCHVATI KIRANA","Type":"General Store","Rating":"4","Review Count":"3","Phone":"096579 30166","Address":"Shop No 1/2, Kamal Tower, near Sita Gunfa, Panchavati, Nashik, Maharashtra 422003, India","Maps Link":"https://maps.google.com/?cid=15474760321762930259&g_mp=Cidnb29nbGUubWFwcy5wbGFjZXMudjEuUGxhY2VzLlNlYXJjaFRleHQQAhgEIAA"}},{"type":"Feature","geometry":{"type":"Point","coordinates":[73.7970109,20.005595]},"properties":{"Taluka":"Nashik","Zone":"Panchavati","Category":"Kirana / General Store","Name":"Nachiket General Stores & Mobile shoppe","Type":"Grocery Store","Rating":"4.3","Review Count":"20","Phone":"097664 42220","Address":"Varade Bhavan, Munjoba chowk, Ganeshwadi Rd, Ganeshwadi, Panchavati, Nashik, Maharashtra 422003, India","Maps Link":"https://maps.google.com/?cid=18199315657210999460&g_mp=Cidnb29nbGUubWFwcy5wbGFjZXMudjEuUGxhY2VzLlNlYXJjaFRleHQQAhgEIAA"}},{"type":"Feature","geometry":{"type":"Point","coordinates":[73.7870895,20.0052942]},"properties":{"Taluka":"Nashik","Zone":"Panchavati","Category":"Kirana / General Store","Name":"New Bhavani Trading Co.","Type":"Grocery Store","Rating":"5","Review Count":"3","Phone":"096570 92970","Address":"9, Red Cross Rd, opposite Gavakari Press, Raviwar Peth, Ambedkar Colony, Raviwar Karanja, Panchavati, Nashik, Maharashtra 422001, India","Maps Link":"https://maps.google.com/?cid=9109570304096635066&g_mp=Cidnb29nbGUubWFwcy5wbGFjZXMudjEuUGxhY2VzLlNlYXJjaFRleHQQAhgEIAA"}},{"type":"Feature","geometry":{"type":"Point","coordinates":[73.7900537,20.0012088]},"properties":{"Taluka":"Nashik","Zone":"Panchavati","Category":"Kirana / General Store","Name":"New Kishore Kirana Stores","Type":"Grocery Store","Rating":"4.7","Review Count":"3","Phone":"098230 95238","Address":"Bhadrakali Kirana Market, 103/104, Naikwadi Pura, Koknipura, Nashik, Maharashtra 422001, India","Maps Link":"https://maps.google.com/?cid=3076447039606508401&g_mp=Cidnb29nbGUubWFwcy5wbGFjZXMudjEuUGxhY2VzLlNlYXJjaFRleHQQAhgEIAA"}},{"type":"Feature","geometry":{"type":"Point","coordinates":[73.8359744,20.0265576]},"properties":{"Taluka":"Nashik","Zone":"Panchavati","Category":"Kirana / General Store","Name":"New Sandeep Kirana General Stores","Type":"General Store","Rating":"4.2","Review Count":"54","Phone":"099232 84178","Address":"11, Dhatrak Phata, Sagar Village, Nashik, Maharashtra 422003, India","Maps Link":"https://maps.google.com/?cid=4874770973618923425&g_mp=Cidnb29nbGUubWFwcy5wbGFjZXMudjEuUGxhY2VzLlNlYXJjaFRleHQQAhgEIAA"}},{"type":"Feature","geometry":{"type":"Point","coordinates":[73.7908544,20.0026187]},"properties":{"Taluka":"Nashik","Zone":"Panchavati","Category":"Kirana / General Store","Name":"New Suresh Novelties And General Stores","Type":"Store","Review Count":"0","Phone":"091455 01078","Address":"1534, Kanade Maruti Ln, Naikwadi Pura, Panchavati, Nashik, Maharashtra 422001, India","Maps Link":"https://maps.google.com/?cid=5725452024179505121&g_mp=Cidnb29nbGUubWFwcy5wbGFjZXMudjEuUGxhY2VzLlNlYXJjaFRleHQQAhgEIAA"}},{"type":"Feature","geometry":{"type":"Point","coordinates":[73.7655456,19.9740664]},"properties":{"Taluka":"Nashik","Zone":"Panchavati","Category":"Kirana / General Store","Name":"Om Gayatri Provision and Grocery Shopee","Type":"Asian Grocery Store","Rating":"4.8","Review Count":"133","Phone":"081493 64544","Address":"Maharanapratap Chowk, Ranapratap Chouk New Cidco , New Nashik Opp to Laxmi Narayan Temple, Maharanapratap Chowk, Prabhat Colony, Nashik, Maharashtra 422009, India","Website":"https://flobooks.in/store/shree_om_gayatri_provision_store","Maps Link":"https://maps.google.com/?cid=4795355418965719409&g_mp=Cidnb29nbGUubWFwcy5wbGFjZXMudjEuUGxhY2VzLlNlYXJjaFRleHQQAhgEIAA"}},{"type":"Feature","geometry":{"type":"Point","coordinates":[73.805463,20.0053359]},"properties":{"Taluka":"Nashik","Zone":"Panchavati","Category":"Kirana / General Store","Name":"Omkar kirana & General","Type":"Asian Grocery Store","Rating":"4.3","Review Count":"3","Phone":"093263 24777","Address":"Tapovan Rd, near Padmavati Society, Panchavati, Nashik, Maharashtra 422003, India","Maps Link":"https://maps.google.com/?cid=12840047090337542581&g_mp=Cidnb29nbGUubWFwcy5wbGFjZXMudjEuUGxhY2VzLlNlYXJjaFRleHQQAhgEIAA"}},{"type":"Feature","geometry":{"type":"Point","coordinates":[73.7895078,20.0062643]},"properties":{"Taluka":"Nashik","Zone":"Panchavati","Category":"Kirana / General Store","Name":"Pandurang Gopal Pawar General Store","Type":"General Store","Rating":"4.4","Review Count":"14","Phone":"0253 230 8902","Address":"19, Pandurang Niwas, Bohorpatti, Raviwar Karanja, Panchavati, Nashik, Maharashtra 422001, India","Maps Link":"https://maps.google.com/?cid=14523612407056220800&g_mp=Cidnb29nbGUubWFwcy5wbGFjZXMudjEuUGxhY2VzLlNlYXJjaFRleHQQAhgEIAA"}},{"type":"Feature","geometry":{"type":"Point","coordinates":[73.7950698,20.0091115]},"properties":{"Taluka":"Nashik","Zone":"Panchavati","Category":"Kirana / General Store","Name":"Parag Medical And General Store","Type":"General Store","Rating":"4.5","Review Count":"25","Phone":"098909 08743","Address":"Shop no 3, Dalwala Chambers, Malviya Chowk, Panchavati, Nashik, Maharashtra 422003, India","Maps Link":"https://maps.google.com/?cid=11197658385425563736&g_mp=Cidnb29nbGUubWFwcy5wbGFjZXMudjEuUGxhY2VzLlNlYXJjaFRleHQQAhgEIAA"}},{"type":"Feature","geometry":{"type":"Point","coordinates":[73.7894379,20.005518]},"properties":{"Taluka":"Nashik","Zone":"Panchavati","Category":"Kirana / General Store","Name":"Prakash General Stores","Type":"General Store","Review Count":"0","Phone":"098603 84376","Address":"29, Main Rd, Bohorpatti, Raviwar Karanja, Panchavati, Nashik, Maharashtra 422001, India","Maps Link":"https://maps.google.com/?cid=9279394491772796043&g_mp=Cidnb29nbGUubWFwcy5wbGFjZXMudjEuUGxhY2VzLlNlYXJjaFRleHQQAhgEIAA"}},{"type":"Feature","geometry":{"type":"Point","coordinates":[73.8090658,20.0112956]},"properties":{"Taluka":"Nashik","Zone":"Panchavati","Category":"Kirana / General Store","Name":"Praveen Kirana Stores & General Stores","Type":"General Store","Rating":"4","Review Count":"1","Phone":"098503 13298","Address":"2R65+GJ8, New Adgoan Naka, Adgaon Naka, Panchvati, Nashik, Maharashtra 422003, India","Maps Link":"https://maps.google.com/?cid=11079132612238510200&g_mp=Cidnb29nbGUubWFwcy5wbGFjZXMudjEuUGxhY2VzLlNlYXJjaFRleHQQAhgEIAA"}},{"type":"Feature","geometry":{"type":"Point","coordinates":[73.7942269,19.997753]},"properties":{"Taluka":"Nashik","Zone":"Panchavati","Category":"Kirana / General Store","Name":"Raj General Stores","Type":"General Store","Rating":"3.5","Review Count":"6","Phone":"098811 82905","Address":"Old Nashik, Chavata, Multanpura, Nashik, Maharashtra 422001, India","Maps Link":"https://maps.google.com/?cid=18019265772648036207&g_mp=Cidnb29nbGUubWFwcy5wbGFjZXMudjEuUGxhY2VzLlNlYXJjaFRleHQQAhgEIAA"}},{"type":"Feature","geometry":{"type":"Point","coordinates":[73.803944,20.0093539]},"properties":{"Taluka":"Nashik","Zone":"Panchavati","Category":"Kirana / General Store","Name":"Rajesh Kirana Stores","Type":"General Store","Rating":"4.2","Review Count":"5","Phone":"088888 81920","Address":"2R53+PHW, Panchavati Rd, Near Bus Depot, Abhang Nagar, Panchavati, Nashik, Maharashtra 422003, India","Maps Link":"https://maps.google.com/?cid=15808512567496146742&g_mp=Cidnb29nbGUubWFwcy5wbGFjZXMudjEuUGxhY2VzLlNlYXJjaFRleHQQAhgEIAA"}},{"type":"Feature","geometry":{"type":"Point","coordinates":[73.7910638,20.0110146]},"properties":{"Taluka":"Nashik","Zone":"Panchavati","Category":"Kirana / General Store","Name":"Rameshwar kirana and genral stores","Type":"Grocery Store","Rating":"3","Review Count":"1","Phone":"098904 66963","Address":"Shop No.20, office, Old NMC Building, near old fire brigade, Malegaon Stand, Panchavati, Nashik, Maharashtra 422003, India","Maps Link":"https://maps.google.com/?cid=3459855852930859008&g_mp=Cidnb29nbGUubWFwcy5wbGFjZXMudjEuUGxhY2VzLlNlYXJjaFRleHQQAhgEIAA"}},{"type":"Feature","geometry":{"type":"Point","coordinates":[73.794788,20.0074979]},"properties":{"Taluka":"Nashik","Zone":"Panchavati","Category":"Kirana / General Store","Name":"Ravi Provision","Type":"General Store","Rating":"5","Review Count":"2","Phone":"089564 63448","Address":"Shani Chowk, 2Q4V+XWV, Shikenagar Lane, Panchavati, Nashik, Maharashtra 422003, India","Maps Link":"https://maps.google.com/?cid=13943262618657225418&g_mp=Cidnb29nbGUubWFwcy5wbGFjZXMudjEuUGxhY2VzLlNlYXJjaFRleHQQAhgEIAA"}},{"type":"Feature","geometry":{"type":"Point","coordinates":[73.7901151,20.0058317]},"properties":{"Taluka":"Nashik","Zone":"Panchavati","Category":"Kirana / General Store","Name":"Riddhi Siddhi General Store","Type":"General Store","Rating":"5","Review Count":"1","Phone":"098901 23182","Address":"Bohor Patti Road, Nimani Building, Road, Bohorpatti, Saraf Bazar, Panchavati, Nashik, Maharashtra 422001, India","Maps Link":"https://maps.google.com/?cid=10021485409088554581&g_mp=Cidnb29nbGUubWFwcy5wbGFjZXMudjEuUGxhY2VzLlNlYXJjaFRleHQQAhgEIAA"}},{"type":"Feature","geometry":{"type":"Point","coordinates":[73.792408,19.996392]},"properties":{"Taluka":"Nashik","Zone":"Panchavati","Category":"Kirana / General Store","Name":"Rimzim Kirana Stores","Type":"General Store","Rating":"4.3","Review Count":"15","Phone":"092262 45104","Address":"XQWR+HX3, Dande Hanuman Road, Chowk Mandai, Multanpura, Nashik, Maharashtra 422001, India","Maps Link":"https://maps.google.com/?cid=852580688067494520&g_mp=Cidnb29nbGUubWFwcy5wbGFjZXMudjEuUGxhY2VzLlNlYXJjaFRleHQQAhgEIAA"}},{"type":"Feature","geometry":{"type":"Point","coordinates":[73.7909375,20.0025438]},"properties":{"Taluka":"Nashik","Zone":"Panchavati","Category":"Kirana / General Store","Name":"Roopali General Stores","Type":"General Store","Rating":"4.2","Review Count":"22","Phone":"093739 00964","Address":"1559, Kanade Maruti Ln, Gulal Wadi, Naikwadi Pura, Panchavati, Nashik, Maharashtra 422001, India","Maps Link":"https://maps.google.com/?cid=5215042516293727771&g_mp=Cidnb29nbGUubWFwcy5wbGFjZXMudjEuUGxhY2VzLlNlYXJjaFRleHQQAhgEIAA"}},{"type":"Feature","geometry":{"type":"Point","coordinates":[73.789795,19.9975141]},"properties":{"Taluka":"Nashik","Zone":"Panchavati","Category":"Kirana / General Store","Name":"Rupali Kirana Stores","Type":"Grocery Store","Rating":"3.5","Review Count":"4","Phone":"092725 90537","Address":"Chavata Rd, Old Nashik, Koknipura, Nashik, Maharashtra 422001, India","Maps Link":"https://maps.google.com/?cid=10015923052584224627&g_mp=Cidnb29nbGUubWFwcy5wbGFjZXMudjEuUGxhY2VzLlNlYXJjaFRleHQQAhgEIAA"}},{"type":"Feature","geometry":{"type":"Point","coordinates":[73.7939758,20.0075148]},"properties":{"Taluka":"Nashik","Zone":"Panchavati","Category":"Kirana / General Store","Name":"SHREE RENUKA MATA PAN BHANDAR AND GENRAL STORE (श्री रेणुका माता पान भंडार आणि जनरल स्टोअर) - Pan Shop in Panchavati Nashik","Type":"General Store","Review Count":"0","Phone":"088309 19759","Address":"Sani Chowk, Muthe Ln, opp. Shree Renuka Mata Vaidik Vivah, Panchavati, Nashik, Maharashtra 422003, India","Maps Link":"https://maps.google.com/?cid=16964463603627429253&g_mp=Cidnb29nbGUubWFwcy5wbGFjZXMudjEuUGxhY2VzLlNlYXJjaFRleHQQAhgEIAA"}},{"type":"Feature","geometry":{"type":"Point","coordinates":[73.7801785,20.0190458]},"properties":{"Taluka":"Nashik","Zone":"Panchavati","Category":"Kirana / General Store","Name":"SHUBHAM KIRANA AND GENERAL STORES","Type":"Asian Grocery Store","Rating":"5","Review Count":"16","Address":"Shrikrushna Nagar Bhavbandhan Chowk Hanumanwadi, Old, Gangapur Rd, Panchavati, Nashik, Maharashtra 422003, India","Maps Link":"https://maps.google.com/?cid=10516419060404450377&g_mp=Cidnb29nbGUubWFwcy5wbGFjZXMudjEuUGxhY2VzLlNlYXJjaFRleHQQAhgEIAA"}},{"type":"Feature","geometry":{"type":"Point","coordinates":[73.7543433,19.9978562]},"properties":{"Taluka":"Nashik","Zone":"Panchavati","Category":"Kirana / General Store","Name":"Sagar Provision","Type":"General Store","Rating":"4.6","Review Count":"190","Phone":"098505 81920","Address":"Shop number 11/12, Vallabha Apartment, Mahatma Nagar, Parijat Nagar, Nashik, Maharashtra 422005, India","Maps Link":"https://maps.google.com/?cid=12410692762139078314&g_mp=Cidnb29nbGUubWFwcy5wbGFjZXMudjEuUGxhY2VzLlNlYXJjaFRleHQQAhgEIAA"}},{"type":"Feature","geometry":{"type":"Point","coordinates":[73.8188659,20.0218334]},"properties":{"Taluka":"Nashik","Zone":"Panchavati","Category":"Kirana / General Store","Name":"Sanjivani Kirana Stores","Type":"Grocery Store","Rating":"4.5","Review Count":"32","Phone":"097663 90680","Address":"nanashaeb dharmdhikari marg shivkrupa nager, Panchvati, Nashik, Maharashtra 422003, India","Maps Link":"https://maps.google.com/?cid=10183522628935359283&g_mp=Cidnb29nbGUubWFwcy5wbGFjZXMudjEuUGxhY2VzLlNlYXJjaFRleHQQAhgEIAA"}},{"type":"Feature","geometry":{"type":"Point","coordinates":[73.7943036,20.0199471]},"properties":{"Taluka":"Nashik","Zone":"Panchavati","Category":"Kirana / General Store","Name":"Sanjivni Kirana & General Stores","Type":"General Store","Rating":"1","Review Count":"1","Phone":"090111 34035","Address":"2Q9V+XPF, Peth Rd, Opposite Dhanvanti Hospital, Vaishali Nagar, Panchvati, Nashik, Maharashtra 422003, India","Maps Link":"https://maps.google.com/?cid=4328605052001557293&g_mp=Cidnb29nbGUubWFwcy5wbGFjZXMudjEuUGxhY2VzLlNlYXJjaFRleHQQAhgEIAA"}},{"type":"Feature","geometry":{"type":"Point","coordinates":[73.7950537,20.0047627]},"properties":{"Taluka":"Nashik","Zone":"Panchavati","Category":"Kirana / General Store","Name":"Saptashrungi General Store","Type":"General Store","Review Count":"0","Phone":"096899 72114","Address":"1, Panchavati Rd, Panchavati, Nashik, Maharashtra 422003, India","Maps Link":"https://maps.google.com/?cid=10362305031199746907&g_mp=Cidnb29nbGUubWFwcy5wbGFjZXMudjEuUGxhY2VzLlNlYXJjaFRleHQQAhgEIAA"}},{"type":"Feature","geometry":{"type":"Point","coordinates":[73.794616,20.0083166]},"properties":{"Taluka":"Nashik","Zone":"Panchavati","Category":"Kirana / General Store","Name":"Saptshrungi General Stores","Type":"Grocery Store","Rating":"5","Review Count":"2","Phone":"087887 09984","Address":"Shop No, 3, Ramkund, Panchavati, Nashik, Maharashtra 422003, India","Maps Link":"https://maps.google.com/?cid=17756007933533368956&g_mp=Cidnb29nbGUubWFwcy5wbGFjZXMudjEuUGxhY2VzLlNlYXJjaFRleHQQAhgEIAA"}},{"type":"Feature","geometry":{"type":"Point","coordinates":[73.7846458,19.9914147]},"properties":{"Taluka":"Nashik","Zone":"Panchavati","Category":"Kirana / General Store","Name":"Satyam Kirana Stores","Type":"Grocery Store","Rating":"4.1","Review Count":"83","Phone":"094234 84903","Address":"Shop No. 4, Gurudwara Mandir, Sai Manzil Apartment, Gurudwara Road, Shingada Talav, Mumbai Naka, Renuka Nagar, Nashik, Maharashtra 422001, India","Maps Link":"https://maps.google.com/?cid=17121046153205902324&g_mp=Cidnb29nbGUubWFwcy5wbGFjZXMudjEuUGxhY2VzLlNlYXJjaFRleHQQAhgEIAA"}},{"type":"Feature","geometry":{"type":"Point","coordinates":[73.7883224,20.011624]},"properties":{"Taluka":"Nashik","Zone":"Panchavati","Category":"Kirana / General Store","Name":"Shatakshi General Store","Type":"General Store","Rating":"4","Review Count":"1","Phone":"098813 68347","Address":"Shop No, 1, Makhmalabad Naka, Kranti Nagar, Panchavati, Nashik, Maharashtra 422003, India","Maps Link":"https://maps.google.com/?cid=10530933807811611726&g_mp=Cidnb29nbGUubWFwcy5wbGFjZXMudjEuUGxhY2VzLlNlYXJjaFRleHQQAhgEIAA"}},{"type":"Feature","geometry":{"type":"Point","coordinates":[73.7937961,20.0053879]},"properties":{"Taluka":"Nashik","Zone":"Panchavati","Category":"Kirana / General Store","Name":"Shinde Pan and General Stores","Type":"Home Goods Store","Review Count":"0","Phone":"090111 60999","Address":"patangan. Ganga Ghat, Bridge, Mhasoba Ln, opposite Ramsetu, near Samadhan shoes, Panchavati, Nashik, Maharashtra 422003, India","Maps Link":"https://maps.google.com/?cid=14998717912138334458&g_mp=Cidnb29nbGUubWFwcy5wbGFjZXMudjEuUGxhY2VzLlNlYXJjaFRleHQQAhgEIAA"}},{"type":"Feature","geometry":{"type":"Point","coordinates":[73.7936893,20.0183464]},"properties":{"Taluka":"Nashik","Zone":"Panchavati","Category":"Kirana / General Store","Name":"Shivalay General Stores","Type":"General Store","Rating":"4","Review Count":"4","Phone":"089759 85075","Address":"Shri Trimbakeshwar Building, Peth Rd, Infront Of Shani Mandir, Panchvati, Nashik, Maharashtra 422003, India","Maps Link":"https://maps.google.com/?cid=9600633030341679466&g_mp=Cidnb29nbGUubWFwcy5wbGFjZXMudjEuUGxhY2VzLlNlYXJjaFRleHQQAhgEIAA"}},{"type":"Feature","geometry":{"type":"Point","coordinates":[73.7889296,20.0072431]},"properties":{"Taluka":"Nashik","Zone":"Panchavati","Category":"Kirana / General Store","Name":"Shivam Traders DryFruits & Grocery","Type":"Food Store","Rating":"5","Review Count":"1","Phone":"084088 88400","Address":"Shop No. 2, Teli Galli, Raviwar Peth, Raviwar Karanja, Panchavati, Nashik, Maharashtra 422001, India","Maps Link":"https://maps.google.com/?cid=5172055377604171954&g_mp=Cidnb29nbGUubWFwcy5wbGFjZXMudjEuUGxhY2VzLlNlYXJjaFRleHQQAhgEIAA"}},{"type":"Feature","geometry":{"type":"Point","coordinates":[73.78856,20.008117]},"properties":{"Taluka":"Nashik","Zone":"Panchavati","Category":"Kirana / General Store","Name":"Shivpriya General Stores","Type":"General Store","Rating":"4.7","Review Count":"7","Phone":"0253 231 7237","Address":"633, Kakad wada, Mhasoba Ln, Raviwar Peth, Raviwar Karanja, Panchavati, Nashik, Maharashtra 422001, India","Maps Link":"https://maps.google.com/?cid=10880658556741491338&g_mp=Cidnb29nbGUubWFwcy5wbGFjZXMudjEuUGxhY2VzLlNlYXJjaFRleHQQAhgEIAA"}},{"type":"Feature","geometry":{"type":"Point","coordinates":[73.795581,20.035013]},"properties":{"Taluka":"Nashik","Zone":"Panchavati","Category":"Kirana / General Store","Name":"Shree Ganesh Provision & General Stores","Type":"Wholesaler","Rating":"4","Review Count":"4","Phone":"092707 79392","Address":"Anant Apartment, Peth Rd, Shiv Samarth Nagar, Durga Nagar, Panchvati, Nashik, Maharashtra 422004, India","Maps Link":"https://maps.google.com/?cid=16609454527411275288&g_mp=Cidnb29nbGUubWFwcy5wbGFjZXMudjEuUGxhY2VzLlNlYXJjaFRleHQQAhgEIAA"}},{"type":"Feature","geometry":{"type":"Point","coordinates":[73.7893258,20.0167297]},"properties":{"Taluka":"Nashik","Zone":"Panchavati","Category":"Kirana / General Store","Name":"Shree Yogeshwar Kirana And General Stores","Type":"General Store","Rating":"4","Review Count":"2","Phone":"092263 11371","Address":"1, madhuban Colony Panchavati, Madhuban Colony, Nashik, Maharashtra 422003, India","Maps Link":"https://maps.google.com/?cid=5587847122221117535&g_mp=Cidnb29nbGUubWFwcy5wbGFjZXMudjEuUGxhY2VzLlNlYXJjaFRleHQQAhgEIAA"}},{"type":"Feature","geometry":{"type":"Point","coordinates":[73.7895837,20.0343879]},"properties":{"Taluka":"Nashik","Zone":"Panchavati","Category":"Kirana / General Store","Name":"Shreya Kirana & Genral Store","Type":"Grocery Store","Rating":"5","Review Count":"4","Address":"4, Ashoknagar, Panchavati, Nashik, Maharashtra 422003, India","Maps Link":"https://maps.google.com/?cid=4144503115180532917&g_mp=Cidnb29nbGUubWFwcy5wbGFjZXMudjEuUGxhY2VzLlNlYXJjaFRleHQQAhgEIAA"}},{"type":"Feature","geometry":{"type":"Point","coordinates":[73.8031676,20.0516864]},"properties":{"Taluka":"Nashik","Zone":"Panchavati","Category":"Kirana / General Store","Name":"Shriram Kirana Stores","Type":"Grocery Store","Rating":"4.4","Review Count":"21","Phone":"098909 31274","Address":"Plot No. 30, Prabhat Vihar Apartment, Peth Rd, Trimurti Nagar, Panchavati, Nashik, Maharashtra 422004, India","Maps Link":"https://maps.google.com/?cid=5912100836606446236&g_mp=Cidnb29nbGUubWFwcy5wbGFjZXMudjEuUGxhY2VzLlNlYXJjaFRleHQQAhgEIAA"}},{"type":"Feature","geometry":{"type":"Point","coordinates":[73.785953,20.0153599]},"properties":{"Taluka":"Nashik","Zone":"Panchavati","Category":"Kirana / General Store","Name":"Siddhivinayak Kirana & General Stores","Type":"Grocery Store","Rating":"3.9","Review Count":"9","Phone":"098605 80818","Address":"2Q8P+49W, Peth Rd, Rohini Nagar, Kranti Nagar, Panchavati, Nashik, Maharashtra 422003, India","Maps Link":"https://maps.google.com/?cid=7303005057689671663&g_mp=Cidnb29nbGUubWFwcy5wbGFjZXMudjEuUGxhY2VzLlNlYXJjaFRleHQQAhgEIAA"}},{"type":"Feature","geometry":{"type":"Point","coordinates":[73.7593053,20.011559]},"properties":{"Taluka":"Nashik","Zone":"Panchavati","Category":"Kirana / General Store","Name":"Someshwar Kirana Centre","Type":"Grocery Store","Rating":"4","Review Count":"65","Phone":"0253 257 2171","Address":"Shop No 1 &2,Pushpa Society, Gangapur Road Opposite S.T. Colony, D'souza Colony, Nashik, Maharashtra 422005, India","Maps Link":"https://maps.google.com/?cid=8076756940038297125&g_mp=Cidnb29nbGUubWFwcy5wbGFjZXMudjEuUGxhY2VzLlNlYXJjaFRleHQQAhgEIAA"}},{"type":"Feature","geometry":{"type":"Point","coordinates":[73.7942745,20.0199514]},"properties":{"Taluka":"Nashik","Zone":"Panchavati","Category":"Kirana / General Store","Name":"Subhash Kirana & General Stores","Type":"Grocery Store","Rating":"4.4","Review Count":"7","Phone":"091582 75415","Address":"2Q9V+XPJ, Peth Rd, Panchvati, Nashik, Maharashtra 422003, India","Maps Link":"https://maps.google.com/?cid=998729644743051883&g_mp=Cidnb29nbGUubWFwcy5wbGFjZXMudjEuUGxhY2VzLlNlYXJjaFRleHQQAhgEIAA"}},{"type":"Feature","geometry":{"type":"Point","coordinates":[73.793959,19.9985499]},"properties":{"Taluka":"Nashik","Zone":"Panchavati","Category":"Kirana / General Store","Name":"Sudhakar Pundalik Jadhav Kirana Merchant","Type":"Grocery Store","Rating":"4.3","Review Count":"14","Phone":"0253 250 4436","Address":"Chavhata, XQXV+CH8, Old Nashik, Koknipura, Nashik, Maharashtra 422001, India","Maps Link":"https://maps.google.com/?cid=7244315371638094691&g_mp=Cidnb29nbGUubWFwcy5wbGFjZXMudjEuUGxhY2VzLlNlYXJjaFRleHQQAhgEIAA"}},{"type":"Feature","geometry":{"type":"Point","coordinates":[73.7735253,19.9918141]},"properties":{"Taluka":"Nashik","Zone":"Panchavati","Category":"Kirana / General Store","Name":"Surekhratna General Store & Masala Hub","Type":"General Store","Rating":"4.8","Review Count":"44","Phone":"089751 45334","Address":"XQRF+PC8, Tidke Colony, Nashik, Maharashtra 422002, India","Maps Link":"https://maps.google.com/?cid=7023080874310282595&g_mp=Cidnb29nbGUubWFwcy5wbGFjZXMudjEuUGxhY2VzLlNlYXJjaFRleHQQAhgEIAA"}},{"type":"Feature","geometry":{"type":"Point","coordinates":[73.7928821,20.0080325]},"properties":{"Taluka":"Nashik","Zone":"Panchavati","Category":"Kirana / General Store","Name":"Suyog General Stores","Type":"General Store","Rating":"5","Review Count":"6","Phone":"092267 86049","Address":"Goyanka Dharmashala, 4453, Ramkund, Panchavati, Nashik, Maharashtra 422003, India","Maps Link":"https://maps.google.com/?cid=13790526121044898265&g_mp=Cidnb29nbGUubWFwcy5wbGFjZXMudjEuUGxhY2VzLlNlYXJjaFRleHQQAhgEIAA"}},{"type":"Feature","geometry":{"type":"Point","coordinates":[73.8424147,19.9957615]},"properties":{"Taluka":"Nashik","Zone":"Panchavati","Category":"Kirana / General Store","Name":"Swadip Kirana & General Store","Type":"General Store","Rating":"4.9","Review Count":"92","Phone":"096375 14809","Address":"Aurangabad Rd, near Tower, near Tuljabhavani Mandir, Dutta Nagar, Nandur Naka, Nashik, Maharashtra 422003, India","Maps Link":"https://maps.google.com/?cid=8645025487027434418&g_mp=Cidnb29nbGUubWFwcy5wbGFjZXMudjEuUGxhY2VzLlNlYXJjaFRleHQQAhgEIAA"}},{"type":"Feature","geometry":{"type":"Point","coordinates":[73.7882246,20.0131434]},"properties":{"Taluka":"Nashik","Zone":"Panchavati","Category":"Kirana / General Store","Name":"TRIVENI PROVISION STORES","Type":"Food Store","Rating":"5","Review Count":"13","Address":"Krishna-ashish soc, Kranti Nagar, Panchavati, Nashik, Maharashtra 422003, India","Maps Link":"https://maps.google.com/?cid=17959859870834326180&g_mp=Cidnb29nbGUubWFwcy5wbGFjZXMudjEuUGxhY2VzLlNlYXJjaFRleHQQAhgEIAA"}},{"type":"Feature","geometry":{"type":"Point","coordinates":[73.7901761,20.003639]},"properties":{"Taluka":"Nashik","Zone":"Panchavati","Category":"Kirana / General Store","Name":"Talreja General Stores","Type":"Wholesaler","Rating":"4.8","Review Count":"8","Phone":"090215 10943","Address":"Shri Ramchandra Sankul, Saraswati Ln, near Dahipul, Naikwadi Pura, Panchavati, Nashik, Maharashtra 422001, India","Maps Link":"https://maps.google.com/?cid=15211640545883925030&g_mp=Cidnb29nbGUubWFwcy5wbGFjZXMudjEuUGxhY2VzLlNlYXJjaFRleHQQAhgEIAA"}},{"type":"Feature","geometry":{"type":"Point","coordinates":[73.7904341,20.0017402]},"properties":{"Taluka":"Nashik","Zone":"Panchavati","Category":"Kirana / General Store","Name":"Thakur General Stores","Type":"General Store","Rating":"3","Review Count":"1","Phone":"098506 86835","Address":"1510, Taksal Ln, Bhadrakali, Koknipura, Nashik, Maharashtra 422001, India","Maps Link":"https://maps.google.com/?cid=13754350312915889564&g_mp=Cidnb29nbGUubWFwcy5wbGFjZXMudjEuUGxhY2VzLlNlYXJjaFRleHQQAhgEIAA"}},{"type":"Feature","geometry":{"type":"Point","coordinates":[73.8082884,20.0138298]},"properties":{"Taluka":"Nashik","Zone":"Panchavati","Category":"Kirana / General Store","Name":"Trimurti kirana General Stores","Type":"General Store","Rating":"5","Review Count":"3","Address":"Adgaon Naka, Panchavati, Nashik, Maharashtra 422003, India","Maps Link":"https://maps.google.com/?cid=3139492799620996640&g_mp=Cidnb29nbGUubWFwcy5wbGFjZXMudjEuUGxhY2VzLlNlYXJjaFRleHQQAhgEIAA"}},{"type":"Feature","geometry":{"type":"Point","coordinates":[73.7959389,20.0104913]},"properties":{"Taluka":"Nashik","Zone":"Panchavati","Category":"Kirana / General Store","Name":"Tulsi Provision","Type":"Grocery Store","Review Count":"0","Address":"2Q6W+59W, Panchavati Karanja, Panchavati, Nashik, Maharashtra 422003, India","Maps Link":"https://maps.google.com/?cid=2897427798195044446&g_mp=Cidnb29nbGUubWFwcy5wbGFjZXMudjEuUGxhY2VzLlNlYXJjaFRleHQQAhgEIAA"}},{"type":"Feature","geometry":{"type":"Point","coordinates":[73.7601523,19.9723192]},"properties":{"Taluka":"Nashik","Zone":"Panchavati","Category":"Kirana / General Store","Name":"Vijay Kirana Super Market | Mundada's Super Market","Type":"General Store","Rating":"4.2","Review Count":"41","Phone":"092263 43849","Address":"Parivartan Chowk, N-41/AF1/11-12, Saibaba Nagar, Cidco, Nashik, Maharashtra 422009, India","Maps Link":"https://maps.google.com/?cid=12350435234560122845&g_mp=Cidnb29nbGUubWFwcy5wbGFjZXMudjEuUGxhY2VzLlNlYXJjaFRleHQQAhgEIAA"}},{"type":"Feature","geometry":{"type":"Point","coordinates":[73.7962105,19.9999527]},"properties":{"Taluka":"Nashik","Zone":"Panchavati","Category":"Kirana / General Store","Name":"Vilas Kirana Store","Type":"Grocery Store","Rating":"4","Review Count":"1","Phone":"092717 19848","Address":"Shop No.1 Kumbar Wada Shitala Devi Road Kumbar Wada, Naikwadi Pura, Panchavati, Nashik, Maharashtra 422001, India","Maps Link":"https://maps.google.com/?cid=17191198381159656456&g_mp=Cidnb29nbGUubWFwcy5wbGFjZXMudjEuUGxhY2VzLlNlYXJjaFRleHQQAhgEIAA"}},{"type":"Feature","geometry":{"type":"Point","coordinates":[73.790137,20.00132]},"properties":{"Taluka":"Nashik","Zone":"Panchavati","Category":"Kirana / General Store","Name":"Vinayak Kirana Center","Type":"Grocery Store","Review Count":"0","Phone":"0253 320 0806","Address":"Gala No. 3, Bhadrakali Apartment, Naikwadi Pura, Koknipura, Nashik, Maharashtra 422001, India","Maps Link":"https://maps.google.com/?cid=17509159194136981720&g_mp=Cidnb29nbGUubWFwcy5wbGFjZXMudjEuUGxhY2VzLlNlYXJjaFRleHQQAhgEIAA"}},{"type":"Feature","geometry":{"type":"Point","coordinates":[73.7892573,20.0135104]},"properties":{"Taluka":"Nashik","Zone":"Panchavati","Category":"Kirana / General Store","Name":"Yashwant Kirana And General Stores","Type":"Grocery Store","Review Count":"0","Phone":"080555 33975","Address":"1, Navnirman Chowk, Makhmalabad Naka, Panchavati, Nashik, Maharashtra 422003, India","Maps Link":"https://maps.google.com/?cid=6588636492875169792&g_mp=Cidnb29nbGUubWFwcy5wbGFjZXMudjEuUGxhY2VzLlNlYXJjaFRleHQQAhgEIAA"}},{"type":"Feature","geometry":{"type":"Point","coordinates":[73.7993858,20.0086255]},"properties":{"Taluka":"Nashik","Zone":"Panchavati","Category":"Kirana / General Store","Name":"Yogesh Kirana Foods & General Stores","Type":"Grocery Store","Rating":"4.6","Review Count":"7","Phone":"097636 50043","Address":"Gajanan Chowk, Shop No. 1, Keshav - Amrut Complex, Gurudwara Marg, Panchavati, Nashik, Maharashtra 422003, India","Maps Link":"https://maps.google.com/?cid=13851680163391502093&g_mp=Cidnb29nbGUubWFwcy5wbGFjZXMudjEuUGxhY2VzLlNlYXJjaFRleHQQAhgEIAA"}},{"type":"Feature","geometry":{"type":"Point","coordinates":[73.7981403,20.009875]},"properties":{"Taluka":"Nashik","Zone":"Panchavati","Category":"Kirana / General Store","Name":"Yogeshwar General Stores","Type":"General Store","Rating":"5","Review Count":"1","Phone":"099229 57151","Address":"Jai Matadi Housing Society, Opp. Sevakunj, Gala No. 4, Panchavati, Nashik, Maharashtra 422003, India","Maps Link":"https://maps.google.com/?cid=16500717711853861780&g_mp=Cidnb29nbGUubWFwcy5wbGFjZXMudjEuUGxhY2VzLlNlYXJjaFRleHQQAhgEIAA"}},{"type":"Feature","geometry":{"type":"Point","coordinates":[73.7923204,19.9911656]},"properties":{"Taluka":"Nashik","Zone":"Panchavati","Category":"Kirana / General Store","Name":"new Avi Kirana Stores","Type":"Grocery Store","Rating":"5","Review Count":"2","Phone":"0253 231 5080","Address":"Shop No 11 Maithali Society, Old Agra Road, Old Agra Road, Old Agra Rd, behind Kalika Mandir, Mirajkar Nagar, Dr.Homi Bhabha Nagar, Nashik, Maharashtra 422001, India","Maps Link":"https://maps.google.com/?cid=12111332542336832781&g_mp=Cidnb29nbGUubWFwcy5wbGFjZXMudjEuUGxhY2VzLlNlYXJjaFRleHQQAhgEIAA"}},{"type":"Feature","geometry":{"type":"Point","coordinates":[73.799807,20.0069873]},"properties":{"Taluka":"Nashik","Zone":"Panchavati","Category":"Kirana / General Store","Name":"श्री इच्छामणी किराना & जनरल स्टोअर","Type":"Grocery Store","Review Count":"0","Address":"2Q4X+QWV, Ganeshwadi Rd, Panchavati, Nashik, Maharashtra 422003, India","Maps Link":"https://maps.google.com/?cid=1512550719156397076&g_mp=Cidnb29nbGUubWFwcy5wbGFjZXMudjEuUGxhY2VzLlNlYXJjaFRleHQQAhgEIAA"}},{"type":"Feature","geometry":{"type":"Point","coordinates":[73.8046899,20.040433]},"properties":{"Taluka":"Nashik","Zone":"Panchavati","Category":"Wholesale Provision Store","Name":"AUDUMBAR WHOLESALE DHANYA & KIRANA DUKAN","Type":"General Store","Rating":"4","Review Count":"2","Phone":"098501 90590","Address":"2RR3+5VG, Dindori Rd, Geeta Vandan Society, Geeta Nagar, Nashik, Maharashtra 422004, India","Maps Link":"https://maps.google.com/?cid=2868080604415724566&g_mp=Cidnb29nbGUubWFwcy5wbGFjZXMudjEuUGxhY2VzLlNlYXJjaFRleHQQAhgEIAA"}},{"type":"Feature","geometry":{"type":"Point","coordinates":[73.7446285,19.9611311]},"properties":{"Taluka":"Nashik","Zone":"Panchavati","Category":"Wholesale Provision Store","Name":"MATOSHRI WHOLESALE KIRANA AND MULTI SERVICES","Type":"General Store","Rating":"5","Review Count":"2","Phone":"070669 11642","Address":"shop no 15 near, SCOOL devi mala, Ambad Khrud, Panchwati, MIDC Ambad, Nashik, Maharashtra 422010, India","Maps Link":"https://maps.google.com/?cid=7599329574280147366&g_mp=Cidnb29nbGUubWFwcy5wbGFjZXMudjEuUGxhY2VzLlNlYXJjaFRleHQQAhgEIAA"}},{"type":"Feature","geometry":{"type":"Point","coordinates":[73.8097868,19.9829797]},"properties":{"Taluka":"Nashik","Zone":"Panchavati","Category":"Wholesale Provision Store","Name":"METRO Wholesale Nashik, Maharashtra","Type":"Wholesaler","Rating":"3.8","Review Count":"397","Phone":"096079 37443","Address":"Survey No. 844, Pune Mumbai, XRM4+6J4, Nashik Expressway, off Tapovan Road, Bodhale Nagar, RTO Colony, Nashik, Maharashtra 422011, India","Website":"https://www.metrorrl.com/about-us","Maps Link":"https://maps.google.com/?cid=7350181235500074089&g_mp=Cidnb29nbGUubWFwcy5wbGFjZXMudjEuUGxhY2VzLlNlYXJjaFRleHQQAhgEIAA"}},{"type":"Feature","geometry":{"type":"Point","coordinates":[73.7875927,20.0053518]},"properties":{"Taluka":"Nashik","Zone":"Panchavati","Category":"Wholesale Provision Store","Name":"Shree bhagwati trading company(wholesale kirana shop)","Type":"Wholesaler","Rating":"4.6","Review Count":"7","Phone":"0253 257 0982","Address":"RK near punjab national bank, Tilak Rd, near nandini agarbatti, Ambedkar Colony, Raviwar Karanja, Panchavati, Nashik, Maharashtra 422001, India","Maps Link":"https://maps.google.com/?cid=725363400691020605&g_mp=Cidnb29nbGUubWFwcy5wbGFjZXMudjEuUGxhY2VzLlNlYXJjaFRleHQQAhgEIAA"}},{"type":"Feature","geometry":{"type":"Point","coordinates":[73.7943771,20.0116444]},"properties":{"Taluka":"Nashik","Zone":"Panchavati","Category":"Other Grocery Shop","Name":"Aadhyaa Farm Infotech Pvt Ltd","Type":"Grocery Store","Rating":"5","Review Count":"4","Address":"Haribai Complex, 1, Indrakund Road, Panchavati, Nashik, Maharashtra 422003, India","Website":"https://www.farmorgo.com/","Maps Link":"https://maps.google.com/?cid=7690382236348112130&g_mp=Cidnb29nbGUubWFwcy5wbGFjZXMudjEuUGxhY2VzLlNlYXJjaFRleHQQAhgEIAA"}},{"type":"Feature","geometry":{"type":"Point","coordinates":[73.8179888,20.0218233]},"properties":{"Taluka":"Nashik","Zone":"Panchavati","Category":"Other Grocery Shop","Name":"Aaradhana Super Market","Type":"Grocery Store","Rating":"3.4","Review Count":"54","Phone":"075584 40586","Address":"2RC9+P5H, Vani - Dindori Rd, Panchawati, Hirawadi, Nashik, Maharashtra 422003, India","Maps Link":"https://maps.google.com/?cid=14517565643518521654&g_mp=Cidnb29nbGUubWFwcy5wbGFjZXMudjEuUGxhY2VzLlNlYXJjaFRleHQQAhgEIAA"}},{"type":"Feature","geometry":{"type":"Point","coordinates":[73.8013315,19.9708147]},"properties":{"Taluka":"Nashik","Zone":"Panchavati","Category":"Other Grocery Shop","Name":"BHAWANI SUPER MARKET","Type":"Grocery Store","Rating":"4.8","Review Count":"24","Phone":"098192 07331","Address":"Bhavani Super Market Sri Sri Ravi Shankar Marg, Ashoka Marg, Survey No 16, Tirumla Nagar, Wadala Gaon, Nashik, Maharashtra 422006, India","Maps Link":"https://maps.google.com/?cid=6447797147258621155&g_mp=Cidnb29nbGUubWFwcy5wbGFjZXMudjEuUGxhY2VzLlNlYXJjaFRleHQQAhgEIAA"}},{"type":"Feature","geometry":{"type":"Point","coordinates":[73.7886147,20.0060009]},"properties":{"Taluka":"Nashik","Zone":"Panchavati","Category":"Other Grocery Shop","Name":"Balaji Agency","Type":"Grocery Store","Rating":"4.6","Review Count":"11","Phone":"099757 01131","Address":"Shop No 1, Dhatrak Corner, Raviwar Peth, Raviwar Karanja, Panchavati, Nashik, Maharashtra 422001, India","Maps Link":"https://maps.google.com/?cid=2059316566732942859&g_mp=Cidnb29nbGUubWFwcy5wbGFjZXMudjEuUGxhY2VzLlNlYXJjaFRleHQQAhgEIAA"}},{"type":"Feature","geometry":{"type":"Point","coordinates":[73.7895648,20.0073195]},"properties":{"Taluka":"Nashik","Zone":"Panchavati","Category":"Other Grocery Shop","Name":"Bhavesh Trading Company (RK)","Type":"Grocery Store","Rating":"5","Review Count":"3","Address":"2Q4Q+WRG, Raviwar Karanja, Panchavati, Nashik, Maharashtra 422001, India","Maps Link":"https://maps.google.com/?cid=12792111058780455213&g_mp=Cidnb29nbGUubWFwcy5wbGFjZXMudjEuUGxhY2VzLlNlYXJjaFRleHQQAhgEIAA"}},{"type":"Feature","geometry":{"type":"Point","coordinates":[73.7891811,20.0074503]},"properties":{"Taluka":"Nashik","Zone":"Panchavati","Category":"Other Grocery Shop","Name":"Dagdu Teli Chandwadkar","Type":"Grocery Store","Rating":"4.3","Review Count":"1269","Phone":"0253 231 9516","Address":"672, Harikrupa, Teli Galli, Raviwar Peth, Raviwar Karanja, Panchavati, Nashik, Maharashtra 422001, India","Website":"http://www.dagduteli.com/","Maps Link":"https://maps.google.com/?cid=5892581598428881353&g_mp=Cidnb29nbGUubWFwcy5wbGFjZXMudjEuUGxhY2VzLlNlYXJjaFRleHQQAhgEIAA"}},{"type":"Feature","geometry":{"type":"Point","coordinates":[73.7869805,20.0042672]},"properties":{"Taluka":"Nashik","Zone":"Panchavati","Category":"Other Grocery Shop","Name":"Gangaram Govindji Brothers","Type":"Grocery Store","Rating":"4.2","Review Count":"23","Phone":"0253 259 4409","Address":"Viraj Arcade, 4, Rajebahadur Hospital Lane, near Red Cross signal, Raviwar Karanja, Panchavati, Nashik, Maharashtra 422001, India","Maps Link":"https://maps.google.com/?cid=11707221154699156546&g_mp=Cidnb29nbGUubWFwcy5wbGFjZXMudjEuUGxhY2VzLlNlYXJjaFRleHQQAhgEIAA"}},{"type":"Feature","geometry":{"type":"Point","coordinates":[73.7899541,20.0032949]},"properties":{"Taluka":"Nashik","Zone":"Panchavati","Category":"Other Grocery Shop","Name":"HARE KRISHNA TRADERS","Type":"Grocery Store","Rating":"5","Review Count":"3","Phone":"070584 25943","Address":"Shop.4, HARE KRISHNA PLAZA, OLD AADGAON NAKA, Shinde Wada, Panchavati, Nashik, Maharashtra 422001, India","Maps Link":"https://maps.google.com/?cid=2358252131219970851&g_mp=Cidnb29nbGUubWFwcy5wbGFjZXMudjEuUGxhY2VzLlNlYXJjaFRleHQQAhgEIAA"}},{"type":"Feature","geometry":{"type":"Point","coordinates":[73.7884685,20.005808]},"properties":{"Taluka":"Nashik","Zone":"Panchavati","Category":"Other Grocery Shop","Name":"Hiran GheeWala Ms","Type":"Grocery Store","Rating":"4.3","Review Count":"9","Phone":"083290 83831","Address":"Shop No 313, hiran Mansion, Tilak Rd, opp. Pethe School, Raviwar Peth, Raviwar Karanja, Panchavati, Nashik, Maharashtra 422001, India","Maps Link":"https://maps.google.com/?cid=11774508332524947379&g_mp=Cidnb29nbGUubWFwcy5wbGFjZXMudjEuUGxhY2VzLlNlYXJjaFRleHQQAhgEIAA"}},{"type":"Feature","geometry":{"type":"Point","coordinates":[73.7786416,19.9682915]},"properties":{"Taluka":"Nashik","Zone":"Panchavati","Category":"Other Grocery Shop","Name":"JOGESHWARI SUPER SHOPEE","Type":"Grocery Store","Rating":"4.5","Review Count":"161","Phone":"090490 31236","Address":"Sonam Society, Shriram Chowk, Kanifnath Nagar, Rajiv Nagar, Nashik, Maharashtra 422009, India","Website":"https://wa.me/qr/FMCXPRVURJMBK1","Maps Link":"https://maps.google.com/?cid=4602212361366381836&g_mp=Cidnb29nbGUubWFwcy5wbGFjZXMudjEuUGxhY2VzLlNlYXJjaFRleHQQAhgEIAA"}},{"type":"Feature","geometry":{"type":"Point","coordinates":[73.794232,20.0085755]},"properties":{"Taluka":"Nashik","Zone":"Panchavati","Category":"Other Grocery Shop","Name":"KIRAN Agency","Type":"Grocery Store","Rating":"5","Review Count":"5","Phone":"093725 59940","Address":"2 Singhaniya Dharam Shala Mul, Malviya Chowk, Panchavati, Nashik, Maharashtra 422003, India","Maps Link":"https://maps.google.com/?cid=15892806876772401190&g_mp=Cidnb29nbGUubWFwcy5wbGFjZXMudjEuUGxhY2VzLlNlYXJjaFRleHQQAhgEIAA"}},{"type":"Feature","geometry":{"type":"Point","coordinates":[73.7897671,20.0065033]},"properties":{"Taluka":"Nashik","Zone":"Panchavati","Category":"Other Grocery Shop","Name":"Karwa Enterprise","Type":"Grocery Store","Rating":"3.9","Review Count":"20","Phone":"094231 74723","Address":"Shop no 1, Karambelkar chambers, Bohorpatti, Raviwar Karanja, Panchavati, Nashik, Maharashtra 422001, India","Maps Link":"https://maps.google.com/?cid=18169456933622990297&g_mp=Cidnb29nbGUubWFwcy5wbGFjZXMudjEuUGxhY2VzLlNlYXJjaFRleHQQAhgEIAA"}},{"type":"Feature","geometry":{"type":"Point","coordinates":[73.788967,20.0063562]},"properties":{"Taluka":"Nashik","Zone":"Panchavati","Category":"Other Grocery Shop","Name":"Kitchen Culture (Nashik)","Type":"Grocery Store","Rating":"4.7","Review Count":"3","Phone":"070660 44430","Address":"Kitchen Culture, Shop Number 2, Shiva's Square, RK Circle, Raviwar Karanja, Panchavati, Nashik, Maharashtra 422001, India","Website":"https://www.sahyadrifarms.com/","Maps Link":"https://maps.google.com/?cid=12858141054882811595&g_mp=Cidnb29nbGUubWFwcy5wbGFjZXMudjEuUGxhY2VzLlNlYXJjaFRleHQQAhgEIAA"}},{"type":"Feature","geometry":{"type":"Point","coordinates":[73.78972,20.006073]},"properties":{"Taluka":"Nashik","Zone":"Panchavati","Category":"Other Grocery Shop","Name":"M/S. Lakhamsi Hiraji","Type":"Food Store","Rating":"5","Review Count":"1","Phone":"096040 10090","Address":"2Q4Q+CVH, Main Rd, Bohorpatti, Raviwar Karanja, Panchavati, Nashik, Maharashtra 422001, India","Maps Link":"https://maps.google.com/?cid=16021368750868900593&g_mp=Cidnb29nbGUubWFwcy5wbGFjZXMudjEuUGxhY2VzLlNlYXJjaFRleHQQAhgEIAA"}},{"type":"Feature","geometry":{"type":"Point","coordinates":[73.8311593,20.0296803]},"properties":{"Taluka":"Nashik","Zone":"Panchavati","Category":"Other Grocery Shop","Name":"MAHALAXMI SUPER MARKET AND SERVICES","Type":"Grocery Store","Rating":"4.3","Review Count":"24","Phone":"099238 25629","Address":"Omkareshwar colney mane nagar, panchavati nashik 03, Dhatrak Phata, Asha Nagar, Nashik, Maharashtra 422003, India","Maps Link":"https://maps.google.com/?cid=1122684406945225216&g_mp=Cidnb29nbGUubWFwcy5wbGFjZXMudjEuUGxhY2VzLlNlYXJjaFRleHQQAhgEIAA"}},{"type":"Feature","geometry":{"type":"Point","coordinates":[73.7869176,20.0058411]},"properties":{"Taluka":"Nashik","Zone":"Panchavati","Category":"Other Grocery Shop","Name":"Mahalakshmi store","Type":"Asian Grocery Store","Rating":"4.8","Review Count":"6","Phone":"098502 60393","Address":"2Q4P+8QM, Raviwar Peth, Ambedkar Colony, Raviwar Karanja, Shivaji Nagar, Nashik, Maharashtra 422001, India","Maps Link":"https://maps.google.com/?cid=5161675182473173367&g_mp=Cidnb29nbGUubWFwcy5wbGFjZXMudjEuUGxhY2VzLlNlYXJjaFRleHQQAhgEIAA"}},{"type":"Feature","geometry":{"type":"Point","coordinates":[73.8402798,19.9718085]},"properties":{"Taluka":"Nashik","Zone":"Panchavati","Category":"Other Grocery Shop","Name":"Mahavir Super Market","Type":"Grocery Store","Rating":"4.3","Review Count":"373","Phone":"098813 12001","Address":"Shop No.1 Galaxy Pride Appt, Ingle Nagar, Jailraod, Nashik Road, Nashik, Maharashtra 422101, India","Maps Link":"https://maps.google.com/?cid=11019604228279838683&g_mp=Cidnb29nbGUubWFwcy5wbGFjZXMudjEuUGxhY2VzLlNlYXJjaFRleHQQAhgEIAA"}},{"type":"Feature","geometry":{"type":"Point","coordinates":[73.745316,20.0107007]},"properties":{"Taluka":"Nashik","Zone":"Panchavati","Category":"Other Grocery Shop","Name":"Mataji Super Market","Type":"Grocery Store","Rating":"4.7","Review Count":"15","Phone":"095033 11125","Address":"Shop no 10, Manish Plaza Society, Pipeline Road, Gangapur Rd, Kale Nagar, Vivekanand Nagar, Anandvalli, Nashik, Maharashtra 422013, India","Maps Link":"https://maps.google.com/?cid=16435437058424372095&g_mp=Cidnb29nbGUubWFwcy5wbGFjZXMudjEuUGxhY2VzLlNlYXJjaFRleHQQAhgEIAA"}},{"type":"Feature","geometry":{"type":"Point","coordinates":[73.7986783,19.9722253]},"properties":{"Taluka":"Nashik","Zone":"Panchavati","Category":"Other Grocery Shop","Name":"Mauli Super Shop","Type":"Grocery Store","Rating":"4.7","Review Count":"7","Phone":"099214 19477","Address":"Pakhal Rd, Khode Nagar, Tirumla Nagar, Kalpataru Nagar, Nashik, Maharashtra 422006, India","Maps Link":"https://maps.google.com/?cid=11429744070764628432&g_mp=Cidnb29nbGUubWFwcy5wbGFjZXMudjEuUGxhY2VzLlNlYXJjaFRleHQQAhgEIAA"}},{"type":"Feature","geometry":{"type":"Point","coordinates":[73.789591,20.006912]},"properties":{"Taluka":"Nashik","Zone":"Panchavati","Category":"Other Grocery Shop","Name":"Mit Enterprises","Type":"Grocery Store","Rating":"3.3","Review Count":"4","Phone":"0253 231 8676","Address":"Shop No:1&2, Raviwar Karanja, Panchavati, Raviwar Karanja, Panchavati, Nashik, Maharashtra 422001, India","Maps Link":"https://maps.google.com/?cid=8229525041497769742&g_mp=Cidnb29nbGUubWFwcy5wbGFjZXMudjEuUGxhY2VzLlNlYXJjaFRleHQQAhgEIAA"}},{"type":"Feature","geometry":{"type":"Point","coordinates":[73.7893555,20.0068828]},"properties":{"Taluka":"Nashik","Zone":"Panchavati","Category":"Other Grocery Shop","Name":"Mohanlal Ramji And Sons","Type":"Grocery Store","Rating":"4.7","Review Count":"18","Phone":"0253 230 6460","Address":"750, Raviwar Peth, Raviwar Karanja, Shivaji Nagar, Nashik, Maharashtra 422001, India","Maps Link":"https://maps.google.com/?cid=13302709278404901253&g_mp=Cidnb29nbGUubWFwcy5wbGFjZXMudjEuUGxhY2VzLlNlYXJjaFRleHQQAhgEIAA"}},{"type":"Feature","geometry":{"type":"Point","coordinates":[73.7981358,20.0098498]},"properties":{"Taluka":"Nashik","Zone":"Panchavati","Category":"Other Grocery Shop","Name":"Mohanlal Virchandbhai Patel","Type":"Grocery Store","Rating":"3.8","Review Count":"4","Phone":"0253 251 4896","Address":"Jai Matadi Co-Op. Housing Society, near Seva Kunj, Panchavati, Nashik, Maharashtra 422003, India","Maps Link":"https://maps.google.com/?cid=5517130636005928251&g_mp=Cidnb29nbGUubWFwcy5wbGFjZXMudjEuUGxhY2VzLlNlYXJjaFRleHQQAhgEIAA"}},{"type":"Feature","geometry":{"type":"Point","coordinates":[73.8117371,20.0177298]},"properties":{"Taluka":"Nashik","Zone":"Panchavati","Category":"Other Grocery Shop","Name":"Mom’s Mart Store","Type":"General Store","Rating":"5","Review Count":"10","Phone":"077749 17971","Address":"Ravi Amrut Building, Shop no.4, Kamla Nagar, Hirawadi Rd, Panchavati, Nashik, Maharashtra 422003, India","Website":"https://www.momsmartstore.in/","Maps Link":"https://maps.google.com/?cid=13350935323522483437&g_mp=Cidnb29nbGUubWFwcy5wbGFjZXMudjEuUGxhY2VzLlNlYXJjaFRleHQQAhgEIAA"}},{"type":"Feature","geometry":{"type":"Point","coordinates":[73.7859359,20.0051866]},"properties":{"Taluka":"Nashik","Zone":"Panchavati","Category":"Other Grocery Shop","Name":"Nilesh Super Market (P) Ltd.","Type":"Grocery Store","Rating":"4.3","Review Count":"544","Phone":"0253 257 5570","Address":"60, 61, Sarda Sankul, Vakil Wadi, Raviwar Karanja, Panchavati, Nashik, Maharashtra 422001, India","Website":"http://nileshsupermarket.com/","Maps Link":"https://maps.google.com/?cid=4491667172821944005&g_mp=Cidnb29nbGUubWFwcy5wbGFjZXMudjEuUGxhY2VzLlNlYXJjaFRleHQQAhgEIAA"}},{"type":"Feature","geometry":{"type":"Point","coordinates":[73.7752881,20.0019435]},"properties":{"Taluka":"Nashik","Zone":"Panchavati","Category":"Other Grocery Shop","Name":"Nilesh Super Market Pvt.Ltd","Type":"Grocery Store","Rating":"4.2","Review Count":"157","Phone":"0253 231 2471","Address":"Balwant Chambers, Sharanpur Rd, Racca Colony, New Pandit Colony, Nashik, Maharashtra 422002, India","Maps Link":"https://maps.google.com/?cid=13972763057426542272&g_mp=Cidnb29nbGUubWFwcy5wbGFjZXMudjEuUGxhY2VzLlNlYXJjaFRleHQQAhgEIAA"}},{"type":"Feature","geometry":{"type":"Point","coordinates":[73.787014,20.0082859]},"properties":{"Taluka":"Nashik","Zone":"Panchavati","Category":"Other Grocery Shop","Name":"Panchavati Traders","Type":"Grocery Store","Rating":"4.4","Review Count":"19","Phone":"090210 11110","Address":"Shop No.11, Suprabha Society, Peth Rd, Gangawadi, Raviwar Karanja, Panchavati, Nashik, Maharashtra 422003, India","Maps Link":"https://maps.google.com/?cid=15807604974005225010&g_mp=Cidnb29nbGUubWFwcy5wbGFjZXMudjEuUGxhY2VzLlNlYXJjaFRleHQQAhgEIAA"}},{"type":"Feature","geometry":{"type":"Point","coordinates":[73.793091,20.0137341]},"properties":{"Taluka":"Nashik","Zone":"Panchavati","Category":"Other Grocery Shop","Name":"Patel Kantibhai Valajibhai","Type":"Grocery Store","Rating":"4.5","Review Count":"15","Phone":"0253 251 1310","Address":"2Q7V+F6W, Peth Rd, beside Kailash Matha, Rajpal Colony, Panchavati, Nashik, Maharashtra 422003, India","Maps Link":"https://maps.google.com/?cid=9702270785371920439&g_mp=Cidnb29nbGUubWFwcy5wbGFjZXMudjEuUGxhY2VzLlNlYXJjaFRleHQQAhgEIAA"}},{"type":"Feature","geometry":{"type":"Point","coordinates":[73.7898512,20.0145572]},"properties":{"Taluka":"Nashik","Zone":"Panchavati","Category":"Other Grocery Shop","Name":"Pathak Traders","Type":"Grocery Store","Rating":"4.5","Review Count":"22","Address":"Rajpal Colony, Panchavati, Nashik, Maharashtra 422003, India","Maps Link":"https://maps.google.com/?cid=8265584021707048457&g_mp=Cidnb29nbGUubWFwcy5wbGFjZXMudjEuUGxhY2VzLlNlYXJjaFRleHQQAhgEIAA"}},{"type":"Feature","geometry":{"type":"Point","coordinates":[73.8022206,20.0085393]},"properties":{"Taluka":"Nashik","Zone":"Panchavati","Category":"Other Grocery Shop","Name":"Pinky Foods","Type":"Grocery Store","Rating":"4.5","Review Count":"79","Address":"Jetha Market, Adgaon Naka, Panchavati, Nashik, Maharashtra 422003, India","Maps Link":"https://maps.google.com/?cid=383262843208747714&g_mp=Cidnb29nbGUubWFwcy5wbGFjZXMudjEuUGxhY2VzLlNlYXJjaFRleHQQAhgEIAA"}},{"type":"Feature","geometry":{"type":"Point","coordinates":[73.7903057,20.0031096]},"properties":{"Taluka":"Nashik","Zone":"Panchavati","Category":"Other Grocery Shop","Name":"Prakash Supari Mart","Type":"Food Store","Rating":"3.8","Review Count":"131","Phone":"0253 250 7645","Address":"1546, Hundiwala Ln, Dahipul, Naikwadi Pura, Shalimar, Nashik, Maharashtra 422001, India","Maps Link":"https://maps.google.com/?cid=14615439342478666423&g_mp=Cidnb29nbGUubWFwcy5wbGFjZXMudjEuUGxhY2VzLlNlYXJjaFRleHQQAhgEIAA"}},{"type":"Feature","geometry":{"type":"Point","coordinates":[73.8067047,19.9890596]},"properties":{"Taluka":"Nashik","Zone":"Panchavati","Category":"Other Grocery Shop","Name":"SM SUPER SHOPPE","Type":"Grocery Store","Rating":"2.4","Review Count":"5","Phone":"098222 68216","Address":"Shop No.1, Kathe Ln, Akshar Estate, Baghbanpura, Nashik, Maharashtra 422011, India","Maps Link":"https://maps.google.com/?cid=6846420114940987982&g_mp=Cidnb29nbGUubWFwcy5wbGFjZXMudjEuUGxhY2VzLlNlYXJjaFRleHQQAhgEIAA"}},{"type":"Feature","geometry":{"type":"Point","coordinates":[73.7895426,20.0055022]},"properties":{"Taluka":"Nashik","Zone":"Panchavati","Category":"Other Grocery Shop","Name":"Sham Store","Type":"General Store","Rating":"4","Review Count":"4","Address":"No 978, Main Rd, Bohorpatti, Raviwar Karanja, Panchavati, Nashik, Maharashtra 422001, India","Maps Link":"https://maps.google.com/?cid=1797795443773940428&g_mp=Cidnb29nbGUubWFwcy5wbGFjZXMudjEuUGxhY2VzLlNlYXJjaFRleHQQAhgEIAA"}},{"type":"Feature","geometry":{"type":"Point","coordinates":[73.7891589,20.0074921]},"properties":{"Taluka":"Nashik","Zone":"Panchavati","Category":"Other Grocery Shop","Name":"Shivganga Enterprises","Type":"Grocery Store","Rating":"4.4","Review Count":"5","Phone":"0253 230 8909","Address":"673, Pawar Sankul, Teli Galli, Raviwar Peth, Raviwar, Panchavati, Nashik, Maharashtra 422001, India","Maps Link":"https://maps.google.com/?cid=14176075207681208117&g_mp=Cidnb29nbGUubWFwcy5wbGFjZXMudjEuUGxhY2VzLlNlYXJjaFRleHQQAhgEIAA"}},{"type":"Feature","geometry":{"type":"Point","coordinates":[73.7952025,20.0143604]},"properties":{"Taluka":"Nashik","Zone":"Panchavati","Category":"Other Grocery Shop","Name":"Shri Ram Nagar Market Yard","Type":"Grocery Store","Rating":"3.8","Review Count":"494","Address":"2Q7W+P3W, Kalachowki, Nashik, Maharashtra 422003, India","Maps Link":"https://maps.google.com/?cid=14517826671307420904&g_mp=Cidnb29nbGUubWFwcy5wbGFjZXMudjEuUGxhY2VzLlNlYXJjaFRleHQQAhgEIAA"}},{"type":"Feature","geometry":{"type":"Point","coordinates":[73.7880072,20.0069605]},"properties":{"Taluka":"Nashik","Zone":"Panchavati","Category":"Other Grocery Shop","Name":"Shri Varahi Trading","Type":"Grocery Store","Rating":"4.5","Review Count":"2","Phone":"098812 52803","Address":"opp. Pethe School, Raviwar Peth, Raviwar Karanja, Panchavati, Nashik, Maharashtra 422001, India","Maps Link":"https://maps.google.com/?cid=2457182948461528146&g_mp=Cidnb29nbGUubWFwcy5wbGFjZXMudjEuUGxhY2VzLlNlYXJjaFRleHQQAhgEIAA"}},{"type":"Feature","geometry":{"type":"Point","coordinates":[73.7884296,20.0044971]},"properties":{"Taluka":"Nashik","Zone":"Panchavati","Category":"Other Grocery Shop","Name":"Someshwar masale /nageshwar suppliers","Type":"Food Store","Rating":"4.1","Review Count":"27","Phone":"072766 17899","Address":"Shop No 2, Maniyar Complex, Tilak Rd, Raviwar Karanja, Panchavati, Nashik, Maharashtra 422001, India","Maps Link":"https://maps.google.com/?cid=11008495626784170581&g_mp=Cidnb29nbGUubWFwcy5wbGFjZXMudjEuUGxhY2VzLlNlYXJjaFRleHQQAhgEIAA"}},{"type":"Feature","geometry":{"type":"Point","coordinates":[73.8088791,19.9916947]},"properties":{"Taluka":"Nashik","Zone":"Panchavati","Category":"Other Grocery Shop","Name":"Sumanchandra super market","Type":"Grocery Store","Rating":"4","Review Count":"4","Address":"002, 1st Floor, Shriram Heights, Tapovan Rd, Dwarka, Nashik, Maharashtra 422011, India","Maps Link":"https://maps.google.com/?cid=17359049550272932613&g_mp=Cidnb29nbGUubWFwcy5wbGFjZXMudjEuUGxhY2VzLlNlYXJjaFRleHQQAhgEIAA"}},{"type":"Feature","geometry":{"type":"Point","coordinates":[73.7698379,19.9515876]},"properties":{"Taluka":"Nashik","Zone":"Panchavati","Category":"Other Grocery Shop","Name":"Super Grahak Bazaar","Type":"Grocery Store","Rating":"4.1","Review Count":"418","Phone":"094231 75506","Address":"Samarth Nagar, Dnyaneshwar Nagar, Pathardi Phata, Nashik, Maharashtra 422009, India","Maps Link":"https://maps.google.com/?cid=7882132328300867818&g_mp=Cidnb29nbGUubWFwcy5wbGFjZXMudjEuUGxhY2VzLlNlYXJjaFRleHQQAhgEIAA"}},{"type":"Feature","geometry":{"type":"Point","coordinates":[73.8319319,20.0202362]},"properties":{"Taluka":"Nashik","Zone":"Panchavati","Category":"Other Grocery Shop","Name":"kothari traders","Type":"Grocery Store","Rating":"4","Review Count":"205","Phone":"099218 88178","Address":"2RCJ+3QV, Agra - Mumbai Hwy, 1, Nashik, Maharashtra 422003, India","Maps Link":"https://maps.google.com/?cid=4461687809585394866&g_mp=Cidnb29nbGUubWFwcy5wbGFjZXMudjEuUGxhY2VzLlNlYXJjaFRleHQQAhgEIAA"}},{"type":"Feature","geometry":{"type":"Point","coordinates":[73.7962249,19.9954949]},"properties":{"Taluka":"Nashik","Zone":"Nashik Central","Category":"Kirana / General Store","Name":"A-1 Kirana","Type":"General Store","Rating":"5","Review Count":"1","Phone":"088056 30961","Address":"6, Hari Nagari Shopping Centre, Kamod Rd, Dwarka, Nashik, Maharashtra 422001, India","Maps Link":"https://maps.google.com/?cid=4591301112285164084&g_mp=Cidnb29nbGUubWFwcy5wbGFjZXMudjEuUGxhY2VzLlNlYXJjaFRleHQQAhgEIAA"}},{"type":"Feature","geometry":{"type":"Point","coordinates":[73.7685596,19.9690629]},"properties":{"Taluka":"Nashik","Zone":"Nashik Central","Category":"Kirana / General Store","Name":"ANUDEEP GENERAL STORES","Type":"General Store","Rating":"4.4","Review Count":"8","Address":"XQ99+JCF, Ganesh Chowk, Near State Bank, New Cidco, Nashik, Maharashtra 422009, India","Maps Link":"https://maps.google.com/?cid=1411403764600854596&g_mp=Cidnb29nbGUubWFwcy5wbGFjZXMudjEuUGxhY2VzLlNlYXJjaFRleHQQAhgEIAA"}},{"type":"Feature","geometry":{"type":"Point","coordinates":[73.7679053,20.0051908]},"properties":{"Taluka":"Nashik","Zone":"Nashik Central","Category":"Kirana / General Store","Name":"Aashirwad Provision Stores","Type":"Grocery Store","Rating":"4.3","Review Count":"14","Phone":"0253 257 7898","Address":"Patil Lane Number 1, Patil Colony, College Rd, Nashik, Maharashtra 422005, India","Maps Link":"https://maps.google.com/?cid=17825857264589151701&g_mp=Cidnb29nbGUubWFwcy5wbGFjZXMudjEuUGxhY2VzLlNlYXJjaFRleHQQAhgEIAA"}},{"type":"Feature","geometry":{"type":"Point","coordinates":[73.827802,19.9622891]},"properties":{"Taluka":"Nashik","Zone":"Nashik Central","Category":"Kirana / General Store","Name":"Aashish Kirana & General Stores","Type":"General Store","Rating":"5","Review Count":"4","Phone":"099601 77265","Address":"Nashik - Shirdi Rd, Opp. BYTCO Hospital, Prakash Nagar, Upnagar, Nashik, Maharashtra 422101, India","Maps Link":"https://maps.google.com/?cid=8671017408981592493&g_mp=Cidnb29nbGUubWFwcy5wbGFjZXMudjEuUGxhY2VzLlNlYXJjaFRleHQQAhgEIAA"}},{"type":"Feature","geometry":{"type":"Point","coordinates":[73.7732261,19.9919629]},"properties":{"Taluka":"Nashik","Zone":"Nashik Central","Category":"Kirana / General Store","Name":"Aashram Kirana and Dry fruits","Type":"Wholesaler","Rating":"4.3","Review Count":"7","Phone":"084858 98448","Address":"Survey Number.622/48 Raja Shivaji Marg Darshan Kendra, Tidke Colony, Nashik, Maharashtra 422002, India","Maps Link":"https://maps.google.com/?cid=18273855571121615708&g_mp=Cidnb29nbGUubWFwcy5wbGFjZXMudjEuUGxhY2VzLlNlYXJjaFRleHQQAhgEIAA"}},{"type":"Feature","geometry":{"type":"Point","coordinates":[73.7938987,19.9907228]},"properties":{"Taluka":"Nashik","Zone":"Nashik Central","Category":"Kirana / General Store","Name":"Aisha Kirana And General Store","Type":"General Store","Rating":"5","Review Count":"1","Phone":"097677 26013","Address":"Shop No 09, Wadala Rd, Kazi Nagar, General Vaidya Nagar, Nashik, Maharashtra 422011, India","Maps Link":"https://maps.google.com/?cid=11291013162791210401&g_mp=Cidnb29nbGUubWFwcy5wbGFjZXMudjEuUGxhY2VzLlNlYXJjaFRleHQQAhgEIAA"}},{"type":"Feature","geometry":{"type":"Point","coordinates":[73.7938775,19.9848458]},"properties":{"Taluka":"Nashik","Zone":"Nashik Central","Category":"Kirana / General Store","Name":"Al Aman Kirana & General Stores","Type":"Grocery Store","Rating":"4.3","Review Count":"7","Phone":"098907 52592","Address":"Roya Colony 2, Rehnuma Nagar, Nashik, Maharashtra 422011, India","Maps Link":"https://maps.google.com/?cid=3142239280377565012&g_mp=Cidnb29nbGUubWFwcy5wbGFjZXMudjEuUGxhY2VzLlNlYXJjaFRleHQQAhgEIAA"}},{"type":"Feature","geometry":{"type":"Point","coordinates":[73.7209599,19.9899073]},"properties":{"Taluka":"Nashik","Zone":"Nashik Central","Category":"Kirana / General Store","Name":"Ambikaprasad Kirana Manglore Stores","Type":"Grocery Store","Rating":"4.6","Review Count":"37","Phone":"0253 235 2213","Address":"Shop No. 1,2, Shobhninath Apartment, Sainath Mandir, Ashoknagar, Satpur Colony, Nashik, Maharashtra 422007, India","Maps Link":"https://maps.google.com/?cid=18386900258987248010&g_mp=Cidnb29nbGUubWFwcy5wbGFjZXMudjEuUGxhY2VzLlNlYXJjaFRleHQQAhgEIAA"}},{"type":"Feature","geometry":{"type":"Point","coordinates":[73.7655725,20.006124]},"properties":{"Taluka":"Nashik","Zone":"Nashik Central","Category":"Kirana / General Store","Name":"Ameet Foods Dryfruit and Grocery","Type":"Food Store","Rating":"4","Review Count":"29","Phone":"084466 73352","Address":"Shop No 2 Archit Icon, near hot chips collage road opp NASHIK MERCHANT Bank, ,patil lane, 3, College Rd, Patil Colony, Canada Corner, Nashik, Maharashtra 422005, India","Website":"http://ameetdryfruits.com/","Maps Link":"https://maps.google.com/?cid=16675704130249040932&g_mp=Cidnb29nbGUubWFwcy5wbGFjZXMudjEuUGxhY2VzLlNlYXJjaFRleHQQAhgEIAA"}},{"type":"Feature","geometry":{"type":"Point","coordinates":[73.799778,19.9845452]},"properties":{"Taluka":"Nashik","Zone":"Nashik Central","Category":"Kirana / General Store","Name":"Amit Kirana Store","Type":"Store","Rating":"5","Review Count":"2","Address":"XQMX+RW6, Gulshan Colony, Nashik, Maharashtra 422011, India","Maps Link":"https://maps.google.com/?cid=14118590123682061514&g_mp=Cidnb29nbGUubWFwcy5wbGFjZXMudjEuUGxhY2VzLlNlYXJjaFRleHQQAhgEIAA"}},{"type":"Feature","geometry":{"type":"Point","coordinates":[73.7553348,19.970993]},"properties":{"Taluka":"Nashik","Zone":"Nashik Central","Category":"Kirana / General Store","Name":"Anapurna Kirana And Provision","Type":"Grocery Store","Rating":"5","Review Count":"3","Phone":"097309 94999","Address":"N-53-A-H-1S-10/1, Rajratna Nagar Rd, Rajratna Nagar, Cidco, Nashik, Maharashtra 422008, India","Maps Link":"https://maps.google.com/?cid=7324467661821185645&g_mp=Cidnb29nbGUubWFwcy5wbGFjZXMudjEuUGxhY2VzLlNlYXJjaFRleHQQAhgEIAA"}},{"type":"Feature","geometry":{"type":"Point","coordinates":[73.7634949,20.0059485]},"properties":{"Taluka":"Nashik","Zone":"Nashik Central","Category":"Kirana / General Store","Name":"Anjali Stores","Type":"Store","Rating":"4.2","Review Count":"38","Phone":"0253 257 0538","Address":"College Rd, opposite Metro showroom, Nashik, Maharashtra 422005, India","Maps Link":"https://maps.google.com/?cid=7566162329476151873&g_mp=Cidnb29nbGUubWFwcy5wbGFjZXMudjEuUGxhY2VzLlNlYXJjaFRleHQQAhgEIAA"}},{"type":"Feature","geometry":{"type":"Point","coordinates":[73.7708129,20.000489]},"properties":{"Taluka":"Nashik","Zone":"Nashik Central","Category":"Kirana / General Store","Name":"Ansh Aman kirana general store and vegetables","Type":"Asian Grocery Store","Review Count":"0","Phone":"077769 95558","Address":"Sharanpur Rd, Sharanpur, Nashik, Maharashtra 422002, India","Maps Link":"https://maps.google.com/?cid=2367378853496319633&g_mp=Cidnb29nbGUubWFwcy5wbGFjZXMudjEuUGxhY2VzLlNlYXJjaFRleHQQAhgEIAA"}},{"type":"Feature","geometry":{"type":"Point","coordinates":[73.83645,19.9759866]},"properties":{"Taluka":"Nashik","Zone":"Nashik Central","Category":"Kirana / General Store","Name":"Ashapura Kirana And General Store","Type":"General Store","Rating":"5","Review Count":"1","Phone":"079729 35344","Address":"Shop No. 2 Opp Indra Gandhi Putla Old Saikheda Road, Jail Rd, Near Indira Gandhi Statue, Nashik Road, Nashik, Maharashtra 422101, India","Maps Link":"https://maps.google.com/?cid=3770481528893627068&g_mp=Cidnb29nbGUubWFwcy5wbGFjZXMudjEuUGxhY2VzLlNlYXJjaFRleHQQAhgEIAA"}},{"type":"Feature","geometry":{"type":"Point","coordinates":[73.7675544,19.9920787]},"properties":{"Taluka":"Nashik","Zone":"Nashik Central","Category":"Kirana / General Store","Name":"Ashish General Stores","Type":"General Store","Rating":"4.5","Review Count":"4","Address":"Untwadi Rd, Adiwasi Society, Patrakar Colony, Parijat Nagar, Nashik, Maharashtra 422002, India","Maps Link":"https://maps.google.com/?cid=17486159393960607674&g_mp=Cidnb29nbGUubWFwcy5wbGFjZXMudjEuUGxhY2VzLlNlYXJjaFRleHQQAhgEIAA"}},{"type":"Feature","geometry":{"type":"Point","coordinates":[73.8056649,19.9738812]},"properties":{"Taluka":"Nashik","Zone":"Nashik Central","Category":"Kirana / General Store","Name":"Atharva Kirana And General Stores","Type":"General Store","Rating":"2.7","Review Count":"6","Phone":"096898 76443","Address":"XRF4+H73, Nashik - Pune Rd, Bhakti Darshan Society, Tagore Nagar, Nashik, Maharashtra 422006, India","Maps Link":"https://maps.google.com/?cid=2602941034814166186&g_mp=Cidnb29nbGUubWFwcy5wbGFjZXMudjEuUGxhY2VzLlNlYXJjaFRleHQQAhgEIAA"}},{"type":"Feature","geometry":{"type":"Point","coordinates":[73.7717512,20.0097578]},"properties":{"Taluka":"Nashik","Zone":"Nashik Central","Category":"Kirana / General Store","Name":"Bafna Kirana & General Stores","Type":"Grocery Store","Rating":"2.9","Review Count":"9","Phone":"0253 231 1185","Address":"Sarita Darshan-A, Swami Vivekanand Rd, Gangapur Naka, Dehmandir Cooperative Housing Society, Nashik, Maharashtra 422013, India","Maps Link":"https://maps.google.com/?cid=4856144741556914130&g_mp=Cidnb29nbGUubWFwcy5wbGFjZXMudjEuUGxhY2VzLlNlYXJjaFRleHQQAhgEIAA"}},{"type":"Feature","geometry":{"type":"Point","coordinates":[73.7599275,19.9824471]},"properties":{"Taluka":"Nashik","Zone":"Nashik Central","Category":"Kirana / General Store","Name":"Balkrushna General Stores","Type":"Grocery Store","Rating":"4.4","Review Count":"21","Address":"N-53-VG-1/5, Patil Nagar, Nashik, Maharashtra 422008, India","Maps Link":"https://maps.google.com/?cid=13135221378232174268&g_mp=Cidnb29nbGUubWFwcy5wbGFjZXMudjEuUGxhY2VzLlNlYXJjaFRleHQQAhgEIAA"}},{"type":"Feature","geometry":{"type":"Point","coordinates":[73.7719441,19.9970404]},"properties":{"Taluka":"Nashik","Zone":"Nashik Central","Category":"Kirana / General Store","Name":"Bhatia General Store","Type":"General Store","Rating":"4","Review Count":"2","Phone":"087932 75272","Address":"Shop No 2, Ambika App, Sadhu Vaswani Road, Racca Colony, Holaram Colony, Sharanpur, Nashik, Maharashtra 422002, India","Maps Link":"https://maps.google.com/?cid=13910483367978212430&g_mp=Cidnb29nbGUubWFwcy5wbGFjZXMudjEuUGxhY2VzLlNlYXJjaFRleHQQAhgEIAA"}},{"type":"Feature","geometry":{"type":"Point","coordinates":[73.7995642,19.9803574]},"properties":{"Taluka":"Nashik","Zone":"Nashik Central","Category":"Kirana / General Store","Name":"Brahmani Kirana Stores","Type":"General Store","Rating":"3","Review Count":"1","Phone":"096899 83366","Address":"Shop Number B-6, Pralhad Arcade, Ashoka Marg, Kalpataru Nagar, Nashik, Maharashtra 422011, India","Maps Link":"https://maps.google.com/?cid=10983465281254828282&g_mp=Cidnb29nbGUubWFwcy5wbGFjZXMudjEuUGxhY2VzLlNlYXJjaFRleHQQAhgEIAA"}},{"type":"Feature","geometry":{"type":"Point","coordinates":[73.759725,19.970724]},"properties":{"Taluka":"Nashik","Zone":"Nashik Central","Category":"Kirana / General Store","Name":"Chaitanya Kirana & General Stores","Type":"Grocery Store","Rating":"4.2","Review Count":"6","Address":"N-41/H-2/1/8 Chouthi Scheme, Saibaba Nagar, New, Saibaba Nagar, Cidco, Nashik, Maharashtra 422008, India","Maps Link":"https://maps.google.com/?cid=6613833389109273120&g_mp=Cidnb29nbGUubWFwcy5wbGFjZXMudjEuUGxhY2VzLlNlYXJjaFRleHQQAhgEIAA"}},{"type":"Feature","geometry":{"type":"Point","coordinates":[73.7946038,19.9972247]},"properties":{"Taluka":"Nashik","Zone":"Nashik Central","Category":"Kirana / General Store","Name":"Chandwadkar Kirana","Type":"General Store","Rating":"4","Review Count":"1","Phone":"098508 18765","Address":"Shop No 2920, Chowk Mandai, Old, Nashik, Maharashtra 422001, India","Maps Link":"https://maps.google.com/?cid=5945356313344081920&g_mp=Cidnb29nbGUubWFwcy5wbGFjZXMudjEuUGxhY2VzLlNlYXJjaFRleHQQAhgEIAA"}},{"type":"Feature","geometry":{"type":"Point","coordinates":[73.7092469,19.9904519]},"properties":{"Taluka":"Nashik","Zone":"Nashik Central","Category":"Kirana / General Store","Name":"Ekveera Provision & General Stores","Type":"General Store","Rating":"4.1","Review Count":"19","Phone":"094222 64922","Address":"Guru Ashish Sankul, near Ganesh Mandir, Near Nagre Chowk, Ashoknagar, Shramik Nagar, Nashik, Maharashtra 422012, India","Maps Link":"https://maps.google.com/?cid=5692339824864137062&g_mp=Cidnb29nbGUubWFwcy5wbGFjZXMudjEuUGxhY2VzLlNlYXJjaFRleHQQAhgEIAA"}},{"type":"Feature","geometry":{"type":"Point","coordinates":[73.7872051,19.9975649]},"properties":{"Taluka":"Nashik","Zone":"Nashik Central","Category":"Kirana / General Store","Name":"GAURI GENERAL STORE","Type":"General Store","Rating":"5","Review Count":"1","Phone":"094033 82751","Address":"Shop No.1, near Mastar Mall, opp. Pankaj Electronics Gangamal, Koknipura, Nashik, Maharashtra 422001, India","Maps Link":"https://maps.google.com/?cid=2043101888868245472&g_mp=Cidnb29nbGUubWFwcy5wbGFjZXMudjEuUGxhY2VzLlNlYXJjaFRleHQQAhgEIAA"}},{"type":"Feature","geometry":{"type":"Point","coordinates":[73.840036,19.970623]},"properties":{"Taluka":"Nashik","Zone":"Nashik Central","Category":"Kirana / General Store","Name":"Gauri Kirana & General Stores","Type":"General Store","Review Count":"0","Phone":"0253 241 3591","Address":"XRCR+62V, Jail Rd, Near Water Tank, Ingle Nagar, Nashik Road, Nashik, Maharashtra 422101, India","Maps Link":"https://maps.google.com/?cid=8395542844635964936&g_mp=Cidnb29nbGUubWFwcy5wbGFjZXMudjEuUGxhY2VzLlNlYXJjaFRleHQQAhgEIAA"}},{"type":"Feature","geometry":{"type":"Point","coordinates":[73.7870688,19.9936613]},"properties":{"Taluka":"Nashik","Zone":"Nashik Central","Category":"Kirana / General Store","Name":"Gayatri Pan Shop And General Stores","Type":"General Store","Rating":"4.7","Review Count":"3","Phone":"093079 13292","Address":"Shingada Talao, XQVP+FR8, Pune Rd, Shingada Talav, Ganjmal, Nashik, Maharashtra 422001, India","Maps Link":"https://maps.google.com/?cid=1680325652361773056&g_mp=Cidnb29nbGUubWFwcy5wbGFjZXMudjEuUGxhY2VzLlNlYXJjaFRleHQQAhgEIAA"}},{"type":"Feature","geometry":{"type":"Point","coordinates":[73.7901463,19.9829552]},"properties":{"Taluka":"Nashik","Zone":"Nashik Central","Category":"Kirana / General Store","Name":"Gayatri kirana","Type":"Grocery Store","Rating":"5","Review Count":"1","Phone":"073786 49712","Address":"Bharat Nagar, Nashik, Maharashtra 422006, India","Maps Link":"https://maps.google.com/?cid=16559527741565703332&g_mp=Cidnb29nbGUubWFwcy5wbGFjZXMudjEuUGxhY2VzLlNlYXJjaFRleHQQAhgEIAA"}},{"type":"Feature","geometry":{"type":"Point","coordinates":[73.7530001,19.999823]},"properties":{"Taluka":"Nashik","Zone":"Nashik Central","Category":"Kirana / General Store","Name":"Hari Om Provision Stores","Type":"General Store","Rating":"5","Review Count":"1","Phone":"0253 235 3029","Address":"XQX3+W6C, Mahatma Nagar, Parijat Nagar, Nashik, Maharashtra 422005, India","Maps Link":"https://maps.google.com/?cid=4017580658596479746&g_mp=Cidnb29nbGUubWFwcy5wbGFjZXMudjEuUGxhY2VzLlNlYXJjaFRleHQQAhgEIAA"}},{"type":"Feature","geometry":{"type":"Point","coordinates":[73.7729107,19.9925501]},"properties":{"Taluka":"Nashik","Zone":"Nashik Central","Category":"Kirana / General Store","Name":"Jogeshwari Grocery Store","Type":"Grocery Store","Rating":"4.3","Review Count":"12","Phone":"0253 231 0070","Address":"XQVF+25F, Tidke Colony, Nashik, Maharashtra 422002, India","Maps Link":"https://maps.google.com/?cid=16056564369383481567&g_mp=Cidnb29nbGUubWFwcy5wbGFjZXMudjEuUGxhY2VzLlNlYXJjaFRleHQQAhgEIAA"}},{"type":"Feature","geometry":{"type":"Point","coordinates":[73.8026407,19.972123]},"properties":{"Taluka":"Nashik","Zone":"Nashik Central","Category":"Kirana / General Store","Name":"Kartik General Store","Type":"General Store","Rating":"5","Review Count":"1","Phone":"081081 26477","Address":"Shop No 3, Goloriya App, Pujya Sri Sri Ravishankar Marg, Nashik Road, Nashik, Maharashtra 422006, India","Maps Link":"https://maps.google.com/?cid=7324884232650695028&g_mp=Cidnb29nbGUubWFwcy5wbGFjZXMudjEuUGxhY2VzLlNlYXJjaFRleHQQAhgEIAA"}},{"type":"Feature","geometry":{"type":"Point","coordinates":[73.764304,19.9677301]},"properties":{"Taluka":"Nashik","Zone":"Nashik Central","Category":"Kirana / General Store","Name":"Kaushalya Provision & General Stores","Type":"General Store","Rating":"4.8","Review Count":"4","Phone":"098900 01092","Address":"3, Mahesh Bhuvan, Ganesh Chowk, Raviraj Park, Cidco, Nashik, Maharashtra 422009, India","Maps Link":"https://maps.google.com/?cid=3376613129350350237&g_mp=Cidnb29nbGUubWFwcy5wbGFjZXMudjEuUGxhY2VzLlNlYXJjaFRleHQQAhgEIAA"}},{"type":"Feature","geometry":{"type":"Point","coordinates":[73.7899321,19.9997514]},"properties":{"Taluka":"Nashik","Zone":"Nashik Central","Category":"Kirana / General Store","Name":"Kaustubh General Store","Type":"General Store","Rating":"5","Review Count":"2","Phone":"093731 09991","Address":"Shop No 1, Bhadrakali Market, Old Nashik, Bhadrakali, Koknipura, Nashik, Maharashtra 422001, India","Maps Link":"https://maps.google.com/?cid=12567744504151957471&g_mp=Cidnb29nbGUubWFwcy5wbGFjZXMudjEuUGxhY2VzLlNlYXJjaFRleHQQAhgEIAA"}},{"type":"Feature","geometry":{"type":"Point","coordinates":[73.787261,19.997602]},"properties":{"Taluka":"Nashik","Zone":"Nashik Central","Category":"Kirana / General Store","Name":"Kishore General Stores","Type":"General Store","Rating":"5","Review Count":"2","Phone":"097652 07552","Address":"Sona Shopping Centre, A-11, Tilak Rd, Ganjmal, Nashik, Maharashtra 422001, India","Maps Link":"https://maps.google.com/?cid=4690792683336570462&g_mp=Cidnb29nbGUubWFwcy5wbGFjZXMudjEuUGxhY2VzLlNlYXJjaFRleHQQAhgEIAA"}},{"type":"Feature","geometry":{"type":"Point","coordinates":[73.7693997,20.0080128]},"properties":{"Taluka":"Nashik","Zone":"Nashik Central","Category":"Kirana / General Store","Name":"Kundan Provision And General Stores","Type":"General Store","Rating":"3","Review Count":"2","Phone":"092090 49359","Address":"Shop No 2,Yashasri Bunglow, Gangapur Rd, near Khatib Dairy, Yashwant Colony, Canada Corner, Nashik, Maharashtra 422013, India","Maps Link":"https://maps.google.com/?cid=10685459035468896580&g_mp=Cidnb29nbGUubWFwcy5wbGFjZXMudjEuUGxhY2VzLlNlYXJjaFRleHQQAhgEIAA"}},{"type":"Feature","geometry":{"type":"Point","coordinates":[73.823308,19.959587]},"properties":{"Taluka":"Nashik","Zone":"Nashik Central","Category":"Kirana / General Store","Name":"Laxmi Kirana And General Stores","Type":"Grocery Store","Rating":"4.5","Review Count":"4","Phone":"098500 48671","Address":"XR5F+R8M, Jai Bhavani Rd, Jayabai Colony, Matoshri Nagar, Nashik Road, Nashik, Maharashtra 422101, India","Maps Link":"https://maps.google.com/?cid=12098393739509599596&g_mp=Cidnb29nbGUubWFwcy5wbGFjZXMudjEuUGxhY2VzLlNlYXJjaFRleHQQAhgEIAA"}},{"type":"Feature","geometry":{"type":"Point","coordinates":[73.8403033,19.9503497]},"properties":{"Taluka":"Nashik","Zone":"Nashik Central","Category":"Kirana / General Store","Name":"Maharashtra General Stores","Type":"General Store","Rating":"4.5","Review Count":"2","Phone":"098503 90758","Address":"13, Meenakshi Tower, Ambedkar Rd, Rajwada Nagar, Nashik Road, Nashik, Maharashtra 422101, India","Maps Link":"https://maps.google.com/?cid=14290430260481267857&g_mp=Cidnb29nbGUubWFwcy5wbGFjZXMudjEuUGxhY2VzLlNlYXJjaFRleHQQAhgEIAA"}},{"type":"Feature","geometry":{"type":"Point","coordinates":[73.8402469,19.9716447]},"properties":{"Taluka":"Nashik","Zone":"Nashik Central","Category":"Kirana / General Store","Name":"Mahavir Provision Stores","Type":"General Store","Rating":"4.3","Review Count":"302","Phone":"0253 241 3314","Address":"4, Citi Arcade, Jail Rd, Krishna Colony, Nashik Road, Nashik, Maharashtra 422101, India","Maps Link":"https://maps.google.com/?cid=361763209261075230&g_mp=Cidnb29nbGUubWFwcy5wbGFjZXMudjEuUGxhY2VzLlNlYXJjaFRleHQQAhgEIAA"}},{"type":"Feature","geometry":{"type":"Point","coordinates":[73.768524,20.012033]},"properties":{"Taluka":"Nashik","Zone":"Nashik Central","Category":"Kirana / General Store","Name":"Manasi Provision and General Store","Type":"General Store","Rating":"4.2","Review Count":"6","Phone":"084217 31696","Address":"Shop No. 5, Shrirang Mangal Apartment, Gangapur Rd, Vise Mala, Arcit Vihar Wing B, Shreerang Nagar, Nashik, Maharashtra 422013, India","Maps Link":"https://maps.google.com/?cid=10583791487096437639&g_mp=Cidnb29nbGUubWFwcy5wbGFjZXMudjEuUGxhY2VzLlNlYXJjaFRleHQQAhgEIAA"}},{"type":"Feature","geometry":{"type":"Point","coordinates":[73.756265,19.9673689]},"properties":{"Taluka":"Nashik","Zone":"Nashik Central","Category":"Kirana / General Store","Name":"Manoj Kirana And General Stores","Type":"General Store","Rating":"4.4","Review Count":"14","Phone":"094239 25365","Address":"Prerana Chowk, N-525/F/1/24/1, Uttam Nagar Rd, Cidco College, Uttam Nagar, Nashik, Maharashtra 422008, India","Maps Link":"https://maps.google.com/?cid=1999688637728201028&g_mp=Cidnb29nbGUubWFwcy5wbGFjZXMudjEuUGxhY2VzLlNlYXJjaFRleHQQAhgEIAA"}},{"type":"Feature","geometry":{"type":"Point","coordinates":[73.7528879,19.9856078]},"properties":{"Taluka":"Nashik","Zone":"Nashik Central","Category":"Kirana / General Store","Name":"Mishra General Store","Type":"General Store","Rating":"5","Review Count":"1","Phone":"097623 84399","Address":"New Nashik, Shivshakti Nagar, Nashik, Maharashtra 422008, India","Maps Link":"https://maps.google.com/?cid=2353315485862725786&g_mp=Cidnb29nbGUubWFwcy5wbGFjZXMudjEuUGxhY2VzLlNlYXJjaFRleHQQAhgEIAA"}},{"type":"Feature","geometry":{"type":"Point","coordinates":[73.7922509,19.998503]},"properties":{"Taluka":"Nashik","Zone":"Nashik Central","Category":"Kirana / General Store","Name":"Muzaffar General Store","Type":"General Store","Rating":"2.3","Review Count":"3","Phone":"096656 31308","Address":"Pinjar Ghat, Doodh Bazar, Old Nashik, Nashik, Maharashtra 422001, India","Maps Link":"https://maps.google.com/?cid=14946054694845226304&g_mp=Cidnb29nbGUubWFwcy5wbGFjZXMudjEuUGxhY2VzLlNlYXJjaFRleHQQAhgEIAA"}},{"type":"Feature","geometry":{"type":"Point","coordinates":[73.7869064,19.9957778]},"properties":{"Taluka":"Nashik","Zone":"Nashik Central","Category":"Kirana / General Store","Name":"Naresh Kirana & General Stores","Type":"General Store","Rating":"4.4","Review Count":"5","Phone":"090214 22303","Address":"XQWP+8Q7, Aakar Hotel Road, Panchsheel Nagar, Nashik, Maharashtra 422001, India","Maps Link":"https://maps.google.com/?cid=4615076694470873798&g_mp=Cidnb29nbGUubWFwcy5wbGFjZXMudjEuUGxhY2VzLlNlYXJjaFRleHQQAhgEIAA"}},{"type":"Feature","geometry":{"type":"Point","coordinates":[73.7370345,20.0064815]},"properties":{"Taluka":"Nashik","Zone":"Nashik Central","Category":"Kirana / General Store","Name":"Navkar Kirana And General Stores","Type":"Grocery Store","Rating":"4.8","Review Count":"10","Phone":"095617 80906","Address":"Ganesh Nagar, Satpur Colony, Nashik, Maharashtra 422007, India","Maps Link":"https://maps.google.com/?cid=10493718764158346113&g_mp=Cidnb29nbGUubWFwcy5wbGFjZXMudjEuUGxhY2VzLlNlYXJjaFRleHQQAhgEIAA"}},{"type":"Feature","geometry":{"type":"Point","coordinates":[73.7916859,19.98227]},"properties":{"Taluka":"Nashik","Zone":"Nashik Central","Category":"Kirana / General Store","Name":"New Kailas Kirana Stores","Type":"Grocery Store","Rating":"4.4","Review Count":"8","Phone":"093702 94644","Address":"Plot No.51, Shree Ashapuri Nivas, Wadala Rd, Vinay Nagar, Nashik, Maharashtra 422006, India","Maps Link":"https://maps.google.com/?cid=13731661431554133928&g_mp=Cidnb29nbGUubWFwcy5wbGFjZXMudjEuUGxhY2VzLlNlYXJjaFRleHQQAhgEIAA"}},{"type":"Feature","geometry":{"type":"Point","coordinates":[73.7525246,19.9736124]},"properties":{"Taluka":"Nashik","Zone":"Nashik Central","Category":"Kirana / General Store","Name":"New Sadguru General Stores","Type":"General Store","Rating":"5","Review Count":"10","Phone":"095792 80500","Address":"Shop number 4, Samar Pride, Front of Nikhil Park 3, Kamatwade Rd, Mhasoba Nagar, Kamal Nagar, Nashik, Maharashtra 422008, India","Maps Link":"https://maps.google.com/?cid=12331925297791401170&g_mp=Cidnb29nbGUubWFwcy5wbGFjZXMudjEuUGxhY2VzLlNlYXJjaFRleHQQAhgEIAA"}},{"type":"Feature","geometry":{"type":"Point","coordinates":[73.7912939,19.980648]},"properties":{"Taluka":"Nashik","Zone":"Nashik Central","Category":"Kirana / General Store","Name":"New Vinay Kirana Stores","Type":"Grocery Store","Rating":"4.5","Review Count":"8","Phone":"099608 99733","Address":"Hanuman Temple, Shop No. 95, Wadla Pathardi Road, Vinay Nagar, Nashik, Maharashtra 422006, India","Maps Link":"https://maps.google.com/?cid=18210137888263666033&g_mp=Cidnb29nbGUubWFwcy5wbGFjZXMudjEuUGxhY2VzLlNlYXJjaFRleHQQAhgEIAA"}},{"type":"Feature","geometry":{"type":"Point","coordinates":[73.8075646,19.9738387]},"properties":{"Taluka":"Nashik","Zone":"Nashik Central","Category":"Kirana / General Store","Name":"Om General Stores","Type":"General Store","Rating":"3.8","Review Count":"12","Phone":"099211 19603","Address":"XRF5+G2P, Tagore Nagar, Nashik, Maharashtra 422006, India","Maps Link":"https://maps.google.com/?cid=12447226331153097316&g_mp=Cidnb29nbGUubWFwcy5wbGFjZXMudjEuUGxhY2VzLlNlYXJjaFRleHQQAhgEIAA"}},{"type":"Feature","geometry":{"type":"Point","coordinates":[73.7575018,19.9866203]},"properties":{"Taluka":"Nashik","Zone":"Nashik Central","Category":"Kirana / General Store","Name":"Om Shiv Sai Kirana","Type":"General Store","Rating":"5","Review Count":"2","Phone":"091563 17777","Address":"ITI To Untwadi Rd, Shivshakti Nagar, Nashik, Maharashtra 422008, India","Maps Link":"https://maps.google.com/?cid=14080910168635572766&g_mp=Cidnb29nbGUubWFwcy5wbGFjZXMudjEuUGxhY2VzLlNlYXJjaFRleHQQAhgEIAA"}},{"type":"Feature","geometry":{"type":"Point","coordinates":[73.8146536,19.9758005]},"properties":{"Taluka":"Nashik","Zone":"Nashik Central","Category":"Kirana / General Store","Name":"PRABHA GENERAL STORES","Type":"General Store","Rating":"4","Review Count":"4","Phone":"094227 97143","Address":"Shop No. 14, Gandhinagar, Nashik Road, Nashik, Maharashtra 422006, India","Maps Link":"https://maps.google.com/?cid=9123689690674139920&g_mp=Cidnb29nbGUubWFwcy5wbGFjZXMudjEuUGxhY2VzLlNlYXJjaFRleHQQAhgEIAA"}},{"type":"Feature","geometry":{"type":"Point","coordinates":[73.840127,19.977584]},"properties":{"Taluka":"Nashik","Zone":"Nashik Central","Category":"Kirana / General Store","Name":"Pankaj Kirana & General Stores","Type":"General Store","Rating":"4.5","Review Count":"2","Phone":"099600 19813","Address":"Manjula Nivas, Old Saikheda Rd, Near Shree Durga Mata Mandir, Gurudatta Nagar, Dasak, Nashik, Maharashtra 422101, India","Maps Link":"https://maps.google.com/?cid=7310732707636994795&g_mp=Cidnb29nbGUubWFwcy5wbGFjZXMudjEuUGxhY2VzLlNlYXJjaFRleHQQAhgEIAA"}},{"type":"Feature","geometry":{"type":"Point","coordinates":[73.7927455,19.9972499]},"properties":{"Taluka":"Nashik","Zone":"Nashik Central","Category":"Kirana / General Store","Name":"Rahat General Stores","Type":"General Store","Rating":"4.7","Review Count":"3","Phone":"093252 05808","Address":"XQWV+V3X Kazi Tailor, Old Nashik, Multanpura, Nashik, Maharashtra 422001, India","Maps Link":"https://maps.google.com/?cid=14447728208891712692&g_mp=Cidnb29nbGUubWFwcy5wbGFjZXMudjEuUGxhY2VzLlNlYXJjaFRleHQQAhgEIAA"}},{"type":"Feature","geometry":{"type":"Point","coordinates":[73.7716807,19.9969764]},"properties":{"Taluka":"Nashik","Zone":"Nashik Central","Category":"Kirana / General Store","Name":"Rahul Foods & General Stores","Type":"General Store","Rating":"4.8","Review Count":"8","Phone":"098501 90081","Address":"Shop No. 19/A, Racca Colony, Holaram Colony, Sharanpur, Nashik, Maharashtra 422002, India","Maps Link":"https://maps.google.com/?cid=121484298298792548&g_mp=Cidnb29nbGUubWFwcy5wbGFjZXMudjEuUGxhY2VzLlNlYXJjaFRleHQQAhgEIAA"}},{"type":"Feature","geometry":{"type":"Point","coordinates":[73.8061331,19.974156]},"properties":{"Taluka":"Nashik","Zone":"Nashik Central","Category":"Kirana / General Store","Name":"Rahul Kirana And General Stores","Type":"Grocery Store","Rating":"4.4","Review Count":"8","Address":"XRF4+MF6, Tagore Nagar, Nashik, Maharashtra 422006, India","Maps Link":"https://maps.google.com/?cid=14341786405878146144&g_mp=Cidnb29nbGUubWFwcy5wbGFjZXMudjEuUGxhY2VzLlNlYXJjaFRleHQQAhgEIAA"}},{"type":"Feature","geometry":{"type":"Point","coordinates":[73.7894252,19.9635658]},"properties":{"Taluka":"Nashik","Zone":"Nashik Central","Category":"Kirana / General Store","Name":"Raja kirana","Type":"Grocery Store","Rating":"4.4","Review Count":"5","Phone":"096577 66805","Address":"Wadala Gaon, Nashik, Maharashtra 422006, India","Maps Link":"https://maps.google.com/?cid=4824448716451643865&g_mp=Cidnb29nbGUubWFwcy5wbGFjZXMudjEuUGxhY2VzLlNlYXJjaFRleHQQAhgEIAA"}},{"type":"Feature","geometry":{"type":"Point","coordinates":[73.785839,19.9869389]},"properties":{"Taluka":"Nashik","Zone":"Nashik Central","Category":"Kirana / General Store","Name":"Rajesh Kirana Centre","Type":"Asian Grocery Store","Rating":"3.5","Review Count":"13","Phone":"098344 61480","Address":"Rugved- B, Mumbai Naka, Bhagwant Nagar, Dr.Homi Bhabha Nagar, Nashik, Maharashtra 422011, India","Maps Link":"https://maps.google.com/?cid=4305472580678641845&g_mp=Cidnb29nbGUubWFwcy5wbGFjZXMudjEuUGxhY2VzLlNlYXJjaFRleHQQAhgEIAA"}},{"type":"Feature","geometry":{"type":"Point","coordinates":[73.793236,19.982257]},"properties":{"Taluka":"Nashik","Zone":"Nashik Central","Category":"Kirana / General Store","Name":"Raza Kirana And General Stores","Type":"General Store","Rating":"3.4","Review Count":"14","Phone":"097636 06487","Address":"Shop No. 5, Ayeesha Classic, Rehnuma Nagar, Nashik, Maharashtra 422011, India","Maps Link":"https://maps.google.com/?cid=11421831594015801049&g_mp=Cidnb29nbGUubWFwcy5wbGFjZXMudjEuUGxhY2VzLlNlYXJjaFRleHQQAhgEIAA"}},{"type":"Feature","geometry":{"type":"Point","coordinates":[73.7674712,19.9721574]},"properties":{"Taluka":"Nashik","Zone":"Nashik Central","Category":"Kirana / General Store","Name":"Rupsagar General Stores","Type":"General Store","Rating":"4.6","Review Count":"14","Phone":"088888 30408","Address":"Audumbar Stop, M/N-9/G-1/6/4, Cidco, Nashik, Maharashtra 422009, India","Maps Link":"https://maps.google.com/?cid=13605523732861012880&g_mp=Cidnb29nbGUubWFwcy5wbGFjZXMudjEuUGxhY2VzLlNlYXJjaFRleHQQAhgEIAA"}},{"type":"Feature","geometry":{"type":"Point","coordinates":[73.7591121,19.9825289]},"properties":{"Taluka":"Nashik","Zone":"Nashik Central","Category":"Kirana / General Store","Name":"SACHIDANAND KIRANA STORE","Type":"Grocery Store","Rating":"4","Review Count":"6","Phone":"098905 68527","Address":"Shop No 01 Trimurti Chowk, Patil Nagar, Nashik, Maharashtra 422008, India","Maps Link":"https://maps.google.com/?cid=17743908805708692298&g_mp=Cidnb29nbGUubWFwcy5wbGFjZXMudjEuUGxhY2VzLlNlYXJjaFRleHQQAhgEIAA"}},{"type":"Feature","geometry":{"type":"Point","coordinates":[73.7599741,19.9796472]},"properties":{"Taluka":"Nashik","Zone":"Nashik Central","Category":"Kirana / General Store","Name":"SAI SEVA TRADER'S KIRANA & GENERAL STORE","Type":"Asian Grocery Store","Rating":"3.4","Review Count":"24","Phone":"099222 90916","Address":"SHIVSHNKAR CHOWK, OMKARESWARE MAHADEV MANDIR, N-41-VB-1/3/11, near VAIBHAV SUPER SHOPEE, Savata Nagar, Nashik, Maharashtra 422008, India","Maps Link":"https://maps.google.com/?cid=6135902530720810461&g_mp=Cidnb29nbGUubWFwcy5wbGFjZXMudjEuUGxhY2VzLlNlYXJjaFRleHQQAhgEIAA"}},{"type":"Feature","geometry":{"type":"Point","coordinates":[73.8410348,19.9750705]},"properties":{"Taluka":"Nashik","Zone":"Nashik Central","Category":"Kirana / General Store","Name":"SHREE KAWADE KIRANA AND GENERAL STORE","Type":"Grocery Store","Rating":"4.7","Review Count":"58","Phone":"092708 15979","Address":"SHREE KAWADE KIRANA, Jail Rd, Opposite Manjula Karyalay, Nashik Road, Nashik, Maharashtra 422101, India","Maps Link":"https://maps.google.com/?cid=11609499065773037317&g_mp=Cidnb29nbGUubWFwcy5wbGFjZXMudjEuUGxhY2VzLlNlYXJjaFRleHQQAhgEIAA"}},{"type":"Feature","geometry":{"type":"Point","coordinates":[73.7731162,19.9965863]},"properties":{"Taluka":"Nashik","Zone":"Nashik Central","Category":"Kirana / General Store","Name":"SIYA KIRANA & GENERAL STORE","Type":"General Store","Review Count":"0","Address":"Sharanpur Rd, Gupta wadi, kasturba nagar, Nashik, Maharashtra 422002, India","Maps Link":"https://maps.google.com/?cid=10175419648598300514&g_mp=Cidnb29nbGUubWFwcy5wbGFjZXMudjEuUGxhY2VzLlNlYXJjaFRleHQQAhgEIAA"}},{"type":"Feature","geometry":{"type":"Point","coordinates":[73.7839583,19.9975869]},"properties":{"Taluka":"Nashik","Zone":"Nashik Central","Category":"Kirana / General Store","Name":"SURESH KUMAR BHIKULAL MANTRI KIRANA/KIRKOL","Type":"Asian Grocery Store","Review Count":"0","Phone":"098228 21217","Address":"Ghass Bazar, 1327, Trimbak Darwaza, Old Nashik, Mohan Nagar, Nashik, Maharashtra 422001, India","Maps Link":"https://maps.google.com/?cid=10011961511239624558&g_mp=Cidnb29nbGUubWFwcy5wbGFjZXMudjEuUGxhY2VzLlNlYXJjaFRleHQQAhgEIAA"}},{"type":"Feature","geometry":{"type":"Point","coordinates":[73.8021367,19.9934429]},"properties":{"Taluka":"Nashik","Zone":"Nashik Central","Category":"Kirana / General Store","Name":"Saifee Kirana Store","Type":"Asian Grocery Store","Rating":"4.4","Review Count":"8","Phone":"0253 259 5312","Address":"Saif Apartments, Kathe Ln, opp. Ravindra School, Dwarka, Nashik, Maharashtra 422011, India","Maps Link":"https://maps.google.com/?cid=309564143107960514&g_mp=Cidnb29nbGUubWFwcy5wbGFjZXMudjEuUGxhY2VzLlNlYXJjaFRleHQQAhgEIAA"}},{"type":"Feature","geometry":{"type":"Point","coordinates":[73.8481662,20.0189786]},"properties":{"Taluka":"Nashik","Zone":"Nashik Central","Category":"Kirana / General Store","Name":"Sairam kirana and general store","Type":"Asian Grocery Store","Rating":"4.9","Review Count":"22","Phone":"080878 95976","Address":"Pradnya society, Konark Nagar, Nashik, Maharashtra 422003, India","Maps Link":"https://maps.google.com/?cid=6545047659428050911&g_mp=Cidnb29nbGUubWFwcy5wbGFjZXMudjEuUGxhY2VzLlNlYXJjaFRleHQQAhgEIAA"}},{"type":"Feature","geometry":{"type":"Point","coordinates":[73.791014,19.9792702]},"properties":{"Taluka":"Nashik","Zone":"Nashik Central","Category":"Kirana / General Store","Name":"Sandeep Kirana Store","Type":"General Store","Rating":"4","Review Count":"3","Phone":"098908 10028","Address":"Matoshri, Gaikar, Plot no 42, Pathardi Rd, Amrutvarsha Colony, Sai Nath Nagar, Nashik, Maharashtra 422006, India","Maps Link":"https://maps.google.com/?cid=9676606359679904754&g_mp=Cidnb29nbGUubWFwcy5wbGFjZXMudjEuUGxhY2VzLlNlYXJjaFRleHQQAhgEIAA"}},{"type":"Feature","geometry":{"type":"Point","coordinates":[73.7523538,19.9852967]},"properties":{"Taluka":"Nashik","Zone":"Nashik Central","Category":"Kirana / General Store","Name":"Sandeep Provision And General Stores","Type":"General Store","Rating":"5","Review Count":"6","Phone":"0253 239 4090","Address":"N-42/CA-3/2/6, New Nashik, Cidco, Shivshakti Nagar, Nashik, Maharashtra 422008, India","Maps Link":"https://maps.google.com/?cid=17913623179018503574&g_mp=Cidnb29nbGUubWFwcy5wbGFjZXMudjEuUGxhY2VzLlNlYXJjaFRleHQQAhgEIAA"}},{"type":"Feature","geometry":{"type":"Point","coordinates":[73.7922373,19.9981626]},"properties":{"Taluka":"Nashik","Zone":"Nashik Central","Category":"Kirana / General Store","Name":"Sanjari Kirana & General Store","Type":"General Store","Rating":"4.2","Review Count":"5","Phone":"098507 86097","Address":"Pinjar Ghat, XQXR+7V9, Old Nashik, Multanpura, Nashik, Maharashtra 422001, India","Maps Link":"https://maps.google.com/?cid=16707496101329647147&g_mp=Cidnb29nbGUubWFwcy5wbGFjZXMudjEuUGxhY2VzLlNlYXJjaFRleHQQAhgEIAA"}},{"type":"Feature","geometry":{"type":"Point","coordinates":[73.831805,20.0160369]},"properties":{"Taluka":"Nashik","Zone":"Nashik Central","Category":"Kirana / General Store","Name":"Seema General Stores","Type":"General Store","Rating":"3.5","Review Count":"2","Phone":"098608 50923","Address":"A -13/4, Mumbai Agra Rd, Dattatray Nagar, Hanuman Nagar, Nashik, Maharashtra 422003, India","Maps Link":"https://maps.google.com/?cid=15116910556178888576&g_mp=Cidnb29nbGUubWFwcy5wbGFjZXMudjEuUGxhY2VzLlNlYXJjaFRleHQQAhgEIAA"}},{"type":"Feature","geometry":{"type":"Point","coordinates":[73.7636023,20.005957]},"properties":{"Taluka":"Nashik","Zone":"Nashik Central","Category":"Kirana / General Store","Name":"Shirude Gifts & General Stores","Type":"Gift Shop","Rating":"4.4","Review Count":"10","Phone":"098908 92742","Address":"1, Durga Apartment, College Rd, near BYK College, Kulkarni Baug, Ramdas Colony, Nashik, Maharashtra 422005, India","Maps Link":"https://maps.google.com/?cid=6359325626774245810&g_mp=Cidnb29nbGUubWFwcy5wbGFjZXMudjEuUGxhY2VzLlNlYXJjaFRleHQQAhgEIAA"}},{"type":"Feature","geometry":{"type":"Point","coordinates":[73.7851532,19.9981503]},"properties":{"Taluka":"Nashik","Zone":"Nashik Central","Category":"Kirana / General Store","Name":"Shivneri Kirana General","Type":"General Store","Rating":"4.5","Review Count":"2","Phone":"094215 00610","Address":"XQXP+736, Trambakeshwar Rd, Opposite Arihant Chamber, Warty Colony, Ganjmal, Nashik, Maharashtra 422001, India","Maps Link":"https://maps.google.com/?cid=7572000602963856671&g_mp=Cidnb29nbGUubWFwcy5wbGFjZXMudjEuUGxhY2VzLlNlYXJjaFRleHQQAhgEIAA"}},{"type":"Feature","geometry":{"type":"Point","coordinates":[73.7807437,19.9916477]},"properties":{"Taluka":"Nashik","Zone":"Nashik Central","Category":"Kirana / General Store","Name":"Shraddha Kirana & General Store","Type":"Grocery Store","Rating":"4.5","Review Count":"2","Address":"Shop.no 2, Hariniwas Society, bh Kalika temple, LIC Link Rd, Mumbai Naka, Matoshree Nagar, Nashik, Maharashtra 422002, India","Maps Link":"https://maps.google.com/?cid=11448554435752041116&g_mp=Cidnb29nbGUubWFwcy5wbGFjZXMudjEuUGxhY2VzLlNlYXJjaFRleHQQAhgEIAA"}},{"type":"Feature","geometry":{"type":"Point","coordinates":[73.8055733,19.9699259]},"properties":{"Taluka":"Nashik","Zone":"Nashik Central","Category":"Kirana / General Store","Name":"Shree Gajanan General And Provision Stores","Type":"General Store","Rating":"4.8","Review Count":"4","Phone":"0253 241 1465","Address":"Bus Stop, Wadala Rd, DGP Nagar 1, Nashik, Maharashtra 422006, India","Maps Link":"https://maps.google.com/?cid=1662031960019783174&g_mp=Cidnb29nbGUubWFwcy5wbGFjZXMudjEuUGxhY2VzLlNlYXJjaFRleHQQAhgEIAA"}},{"type":"Feature","geometry":{"type":"Point","coordinates":[73.7595077,20.0065764]},"properties":{"Taluka":"Nashik","Zone":"Nashik Central","Category":"Kirana / General Store","Name":"Shree Gurudatta Telecommunication & General Stores","Type":"Store","Rating":"4","Review Count":"1","Phone":"0253 231 5031","Address":"2Q45+JRJ, College Rd, College Road, Nashik, Maharashtra 422005, India","Maps Link":"https://maps.google.com/?cid=10135919726972407916&g_mp=Cidnb29nbGUubWFwcy5wbGFjZXMudjEuUGxhY2VzLlNlYXJjaFRleHQQAhgEIAA"}},{"type":"Feature","geometry":{"type":"Point","coordinates":[73.7690211,19.9647217]},"properties":{"Taluka":"Nashik","Zone":"Nashik Central","Category":"Kirana / General Store","Name":"Shree Gurukrupa Kirana","Type":"Grocery Store","Rating":"4.3","Review Count":"20","Phone":"090282 01833","Address":"shop no.1, Chetana nagar, Rane Nagar, Nashik, Maharashtra 422009, India","Maps Link":"https://maps.google.com/?cid=14756375001607821478&g_mp=Cidnb29nbGUubWFwcy5wbGFjZXMudjEuUGxhY2VzLlNlYXJjaFRleHQQAhgEIAA"}},{"type":"Feature","geometry":{"type":"Point","coordinates":[73.8009979,20.0073931]},"properties":{"Taluka":"Nashik","Zone":"Nashik Central","Category":"Kirana / General Store","Name":"Shree Gurukrupa Provision And General Stores","Type":"General Store","Rating":"4.6","Review Count":"10","Phone":"096899 81234","Address":"Shop No. 19, 20, Ganeshwadi Rd, Manoday Society, Opp. Sant Nyaneshwar Library, Ganeshwadi, Krishna Nagar, Nashik, Maharashtra 422003, India","Maps Link":"https://maps.google.com/?cid=4349306571961544548&g_mp=Cidnb29nbGUubWFwcy5wbGFjZXMudjEuUGxhY2VzLlNlYXJjaFRleHQQAhgEIAA"}},{"type":"Feature","geometry":{"type":"Point","coordinates":[73.8482288,19.9822585]},"properties":{"Taluka":"Nashik","Zone":"Nashik Central","Category":"Kirana / General Store","Name":"Shree Icchamani Kirana & General Stores","Type":"General Store","Rating":"4.1","Review Count":"36","Phone":"098905 57586","Address":"Shiv Sukh Apartment, Jail Rd, Cytric, Jagruti Nagar, Panchak, Nashik, Maharashtra 422101, India","Maps Link":"https://maps.google.com/?cid=4572172183741555504&g_mp=Cidnb29nbGUubWFwcy5wbGFjZXMudjEuUGxhY2VzLlNlYXJjaFRleHQQAhgEIAA"}},{"type":"Feature","geometry":{"type":"Point","coordinates":[73.7778909,19.9758356]},"properties":{"Taluka":"Nashik","Zone":"Nashik Central","Category":"Kirana / General Store","Name":"Shree Mahalaxmi Kirana Stores","Type":"Grocery Store","Rating":"4","Review Count":"14","Phone":"095451 42123","Address":"Saidarshan Apartment, Kamod Nagar Colony Rd, Kamod Nagar, Indira Nagar, Nashik, Maharashtra 422009, India","Maps Link":"https://maps.google.com/?cid=8676850424878911499&g_mp=Cidnb29nbGUubWFwcy5wbGFjZXMudjEuUGxhY2VzLlNlYXJjaFRleHQQAhgEIAA"}},{"type":"Feature","geometry":{"type":"Point","coordinates":[73.8485432,19.9794417]},"properties":{"Taluka":"Nashik","Zone":"Nashik Central","Category":"Kirana / General Store","Name":"Shree Moreshwar Kirana And General Stores","Type":"General Store","Rating":"4","Review Count":"10","Phone":"098903 58937","Address":"XRHX+QCF, Jail Rd, Rajrajeshwari Chowk, Nashik Rd, Nashik, Maharashtra 422101, India","Maps Link":"https://maps.google.com/?cid=14217812565890434956&g_mp=Cidnb29nbGUubWFwcy5wbGFjZXMudjEuUGxhY2VzLlNlYXJjaFRleHQQAhgEIAA"}},{"type":"Feature","geometry":{"type":"Point","coordinates":[73.786492,19.9869859]},"properties":{"Taluka":"Nashik","Zone":"Nashik Central","Category":"Kirana / General Store","Name":"Siddhivinayak Kirana Stores","Type":"General Store","Rating":"4","Review Count":"6","Phone":"096735 52273","Address":"Shop No. 6, Shree Kalashakti Apartment, Mumbai Naka Cir, Mumbai Naka, Bhagwant Nagar, Dr.Homi Bhabha Nagar, Nashik, Maharashtra 422011, India","Maps Link":"https://maps.google.com/?cid=270575380687072836&g_mp=Cidnb29nbGUubWFwcy5wbGFjZXMudjEuUGxhY2VzLlNlYXJjaFRleHQQAhgEIAA"}},{"type":"Feature","geometry":{"type":"Point","coordinates":[73.7576027,20.0033592]},"properties":{"Taluka":"Nashik","Zone":"Nashik Central","Category":"Kirana / General Store","Name":"Soubhagya Provision And General","Type":"General Store","Rating":"5","Review Count":"3","Phone":"0253 696 2113","Address":"Shop No.2, Pandit Park, Opposite Jogging Park, Krishi Nagar, Nashik, Maharashtra 422005, India","Maps Link":"https://maps.google.com/?cid=10767255349748948923&g_mp=Cidnb29nbGUubWFwcy5wbGFjZXMudjEuUGxhY2VzLlNlYXJjaFRleHQQAhgEIAA"}},{"type":"Feature","geometry":{"type":"Point","coordinates":[73.7626405,20.0062189]},"properties":{"Taluka":"Nashik","Zone":"Nashik Central","Category":"Kirana / General Store","Name":"Sriram Stores","Type":"Book Store","Rating":"5","Review Count":"6","Phone":"0253 257 9942","Address":"Shop No. 6, Hari Niwas Apartment, College Rd, opp. BYK College, Kulkarni Baug, Nashik, Maharashtra 422005, India","Maps Link":"https://maps.google.com/?cid=1058146647940425935&g_mp=Cidnb29nbGUubWFwcy5wbGFjZXMudjEuUGxhY2VzLlNlYXJjaFRleHQQAhgEIAA"}},{"type":"Feature","geometry":{"type":"Point","coordinates":[73.7834687,20.0000069]},"properties":{"Taluka":"Nashik","Zone":"Nashik Central","Category":"Kirana / General Store","Name":"Sumeet Foods and Provision","Type":"Wholesaler","Rating":"4.8","Review Count":"22","Phone":"098905 28447","Address":"Kanherewadi Rd, near C B S, Kanhere Wadi, Shalimar, Nashik, Maharashtra 422001, India","Maps Link":"https://maps.google.com/?cid=1703648434123947245&g_mp=Cidnb29nbGUubWFwcy5wbGFjZXMudjEuUGxhY2VzLlNlYXJjaFRleHQQAhgEIAA"}},{"type":"Feature","geometry":{"type":"Point","coordinates":[73.7715853,20.0008902]},"properties":{"Taluka":"Nashik","Zone":"Nashik Central","Category":"Kirana / General Store","Name":"Sunny Kirana And General Stores","Type":"Grocery Store","Rating":"5","Review Count":"2","Phone":"073787 81828","Address":"Rachna School Road, Canada Corner, Nashik, Maharashtra 422002, India","Maps Link":"https://maps.google.com/?cid=9034521007100002304&g_mp=Cidnb29nbGUubWFwcy5wbGFjZXMudjEuUGxhY2VzLlNlYXJjaFRleHQQAhgEIAA"}},{"type":"Feature","geometry":{"type":"Point","coordinates":[73.7581941,19.9818673]},"properties":{"Taluka":"Nashik","Zone":"Nashik Central","Category":"Kirana / General Store","Name":"Suvarna Kirana & General Stores","Type":"General Store","Rating":"4.5","Review Count":"6","Phone":"098814 46395","Address":"Samrat Ashok Chowk, N 41/VG 31/5, Patil Nagar, Nashik, Maharashtra 422008, India","Maps Link":"https://maps.google.com/?cid=8539595464669424194&g_mp=Cidnb29nbGUubWFwcy5wbGFjZXMudjEuUGxhY2VzLlNlYXJjaFRleHQQAhgEIAA"}},{"type":"Feature","geometry":{"type":"Point","coordinates":[73.7806248,19.9797861]},"properties":{"Taluka":"Nashik","Zone":"Nashik Central","Category":"Kirana / General Store","Name":"VAISHNAVI GROCERY","Type":"General Store","Rating":"4","Review Count":"9","Phone":"094222 54303","Address":"121A, Suchita Nagar, SUNDERPUR, VARANASI, Nashik, Maharashtra 422009, India","Maps Link":"https://maps.google.com/?cid=6852229522851258003&g_mp=Cidnb29nbGUubWFwcy5wbGFjZXMudjEuUGxhY2VzLlNlYXJjaFRleHQQAhgEIAA"}},{"type":"Feature","geometry":{"type":"Point","coordinates":[73.7890084,19.9808362]},"properties":{"Taluka":"Nashik","Zone":"Nashik Central","Category":"Kirana / General Store","Name":"Vinayak Kirana & General Stores","Type":"General Store","Rating":"4.4","Review Count":"5","Phone":"094239 65695","Address":"Mumbai-Agra Road Indira Nagar, XQJQ+8JJ, Deepali Nagar, Nashik, Maharashtra 422006, India","Maps Link":"https://maps.google.com/?cid=7522879466006117447&g_mp=Cidnb29nbGUubWFwcy5wbGFjZXMudjEuUGxhY2VzLlNlYXJjaFRleHQQAhgEIAA"}},{"type":"Feature","geometry":{"type":"Point","coordinates":[73.7582739,20.0116482]},"properties":{"Taluka":"Nashik","Zone":"Nashik Central","Category":"Kirana / General Store","Name":"YASHAWANT GENERAL STORE","Type":"General Store","Rating":"4.7","Review Count":"3","Phone":"074992 59435","Address":"Shop No 1, Wine Shop, Shahid Circle, beside Gangapur Road, D'souza Colony, Nashik, Maharashtra 422005, India","Maps Link":"https://maps.google.com/?cid=13473820691311805381&g_mp=Cidnb29nbGUubWFwcy5wbGFjZXMudjEuUGxhY2VzLlNlYXJjaFRleHQQAhgEIAA"}},{"type":"Feature","geometry":{"type":"Point","coordinates":[73.8228171,20.0112933]},"properties":{"Taluka":"Nashik","Zone":"Nashik Central","Category":"Kirana / General Store","Name":"Yashodan Kirana And General Stores","Type":"General Store","Rating":"4","Review Count":"2","Phone":"087887 40526","Address":"Shop No 1, Main Road, near KK Wagh College Road, Durga Nagar, Nashik, Maharashtra 422003, India","Maps Link":"https://maps.google.com/?cid=10256604862188365416&g_mp=Cidnb29nbGUubWFwcy5wbGFjZXMudjEuUGxhY2VzLlNlYXJjaFRleHQQAhgEIAA"}},{"type":"Feature","geometry":{"type":"Point","coordinates":[73.7517102,19.9888788]},"properties":{"Taluka":"Nashik","Zone":"Nashik Central","Category":"Kirana / General Store","Name":"Yogesh Kirana Stores","Type":"General Store","Rating":"5","Review Count":"4","Phone":"092732 10568","Address":"XQQ2+HM4, ITI Rd, Near ITI Pool, Shahu Nagar, Cidco, Nashik, Maharashtra 422008, India","Maps Link":"https://maps.google.com/?cid=7801597991401253949&g_mp=Cidnb29nbGUubWFwcy5wbGFjZXMudjEuUGxhY2VzLlNlYXJjaFRleHQQAhgEIAA"}},{"type":"Feature","geometry":{"type":"Point","coordinates":[73.7599758,19.9730153]},"properties":{"Taluka":"Nashik","Zone":"Nashik Central","Category":"Kirana / General Store","Name":"Yogesh Provision And General Stores","Type":"General Store","Rating":"3.9","Review Count":"15","Phone":"095615 44326","Address":"N-41-ACD 1, 23, 1, Anand Nagar, Cidco, Nashik, Maharashtra 422008, India","Maps Link":"https://maps.google.com/?cid=13924296371186675707&g_mp=Cidnb29nbGUubWFwcy5wbGFjZXMudjEuUGxhY2VzLlNlYXJjaFRleHQQAhgEIAA"}},{"type":"Feature","geometry":{"type":"Point","coordinates":[73.7390605,19.9895873]},"properties":{"Taluka":"Nashik","Zone":"Nashik Central","Category":"Kirana / General Store","Name":"sanap kirana stores","Type":"General Store","Rating":"4.2","Review Count":"14","Address":"CIDCO - Satpur Rd, Swarbaba Nagar, Satpur Gaon, Satpur Colony, Nashik, Maharashtra 422010, India","Maps Link":"https://maps.google.com/?cid=11107415519541352023&g_mp=Cidnb29nbGUubWFwcy5wbGFjZXMudjEuUGxhY2VzLlNlYXJjaFRleHQQAhgEIAA"}},{"type":"Feature","geometry":{"type":"Point","coordinates":[73.7713891,20.0001567]},"properties":{"Taluka":"Nashik","Zone":"Nashik Central","Category":"Kirana / General Store","Name":"आराधना स्टोअर्स किराणा ॲण्ड जनरल","Type":"Grocery Store","Review Count":"0","Phone":"083909 51368","Address":"2Q2C+3H6, Rachana Vidyalaya Rd, Sharanpur, Nashik, Maharashtra 422002, India","Maps Link":"https://maps.google.com/?cid=12006988598533766496&g_mp=Cidnb29nbGUubWFwcy5wbGFjZXMudjEuUGxhY2VzLlNlYXJjaFRleHQQAhgEIAA"}},{"type":"Feature","geometry":{"type":"Point","coordinates":[73.7881302,19.9840657]},"properties":{"Taluka":"Nashik","Zone":"Nashik Central","Category":"Wholesale Provision Store","Name":"Metro Wholesale and Retail Kirana Store, Bharat Nagar, Wadala Road, Nashik","Type":"Asian Grocery Store","Rating":"5","Review Count":"2","Phone":"094204 71323","Address":"Lane, Walala Road, Bharat Nagar, Nashik, Maharashtra 422006, India","Maps Link":"https://maps.google.com/?cid=4720553008205496289&g_mp=Cidnb29nbGUubWFwcy5wbGFjZXMudjEuUGxhY2VzLlNlYXJjaFRleHQQAhgEIAA"}},{"type":"Feature","geometry":{"type":"Point","coordinates":[73.8394318,19.94708]},"properties":{"Taluka":"Nashik","Zone":"Nashik Central","Category":"Wholesale Provision Store","Name":"Onion Traders, Exporters and Wholesale supplier at Nashik by RJT Group","Type":"Food","Rating":"4.8","Review Count":"67","Address":"Nashik Road, Opposite Sai Vyapar Bhavan, WRWQ+RQM, Rajwada Nagar, Deolali Gaon, Nashik, Maharashtra 422101, India","Maps Link":"https://maps.google.com/?cid=16869400103494988315&g_mp=Cidnb29nbGUubWFwcy5wbGFjZXMudjEuUGxhY2VzLlNlYXJjaFRleHQQAhgEIAA"}},{"type":"Feature","geometry":{"type":"Point","coordinates":[73.7918371,19.9970753]},"properties":{"Taluka":"Nashik","Zone":"Nashik Central","Category":"Wholesale Provision Store","Name":"SF FOODS WHOLESALE DISTRIBUTERS","Type":"Grocery Store","Rating":"4","Review Count":"1","Phone":"097637 48864","Address":"Sayye baba chowk, iqbal impaiar, Koknipura Rd, Old Nashik, Multanpura, Nashik, Maharashtra 422001, India","Maps Link":"https://maps.google.com/?cid=2404575552097403127&g_mp=Cidnb29nbGUubWFwcy5wbGFjZXMudjEuUGxhY2VzLlNlYXJjaFRleHQQAhgEIAA"}},{"type":"Feature","geometry":{"type":"Point","coordinates":[73.7135814,20.0097321]},"properties":{"Taluka":"Nashik","Zone":"Nashik Central","Category":"Wholesale Provision Store","Name":"सुपर किराणा होलसेल किराणा","Type":"Wholesaler","Review Count":"0","Phone":"086573 23278","Address":"Super Kiraana wholesale kirana, RH no.02, Bhavar tower, 02,D, M Corp.) 422012, P no. 19, Shivaji Nagar, Girnare, Nashik, Maharashtra 422012, India","Maps Link":"https://maps.google.com/?cid=8596918889769133356&g_mp=Cidnb29nbGUubWFwcy5wbGFjZXMudjEuUGxhY2VzLlNlYXJjaFRleHQQAhgEIAA"}},{"type":"Feature","geometry":{"type":"Point","coordinates":[73.7927355,19.9969143]},"properties":{"Taluka":"Nashik","Zone":"Nashik Central","Category":"Other Grocery Shop","Name":"BHARAT TRADERS ( Wheat / Rice Merchant )","Type":"Wholesaler","Rating":"5","Review Count":"3","Phone":"070668 51762","Address":"Police Station, Kazipura Rd, near Kazipura, Old Nashik, Multanpura, Nashik, Maharashtra 422001, India","Maps Link":"https://maps.google.com/?cid=5407643234660678020&g_mp=Cidnb29nbGUubWFwcy5wbGFjZXMudjEuUGxhY2VzLlNlYXJjaFRleHQQAhgEIAA"}},{"type":"Feature","geometry":{"type":"Point","coordinates":[73.770434,19.9978467]},"properties":{"Taluka":"Nashik","Zone":"Nashik Central","Category":"Other Grocery Shop","Name":"Barkat Contractor","Type":"Grocery Store","Rating":"5","Review Count":"1","Phone":"077220 97999","Address":"5, Sharanpur Rd, Holaram Colony, Sharanpur, Nashik, Maharashtra 422002, India","Maps Link":"https://maps.google.com/?cid=7562260282150020876&g_mp=Cidnb29nbGUubWFwcy5wbGFjZXMudjEuUGxhY2VzLlNlYXJjaFRleHQQAhgEIAA"}},{"type":"Feature","geometry":{"type":"Point","coordinates":[73.7722352,20.002406]},"properties":{"Taluka":"Nashik","Zone":"Nashik Central","Category":"Other Grocery Shop","Name":"Dilipkumar Dwarkadas Patel","Type":"Grocery Store","Rating":"4","Review Count":"4","Phone":"0253 257 1826","Address":"Ashirwad Apartment, Sharanpur Rd, Sharanpur, Nashik, Maharashtra 422002, India","Maps Link":"https://maps.google.com/?cid=10007296159335255114&g_mp=Cidnb29nbGUubWFwcy5wbGFjZXMudjEuUGxhY2VzLlNlYXJjaFRleHQQAhgEIAA"}},{"type":"Feature","geometry":{"type":"Point","coordinates":[73.7898846,19.998937]},"properties":{"Taluka":"Nashik","Zone":"Nashik Central","Category":"Other Grocery Shop","Name":"Huma Trading Company","Type":"Grocery Store","Rating":"4.7","Review Count":"7","Phone":"077458 78692","Address":"House No 1326 3/4, Razzak Manzil, Doodh Bazar Rd, near Nawab Chaiwala, Koknipura, Nashik, Maharashtra 422001, India","Maps Link":"https://maps.google.com/?cid=5742533662394985533&g_mp=Cidnb29nbGUubWFwcy5wbGFjZXMudjEuUGxhY2VzLlNlYXJjaFRleHQQAhgEIAA"}},{"type":"Feature","geometry":{"type":"Point","coordinates":[73.7671531,19.9673503]},"properties":{"Taluka":"Nashik","Zone":"Nashik Central","Category":"Other Grocery Shop","Name":"Janlaxmi Super Shopee","Type":"Grocery Store","Rating":"4.4","Review Count":"107","Phone":"098602 85154","Address":"5/37/1, N-32/N, Swami Vivekanand Nagar Rd, New, Cidco, Nashik, Maharashtra 422009, India","Website":"https://sites.google.com/view/janlaxmisupershopee/home","Maps Link":"https://maps.google.com/?cid=4982038392528382626&g_mp=Cidnb29nbGUubWFwcy5wbGFjZXMudjEuUGxhY2VzLlNlYXJjaFRleHQQAhgEIAA"}},{"type":"Feature","geometry":{"type":"Point","coordinates":[73.7666086,20.0045435]},"properties":{"Taluka":"Nashik","Zone":"Nashik Central","Category":"Other Grocery Shop","Name":"Laxmi Super Market","Type":"Grocery Store","Rating":"2","Review Count":"1","Phone":"0253 231 1964","Address":"2Q38+RJ9, College Rd, Vise Mala, Canada Corner, Nashik, Maharashtra 422005, India","Maps Link":"https://maps.google.com/?cid=4549018290224942318&g_mp=Cidnb29nbGUubWFwcy5wbGFjZXMudjEuUGxhY2VzLlNlYXJjaFRleHQQAhgEIAA"}},{"type":"Feature","geometry":{"type":"Point","coordinates":[73.7850926,19.9811986]},"properties":{"Taluka":"Nashik","Zone":"Nashik Central","Category":"Other Grocery Shop","Name":"Laxmi Super Market","Type":"Grocery Store","Rating":"3.9","Review Count":"8","Phone":"099222 49040","Address":"XQJP+F2G, Deepali Nagar, Nashik, Maharashtra 422009, India","Maps Link":"https://maps.google.com/?cid=15813286153732131681&g_mp=Cidnb29nbGUubWFwcy5wbGFjZXMudjEuUGxhY2VzLlNlYXJjaFRleHQQAhgEIAA"}},{"type":"Feature","geometry":{"type":"Point","coordinates":[73.7925517,19.9875989]},"properties":{"Taluka":"Nashik","Zone":"Nashik Central","Category":"Other Grocery Shop","Name":"New City Mart","Type":"Grocery Store","Rating":"5","Review Count":"1","Address":"Hirve nagar, Wadala Rd, Dr.Homi Bhabha Nagar, Nashik, Maharashtra 422011, India","Maps Link":"https://maps.google.com/?cid=301959227988193003&g_mp=Cidnb29nbGUubWFwcy5wbGFjZXMudjEuUGxhY2VzLlNlYXJjaFRleHQQAhgEIAA"}},{"type":"Feature","geometry":{"type":"Point","coordinates":[73.7664345,20.0112721]},"properties":{"Taluka":"Nashik","Zone":"Nashik Central","Category":"Other Grocery Shop","Name":"New Prakash Super Market","Type":"Grocery Store","Rating":"5","Review Count":"13","Phone":"089759 16626","Address":"Shop No. 5, Garden Plaza, Pumping Station, Apartment, Gangapur Rd, near Mamungi Mangal Karyalaya, Saubhagya Nagar, Nashik, Maharashtra 422013, India","Maps Link":"https://maps.google.com/?cid=7389331474155182920&g_mp=Cidnb29nbGUubWFwcy5wbGFjZXMudjEuUGxhY2VzLlNlYXJjaFRleHQQAhgEIAA"}},{"type":"Feature","geometry":{"type":"Point","coordinates":[73.7657515,20.0058077]},"properties":{"Taluka":"Nashik","Zone":"Nashik Central","Category":"Other Grocery Shop","Name":"Om Sai Ram Hot Chips","Type":"Grocery Store","Rating":"3.8","Review Count":"41","Address":"Opposite Big Bazar, Vitthal Mandir, Shop No. 1, Rahalkar Bros Apartment, Patil Colony, College Rd, Nashik, Maharashtra 422005, India","Maps Link":"https://maps.google.com/?cid=12539905162518046700&g_mp=Cidnb29nbGUubWFwcy5wbGFjZXMudjEuUGxhY2VzLlNlYXJjaFRleHQQAhgEIAA"}},{"type":"Feature","geometry":{"type":"Point","coordinates":[73.7768153,20.00471]},"properties":{"Taluka":"Nashik","Zone":"Nashik Central","Category":"Other Grocery Shop","Name":"Om Super Market & Tailor","Type":"Grocery Store","Rating":"4.8","Review Count":"4","Address":"2, Lane Number 1, Thakkar Nagar, Pandit Colony, Nashik, Maharashtra 422002, India","Maps Link":"https://maps.google.com/?cid=18040863465634755766&g_mp=Cidnb29nbGUubWFwcy5wbGFjZXMudjEuUGxhY2VzLlNlYXJjaFRleHQQAhgEIAA"}},{"type":"Feature","geometry":{"type":"Point","coordinates":[73.836687,19.952789]},"properties":{"Taluka":"Nashik","Zone":"Nashik Central","Category":"Other Grocery Shop","Name":"Pavan Bazar","Type":"Grocery Store","Rating":"3.9","Review Count":"64","Phone":"090282 02943","Address":"Shop Number 3, Eshwar Sankul-C, Bytco Point, Gayakhe Colony, Nashik Rd, Nashik, Maharashtra 422101, India","Maps Link":"https://maps.google.com/?cid=17427744283429333372&g_mp=Cidnb29nbGUubWFwcy5wbGFjZXMudjEuUGxhY2VzLlNlYXJjaFRleHQQAhgEIAA"}},{"type":"Feature","geometry":{"type":"Point","coordinates":[73.8357527,19.9527201]},"properties":{"Taluka":"Nashik","Zone":"Nashik Central","Category":"Other Grocery Shop","Name":"Pratik Kumar & Co.","Type":"Grocery Store","Rating":"4.6","Review Count":"18","Phone":"0253 245 3687","Address":"XR3P+38J, Gaikwad Mala Rd, Gayakhe Colony, Deolali Gaon, Nashik, Maharashtra 422101, India","Maps Link":"https://maps.google.com/?cid=1645943378087668084&g_mp=Cidnb29nbGUubWFwcy5wbGFjZXMudjEuUGxhY2VzLlNlYXJjaFRleHQQAhgEIAA"}},{"type":"Feature","geometry":{"type":"Point","coordinates":[73.8353723,19.9473696]},"properties":{"Taluka":"Nashik","Zone":"Nashik Central","Category":"Other Grocery Shop","Name":"SAURABH Super Market","Type":"Grocery Store","Rating":"4.3","Review Count":"29","Phone":"098509 04565","Address":"Shop 3/4, Shriram Anand Sankul, Artillery Centre Rd, Nashik Road, Nashik, Maharashtra 422101, India","Maps Link":"https://maps.google.com/?cid=14147379268363412120&g_mp=Cidnb29nbGUubWFwcy5wbGFjZXMudjEuUGxhY2VzLlNlYXJjaFRleHQQAhgEIAA"}},{"type":"Feature","geometry":{"type":"Point","coordinates":[73.7717429,20.002603]},"properties":{"Taluka":"Nashik","Zone":"Nashik Central","Category":"Other Grocery Shop","Name":"Sarswati Foods","Type":"Food Store","Rating":"4.6","Review Count":"12","Phone":"099601 10213","Address":"1,2, Kamal Shopping Center, Sharanpur Rd, Canada Corner, Nashik, Maharashtra 422002, India","Maps Link":"https://maps.google.com/?cid=5156163041871256711&g_mp=Cidnb29nbGUubWFwcy5wbGFjZXMudjEuUGxhY2VzLlNlYXJjaFRleHQQAhgEIAA"}},{"type":"Feature","geometry":{"type":"Point","coordinates":[73.7911084,20.0290739]},"properties":{"Taluka":"Nashik","Zone":"Nashik Central","Category":"Other Grocery Shop","Name":"Shri Ram Fruit Co.","Type":"Food Store","Rating":"3.8","Review Count":"2637","Address":"Sharad Pawar market yard, Peth Rd, Samarth Nagar, Makhmalabad, Nashik, Maharashtra 422003, India","Maps Link":"https://maps.google.com/?cid=12602591070721138131&g_mp=Cidnb29nbGUubWFwcy5wbGFjZXMudjEuUGxhY2VzLlNlYXJjaFRleHQQAhgEIAA"}},{"type":"Feature","geometry":{"type":"Point","coordinates":[73.7640543,19.9869041]},"properties":{"Taluka":"Nashik","Zone":"Nashik Central","Category":"Other Grocery Shop","Name":"Sulai Super Market","Type":"Grocery Store","Rating":"3.7","Review Count":"35","Phone":"092268 90018","Address":"Reshmanand Park, Untwadi Rd, Tidke Nagar, Nashik, Maharashtra 422008, India","Maps Link":"https://maps.google.com/?cid=8497618888212561195&g_mp=Cidnb29nbGUubWFwcy5wbGFjZXMudjEuUGxhY2VzLlNlYXJjaFRleHQQAhgEIAA"}},{"type":"Feature","geometry":{"type":"Point","coordinates":[73.7770515,20.0035122]},"properties":{"Taluka":"Nashik","Zone":"Nashik Central","Category":"Other Grocery Shop","Name":"Vimalnath Foods, Pandit colony","Type":"Wholesaler","Rating":"4.5","Review Count":"8","Phone":"075884 10317","Address":"Lane Number 3, Old Pandit Colony, Pandit Colony, Nashik, Maharashtra 422002, India","Maps Link":"https://maps.google.com/?cid=10712986228683441050&g_mp=Cidnb29nbGUubWFwcy5wbGFjZXMudjEuUGxhY2VzLlNlYXJjaFRleHQQAhgEIAA"}},{"type":"Feature","geometry":{"type":"Point","coordinates":[73.8347089,19.9482784]},"properties":{"Taluka":"Nashik","Zone":"Nashik Road","Category":"Kirana / General Store","Name":"ARIHANT KIRANA","Type":"General Store","Rating":"3.8","Review Count":"4","Phone":"098509 99218","Address":"Shop No 06 Anmol Housing So, Datta Mandir Rd, Anand Nagar, Nashik Road, Nashik, Maharashtra 422101, India","Maps Link":"https://maps.google.com/?cid=15213176372144404062&g_mp=Cidnb29nbGUubWFwcy5wbGFjZXMudjEuUGxhY2VzLlNlYXJjaFRleHQQAhgEIAA"}},{"type":"Feature","geometry":{"type":"Point","coordinates":[73.8284063,19.9637679]},"properties":{"Taluka":"Nashik","Zone":"Nashik Road","Category":"Kirana / General Store","Name":"ASHWINI PROVISION","Type":"General Store","Rating":"4.5","Review Count":"2","Phone":"092268 96278","Address":"XR7H+G93, शिर्केवाडी, नाशिक रोड, नाशिक, महाराष्ट्र 422101, India","Maps Link":"https://maps.google.com/?cid=1272011812836277683&g_mp=Cidnb29nbGUubWFwcy5wbGFjZXMudjEuUGxhY2VzLlNlYXJjaFRleHQQAhgEIAA"}},{"type":"Feature","geometry":{"type":"Point","coordinates":[73.7635679,19.9462634]},"properties":{"Taluka":"Nashik","Zone":"Nashik Road","Category":"Kirana / General Store","Name":"Aabai Kirana And General Stores","Type":"Grocery Store","Rating":"5","Review Count":"1","Phone":"099210 29683","Address":"Pandurang Chwok, 2, Damodar Nagar, Pathardi Phata, Nashik, Maharashtra 422010, India","Maps Link":"https://maps.google.com/?cid=14671508004208731199&g_mp=Cidnb29nbGUubWFwcy5wbGFjZXMudjEuUGxhY2VzLlNlYXJjaFRleHQQAhgEIAA"}},{"type":"Feature","geometry":{"type":"Point","coordinates":[73.830724,19.954977]},"properties":{"Taluka":"Nashik","Zone":"Nashik Road","Category":"Kirana / General Store","Name":"Aai Mata Provision And General Stores","Type":"General Store","Rating":"5","Review Count":"5","Phone":"0253 245 5195","Address":"Shop Number 1, Kanchan Apartment, Near, Taran Talav Rd, Jagtap Mala, Gayakhe Colony, Nashik Road, Nashik, Maharashtra 422101, India","Maps Link":"https://maps.google.com/?cid=14474717790972924540&g_mp=Cidnb29nbGUubWFwcy5wbGFjZXMudjEuUGxhY2VzLlNlYXJjaFRleHQQAhgEIAA"}},{"type":"Feature","geometry":{"type":"Point","coordinates":[73.830891,19.954074]},"properties":{"Taluka":"Nashik","Zone":"Nashik Road","Category":"Kirana / General Store","Name":"Ajinkya General Stores","Type":"General Store","Rating":"5","Review Count":"2","Phone":"090212 03386","Address":"Shop No.3, Divya Jyothi Apartment Taran Talav Road, Rd, Ghadge Nagar, Gayakhe Colony, Nashik Road, Nashik, Maharashtra 422101, India","Maps Link":"https://maps.google.com/?cid=13649269490932078250&g_mp=Cidnb29nbGUubWFwcy5wbGFjZXMudjEuUGxhY2VzLlNlYXJjaFRleHQQAhgEIAA"}},{"type":"Feature","geometry":{"type":"Point","coordinates":[73.8389925,19.9748971]},"properties":{"Taluka":"Nashik","Zone":"Nashik Road","Category":"Kirana / General Store","Name":"Annapurna Provision & General store","Type":"General Store","Rating":"4.8","Review Count":"4","Phone":"098230 52727","Address":"Adarsh Nagar, Jail Rd, near MSCB office, Shivaji Nagar, Nashik Road, Nashik, Maharashtra 422101, India","Maps Link":"https://maps.google.com/?cid=1454750392712739756&g_mp=Cidnb29nbGUubWFwcy5wbGFjZXMudjEuUGxhY2VzLlNlYXJjaFRleHQQAhgEIAA"}},{"type":"Feature","geometry":{"type":"Point","coordinates":[73.8384468,19.9585631]},"properties":{"Taluka":"Nashik","Zone":"Nashik Road","Category":"Kirana / General Store","Name":"Bhagvan Stores","Type":"General Store","Rating":"2.8","Review Count":"6","Address":"XR5Q+C9G, Jail Rd, Beside BMS Market, Anand Park, Kala Nagar, Nashik Rd, Nashik, Maharashtra 422101, India","Maps Link":"https://maps.google.com/?cid=13482047158756208506&g_mp=Cidnb29nbGUubWFwcy5wbGFjZXMudjEuUGxhY2VzLlNlYXJjaFRleHQQAhgEIAA"}},{"type":"Feature","geometry":{"type":"Point","coordinates":[73.7690076,19.95111]},"properties":{"Taluka":"Nashik","Zone":"Nashik Road","Category":"Kirana / General Store","Name":"Bhagwati Kirana","Type":"General Store","Rating":"4","Review Count":"13","Phone":"098229 52055","Address":"Shop No.2, Bajnana Nagar, Pathardi Phata, Nashik, Maharashtra 422010, India","Maps Link":"https://maps.google.com/?cid=4490225342963464281&g_mp=Cidnb29nbGUubWFwcy5wbGFjZXMudjEuUGxhY2VzLlNlYXJjaFRleHQQAhgEIAA"}},{"type":"Feature","geometry":{"type":"Point","coordinates":[73.756911,19.953411]},"properties":{"Taluka":"Nashik","Zone":"Nashik Road","Category":"Kirana / General Store","Name":"Bhavani Mart","Type":"Asian Grocery Store","Review Count":"0","Address":"Plot No 10, Prashant Nagar, Pathardi Phata, Nashik, Maharashtra 422010, India","Maps Link":"https://maps.google.com/?cid=14154963400617067040&g_mp=Cidnb29nbGUubWFwcy5wbGFjZXMudjEuUGxhY2VzLlNlYXJjaFRleHQQAhgEIAA"}},{"type":"Feature","geometry":{"type":"Point","coordinates":[73.836877,19.9501827]},"properties":{"Taluka":"Nashik","Zone":"Nashik Road","Category":"Kirana / General Store","Name":"Bhavani Paan Shop","Type":"Grocery Store","Rating":"4.4","Review Count":"58","Phone":"091584 20001","Address":"XR2P+3QC, Anand Nagar, Deolali Gaon, Nashik, Maharashtra 422101, India","Maps Link":"https://maps.google.com/?cid=261027051097328245&g_mp=Cidnb29nbGUubWFwcy5wbGFjZXMudjEuUGxhY2VzLlNlYXJjaFRleHQQAhgEIAA"}},{"type":"Feature","geometry":{"type":"Point","coordinates":[73.8328959,19.964161]},"properties":{"Taluka":"Nashik","Zone":"Nashik Road","Category":"Kirana / General Store","Name":"Bhushan Provision & General Stores","Type":"Grocery Store","Rating":"5","Review Count":"1","Phone":"099238 52752","Address":"01, Gandharva Nagari, Rosa Colony, Nashik Rd, Nashik, Maharashtra 422101, India","Maps Link":"https://maps.google.com/?cid=7192264845725847100&g_mp=Cidnb29nbGUubWFwcy5wbGFjZXMudjEuUGxhY2VzLlNlYXJjaFRleHQQAhgEIAA"}},{"type":"Feature","geometry":{"type":"Point","coordinates":[73.837442,19.9768468]},"properties":{"Taluka":"Nashik","Zone":"Nashik Road","Category":"Kirana / General Store","Name":"Dhanlaxmi Kirana And General Store","Type":"General Store","Rating":"4.3","Review Count":"7","Phone":"098222 15385","Address":"Shop No.10 Govind Apartment, Old Saikheda Rd, Near Indira Gandhi Statue, Pintoo Colony, Nashik Road, Nashik, Maharashtra 422101, India","Maps Link":"https://maps.google.com/?cid=14297680922248692167&g_mp=Cidnb29nbGUubWFwcy5wbGFjZXMudjEuUGxhY2VzLlNlYXJjaFRleHQQAhgEIAA"}},{"type":"Feature","geometry":{"type":"Point","coordinates":[73.8398594,19.9497377]},"properties":{"Taluka":"Nashik","Zone":"Nashik Road","Category":"Kirana / General Store","Name":"Fresh provision,behind Super Electricals","Type":"Store","Rating":"4.2","Review Count":"13","Phone":"0253 246 0398","Address":"Shramik Building, Rajwada Nagar, Nashik Road, Nashik, Maharashtra 422101, India","Maps Link":"https://maps.google.com/?cid=3245956471635517882&g_mp=Cidnb29nbGUubWFwcy5wbGFjZXMudjEuUGxhY2VzLlNlYXJjaFRleHQQAhgEIAA"}},{"type":"Feature","geometry":{"type":"Point","coordinates":[73.8399123,19.9519635]},"properties":{"Taluka":"Nashik","Zone":"Nashik Road","Category":"Kirana / General Store","Name":"Gajanan Kirana","Type":"Grocery Store","Rating":"4.5","Review Count":"2","Phone":"098228 10085","Address":"Rajwada Nagar, Deolali Gaon, Nashik, Maharashtra 422101, India","Maps Link":"https://maps.google.com/?cid=7743191406765831774&g_mp=Cidnb29nbGUubWFwcy5wbGFjZXMudjEuUGxhY2VzLlNlYXJjaFRleHQQAhgEIAA"}},{"type":"Feature","geometry":{"type":"Point","coordinates":[73.8287899,19.9743773]},"properties":{"Taluka":"Nashik","Zone":"Nashik Road","Category":"Kirana / General Store","Name":"Ganesh Kirana","Type":"Grocery Store","Rating":"3.9","Review Count":"9","Phone":"094239 28214","Address":"Old saikheda Road, Jail Road Laxman Nagar, Sindhi Colony, Lokhande Mala, Nashik Road, Nashik, Maharashtra 422101, India","Maps Link":"https://maps.google.com/?cid=5860400855504690501&g_mp=Cidnb29nbGUubWFwcy5wbGFjZXMudjEuUGxhY2VzLlNlYXJjaFRleHQQAhgEIAA"}},{"type":"Feature","geometry":{"type":"Point","coordinates":[73.8259444,19.9716812]},"properties":{"Taluka":"Nashik","Zone":"Nashik Road","Category":"Kirana / General Store","Name":"Ganesh Kirana And General Store NIKITAASHOKKOTHAWADE","Type":"General Store","Rating":"5","Review Count":"3","Phone":"088051 36848","Address":"Shop No. 1 Damodhar Apartment, near Ichamani Mandir, Indraprastha Colony, Upnagar, Nashik, Maharashtra 422006, India","Maps Link":"https://maps.google.com/?cid=12542520265304641609&g_mp=Cidnb29nbGUubWFwcy5wbGFjZXMudjEuUGxhY2VzLlNlYXJjaFRleHQQAhgEIAA"}},{"type":"Feature","geometry":{"type":"Point","coordinates":[73.8498053,19.9360994]},"properties":{"Taluka":"Nashik","Zone":"Nashik Road","Category":"Kirana / General Store","Name":"Ganesh kirana","Type":"Grocery Store","Rating":"5","Review Count":"57","Phone":"098223 43838","Address":"1, Dattanagar, Nashik Road, Nashik, Maharashtra 422101, India","Maps Link":"https://maps.google.com/?cid=2597451782130378522&g_mp=Cidnb29nbGUubWFwcy5wbGFjZXMudjEuUGxhY2VzLlNlYXJjaFRleHQQAhgEIAA"}},{"type":"Feature","geometry":{"type":"Point","coordinates":[73.8206353,19.9696612]},"properties":{"Taluka":"Nashik","Zone":"Nashik Road","Category":"Kirana / General Store","Name":"Garंंva General Stores","Type":"General Store","Rating":"4.5","Review Count":"4","Phone":"0253 241 9894","Address":"XR9C+V76, Icchamani Rd, Garva Point, Indraprastha Colony, Upnagar, Nashik, Maharashtra 422006, India","Maps Link":"https://maps.google.com/?cid=6328080327902265739&g_mp=Cidnb29nbGUubWFwcy5wbGFjZXMudjEuUGxhY2VzLlNlYXJjaFRleHQQAhgEIAA"}},{"type":"Feature","geometry":{"type":"Point","coordinates":[73.8381072,19.9769283]},"properties":{"Taluka":"Nashik","Zone":"Nashik Road","Category":"Kirana / General Store","Name":"Gaurav Kirana And General Stores","Type":"General Store","Rating":"4.2","Review Count":"5","Phone":"080875 02858","Address":"XRGQ+Q6H, Old Saikheda Rd, opp. Pintoo Colony, Parvatibai Nagar, Nashik Road, Nashik, Maharashtra 422101, India","Maps Link":"https://maps.google.com/?cid=15743158624258938417&g_mp=Cidnb29nbGUubWFwcy5wbGFjZXMudjEuUGxhY2VzLlNlYXJjaFRleHQQAhgEIAA"}},{"type":"Feature","geometry":{"type":"Point","coordinates":[73.8258763,19.9505638]},"properties":{"Taluka":"Nashik","Zone":"Nashik Road","Category":"Kirana / General Store","Name":"Gurukrupa Provision And General Store","Type":"General Store","Review Count":"0","Phone":"082088 47736","Address":"Shop No.3, Jai Bhavani Rd, Adke Nagar, Nashik Road, Nashik, Maharashtra 422102, India","Maps Link":"https://maps.google.com/?cid=17490600775346619375&g_mp=Cidnb29nbGUubWFwcy5wbGFjZXMudjEuUGxhY2VzLlNlYXJjaFRleHQQAhgEIAA"}},{"type":"Feature","geometry":{"type":"Point","coordinates":[73.848596,19.9907239]},"properties":{"Taluka":"Nashik","Zone":"Nashik Road","Category":"Kirana / General Store","Name":"Jadhav Kirana & General Store","Type":"Grocery Store","Rating":"4.4","Review Count":"12","Phone":"097632 09998","Address":"422003, Manurgaon, Nandur Village, Nashik, Maharashtra 422003, India","Maps Link":"https://maps.google.com/?cid=10449439934046711210&g_mp=Cidnb29nbGUubWFwcy5wbGFjZXMudjEuUGxhY2VzLlNlYXJjaFRleHQQAhgEIAA"}},{"type":"Feature","geometry":{"type":"Point","coordinates":[73.771303,19.947804]},"properties":{"Taluka":"Nashik","Zone":"Nashik Road","Category":"Kirana / General Store","Name":"Jay Ambe Kirana Shop","Type":"Grocery Store","Rating":"5","Review Count":"1","Address":"WQXC+4GF, Narhari Nagar, Damodar Nagar, Pathardi Phata, Nashik, Maharashtra 422010, India","Maps Link":"https://maps.google.com/?cid=11766756578904957577&g_mp=Cidnb29nbGUubWFwcy5wbGFjZXMudjEuUGxhY2VzLlNlYXJjaFRleHQQAhgEIAA"}},{"type":"Feature","geometry":{"type":"Point","coordinates":[73.8277624,19.9561469]},"properties":{"Taluka":"Nashik","Zone":"Nashik Road","Category":"Kirana / General Store","Name":"Jay Bhole general Store","Type":"Store","Rating":"5","Review Count":"1","Address":"XR4H+F42, Chavan Mala, Gayakhe Colony, Nashik Road, Nashik, Maharashtra 422101, India","Maps Link":"https://maps.google.com/?cid=1406096586600644389&g_mp=Cidnb29nbGUubWFwcy5wbGFjZXMudjEuUGxhY2VzLlNlYXJjaFRleHQQAhgEIAA"}},{"type":"Feature","geometry":{"type":"Point","coordinates":[73.8357759,19.9513767]},"properties":{"Taluka":"Nashik","Zone":"Nashik Road","Category":"Kirana / General Store","Name":"Jay Ganesh General Stores","Type":"General Store","Rating":"5","Review Count":"1","Phone":"099212 99841","Address":"XR2P+H82, Muktidham, Nashik Rd, Gayakhe Colony, Nashik Road, Nashik, Maharashtra 422101, India","Maps Link":"https://maps.google.com/?cid=7209395859851762155&g_mp=Cidnb29nbGUubWFwcy5wbGFjZXMudjEuUGxhY2VzLlNlYXJjaFRleHQQAhgEIAA"}},{"type":"Feature","geometry":{"type":"Point","coordinates":[73.8492003,19.9675949]},"properties":{"Taluka":"Nashik","Zone":"Nashik Road","Category":"Kirana / General Store","Name":"Jay Mata Di kirana store Shastri Nagar gorewadi Nashik Road Nashik","Type":"Grocery Store","Rating":"3.3","Review Count":"7","Address":"XR9X+2MP, Unnamed Road, Bridge Nagar, Nashik, Maharashtra 422101, India","Maps Link":"https://maps.google.com/?cid=11115448004883500164&g_mp=Cidnb29nbGUubWFwcy5wbGFjZXMudjEuUGxhY2VzLlNlYXJjaFRleHQQAhgEIAA"}},{"type":"Feature","geometry":{"type":"Point","coordinates":[73.842117,19.977239]},"properties":{"Taluka":"Nashik","Zone":"Nashik Road","Category":"Kirana / General Store","Name":"Jay Provision Stores","Type":"Store","Rating":"4.8","Review Count":"8","Phone":"094052 10021","Address":"Mandlecha Complex, Jail Rd, Shivshakthi Nagar, Ashtvinayak Nagar, Nashik, Maharashtra 422101, India","Maps Link":"https://maps.google.com/?cid=13818330892084746385&g_mp=Cidnb29nbGUubWFwcy5wbGFjZXMudjEuUGxhY2VzLlNlYXJjaFRleHQQAhgEIAA"}},{"type":"Feature","geometry":{"type":"Point","coordinates":[73.763502,19.9555031]},"properties":{"Taluka":"Nashik","Zone":"Nashik Road","Category":"Kirana / General Store","Name":"Jaylaxmi Kirana And General Stores","Type":"General Store","Rating":"4.9","Review Count":"9","Phone":"092709 19909","Address":"Shop No. 1, 2, Kalpatru Ro-House, Wasan Nagar, Pathardi Phata, Nashik, Maharashtra 422009, India","Maps Link":"https://maps.google.com/?cid=17414732044374824984&g_mp=Cidnb29nbGUubWFwcy5wbGFjZXMudjEuUGxhY2VzLlNlYXJjaFRleHQQAhgEIAA"}},{"type":"Feature","geometry":{"type":"Point","coordinates":[73.833969,19.944444]},"properties":{"Taluka":"Nashik","Zone":"Nashik Road","Category":"Kirana / General Store","Name":"Jayshri Article General Store","Type":"General Store","Review Count":"0","Phone":"090282 03399","Address":"1, Gandhi Apartment, Sane Guruji Road, Deolali Gaon, Nashik, Maharashtra 422101, India","Maps Link":"https://maps.google.com/?cid=6935894856072922942&g_mp=Cidnb29nbGUubWFwcy5wbGFjZXMudjEuUGxhY2VzLlNlYXJjaFRleHQQAhgEIAA"}},{"type":"Feature","geometry":{"type":"Point","coordinates":[73.8392159,19.9640432]},"properties":{"Taluka":"Nashik","Zone":"Nashik Road","Category":"Kirana / General Store","Name":"Jyoti Kirana","Type":"General Store","Rating":"4.2","Review Count":"13","Phone":"092707 84892","Address":"Darshan Park, Jail Rd, Triveni Park, Ashtvinayak Nagar, Nashik, Maharashtra 422101, India","Maps Link":"https://maps.google.com/?cid=13347644501063901142&g_mp=Cidnb29nbGUubWFwcy5wbGFjZXMudjEuUGxhY2VzLlNlYXJjaFRleHQQAhgEIAA"}},{"type":"Feature","geometry":{"type":"Point","coordinates":[73.840672,19.9505779]},"properties":{"Taluka":"Nashik","Zone":"Nashik Road","Category":"Kirana / General Store","Name":"K G S Kirana Stores","Type":"Store","Rating":"4","Review Count":"1","Phone":"083290 64662","Address":"3, Lakshman Chambers, Station Rd, Rajwada Nagar, Nashik Road, Nashik, Maharashtra 422101, India","Maps Link":"https://maps.google.com/?cid=10492106202546197299&g_mp=Cidnb29nbGUubWFwcy5wbGFjZXMudjEuUGxhY2VzLlNlYXJjaFRleHQQAhgEIAA"}},{"type":"Feature","geometry":{"type":"Point","coordinates":[73.8462501,19.9476933]},"properties":{"Taluka":"Nashik","Zone":"Nashik Road","Category":"Kirana / General Store","Name":"KHADE KIRANA STOARS","Type":"General Store","Rating":"3.7","Review Count":"6","Phone":"098235 75496","Address":"Shop No 1 Near Hanuman Mandir Sinnar Fata, New Railway Colony, Nashik Road, Nashik, Maharashtra 422101, India","Maps Link":"https://maps.google.com/?cid=12270091317915083154&g_mp=Cidnb29nbGUubWFwcy5wbGFjZXMudjEuUGxhY2VzLlNlYXJjaFRleHQQAhgEIAA"}},{"type":"Feature","geometry":{"type":"Point","coordinates":[73.8591368,19.9516811]},"properties":{"Taluka":"Nashik","Zone":"Nashik Road","Category":"Kirana / General Store","Name":"KHADE PROVISION","Type":"General Store","Rating":"4.2","Review Count":"89","Phone":"099231 67596","Address":"Shop No.1, Samangaon Rd, near Politecnical College, opp. Idraprasth Lawnse, Ashwini Colony, Nashik Road, Nashik, Maharashtra 422101, India","Maps Link":"https://maps.google.com/?cid=9826595792905939613&g_mp=Cidnb29nbGUubWFwcy5wbGFjZXMudjEuUGxhY2VzLlNlYXJjaFRleHQQAhgEIAA"}},{"type":"Feature","geometry":{"type":"Point","coordinates":[73.8346428,19.9424972]},"properties":{"Taluka":"Nashik","Zone":"Nashik Road","Category":"Kirana / General Store","Name":"Kails more Sidhkala Kirana And General Stores","Type":"Grocery Store","Rating":"4.3","Review Count":"4","Phone":"097654 64558","Address":"Teli Galli, Nashik - Pune Rd, Devlali Gaon, Nashik, Maharashtra 422101, India","Maps Link":"https://maps.google.com/?cid=17176052802038708698&g_mp=Cidnb29nbGUubWFwcy5wbGFjZXMudjEuUGxhY2VzLlNlYXJjaFRleHQQAhgEIAA"}},{"type":"Feature","geometry":{"type":"Point","coordinates":[73.8357637,19.9429774]},"properties":{"Taluka":"Nashik","Zone":"Nashik Road","Category":"Kirana / General Store","Name":"Khodade Kirana Stores","Type":"General Store","Rating":"4","Review Count":"2","Address":"Shop No 01, Road, Rajwada Nagar, Deolali Gaon, Nashik, Maharashtra 422101, India","Maps Link":"https://maps.google.com/?cid=9761962549497814520&g_mp=Cidnb29nbGUubWFwcy5wbGFjZXMudjEuUGxhY2VzLlNlYXJjaFRleHQQAhgEIAA"}},{"type":"Feature","geometry":{"type":"Point","coordinates":[73.838955,19.963452]},"properties":{"Taluka":"Nashik","Zone":"Nashik Road","Category":"Kirana / General Store","Name":"Lucky General Stores","Type":"General Store","Review Count":"0","Phone":"0253 245 9583","Address":"Ganesh Raj Complex, Jail Rd, Currency Note Press Colony, DattaMandir, Sane Guruji Nagar, Nashik, Maharashtra 422101, India","Maps Link":"https://maps.google.com/?cid=4265403711209773533&g_mp=Cidnb29nbGUubWFwcy5wbGFjZXMudjEuUGxhY2VzLlNlYXJjaFRleHQQAhgEIAA"}},{"type":"Feature","geometry":{"type":"Point","coordinates":[73.8346164,19.9537448]},"properties":{"Taluka":"Nashik","Zone":"Nashik Road","Category":"Kirana / General Store","Name":"MAHAVIR General Stores","Type":"General Store","Rating":"5","Review Count":"1","Phone":"095796 26297","Address":"Besides Lions club,Opp to Samta Patsanstha Gaikwad Mala, XR3M+FRX, Datta Mandir Rd, Gayakhe Colony, Nashik Road, Nashik, Maharashtra 422101, India","Maps Link":"https://maps.google.com/?cid=9127233147930197052&g_mp=Cidnb29nbGUubWFwcy5wbGFjZXMudjEuUGxhY2VzLlNlYXJjaFRleHQQAhgEIAA"}},{"type":"Feature","geometry":{"type":"Point","coordinates":[73.834514,19.9536879]},"properties":{"Taluka":"Nashik","Zone":"Nashik Road","Category":"Kirana / General Store","Name":"MAHAVIR KIRANA AND GENERAL STORE","Type":"General Store","Rating":"5","Review Count":"1","Phone":"072494 44091","Address":"Shop No. 1, Punjab Colony, Road, Fule Nagar, Deolali Gaon, Nashik, Maharashtra 422101, India","Maps Link":"https://maps.google.com/?cid=10495539040535265776&g_mp=Cidnb29nbGUubWFwcy5wbGFjZXMudjEuUGxhY2VzLlNlYXJjaFRleHQQAhgEIAA"}},{"type":"Feature","geometry":{"type":"Point","coordinates":[73.8349509,19.944055]},"properties":{"Taluka":"Nashik","Zone":"Nashik Road","Category":"Kirana / General Store","Name":"Madina General Store","Type":"Cell Phone Store","Rating":"4","Review Count":"20","Phone":"095031 12226","Address":"New, Bhaji Market, Nashik Road, Nashik, Maharashtra 422101, India","Maps Link":"https://maps.google.com/?cid=9786484119671956564&g_mp=Cidnb29nbGUubWFwcy5wbGFjZXMudjEuUGxhY2VzLlNlYXJjaFRleHQQAhgEIAA"}},{"type":"Feature","geometry":{"type":"Point","coordinates":[73.8369054,19.9636411]},"properties":{"Taluka":"Nashik","Zone":"Nashik Road","Category":"Kirana / General Store","Name":"Mahalaxmi kirana and general store","Type":"Asian Grocery Store","Rating":"4.5","Review Count":"13","Phone":"092730 19946","Address":"XR7P+FQ2, Currency Note Press Colony, pandharkar colony, Chandramani Nagar, Nashik Road, Nashik, Maharashtra 422101, India","Maps Link":"https://maps.google.com/?cid=12631658695429586354&g_mp=Cidnb29nbGUubWFwcy5wbGFjZXMudjEuUGxhY2VzLlNlYXJjaFRleHQQAhgEIAA"}},{"type":"Feature","geometry":{"type":"Point","coordinates":[73.8226792,19.9747466]},"properties":{"Taluka":"Nashik","Zone":"Nashik Road","Category":"Kirana / General Store","Name":"Mahesh Provision Stores","Type":"General Store","Rating":"4.2","Review Count":"5","Phone":"098229 52001","Address":"Shop No.1, Trimurti Dev Society, Trimurti Chowk, Upnagar, Nashik, Maharashtra 422006, India","Maps Link":"https://maps.google.com/?cid=8467810738279190480&g_mp=Cidnb29nbGUubWFwcy5wbGFjZXMudjEuUGxhY2VzLlNlYXJjaFRleHQQAhgEIAA"}},{"type":"Feature","geometry":{"type":"Point","coordinates":[73.825768,19.946526]},"properties":{"Taluka":"Nashik","Zone":"Nashik Road","Category":"Kirana / General Store","Name":"Mamta Kismis And General Stores","Type":"General Store","Rating":"3.2","Review Count":"6","Phone":"098509 13540","Address":"Shop No. 3 Society 422102, Shiv Bhakti Apartment, Artillery Centre Rd, Aute Nagar, Gandhi Nagar Airport Area, Deolali Gaon, Nashik, Maharashtra 422102, India","Maps Link":"https://maps.google.com/?cid=11563104745159484330&g_mp=Cidnb29nbGUubWFwcy5wbGFjZXMudjEuUGxhY2VzLlNlYXJjaFRleHQQAhgEIAA"}},{"type":"Feature","geometry":{"type":"Point","coordinates":[73.8321889,19.9559137]},"properties":{"Taluka":"Nashik","Zone":"Nashik Road","Category":"Kirana / General Store","Name":"Mangesh Kirana Stoers","Type":"General Store","Rating":"4","Review Count":"8","Phone":"0253 245 9357","Address":"Shop No 3, Gaikhe Niwas, Gaikhe Colony, Nashik Road, Nashik Road, Ghadge Nagar, Gayakhe Colony, Nashik Road, Nashik, Maharashtra 422101, India","Maps Link":"https://maps.google.com/?cid=12948264495716742002&g_mp=Cidnb29nbGUubWFwcy5wbGFjZXMudjEuUGxhY2VzLlNlYXJjaFRleHQQAhgEIAA"}},{"type":"Feature","geometry":{"type":"Point","coordinates":[73.7756885,19.9396247]},"properties":{"Taluka":"Nashik","Zone":"Nashik Road","Category":"Kirana / General Store","Name":"Manisha Kirana & General Store","Type":"Grocery Store","Rating":"4.3","Review Count":"12","Address":"Pathardi Gaon, Pathardi Phata, Nashik, Maharashtra 422010, India","Maps Link":"https://maps.google.com/?cid=7543178023393864334&g_mp=Cidnb29nbGUubWFwcy5wbGFjZXMudjEuUGxhY2VzLlNlYXJjaFRleHQQAhgEIAA"}},{"type":"Feature","geometry":{"type":"Point","coordinates":[73.8345037,19.948174]},"properties":{"Taluka":"Nashik","Zone":"Nashik Road","Category":"Kirana / General Store","Name":"Manisha Stationery And General Stores","Type":"General Store","Rating":"4.6","Review Count":"7","Phone":"093260 03614","Address":"Anmol Ratna Society Datta Mandir Road, Datta Mandir, WRXM+7R6, Anand Nagar, Nashik Road, Nashik, Maharashtra 422101, India","Maps Link":"https://maps.google.com/?cid=18303774325621447954&g_mp=Cidnb29nbGUubWFwcy5wbGFjZXMudjEuUGxhY2VzLlNlYXJjaFRleHQQAhgEIAA"}},{"type":"Feature","geometry":{"type":"Point","coordinates":[73.833996,19.9444619]},"properties":{"Taluka":"Nashik","Zone":"Nashik Road","Category":"Kirana / General Store","Name":"Mansi General Stores","Type":"General Store","Rating":"5","Review Count":"1","Phone":"094222 79756","Address":"10, Gandhi Apartment, Deolali Gaon, Nashik, Maharashtra 422101, India","Maps Link":"https://maps.google.com/?cid=5920339673049132383&g_mp=Cidnb29nbGUubWFwcy5wbGFjZXMudjEuUGxhY2VzLlNlYXJjaFRleHQQAhgEIAA"}},{"type":"Feature","geometry":{"type":"Point","coordinates":[73.7620004,19.9472091]},"properties":{"Taluka":"Nashik","Zone":"Nashik Road","Category":"Kirana / General Store","Name":"Mauli Kirana And General Stores","Type":"Grocery Store","Rating":"4.5","Review Count":"2","Phone":"098819 45671","Address":"402, Sukan Rd, Narhari Nagar, Damodar Nagar, Pathardi Phata, Nashik, Maharashtra 422010, India","Maps Link":"https://maps.google.com/?cid=8022969071633757955&g_mp=Cidnb29nbGUubWFwcy5wbGFjZXMudjEuUGxhY2VzLlNlYXJjaFRleHQQAhgEIAA"}},{"type":"Feature","geometry":{"type":"Point","coordinates":[73.8402767,19.9775917]},"properties":{"Taluka":"Nashik","Zone":"Nashik Road","Category":"Kirana / General Store","Name":"Mohini Kirana & General Store","Type":"Store","Rating":"5","Review Count":"1","Address":"Rameshwar Nagar, Dhara Society, Gurudatta Nagar, Dasak, Nashik, Maharashtra 422101, India","Maps Link":"https://maps.google.com/?cid=4683037256542797027&g_mp=Cidnb29nbGUubWFwcy5wbGFjZXMudjEuUGxhY2VzLlNlYXJjaFRleHQQAhgEIAA"}},{"type":"Feature","geometry":{"type":"Point","coordinates":[73.8255104,19.9589724]},"properties":{"Taluka":"Nashik","Zone":"Nashik Road","Category":"Kirana / General Store","Name":"Nataraj Kirana And General Stores","Type":"Grocery Store","Rating":"4.6","Review Count":"9","Phone":"077580 98179","Address":"Jayabai Colony, Dawkhar Wadi, Nashik Road, Nashik, Maharashtra 422101, India","Maps Link":"https://maps.google.com/?cid=796107859380697091&g_mp=Cidnb29nbGUubWFwcy5wbGFjZXMudjEuUGxhY2VzLlNlYXJjaFRleHQQAhgEIAA"}},{"type":"Feature","geometry":{"type":"Point","coordinates":[73.8229889,19.960055]},"properties":{"Taluka":"Nashik","Zone":"Nashik Road","Category":"Kirana / General Store","Name":"Navaratna Provision & General","Type":"Grocery Store","Rating":"4","Review Count":"1","Phone":"088884 33230","Address":"2, Jai Bhavani Rd, Jayabai Colony, Pradhan Nagar, Nashik Road, Nashik, Maharashtra 422101, India","Maps Link":"https://maps.google.com/?cid=9307579145414259636&g_mp=Cidnb29nbGUubWFwcy5wbGFjZXMudjEuUGxhY2VzLlNlYXJjaFRleHQQAhgEIAA"}},{"type":"Feature","geometry":{"type":"Point","coordinates":[73.8367075,19.9516144]},"properties":{"Taluka":"Nashik","Zone":"Nashik Road","Category":"Kirana / General Store","Name":"Nitin Kirana And General Store","Type":"General Store","Rating":"5","Review Count":"4","Phone":"098906 43088","Address":"Shramsafalya, Datta Mandir Rd, behind Muktidham Road, Gayakhe Colony, Nashik Road, Nashik, Maharashtra 422101, India","Maps Link":"https://maps.google.com/?cid=1612934974822325449&g_mp=Cidnb29nbGUubWFwcy5wbGFjZXMudjEuUGxhY2VzLlNlYXJjaFRleHQQAhgEIAA"}},{"type":"Feature","geometry":{"type":"Point","coordinates":[73.8390759,19.9669828]},"properties":{"Taluka":"Nashik","Zone":"Nashik Road","Category":"Kirana / General Store","Name":"Om Gurudev General Store","Type":"General Store","Rating":"5","Review Count":"1","Phone":"091755 64444","Address":"Shop No.1 Opp Central Jail Bella, Desuja Road, Jail Rd, Nashik Road, Nashik, Maharashtra 422101, India","Maps Link":"https://maps.google.com/?cid=14066649992792317216&g_mp=Cidnb29nbGUubWFwcy5wbGFjZXMudjEuUGxhY2VzLlNlYXJjaFRleHQQAhgEIAA"}},{"type":"Feature","geometry":{"type":"Point","coordinates":[73.8346289,19.970102]},"properties":{"Taluka":"Nashik","Zone":"Nashik Road","Category":"Kirana / General Store","Name":"Om Gurudev Kirana And General Stores","Type":"Grocery Store","Rating":"3.5","Review Count":"4","Phone":"0253 241 9488","Address":"XRCM+2VR, Canal Rd, Abhishek Park, B Suyog Nagar, Nashik Rd, Nashik, Maharashtra 422101, India","Maps Link":"https://maps.google.com/?cid=7608753230244711058&g_mp=Cidnb29nbGUubWFwcy5wbGFjZXMudjEuUGxhY2VzLlNlYXJjaFRleHQQAhgEIAA"}},{"type":"Feature","geometry":{"type":"Point","coordinates":[73.8406497,19.9482166]},"properties":{"Taluka":"Nashik","Zone":"Nashik Road","Category":"Kirana / General Store","Name":"Om Provision","Type":"General Store","Rating":"5","Review Count":"2","Phone":"098811 66775","Address":"WRXR+77J, Subhash Rd, Near Ambedkar Statue, Rajwada Nagar, Nashik Rd, Nashik, Maharashtra 422101, India","Maps Link":"https://maps.google.com/?cid=14670515766396307550&g_mp=Cidnb29nbGUubWFwcy5wbGFjZXMudjEuUGxhY2VzLlNlYXJjaFRleHQQAhgEIAA"}},{"type":"Feature","geometry":{"type":"Point","coordinates":[73.8344879,19.929574]},"properties":{"Taluka":"Nashik","Zone":"Nashik Road","Category":"Kirana / General Store","Name":"Omkar Provision Store","Type":"General Store","Rating":"4.5","Review Count":"17","Phone":"098500 10361","Address":"WRHM+RQH, Lam Rd, Saubhagya Nagar, Nashik, Maharashtra 422401, India","Maps Link":"https://maps.google.com/?cid=10038973248065016940&g_mp=Cidnb29nbGUubWFwcy5wbGFjZXMudjEuUGxhY2VzLlNlYXJjaFRleHQQAhgEIAA"}},{"type":"Feature","geometry":{"type":"Point","coordinates":[73.8238924,19.9577638]},"properties":{"Taluka":"Nashik","Zone":"Nashik Road","Category":"Kirana / General Store","Name":"PRABHU GENERAL STORE & KIRANA","Type":"General Store","Rating":"5","Review Count":"2","Phone":"089993 60631","Address":"Manik nagar, Jai Bhavani Rd, Gandhi Nagar Airport Area, Nashik Road, Nashik, Maharashtra 422102, India","Maps Link":"https://maps.google.com/?cid=1522772065913904257&g_mp=Cidnb29nbGUubWFwcy5wbGFjZXMudjEuUGxhY2VzLlNlYXJjaFRleHQQAhgEIAA"}},{"type":"Feature","geometry":{"type":"Point","coordinates":[73.8307377,19.9710484]},"properties":{"Taluka":"Nashik","Zone":"Nashik Road","Category":"Kirana / General Store","Name":"Parakh Provision And General Store","Type":"General Store","Rating":"4.5","Review Count":"4","Phone":"080871 86289","Address":"Shop No 5, Jail Rd, Bytco Point, Mangalmurti Nagar, Nashik, Maharashtra 422101, India","Maps Link":"https://maps.google.com/?cid=2234305726207318276&g_mp=Cidnb29nbGUubWFwcy5wbGFjZXMudjEuUGxhY2VzLlNlYXJjaFRleHQQAhgEIAA"}},{"type":"Feature","geometry":{"type":"Point","coordinates":[73.8393187,19.9679976]},"properties":{"Taluka":"Nashik","Zone":"Nashik Road","Category":"Kirana / General Store","Name":"Pramod Provision & General Stores","Type":"General Store","Rating":"4.8","Review Count":"9","Phone":"092709 69121","Address":"XR9Q+5PW, Jail Rd, Bhim Nager, Nashik, Maharashtra 422101, India","Maps Link":"https://maps.google.com/?cid=12046706728918664939&g_mp=Cidnb29nbGUubWFwcy5wbGFjZXMudjEuUGxhY2VzLlNlYXJjaFRleHQQAhgEIAA"}},{"type":"Feature","geometry":{"type":"Point","coordinates":[73.8560847,19.9503788]},"properties":{"Taluka":"Nashik","Zone":"Nashik Road","Category":"Kirana / General Store","Name":"Pranjal Kirana And General Store","Type":"General Store","Rating":"4.5","Review Count":"6","Phone":"086260 24582","Address":"Shop No. 1, GADEKAR Mala, Samangaon Rd, Sinner Phata, Nashik Road, Nashik, Maharashtra 422101, India","Maps Link":"https://maps.google.com/?cid=8256446262538022451&g_mp=Cidnb29nbGUubWFwcy5wbGFjZXMudjEuUGxhY2VzLlNlYXJjaFRleHQQAhgEIAA"}},{"type":"Feature","geometry":{"type":"Point","coordinates":[73.856837,19.9503999]},"properties":{"Taluka":"Nashik","Zone":"Nashik Road","Category":"Kirana / General Store","Name":"Pravin General Stores","Type":"General Store","Rating":"5","Review Count":"6","Phone":"077220 05060","Address":"Near Sinner Fata, XV24+5P4, Nashik Rd, Nashik, Maharashtra 422101, India","Maps Link":"https://maps.google.com/?cid=1008935053922851289&g_mp=Cidnb29nbGUubWFwcy5wbGFjZXMudjEuUGxhY2VzLlNlYXJjaFRleHQQAhgEIAA"}},{"type":"Feature","geometry":{"type":"Point","coordinates":[73.8320046,19.947458]},"properties":{"Taluka":"Nashik","Zone":"Nashik Road","Category":"Kirana / General Store","Name":"Radhika Kirana & General Store","Type":"Grocery Store","Rating":"4.8","Review Count":"8","Phone":"098509 47687","Address":"Artillery Centre Rd, Anand Nagar, Nashik Road, Nashik, Maharashtra 422101, India","Maps Link":"https://maps.google.com/?cid=4156279538927928917&g_mp=Cidnb29nbGUubWFwcy5wbGFjZXMudjEuUGxhY2VzLlNlYXJjaFRleHQQAhgEIAA"}},{"type":"Feature","geometry":{"type":"Point","coordinates":[73.8250446,19.952088]},"properties":{"Taluka":"Nashik","Zone":"Nashik Road","Category":"Kirana / General Store","Name":"Raj Provision And General Stores","Type":"General Store","Rating":"4.7","Review Count":"3","Phone":"092702 74374","Address":"XR2G+R2M, Jai Bhavani Rd, Krishna Sneha Society, Gandhi Nagar Airport Area, Nashik Road, Nashik, Maharashtra 422102, India","Maps Link":"https://maps.google.com/?cid=11912621493092577037&g_mp=Cidnb29nbGUubWFwcy5wbGFjZXMudjEuUGxhY2VzLlNlYXJjaFRleHQQAhgEIAA"}},{"type":"Feature","geometry":{"type":"Point","coordinates":[73.8292017,19.9466738]},"properties":{"Taluka":"Nashik","Zone":"Nashik Road","Category":"Kirana / General Store","Name":"Raj Stationery and General Stores","Type":"Store","Rating":"5","Review Count":"1","Phone":"088303 14094","Address":"Shop No. 158, Business Signature, Artillery Centre Rd, near hari om nagar, Hariom Nagar, Nashik Road, Nashik, Maharashtra 422101, India","Maps Link":"https://maps.google.com/?cid=10028277421187735920&g_mp=Cidnb29nbGUubWFwcy5wbGFjZXMudjEuUGxhY2VzLlNlYXJjaFRleHQQAhgEIAA"}},{"type":"Feature","geometry":{"type":"Point","coordinates":[73.773921,19.9423919]},"properties":{"Taluka":"Nashik","Zone":"Nashik Road","Category":"Kirana / General Store","Name":"Renukamata Kirana And General Store super market","Type":"Grocery Store","Rating":"4","Review Count":"4","Phone":"081778 28258","Address":"WQRF+XH3, Pathardi Gaon, Pathardi Phata, Nashik, Maharashtra 422010, India","Maps Link":"https://maps.google.com/?cid=12663018105246849522&g_mp=Cidnb29nbGUubWFwcy5wbGFjZXMudjEuUGxhY2VzLlNlYXJjaFRleHQQAhgEIAA"}},{"type":"Feature","geometry":{"type":"Point","coordinates":[73.834818,19.955976]},"properties":{"Taluka":"Nashik","Zone":"Nashik Road","Category":"Kirana / General Store","Name":"SHREE GURUKRUPA KIRANA STORES","Type":"General Store","Rating":"5","Review Count":"1","Address":"Shop No.3, Amardeep Co-Operative Society,Datta Mandir Stop, Gayakhe Colony, Nashik Rd, Nashik, Maharashtra 422101, India","Maps Link":"https://maps.google.com/?cid=8821841753282637149&g_mp=Cidnb29nbGUubWFwcy5wbGFjZXMudjEuUGxhY2VzLlNlYXJjaFRleHQQAhgEIAA"}},{"type":"Feature","geometry":{"type":"Point","coordinates":[73.8326259,19.9642318]},"properties":{"Taluka":"Nashik","Zone":"Nashik Road","Category":"Kirana / General Store","Name":"SRI BALAJI GROCERY STORES","Type":"Asian Grocery Store","Rating":"3.8","Review Count":"4","Address":"opp. Balaji Devasthanam, Gandharva Nagari, Rosa Colony, Sane Guruji Nagar, Nashik, Maharashtra 422101, India","Maps Link":"https://maps.google.com/?cid=13025605486168362657&g_mp=Cidnb29nbGUubWFwcy5wbGFjZXMudjEuUGxhY2VzLlNlYXJjaFRleHQQAhgEIAA"}},{"type":"Feature","geometry":{"type":"Point","coordinates":[73.844799,19.9529399]},"properties":{"Taluka":"Nashik","Zone":"Nashik Road","Category":"Kirana / General Store","Name":"Sachin Kirana & General Stores","Type":"General Store","Rating":"4.5","Review Count":"4","Phone":"090113 45834","Address":"Near Sinner Fata, Nashik Rd, Nashik Road, Nashik, Maharashtra 422101, India","Maps Link":"https://maps.google.com/?cid=11793960887424880845&g_mp=Cidnb29nbGUubWFwcy5wbGFjZXMudjEuUGxhY2VzLlNlYXJjaFRleHQQAhgEIAA"}},{"type":"Feature","geometry":{"type":"Point","coordinates":[73.8307143,19.9724384]},"properties":{"Taluka":"Nashik","Zone":"Nashik Road","Category":"Kirana / General Store","Name":"Sadaguru Kirana Stores","Type":"Grocery Store","Rating":"5","Review Count":"1","Phone":"080070 06533","Address":"Shop No 3 Om Kar Hights, Lokhande Mala Jail Roqd, Ja8l Road, Bytco Point, Parjat Nagar, Lokhande Mala, Parijat Nager, Nashik, Maharashtra 422101, India","Maps Link":"https://maps.google.com/?cid=13652752968509947752&g_mp=Cidnb29nbGUubWFwcy5wbGFjZXMudjEuUGxhY2VzLlNlYXJjaFRleHQQAhgEIAA"}},{"type":"Feature","geometry":{"type":"Point","coordinates":[73.8526441,19.9431841]},"properties":{"Taluka":"Nashik","Zone":"Nashik Road","Category":"Kirana / General Store","Name":"Sadguru Kirana And General Stores","Type":"Grocery Store","Rating":"5","Review Count":"3","Phone":"088307 88535","Address":"Pune - Nashik Hwy, Nashik, Maharashtra 422101, India","Maps Link":"https://maps.google.com/?cid=14934496605107415352&g_mp=Cidnb29nbGUubWFwcy5wbGFjZXMudjEuUGxhY2VzLlNlYXJjaFRleHQQAhgEIAA"}},{"type":"Feature","geometry":{"type":"Point","coordinates":[73.8261187,19.9568614]},"properties":{"Taluka":"Nashik","Zone":"Nashik Road","Category":"Kirana / General Store","Name":"Sadguru Provision And General Store","Type":"General Store","Rating":"5","Review Count":"2","Phone":"092700 62010","Address":"near KG Mehata High School, Sadhguru Nagar, Vidya Vihar Society, Nashik Road, Nashik, Maharashtra 422101, India","Maps Link":"https://maps.google.com/?cid=14910927191528304163&g_mp=Cidnb29nbGUubWFwcy5wbGFjZXMudjEuUGxhY2VzLlNlYXJjaFRleHQQAhgEIAA"}},{"type":"Feature","geometry":{"type":"Point","coordinates":[73.8254982,19.9584833]},"properties":{"Taluka":"Nashik","Zone":"Nashik Road","Category":"Kirana / General Store","Name":"Sai Deep Kirana And General Stores","Type":"General Store","Rating":"3.5","Review Count":"2","Phone":"0253 245 9558","Address":"XR5G+95X, Jayabai Colony, Dawkhar Wadi, Nashik Road, Nashik, Maharashtra 422101, India","Maps Link":"https://maps.google.com/?cid=15593655012152886967&g_mp=Cidnb29nbGUubWFwcy5wbGFjZXMudjEuUGxhY2VzLlNlYXJjaFRleHQQAhgEIAA"}},{"type":"Feature","geometry":{"type":"Point","coordinates":[73.7757016,19.9400181]},"properties":{"Taluka":"Nashik","Zone":"Nashik Road","Category":"Kirana / General Store","Name":"Sakshi Kirana And General Store","Type":"General Store","Rating":"5","Review Count":"2","Phone":"099224 89214","Address":"WQRG+274, Pathardi Gaon, Pathardi Phata, Nashik, Maharashtra 422010, India","Maps Link":"https://maps.google.com/?cid=9148257170669141601&g_mp=Cidnb29nbGUubWFwcy5wbGFjZXMudjEuUGxhY2VzLlNlYXJjaFRleHQQAhgEIAA"}},{"type":"Feature","geometry":{"type":"Point","coordinates":[73.827663,19.9506113]},"properties":{"Taluka":"Nashik","Zone":"Nashik Road","Category":"Kirana / General Store","Name":"Sakshi Kirana Store","Type":"Store","Rating":"5","Review Count":"1","Phone":"088054 08623","Address":"Shop No, 1, Jai Bhavani Rd, Adke Nagar, Nashik Road, Nashik, Maharashtra 422102, India","Maps Link":"https://maps.google.com/?cid=10316824650054909524&g_mp=Cidnb29nbGUubWFwcy5wbGFjZXMudjEuUGxhY2VzLlNlYXJjaFRleHQQAhgEIAA"}},{"type":"Feature","geometry":{"type":"Point","coordinates":[73.8486949,19.947433]},"properties":{"Taluka":"Nashik","Zone":"Nashik Road","Category":"Kirana / General Store","Name":"Saptashrungi Kirana & General Store","Type":"General Store","Rating":"4.5","Review Count":"4","Phone":"099222 66608","Address":"Bhagwati Mala,Sinner Fata Shiv Amrut Society Samangaon Road, Shiv Amrut Society, Nashik Rd, Bridge Nagar, Nashik, Maharashtra 422101, India","Maps Link":"https://maps.google.com/?cid=14507097213496219282&g_mp=Cidnb29nbGUubWFwcy5wbGFjZXMudjEuUGxhY2VzLlNlYXJjaFRleHQQAhgEIAA"}},{"type":"Feature","geometry":{"type":"Point","coordinates":[73.8278,19.950383]},"properties":{"Taluka":"Nashik","Zone":"Nashik Road","Category":"Kirana / General Store","Name":"Sarvesh Kirana And General Stores","Type":"Grocery Store","Rating":"4.7","Review Count":"3","Phone":"094239 36117","Address":"XR2H+543, Jai Bhavani Rd, Adke Nagar, Nashik Road, Nashik, Maharashtra 422102, India","Maps Link":"https://maps.google.com/?cid=660342555656870892&g_mp=Cidnb29nbGUubWFwcy5wbGFjZXMudjEuUGxhY2VzLlNlYXJjaFRleHQQAhgEIAA"}},{"type":"Feature","geometry":{"type":"Point","coordinates":[73.8112423,19.9317947]},"properties":{"Taluka":"Nashik","Zone":"Nashik Road","Category":"Kirana / General Store","Name":"Shinde Kirana And General Stores","Type":"Grocery Store","Rating":"3.6","Review Count":"9","Phone":"098818 25048","Address":"Deolali Camp Road, Vadner Gaon, Nashik, Maharashtra 422102, India","Maps Link":"https://maps.google.com/?cid=15944187500148155951&g_mp=Cidnb29nbGUubWFwcy5wbGFjZXMudjEuUGxhY2VzLlNlYXJjaFRleHQQAhgEIAA"}},{"type":"Feature","geometry":{"type":"Point","coordinates":[73.8450265,19.9529594]},"properties":{"Taluka":"Nashik","Zone":"Nashik Road","Category":"Kirana / General Store","Name":"Shivam Kirana And General Store","Type":"General Store","Rating":"5","Review Count":"1","Phone":"097305 03433","Address":"Near Sinner Fata, Nashik Rd, Bhor Mala, Nashik Road, Nashik, Maharashtra 422101, India","Maps Link":"https://maps.google.com/?cid=8547507010131104589&g_mp=Cidnb29nbGUubWFwcy5wbGFjZXMudjEuUGxhY2VzLlNlYXJjaFRleHQQAhgEIAA"}},{"type":"Feature","geometry":{"type":"Point","coordinates":[73.83404,19.9634676]},"properties":{"Taluka":"Nashik","Zone":"Nashik Road","Category":"Kirana / General Store","Name":"Shivshakti General Store & Xerox","Type":"General Store","Rating":"5","Review Count":"18","Phone":"096574 91112","Address":"SHOP NO. 08 Patang so, Gandharva Nagari, DattaMandir, Nashik Road, Nashik, Maharashtra 422101, India","Maps Link":"https://maps.google.com/?cid=1800900857717279332&g_mp=Cidnb29nbGUubWFwcy5wbGFjZXMudjEuUGxhY2VzLlNlYXJjaFRleHQQAhgEIAA"}},{"type":"Feature","geometry":{"type":"Point","coordinates":[73.848255,19.955838]},"properties":{"Taluka":"Nashik","Zone":"Nashik Road","Category":"Kirana / General Store","Name":"Shraddha Kirana & General Store","Type":"General Store","Rating":"4","Review Count":"3","Phone":"097655 48099","Address":"XR4X+88J, Near Sinner Fata, Nashik Road, Nashik, Maharashtra 422101, India","Maps Link":"https://maps.google.com/?cid=8780611078956184805&g_mp=Cidnb29nbGUubWFwcy5wbGFjZXMudjEuUGxhY2VzLlNlYXJjaFRleHQQAhgEIAA"}},{"type":"Feature","geometry":{"type":"Point","coordinates":[73.8356935,19.9604548]},"properties":{"Taluka":"Nashik","Zone":"Nashik Road","Category":"Kirana / General Store","Name":"Shree Adke Provision","Type":"Food Delivery","Rating":"4.1","Review Count":"8","Phone":"098810 31315","Address":"near Adke garden vidhya Nagari, Phandharkar Nagar Colony, DattaMandir, Nashik Road, Nashik, Maharashtra 422101, India","Maps Link":"https://maps.google.com/?cid=12445893393993699075&g_mp=Cidnb29nbGUubWFwcy5wbGFjZXMudjEuUGxhY2VzLlNlYXJjaFRleHQQAhgEIAA"}},{"type":"Feature","geometry":{"type":"Point","coordinates":[73.76693,19.954857]},"properties":{"Taluka":"Nashik","Zone":"Nashik Road","Category":"Kirana / General Store","Name":"Shree Chakradhar Kirana & General Stores","Type":"Grocery Store","Rating":"4","Review Count":"8","Phone":"098902 08240","Address":"Gala No.3,Plot No.323, Behind Eco City, Wasan Nagar, Pathardi Phata, Nashik, Maharashtra 422009, India","Maps Link":"https://maps.google.com/?cid=220294088849801165&g_mp=Cidnb29nbGUubWFwcy5wbGFjZXMudjEuUGxhY2VzLlNlYXJjaFRleHQQAhgEIAA"}},{"type":"Feature","geometry":{"type":"Point","coordinates":[73.837633,19.977044]},"properties":{"Taluka":"Nashik","Zone":"Nashik Road","Category":"Kirana / General Store","Name":"Shree Datta Kirana And General Stores","Type":"General Store","Rating":"4","Review Count":"2","Phone":"099221 11892","Address":"Pintoo Colony, Nashik Road, Nashik, Maharashtra 422101, India","Maps Link":"https://maps.google.com/?cid=16341356812278748313&g_mp=Cidnb29nbGUubWFwcy5wbGFjZXMudjEuUGxhY2VzLlNlYXJjaFRleHQQAhgEIAA"}},{"type":"Feature","geometry":{"type":"Point","coordinates":[73.8572747,19.9643007]},"properties":{"Taluka":"Nashik","Zone":"Nashik Road","Category":"Kirana / General Store","Name":"Shree Hari Kirana Stores","Type":"General Store","Rating":"3.4","Review Count":"5","Phone":"094208 31922","Address":"XV74+PWC, Eklahara Rd, Opp. Railway Traction, Nashik Road, Nashik, Maharashtra 422101, India","Maps Link":"https://maps.google.com/?cid=14768297174799944421&g_mp=Cidnb29nbGUubWFwcy5wbGFjZXMudjEuUGxhY2VzLlNlYXJjaFRleHQQAhgEIAA"}},{"type":"Feature","geometry":{"type":"Point","coordinates":[73.832303,19.974269]},"properties":{"Taluka":"Nashik","Zone":"Nashik Road","Category":"Kirana / General Store","Name":"Shree Jogeshwari Provision And General Stores","Type":"Grocery Store","Rating":"4.6","Review Count":"7","Phone":"098903 60217","Address":"Shop No.4, Jail Road, Saharadeep Society, Lokhde Mala, Nashik Road, Nashik, Maharashtra 422101, India","Maps Link":"https://maps.google.com/?cid=14162756705372588342&g_mp=Cidnb29nbGUubWFwcy5wbGFjZXMudjEuUGxhY2VzLlNlYXJjaFRleHQQAhgEIAA"}},{"type":"Feature","geometry":{"type":"Point","coordinates":[73.7508288,19.9482161]},"properties":{"Taluka":"Nashik","Zone":"Nashik Road","Category":"Kirana / General Store","Name":"Shree Navnath Provision And General Stores","Type":"General Store","Rating":"5","Review Count":"4","Phone":"091726 51811","Address":"Buddha Vihar, Pathardi Phata, Nashik, Maharashtra 422010, India","Maps Link":"https://maps.google.com/?cid=11976980980664760446&g_mp=Cidnb29nbGUubWFwcy5wbGFjZXMudjEuUGxhY2VzLlNlYXJjaFRleHQQAhgEIAA"}},{"type":"Feature","geometry":{"type":"Point","coordinates":[73.8357049,19.9602576]},"properties":{"Taluka":"Nashik","Zone":"Nashik Road","Category":"Kirana / General Store","Name":"Shree Pawar Kirana & Patanjali Store","Type":"Grocery Store","Rating":"5","Review Count":"8","Phone":"075885 58792","Address":"Shri Ram Apt, Phandharkar Nagar Colony, vidya Nagari, Nashik Road, Nashik, Maharashtra 422101, India","Maps Link":"https://maps.google.com/?cid=6154305979575304034&g_mp=Cidnb29nbGUubWFwcy5wbGFjZXMudjEuUGxhY2VzLlNlYXJjaFRleHQQAhgEIAA"}},{"type":"Feature","geometry":{"type":"Point","coordinates":[73.8399404,19.9516488]},"properties":{"Taluka":"Nashik","Zone":"Nashik Road","Category":"Kirana / General Store","Name":"Shree Saptashrungi Kirana & General Store","Type":"General Store","Review Count":"0","Phone":"093702 95788","Address":"XR2Q+MX4, Nashik Rd, Panchvati, Rajwada Nagar, Ramwadi, Nashik, Maharashtra 422101, India","Maps Link":"https://maps.google.com/?cid=3469747779339854492&g_mp=Cidnb29nbGUubWFwcy5wbGFjZXMudjEuUGxhY2VzLlNlYXJjaFRleHQQAhgEIAA"}},{"type":"Feature","geometry":{"type":"Point","coordinates":[73.821696,19.956069]},"properties":{"Taluka":"Nashik","Zone":"Nashik Road","Category":"Kirana / General Store","Name":"Shree Swami Samarth Kirana And General Stores","Type":"Grocery Store","Rating":"5","Review Count":"2","Phone":"098504 03526","Address":"XR4C+CMG, Nashik Lok Mela, Gandhi Nagar Airport Area, Nashik Road, Nashik, Maharashtra 422102, India","Maps Link":"https://maps.google.com/?cid=5428795387001876153&g_mp=Cidnb29nbGUubWFwcy5wbGFjZXMudjEuUGxhY2VzLlNlYXJjaFRleHQQAhgEIAA"}},{"type":"Feature","geometry":{"type":"Point","coordinates":[73.8175747,19.9817783]},"properties":{"Taluka":"Nashik","Zone":"Nashik Road","Category":"Kirana / General Store","Name":"Shree Swami Samarth Kirana General & Store","Type":"General Store","Rating":"4","Review Count":"1","Phone":"0253 241 9579","Address":"XRJ9+P28, Jai Bhavani Rd, Jay Bhavani Nagar, Nashik Road, Nashik, Maharashtra 422006, India","Maps Link":"https://maps.google.com/?cid=11471470843140282873&g_mp=Cidnb29nbGUubWFwcy5wbGFjZXMudjEuUGxhY2VzLlNlYXJjaFRleHQQAhgEIAA"}},{"type":"Feature","geometry":{"type":"Point","coordinates":[73.8200016,19.971724]},"properties":{"Taluka":"Nashik","Zone":"Nashik Road","Category":"Kirana / General Store","Name":"Shri Samartha General Store","Type":"General Store","Rating":"4.8","Review Count":"4","Phone":"094228 38736","Address":"Shop No 06, Satyam soc, Shantipark, Upnagar, Nashik, Maharashtra 422006, India","Maps Link":"https://maps.google.com/?cid=5209810202557908673&g_mp=Cidnb29nbGUubWFwcy5wbGFjZXMudjEuUGxhY2VzLlNlYXJjaFRleHQQAhgEIAA"}},{"type":"Feature","geometry":{"type":"Point","coordinates":[73.8307807,19.9542816]},"properties":{"Taluka":"Nashik","Zone":"Nashik Road","Category":"Kirana / General Store","Name":"Shriram General Stores","Type":"General Store","Rating":"5","Review Count":"4","Phone":"082082 57403","Address":"Shop 2, Akash Darshan Society, Taran Talav Rd, Jagtap Mala, Gayakhe Colony, Nashik Road, Nashik, Maharashtra 422101, India","Maps Link":"https://maps.google.com/?cid=7188822468800096295&g_mp=Cidnb29nbGUubWFwcy5wbGFjZXMudjEuUGxhY2VzLlNlYXJjaFRleHQQAhgEIAA"}},{"type":"Feature","geometry":{"type":"Point","coordinates":[73.8397804,19.9520896]},"properties":{"Taluka":"Nashik","Zone":"Nashik Road","Category":"Kirana / General Store","Name":"Shriram General Stores","Type":"General Store","Review Count":"0","Phone":"098814 46661","Address":"XR2Q+RWJ, Rajendra Colony, Opposite Press Gate, Near Shivaji Putla, Rajwada Nagar, Nashik Rd, Nashik, Maharashtra 422101, India","Maps Link":"https://maps.google.com/?cid=5818065526365213153&g_mp=Cidnb29nbGUubWFwcy5wbGFjZXMudjEuUGxhY2VzLlNlYXJjaFRleHQQAhgEIAA"}},{"type":"Feature","geometry":{"type":"Point","coordinates":[73.763176,19.9570979]},"properties":{"Taluka":"Nashik","Zone":"Nashik Road","Category":"Kirana / General Store","Name":"Shubham Provision & General Stores","Type":"Grocery Store","Rating":"5","Review Count":"5","Phone":"099237 49222","Address":"Shop No.2, Radhika Apartment, Opposite Police Vasahat, Wasan Nagar, Pathardi Phata, Nashik, Maharashtra 422009, India","Maps Link":"https://maps.google.com/?cid=16992013814444953821&g_mp=Cidnb29nbGUubWFwcy5wbGFjZXMudjEuUGxhY2VzLlNlYXJjaFRleHQQAhgEIAA"}},{"type":"Feature","geometry":{"type":"Point","coordinates":[73.837868,19.9755249]},"properties":{"Taluka":"Nashik","Zone":"Nashik Road","Category":"Kirana / General Store","Name":"Siddhi Vinayak Kirana Stores","Type":"General Store","Rating":"4.3","Review Count":"7","Phone":"092722 83537","Address":"Ashoka Park, Jail Rd, near Durga Mata Mandir, Parvatibai Nagar, Shivaji Nagar, Nashik, Maharashtra 422101, India","Maps Link":"https://maps.google.com/?cid=17122965625337743550&g_mp=Cidnb29nbGUubWFwcy5wbGFjZXMudjEuUGxhY2VzLlNlYXJjaFRleHQQAhgEIAA"}},{"type":"Feature","geometry":{"type":"Point","coordinates":[73.8322641,19.9505363]},"properties":{"Taluka":"Nashik","Zone":"Nashik Road","Category":"Kirana / General Store","Name":"Soham General Stores","Type":"General Store","Review Count":"0","Phone":"095529 89582","Address":"Shop No 9, Gurudarshan Apartment, Anand Nagar, Nashik Road, Nashik, Maharashtra 422101, India","Maps Link":"https://maps.google.com/?cid=2394728448420774233&g_mp=Cidnb29nbGUubWFwcy5wbGFjZXMudjEuUGxhY2VzLlNlYXJjaFRleHQQAhgEIAA"}},{"type":"Feature","geometry":{"type":"Point","coordinates":[73.8256919,19.9589026]},"properties":{"Taluka":"Nashik","Zone":"Nashik Road","Category":"Kirana / General Store","Name":"Sonal Kirana And General Store","Type":"General Store","Rating":"5","Review Count":"4","Phone":"091680 91079","Address":"XR5G+H78, Jai Bhavani Rd, Jayabai Colony, Dawkhar Wadi, Nashik Road, Nashik, Maharashtra 422101, India","Maps Link":"https://maps.google.com/?cid=1577684393082534023&g_mp=Cidnb29nbGUubWFwcy5wbGFjZXMudjEuUGxhY2VzLlNlYXJjaFRleHQQAhgEIAA"}},{"type":"Feature","geometry":{"type":"Point","coordinates":[73.8350069,19.943545]},"properties":{"Taluka":"Nashik","Zone":"Nashik Road","Category":"Kirana / General Store","Name":"Swapnajay General Stores","Type":"General Store","Review Count":"0","Phone":"0253 245 9109","Address":"WRVP+C26, Shani Chowk, Nashik Rd, Deolali Gaon, Nashik, Maharashtra 422101, India","Maps Link":"https://maps.google.com/?cid=11453766208551652063&g_mp=Cidnb29nbGUubWFwcy5wbGFjZXMudjEuUGxhY2VzLlNlYXJjaFRleHQQAhgEIAA"}},{"type":"Feature","geometry":{"type":"Point","coordinates":[73.8387318,19.9539382]},"properties":{"Taluka":"Nashik","Zone":"Nashik Road","Category":"Kirana / General Store","Name":"VENKATESH KIRANA STORES","Type":"General Store","Rating":"5","Review Count":"1","Phone":"094222 49455","Address":"Shop No. 1 Bhagirathi Niwas, Asha Nagar Colony, Bytco Point, Nashik Road, Nashik, Maharashtra 422101, India","Maps Link":"https://maps.google.com/?cid=18417480407126130725&g_mp=Cidnb29nbGUubWFwcy5wbGFjZXMudjEuUGxhY2VzLlNlYXJjaFRleHQQAhgEIAA"}},{"type":"Feature","geometry":{"type":"Point","coordinates":[73.835058,19.943699]},"properties":{"Taluka":"Nashik","Zone":"Nashik Road","Category":"Kirana / General Store","Name":"Vaibhav Kirana","Type":"Grocery Store","Rating":"3.8","Review Count":"9","Phone":"093710 53968","Address":"Nashik Rd, near Dandiya Maratha Mandir, Deolali Gaon, Nashik, Maharashtra 422101, India","Maps Link":"https://maps.google.com/?cid=12608204561646744364&g_mp=Cidnb29nbGUubWFwcy5wbGFjZXMudjEuUGxhY2VzLlNlYXJjaFRleHQQAhgEIAA"}},{"type":"Feature","geometry":{"type":"Point","coordinates":[73.8234849,19.9569209]},"properties":{"Taluka":"Nashik","Zone":"Nashik Road","Category":"Kirana / General Store","Name":"Vakratund Kirana And General Stores","Type":"General Store","Rating":"4.8","Review Count":"6","Phone":"098504 22288","Address":"XR4F+Q99, Jai Bhavani Rd, Akash Deep Society, Gandhi Nagar Airport Area, Nashik Rd, Nashik, Maharashtra 422102, India","Maps Link":"https://maps.google.com/?cid=6493468548657992262&g_mp=Cidnb29nbGUubWFwcy5wbGFjZXMudjEuUGxhY2VzLlNlYXJjaFRleHQQAhgEIAA"}},{"type":"Feature","geometry":{"type":"Point","coordinates":[73.8491217,19.9713239]},"properties":{"Taluka":"Nashik","Zone":"Nashik Road","Category":"Kirana / General Store","Name":"Vihansh Kirana And General Stores","Type":"General Store","Rating":"5","Review Count":"1","Phone":"095796 56386","Address":"Shop No. 4 DevIdarshan Apartment, Dhikale Nagar, Nashik Road, Nashik, Maharashtra 422101, India","Maps Link":"https://maps.google.com/?cid=2544519503105923405&g_mp=Cidnb29nbGUubWFwcy5wbGFjZXMudjEuUGxhY2VzLlNlYXJjaFRleHQQAhgEIAA"}},{"type":"Feature","geometry":{"type":"Point","coordinates":[73.8411005,19.9487693]},"properties":{"Taluka":"Nashik","Zone":"Nashik Road","Category":"Kirana / General Store","Name":"Vijay Provision Store","Type":"Food Store","Rating":"3.8","Review Count":"4","Phone":"085300 06171","Address":"Mitra mandal housing society, railway station, near Nashik Road, Rajwada Nagar, Nashik Road, Nashik, Maharashtra 422101, India","Maps Link":"https://maps.google.com/?cid=7772193511806199497&g_mp=Cidnb29nbGUubWFwcy5wbGFjZXMudjEuUGxhY2VzLlNlYXJjaFRleHQQAhgEIAA"}},{"type":"Feature","geometry":{"type":"Point","coordinates":[73.8345068,19.9482107]},"properties":{"Taluka":"Nashik","Zone":"Nashik Road","Category":"Kirana / General Store","Name":"WELCOME PROVISION STORES","Type":"General Store","Rating":"4.7","Review Count":"3","Phone":"098502 61509","Address":"Anmol Ratna, 5, Datta Mandir Road, Anand Nagar, Hinduhriday Samrat Shriman Balasaheb Thackeray Marg, Muktidham Mandir Road, Anand Nagar, Nashik Road, Nashik, Maharashtra 422101, India","Maps Link":"https://maps.google.com/?cid=259280781508482897&g_mp=Cidnb29nbGUubWFwcy5wbGFjZXMudjEuUGxhY2VzLlNlYXJjaFRleHQQAhgEIAA"}},{"type":"Feature","geometry":{"type":"Point","coordinates":[73.8327839,19.9506424]},"properties":{"Taluka":"Nashik","Zone":"Nashik Road","Category":"Kirana / General Store","Name":"Yashoda Kirana And General Stores","Type":"General Store","Rating":"4.5","Review Count":"10","Phone":"097303 13181","Address":"XR2M+743, behind MUKTIDHAM, Anand Nagar, Nashik Road, Nashik, Maharashtra 422101, India","Maps Link":"https://maps.google.com/?cid=7956979039115591842&g_mp=Cidnb29nbGUubWFwcy5wbGFjZXMudjEuUGxhY2VzLlNlYXJjaFRleHQQAhgEIAA"}},{"type":"Feature","geometry":{"type":"Point","coordinates":[73.8336049,19.944454]},"properties":{"Taluka":"Nashik","Zone":"Nashik Road","Category":"Kirana / General Store","Name":"Yogeshwar Kirana Stores","Type":"General Store","Rating":"4.5","Review Count":"8","Phone":"092700 00300","Address":"1, Swapnadeep Society, Somwar Bazar Road, Devlali Gaon, Nashik, Maharashtra 422101, India","Maps Link":"https://maps.google.com/?cid=8109838971260511515&g_mp=Cidnb29nbGUubWFwcy5wbGFjZXMudjEuUGxhY2VzLlNlYXJjaFRleHQQAhgEIAA"}},{"type":"Feature","geometry":{"type":"Point","coordinates":[73.8345906,19.9587895]},"properties":{"Taluka":"Nashik","Zone":"Nashik Road","Category":"Kirana / General Store","Name":"प्रतिक्षा किराणा ॲण्ड जनरल स्टोअर्स","Type":"Grocery Store","Review Count":"0","Address":"XR5M+GR8, Bytco Factory Motwani Rd, Phandharkar Nagar Colony, DattaMandir, Sane Guruji Nagar, Nashik, Maharashtra 422101, India","Maps Link":"https://maps.google.com/?cid=16870436574784121855&g_mp=Cidnb29nbGUubWFwcy5wbGFjZXMudjEuUGxhY2VzLlNlYXJjaFRleHQQAhgEIAA"}},{"type":"Feature","geometry":{"type":"Point","coordinates":[73.848164,19.980641]},"properties":{"Taluka":"Nashik","Zone":"Nashik Road","Category":"Other Grocery Shop","Name":"Aashapuri Super Market","Type":"Grocery Store","Rating":"4.3","Review Count":"36","Phone":"094239 32462","Address":"Jail Road Rajrajeshwari Chowk, XRJX+773, Trimurti Nagar Rd, Nashik Road, Nashik, Maharashtra 422101, India","Maps Link":"https://maps.google.com/?cid=4418725847054350060&g_mp=Cidnb29nbGUubWFwcy5wbGFjZXMudjEuUGxhY2VzLlNlYXJjaFRleHQQAhgEIAA"}},{"type":"Feature","geometry":{"type":"Point","coordinates":[73.7624082,19.9498028]},"properties":{"Taluka":"Nashik","Zone":"Nashik Road","Category":"Other Grocery Shop","Name":"Damodhar Mart","Type":"Grocery Store","Rating":"3.8","Review Count":"37","Phone":"099213 11138","Address":"Shop No 31, Pandurang Chaowk, Murlidhar Vyas Colony, Damodar Nagar, Pathardi Phata, Nashik, Maharashtra 422010, India","Maps Link":"https://maps.google.com/?cid=12707792921079281890&g_mp=Cidnb29nbGUubWFwcy5wbGFjZXMudjEuUGxhY2VzLlNlYXJjaFRleHQQAhgEIAA"}},{"type":"Feature","geometry":{"type":"Point","coordinates":[73.8344181,19.9534294]},"properties":{"Taluka":"Nashik","Zone":"Nashik Road","Category":"Other Grocery Shop","Name":"Food Basket","Type":"Grocery Store","Rating":"4.3","Review Count":"18","Address":"Padmanabh Heights, shop no, 2, Datta Mandir Rd, Gayakhe Colony, Nashik Road, Nashik, Maharashtra 422101, India","Maps Link":"https://maps.google.com/?cid=7797282734268155370&g_mp=Cidnb29nbGUubWFwcy5wbGFjZXMudjEuUGxhY2VzLlNlYXJjaFRleHQQAhgEIAA"}},{"type":"Feature","geometry":{"type":"Point","coordinates":[73.8356827,19.9527516]},"properties":{"Taluka":"Nashik","Zone":"Nashik Road","Category":"Other Grocery Shop","Name":"Hansita Millets & Shopee","Type":"Wholesaler","Rating":"5","Review Count":"4","Phone":"087889 57536","Address":"Shop no 32, Gaikwad Sankul, Gaikwad Mala Rd, below Chirayu Hospital, Gayakhe Colony, Nashik Road, Nashik, Maharashtra 422101, India","Website":"http://www.hansitafoods.com/","Maps Link":"https://maps.google.com/?cid=16004295596737817794&g_mp=Cidnb29nbGUubWFwcy5wbGFjZXMudjEuUGxhY2VzLlNlYXJjaFRleHQQAhgEIAA"}},{"type":"Feature","geometry":{"type":"Point","coordinates":[73.840592,19.9491029]},"properties":{"Taluka":"Nashik","Zone":"Nashik Road","Category":"Other Grocery Shop","Name":"Jyothi Trading Co.","Type":"Grocery Store","Rating":"4.4","Review Count":"11","Phone":"094232 29989","Address":"6, Ambedkar Rd, Ganesh Market, Rajwada Nagar, Nashik Rd, Nashik, Maharashtra 422101, India","Maps Link":"https://maps.google.com/?cid=10539142299733727299&g_mp=Cidnb29nbGUubWFwcy5wbGFjZXMudjEuUGxhY2VzLlNlYXJjaFRleHQQAhgEIAA"}},{"type":"Feature","geometry":{"type":"Point","coordinates":[73.8422688,19.9515292]},"properties":{"Taluka":"Nashik","Zone":"Nashik Road","Category":"Other Grocery Shop","Name":"Mansi Mini Market","Type":"Grocery Store","Rating":"3.6","Review Count":"9","Phone":"092259 44010","Address":"Shop 1, Shree ganeshwary, Nawle Colony, Nashik Road, Nashik, Maharashtra 422101, India","Maps Link":"https://maps.google.com/?cid=14486984663122532219&g_mp=Cidnb29nbGUubWFwcy5wbGFjZXMudjEuUGxhY2VzLlNlYXJjaFRleHQQAhgEIAA"}},{"type":"Feature","geometry":{"type":"Point","coordinates":[73.7654903,19.9496809]},"properties":{"Taluka":"Nashik","Zone":"Nashik Road","Category":"Other Grocery Shop","Name":"Nandan Super Market","Type":"Grocery Store","Rating":"3.9","Review Count":"56","Phone":"086377 68876","Address":"Shop No 1pali, Hill Appointment, Narhari Nagar, Prashant Nagar, Pathardi Phata, Nashik, Maharashtra 422010, India","Maps Link":"https://maps.google.com/?cid=2715500226421754956&g_mp=Cidnb29nbGUubWFwcy5wbGFjZXMudjEuUGxhY2VzLlNlYXJjaFRleHQQAhgEIAA"}},{"type":"Feature","geometry":{"type":"Point","coordinates":[73.7876397,19.9686318]},"properties":{"Taluka":"Nashik","Zone":"Nashik Road","Category":"Other Grocery Shop","Name":"Pranav Super Market","Type":"Grocery Store","Rating":"4","Review Count":"21","Address":"R R, Param Pujya Ravishankarji Marg, Gandharv Nagar, Indira Nagar, Nashik, Maharashtra 422009, India","Maps Link":"https://maps.google.com/?cid=10900960111229765177&g_mp=Cidnb29nbGUubWFwcy5wbGFjZXMudjEuUGxhY2VzLlNlYXJjaFRleHQQAhgEIAA"}},{"type":"Feature","geometry":{"type":"Point","coordinates":[73.7711901,19.9642107]},"properties":{"Taluka":"Nashik","Zone":"Nashik Road","Category":"Other Grocery Shop","Name":"Rajlaxmi super market","Type":"Grocery Store","Rating":"5","Review Count":"11","Phone":"079769 90361","Address":"Chetana nagar, Rane Nagar, Nashik, Maharashtra 422009, India","Maps Link":"https://maps.google.com/?cid=3987413507651471182&g_mp=Cidnb29nbGUubWFwcy5wbGFjZXMudjEuUGxhY2VzLlNlYXJjaFRleHQQAhgEIAA"}},{"type":"Feature","geometry":{"type":"Point","coordinates":[73.8305613,19.9511418]},"properties":{"Taluka":"Nashik","Zone":"Nashik Road","Category":"Other Grocery Shop","Name":"Ratanshi Meghji Shah","Type":"Grocery Store","Rating":"4.2","Review Count":"22","Phone":"090212 74545","Address":"XR2J+C4J, Taran Talav Rd, Gulmohar Colony, Anand Nagar, Deolali Gaon, Nashik, Maharashtra 422101, India","Maps Link":"https://maps.google.com/?cid=1483810659258145009&g_mp=Cidnb29nbGUubWFwcy5wbGFjZXMudjEuUGxhY2VzLlNlYXJjaFRleHQQAhgEIAA"}},{"type":"Feature","geometry":{"type":"Point","coordinates":[73.8379182,19.9468009]},"properties":{"Taluka":"Nashik","Zone":"Nashik Road","Category":"Other Grocery Shop","Name":"Royal Dryfruit and spices","Type":"Grocery Store","Rating":"5","Review Count":"2","Phone":"075887 03949","Address":"Subhash Rd, Rajwada Nagar, Deolali Gaon, Nashik, Maharashtra 422214, India","Maps Link":"https://maps.google.com/?cid=518366558558450977&g_mp=Cidnb29nbGUubWFwcy5wbGFjZXMudjEuUGxhY2VzLlNlYXJjaFRleHQQAhgEIAA"}},{"type":"Feature","geometry":{"type":"Point","coordinates":[73.7685189,19.956695]},"properties":{"Taluka":"Nashik","Zone":"Nashik Road","Category":"Other Grocery Shop","Name":"SHRI DURGRAJ RICE AND MORE","Type":"Grocery Store","Rating":"4.9","Review Count":"19","Phone":"075889 21881","Address":"Shop No 2, Oskar Avenue, opp. Gamane Ground, Mauli Nagari, Wasan Nagar, Pathardi Phata, Nashik, Maharashtra 422009, India","Maps Link":"https://maps.google.com/?cid=8905032416117467381&g_mp=Cidnb29nbGUubWFwcy5wbGFjZXMudjEuUGxhY2VzLlNlYXJjaFRleHQQAhgEIAA"}},{"type":"Feature","geometry":{"type":"Point","coordinates":[73.7621611,19.9495755]},"properties":{"Taluka":"Nashik","Zone":"Nashik Road","Category":"Other Grocery Shop","Name":"Shivkrupa farms","Type":"Grocery Store","Rating":"4","Review Count":"2","Phone":"075886 16431","Address":"Pathardi fata padurang chawk vijay Swits, opp. Nashik, Damodar Nagar, Pathardi Phata, Nashik, Maharashtra 422010, India","Maps Link":"https://maps.google.com/?cid=1651555388537650037&g_mp=Cidnb29nbGUubWFwcy5wbGFjZXMudjEuUGxhY2VzLlNlYXJjaFRleHQQAhgEIAA"}},{"type":"Feature","geometry":{"type":"Point","coordinates":[73.7644961,19.956749]},"properties":{"Taluka":"Nashik","Zone":"Nashik Road","Category":"Other Grocery Shop","Name":"Shree Aashapuri Super Market","Type":"Grocery Store","Rating":"5","Review Count":"2","Phone":"095526 95736","Address":"Pukshraj Apartment, Pathardi Rd, Wasan Nagar, Pathardi Phata, Nashik, Maharashtra 422009, India","Maps Link":"https://maps.google.com/?cid=3739394479772567359&g_mp=Cidnb29nbGUubWFwcy5wbGFjZXMudjEuUGxhY2VzLlNlYXJjaFRleHQQAhgEIAA"}},{"type":"Feature","geometry":{"type":"Point","coordinates":[73.7568249,19.9419676]},"properties":{"Taluka":"Nashik","Zone":"Nashik Road","Category":"Other Grocery Shop","Name":"Sulai Super Market","Type":"Grocery Store","Rating":"5","Review Count":"2","Address":"WQR4+QPP, Dnyaneshwar Nagar, Pathardi Phata, Nashik, Maharashtra 422009, India","Maps Link":"https://maps.google.com/?cid=12268129446644342175&g_mp=Cidnb29nbGUubWFwcy5wbGFjZXMudjEuUGxhY2VzLlNlYXJjaFRleHQQAhgEIAA"}},{"type":"Feature","geometry":{"type":"Point","coordinates":[73.7696203,19.9532829]},"properties":{"Taluka":"Nashik","Zone":"Nashik Road","Category":"Other Grocery Shop","Name":"Swarajya Mini Mart","Type":"Grocery Store","Rating":"5","Review Count":"3","Phone":"094216 09004","Address":"Dnyaneshwar Nagar Rd, Samarth Nagar, Dnyaneshwar Nagar, Pathardi Phata, Nashik, Maharashtra 422009, India","Maps Link":"https://maps.google.com/?cid=7694218057006618957&g_mp=Cidnb29nbGUubWFwcy5wbGFjZXMudjEuUGxhY2VzLlNlYXJjaFRleHQQAhgEIAA"}},{"type":"Feature","geometry":{"type":"Point","coordinates":[73.7649649,19.9547407]},"properties":{"Taluka":"Nashik","Zone":"Nashik Road","Category":"Other Grocery Shop","Name":"V-Mart","Type":"Grocery Store","Rating":"4","Review Count":"804","Phone":"091581 02647","Address":"322, Plot, No 4, Sr No, Pathardi Deolali Link Rd, Dnyaneshwar Nagar, Pathardi Phata, Nashik, Maharashtra 422009, India","Website":"http://stores.vmart.co.in/","Maps Link":"https://maps.google.com/?cid=12025004965349552167&g_mp=Cidnb29nbGUubWFwcy5wbGFjZXMudjEuUGxhY2VzLlNlYXJjaFRleHQQAhgEIAA"}},{"type":"Feature","geometry":{"type":"Point","coordinates":[73.832213,19.9559489]},"properties":{"Taluka":"Nashik","Zone":"Nashik Road","Category":"Other Grocery Shop","Name":"Vijay Dry Fruits","Type":"Grocery Store","Rating":"4.7","Review Count":"46","Phone":"080071 62143","Address":"Shop No 2, Near, Taran Talav Rd, Gayakhe Colony, Deolali Gaon, Nashik, Maharashtra 422101, India","Maps Link":"https://maps.google.com/?cid=6047812523661007375&g_mp=Cidnb29nbGUubWFwcy5wbGFjZXMudjEuUGxhY2VzLlNlYXJjaFRleHQQAhgEIAA"}},{"type":"Feature","geometry":{"type":"Point","coordinates":[73.7755727,19.9504053]},"properties":{"Taluka":"Nashik","Zone":"Nashik Road","Category":"Other Grocery Shop","Name":"Vijeta Super Market","Type":"Grocery Store","Rating":"4.9","Review Count":"63","Phone":"070669 29595","Address":"Shop No F1/2/3, In Lift 2nd Floor, Parksyde Buiness Avenue, Pandav Nagari, Indira Nagar, Nashik, Maharashtra 422009, India","Website":"http://vijetasupermarket.com/?utm_source=gmb&utm_medium=referral","Maps Link":"https://maps.google.com/?cid=3881078947189563794&g_mp=Cidnb29nbGUubWFwcy5wbGFjZXMudjEuUGxhY2VzLlNlYXJjaFRleHQQAhgEIAA"}},{"type":"Feature","geometry":{"type":"Point","coordinates":[73.762219,19.9495718]},"properties":{"Taluka":"Nashik","Zone":"Nashik Road","Category":"Other Grocery Shop","Name":"Vision Mart","Type":"Grocery Store","Rating":"5","Review Count":"1","Address":"WQX6+RVH, Damodar Nagar, Pathardi Phata, Nashik, Maharashtra 422010, India","Maps Link":"https://maps.google.com/?cid=14900431235116899065&g_mp=Cidnb29nbGUubWFwcy5wbGFjZXMudjEuUGxhY2VzLlNlYXJjaFRleHQQAhgEIAA"}},{"type":"Feature","geometry":{"type":"Point","coordinates":[73.77001,19.976295]},"properties":{"Taluka":"Nashik","Zone":"Satpur","Category":"Kirana / General Store","Name":"AJAY PROVISION STORES","Type":"Grocery Store","Rating":"4.3","Review Count":"3","Phone":"099226 26563","Address":"XQGC+G26, Old Cidco, Shanti Nagar, Lekha Nagar, Nashik, Maharashtra 422009, India","Maps Link":"https://maps.google.com/?cid=1613829079322055268&g_mp=Cidnb29nbGUubWFwcy5wbGFjZXMudjEuUGxhY2VzLlNlYXJjaFRleHQQAhgEIAA"}},{"type":"Feature","geometry":{"type":"Point","coordinates":[73.7235229,19.9762468]},"properties":{"Taluka":"Nashik","Zone":"Satpur","Category":"Kirana / General Store","Name":"Aad Kirana Marts And General store","Type":"General Store","Rating":"5","Review Count":"1","Phone":"078430 50158","Address":"Shop No 1, Ambad Link Road, near Dental Avenue, Medage Nagar, Ambad, Nashik, Maharashtra 422010, India","Maps Link":"https://maps.google.com/?cid=16303258138294881777&g_mp=Cidnb29nbGUubWFwcy5wbGFjZXMudjEuUGxhY2VzLlNlYXJjaFRleHQQAhgEIAA"}},{"type":"Feature","geometry":{"type":"Point","coordinates":[73.7715502,19.9751008]},"properties":{"Taluka":"Nashik","Zone":"Satpur","Category":"Kirana / General Store","Name":"Abhilash Kerala Stores, Shop No. 122","Type":"General Store","Rating":"4.7","Review Count":"39","Phone":"094231 75666","Address":"N-6/K6, Old Cidco, Shanti Nagar, Lekha Nagar, Nashik, Maharashtra 422009, India","Maps Link":"https://maps.google.com/?cid=7217166195331328765&g_mp=Cidnb29nbGUubWFwcy5wbGFjZXMudjEuUGxhY2VzLlNlYXJjaFRleHQQAhgEIAA"}},{"type":"Feature","geometry":{"type":"Point","coordinates":[73.7434531,20.0084428]},"properties":{"Taluka":"Nashik","Zone":"Satpur","Category":"Kirana / General Store","Name":"Adinand Grocery","Type":"Grocery Store","Rating":"5","Review Count":"1","Phone":"092702 51853","Address":"Lane No.2, Prakash Chaudhary Marg, Kale Nagar, Sant Kabir Nagar, Satpur Colony, Nashik, Maharashtra 422013, India","Maps Link":"https://maps.google.com/?cid=6681058568583512064&g_mp=Cidnb29nbGUubWFwcy5wbGFjZXMudjEuUGxhY2VzLlNlYXJjaFRleHQQAhgEIAA"}},{"type":"Feature","geometry":{"type":"Point","coordinates":[73.7118992,20.0086447]},"properties":{"Taluka":"Nashik","Zone":"Satpur","Category":"Kirana / General Store","Name":"Agasti Kirana","Type":"General Store","Rating":"4.2","Review Count":"13","Phone":"095454 81738","Address":"2P56+FQ2, Shivaji Nagar, Satpur Colony, Nashik, Maharashtra 422012, India","Maps Link":"https://maps.google.com/?cid=7919087648378388294&g_mp=Cidnb29nbGUubWFwcy5wbGFjZXMudjEuUGxhY2VzLlNlYXJjaFRleHQQAhgEIAA"}},{"type":"Feature","geometry":{"type":"Point","coordinates":[73.7110526,20.0051146]},"properties":{"Taluka":"Nashik","Zone":"Satpur","Category":"Kirana / General Store","Name":"Aishwarya Provision","Type":"General Store","Rating":"5","Review Count":"11","Phone":"098817 99035","Address":"Shop No 2, near Aishwarya Collection, Near Shivaji Nagar Bus Stop, Shivaji Nagar, Satpur Colony, Nashik, Maharashtra 422012, India","Maps Link":"https://maps.google.com/?cid=9898289336651772827&g_mp=Cidnb29nbGUubWFwcy5wbGFjZXMudjEuUGxhY2VzLlNlYXJjaFRleHQQAhgEIAA"}},{"type":"Feature","geometry":{"type":"Point","coordinates":[73.7452245,20.0028414]},"properties":{"Taluka":"Nashik","Zone":"Satpur","Category":"Kirana / General Store","Name":"Amol Provision","Type":"Grocery Store","Rating":"4.7","Review Count":"3","Phone":"094217 77749","Address":"Kamgar Nagar Rd, NICE Area, MIDC, Satpur Colony, Nashik, Maharashtra 422005, India","Maps Link":"https://maps.google.com/?cid=11598543921867222204&g_mp=Cidnb29nbGUubWFwcy5wbGFjZXMudjEuUGxhY2VzLlNlYXJjaFRleHQQAhgEIAA"}},{"type":"Feature","geometry":{"type":"Point","coordinates":[73.7223816,19.9912898]},"properties":{"Taluka":"Nashik","Zone":"Satpur","Category":"Kirana / General Store","Name":"Amrut Provision Stores","Type":"Grocery Store","Rating":"1.5","Review Count":"2","Phone":"084849 97779","Address":"Shop No 2, Near, Shivneri Chowk, MHB Colony, Satpur Colony, Nashik, Maharashtra 422007, India","Maps Link":"https://maps.google.com/?cid=3424854965303696061&g_mp=Cidnb29nbGUubWFwcy5wbGFjZXMudjEuUGxhY2VzLlNlYXJjaFRleHQQAhgEIAA"}},{"type":"Feature","geometry":{"type":"Point","coordinates":[73.7417673,19.9670745]},"properties":{"Taluka":"Nashik","Zone":"Satpur","Category":"Kirana / General Store","Name":"Aradhya kirana and general store","Type":"Grocery Store","Rating":"3","Review Count":"2","Address":"XP8R+RPC, Mahalakshmi Nagar, MIDC Ambad, Nashik, Maharashtra 422010, India","Maps Link":"https://maps.google.com/?cid=2750821777145663581&g_mp=Cidnb29nbGUubWFwcy5wbGFjZXMudjEuUGxhY2VzLlNlYXJjaFRleHQQAhgEIAA"}},{"type":"Feature","geometry":{"type":"Point","coordinates":[73.7670492,19.9749463]},"properties":{"Taluka":"Nashik","Zone":"Satpur","Category":"Kirana / General Store","Name":"Arihant General Stores","Type":"General Store","Rating":"3.5","Review Count":"4","Phone":"098813 96397","Address":"Shop No.N-9/P-G-2/25-1 Near Shopping Market, Old Cidco, Prabhat Colony, Nashik, Maharashtra 422009, India","Maps Link":"https://maps.google.com/?cid=9609550709251047121&g_mp=Cidnb29nbGUubWFwcy5wbGFjZXMudjEuUGxhY2VzLlNlYXJjaFRleHQQAhgEIAA"}},{"type":"Feature","geometry":{"type":"Point","coordinates":[73.7598334,19.9808824]},"properties":{"Taluka":"Nashik","Zone":"Satpur","Category":"Kirana / General Store","Name":"Asha Kirana & Genral Stores","Type":"General Store","Rating":"5","Review Count":"1","Phone":"093702 94100","Address":"N 41 Vc2 1 16, CIDCO - Satpur Rd, New Nashik, Savata Nagar, Nashik, Maharashtra 422008, India","Maps Link":"https://maps.google.com/?cid=285886890328981504&g_mp=Cidnb29nbGUubWFwcy5wbGFjZXMudjEuUGxhY2VzLlNlYXJjaFRleHQQAhgEIAA"}},{"type":"Feature","geometry":{"type":"Point","coordinates":[73.7090996,20.0100942]},"properties":{"Taluka":"Nashik","Zone":"Satpur","Category":"Kirana / General Store","Name":"Asmita General Stores","Type":"General Store","Review Count":"0","Phone":"097639 60945","Address":"Jijamata Colany, near Tuljabhavani Mandir, Shivaji Nagar, Satpur Colony, Nashik, Maharashtra 422012, India","Maps Link":"https://maps.google.com/?cid=2085346348406700741&g_mp=Cidnb29nbGUubWFwcy5wbGFjZXMudjEuUGxhY2VzLlNlYXJjaFRleHQQAhgEIAA"}},{"type":"Feature","geometry":{"type":"Point","coordinates":[73.728674,19.9671563]},"properties":{"Taluka":"Nashik","Zone":"Satpur","Category":"Kirana / General Store","Name":"Balaji General Store","Type":"General Store","Rating":"4.4","Review Count":"9","Phone":"097635 09648","Address":"Chatrapati Chowk, Sanjeev Nagar, Shiv Prabhat Nagar, Chunchale, Nashik, Maharashtra 422010, India","Maps Link":"https://maps.google.com/?cid=4008779185944889628&g_mp=Cidnb29nbGUubWFwcy5wbGFjZXMudjEuUGxhY2VzLlNlYXJjaFRleHQQAhgEIAA"}},{"type":"Feature","geometry":{"type":"Point","coordinates":[73.7349621,19.9606015]},"properties":{"Taluka":"Nashik","Zone":"Satpur","Category":"Kirana / General Store","Name":"Bhagvati Kirana And General Stores","Type":"Grocery Store","Rating":"3","Review Count":"2","Phone":"079729 83587","Address":"XP6M+6XW, XLO Point, Datir Nagar, MIDC Ambad, Nashik, Maharashtra 422010, India","Maps Link":"https://maps.google.com/?cid=2989671235983507456&g_mp=Cidnb29nbGUubWFwcy5wbGFjZXMudjEuUGxhY2VzLlNlYXJjaFRleHQQAhgEIAA"}},{"type":"Feature","geometry":{"type":"Point","coordinates":[73.7185518,20.0106924]},"properties":{"Taluka":"Nashik","Zone":"Satpur","Category":"Kirana / General Store","Name":"Bhagwati General Stores","Type":"General Store","Review Count":"0","Phone":"098506 76701","Address":"01, Dhruv Nagar, Dhurav Nagar, Satpur Colony, Nashik, Maharashtra 422012, India","Maps Link":"https://maps.google.com/?cid=9375885641880306706&g_mp=Cidnb29nbGUubWFwcy5wbGFjZXMudjEuUGxhY2VzLlNlYXJjaFRleHQQAhgEIAA"}},{"type":"Feature","geometry":{"type":"Point","coordinates":[73.7451456,19.9703569]},"properties":{"Taluka":"Nashik","Zone":"Satpur","Category":"Kirana / General Store","Name":"Bhagyashri Kirana And General","Type":"General Store","Rating":"4.6","Review Count":"5","Phone":"096656 43139","Address":"House Number 282, Ambad Link Road, Little Flower School, DGP Nagar - 2, Nashik, Maharashtra 422010, India","Maps Link":"https://maps.google.com/?cid=8738311370679344981&g_mp=Cidnb29nbGUubWFwcy5wbGFjZXMudjEuUGxhY2VzLlNlYXJjaFRleHQQAhgEIAA"}},{"type":"Feature","geometry":{"type":"Point","coordinates":[73.72434,19.976042]},"properties":{"Taluka":"Nashik","Zone":"Satpur","Category":"Kirana / General Store","Name":"Chaudhari Brothers Kirana And General Store","Type":"General Store","Rating":"4.3","Review Count":"6","Address":"Jadhav Township, Ambad Link Rd, Chunchale Shivar, Satpur Colony, Nashik, Maharashtra 422010, India","Maps Link":"https://maps.google.com/?cid=12996211486168410781&g_mp=Cidnb29nbGUubWFwcy5wbGFjZXMudjEuUGxhY2VzLlNlYXJjaFRleHQQAhgEIAA"}},{"type":"Feature","geometry":{"type":"Point","coordinates":[73.7553738,19.96898]},"properties":{"Taluka":"Nashik","Zone":"Satpur","Category":"Kirana / General Store","Name":"Deepak Kirana & general store","Type":"Grocery Store","Rating":"4.4","Review Count":"19","Phone":"096574 71322","Address":"N - 52, SF-4, 23/5, bhagvati chauk 5th schem, Ambad - Uttam Nagar Rd, Cidco College, Uttam Nagar, Nashik, Maharashtra 422008, India","Maps Link":"https://maps.google.com/?cid=17127198663221759988&g_mp=Cidnb29nbGUubWFwcy5wbGFjZXMudjEuUGxhY2VzLlNlYXJjaFRleHQQAhgEIAA"}},{"type":"Feature","geometry":{"type":"Point","coordinates":[73.717185,19.9898968]},"properties":{"Taluka":"Nashik","Zone":"Satpur","Category":"Kirana / General Store","Name":"Deshmukh kirana and general store","Type":"Store","Rating":"5","Review Count":"4","Address":"XPQ8+XV3, Phase 2, Rajya Karmachari, Ashoknagar, Satpur Colony, Nashik, Maharashtra 422012, India","Maps Link":"https://maps.google.com/?cid=12453011273981563001&g_mp=Cidnb29nbGUubWFwcy5wbGFjZXMudjEuUGxhY2VzLlNlYXJjaFRleHQQAhgEIAA"}},{"type":"Feature","geometry":{"type":"Point","coordinates":[73.7218004,19.9895257]},"properties":{"Taluka":"Nashik","Zone":"Satpur","Category":"Kirana / General Store","Name":"Dhanadayani Kirana General And Bhusaar Maal","Type":"General Store","Rating":"4.7","Review Count":"3","Phone":"073852 61114","Address":"1348, Anand Chhaya Bus Stop, MHB Colony, Satpur Colony, Nashik, Maharashtra 422007, India","Maps Link":"https://maps.google.com/?cid=2380031815490274474&g_mp=Cidnb29nbGUubWFwcy5wbGFjZXMudjEuUGxhY2VzLlNlYXJjaFRleHQQAhgEIAA"}},{"type":"Feature","geometry":{"type":"Point","coordinates":[73.763356,19.9659041]},"properties":{"Taluka":"Nashik","Zone":"Satpur","Category":"Kirana / General Store","Name":"Dhananjay General Stores","Type":"Grocery Store","Rating":"3","Review Count":"3","Phone":"088061 96146","Address":"Near, Ambad Police Station Rd, New, Cidco, Nashik, Maharashtra 422009, India","Maps Link":"https://maps.google.com/?cid=13251935710381577975&g_mp=Cidnb29nbGUubWFwcy5wbGFjZXMudjEuUGxhY2VzLlNlYXJjaFRleHQQAhgEIAA"}},{"type":"Feature","geometry":{"type":"Point","coordinates":[73.7206882,19.9907051]},"properties":{"Taluka":"Nashik","Zone":"Satpur","Category":"Kirana / General Store","Name":"Dhandai Provision & General Store","Type":"General Store","Rating":"3.8","Review Count":"6","Address":"Sant Namdeo Maharaj Rd, Near Sai Baba Mandir, Balwant Nagar, Ashoknagar, Satpur Colony, Nashik, Maharashtra 422007, India","Maps Link":"https://maps.google.com/?cid=10480761464640639263&g_mp=Cidnb29nbGUubWFwcy5wbGFjZXMudjEuUGxhY2VzLlNlYXJjaFRleHQQAhgEIAA"}},{"type":"Feature","geometry":{"type":"Point","coordinates":[73.7279566,19.9719135]},"properties":{"Taluka":"Nashik","Zone":"Satpur","Category":"Kirana / General Store","Name":"GURUDATTA PROVISION STORES","Type":"General Store","Rating":"5","Review Count":"1","Phone":"098507 50175","Address":"Shop No 1, near Ambika Mandir, Virat Nagar, MIDC Ambad, Nashik, Maharashtra 422010, India","Maps Link":"https://maps.google.com/?cid=15020487274015131870&g_mp=Cidnb29nbGUubWFwcy5wbGFjZXMudjEuUGxhY2VzLlNlYXJjaFRleHQQAhgEIAA"}},{"type":"Feature","geometry":{"type":"Point","coordinates":[73.7183868,20.0135876]},"properties":{"Taluka":"Nashik","Zone":"Satpur","Category":"Kirana / General Store","Name":"Gajanan Kirana & General Stores","Type":"Grocery Store","Rating":"3.9","Review Count":"12","Address":"Hanuman Nagar, Satpur Colony, Nashik, Maharashtra 422012, India","Maps Link":"https://maps.google.com/?cid=15474911886482851121&g_mp=Cidnb29nbGUubWFwcy5wbGFjZXMudjEuUGxhY2VzLlNlYXJjaFRleHQQAhgEIAA"}},{"type":"Feature","geometry":{"type":"Point","coordinates":[73.7091974,19.9919037]},"properties":{"Taluka":"Nashik","Zone":"Satpur","Category":"Kirana / General Store","Name":"Gaurav Kirana And General Store","Type":"Grocery Store","Rating":"4","Review Count":"2","Phone":"092251 26645","Address":"Sindhi Sankul, Gaurav Kirana, Shirmik Nagar, Jaswant Nagar, Satpur Colony, Nashik, Maharashtra 422007, India","Maps Link":"https://maps.google.com/?cid=3551504859697064478&g_mp=Cidnb29nbGUubWFwcy5wbGFjZXMudjEuUGxhY2VzLlNlYXJjaFRleHQQAhgEIAA"}},{"type":"Feature","geometry":{"type":"Point","coordinates":[73.7057383,19.994607]},"properties":{"Taluka":"Nashik","Zone":"Satpur","Category":"Kirana / General Store","Name":"Gaurav Kirana And General Stores","Type":"General Store","Rating":"3.9","Review Count":"44","Phone":"095118 72090","Address":"XPV5+X6W Muralidhar Apartment, Bhavani Nagar, Saspura, Shramik Nagar, Nashik, Maharashtra 422012, India","Maps Link":"https://maps.google.com/?cid=1228006892825748015&g_mp=Cidnb29nbGUubWFwcy5wbGFjZXMudjEuUGxhY2VzLlNlYXJjaFRleHQQAhgEIAA"}},{"type":"Feature","geometry":{"type":"Point","coordinates":[73.7036635,20.0184847]},"properties":{"Taluka":"Nashik","Zone":"Satpur","Category":"Kirana / General Store","Name":"Gaurav kirana Store","Type":"General Store","Rating":"5","Review Count":"3","Address":"2P93+9QF, Shivaji Nagar, Satpur Colony, Govardhan, Maharashtra 422222, India","Maps Link":"https://maps.google.com/?cid=9691870754406556841&g_mp=Cidnb29nbGUubWFwcy5wbGFjZXMudjEuUGxhY2VzLlNlYXJjaFRleHQQAhgEIAA"}},{"type":"Feature","geometry":{"type":"Point","coordinates":[73.745584,20.0022942]},"properties":{"Taluka":"Nashik","Zone":"Satpur","Category":"Kirana / General Store","Name":"Gurudatt Kirana And General Stores","Type":"Grocery Store","Rating":"3.8","Review Count":"4","Phone":"0253 606 2007","Address":"1111/1, Kamgar Nagar, Satpur Colony, Nashik, Maharashtra 422005, India","Maps Link":"https://maps.google.com/?cid=5049818637041584991&g_mp=Cidnb29nbGUubWFwcy5wbGFjZXMudjEuUGxhY2VzLlNlYXJjaFRleHQQAhgEIAA"}},{"type":"Feature","geometry":{"type":"Point","coordinates":[73.741873,19.968056]},"properties":{"Taluka":"Nashik","Zone":"Satpur","Category":"Kirana / General Store","Name":"Gurukrupa General Stores... My Room","Type":"General Store","Rating":"4.7","Review Count":"3","Phone":"092719 40971","Address":"Plot No. 8, Shop No. 227, DGP Ambad Link Road, Krishna Nagar, MIDC Ambad, Nashik, Maharashtra 422010, India","Maps Link":"https://maps.google.com/?cid=12816306542723893651&g_mp=Cidnb29nbGUubWFwcy5wbGFjZXMudjEuUGxhY2VzLlNlYXJjaFRleHQQAhgEIAA"}},{"type":"Feature","geometry":{"type":"Point","coordinates":[73.7087468,20.0066693]},"properties":{"Taluka":"Nashik","Zone":"Satpur","Category":"Kirana / General Store","Name":"Gurukrupa Kirana & General Store","Type":"General Store","Rating":"4.5","Review Count":"13","Phone":"077988 10663","Address":"Near Sree Ganesh Sree Krushna Mandir, Shivaji Nagar, Satpur Colony, Nashik, Maharashtra 422012, India","Maps Link":"https://maps.google.com/?cid=1872658074873306683&g_mp=Cidnb29nbGUubWFwcy5wbGFjZXMudjEuUGxhY2VzLlNlYXJjaFRleHQQAhgEIAA"}},{"type":"Feature","geometry":{"type":"Point","coordinates":[73.7230117,19.9902494]},"properties":{"Taluka":"Nashik","Zone":"Satpur","Category":"Kirana / General Store","Name":"Gurukrupa Kirana And General Store","Type":"Asian Grocery Store","Rating":"3.4","Review Count":"5","Address":"1130, MHB Colony, Satpur Colony, Nashik, Maharashtra 422007, India","Maps Link":"https://maps.google.com/?cid=13492183448715637634&g_mp=Cidnb29nbGUubWFwcy5wbGFjZXMudjEuUGxhY2VzLlNlYXJjaFRleHQQAhgEIAA"}},{"type":"Feature","geometry":{"type":"Point","coordinates":[73.7187693,19.9852938]},"properties":{"Taluka":"Nashik","Zone":"Satpur","Category":"Kirana / General Store","Name":"Gurukrupa Kirana and general store","Type":"General Store","Rating":"4.5","Review Count":"17","Address":"Ashoknagar, Shaneshwar Nagar, Nashik, Maharashtra 422007, India","Maps Link":"https://maps.google.com/?cid=9798217976932752751&g_mp=Cidnb29nbGUubWFwcy5wbGFjZXMudjEuUGxhY2VzLlNlYXJjaFRleHQQAhgEIAA"}},{"type":"Feature","geometry":{"type":"Point","coordinates":[73.7597708,19.9728286]},"properties":{"Taluka":"Nashik","Zone":"Satpur","Category":"Kirana / General Store","Name":"Gurumauli General Store","Type":"General Store","Rating":"5","Review Count":"1","Phone":"098227 03162","Address":"anand nagar mahakali chowk N 41 ACD 1/11, 7, Saibaba Nagar, Cidco, Nashik, Maharashtra 422008, India","Maps Link":"https://maps.google.com/?cid=15506104250568631616&g_mp=Cidnb29nbGUubWFwcy5wbGFjZXMudjEuUGxhY2VzLlNlYXJjaFRleHQQAhgEIAA"}},{"type":"Feature","geometry":{"type":"Point","coordinates":[73.7070278,20.0094988]},"properties":{"Taluka":"Nashik","Zone":"Satpur","Category":"Kirana / General Store","Name":"HARSH KIRANA AND GENERAL STORES","Type":"General Store","Review Count":"0","Phone":"098601 43398","Address":"Shop No 132 Plot No 10, near Saptshrungi Tempt, Shivaji Nagar, Satpur Colony, Nashik, Maharashtra 422012, India","Maps Link":"https://maps.google.com/?cid=311902142715814138&g_mp=Cidnb29nbGUubWFwcy5wbGFjZXMudjEuUGxhY2VzLlNlYXJjaFRleHQQAhgEIAA"}},{"type":"Feature","geometry":{"type":"Point","coordinates":[73.7288877,19.968286]},"properties":{"Taluka":"Nashik","Zone":"Satpur","Category":"Kirana / General Store","Name":"Husaini Kirana & geranal Stores","Type":"Grocery Store","Review Count":"0","Phone":"088053 25638","Address":"Shop No 5 Near Mahadev Temple Sanjiv Nagar, Ramkrishna Nagar, MIDC Ambad, Nashik, Maharashtra 422010, India","Maps Link":"https://maps.google.com/?cid=12019457790081234952&g_mp=Cidnb29nbGUubWFwcy5wbGFjZXMudjEuUGxhY2VzLlNlYXJjaFRleHQQAhgEIAA"}},{"type":"Feature","geometry":{"type":"Point","coordinates":[73.709177,20.0028699]},"properties":{"Taluka":"Nashik","Zone":"Satpur","Category":"Kirana / General Store","Name":"Jai Bhole Shankar Kirana General Stores","Type":"General Store","Rating":"3.3","Review Count":"16","Phone":"073873 45275","Address":"Shivaji Nagar, Satpur Colony, Nashik, Maharashtra 422012, India","Maps Link":"https://maps.google.com/?cid=3131195794276414773&g_mp=Cidnb29nbGUubWFwcy5wbGFjZXMudjEuUGxhY2VzLlNlYXJjaFRleHQQAhgEIAA"}},{"type":"Feature","geometry":{"type":"Point","coordinates":[73.708929,19.9960537]},"properties":{"Taluka":"Nashik","Zone":"Satpur","Category":"Kirana / General Store","Name":"Jay Ambika kirana & General Store","Type":"General Store","Rating":"4.5","Review Count":"4","Phone":"087664 78744","Address":"Shani Chowk, near Maruti Mandir, Shramik Nagar, Nashik, Maharashtra 422012, India","Maps Link":"https://maps.google.com/?cid=1242370637862520817&g_mp=Cidnb29nbGUubWFwcy5wbGFjZXMudjEuUGxhY2VzLlNlYXJjaFRleHQQAhgEIAA"}},{"type":"Feature","geometry":{"type":"Point","coordinates":[73.7087973,19.9883009]},"properties":{"Taluka":"Nashik","Zone":"Satpur","Category":"Kirana / General Store","Name":"Jogeshwar Kirana Store","Type":"General Store","Rating":"4.4","Review Count":"14","Address":"Pawar Sankul, Vishwar Nagar, Ashok Nagar, XPQ5+8GF, Jaswant Nagar, Satpur Colony, Nashik, Maharashtra 422012, India","Maps Link":"https://maps.google.com/?cid=7670698968806286751&g_mp=Cidnb29nbGUubWFwcy5wbGFjZXMudjEuUGxhY2VzLlNlYXJjaFRleHQQAhgEIAA"}},{"type":"Feature","geometry":{"type":"Point","coordinates":[73.7235237,19.9894987]},"properties":{"Taluka":"Nashik","Zone":"Satpur","Category":"Kirana / General Store","Name":"Jogeshwari General And Provision Stores","Type":"General Store","Rating":"4.5","Review Count":"2","Phone":"099226 23838","Address":"828, Dr. Ambedkar Market, MHB Colony, Satpur Colony, Nashik, Maharashtra 422007, India","Maps Link":"https://maps.google.com/?cid=1077927508968071450&g_mp=Cidnb29nbGUubWFwcy5wbGFjZXMudjEuUGxhY2VzLlNlYXJjaFRleHQQAhgEIAA"}},{"type":"Feature","geometry":{"type":"Point","coordinates":[73.7666979,19.965431]},"properties":{"Taluka":"Nashik","Zone":"Satpur","Category":"Kirana / General Store","Name":"Jogeshwari Kirana & General Store","Type":"General Store","Rating":"3.6","Review Count":"5","Phone":"088620 27368","Address":"XQ88+5MG, Near Chandralok Hotel, Swami Vivekanand Nagar, Rane Nagar, Nashik, Maharashtra 422009, India","Maps Link":"https://maps.google.com/?cid=521870976057429191&g_mp=Cidnb29nbGUubWFwcy5wbGFjZXMudjEuUGxhY2VzLlNlYXJjaFRleHQQAhgEIAA"}},{"type":"Feature","geometry":{"type":"Point","coordinates":[73.748513,19.986366]},"properties":{"Taluka":"Nashik","Zone":"Satpur","Category":"Kirana / General Store","Name":"Kanhaiya Provision","Type":"General Store","Rating":"4.3","Review Count":"31","Phone":"098227 22372","Address":"Shop No.1, Ambad Link Rd, Sanskruthi Garden, Khutawad Nagar, Nashik, Maharashtra 422008, India","Maps Link":"https://maps.google.com/?cid=2156980327008399949&g_mp=Cidnb29nbGUubWFwcy5wbGFjZXMudjEuUGxhY2VzLlNlYXJjaFRleHQQAhgEIAA"}},{"type":"Feature","geometry":{"type":"Point","coordinates":[73.7452949,19.9661138]},"properties":{"Taluka":"Nashik","Zone":"Satpur","Category":"Kirana / General Store","Name":"Kirana dukan","Type":"Grocery Store","Rating":"5","Review Count":"4","Address":"2, Gajpushpa Colony, Mahalakshmi Nagar, MIDC Ambad, Nashik, Maharashtra 422010, India","Maps Link":"https://maps.google.com/?cid=14376819395942131171&g_mp=Cidnb29nbGUubWFwcy5wbGFjZXMudjEuUGxhY2VzLlNlYXJjaFRleHQQAhgEIAA"}},{"type":"Feature","geometry":{"type":"Point","coordinates":[73.7091945,20.0058639]},"properties":{"Taluka":"Nashik","Zone":"Satpur","Category":"Kirana / General Store","Name":"Krishna general stores","Type":"General Store","Rating":"5","Review Count":"2","Phone":"083089 17519","Address":"Old Datta Mandir Rd, near shree krushna mandir, Shivaji Nagar, Satpur Colony, Nashik, Maharashtra 422012, India","Maps Link":"https://maps.google.com/?cid=963161246994119236&g_mp=Cidnb29nbGUubWFwcy5wbGFjZXMudjEuUGxhY2VzLlNlYXJjaFRleHQQAhgEIAA"}},{"type":"Feature","geometry":{"type":"Point","coordinates":[73.7067127,19.9946488]},"properties":{"Taluka":"Nashik","Zone":"Satpur","Category":"Kirana / General Store","Name":"Kulswamini General Store","Type":"Grocery Store","Rating":"3.6","Review Count":"12","Phone":"096235 13875","Address":"28/29/1, Shramik Nagar, Satpur Colony, Nashik, Maharashtra 422012, India","Maps Link":"https://maps.google.com/?cid=6319452228974987121&g_mp=Cidnb29nbGUubWFwcy5wbGFjZXMudjEuUGxhY2VzLlNlYXJjaFRleHQQAhgEIAA"}},{"type":"Feature","geometry":{"type":"Point","coordinates":[73.7421133,19.9920246]},"properties":{"Taluka":"Nashik","Zone":"Satpur","Category":"Kirana / General Store","Name":"LUCKY KIRANA AND GENERAL STORE","Type":"General Store","Review Count":"0","Phone":"097306 35913","Address":"Shop No, 1, Londhe Marg, Swarbaba Nagar, MIDC, Satpur Colony, Nashik, Maharashtra 422005, India","Maps Link":"https://maps.google.com/?cid=4193243839886676780&g_mp=Cidnb29nbGUubWFwcy5wbGFjZXMudjEuUGxhY2VzLlNlYXJjaFRleHQQAhgEIAA"}},{"type":"Feature","geometry":{"type":"Point","coordinates":[73.7573874,19.9794432]},"properties":{"Taluka":"Nashik","Zone":"Satpur","Category":"Kirana / General Store","Name":"Laxmi Genral Stores","Type":"General Store","Review Count":"0","Phone":"097638 85059","Address":"Sawta Nagar, Cidco, Nashik, Maharashtra 422008, India","Maps Link":"https://maps.google.com/?cid=11422292066030416381&g_mp=Cidnb29nbGUubWFwcy5wbGFjZXMudjEuUGxhY2VzLlNlYXJjaFRleHQQAhgEIAA"}},{"type":"Feature","geometry":{"type":"Point","coordinates":[73.7445452,20.0027572]},"properties":{"Taluka":"Nashik","Zone":"Satpur","Category":"Kirana / General Store","Name":"M/S Laxmi Kirana Stores","Type":"Grocery Store","Rating":"4","Review Count":"5","Phone":"0253 230 7876","Address":"Kamgar Nagar, Satpur Colony, Nashik, Maharashtra 422005, India","Maps Link":"https://maps.google.com/?cid=3077754064458853700&g_mp=Cidnb29nbGUubWFwcy5wbGFjZXMudjEuUGxhY2VzLlNlYXJjaFRleHQQAhgEIAA"}},{"type":"Feature","geometry":{"type":"Point","coordinates":[73.7186236,20.0151095]},"properties":{"Taluka":"Nashik","Zone":"Satpur","Category":"Kirana / General Store","Name":"MCBL ADITYA KIRANA AND GENERAL STORE","Type":"General Store","Rating":"5","Review Count":"4","Address":"Shop No 1, Aditya Kirana, Dhruv Nagar, Dhurav Nagar, Satpur Colony, Nashik, Maharashtra 422012, India","Maps Link":"https://maps.google.com/?cid=13046282568544265828&g_mp=Cidnb29nbGUubWFwcy5wbGFjZXMudjEuUGxhY2VzLlNlYXJjaFRleHQQAhgEIAA"}},{"type":"Feature","geometry":{"type":"Point","coordinates":[73.7274057,20.0022874]},"properties":{"Taluka":"Nashik","Zone":"Satpur","Category":"Kirana / General Store","Name":"Mahalaxmi Kirana Stores","Type":"Grocery Store","Rating":"4.7","Review Count":"3","Phone":"098227 10324","Address":"Satpur MIDC Rd, Someshwar Colony, Satpur Colony, Nashik, Maharashtra 422007, India","Maps Link":"https://maps.google.com/?cid=18296132999626346262&g_mp=Cidnb29nbGUubWFwcy5wbGFjZXMudjEuUGxhY2VzLlNlYXJjaFRleHQQAhgEIAA"}},{"type":"Feature","geometry":{"type":"Point","coordinates":[73.7460065,20.0020869]},"properties":{"Taluka":"Nashik","Zone":"Satpur","Category":"Kirana / General Store","Name":"Mahesh Provision & General Store","Type":"General Store","Rating":"3.7","Review Count":"39","Phone":"097304 48599","Address":"H.N.670 Ganesh Chowk, Kamgar Nagar Rd, Kamgar Nagar, Satpur Colony, Nashik, Maharashtra 422005, India","Maps Link":"https://maps.google.com/?cid=17112198817627481982&g_mp=Cidnb29nbGUubWFwcy5wbGFjZXMudjEuUGxhY2VzLlNlYXJjaFRleHQQAhgEIAA"}},{"type":"Feature","geometry":{"type":"Point","coordinates":[73.7484789,19.9618743]},"properties":{"Taluka":"Nashik","Zone":"Satpur","Category":"Kirana / General Store","Name":"Manjula traders (kirana)","Type":"Grocery Store","Review Count":"0","Phone":"098239 98948","Address":"XP6X+P9X, Ambad Khrud, MIDC Ambad, Nashik, Maharashtra 422010, India","Maps Link":"https://maps.google.com/?cid=13868798021845277338&g_mp=Cidnb29nbGUubWFwcy5wbGFjZXMudjEuUGxhY2VzLlNlYXJjaFRleHQQAhgEIAA"}},{"type":"Feature","geometry":{"type":"Point","coordinates":[73.7641525,19.9632198]},"properties":{"Taluka":"Nashik","Zone":"Satpur","Category":"Kirana / General Store","Name":"Matoshri Kirana & General Stores","Type":"General Store","Rating":"4","Review Count":"3","Phone":"094222 67482","Address":"N 33/L-87/0/1, Sahyadri Nagar, Cidco, Nashik, Maharashtra 422009, India","Maps Link":"https://maps.google.com/?cid=14461720909479089248&g_mp=Cidnb29nbGUubWFwcy5wbGFjZXMudjEuUGxhY2VzLlNlYXJjaFRleHQQAhgEIAA"}},{"type":"Feature","geometry":{"type":"Point","coordinates":[73.7349746,19.9550298]},"properties":{"Taluka":"Nashik","Zone":"Satpur","Category":"Kirana / General Store","Name":"Mauli General Store","Type":"General Store","Review Count":"0","Phone":"096576 04246","Address":"opp. Cimens Company, MIDC Ambad, Nashik, Maharashtra 422010, India","Maps Link":"https://maps.google.com/?cid=1005370489805957338&g_mp=Cidnb29nbGUubWFwcy5wbGFjZXMudjEuUGxhY2VzLlNlYXJjaFRleHQQAhgEIAA"}},{"type":"Feature","geometry":{"type":"Point","coordinates":[73.722835,20.013223]},"properties":{"Taluka":"Nashik","Zone":"Satpur","Category":"Kirana / General Store","Name":"Mauli Kirana And General Stores","Type":"General Store","Rating":"4","Review Count":"4","Phone":"099229 81882","Address":"2P7F+74P, Gulmohar Colony, Dhurav Nagar, Murari Nagar, Nashik, Maharashtra 422012, India","Maps Link":"https://maps.google.com/?cid=7336754982104205022&g_mp=Cidnb29nbGUubWFwcy5wbGFjZXMudjEuUGxhY2VzLlNlYXJjaFRleHQQAhgEIAA"}},{"type":"Feature","geometry":{"type":"Point","coordinates":[73.7542574,19.9626353]},"properties":{"Taluka":"Nashik","Zone":"Satpur","Category":"Kirana / General Store","Name":"Mayur Kirana & General Stores","Type":"Asian Grocery Store","Review Count":"0","Phone":"084214 99181","Address":"HIG 20, Ambad Link Rd, opp. Muthoot finance, Shravan Sector, 6th scheme, Uttam Nagar, Nashik, Maharashtra 422009, India","Maps Link":"https://maps.google.com/?cid=7379847017654124544&g_mp=Cidnb29nbGUubWFwcy5wbGFjZXMudjEuUGxhY2VzLlNlYXJjaFRleHQQAhgEIAA"}},{"type":"Feature","geometry":{"type":"Point","coordinates":[73.756102,19.970522]},"properties":{"Taluka":"Nashik","Zone":"Satpur","Category":"Kirana / General Store","Name":"Me. Mehalsai Provision And General Stores","Type":"General Store","Rating":"5","Review Count":"1","Phone":"092267 55169","Address":"N-52/AH-2/32/4, Rajratna Nagar, Cidco, Nashik, Maharashtra 422008, India","Maps Link":"https://maps.google.com/?cid=18295413917877611657&g_mp=Cidnb29nbGUubWFwcy5wbGFjZXMudjEuUGxhY2VzLlNlYXJjaFRleHQQAhgEIAA"}},{"type":"Feature","geometry":{"type":"Point","coordinates":[73.7223244,19.971466]},"properties":{"Taluka":"Nashik","Zone":"Satpur","Category":"Kirana / General Store","Name":"Mukesh Kirana & General Stores","Type":"Grocery Store","Rating":"4.1","Review Count":"25","Phone":"099212 32773","Address":"Near Ganesh Mandir, Shiwar,, Jadhav Sankul, Ambad Satpur Link Rd, Chunchale, Nashik, Maharashtra 422010, India","Maps Link":"https://maps.google.com/?cid=16618616656677466343&g_mp=Cidnb29nbGUubWFwcy5wbGFjZXMudjEuUGxhY2VzLlNlYXJjaFRleHQQAhgEIAA"}},{"type":"Feature","geometry":{"type":"Point","coordinates":[73.7143732,20.0110246]},"properties":{"Taluka":"Nashik","Zone":"Satpur","Category":"Kirana / General Store","Name":"Musale Kirana & General Stores","Type":"General Store","Rating":"3.7","Review Count":"17","Phone":"096576 28562","Address":"Ganesh Tower, Near Nigal Park, Shivaji Nagar, Satpur Colony, Nashik, Maharashtra 422012, India","Maps Link":"https://maps.google.com/?cid=2503352467752461471&g_mp=Cidnb29nbGUubWFwcy5wbGFjZXMudjEuUGxhY2VzLlNlYXJjaFRleHQQAhgEIAA"}},{"type":"Feature","geometry":{"type":"Point","coordinates":[73.7110844,20.0063046]},"properties":{"Taluka":"Nashik","Zone":"Satpur","Category":"Kirana / General Store","Name":"Navnath Kirana & General Store","Type":"General Store","Rating":"3.7","Review Count":"6","Phone":"0253 695 7525","Address":"Plot No.23, Near Gurukrupa Hospital, Shivaji Nagar, Satpur Colony, Nashik, Maharashtra 422012, India","Maps Link":"https://maps.google.com/?cid=16202891657981284215&g_mp=Cidnb29nbGUubWFwcy5wbGFjZXMudjEuUGxhY2VzLlNlYXJjaFRleHQQAhgEIAA"}},{"type":"Feature","geometry":{"type":"Point","coordinates":[73.7297376,19.9703272]},"properties":{"Taluka":"Nashik","Zone":"Satpur","Category":"Kirana / General Store","Name":"New India Kirana","Type":"General Store","Rating":"5","Review Count":"1","Phone":"089835 50499","Address":"Shop No 1, Ambad Link Road, near Bharat Hardware, Sanjeev Nagar, Ambad, Nashik, Maharashtra 422010, India","Maps Link":"https://maps.google.com/?cid=11583249399537329567&g_mp=Cidnb29nbGUubWFwcy5wbGFjZXMudjEuUGxhY2VzLlNlYXJjaFRleHQQAhgEIAA"}},{"type":"Feature","geometry":{"type":"Point","coordinates":[73.7133534,20.0092211]},"properties":{"Taluka":"Nashik","Zone":"Satpur","Category":"Kirana / General Store","Name":"New Mahendra Provision & General Store","Type":"General Store","Rating":"4.9","Review Count":"7","Phone":"089565 83579","Address":"2P57+M8Q, Near Shree Ganesh Sweets and Snacks, Shivaji Nagar, Satpur Colony, Nashik, Maharashtra 422012, India","Maps Link":"https://maps.google.com/?cid=8154094029530185707&g_mp=Cidnb29nbGUubWFwcy5wbGFjZXMudjEuUGxhY2VzLlNlYXJjaFRleHQQAhgEIAA"}},{"type":"Feature","geometry":{"type":"Point","coordinates":[73.7266165,19.9901442]},"properties":{"Taluka":"Nashik","Zone":"Satpur","Category":"Kirana / General Store","Name":"New Sona General Stores","Type":"General Store","Rating":"4.5","Review Count":"2","Phone":"098902 55683","Address":"570, opp. Chatrapati School, Shivaji Garden, MHB Colony, Satpur Colony, Nashik, Maharashtra 422007, India","Maps Link":"https://maps.google.com/?cid=3715065178275651110&g_mp=Cidnb29nbGUubWFwcy5wbGFjZXMudjEuUGxhY2VzLlNlYXJjaFRleHQQAhgEIAA"}},{"type":"Feature","geometry":{"type":"Point","coordinates":[73.7091654,20.0083579]},"properties":{"Taluka":"Nashik","Zone":"Satpur","Category":"Kirana / General Store","Name":"New Sonje Provisions","Type":"General Store","Rating":"4.4","Review Count":"7","Phone":"090114 64540","Address":"Shop No 14, near Sahajblossom English School, Shivaji Nagar, Satpur Colony, Nashik, Maharashtra 422012, India","Maps Link":"https://maps.google.com/?cid=8228432757387482847&g_mp=Cidnb29nbGUubWFwcy5wbGFjZXMudjEuUGxhY2VzLlNlYXJjaFRleHQQAhgEIAA"}},{"type":"Feature","geometry":{"type":"Point","coordinates":[73.7117913,20.0058332]},"properties":{"Taluka":"Nashik","Zone":"Satpur","Category":"Kirana / General Store","Name":"New Yogeshwari Provision & General Store","Type":"General Store","Rating":"4.4","Review Count":"5","Phone":"098228 97573","Address":"Shop No.2, Gopal Complex, Near Shivaji Nagar Bus Stop, Shivaji Nagar, Satpur Colony, Nashik, Maharashtra 422012, India","Maps Link":"https://maps.google.com/?cid=12191241240327639948&g_mp=Cidnb29nbGUubWFwcy5wbGFjZXMudjEuUGxhY2VzLlNlYXJjaFRleHQQAhgEIAA"}},{"type":"Feature","geometry":{"type":"Point","coordinates":[73.746214,20.002436]},"properties":{"Taluka":"Nashik","Zone":"Satpur","Category":"Kirana / General Store","Name":"Nikita General Stores","Type":"General Store","Rating":"5","Review Count":"3","Phone":"0253 236 9079","Address":"2P2W+XFG, Kamgar Nagar, Satpur Colony, Nashik, Maharashtra 422005, India","Maps Link":"https://maps.google.com/?cid=14840241923381431029&g_mp=Cidnb29nbGUubWFwcy5wbGFjZXMudjEuUGxhY2VzLlNlYXJjaFRleHQQAhgEIAA"}},{"type":"Feature","geometry":{"type":"Point","coordinates":[73.7619981,19.9731669]},"properties":{"Taluka":"Nashik","Zone":"Satpur","Category":"Kirana / General Store","Name":"Om Kirana & General Stores","Type":"General Store","Rating":"5","Review Count":"4","Phone":"092732 10568","Address":"Jogeshwari Apartment, near Mahale Farm, Laxmi Nagar, Old, Cidco, Nashik, Maharashtra 422009, India","Maps Link":"https://maps.google.com/?cid=14634575388714611803&g_mp=Cidnb29nbGUubWFwcy5wbGFjZXMudjEuUGxhY2VzLlNlYXJjaFRleHQQAhgEIAA"}},{"type":"Feature","geometry":{"type":"Point","coordinates":[73.749715,19.9709353]},"properties":{"Taluka":"Nashik","Zone":"Satpur","Category":"Kirana / General Store","Name":"Om Sai Kirana & General Stores","Type":"General Store","Rating":"4.2","Review Count":"5","Phone":"096043 69829","Address":"Ambad Link Rd, Rugved Society, GajananNagar, Mahajan Nagar, Nashik, Maharashtra 422010, India","Maps Link":"https://maps.google.com/?cid=16125002671780332396&g_mp=Cidnb29nbGUubWFwcy5wbGFjZXMudjEuUGxhY2VzLlNlYXJjaFRleHQQAhgEIAA"}},{"type":"Feature","geometry":{"type":"Point","coordinates":[73.7302755,19.9647784]},"properties":{"Taluka":"Nashik","Zone":"Satpur","Category":"Kirana / General Store","Name":"Om Sai Kirana And General Stores","Type":"General Store","Rating":"4.9","Review Count":"19","Phone":"094234 63238","Address":"Shop No 1, near Prachu Classes, XLO Point, Ramkrishna Nagar, MIDC Ambad, Nashik, Maharashtra 422010, India","Maps Link":"https://maps.google.com/?cid=10089839267650195349&g_mp=Cidnb29nbGUubWFwcy5wbGFjZXMudjEuUGxhY2VzLlNlYXJjaFRleHQQAhgEIAA"}},{"type":"Feature","geometry":{"type":"Point","coordinates":[73.7416553,20.0061731]},"properties":{"Taluka":"Nashik","Zone":"Satpur","Category":"Kirana / General Store","Name":"Omkar Kirana","Type":"General Store","Rating":"4.1","Review Count":"9","Phone":"099233 23398","Address":"Swargiya, Sitamai Sawliram, Tukaram Kale Rd, Ganesh Nagar, Satpur Colony, Nashik, Maharashtra 422007, India","Maps Link":"https://maps.google.com/?cid=1730697086651678274&g_mp=Cidnb29nbGUubWFwcy5wbGFjZXMudjEuUGxhY2VzLlNlYXJjaFRleHQQAhgEIAA"}},{"type":"Feature","geometry":{"type":"Point","coordinates":[73.7128,20.0076529]},"properties":{"Taluka":"Nashik","Zone":"Satpur","Category":"Kirana / General Store","Name":"Pakhale Kirana And General Stores","Type":"General Store","Rating":"3.7","Review Count":"3","Phone":"094215 03569","Address":"2P57+347 Jai Jalaram Market, Shivaji Nagar, Satpur Colony, Dhurav Nagar, Satpur Colony, Nashik, Maharashtra 422012, India","Maps Link":"https://maps.google.com/?cid=1006663636541925787&g_mp=Cidnb29nbGUubWFwcy5wbGFjZXMudjEuUGxhY2VzLlNlYXJjaFRleHQQAhgEIAA"}},{"type":"Feature","geometry":{"type":"Point","coordinates":[73.7524579,19.9784443]},"properties":{"Taluka":"Nashik","Zone":"Satpur","Category":"Kirana / General Store","Name":"Pataleshwar Provision Stores","Type":"Asian Grocery Store","Rating":"4.9","Review Count":"10","Phone":"090114 55239","Address":"Shop No. 8- 9, Trimurti Avenue, Co-operative Society, Kamatwade Rd, near Bhole Shankar Chowk, Pragati Nagar, Abhiyanta Nagar, Nashik, Maharashtra 422008, India","Maps Link":"https://maps.google.com/?cid=14120285366186211454&g_mp=Cidnb29nbGUubWFwcy5wbGFjZXMudjEuUGxhY2VzLlNlYXJjaFRleHQQAhgEIAA"}},{"type":"Feature","geometry":{"type":"Point","coordinates":[73.7176079,19.9893869]},"properties":{"Taluka":"Nashik","Zone":"Satpur","Category":"Kirana / General Store","Name":"Patel Kirana Stores","Type":"General Store","Rating":"4","Review Count":"3","Phone":"098223 52940","Address":"Plot NO.30, Sant Namdeo Maharaj Rd, Savarkar Nagar, Ashoknagar, Satpur Colony, Nashik, Maharashtra 422012, India","Maps Link":"https://maps.google.com/?cid=8367721233812264801&g_mp=Cidnb29nbGUubWFwcy5wbGFjZXMudjEuUGxhY2VzLlNlYXJjaFRleHQQAhgEIAA"}},{"type":"Feature","geometry":{"type":"Point","coordinates":[73.710706,19.994346]},"properties":{"Taluka":"Nashik","Zone":"Satpur","Category":"Kirana / General Store","Name":"Pawar General Store","Type":"General Store","Rating":"5","Review Count":"1","Phone":"099704 45792","Address":"203/40/B/2/1, Saat Mauli Rasta, Sambhaji Nagar, Satpur Colony, Nashik, Maharashtra 422012, India","Maps Link":"https://maps.google.com/?cid=8054946804995523471&g_mp=Cidnb29nbGUubWFwcy5wbGFjZXMudjEuUGxhY2VzLlNlYXJjaFRleHQQAhgEIAA"}},{"type":"Feature","geometry":{"type":"Point","coordinates":[73.7581363,19.9703865]},"properties":{"Taluka":"Nashik","Zone":"Satpur","Category":"Kirana / General Store","Name":"Poonam General Stores","Type":"General Store","Rating":"5","Review Count":"2","Address":"Mahakali Rd, Saibaba Nagar, Cidco, Nashik, Maharashtra 422008, India","Maps Link":"https://maps.google.com/?cid=946625816085720572&g_mp=Cidnb29nbGUubWFwcy5wbGFjZXMudjEuUGxhY2VzLlNlYXJjaFRleHQQAhgEIAA"}},{"type":"Feature","geometry":{"type":"Point","coordinates":[73.7340222,19.9898338]},"properties":{"Taluka":"Nashik","Zone":"Satpur","Category":"Kirana / General Store","Name":"Pradeep General Stores","Type":"General Store","Rating":"3","Review Count":"1","Phone":"094227 54064","Address":"XPQM+WJJ, Main Rd, Satpur Gaon, Satpur Colony, Nashik, Maharashtra 422007, India","Maps Link":"https://maps.google.com/?cid=5974818572546691116&g_mp=Cidnb29nbGUubWFwcy5wbGFjZXMudjEuUGxhY2VzLlNlYXJjaFRleHQQAhgEIAA"}},{"type":"Feature","geometry":{"type":"Point","coordinates":[73.729117,20.0054352]},"properties":{"Taluka":"Nashik","Zone":"Satpur","Category":"Kirana / General Store","Name":"Pravin Kirana And General Stores","Type":"Asian Grocery Store","Rating":"5","Review Count":"4","Phone":"097631 95654","Address":"Shop no.3, Rudraksh residency, Someshwar Colony, Satpur Colony, Nashik, Maharashtra 422007, India","Maps Link":"https://maps.google.com/?cid=5427325515207445129&g_mp=Cidnb29nbGUubWFwcy5wbGFjZXMudjEuUGxhY2VzLlNlYXJjaFRleHQQAhgEIAA"}},{"type":"Feature","geometry":{"type":"Point","coordinates":[73.7189722,19.9869277]},"properties":{"Taluka":"Nashik","Zone":"Satpur","Category":"Kirana / General Store","Name":"Pravin Kirana And General Stores","Type":"General Store","Rating":"4.1","Review Count":"9","Phone":"093731 72598","Address":"Shop No 5, Bhairav Sankul, Katkade Nagar, Ashoknagar, Satpur Colony, Nashik, Maharashtra 422007, India","Maps Link":"https://maps.google.com/?cid=14274756902966069461&g_mp=Cidnb29nbGUubWFwcy5wbGFjZXMudjEuUGxhY2VzLlNlYXJjaFRleHQQAhgEIAA"}},{"type":"Feature","geometry":{"type":"Point","coordinates":[73.7461388,19.9712889]},"properties":{"Taluka":"Nashik","Zone":"Satpur","Category":"Kirana / General Store","Name":"Quality Market And General Stores","Type":"General Store","Rating":"4.3","Review Count":"8","Phone":"0253 238 3805","Address":"House Number 203 Ambad Link Road Near Mauli Lawns, DGP Nagar 2, DGP Nagar, Nashik, Maharashtra 422010, India","Maps Link":"https://maps.google.com/?cid=3398600343689260871&g_mp=Cidnb29nbGUubWFwcy5wbGFjZXMudjEuUGxhY2VzLlNlYXJjaFRleHQQAhgEIAA"}},{"type":"Feature","geometry":{"type":"Point","coordinates":[73.7112669,20.0050598]},"properties":{"Taluka":"Nashik","Zone":"Satpur","Category":"Kirana / General Store","Name":"Rama General Store","Type":"General Store","Review Count":"0","Phone":"084218 50332","Address":"Shop No 1, Shivaji Nagar, Near Shivaji Nagar Bus Stop, Ashok Nagar, Road, Satpur Colony, Nashik, Maharashtra 422012, India","Maps Link":"https://maps.google.com/?cid=16530275818974329860&g_mp=Cidnb29nbGUubWFwcy5wbGFjZXMudjEuUGxhY2VzLlNlYXJjaFRleHQQAhgEIAA"}},{"type":"Feature","geometry":{"type":"Point","coordinates":[73.7338044,19.9899188]},"properties":{"Taluka":"Nashik","Zone":"Satpur","Category":"Kirana / General Store","Name":"Rangoli General Stores","Type":"General Store","Rating":"4.2","Review Count":"11","Phone":"098224 13504","Address":"21 Main Rd Opp Malati Mandai, Shivaji Market, Satpur Gaon, Satpur Colony, Nashik, Maharashtra 422007, India","Maps Link":"https://maps.google.com/?cid=12378577789985618128&g_mp=Cidnb29nbGUubWFwcy5wbGFjZXMudjEuUGxhY2VzLlNlYXJjaFRleHQQAhgEIAA"}},{"type":"Feature","geometry":{"type":"Point","coordinates":[73.7179589,19.9851819]},"properties":{"Taluka":"Nashik","Zone":"Satpur","Category":"Kirana / General Store","Name":"Rishikesh Kirana And General Stores","Type":"Grocery Store","Rating":"3.8","Review Count":"9","Phone":"099212 35741","Address":"Jadhav Sankul, Trambakeshwar Rd, Ashoknagar, Satpur Colony, Nashik, Maharashtra 422007, India","Maps Link":"https://maps.google.com/?cid=4833415156490004399&g_mp=Cidnb29nbGUubWFwcy5wbGFjZXMudjEuUGxhY2VzLlNlYXJjaFRleHQQAhgEIAA"}},{"type":"Feature","geometry":{"type":"Point","coordinates":[73.739618,19.987948]},"properties":{"Taluka":"Nashik","Zone":"Satpur","Category":"Kirana / General Store","Name":"S.A.G. provisional & General Store","Type":"Store","Rating":"5","Review Count":"2","Address":"XPQQ+5RH, Bajrang Nagar, Satpur Colony, Nashik, Maharashtra 422010, India","Maps Link":"https://maps.google.com/?cid=16103344660046576543&g_mp=Cidnb29nbGUubWFwcy5wbGFjZXMudjEuUGxhY2VzLlNlYXJjaFRleHQQAhgEIAA"}},{"type":"Feature","geometry":{"type":"Point","coordinates":[73.7290779,19.990713]},"properties":{"Taluka":"Nashik","Zone":"Satpur","Category":"Kirana / General Store","Name":"SHREE SWAMI SAMARTH PROVISION","Type":"Asian Grocery Store","Rating":"4.7","Review Count":"3","Phone":"098226 29456","Address":"193, MHB Colony, Satpur Colony, Nashik, Maharashtra 422007, India","Maps Link":"https://maps.google.com/?cid=15451723054609946423&g_mp=Cidnb29nbGUubWFwcy5wbGFjZXMudjEuUGxhY2VzLlNlYXJjaFRleHQQAhgEIAA"}},{"type":"Feature","geometry":{"type":"Point","coordinates":[73.7318544,19.9903119]},"properties":{"Taluka":"Nashik","Zone":"Satpur","Category":"Kirana / General Store","Name":"Sadguru krupa And General Stores","Type":"Grocery Store","Review Count":"0","Phone":"081495 29796","Address":"Shop No 1, near Vetal Baba Tempal, Mahadevwadi, Mahadev Nagar, Satpur Gaon, Satpur Colony, Nashik, Maharashtra 422007, India","Maps Link":"https://maps.google.com/?cid=10404076968915632649&g_mp=Cidnb29nbGUubWFwcy5wbGFjZXMudjEuUGxhY2VzLlNlYXJjaFRleHQQAhgEIAA"}},{"type":"Feature","geometry":{"type":"Point","coordinates":[73.7198892,19.9971598]},"properties":{"Taluka":"Nashik","Zone":"Satpur","Category":"Kirana / General Store","Name":"Saevadya General Store","Type":"General Store","Review Count":"0","Phone":"075174 87481","Address":"102, Satpur MIDC Main Rd, near Mahindra, महिंद्र झोपडपट्टी, MIDC, Satpur Colony, Nashik, Maharashtra 422012, India","Maps Link":"https://maps.google.com/?cid=12258837240822728495&g_mp=Cidnb29nbGUubWFwcy5wbGFjZXMudjEuUGxhY2VzLlNlYXJjaFRleHQQAhgEIAA"}},{"type":"Feature","geometry":{"type":"Point","coordinates":[73.7188216,19.9698226]},"properties":{"Taluka":"Nashik","Zone":"Satpur","Category":"Kirana / General Store","Name":"Sahil Stationers & General Stores","Type":"Grocery Store","Rating":"4.5","Review Count":"26","Phone":"080870 12077","Address":"Plot No. 90 & 91 Surve No. 105/2 Mhada Colony, Opp. Mankar Classes & Vishwashanti Buddha Vihar, Chunchale Shiwar, Cell 8087012, Mhada Colony, MIDC Ambad, Nashik, Maharashtra 422010, India","Maps Link":"https://maps.google.com/?cid=16582370219186446749&g_mp=Cidnb29nbGUubWFwcy5wbGFjZXMudjEuUGxhY2VzLlNlYXJjaFRleHQQAhgEIAA"}},{"type":"Feature","geometry":{"type":"Point","coordinates":[73.7414376,19.967361]},"properties":{"Taluka":"Nashik","Zone":"Satpur","Category":"Kirana / General Store","Name":"Sai Shraddha General store and Gift shopee","Type":"General Store","Rating":"5","Review Count":"2","Address":"XP8R+WHW, Mahalakshmi Nagar, MIDC Ambad, Nashik, Maharashtra 422010, India","Maps Link":"https://maps.google.com/?cid=7974535298753436626&g_mp=Cidnb29nbGUubWFwcy5wbGFjZXMudjEuUGxhY2VzLlNlYXJjaFRleHQQAhgEIAA"}},{"type":"Feature","geometry":{"type":"Point","coordinates":[73.70863,19.995642]},"properties":{"Taluka":"Nashik","Zone":"Satpur","Category":"Kirana / General Store","Name":"Saikrupa Kirana And General Stores","Type":"General Store","Rating":"4.3","Review Count":"12","Phone":"0253 326 9612","Address":"Gala No.1, Sadguru Row House, Shramik Nagar, Satpur Colony, Nashik, Maharashtra 422012, India","Maps Link":"https://maps.google.com/?cid=13153898622663301967&g_mp=Cidnb29nbGUubWFwcy5wbGFjZXMudjEuUGxhY2VzLlNlYXJjaFRleHQQAhgEIAA"}},{"type":"Feature","geometry":{"type":"Point","coordinates":[73.7341525,19.9891394]},"properties":{"Taluka":"Nashik","Zone":"Satpur","Category":"Kirana / General Store","Name":"Samarth Kirana And General Stores","Type":"General Store","Rating":"3.8","Review Count":"5","Phone":"097677 96641","Address":"Shop No 1, near mutton market, opp. to khoka market kaman, Satpur Gaon, Satpur Colony, Nashik, Maharashtra 422007, India","Maps Link":"https://maps.google.com/?cid=8804416779303075957&g_mp=Cidnb29nbGUubWFwcy5wbGFjZXMudjEuUGxhY2VzLlNlYXJjaFRleHQQAhgEIAA"}},{"type":"Feature","geometry":{"type":"Point","coordinates":[73.7046943,19.999644]},"properties":{"Taluka":"Nashik","Zone":"Satpur","Category":"Kirana / General Store","Name":"Samarth Kirana and general Store","Type":"General Store","Rating":"4","Review Count":"2","Phone":"088056 98758","Address":"Sai heights Shop 6 Gangasagar Nagar Sharmik Nagar satpur Sharmik nagar, Satpur Colony, Nashik, Maharashtra 422012, India","Maps Link":"https://maps.google.com/?cid=8063501509552144627&g_mp=Cidnb29nbGUubWFwcy5wbGFjZXMudjEuUGxhY2VzLlNlYXJjaFRleHQQAhgEIAA"}},{"type":"Feature","geometry":{"type":"Point","coordinates":[73.7337045,19.9903606]},"properties":{"Taluka":"Nashik","Zone":"Satpur","Category":"Kirana / General Store","Name":"Santosh Provision and Kirana Stores","Type":"General Store","Rating":"4.3","Review Count":"13","Phone":"096898 93913","Address":"360, Satpur Gaon, Satpur Colony, Nashik, Maharashtra 422007, India","Maps Link":"https://maps.google.com/?cid=11082544505337052978&g_mp=Cidnb29nbGUubWFwcy5wbGFjZXMudjEuUGxhY2VzLlNlYXJjaFRleHQQAhgEIAA"}},{"type":"Feature","geometry":{"type":"Point","coordinates":[73.7277406,19.9898406]},"properties":{"Taluka":"Nashik","Zone":"Satpur","Category":"Kirana / General Store","Name":"Saptashrungi General And Provision Stores","Type":"Grocery Store","Rating":"4.6","Review Count":"16","Address":"329, Maharashtra Housing Colony, MHB Colony, Satpur Colony, Nashik, Maharashtra 422007, India","Maps Link":"https://maps.google.com/?cid=14065388937582794419&g_mp=Cidnb29nbGUubWFwcy5wbGFjZXMudjEuUGxhY2VzLlNlYXJjaFRleHQQAhgEIAA"}},{"type":"Feature","geometry":{"type":"Point","coordinates":[73.7404764,19.9653404]},"properties":{"Taluka":"Nashik","Zone":"Satpur","Category":"Kirana / General Store","Name":"Saptshrungi Kirana and general stores","Type":"General Store","Rating":"5","Review Count":"3","Phone":"086685 17625","Address":"Mahalakshmi Nagar, MIDC Ambad, Nashik, Maharashtra 422010, India","Maps Link":"https://maps.google.com/?cid=14699610674249998819&g_mp=Cidnb29nbGUubWFwcy5wbGFjZXMudjEuUGxhY2VzLlNlYXJjaFRleHQQAhgEIAA"}},{"type":"Feature","geometry":{"type":"Point","coordinates":[73.7606718,19.9657573]},"properties":{"Taluka":"Nashik","Zone":"Satpur","Category":"Kirana / General Store","Name":"Saptshrungi kirana & general Store cidco nashik","Type":"Grocery Store","Rating":"5","Review Count":"1","Address":"Cidco, Nashik, Maharashtra 422009, India","Maps Link":"https://maps.google.com/?cid=2763284498550352182&g_mp=Cidnb29nbGUubWFwcy5wbGFjZXMudjEuUGxhY2VzLlNlYXJjaFRleHQQAhgEIAA"}},{"type":"Feature","geometry":{"type":"Point","coordinates":[73.7236875,19.9742142]},"properties":{"Taluka":"Nashik","Zone":"Satpur","Category":"Kirana / General Store","Name":"Sarang Kirana and General Stores","Type":"Asian Grocery Store","Rating":"5","Review Count":"5","Phone":"089997 46906","Address":"Sarang Kirana and General Stores, Jadhav Twp, Plot no. 19, Ambad Satpur Link Rd, Medage Nagar, Nashik, Maharashtra 422010, India","Maps Link":"https://maps.google.com/?cid=14190889759672734107&g_mp=Cidnb29nbGUubWFwcy5wbGFjZXMudjEuUGxhY2VzLlNlYXJjaFRleHQQAhgEIAA"}},{"type":"Feature","geometry":{"type":"Point","coordinates":[73.7147591,19.9435594]},"properties":{"Taluka":"Nashik","Zone":"Satpur","Category":"Kirana / General Store","Name":"Sarvadnya Kirana And General Stores","Type":"General Store","Rating":"3","Review Count":"2","Phone":"077190 14309","Address":"sarvadnya kirana, gharkul Mahada, main road, MIDC Ambad, Pune, Nashik, Maharashtra 411002, India","Maps Link":"https://maps.google.com/?cid=13277323627208592795&g_mp=Cidnb29nbGUubWFwcy5wbGFjZXMudjEuUGxhY2VzLlNlYXJjaFRleHQQAhgEIAA"}},{"type":"Feature","geometry":{"type":"Point","coordinates":[73.7091966,20.0114291]},"properties":{"Taluka":"Nashik","Zone":"Satpur","Category":"Kirana / General Store","Name":"Satyam Kirana And General Stoars","Type":"General Store","Rating":"3","Review Count":"1","Phone":"098239 43539","Address":"SHOP NO 1, Jija Mata Colony, near Tulaja Bhavani Mandir, Shivaji Nagar, Satpur Colony, Nashik, Maharashtra 422012, India","Maps Link":"https://maps.google.com/?cid=450997028033138312&g_mp=Cidnb29nbGUubWFwcy5wbGFjZXMudjEuUGxhY2VzLlNlYXJjaFRleHQQAhgEIAA"}},{"type":"Feature","geometry":{"type":"Point","coordinates":[73.7320377,19.9890883]},"properties":{"Taluka":"Nashik","Zone":"Satpur","Category":"Kirana / General Store","Name":"Shailesh Kirana Store","Type":"General Store","Rating":"5","Review Count":"2","Phone":"090284 10447","Address":"Shop No.1near Marathi Scholl Mahdev Nager, Mahadevwadi, Satpur Gaon, Satpur Colony, Nashik, Maharashtra 422007, India","Maps Link":"https://maps.google.com/?cid=7068227134371659776&g_mp=Cidnb29nbGUubWFwcy5wbGFjZXMudjEuUGxhY2VzLlNlYXJjaFRleHQQAhgEIAA"}},{"type":"Feature","geometry":{"type":"Point","coordinates":[73.7267111,19.9610556]},"properties":{"Taluka":"Nashik","Zone":"Satpur","Category":"Kirana / General Store","Name":"Shama Kirana General Store","Type":"Asian Grocery Store","Rating":"5","Review Count":"1","Address":"Shop No 7, Water Tank St, near NMC, Datta Nagar, Ambedkar Nagar, MIDC Ambad, Nashik, Maharashtra 422010, India","Maps Link":"https://maps.google.com/?cid=5546251496467230826&g_mp=Cidnb29nbGUubWFwcy5wbGFjZXMudjEuUGxhY2VzLlNlYXJjaFRleHQQAhgEIAA"}},{"type":"Feature","geometry":{"type":"Point","coordinates":[73.7326726,19.9592527]},"properties":{"Taluka":"Nashik","Zone":"Satpur","Category":"Kirana / General Store","Name":"Shree Aashapuri Provision And General Stores","Type":"Grocery Store","Rating":"5","Review Count":"2","Phone":"077981 41722","Address":"02, Ramvishwa Row House, Aanand Vatika Rd, Datir Nagar, Ambedkar Nagar, MIDC Ambad, Nashik, Maharashtra 422010, India","Maps Link":"https://maps.google.com/?cid=745460461401958455&g_mp=Cidnb29nbGUubWFwcy5wbGFjZXMudjEuUGxhY2VzLlNlYXJjaFRleHQQAhgEIAA"}},{"type":"Feature","geometry":{"type":"Point","coordinates":[73.710084,19.9982525]},"properties":{"Taluka":"Nashik","Zone":"Satpur","Category":"Kirana / General Store","Name":"Shree Gaud Kirana And General Store","Type":"General Store","Rating":"5","Review Count":"1","Phone":"097660 29138","Address":"Rh 396, Mali Colony,Sharmik nagar, Satpur Colony, Nashik, Maharashtra 422012, India","Maps Link":"https://maps.google.com/?cid=4992877204023837966&g_mp=Cidnb29nbGUubWFwcy5wbGFjZXMudjEuUGxhY2VzLlNlYXJjaFRleHQQAhgEIAA"}},{"type":"Feature","geometry":{"type":"Point","coordinates":[73.7588092,19.9809752]},"properties":{"Taluka":"Nashik","Zone":"Satpur","Category":"Kirana / General Store","Name":"Shree General Stores","Type":"General Store","Rating":"5","Review Count":"2","Phone":"097305 83958","Address":"Cidco, CIDCO - Satpur Rd, Savata Nagar, Nashik, Maharashtra 422008, India","Maps Link":"https://maps.google.com/?cid=14644097556039490596&g_mp=Cidnb29nbGUubWFwcy5wbGFjZXMudjEuUGxhY2VzLlNlYXJjaFRleHQQAhgEIAA"}},{"type":"Feature","geometry":{"type":"Point","coordinates":[73.7607808,19.9642979]},"properties":{"Taluka":"Nashik","Zone":"Satpur","Category":"Kirana / General Store","Name":"Shree Gurudevdatt Kirana And Junral Store","Type":"Grocery Store","Review Count":"0","Phone":"091123 25570","Address":"N-52-KA-1-27, near Ambad Police Station Road, SINHASTH Nagar, Cidco, Nashik, Maharashtra 422009, India","Maps Link":"https://maps.google.com/?cid=11835440434136103229&g_mp=Cidnb29nbGUubWFwcy5wbGFjZXMudjEuUGxhY2VzLlNlYXJjaFRleHQQAhgEIAA"}},{"type":"Feature","geometry":{"type":"Point","coordinates":[73.7057205,19.9917987]},"properties":{"Taluka":"Nashik","Zone":"Satpur","Category":"Kirana / General Store","Name":"Shree Gurumauli Provision","Type":"General Store","Rating":"3.4","Review Count":"11","Phone":"097640 04041","Address":"Shop No 1, Near, Maharana Pratap Chowk, Radha Krishna Nagar, Ashoknagar, Satpur Colony, Nashik, Maharashtra 422012, India","Maps Link":"https://maps.google.com/?cid=6333430351441705157&g_mp=Cidnb29nbGUubWFwcy5wbGFjZXMudjEuUGxhY2VzLlNlYXJjaFRleHQQAhgEIAA"}},{"type":"Feature","geometry":{"type":"Point","coordinates":[73.7488352,19.9840511]},"properties":{"Taluka":"Nashik","Zone":"Satpur","Category":"Kirana / General Store","Name":"Shree Provision","Type":"Grocery Store","Rating":"3.9","Review Count":"31","Phone":"099210 94948","Address":"shop. No. 15& 16, Suresh Bapu Plaza, ITI Ambad, link road, near viswas co-opp Bank, Near Vishwas Bank, Khutawad Nagar, Nashik, Maharashtra 422008, India","Maps Link":"https://maps.google.com/?cid=151338896492135626&g_mp=Cidnb29nbGUubWFwcy5wbGFjZXMudjEuUGxhY2VzLlNlYXJjaFRleHQQAhgEIAA"}},{"type":"Feature","geometry":{"type":"Point","coordinates":[73.713807,20.0081866]},"properties":{"Taluka":"Nashik","Zone":"Satpur","Category":"Kirana / General Store","Name":"Shree Sadguru Krupa Kirana And General Stores","Type":"Grocery Store","Rating":"5","Review Count":"4","Phone":"075888 33515","Address":"Shop No:7, Shree Samarth Towers, Dharmaji Colony, Shivaji Nagar, Satpur Colony, Nashik, Maharashtra 422012, India","Maps Link":"https://maps.google.com/?cid=5869397572623517522&g_mp=Cidnb29nbGUubWFwcy5wbGFjZXMudjEuUGxhY2VzLlNlYXJjaFRleHQQAhgEIAA"}},{"type":"Feature","geometry":{"type":"Point","coordinates":[73.745052,20.001847]},"properties":{"Taluka":"Nashik","Zone":"Satpur","Category":"Kirana / General Store","Name":"Shree Saptshrungi Kirana and General Store","Type":"General Store","Rating":"3","Review Count":"1","Phone":"088057 93218","Address":"shop no 1, Kamgar Nagar, Satpur Colony, Nashik, Maharashtra 422005, India","Maps Link":"https://maps.google.com/?cid=1219680332504499408&g_mp=Cidnb29nbGUubWFwcy5wbGFjZXMudjEuUGxhY2VzLlNlYXJjaFRleHQQAhgEIAA"}},{"type":"Feature","geometry":{"type":"Point","coordinates":[73.7339358,19.9887682]},"properties":{"Taluka":"Nashik","Zone":"Satpur","Category":"Kirana / General Store","Name":"Shree Shraddha Kirana And Bhusar","Type":"General Store","Rating":"4","Review Count":"3","Phone":"097667 66253","Address":"76, Matan Market Rd, near Savata Mali, Khoka Market, Satpur Gaon, Satpur Colony, Nashik, Maharashtra 422007, India","Maps Link":"https://maps.google.com/?cid=12696099379307562946&g_mp=Cidnb29nbGUubWFwcy5wbGFjZXMudjEuUGxhY2VzLlNlYXJjaFRleHQQAhgEIAA"}},{"type":"Feature","geometry":{"type":"Point","coordinates":[73.7384407,20.0053151]},"properties":{"Taluka":"Nashik","Zone":"Satpur","Category":"Kirana / General Store","Name":"Shree Siddhivinayak Stores","Type":"General Store","Rating":"5","Review Count":"2","Phone":"089992 21483","Address":"Prakash Chaudhary Marg, Ganesh Nagar, Satpur Colony, Nashik, Maharashtra 422007, India","Maps Link":"https://maps.google.com/?cid=11708385778480812578&g_mp=Cidnb29nbGUubWFwcy5wbGFjZXMudjEuUGxhY2VzLlNlYXJjaFRleHQQAhgEIAA"}},{"type":"Feature","geometry":{"type":"Point","coordinates":[73.732115,20.006484]},"properties":{"Taluka":"Nashik","Zone":"Satpur","Category":"Kirana / General Store","Name":"Shree swami samarth kirana and general store","Type":"General Store","Rating":"5","Review Count":"1","Address":"2P4J+HRX, Sadguru Nagar, Satpur Colony, Nashik, Maharashtra 422007, India","Maps Link":"https://maps.google.com/?cid=2947684858992713312&g_mp=Cidnb29nbGUubWFwcy5wbGFjZXMudjEuUGxhY2VzLlNlYXJjaFRleHQQAhgEIAA"}},{"type":"Feature","geometry":{"type":"Point","coordinates":[73.7461374,20.0008431]},"properties":{"Taluka":"Nashik","Zone":"Satpur","Category":"Kirana / General Store","Name":"Shri Ganesh Provision & General Stores","Type":"Grocery Store","Rating":"5","Review Count":"3","Phone":"099606 92064","Address":"2P2W+8FJ, Gatol Mala, Kamgar Nagar, Satpur Colony, Nashik, Maharashtra 422005, India","Maps Link":"https://maps.google.com/?cid=1118521227398665666&g_mp=Cidnb29nbGUubWFwcy5wbGFjZXMudjEuUGxhY2VzLlNlYXJjaFRleHQQAhgEIAA"}},{"type":"Feature","geometry":{"type":"Point","coordinates":[73.7443282,20.002312]},"properties":{"Taluka":"Nashik","Zone":"Satpur","Category":"Kirana / General Store","Name":"Shri Swami Samrath General Stores","Type":"General Store","Review Count":"0","Phone":"097679 22631","Address":"Shop No 1 Hindi, Phase 1, Kamgar Nagar, Satpur Colony, Nashik, Maharashtra 422005, India","Maps Link":"https://maps.google.com/?cid=13228853166244682858&g_mp=Cidnb29nbGUubWFwcy5wbGFjZXMudjEuUGxhY2VzLlNlYXJjaFRleHQQAhgEIAA"}},{"type":"Feature","geometry":{"type":"Point","coordinates":[73.71284,20.013628]},"properties":{"Taluka":"Nashik","Zone":"Satpur","Category":"Kirana / General Store","Name":"Shri samarth kirana","Type":"General Store","Rating":"5","Review Count":"1","Phone":"077983 91434","Address":"Shop No 1, Vaishnavi Heights, near Tukaram Garden, Dhruv Nagar, sambhaji nagar, Satpur Colony, Nashik, Maharashtra 422012, India","Maps Link":"https://maps.google.com/?cid=5518753273102931899&g_mp=Cidnb29nbGUubWFwcy5wbGFjZXMudjEuUGxhY2VzLlNlYXJjaFRleHQQAhgEIAA"}},{"type":"Feature","geometry":{"type":"Point","coordinates":[73.7443643,19.9617846]},"properties":{"Taluka":"Nashik","Zone":"Satpur","Category":"Kirana / General Store","Name":"Siddhi General Store","Type":"General Store","Review Count":"0","Phone":"078208 76691","Address":"Ambad Gaon Rd, opp. Nmc School, Ambad Khrud, Ambad, MIDC Ambad, Nashik, Maharashtra 422010, India","Maps Link":"https://maps.google.com/?cid=269966553916146736&g_mp=Cidnb29nbGUubWFwcy5wbGFjZXMudjEuUGxhY2VzLlNlYXJjaFRleHQQAhgEIAA"}},{"type":"Feature","geometry":{"type":"Point","coordinates":[73.711736,20.009068]},"properties":{"Taluka":"Nashik","Zone":"Satpur","Category":"Kirana / General Store","Name":"Someshwer Kirana And General Stores","Type":"General Store","Rating":"5","Review Count":"2","Phone":"0253 695 0771","Address":"2P56+JMH, Near Kalika Mandir, Shivaji Nagar, Satpur Colony, Nashik, Maharashtra 422012, India","Maps Link":"https://maps.google.com/?cid=12219030662157343015&g_mp=Cidnb29nbGUubWFwcy5wbGFjZXMudjEuUGxhY2VzLlNlYXJjaFRleHQQAhgEIAA"}},{"type":"Feature","geometry":{"type":"Point","coordinates":[73.724152,19.989317]},"properties":{"Taluka":"Nashik","Zone":"Satpur","Category":"Kirana / General Store","Name":"Swagat Provision","Type":"General Store","Rating":"4","Review Count":"1","Address":"XPQF+PMC, Dr. Ambedkar Market, Samta Nagar, Satpur Colony, Nashik, Maharashtra 422007, India","Maps Link":"https://maps.google.com/?cid=5983847189178939179&g_mp=Cidnb29nbGUubWFwcy5wbGFjZXMudjEuUGxhY2VzLlNlYXJjaFRleHQQAhgEIAA"}},{"type":"Feature","geometry":{"type":"Point","coordinates":[73.7544548,19.9840833]},"properties":{"Taluka":"Nashik","Zone":"Satpur","Category":"Kirana / General Store","Name":"Swagat Provision & General Stores","Type":"General Store","Rating":"4.8","Review Count":"9","Address":"XQM3+JQP, CIDCO - Satpur Rd, Laxmi Nagar, Durganagar, Nashik, Maharashtra 422008, India","Maps Link":"https://maps.google.com/?cid=6232707449569867583&g_mp=Cidnb29nbGUubWFwcy5wbGFjZXMudjEuUGxhY2VzLlNlYXJjaFRleHQQAhgEIAA"}},{"type":"Feature","geometry":{"type":"Point","coordinates":[73.7228966,19.9735108]},"properties":{"Taluka":"Nashik","Zone":"Satpur","Category":"Kirana / General Store","Name":"Swami Samarth Kirana And General Store","Type":"General Store","Rating":"5","Review Count":"4","Phone":"095117 06986","Address":"Shop No1, Jadhav Sankul, Ambad Satpur Link Rd, Medage Nagar, Nashik, Maharashtra 422010, India","Maps Link":"https://maps.google.com/?cid=16790918162781023780&g_mp=Cidnb29nbGUubWFwcy5wbGFjZXMudjEuUGxhY2VzLlNlYXJjaFRleHQQAhgEIAA"}},{"type":"Feature","geometry":{"type":"Point","coordinates":[73.7435083,19.9443901]},"properties":{"Taluka":"Nashik","Zone":"Satpur","Category":"Kirana / General Store","Name":"Swara Kirana & General Store","Type":"General Store","Review Count":"0","Phone":"098503 28552","Address":"Road Ambad, MIDC Ambad, Nashik, Maharashtra 422010, India","Maps Link":"https://maps.google.com/?cid=8485283539631594727&g_mp=Cidnb29nbGUubWFwcy5wbGFjZXMudjEuUGxhY2VzLlNlYXJjaFRleHQQAhgEIAA"}},{"type":"Feature","geometry":{"type":"Point","coordinates":[73.7219376,19.9894252]},"properties":{"Taluka":"Nashik","Zone":"Satpur","Category":"Kirana / General Store","Name":"Trimurti Provision And General Stores","Type":"Grocery Store","Rating":"4.7","Review Count":"7","Phone":"098503 34014","Address":"1341, Anand Chhaya Bus Stop, MHB Colony, Satpur Colony, Nashik, Maharashtra 422007, India","Maps Link":"https://maps.google.com/?cid=7648500153246567843&g_mp=Cidnb29nbGUubWFwcy5wbGFjZXMudjEuUGxhY2VzLlNlYXJjaFRleHQQAhgEIAA"}},{"type":"Feature","geometry":{"type":"Point","coordinates":[73.7477711,19.9775157]},"properties":{"Taluka":"Nashik","Zone":"Satpur","Category":"Kirana / General Store","Name":"Tulaja Bhavani Kirana General Stores","Type":"General Store","Rating":"3.9","Review Count":"8","Phone":"098225 99462","Address":"Tulsi Punjo Banglow, ITI Ambad Rd, Near Sai Baba Mandir, Vithal Nagar, Kamatwade, Nashik, Maharashtra 422008, India","Maps Link":"https://maps.google.com/?cid=9523796332971961031&g_mp=Cidnb29nbGUubWFwcy5wbGFjZXMudjEuUGxhY2VzLlNlYXJjaFRleHQQAhgEIAA"}},{"type":"Feature","geometry":{"type":"Point","coordinates":[73.724286,19.9428713]},"properties":{"Taluka":"Nashik","Zone":"Satpur","Category":"Kirana / General Store","Name":"VAIBHAV KIRANA AND GENERAL STORE","Type":"General Store","Rating":"5","Review Count":"6","Phone":"090675 69025","Address":"Vaibhav Kirana, behind Reliable Company Plant 1, MIDC Ambad, Nashik, Vilholi, Maharashtra 422010, India","Maps Link":"https://maps.google.com/?cid=18225269665791511872&g_mp=Cidnb29nbGUubWFwcy5wbGFjZXMudjEuUGxhY2VzLlNlYXJjaFRleHQQAhgEIAA"}},{"type":"Feature","geometry":{"type":"Point","coordinates":[73.76194,19.969905]},"properties":{"Taluka":"Nashik","Zone":"Satpur","Category":"Kirana / General Store","Name":"Vaibhav General Stores","Type":"General Store","Rating":"5","Review Count":"2","Phone":"0253 651 5963","Address":"N/31 H-3 10/4, Datta Chowk, Vijay Nagar, Nashik, Maharashtra 422009, India","Maps Link":"https://maps.google.com/?cid=8940416812062576078&g_mp=Cidnb29nbGUubWFwcy5wbGFjZXMudjEuUGxhY2VzLlNlYXJjaFRleHQQAhgEIAA"}},{"type":"Feature","geometry":{"type":"Point","coordinates":[73.7339049,19.9889829]},"properties":{"Taluka":"Nashik","Zone":"Satpur","Category":"Kirana / General Store","Name":"Vandana General Stores","Type":"General Store","Rating":"3","Review Count":"2","Phone":"0253 236 9084","Address":"63, Shri Sant Shiromani Savta Mali, Savata Mali Market, Near Matan Market, Satpur Gaon, Satpur Colony, Nashik, Maharashtra 422007, India","Maps Link":"https://maps.google.com/?cid=11084585444469663280&g_mp=Cidnb29nbGUubWFwcy5wbGFjZXMudjEuUGxhY2VzLlNlYXJjaFRleHQQAhgEIAA"}},{"type":"Feature","geometry":{"type":"Point","coordinates":[73.7140227,20.0104194]},"properties":{"Taluka":"Nashik","Zone":"Satpur","Category":"Kirana / General Store","Name":"Vinayak General Stores","Type":"General Store","Rating":"4.2","Review Count":"20","Phone":"094205 11650","Address":"3, KGN Park, Near Bower Tower, Shivaji Nagar, Satpur Colony, Nashik, Maharashtra 422012, India","Maps Link":"https://maps.google.com/?cid=3592644711654140209&g_mp=Cidnb29nbGUubWFwcy5wbGFjZXMudjEuUGxhY2VzLlNlYXJjaFRleHQQAhgEIAA"}},{"type":"Feature","geometry":{"type":"Point","coordinates":[73.7113087,19.9961482]},"properties":{"Taluka":"Nashik","Zone":"Satpur","Category":"Kirana / General Store","Name":"Yuvraj General Store","Type":"General Store","Review Count":"0","Phone":"097300 04406","Address":"Shop No 1 Near Shramik Nagar Stop Shramik Nagar, Ashoknagar, Satpur Colony, Nashik, Maharashtra 422012, India","Maps Link":"https://maps.google.com/?cid=1145442385863149829&g_mp=Cidnb29nbGUubWFwcy5wbGFjZXMudjEuUGxhY2VzLlNlYXJjaFRleHQQAhgEIAA"}},{"type":"Feature","geometry":{"type":"Point","coordinates":[73.7452776,19.9622499]},"properties":{"Taluka":"Nashik","Zone":"Satpur","Category":"Kirana / General Store","Name":"दत्तकृपा किराणा स्टोर","Type":"Asian Grocery Store","Rating":"4.6","Review Count":"5","Phone":"094231 64078","Address":"Ambad Khrud, Ambad Village, Nashik, Maharashtra 422010, India","Maps Link":"https://maps.google.com/?cid=1896475711190772080&g_mp=Cidnb29nbGUubWFwcy5wbGFjZXMudjEuUGxhY2VzLlNlYXJjaFRleHQQAhgEIAA"}},{"type":"Feature","geometry":{"type":"Point","coordinates":[73.7145375,19.9433373]},"properties":{"Taluka":"Nashik","Zone":"Satpur","Category":"Kirana / General Store","Name":"शांती किराणा अॅण्ड जनरल स्टोअर्स","Type":"Grocery Store","Rating":"5","Review Count":"1","Address":"WPV7+8RM, Gharkul Rd, Yojana, Nashik, Maharashtra 422010, India","Maps Link":"https://maps.google.com/?cid=5369850128496721269&g_mp=Cidnb29nbGUubWFwcy5wbGFjZXMudjEuUGxhY2VzLlNlYXJjaFRleHQQAhgEIAA"}},{"type":"Feature","geometry":{"type":"Point","coordinates":[73.7544179,19.9740924]},"properties":{"Taluka":"Nashik","Zone":"Satpur","Category":"Wholesale Provision Store","Name":"SAI Kerala Stores - Wholesaler And Retailer","Type":"Wholesaler","Rating":"4.9","Review Count":"12","Phone":"093739 25649","Address":"Shop No 8, Manmohan Apartment Ambika Nagar, Ambad Link Rd, Pawan Nagar, Nashik, Maharashtra 422008, India","Maps Link":"https://maps.google.com/?cid=10855666761466713633&g_mp=Cidnb29nbGUubWFwcy5wbGFjZXMudjEuUGxhY2VzLlNlYXJjaFRleHQQAhgEIAA"}},{"type":"Feature","geometry":{"type":"Point","coordinates":[73.7466824,19.9740297]},"properties":{"Taluka":"Nashik","Zone":"Satpur","Category":"Other Grocery Shop","Name":"'Roots & Fruits' - Shop","Type":"Grocery Store","Rating":"4.2","Review Count":"36","Address":"63, ITI Ambad Rd, Saptashrungi Nagar, Kamatwade, Nashik, Maharashtra 422010, India","Maps Link":"https://maps.google.com/?cid=4941034547450758980&g_mp=Cidnb29nbGUubWFwcy5wbGFjZXMudjEuUGxhY2VzLlNlYXJjaFRleHQQAhgEIAA"}},{"type":"Feature","geometry":{"type":"Point","coordinates":[73.7349204,19.9623109]},"properties":{"Taluka":"Nashik","Zone":"Satpur","Category":"Other Grocery Shop","Name":"ANKIT MARKETING PVT. LTD.","Type":"Wholesaler","Rating":"4.4","Review Count":"14","Phone":"074477 15047","Address":"18/17, XLO Point, Ambedkar Nagar, MIDC Ambad, Nashik, Maharashtra 422010, India","Maps Link":"https://maps.google.com/?cid=9379927475454827676&g_mp=Cidnb29nbGUubWFwcy5wbGFjZXMudjEuUGxhY2VzLlNlYXJjaFRleHQQAhgEIAA"}},{"type":"Feature","geometry":{"type":"Point","coordinates":[73.7288464,19.9565046]},"properties":{"Taluka":"Nashik","Zone":"Satpur","Category":"Other Grocery Shop","Name":"Ambad Datta Nagar Kargil Chowk","Type":"Grocery Store","Rating":"5","Review Count":"1","Address":"Shop No 5, near Kargil Chowk, Datta Nagar, Ambedkar Nagar, MIDC Ambad, Nashik, Maharashtra 422010, India","Maps Link":"https://maps.google.com/?cid=1701839668231007870&g_mp=Cidnb29nbGUubWFwcy5wbGFjZXMudjEuUGxhY2VzLlNlYXJjaFRleHQQAhgEIAA"}},{"type":"Feature","geometry":{"type":"Point","coordinates":[73.7495033,19.9902578]},"properties":{"Taluka":"Nashik","Zone":"Satpur","Category":"Other Grocery Shop","Name":"Balaji RCM Shop","Type":"Grocery Store","Rating":"2.7","Review Count":"3","Address":"ITI Ambad Rd, Gautam Nagar, MIDC, Satpur Colony, Nashik, Maharashtra 422005, India","Maps Link":"https://maps.google.com/?cid=12336546938281436356&g_mp=Cidnb29nbGUubWFwcy5wbGFjZXMudjEuUGxhY2VzLlNlYXJjaFRleHQQAhgEIAA"}},{"type":"Feature","geometry":{"type":"Point","coordinates":[73.7179697,19.9851312]},"properties":{"Taluka":"Nashik","Zone":"Satpur","Category":"Other Grocery Shop","Name":"Balaji Super Market","Type":"Grocery Store","Rating":"3.7","Review Count":"62","Phone":"091752 80360","Address":"Jadhav Sankul, Ashoknagar, Satpur Colony, Nashik, Maharashtra 422007, India","Maps Link":"https://maps.google.com/?cid=10617386817968384611&g_mp=Cidnb29nbGUubWFwcy5wbGFjZXMudjEuUGxhY2VzLlNlYXJjaFRleHQQAhgEIAA"}},{"type":"Feature","geometry":{"type":"Point","coordinates":[73.7549232,19.9754562]},"properties":{"Taluka":"Nashik","Zone":"Satpur","Category":"Other Grocery Shop","Name":"DWARKA FARSAN MART CIDCO","Type":"Grocery Store","Rating":"3.4","Review Count":"5","Phone":"095523 96548","Address":"N-43/JE/D 1, 41, Ambad-Trimurti Chowk Link Rd, Pawan Nagar, Nashik, Maharashtra 422008, India","Maps Link":"https://maps.google.com/?cid=10266617468700314468&g_mp=Cidnb29nbGUubWFwcy5wbGFjZXMudjEuUGxhY2VzLlNlYXJjaFRleHQQAhgEIAA"}},{"type":"Feature","geometry":{"type":"Point","coordinates":[73.7515885,19.9705301]},"properties":{"Taluka":"Nashik","Zone":"Satpur","Category":"Other Grocery Shop","Name":"Dhanashree Vegitables","Type":"Grocery Store","Review Count":"0","Phone":"070664 01605","Address":"shop no 7, shubham park building, 5, Ambad - Uttam Nagar Rd, Rugved Society, GajananNagar, Mahajan Nagar, Nashik, Maharashtra 422010, India","Maps Link":"https://maps.google.com/?cid=15889524697531912212&g_mp=Cidnb29nbGUubWFwcy5wbGFjZXMudjEuUGxhY2VzLlNlYXJjaFRleHQQAhgEIAA"}},{"type":"Feature","geometry":{"type":"Point","coordinates":[73.7276433,19.9913224]},"properties":{"Taluka":"Nashik","Zone":"Satpur","Category":"Other Grocery Shop","Name":"HARI OM NIWAS","Type":"Grocery Store","Rating":"4.5","Review Count":"2","Phone":"0253 236 9597","Address":"749, Maharashtra Housing Colony, MHB Colony, Satpur Colony, Nashik, Maharashtra 422007, India","Maps Link":"https://maps.google.com/?cid=4817428817323698222&g_mp=Cidnb29nbGUubWFwcy5wbGFjZXMudjEuUGxhY2VzLlNlYXJjaFRleHQQAhgEIAA"}},{"type":"Feature","geometry":{"type":"Point","coordinates":[73.7654324,19.9663765]},"properties":{"Taluka":"Nashik","Zone":"Satpur","Category":"Other Grocery Shop","Name":"Manish Trading","Type":"Grocery Store","Rating":"5","Review Count":"1","Phone":"089566 55030","Address":"Shop No 1, near Swami Vivekanand Statue, behind Ambad Police Station Road, Swami Vivekananda Nagar, Cidco, Nashik, Maharashtra 422009, India","Maps Link":"https://maps.google.com/?cid=14258797287507025854&g_mp=Cidnb29nbGUubWFwcy5wbGFjZXMudjEuUGxhY2VzLlNlYXJjaFRleHQQAhgEIAA"}},{"type":"Feature","geometry":{"type":"Point","coordinates":[73.7066347,19.9955436]},"properties":{"Taluka":"Nashik","Zone":"Satpur","Category":"Other Grocery Shop","Name":"New Navjivan Super Shop","Type":"Grocery Store","Rating":"4.2","Review Count":"21","Phone":"0253 228 1043","Address":"Shree Krushna Apartment, Near Mahadev Mandir, Saatpur, Shramik Nagar, Nashik, Maharashtra 422012, India","Maps Link":"https://maps.google.com/?cid=16069930975576527707&g_mp=Cidnb29nbGUubWFwcy5wbGFjZXMudjEuUGxhY2VzLlNlYXJjaFRleHQQAhgEIAA"}},{"type":"Feature","geometry":{"type":"Point","coordinates":[73.745924,19.9612796]},"properties":{"Taluka":"Nashik","Zone":"Satpur","Category":"Other Grocery Shop","Name":"Om Gurudev Kirna And Genral Store","Type":"Grocery Store","Review Count":"0","Phone":"083800 57669","Address":"1, Ambad Gaon Rd, near Hanuman Chowk, Ambad Khrud, MIDC Ambad, Nashik, Maharashtra 422010, India","Maps Link":"https://maps.google.com/?cid=12879978500381333855&g_mp=Cidnb29nbGUubWFwcy5wbGFjZXMudjEuUGxhY2VzLlNlYXJjaFRleHQQAhgEIAA"}},{"type":"Feature","geometry":{"type":"Point","coordinates":[73.7336896,19.99]},"properties":{"Taluka":"Nashik","Zone":"Satpur","Category":"Other Grocery Shop","Name":"PRANAV TRADERS","Type":"Grocery Store","Rating":"4.8","Review Count":"5","Phone":"094231 77343","Address":"opp. Chatrapati Shivaji Maharaj Bhaji Market, Satpur Gaon, Satpur Colony, Nashik, Maharashtra 422007, India","Maps Link":"https://maps.google.com/?cid=18260273235629804635&g_mp=Cidnb29nbGUubWFwcy5wbGFjZXMudjEuUGxhY2VzLlNlYXJjaFRleHQQAhgEIAA"}},{"type":"Feature","geometry":{"type":"Point","coordinates":[73.7535652,19.9700953]},"properties":{"Taluka":"Nashik","Zone":"Satpur","Category":"Other Grocery Shop","Name":"Patel Brothers","Type":"Food Store","Rating":"4.4","Review Count":"39","Address":"Building Number 2, Ambad CIDCO Link Rd, Shubham Park, Cidco, Nashik, Maharashtra 422010, India","Website":"https://patelbrothersnashik.blogspot.com/","Maps Link":"https://maps.google.com/?cid=15433567867361119543&g_mp=Cidnb29nbGUubWFwcy5wbGFjZXMudjEuUGxhY2VzLlNlYXJjaFRleHQQAhgEIAA"}},{"type":"Feature","geometry":{"type":"Point","coordinates":[73.7617449,19.966652]},"properties":{"Taluka":"Nashik","Zone":"Satpur","Category":"Other Grocery Shop","Name":"Roshan Kumar Supermart","Type":"Grocery Store","Rating":"4.5","Review Count":"53","Phone":"096370 00533","Address":"Opp pelican park, plot no 14, Morwadi Rd, near ambad police station, Kartik sector, Cidco, Nashik, Maharashtra 422009, India","Maps Link":"https://maps.google.com/?cid=14544837766686751165&g_mp=Cidnb29nbGUubWFwcy5wbGFjZXMudjEuUGxhY2VzLlNlYXJjaFRleHQQAhgEIAA"}},{"type":"Feature","geometry":{"type":"Point","coordinates":[73.7521783,19.9622755]},"properties":{"Taluka":"Nashik","Zone":"Satpur","Category":"Other Grocery Shop","Name":"SHREE GANESH TRADERS","Type":"Grocery Store","Rating":"5","Review Count":"2","Phone":"097309 52997","Address":"128, Ambad - Uttam Nagar Rd, Saigram Nagar, Upendra Nagar Colony, Nashik, Maharashtra 422010, India","Maps Link":"https://maps.google.com/?cid=4468058772173000333&g_mp=Cidnb29nbGUubWFwcy5wbGFjZXMudjEuUGxhY2VzLlNlYXJjaFRleHQQAhgEIAA"}},{"type":"Feature","geometry":{"type":"Point","coordinates":[73.7611375,19.967124]},"properties":{"Taluka":"Nashik","Zone":"Satpur","Category":"Other Grocery Shop","Name":"SHREE MAHESH TRADERS","Type":"Grocery Store","Rating":"4.3","Review Count":"35","Address":"No P, Kartik Sector, Plot 6, Vijay Nagar Rd, Cidco, Nashik, Maharashtra 422009, India","Maps Link":"https://maps.google.com/?cid=18041640239608913747&g_mp=Cidnb29nbGUubWFwcy5wbGFjZXMudjEuUGxhY2VzLlNlYXJjaFRleHQQAhgEIAA"}},{"type":"Feature","geometry":{"type":"Point","coordinates":[73.7547481,19.979204]},"properties":{"Taluka":"Nashik","Zone":"Satpur","Category":"Other Grocery Shop","Name":"Shree Krupa Traders","Type":"Grocery Store","Rating":"5","Review Count":"1","Address":"Shop no. 8, Ambad Link Rd, behind Abhyuday Bank kokan bhavan, near Trimurti Chowk, Abhiyanta Nagar, Nashik, Maharashtra 422008, India","Maps Link":"https://maps.google.com/?cid=1639869940574391381&g_mp=Cidnb29nbGUubWFwcy5wbGFjZXMudjEuUGxhY2VzLlNlYXJjaFRleHQQAhgEIAA"}},{"type":"Feature","geometry":{"type":"Point","coordinates":[73.7413457,20.0054043]},"properties":{"Taluka":"Nashik","Zone":"Satpur","Category":"Other Grocery Shop","Name":"Siddhesh Super Market","Type":"Grocery Store","Rating":"4","Review Count":"6","Phone":"098230 28723","Address":"Shop No. 3, Siddhesh Apartment, Prakash Chaudhary Marg, Gulmohar Vihar Colony, Anandvalli, Nashik, Maharashtra 422007, India","Maps Link":"https://maps.google.com/?cid=2927811863836908984&g_mp=Cidnb29nbGUubWFwcy5wbGFjZXMudjEuUGxhY2VzLlNlYXJjaFRleHQQAhgEIAA"}},{"type":"Feature","geometry":{"type":"Point","coordinates":[73.760673,19.9673826]},"properties":{"Taluka":"Nashik","Zone":"Satpur","Category":"Other Grocery Shop","Name":"Vinayak Traders","Type":"Grocery Store","Rating":"3.9","Review Count":"226","Address":"Pelican Park Rd, Near Ambad Police Station, Morwadi, Nashik, Maharashtra 422009, India","Maps Link":"https://maps.google.com/?cid=7393605105414570105&g_mp=Cidnb29nbGUubWFwcy5wbGFjZXMudjEuUGxhY2VzLlNlYXJjaFRleHQQAhgEIAA"}},{"type":"Feature","geometry":{"type":"Point","coordinates":[73.7539355,20.0153425]},"properties":{"Taluka":"Nashik","Zone":"Cidco / Gangapur","Category":"Kirana / General Store","Name":"Adarsh Provision Stores","Type":"General Store","Rating":"4","Review Count":"3","Phone":"098234 55151","Address":"1, Archit Residency, Gangapur Rd, Opp. Narvarachana School, Sharda Nagar, Savarkar Nagar, Nashik, Maharashtra 422013, India","Maps Link":"https://maps.google.com/?cid=4994175627947447281&g_mp=Cidnb29nbGUubWFwcy5wbGFjZXMudjEuUGxhY2VzLlNlYXJjaFRleHQQAhgEIAA"}},{"type":"Feature","geometry":{"type":"Point","coordinates":[73.7475484,20.0127745]},"properties":{"Taluka":"Nashik","Zone":"Cidco / Gangapur","Category":"Kirana / General Store","Name":"Ajay Provision And General Store","Type":"General Store","Review Count":"0","Phone":"098606 22386","Address":"Vijay Niwas, Gangapur Rd, Anandvalli, Nashik, Maharashtra 422013, India","Maps Link":"https://maps.google.com/?cid=15428583861383605547&g_mp=Cidnb29nbGUubWFwcy5wbGFjZXMudjEuUGxhY2VzLlNlYXJjaFRleHQQAhgEIAA"}},{"type":"Feature","geometry":{"type":"Point","coordinates":[73.8078586,19.9739169]},"properties":{"Taluka":"Nashik","Zone":"Cidco / Gangapur","Category":"Kirana / General Store","Name":"Amle Kirana","Type":"Grocery Store","Rating":"4.3","Review Count":"32","Phone":"098222 77995","Address":"XRF5+H49, Tagore Nagar, Nashik, Maharashtra 422006, India","Maps Link":"https://maps.google.com/?cid=6695717252252239923&g_mp=Cidnb29nbGUubWFwcy5wbGFjZXMudjEuUGxhY2VzLlNlYXJjaFRleHQQAhgEIAA"}},{"type":"Feature","geometry":{"type":"Point","coordinates":[73.7677639,20.0125861]},"properties":{"Taluka":"Nashik","Zone":"Cidco / Gangapur","Category":"Kirana / General Store","Name":"Amol Provision","Type":"Grocery Store","Rating":"2.7","Review Count":"3","Phone":"075880 86576","Address":"Shop No 2, Swami Maharajah Chouk, Gangapur Rd, Vise Mala, Shreerang Nagar, Nashik, Maharashtra 422013, India","Maps Link":"https://maps.google.com/?cid=8344402971179808722&g_mp=Cidnb29nbGUubWFwcy5wbGFjZXMudjEuUGxhY2VzLlNlYXJjaFRleHQQAhgEIAA"}},{"type":"Feature","geometry":{"type":"Point","coordinates":[73.7996177,20.0520168]},"properties":{"Taluka":"Nashik","Zone":"Cidco / Gangapur","Category":"Kirana / General Store","Name":"Anand Kirana & General Stores","Type":"General Store","Rating":"5","Review Count":"3","Phone":"095529 88720","Address":"3Q2X+RR5, Boargad Road, Boargad, Prabhat Nagar, Nashik, Maharashtra 422004, India","Maps Link":"https://maps.google.com/?cid=9617117267200824562&g_mp=Cidnb29nbGUubWFwcy5wbGFjZXMudjEuUGxhY2VzLlNlYXJjaFRleHQQAhgEIAA"}},{"type":"Feature","geometry":{"type":"Point","coordinates":[73.802161,20.009059]},"properties":{"Taluka":"Nashik","Zone":"Cidco / Gangapur","Category":"Kirana / General Store","Name":"Anjali Foods & General Store","Type":"General Store","Rating":"4.8","Review Count":"4","Phone":"093726 53983","Address":"2R52+JVF, Hirawadi Rd, Old Adgaon Naka, Adgaon Naka, Panchavati, Nashik, Maharashtra 422003, India","Maps Link":"https://maps.google.com/?cid=16456463281712016984&g_mp=Cidnb29nbGUubWFwcy5wbGFjZXMudjEuUGxhY2VzLlNlYXJjaFRleHQQAhgEIAA"}},{"type":"Feature","geometry":{"type":"Point","coordinates":[73.7663946,20.0111609]},"properties":{"Taluka":"Nashik","Zone":"Cidco / Gangapur","Category":"Kirana / General Store","Name":"Annapurna Medical & General Stores","Type":"Drug Store","Rating":"4.8","Review Count":"4","Phone":"094055 94348","Address":"3, Garden Plaza, Pumping Station Rd, Saubhagya Nagar, Sobhag Nagar, Nashik, Maharashtra 422013, India","Maps Link":"https://maps.google.com/?cid=11211966301223208951&g_mp=Cidnb29nbGUubWFwcy5wbGFjZXMudjEuUGxhY2VzLlNlYXJjaFRleHQQAhgEIAA"}},{"type":"Feature","geometry":{"type":"Point","coordinates":[73.7577452,20.011806]},"properties":{"Taluka":"Nashik","Zone":"Cidco / Gangapur","Category":"Kirana / General Store","Name":"Annapurna Provision & Kirana Stores","Type":"Grocery Store","Review Count":"0","Phone":"0253 234 1509","Address":"Landscape Building, Gangapur Rd, D'souza Colony, Nashik, Maharashtra 422005, India","Maps Link":"https://maps.google.com/?cid=15113319599548937444&g_mp=Cidnb29nbGUubWFwcy5wbGFjZXMudjEuUGxhY2VzLlNlYXJjaFRleHQQAhgEIAA"}},{"type":"Feature","geometry":{"type":"Point","coordinates":[73.7671059,19.9747469]},"properties":{"Taluka":"Nashik","Zone":"Cidco / Gangapur","Category":"Kirana / General Store","Name":"Bharat Kirana","Type":"Asian Grocery Store","Rating":"4","Review Count":"4","Address":"Maharanapratap Chowk, Cidco, Nashik, Maharashtra 422009, India","Maps Link":"https://maps.google.com/?cid=5000135394514801316&g_mp=Cidnb29nbGUubWFwcy5wbGFjZXMudjEuUGxhY2VzLlNlYXJjaFRleHQQAhgEIAA"}},{"type":"Feature","geometry":{"type":"Point","coordinates":[73.76652,20.020205]},"properties":{"Taluka":"Nashik","Zone":"Cidco / Gangapur","Category":"Kirana / General Store","Name":"Deepali Stationery And General Stores","Type":"General Store","Rating":"5","Review Count":"3","Phone":"097664 45551","Address":"Shop No. 1, Suyojit Garden, Gangapur Rd, savarkar nagar, Sahdev Nagar, Nashik, Maharashtra 422013, India","Maps Link":"https://maps.google.com/?cid=6545250303575336823&g_mp=Cidnb29nbGUubWFwcy5wbGFjZXMudjEuUGxhY2VzLlNlYXJjaFRleHQQAhgEIAA"}},{"type":"Feature","geometry":{"type":"Point","coordinates":[73.7664421,20.0113107]},"properties":{"Taluka":"Nashik","Zone":"Cidco / Gangapur","Category":"Kirana / General Store","Name":"Gajanan Stationery & General Stores","Type":"Store","Rating":"4","Review Count":"2","Phone":"098602 52312","Address":"Shop No. 7, Garden Plaza Apartment, Gangapur Rd, Near Mama Mungi Karalaya, Saubhagya Nagar, Sobhag Nagar, Nashik, Maharashtra 422013, India","Maps Link":"https://maps.google.com/?cid=2239517363702536362&g_mp=Cidnb29nbGUubWFwcy5wbGFjZXMudjEuUGxhY2VzLlNlYXJjaFRleHQQAhgEIAA"}},{"type":"Feature","geometry":{"type":"Point","coordinates":[73.758453,19.975013]},"properties":{"Taluka":"Nashik","Zone":"Cidco / Gangapur","Category":"Kirana / General Store","Name":"Gaurav Kirana Stores","Type":"General Store","Rating":"4.1","Review Count":"8","Phone":"098222 80278","Address":"N42/JB2/3/11192, Navin Cidco Main Rd, Cidco Rd, Raigad Chowk, Sri Ram Nagar, Pawan Nagar, Nashik, Maharashtra 422009, India","Maps Link":"https://maps.google.com/?cid=13055516071910515283&g_mp=Cidnb29nbGUubWFwcy5wbGFjZXMudjEuUGxhY2VzLlNlYXJjaFRleHQQAhgEIAA"}},{"type":"Feature","geometry":{"type":"Point","coordinates":[73.773271,19.9759937]},"properties":{"Taluka":"Nashik","Zone":"Cidco / Gangapur","Category":"Kirana / General Store","Name":"Jay Bhavani Super Market","Type":"General Store","Rating":"4.5","Review Count":"22","Phone":"092700 25800","Address":"Saptshrungi Chowk, near E.S.I. Dawakhana Shopping Centre, Old Cidco, Shanti Nagar, Lekha Nagar, Nashik, Maharashtra 422009, India","Maps Link":"https://maps.google.com/?cid=5617390347283299740&g_mp=Cidnb29nbGUubWFwcy5wbGFjZXMudjEuUGxhY2VzLlNlYXJjaFRleHQQAhgEIAA"}},{"type":"Feature","geometry":{"type":"Point","coordinates":[73.7529331,19.988464]},"properties":{"Taluka":"Nashik","Zone":"Cidco / Gangapur","Category":"Kirana / General Store","Name":"Jay Janardhan Kirana Stores","Type":"Grocery Store","Rating":"4.5","Review Count":"4","Phone":"098229 64986","Address":"Shop No. N-41 C.G.-1-6-3, ITI Rd, Saraswati Chowk, Dal Mandir Stop, Shivshakti Nagar, Nashik, Maharashtra 422008, India","Maps Link":"https://maps.google.com/?cid=5672924884799167285&g_mp=Cidnb29nbGUubWFwcy5wbGFjZXMudjEuUGxhY2VzLlNlYXJjaFRleHQQAhgEIAA"}},{"type":"Feature","geometry":{"type":"Point","coordinates":[73.7609632,20.0128422]},"properties":{"Taluka":"Nashik","Zone":"Cidco / Gangapur","Category":"Kirana / General Store","Name":"Jyoti Stores, Gangapur road","Type":"Store","Rating":"4.3","Review Count":"274","Phone":"0253 230 6701","Address":"Shop no 1&2,Ground Floor, Nathganga, Vegetable Market Road, off Gangapur Road, Shramik Nagar, S.T. Colony, Nashik, Maharashtra 422013, India","Maps Link":"https://maps.google.com/?cid=2774673037414442678&g_mp=Cidnb29nbGUubWFwcy5wbGFjZXMudjEuUGxhY2VzLlNlYXJjaFRleHQQAhgEIAA"}},{"type":"Feature","geometry":{"type":"Point","coordinates":[73.7304897,20.0092637]},"properties":{"Taluka":"Nashik","Zone":"Cidco / Gangapur","Category":"Kirana / General Store","Name":"Kumar Provisions Store","Type":"General Store","Review Count":"0","Phone":"090219 61153","Address":"Shop 9, Shree Tirumala Omkar, Canal Road, Gangapur Rd, Serene Meadows, Anandvalli, Nashik, Maharashtra 422013, India","Maps Link":"https://maps.google.com/?cid=7876129742799166280&g_mp=Cidnb29nbGUubWFwcy5wbGFjZXMudjEuUGxhY2VzLlNlYXJjaFRleHQQAhgEIAA"}},{"type":"Feature","geometry":{"type":"Point","coordinates":[73.7180162,20.0325267]},"properties":{"Taluka":"Nashik","Zone":"Cidco / Gangapur","Category":"Kirana / General Store","Name":"Laxmi Kirana Store","Type":"General Store","Rating":"3","Review Count":"3","Phone":"098818 68726","Address":"2PM9+266, Near Kranti Chowk, Gangapur, Nashik, Maharashtra 422222, India","Maps Link":"https://maps.google.com/?cid=13985163710956631153&g_mp=Cidnb29nbGUubWFwcy5wbGFjZXMudjEuUGxhY2VzLlNlYXJjaFRleHQQAhgEIAA"}},{"type":"Feature","geometry":{"type":"Point","coordinates":[73.7422263,20.0128929]},"properties":{"Taluka":"Nashik","Zone":"Cidco / Gangapur","Category":"Kirana / General Store","Name":"MANISH GROCERY & DRY FRUITS","Type":"Food Store","Rating":"3.9","Review Count":"122","Phone":"094030 36358","Address":"Shop No. 7,8,9, Gupta's Plaza, Gangapur Rd, Rameshwar Nagar, Balawant Nagar, Anandvalli, Nashik, Maharashtra 422013, India","Maps Link":"https://maps.google.com/?cid=5036382877819524077&g_mp=Cidnb29nbGUubWFwcy5wbGFjZXMudjEuUGxhY2VzLlNlYXJjaFRleHQQAhgEIAA"}},{"type":"Feature","geometry":{"type":"Point","coordinates":[73.7544092,20.0170944]},"properties":{"Taluka":"Nashik","Zone":"Cidco / Gangapur","Category":"Kirana / General Store","Name":"Mahalaxmi Kirana & Generals","Type":"General Store","Rating":"3.5","Review Count":"2","Phone":"096894 44850","Address":"Shop No. 3, Priyanka Apartment, Sharda Nagar, Savarkar Nagar, Nashik, Maharashtra 422013, India","Maps Link":"https://maps.google.com/?cid=9512283433830270621&g_mp=Cidnb29nbGUubWFwcy5wbGFjZXMudjEuUGxhY2VzLlNlYXJjaFRleHQQAhgEIAA"}},{"type":"Feature","geometry":{"type":"Point","coordinates":[73.7658555,19.9755353]},"properties":{"Taluka":"Nashik","Zone":"Cidco / Gangapur","Category":"Kirana / General Store","Name":"Naina Kirana Stores","Type":"General Store","Rating":"3.7","Review Count":"3","Phone":"090218 54854","Address":"near by Swami Samarth Kendra, Maharanapratap Chowk, Cidco, Nashik, Maharashtra 422009, India","Maps Link":"https://maps.google.com/?cid=2912102370076739137&g_mp=Cidnb29nbGUubWFwcy5wbGFjZXMudjEuUGxhY2VzLlNlYXJjaFRleHQQAhgEIAA"}},{"type":"Feature","geometry":{"type":"Point","coordinates":[73.7581534,19.9816478]},"properties":{"Taluka":"Nashik","Zone":"Cidco / Gangapur","Category":"Kirana / General Store","Name":"Nandini Provision & General","Type":"General Store","Rating":"4","Review Count":"4","Phone":"092700 27057","Address":"XQJ5+M72, Patil Nagar Rd, Cidco, Patil Nagar, Nashik, Maharashtra 422008, India","Maps Link":"https://maps.google.com/?cid=4916888807104347375&g_mp=Cidnb29nbGUubWFwcy5wbGFjZXMudjEuUGxhY2VzLlNlYXJjaFRleHQQAhgEIAA"}},{"type":"Feature","geometry":{"type":"Point","coordinates":[73.750952,20.015747]},"properties":{"Taluka":"Nashik","Zone":"Cidco / Gangapur","Category":"Kirana / General Store","Name":"Neha Provision stores","Type":"Asian Grocery Store","Rating":"4.3","Review Count":"241","Phone":"070387 71761","Address":"Gangapur Rd, Shanker Nagar, Savarkar Nagar, Nashik, Maharashtra 422013, India","Maps Link":"https://maps.google.com/?cid=2772110502422022499&g_mp=Cidnb29nbGUubWFwcy5wbGFjZXMudjEuUGxhY2VzLlNlYXJjaFRleHQQAhgEIAA"}},{"type":"Feature","geometry":{"type":"Point","coordinates":[73.7600323,19.9761156]},"properties":{"Taluka":"Nashik","Zone":"Cidco / Gangapur","Category":"Kirana / General Store","Name":"Nilesh Provision & General Stores","Type":"General Store","Rating":"4.5","Review Count":"2","Phone":"091757 32387","Address":"Balaji Villa, Near Dary Bal Udhyan, Uday Colony, Sri Ram Nagar, New Cidco, Nashik, Maharashtra 422008, India","Maps Link":"https://maps.google.com/?cid=498609359325467404&g_mp=Cidnb29nbGUubWFwcy5wbGFjZXMudjEuUGxhY2VzLlNlYXJjaFRleHQQAhgEIAA"}},{"type":"Feature","geometry":{"type":"Point","coordinates":[73.761462,20.0191081]},"properties":{"Taluka":"Nashik","Zone":"Cidco / Gangapur","Category":"Kirana / General Store","Name":"Nirankari Dry Fruits And Provision Stores","Type":"Food Store","Rating":"3.4","Review Count":"7","Phone":"0253 257 6356","Address":"Shantiniketan Road, Opp. Niwas Park, 2Q96+JHW, Gangapur Rd, near Nirmala School, Pramod Nagar, Nashik, Maharashtra 422013, India","Maps Link":"https://maps.google.com/?cid=6352140105769008272&g_mp=Cidnb29nbGUubWFwcy5wbGFjZXMudjEuUGxhY2VzLlNlYXJjaFRleHQQAhgEIAA"}},{"type":"Feature","geometry":{"type":"Point","coordinates":[73.7575068,20.0194237]},"properties":{"Taluka":"Nashik","Zone":"Cidco / Gangapur","Category":"Kirana / General Store","Name":"OMKAR GENERAL STORE","Type":"General Store","Rating":"5","Review Count":"3","Phone":"099707 94516","Address":"Shop No 2 Gholap Pride, Gangapur Rd, Ayodhya Colony, Pramod Nagar, Nashik, Maharashtra 422013, India","Maps Link":"https://maps.google.com/?cid=3939660325434088851&g_mp=Cidnb29nbGUubWFwcy5wbGFjZXMudjEuUGxhY2VzLlNlYXJjaFRleHQQAhgEIAA"}},{"type":"Feature","geometry":{"type":"Point","coordinates":[73.7164599,20.0297395]},"properties":{"Taluka":"Nashik","Zone":"Cidco / Gangapur","Category":"Kirana / General Store","Name":"Om General Stores","Type":"General Store","Rating":"3.2","Review Count":"6","Phone":"081493 29609","Address":"2PH8+VHW, Gangapur, Nashik, Govardhan, Maharashtra 422222, India","Maps Link":"https://maps.google.com/?cid=18129894859623650261&g_mp=Cidnb29nbGUubWFwcy5wbGFjZXMudjEuUGxhY2VzLlNlYXJjaFRleHQQAhgEIAA"}},{"type":"Feature","geometry":{"type":"Point","coordinates":[73.7644264,20.0099247]},"properties":{"Taluka":"Nashik","Zone":"Cidco / Gangapur","Category":"Kirana / General Store","Name":"PANCHASHEEL DRYFUITS & KIRANA","Type":"Food Store","Rating":"4","Review Count":"1","Phone":"0253 231 6411","Address":"Shop No. 8, Rohini Apartment, Gangapur Rd, Pumping Station, Nashik, Maharashtra 422005, India","Maps Link":"https://maps.google.com/?cid=16885775015402206266&g_mp=Cidnb29nbGUubWFwcy5wbGFjZXMudjEuUGxhY2VzLlNlYXJjaFRleHQQAhgEIAA"}},{"type":"Feature","geometry":{"type":"Point","coordinates":[73.7650194,20.0191972]},"properties":{"Taluka":"Nashik","Zone":"Cidco / Gangapur","Category":"Kirana / General Store","Name":"POOJA ABHISHEK PROVISION STORES","Type":"General Store","Rating":"4.3","Review Count":"3","Phone":"0253 696 0503","Address":"Mohini Ghansham co op hsg soc, Gangapur Rd, near Nirmala School, D. K. Nagar, Nashik, Maharashtra 422013, India","Maps Link":"https://maps.google.com/?cid=8873921011116058600&g_mp=Cidnb29nbGUubWFwcy5wbGFjZXMudjEuUGxhY2VzLlNlYXJjaFRleHQQAhgEIAA"}},{"type":"Feature","geometry":{"type":"Point","coordinates":[73.7582803,19.9694499]},"properties":{"Taluka":"Nashik","Zone":"Cidco / Gangapur","Category":"Kirana / General Store","Name":"Padma Kirana & General stores","Type":"Grocery Store","Rating":"4.4","Review Count":"9","Phone":"096570 96940","Address":"N41-3-1-12, Saibaba Nagar, Cidco, Nashik, Maharashtra 422008, India","Maps Link":"https://maps.google.com/?cid=16965052840929224261&g_mp=Cidnb29nbGUubWFwcy5wbGFjZXMudjEuUGxhY2VzLlNlYXJjaFRleHQQAhgEIAA"}},{"type":"Feature","geometry":{"type":"Point","coordinates":[73.7570584,20.0137656]},"properties":{"Taluka":"Nashik","Zone":"Cidco / Gangapur","Category":"Kirana / General Store","Name":"Padmavati Medical & General Stores","Type":"Store","Rating":"5","Review Count":"1","Phone":"094232 20425","Address":"Sai Chaya Apartment, 1, Gangapur Rd, Nerlikar Hospital Lane, Shreerang Nagar, Nashik, Maharashtra 422013, India","Maps Link":"https://maps.google.com/?cid=2757919359801499988&g_mp=Cidnb29nbGUubWFwcy5wbGFjZXMudjEuUGxhY2VzLlNlYXJjaFRleHQQAhgEIAA"}},{"type":"Feature","geometry":{"type":"Point","coordinates":[73.7616791,19.9690878]},"properties":{"Taluka":"Nashik","Zone":"Cidco / Gangapur","Category":"Kirana / General Store","Name":"Pandurang Kirana And Genral Stores","Type":"Grocery Store","Rating":"5","Review Count":"1","Phone":"094213 96690","Address":"01, Vijay Nagar Rd, Cidco, Nashik, Maharashtra 422009, India","Maps Link":"https://maps.google.com/?cid=13961694217340962437&g_mp=Cidnb29nbGUubWFwcy5wbGFjZXMudjEuUGxhY2VzLlNlYXJjaFRleHQQAhgEIAA"}},{"type":"Feature","geometry":{"type":"Point","coordinates":[73.7737427,20.0064973]},"properties":{"Taluka":"Nashik","Zone":"Cidco / Gangapur","Category":"Kirana / General Store","Name":"Pushkaraj Stationery And General Stores","Type":"Store","Rating":"5","Review Count":"1","Phone":"094227 47035","Address":"Shop No. 7, Near Dongare Ground, Deeparti Apartment, Gangapur Rd, Opp: Bohara Park, Summati Colony, Nashik, Maharashtra 422002, India","Maps Link":"https://maps.google.com/?cid=1622030804762980306&g_mp=Cidnb29nbGUubWFwcy5wbGFjZXMudjEuUGxhY2VzLlNlYXJjaFRleHQQAhgEIAA"}},{"type":"Feature","geometry":{"type":"Point","coordinates":[73.760769,19.9701719]},"properties":{"Taluka":"Nashik","Zone":"Cidco / Gangapur","Category":"Kirana / General Store","Name":"Rahul Provision & General Stores","Type":"General Store","Rating":"4.4","Review Count":"10","Phone":"097676 92836","Address":"Bajrang Chowk, N-31-A-1-3-8, Vijay Nagar Rd, Saibaba Nagar, Cidco, Nashik, Maharashtra 422009, India","Maps Link":"https://maps.google.com/?cid=5263047126765905205&g_mp=Cidnb29nbGUubWFwcy5wbGFjZXMudjEuUGxhY2VzLlNlYXJjaFRleHQQAhgEIAA"}},{"type":"Feature","geometry":{"type":"Point","coordinates":[73.7571478,19.9714084]},"properties":{"Taluka":"Nashik","Zone":"Cidco / Gangapur","Category":"Kirana / General Store","Name":"Ramdev Baba Kirana & General Stores","Type":"Grocery Store","Rating":"5","Review Count":"3","Phone":"081491 49237","Address":"XQC4+HV6, Rajratna Nagar, Cidco, Nashik, Maharashtra 422008, India","Maps Link":"https://maps.google.com/?cid=14965651477558301386&g_mp=Cidnb29nbGUubWFwcy5wbGFjZXMudjEuUGxhY2VzLlNlYXJjaFRleHQQAhgEIAA"}},{"type":"Feature","geometry":{"type":"Point","coordinates":[73.7586984,19.971725]},"properties":{"Taluka":"Nashik","Zone":"Cidco / Gangapur","Category":"Kirana / General Store","Name":"SHREE SHYAM KIRANA AND GENERAL STORE","Type":"General Store","Rating":"1","Review Count":"1","Phone":"075229 83375","Address":"Shop No 1, Pooja Niwas, Mahakali Chowk, Saibaba Nagar, Cidco, Nashik, Maharashtra 422008, India","Maps Link":"https://maps.google.com/?cid=10137786161442236887&g_mp=Cidnb29nbGUubWFwcy5wbGFjZXMudjEuUGxhY2VzLlNlYXJjaFRleHQQAhgEIAA"}},{"type":"Feature","geometry":{"type":"Point","coordinates":[73.7590464,20.0070993]},"properties":{"Taluka":"Nashik","Zone":"Cidco / Gangapur","Category":"Kirana / General Store","Name":"Sagar Kirana","Type":"General Store","Rating":"5","Review Count":"2","Phone":"080079 68505","Address":"Shop No 1, Fulenagar, Nashik, Maharashtra 422005, India","Maps Link":"https://maps.google.com/?cid=10966107886017191817&g_mp=Cidnb29nbGUubWFwcy5wbGFjZXMudjEuUGxhY2VzLlNlYXJjaFRleHQQAhgEIAA"}},{"type":"Feature","geometry":{"type":"Point","coordinates":[73.7715951,20.0086198]},"properties":{"Taluka":"Nashik","Zone":"Cidco / Gangapur","Category":"Kirana / General Store","Name":"Sai Siddhi Medical And General Stores","Type":"Store","Rating":"3.7","Review Count":"3","Phone":"098601 16717","Address":"BacShop No 2, Thakkar Retreat, Gangapur Rd, Old Gangapur Naka, Shreerang Nagar, Nashik, Maharashtra 422002, India","Maps Link":"https://maps.google.com/?cid=12559409172725725884&g_mp=Cidnb29nbGUubWFwcy5wbGFjZXMudjEuUGxhY2VzLlNlYXJjaFRleHQQAhgEIAA"}},{"type":"Feature","geometry":{"type":"Point","coordinates":[73.7225906,20.0130836]},"properties":{"Taluka":"Nashik","Zone":"Cidco / Gangapur","Category":"Kirana / General Store","Name":"Sanket Kirana And General Stores","Type":"General Store","Rating":"3.9","Review Count":"11","Phone":"098906 56011","Address":"2P7F+62P, Canal Rd, Gulmohar Colony, Dhurav Nagar, Druv Nagar, Nashik, Maharashtra 422012, India","Maps Link":"https://maps.google.com/?cid=10388806083900183900&g_mp=Cidnb29nbGUubWFwcy5wbGFjZXMudjEuUGxhY2VzLlNlYXJjaFRleHQQAhgEIAA"}},{"type":"Feature","geometry":{"type":"Point","coordinates":[73.7164224,20.0294854]},"properties":{"Taluka":"Nashik","Zone":"Cidco / Gangapur","Category":"Kirana / General Store","Name":"Saptshrungi Kirana General Store","Type":"General Store","Rating":"5","Review Count":"1","Phone":"070583 94253","Address":"Shop No 1, Gangapur, Nashik, Maharashtra 422222, India","Maps Link":"https://maps.google.com/?cid=8211926461123122265&g_mp=Cidnb29nbGUubWFwcy5wbGFjZXMudjEuUGxhY2VzLlNlYXJjaFRleHQQAhgEIAA"}},{"type":"Feature","geometry":{"type":"Point","coordinates":[73.72,20.0176338]},"properties":{"Taluka":"Nashik","Zone":"Cidco / Gangapur","Category":"Kirana / General Store","Name":"Shivganga kirana and General store","Type":"General Store","Rating":"2.3","Review Count":"3","Phone":"096892 62624","Address":"Shop No 01, Gangapur Rd, Hanuman Nagar, Savarkar Nagar, Nashik, Maharashtra 422012, India","Maps Link":"https://maps.google.com/?cid=6273380802908623847&g_mp=Cidnb29nbGUubWFwcy5wbGFjZXMudjEuUGxhY2VzLlNlYXJjaFRleHQQAhgEIAA"}},{"type":"Feature","geometry":{"type":"Point","coordinates":[73.7204522,20.0172364]},"properties":{"Taluka":"Nashik","Zone":"Cidco / Gangapur","Category":"Kirana / General Store","Name":"Shree Datta Gorakh Kirana And General Stores","Type":"General Store","Rating":"4","Review Count":"1","Phone":"095610 71234","Address":"Shree Hanuman Madir, Canal Rd, Hanuman Nagar, Jalapur, Nashik, Maharashtra 422012, India","Maps Link":"https://maps.google.com/?cid=14573047360606536280&g_mp=Cidnb29nbGUubWFwcy5wbGFjZXMudjEuUGxhY2VzLlNlYXJjaFRleHQQAhgEIAA"}},{"type":"Feature","geometry":{"type":"Point","coordinates":[73.7708277,19.9748144]},"properties":{"Taluka":"Nashik","Zone":"Cidco / Gangapur","Category":"Kirana / General Store","Name":"Shree Datta Provision Stores","Type":"General Store","Rating":"5","Review Count":"33","Phone":"094208 66824","Address":"Shop No 7 Narayan Vaman Shirode Marg Shopping Centre Shivaji Chowk, Old Cidco, Lekha Nagar, Nashik, Maharashtra 422009, India","Maps Link":"https://maps.google.com/?cid=8334220652510611627&g_mp=Cidnb29nbGUubWFwcy5wbGFjZXMudjEuUGxhY2VzLlNlYXJjaFRleHQQAhgEIAA"}},{"type":"Feature","geometry":{"type":"Point","coordinates":[73.717957,20.032367]},"properties":{"Taluka":"Nashik","Zone":"Cidco / Gangapur","Category":"Kirana / General Store","Name":"Shree Gajanan Kirana & General Stores","Type":"Grocery Store","Rating":"4.3","Review Count":"8","Phone":"094200 00937","Address":"2PJ9+W5W, Near Kranti Chowk, Gangapur, Nashik, Maharashtra 422222, India","Maps Link":"https://maps.google.com/?cid=12514978941243824169&g_mp=Cidnb29nbGUubWFwcy5wbGFjZXMudjEuUGxhY2VzLlNlYXJjaFRleHQQAhgEIAA"}},{"type":"Feature","geometry":{"type":"Point","coordinates":[73.7536016,20.0136655]},"properties":{"Taluka":"Nashik","Zone":"Cidco / Gangapur","Category":"Kirana / General Store","Name":"Shree Ganesh Provision Stores","Type":"Grocery Store","Rating":"2.7","Review Count":"3","Phone":"098504 91326","Address":"Maitr Manor Apartment, Gangapur Rd, Architects Colony, Ashtavinayak Colony, Savarkar Nagar, Nashik, Maharashtra 422013, India","Maps Link":"https://maps.google.com/?cid=5012938941718498908&g_mp=Cidnb29nbGUubWFwcy5wbGFjZXMudjEuUGxhY2VzLlNlYXJjaFRleHQQAhgEIAA"}},{"type":"Feature","geometry":{"type":"Point","coordinates":[73.7726489,19.9763353]},"properties":{"Taluka":"Nashik","Zone":"Cidco / Gangapur","Category":"Kirana / General Store","Name":"Shree Swami Samarth Kirana Stores","Type":"General Store","Rating":"4.2","Review Count":"6","Phone":"094213 12952","Address":"XQGF+G3J, Old Cidco, Shanti Nagar, Cidco, Nashik, Maharashtra 422009, India","Maps Link":"https://maps.google.com/?cid=12076173813690813359&g_mp=Cidnb29nbGUubWFwcy5wbGFjZXMudjEuUGxhY2VzLlNlYXJjaFRleHQQAhgEIAA"}},{"type":"Feature","geometry":{"type":"Point","coordinates":[73.7453633,19.980011]},"properties":{"Taluka":"Nashik","Zone":"Cidco / Gangapur","Category":"Kirana / General Store","Name":"Shri Ganesh Kirana Shop","Type":"General Store","Rating":"4.7","Review Count":"6","Phone":"090112 02136","Address":"Shop No 5, Ground Floor, Priyanka Housing Society, ITI Ambad Link Road, Janak Nagari, Nashik, Maharashtra 422008, India","Maps Link":"https://maps.google.com/?cid=9546544272038136624&g_mp=Cidnb29nbGUubWFwcy5wbGFjZXMudjEuUGxhY2VzLlNlYXJjaFRleHQQAhgEIAA"}},{"type":"Feature","geometry":{"type":"Point","coordinates":[73.71571,20.0301069]},"properties":{"Taluka":"Nashik","Zone":"Cidco / Gangapur","Category":"Kirana / General Store","Name":"Shri Kirana And The Source at Sula","Type":"General Store","Rating":"3.5","Review Count":"4","Phone":"099233 23396","Address":"near Bus Stop, Gangapur, Nashik, Maharashtra 422222, India","Maps Link":"https://maps.google.com/?cid=8372023328156878125&g_mp=Cidnb29nbGUubWFwcy5wbGFjZXMudjEuUGxhY2VzLlNlYXJjaFRleHQQAhgEIAA"}},{"type":"Feature","geometry":{"type":"Point","coordinates":[73.758023,19.9696429]},"properties":{"Taluka":"Nashik","Zone":"Cidco / Gangapur","Category":"Kirana / General Store","Name":"Shri Pariwaar Kirana And General","Type":"General Store","Rating":"5","Review Count":"2","Phone":"098503 38611","Address":"XQ95+V62, Saibaba Nagar, Uttam Nagar, Nashik, Maharashtra 422008, India","Maps Link":"https://maps.google.com/?cid=10129103304736909319&g_mp=Cidnb29nbGUubWFwcy5wbGFjZXMudjEuUGxhY2VzLlNlYXJjaFRleHQQAhgEIAA"}},{"type":"Feature","geometry":{"type":"Point","coordinates":[73.7739699,20.006923]},"properties":{"Taluka":"Nashik","Zone":"Cidco / Gangapur","Category":"Kirana / General Store","Name":"Sneha Provision Stores","Type":"Grocery Store","Rating":"4.5","Review Count":"2","Address":"Shop No. 4, Bohra Park, Gangapur Rd, Shivaji Nagar, Nashik, Maharashtra 422002, India","Maps Link":"https://maps.google.com/?cid=6925562655224847206&g_mp=Cidnb29nbGUubWFwcy5wbGFjZXMudjEuUGxhY2VzLlNlYXJjaFRleHQQAhgEIAA"}},{"type":"Feature","geometry":{"type":"Point","coordinates":[73.7712511,20.0085294]},"properties":{"Taluka":"Nashik","Zone":"Cidco / Gangapur","Category":"Kirana / General Store","Name":"Soham Medicals and general stores","Type":"General Store","Rating":"4.4","Review Count":"5","Address":"1, Gangapur Rd, Ashwin Nagar, Shreerang Nagar, Nashik, Maharashtra 422013, India","Maps Link":"https://maps.google.com/?cid=1561656713192089152&g_mp=Cidnb29nbGUubWFwcy5wbGFjZXMudjEuUGxhY2VzLlNlYXJjaFRleHQQAhgEIAA"}},{"type":"Feature","geometry":{"type":"Point","coordinates":[73.7968439,19.9984629]},"properties":{"Taluka":"Nashik","Zone":"Cidco / Gangapur","Category":"Kirana / General Store","Name":"Sunil Kirana & General Stores","Type":"General Store","Rating":"5","Review Count":"2","Phone":"088550 25636","Address":"XQXW+9PQ, Amardham Rd, Shivaji Chowk, Kathda, Nashik, Maharashtra 422001, India","Maps Link":"https://maps.google.com/?cid=855801615185308053&g_mp=Cidnb29nbGUubWFwcy5wbGFjZXMudjEuUGxhY2VzLlNlYXJjaFRleHQQAhgEIAA"}},{"type":"Feature","geometry":{"type":"Point","coordinates":[73.7553924,19.9845882]},"properties":{"Taluka":"Nashik","Zone":"Cidco / Gangapur","Category":"Kirana / General Store","Name":"Suraj Provision & General Store","Type":"General Store","Rating":"4.8","Review Count":"8","Address":"XQM4+R5J, Trimurti Chowk, Cidco, Shivshakti Nagar, Nashik, Maharashtra 422008, India","Maps Link":"https://maps.google.com/?cid=3818771336388718623&g_mp=Cidnb29nbGUubWFwcy5wbGFjZXMudjEuUGxhY2VzLlNlYXJjaFRleHQQAhgEIAA"}},{"type":"Feature","geometry":{"type":"Point","coordinates":[73.7502874,20.0073385]},"properties":{"Taluka":"Nashik","Zone":"Cidco / Gangapur","Category":"Kirana / General Store","Name":"Vandana kirana store","Type":"Store","Rating":"5","Review Count":"2","Phone":"080073 11400","Address":"2Q42+W4M, Sant Kabir Nagar, Veer Sawarkar Nagar, Nashik, Maharashtra 422005, India","Maps Link":"https://maps.google.com/?cid=3689234990980291471&g_mp=Cidnb29nbGUubWFwcy5wbGFjZXMudjEuUGxhY2VzLlNlYXJjaFRleHQQAhgEIAA"}},{"type":"Feature","geometry":{"type":"Point","coordinates":[73.7469129,20.015988]},"properties":{"Taluka":"Nashik","Zone":"Cidco / Gangapur","Category":"Kirana / General Store","Name":"Vighnaharta General Stores","Type":"General Store","Rating":"2.7","Review Count":"3","Phone":"072760 03071","Address":"Mungsare - Chandshi Rd, Bajarangnagar, Anandvalli, Nashik, Maharashtra 422013, India","Maps Link":"https://maps.google.com/?cid=1596377835562030787&g_mp=Cidnb29nbGUubWFwcy5wbGFjZXMudjEuUGxhY2VzLlNlYXJjaFRleHQQAhgEIAA"}},{"type":"Feature","geometry":{"type":"Point","coordinates":[73.7420585,19.9730471]},"properties":{"Taluka":"Nashik","Zone":"Cidco / Gangapur","Category":"Kirana / General Store","Name":"Vijay Tel Bhandar","Type":"General Store","Rating":"4","Review Count":"123","Phone":"0253 237 0884","Address":"N-8, Shopping Center, Hanuman Chowk NEW CIDO NASHIK CIYY, E/2/33/2, Street No. 8, New CIDCO, Murari Nagar, Nashik, Maharashtra 422010, India","Maps Link":"https://maps.google.com/?cid=8898922664684479031&g_mp=Cidnb29nbGUubWFwcy5wbGFjZXMudjEuUGxhY2VzLlNlYXJjaFRleHQQAhgEIAA"}},{"type":"Feature","geometry":{"type":"Point","coordinates":[73.7474985,20.0173102]},"properties":{"Taluka":"Nashik","Zone":"Cidco / Gangapur","Category":"Kirana / General Store","Name":"shivkrupa general store","Type":"General Store","Rating":"4.6","Review Count":"7","Phone":"094209 02777","Address":"shop no.371 anandwali bajrang nager, Gangapur Rd, Shanker Nagar, Veer Sawarkar Nagar, Nashik, Maharashtra 422013, India","Maps Link":"https://maps.google.com/?cid=4873807158281650528&g_mp=Cidnb29nbGUubWFwcy5wbGFjZXMudjEuUGxhY2VzLlNlYXJjaFRleHQQAhgEIAA"}},{"type":"Feature","geometry":{"type":"Point","coordinates":[73.7561517,19.9748576]},"properties":{"Taluka":"Nashik","Zone":"Cidco / Gangapur","Category":"Other Grocery Shop","Name":"Aniket fruit shop","Type":"Grocery Store","Rating":"4.4","Review Count":"11","Phone":"097633 78066","Address":"Shop no 73, Raigad Chowk, Cidco, Nashik, Maharashtra 422008, India","Maps Link":"https://maps.google.com/?cid=14674071175148357616&g_mp=Cidnb29nbGUubWFwcy5wbGFjZXMudjEuUGxhY2VzLlNlYXJjaFRleHQQAhgEIAA"}},{"type":"Feature","geometry":{"type":"Point","coordinates":[73.7347848,20.0082348]},"properties":{"Taluka":"Nashik","Zone":"Cidco / Gangapur","Category":"Other Grocery Shop","Name":"Book My Veg","Type":"Grocery Store","Rating":"4.6","Review Count":"229","Phone":"083808 33633","Address":"Shop No: 13, Shree Tirumala Luxuria Apartment, Gangapur Rd, Serene Meadows, Anandvalli, Nashik, Maharashtra 422013, India","Maps Link":"https://maps.google.com/?cid=7431034717525919031&g_mp=Cidnb29nbGUubWFwcy5wbGFjZXMudjEuUGxhY2VzLlNlYXJjaFRleHQQAhgEIAA"}},{"type":"Feature","geometry":{"type":"Point","coordinates":[73.7339558,20.0113609]},"properties":{"Taluka":"Nashik","Zone":"Cidco / Gangapur","Category":"Other Grocery Shop","Name":"Book My Veg (Mini Store)","Type":"Grocery Store","Rating":"4.5","Review Count":"58","Address":"Shop No-27, Building No- A, Samrat Amazon A, 5 wing, Gangapur Rd, Serene Meadows, Anandvalli, Nashik, Maharashtra 422013, India","Maps Link":"https://maps.google.com/?cid=13905765501216529853&g_mp=Cidnb29nbGUubWFwcy5wbGFjZXMudjEuUGxhY2VzLlNlYXJjaFRleHQQAhgEIAA"}},{"type":"Feature","geometry":{"type":"Point","coordinates":[73.7595554,19.962406]},"properties":{"Taluka":"Nashik","Zone":"Cidco / Gangapur","Category":"Other Grocery Shop","Name":"Ekvira Super Market","Type":"Grocery Store","Rating":"4.5","Review Count":"10","Phone":"086982 83813","Address":"Shop No 1, Cidco, near ICICI Bank, Ashwin Nagar, Nashik, Maharashtra 422009, India","Maps Link":"https://maps.google.com/?cid=5142161311541450581&g_mp=Cidnb29nbGUubWFwcy5wbGFjZXMudjEuUGxhY2VzLlNlYXJjaFRleHQQAhgEIAA"}},{"type":"Feature","geometry":{"type":"Point","coordinates":[73.7471675,19.9796267]},"properties":{"Taluka":"Nashik","Zone":"Cidco / Gangapur","Category":"Other Grocery Shop","Name":"Godavari Mart","Type":"Grocery Store","Rating":"4.1","Review Count":"408","Phone":"087666 57541","Address":"Kartikey Nagar, Nashik, Maharashtra 422008, India","Website":"https://godavarimartnashik.com/","Maps Link":"https://maps.google.com/?cid=4053833006695142368&g_mp=Cidnb29nbGUubWFwcy5wbGFjZXMudjEuUGxhY2VzLlNlYXJjaFRleHQQAhgEIAA"}},{"type":"Feature","geometry":{"type":"Point","coordinates":[73.754889,19.974631]},"properties":{"Taluka":"Nashik","Zone":"Cidco / Gangapur","Category":"Other Grocery Shop","Name":"Gurukrupa Enterprises","Type":"Grocery Store","Rating":"4","Review Count":"58","Address":"Pawan Nagar, Nashik, Maharashtra 422008, India","Maps Link":"https://maps.google.com/?cid=39535542116575075&g_mp=Cidnb29nbGUubWFwcy5wbGFjZXMudjEuUGxhY2VzLlNlYXJjaFRleHQQAhgEIAA"}},{"type":"Feature","geometry":{"type":"Point","coordinates":[73.7170973,20.015755]},"properties":{"Taluka":"Nashik","Zone":"Cidco / Gangapur","Category":"Other Grocery Shop","Name":"Krushna Traders","Type":"Grocery Store","Rating":"5","Review Count":"48","Phone":"095273 17455","Address":"Shop No 04, Kamal Kunj Apartment, Gangapur - Satpur Link Rd, near Motiwala College, Dhurav Nagar, Satpur Colony, Nashik, Maharashtra 422012, India","Maps Link":"https://maps.google.com/?cid=18266951957908890516&g_mp=Cidnb29nbGUubWFwcy5wbGFjZXMudjEuUGxhY2VzLlNlYXJjaFRleHQQAhgEIAA"}},{"type":"Feature","geometry":{"type":"Point","coordinates":[73.7095365,20.0312504]},"properties":{"Taluka":"Nashik","Zone":"Cidco / Gangapur","Category":"Other Grocery Shop","Name":"New Shivam Traders","Type":"Grocery Store","Rating":"5","Review Count":"1","Phone":"077768 57291","Address":"Near jijamata garden, Gangapur, Govardhan, Maharashtra 422222, India","Maps Link":"https://maps.google.com/?cid=15232132641183837782&g_mp=Cidnb29nbGUubWFwcy5wbGFjZXMudjEuUGxhY2VzLlNlYXJjaFRleHQQAhgEIAA"}},{"type":"Feature","geometry":{"type":"Point","coordinates":[73.7339489,20.01164]},"properties":{"Taluka":"Nashik","Zone":"Cidco / Gangapur","Category":"Other Grocery Shop","Name":"Nilesh Super Market (P) Ltd.","Type":"Grocery Store","Rating":"4.5","Review Count":"671","Phone":"072768 12994","Address":"Serene Meadows, Anandvalli, Nashik, Maharashtra 422013, India","Website":"http://nileshsupermarket.com/","Maps Link":"https://maps.google.com/?cid=15809659221244702217&g_mp=Cidnb29nbGUubWFwcy5wbGFjZXMudjEuUGxhY2VzLlNlYXJjaFRleHQQAhgEIAA"}},{"type":"Feature","geometry":{"type":"Point","coordinates":[73.7516487,19.9846518]},"properties":{"Taluka":"Nashik","Zone":"Cidco / Gangapur","Category":"Other Grocery Shop","Name":"Samarpanam super shop","Type":"Grocery Store","Rating":"5","Review Count":"4","Phone":"098902 15767","Address":"XQM2+VM6, Mogal Nagar, Nashik, Maharashtra 422008, India","Maps Link":"https://maps.google.com/?cid=14955944914240286228&g_mp=Cidnb29nbGUubWFwcy5wbGFjZXMudjEuUGxhY2VzLlNlYXJjaFRleHQQAhgEIAA"}},{"type":"Feature","geometry":{"type":"Point","coordinates":[73.7630944,19.9843621]},"properties":{"Taluka":"Nashik","Zone":"Cidco / Gangapur","Category":"Other Grocery Shop","Name":"Shree Om Super Market","Type":"Grocery Store","Rating":"4.1","Review Count":"10","Phone":"098607 69322","Address":"no-10, Sairam row house, Kalika Park, Cidco, Nashik, Maharashtra 422008, India","Maps Link":"https://maps.google.com/?cid=15451423350962789884&g_mp=Cidnb29nbGUubWFwcy5wbGFjZXMudjEuUGxhY2VzLlNlYXJjaFRleHQQAhgEIAA"}},{"type":"Feature","geometry":{"type":"Point","coordinates":[73.754103,20.014709]},"properties":{"Taluka":"Nashik","Zone":"Cidco / Gangapur","Category":"Other Grocery Shop","Name":"Shrinivas Foods & Grains","Type":"Grocery Store","Rating":"4.6","Review Count":"10","Phone":"094227 59934","Address":"17, Gangapur Rd, Venkatesh Park, Opposite Navrachna Vidyalaya, Ashtavinayak Colony, Savarkar Nagar, Nashik, Maharashtra 422013, India","Maps Link":"https://maps.google.com/?cid=18035548287678488704&g_mp=Cidnb29nbGUubWFwcy5wbGFjZXMudjEuUGxhY2VzLlNlYXJjaFRleHQQAhgEIAA"}},{"type":"Feature","geometry":{"type":"Point","coordinates":[73.7760579,19.976565]},"properties":{"Taluka":"Nashik","Zone":"Cidco / Gangapur","Category":"Other Grocery Shop","Name":"Suyesh Super Market","Type":"Grocery Store","Rating":"4.7","Review Count":"3","Phone":"087966 93297","Address":"Burkule Plaza, Sunderban Colony, Cidco, Nashik, Maharashtra 422009, India","Maps Link":"https://maps.google.com/?cid=16640825797460691224&g_mp=Cidnb29nbGUubWFwcy5wbGFjZXMudjEuUGxhY2VzLlNlYXJjaFRleHQQAhgEIAA"}},{"type":"Feature","geometry":{"type":"Point","coordinates":[73.7534881,19.9674745]},"properties":{"Taluka":"Nashik","Zone":"Cidco / Gangapur","Category":"Other Grocery Shop","Name":"Vijay Trading company","Type":"Grocery Store","Rating":"4.5","Review Count":"8","Phone":"081498 79593","Address":"Shop no 8,9,11,12, amisagar Co opp society Uttam Nagar Uttam nagar, Cidco, Nashik, Maharashtra 422010, India","Maps Link":"https://maps.google.com/?cid=8494953612019609604&g_mp=Cidnb29nbGUubWFwcy5wbGFjZXMudjEuUGxhY2VzLlNlYXJjaFRleHQQAhgEIAA"}},{"type":"Feature","geometry":{"type":"Point","coordinates":[73.7066914,19.9962836]},"properties":{"Taluka":"Nashik","Zone":"Govardhan / Gangapur Dam","Category":"Kirana / General Store","Name":"Adarsh Kirana And General Stores","Type":"Grocery Store","Rating":"4.5","Review Count":"4","Phone":"098907 06442","Address":"XPW4+GM8, Behind Mahadev Mandir, Shramik Nagar, Nashik, Maharashtra 422012, India","Maps Link":"https://maps.google.com/?cid=14898526253649959323&g_mp=Cidnb29nbGUubWFwcy5wbGFjZXMudjEuUGxhY2VzLlNlYXJjaFRleHQQAhgEIAA"}},{"type":"Feature","geometry":{"type":"Point","coordinates":[73.7066207,19.9925722]},"properties":{"Taluka":"Nashik","Zone":"Govardhan / Gangapur Dam","Category":"Kirana / General Store","Name":"Bhadane Kirana General Stores","Type":"General Store","Rating":"3.8","Review Count":"19","Phone":"090213 52718","Address":"Ashoknagar, Shramik Nagar, Nashik, Maharashtra 422012, India","Maps Link":"https://maps.google.com/?cid=12154152134739300345&g_mp=Cidnb29nbGUubWFwcy5wbGFjZXMudjEuUGxhY2VzLlNlYXJjaFRleHQQAhgEIAA"}},{"type":"Feature","geometry":{"type":"Point","coordinates":[73.7562976,19.9741035]},"properties":{"Taluka":"Nashik","Zone":"Govardhan / Gangapur Dam","Category":"Kirana / General Store","Name":"Govindalay General Store","Type":"Store","Review Count":"0","Phone":"096239 12881","Address":"N-42-AC-1/9/3, Saibaba Nagar, Pawan Nagar, Nashik, Maharashtra 422008, India","Maps Link":"https://maps.google.com/?cid=2152072762297685098&g_mp=Cidnb29nbGUubWFwcy5wbGFjZXMudjEuUGxhY2VzLlNlYXJjaFRleHQQAhgEIAA"}},{"type":"Feature","geometry":{"type":"Point","coordinates":[73.7453778,20.029223]},"properties":{"Taluka":"Nashik","Zone":"Govardhan / Gangapur Dam","Category":"Kirana / General Store","Name":"Mahajan General Stores","Type":"General Store","Rating":"5","Review Count":"1","Phone":"096045 11945","Address":"Shop No 5, Aaradhya Harmony, Gangapur Road, Chandshi, Nashik, Chandshi, Maharashtra 422003, India","Maps Link":"https://maps.google.com/?cid=13286832835413224667&g_mp=Cidnb29nbGUubWFwcy5wbGFjZXMudjEuUGxhY2VzLlNlYXJjaFRleHQQAhgEIAA"}},{"type":"Feature","geometry":{"type":"Point","coordinates":[73.758256,19.982194]},"properties":{"Taluka":"Nashik","Zone":"Govardhan / Gangapur Dam","Category":"Kirana / General Store","Name":"Pavan Kirana & General Stores","Type":"General Store","Rating":"4.3","Review Count":"16","Phone":"093265 41713","Address":"N-53, VG 32/5, Patil Nagar, Nashik, Maharashtra 422008, India","Maps Link":"https://maps.google.com/?cid=13064751076903132303&g_mp=Cidnb29nbGUubWFwcy5wbGFjZXMudjEuUGxhY2VzLlNlYXJjaFRleHQQAhgEIAA"}},{"type":"Feature","geometry":{"type":"Point","coordinates":[73.7066776,19.9962064]},"properties":{"Taluka":"Nashik","Zone":"Govardhan / Gangapur Dam","Category":"Kirana / General Store","Name":"Rajeshwari Kirana And General Stores","Type":"General Store","Rating":"5","Review Count":"2","Phone":"098907 06442","Address":"behind Mahadev Mandir, Shramik Nagar, Nashik, Maharashtra 422012, India","Maps Link":"https://maps.google.com/?cid=7334727673207530853&g_mp=Cidnb29nbGUubWFwcy5wbGFjZXMudjEuUGxhY2VzLlNlYXJjaFRleHQQAhgEIAA"}},{"type":"Feature","geometry":{"type":"Point","coordinates":[73.767648,19.992065]},"properties":{"Taluka":"Nashik","Zone":"Govardhan / Gangapur Dam","Category":"Kirana / General Store","Name":"Saptashrungi Kirana & General Stores","Type":"General Store","Rating":"5","Review Count":"2","Phone":"098506 90017","Address":"Sambhaji Chowk. Adivasi Society, XQR9+R3C, Visvesvarya Marg, Untwadi, Patrakar Colony, Parijat Nagar, Nashik, Maharashtra 422002, India","Maps Link":"https://maps.google.com/?cid=8268225694621268073&g_mp=Cidnb29nbGUubWFwcy5wbGFjZXMudjEuUGxhY2VzLlNlYXJjaFRleHQQAhgEIAA"}},{"type":"Feature","geometry":{"type":"Point","coordinates":[73.7177485,20.0162456]},"properties":{"Taluka":"Nashik","Zone":"Govardhan / Gangapur Dam","Category":"Kirana / General Store","Name":"Shree Dutta Krupa General Stores Kirana","Type":"General Store","Rating":"3","Review Count":"1","Phone":"097641 73226","Address":"Near Down Beker School, Dhurav Nagar, Druv Nagar, Nashik, Maharashtra 422012, India","Maps Link":"https://maps.google.com/?cid=5783971025576684822&g_mp=Cidnb29nbGUubWFwcy5wbGFjZXMudjEuUGxhY2VzLlNlYXJjaFRleHQQAhgEIAA"}},{"type":"Feature","geometry":{"type":"Point","coordinates":[73.7559215,19.9764154]},"properties":{"Taluka":"Nashik","Zone":"Govardhan / Gangapur Dam","Category":"Kirana / General Store","Name":"Shree Vijay Kirana","Type":"Grocery Store","Rating":"4.2","Review Count":"15","Phone":"075883 07911","Address":"Shop No.JC1, 7/5, Pawan Nagar, Nashik, Maharashtra 422008, India","Maps Link":"https://maps.google.com/?cid=18224052683775429514&g_mp=Cidnb29nbGUubWFwcy5wbGFjZXMudjEuUGxhY2VzLlNlYXJjaFRleHQQAhgEIAA"}},{"type":"Feature","geometry":{"type":"Point","coordinates":[73.7470957,19.9782626]},"properties":{"Taluka":"Nashik","Zone":"Govardhan / Gangapur Dam","Category":"Kirana / General Store","Name":"Super kirana","Type":"General Store","Review Count":"0","Address":"XPHW+8R5, Saptashrungi Nagar, Kartikey Nagar, Nashik, Maharashtra 422008, India","Maps Link":"https://maps.google.com/?cid=7656478038343539425&g_mp=Cidnb29nbGUubWFwcy5wbGFjZXMudjEuUGxhY2VzLlNlYXJjaFRleHQQAhgEIAA"}},{"type":"Feature","geometry":{"type":"Point","coordinates":[73.675571,20.0171564]},"properties":{"Taluka":"Nashik","Zone":"Govardhan / Gangapur Dam","Category":"Kirana / General Store","Name":"Vakratunda General Store","Type":"General Store","Rating":"5","Review Count":"1","Phone":"095613 88580","Address":"Vakratunda General Store Back Water Chaitanya Farm Nashik, Sawargaon, Gangavhare, Maharashtra 422222, India","Maps Link":"https://maps.google.com/?cid=2750994266673618055&g_mp=Cidnb29nbGUubWFwcy5wbGFjZXMudjEuUGxhY2VzLlNlYXJjaFRleHQQAhgEIAA"}},{"type":"Feature","geometry":{"type":"Point","coordinates":[73.7107987,20.0036221]},"properties":{"Taluka":"Nashik","Zone":"Govardhan / Gangapur Dam","Category":"Kirana / General Store","Name":"Yogesh Kirana And General Stores","Type":"General Store","Rating":"4.8","Review Count":"4","Phone":"090113 11811","Address":"Shop No 1, near Karbon Company, Shivaji Nagar, Shramik Nagar, Nashik, Maharashtra 422012, India","Maps Link":"https://maps.google.com/?cid=12859240402287699885&g_mp=Cidnb29nbGUubWFwcy5wbGFjZXMudjEuUGxhY2VzLlNlYXJjaFRleHQQAhgEIAA"}},{"type":"Feature","geometry":{"type":"Point","coordinates":[73.7083605,20.028964]},"properties":{"Taluka":"Nashik","Zone":"Govardhan / Gangapur Dam","Category":"Kirana / General Store","Name":"शुभयोग किराणा","Type":"Grocery Store","Review Count":"0","Address":"2PH5+H8Q, Gangapur-YCMOU Rd, Gangapur, Govardhan, Maharashtra 422222, India","Maps Link":"https://maps.google.com/?cid=8394590216780643567&g_mp=Cidnb29nbGUubWFwcy5wbGFjZXMudjEuUGxhY2VzLlNlYXJjaFRleHQQAhgEIAA"}},{"type":"Feature","geometry":{"type":"Point","coordinates":[73.7162037,20.0073017]},"properties":{"Taluka":"Nashik","Zone":"Govardhan / Gangapur Dam","Category":"Kirana / General Store","Name":"हर्षद किराणा जनरल अँड स्टेशनरी स्टोअर","Type":"Asian Grocery Store","Rating":"5","Review Count":"1","Phone":"099602 20384","Address":"Shop No 1, Harshad Kirana Store, Dharmaji Colony, Shivaji Nagar, Satpur Colony, Nashik, Maharashtra 422012, India","Maps Link":"https://maps.google.com/?cid=17592903198020447879&g_mp=Cidnb29nbGUubWFwcy5wbGFjZXMudjEuUGxhY2VzLlNlYXJjaFRleHQQAhgEIAA"}},{"type":"Feature","geometry":{"type":"Point","coordinates":[73.7238839,20.0088158]},"properties":{"Taluka":"Nashik","Zone":"Govardhan / Gangapur Dam","Category":"Other Grocery Shop","Name":"Jay Ambika Super Market","Type":"Grocery Store","Rating":"5","Review Count":"14","Phone":"088881 87582","Address":"Dhurav Nagar, Satpur Colony, Nashik, Maharashtra 422012, India","Maps Link":"https://maps.google.com/?cid=13684641971879915103&g_mp=Cidnb29nbGUubWFwcy5wbGFjZXMudjEuUGxhY2VzLlNlYXJjaFRleHQQAhgEIAA"}},{"type":"Feature","geometry":{"type":"Point","coordinates":[73.7179786,20.0131991]},"properties":{"Taluka":"Nashik","Zone":"Govardhan / Gangapur Dam","Category":"Other Grocery Shop","Name":"Mahalaxmi super market","Type":"Grocery Store","Review Count":"0","Address":"Ganesh Nakshtra Appartment, Link Road, Dhruv Nagar, Dhurav Nagar, Gangapur, Trimbak, Nashik, Maharashtra 422012, India","Maps Link":"https://maps.google.com/?cid=443200732659159069&g_mp=Cidnb29nbGUubWFwcy5wbGFjZXMudjEuUGxhY2VzLlNlYXJjaFRleHQQAhgEIAA"}},{"type":"Feature","geometry":{"type":"Point","coordinates":[73.7728886,20.0091525]},"properties":{"Taluka":"Nashik","Zone":"Govardhan / Gangapur Dam","Category":"Other Grocery Shop","Name":"Shree Mahesh Traders","Type":"Wholesaler","Rating":"4","Review Count":"2","Phone":"092847 88996","Address":"Gangapur Rd, opposite chopda lawns, Shivaji Nagar, Nashik, Maharashtra 423301, India","Maps Link":"https://maps.google.com/?cid=990857584213556269&g_mp=Cidnb29nbGUubWFwcy5wbGFjZXMudjEuUGxhY2VzLlNlYXJjaFRleHQQAhgEIAA"}},{"type":"Feature","geometry":{"type":"Point","coordinates":[73.8330517,19.8813342]},"properties":{"Taluka":"Nashik","Zone":"Devlali Camp & Deolali Gaon","Category":"Kirana / General Store","Name":"AMESUR DIGITAL SOLUTIONS AND GENERAL STORES","Type":"General Store","Review Count":"0","Phone":"092842 70130","Address":"Rest Camp Rd, Deolali Camp, Devlali, Maharashtra 422502, India","Maps Link":"https://maps.google.com/?cid=17569949678430214157&g_mp=Cidnb29nbGUubWFwcy5wbGFjZXMudjEuUGxhY2VzLlNlYXJjaFRleHQQAhgEIAA"}},{"type":"Feature","geometry":{"type":"Point","coordinates":[73.8315485,19.9042156]},"properties":{"Taluka":"Nashik","Zone":"Devlali Camp & Deolali Gaon","Category":"Kirana / General Store","Name":"Aman Medical and General Store","Type":"Medical Center","Rating":"5","Review Count":"1","Address":"Shop No.27, Tip Top Plaza, MIDC Ambad, Nashik, Sansari, Maharashtra 422401, India","Maps Link":"https://maps.google.com/?cid=4348090064770729666&g_mp=Cidnb29nbGUubWFwcy5wbGFjZXMudjEuUGxhY2VzLlNlYXJjaFRleHQQAhgEIAA"}},{"type":"Feature","geometry":{"type":"Point","coordinates":[73.8274198,19.9210558]},"properties":{"Taluka":"Nashik","Zone":"Devlali Camp & Deolali Gaon","Category":"Kirana / General Store","Name":"Ashirwad General Stores","Type":"General Store","Rating":"5","Review Count":"1","Phone":"982271388","Address":"WRCG+CXF, Unnamed Road, Deolali Gaon, Belatgavhan, Maharashtra 422401, India","Maps Link":"https://maps.google.com/?cid=12237403054390942756&g_mp=Cidnb29nbGUubWFwcy5wbGFjZXMudjEuUGxhY2VzLlNlYXJjaFRleHQQAhgEIAA"}},{"type":"Feature","geometry":{"type":"Point","coordinates":[73.8386453,19.9391521]},"properties":{"Taluka":"Nashik","Zone":"Devlali Camp & Deolali Gaon","Category":"Kirana / General Store","Name":"Bhadange Kirana Shop","Type":"Store","Rating":"4.5","Review Count":"4","Phone":"083085 20173","Address":"Unnamed Road, Devlali Gaon, Nashik, Maharashtra 422101, India","Maps Link":"https://maps.google.com/?cid=13851154021190567908&g_mp=Cidnb29nbGUubWFwcy5wbGFjZXMudjEuUGxhY2VzLlNlYXJjaFRleHQQAhgEIAA"}},{"type":"Feature","geometry":{"type":"Point","coordinates":[73.831333,19.903115]},"properties":{"Taluka":"Nashik","Zone":"Devlali Camp & Deolali Gaon","Category":"Kirana / General Store","Name":"Bharat Kirana And General Stores","Type":"Grocery Store","Rating":"5","Review Count":"5","Phone":"091581 06615","Address":"Deolali Camp, Nashik, Sansari, Maharashtra 422401, India","Maps Link":"https://maps.google.com/?cid=8954098742903222876&g_mp=Cidnb29nbGUubWFwcy5wbGFjZXMudjEuUGxhY2VzLlNlYXJjaFRleHQQAhgEIAA"}},{"type":"Feature","geometry":{"type":"Point","coordinates":[73.8285542,19.9006349]},"properties":{"Taluka":"Nashik","Zone":"Devlali Camp & Deolali Gaon","Category":"Kirana / General Store","Name":"DIVYA KERALA STORES","Type":"General Store","Rating":"4.8","Review Count":"12","Address":"Deolali Cantonment, Deolali Camp, Devlali, Maharashtra 422401, India","Maps Link":"https://maps.google.com/?cid=10320617957234331526&g_mp=Cidnb29nbGUubWFwcy5wbGFjZXMudjEuUGxhY2VzLlNlYXJjaFRleHQQAhgEIAA"}},{"type":"Feature","geometry":{"type":"Point","coordinates":[73.8329382,19.8843559]},"properties":{"Taluka":"Nashik","Zone":"Devlali Camp & Deolali Gaon","Category":"Kirana / General Store","Name":"Devkamal general store","Type":"General Store","Rating":"4.5","Review Count":"11","Address":"VRMM+P5W, Lam Rd, Deolali Camp, Devlali, Maharashtra 422401, India","Maps Link":"https://maps.google.com/?cid=178920796924689625&g_mp=Cidnb29nbGUubWFwcy5wbGFjZXMudjEuUGxhY2VzLlNlYXJjaFRleHQQAhgEIAA"}},{"type":"Feature","geometry":{"type":"Point","coordinates":[73.81105,19.9814474]},"properties":{"Taluka":"Nashik","Zone":"Devlali Camp & Deolali Gaon","Category":"Kirana / General Store","Name":"EKVIRA PROVISION & GENERAL STORES","Type":"Grocery Store","Rating":"4","Review Count":"2","Phone":"098903 51278","Address":"Shop No 08, Takli Rd, Samta Nagar, Nashik, Maharashtra 422006, India","Maps Link":"https://maps.google.com/?cid=7311581744741740028&g_mp=Cidnb29nbGUubWFwcy5wbGFjZXMudjEuUGxhY2VzLlNlYXJjaFRleHQQAhgEIAA"}},{"type":"Feature","geometry":{"type":"Point","coordinates":[73.8309219,19.9219978]},"properties":{"Taluka":"Nashik","Zone":"Devlali Camp & Deolali Gaon","Category":"Kirana / General Store","Name":"Gangasagar provision and general stores","Type":"Grocery Store","Rating":"4","Review Count":"5","Address":"WRCJ+Q9V, Balgruh Rd, Deolali Gaon, Belatgavhan, Maharashtra 422401, India","Maps Link":"https://maps.google.com/?cid=5760710953535456945&g_mp=Cidnb29nbGUubWFwcy5wbGFjZXMudjEuUGxhY2VzLlNlYXJjaFRleHQQAhgEIAA"}},{"type":"Feature","geometry":{"type":"Point","coordinates":[73.8304895,19.9025382]},"properties":{"Taluka":"Nashik","Zone":"Devlali Camp & Deolali Gaon","Category":"Kirana / General Store","Name":"JITENDRA KIRANA STORES","Type":"General Store","Rating":"4.5","Review Count":"6","Phone":"098232 47128","Address":"Near old Bus Stop, Deolali Camp, Nashik, Sansari, Maharashtra 422401, India","Maps Link":"https://maps.google.com/?cid=14663957031255812649&g_mp=Cidnb29nbGUubWFwcy5wbGFjZXMudjEuUGxhY2VzLlNlYXJjaFRleHQQAhgEIAA"}},{"type":"Feature","geometry":{"type":"Point","coordinates":[73.8330576,19.9076949]},"properties":{"Taluka":"Nashik","Zone":"Devlali Camp & Deolali Gaon","Category":"Kirana / General Store","Name":"Jai Durga Maa Kirana & General Stores","Type":"General Store","Rating":"4.8","Review Count":"4","Phone":"0253 249 9672","Address":"Sansari Naka,, WR5M+36F, Vijay Nagar, Sansari, Maharashtra 422401, India","Maps Link":"https://maps.google.com/?cid=5625179456283560212&g_mp=Cidnb29nbGUubWFwcy5wbGFjZXMudjEuUGxhY2VzLlNlYXJjaFRleHQQAhgEIAA"}},{"type":"Feature","geometry":{"type":"Point","coordinates":[73.812073,19.9341401]},"properties":{"Taluka":"Nashik","Zone":"Devlali Camp & Deolali Gaon","Category":"Kirana / General Store","Name":"Jay Babaji Kirana & General Store","Type":"Grocery Store","Review Count":"0","Phone":"096574 28351","Address":"Vadner Dumala, Nashik, Maharashtra 422102, India","Maps Link":"https://maps.google.com/?cid=15227508585365773060&g_mp=Cidnb29nbGUubWFwcy5wbGFjZXMudjEuUGxhY2VzLlNlYXJjaFRleHQQAhgEIAA"}},{"type":"Feature","geometry":{"type":"Point","coordinates":[73.8392374,19.9409243]},"properties":{"Taluka":"Nashik","Zone":"Devlali Camp & Deolali Gaon","Category":"Kirana / General Store","Name":"Jivan Saflya Kirana Store","Type":"General Store","Rating":"3.3","Review Count":"6","Phone":"072767 00888","Address":"Shop No.1, Ramabai Ambekar Nagar, Maaldhakka, Road, Rajwada Nagar, Deolali Gaon, Nashik, Maharashtra 422101, India","Maps Link":"https://maps.google.com/?cid=1442235753492911405&g_mp=Cidnb29nbGUubWFwcy5wbGFjZXMudjEuUGxhY2VzLlNlYXJjaFRleHQQAhgEIAA"}},{"type":"Feature","geometry":{"type":"Point","coordinates":[73.8328174,19.9386778]},"properties":{"Taluka":"Nashik","Zone":"Devlali Camp & Deolali Gaon","Category":"Kirana / General Store","Name":"Kailas Kirana Stores","Type":"Asian Grocery Store","Rating":"5","Review Count":"4","Address":"WRQM+F4G Kailas kirana stores, road, Vihitgaon, Nashik, Maharashtra 422102, India","Maps Link":"https://maps.google.com/?cid=11249405697031248702&g_mp=Cidnb29nbGUubWFwcy5wbGFjZXMudjEuUGxhY2VzLlNlYXJjaFRleHQQAhgEIAA"}},{"type":"Feature","geometry":{"type":"Point","coordinates":[73.8329792,19.893035]},"properties":{"Taluka":"Nashik","Zone":"Devlali Camp & Deolali Gaon","Category":"Kirana / General Store","Name":"Kasat Kirana.","Type":"Grocery Store","Rating":"4.1","Review Count":"32","Phone":"098504 32663","Address":"Vijay Nagar, Devlali, Maharashtra 422401, India","Maps Link":"https://maps.google.com/?cid=4010942942550262432&g_mp=Cidnb29nbGUubWFwcy5wbGFjZXMudjEuUGxhY2VzLlNlYXJjaFRleHQQAhgEIAA"}},{"type":"Feature","geometry":{"type":"Point","coordinates":[73.809977,19.939303]},"properties":{"Taluka":"Nashik","Zone":"Devlali Camp & Deolali Gaon","Category":"Kirana / General Store","Name":"LUCKY BOOKS AND GENERAL STORES","Type":"Store","Rating":"3.9","Review Count":"8","Phone":"084465 69287","Address":"Pimpalgaon to Vadner Dumala Rd, Deolali Camp, Nashik, Maharashtra 422010, India","Maps Link":"https://maps.google.com/?cid=4614515920941645098&g_mp=Cidnb29nbGUubWFwcy5wbGFjZXMudjEuUGxhY2VzLlNlYXJjaFRleHQQAhgEIAA"}},{"type":"Feature","geometry":{"type":"Point","coordinates":[73.8402523,19.9078374]},"properties":{"Taluka":"Nashik","Zone":"Devlali Camp & Deolali Gaon","Category":"Kirana / General Store","Name":"MUNJBA KIRANA STORE","Type":"General Store","Review Count":"0","Phone":"098819 37104","Address":"Shop No 1 Lakshim Niwas, Sansari Village, Nashik, Sansari, Maharashtra 422401, India","Maps Link":"https://maps.google.com/?cid=1557273572954735763&g_mp=Cidnb29nbGUubWFwcy5wbGFjZXMudjEuUGxhY2VzLlNlYXJjaFRleHQQAhgEIAA"}},{"type":"Feature","geometry":{"type":"Point","coordinates":[73.8366263,19.9284252]},"properties":{"Taluka":"Nashik","Zone":"Devlali Camp & Deolali Gaon","Category":"Kirana / General Store","Name":"Navdurga Kirana and general store","Type":"Store","Rating":"3.7","Review Count":"3","Address":"Lam Rd, Sant Janardan Swami Nagar, Kothule Mala, Belatgavhan, Maharashtra 422501, India","Maps Link":"https://maps.google.com/?cid=16856103484016607736&g_mp=Cidnb29nbGUubWFwcy5wbGFjZXMudjEuUGxhY2VzLlNlYXJjaFRleHQQAhgEIAA"}},{"type":"Feature","geometry":{"type":"Point","coordinates":[73.8289154,19.9023127]},"properties":{"Taluka":"Nashik","Zone":"Devlali Camp & Deolali Gaon","Category":"Kirana / General Store","Name":"OM PROVISION & GENERAL STORE","Type":"General Store","Review Count":"0","Phone":"098605 27017","Address":"WR2H+WHF, Mithai St, Near Masjid, Deolali Camp, Sansari, Maharashtra 422401, India","Maps Link":"https://maps.google.com/?cid=3441475568233884058&g_mp=Cidnb29nbGUubWFwcy5wbGFjZXMudjEuUGxhY2VzLlNlYXJjaFRleHQQAhgEIAA"}},{"type":"Feature","geometry":{"type":"Point","coordinates":[73.833829,19.9295534]},"properties":{"Taluka":"Nashik","Zone":"Devlali Camp & Deolali Gaon","Category":"Kirana / General Store","Name":"OM SAI KIRANA & GENERAL STORES","Type":"General Store","Rating":"5","Review Count":"2","Phone":"098904 66812","Address":"Shop No. 8, Lam Rd, Saubhagaya Nagar, Nashik Rd, Vihitgaon, Nashik, Maharashtra 422401, India","Maps Link":"https://maps.google.com/?cid=1909415399326775479&g_mp=Cidnb29nbGUubWFwcy5wbGFjZXMudjEuUGxhY2VzLlNlYXJjaFRleHQQAhgEIAA"}},{"type":"Feature","geometry":{"type":"Point","coordinates":[73.8342358,19.9292167]},"properties":{"Taluka":"Nashik","Zone":"Devlali Camp & Deolali Gaon","Category":"Kirana / General Store","Name":"Om Guru Mauli General Store","Type":"General Store","Rating":"5","Review Count":"6","Phone":"099218 20999","Address":"Lam Rd, Saubhyanagar, Kothule Mala, Nashik, Maharashtra 422401, India","Maps Link":"https://maps.google.com/?cid=8870767838388596413&g_mp=Cidnb29nbGUubWFwcy5wbGFjZXMudjEuUGxhY2VzLlNlYXJjaFRleHQQAhgEIAA"}},{"type":"Feature","geometry":{"type":"Point","coordinates":[73.8276049,19.901754]},"properties":{"Taluka":"Nashik","Zone":"Devlali Camp & Deolali Gaon","Category":"Kirana / General Store","Name":"PAKEEZAH STORES","Type":"General Store","Review Count":"0","Phone":"092261 06527","Address":"Shop no.28, Levit Market, Deolali Camp, Nashik, Sansari, Maharashtra 422401, India","Maps Link":"https://maps.google.com/?cid=5499576618737243207&g_mp=Cidnb29nbGUubWFwcy5wbGFjZXMudjEuUGxhY2VzLlNlYXJjaFRleHQQAhgEIAA"}},{"type":"Feature","geometry":{"type":"Point","coordinates":[73.8330187,19.8838284]},"properties":{"Taluka":"Nashik","Zone":"Devlali Camp & Deolali Gaon","Category":"Kirana / General Store","Name":"Paramount Stores","Type":"Grocery Store","Rating":"3.4","Review Count":"8","Address":"VRMM+G6J, Rest Camp Rd, Deolali Camp, Nashik, Devlali, Maharashtra 422401, India","Maps Link":"https://maps.google.com/?cid=12151480745653798297&g_mp=Cidnb29nbGUubWFwcy5wbGFjZXMudjEuUGxhY2VzLlNlYXJjaFRleHQQAhgEIAA"}},{"type":"Feature","geometry":{"type":"Point","coordinates":[73.828204,19.901988]},"properties":{"Taluka":"Nashik","Zone":"Devlali Camp & Deolali Gaon","Category":"Kirana / General Store","Name":"Punjab Stores","Type":"Grocery Store","Rating":"4.2","Review Count":"49","Phone":"098223 34514","Address":"572, Mithai St, Deolali Camp, Sansari, Maharashtra 422401, India","Maps Link":"https://maps.google.com/?cid=1119442966891521046&g_mp=Cidnb29nbGUubWFwcy5wbGFjZXMudjEuUGxhY2VzLlNlYXJjaFRleHQQAhgEIAA"}},{"type":"Feature","geometry":{"type":"Point","coordinates":[73.8280663,19.9017976]},"properties":{"Taluka":"Nashik","Zone":"Devlali Camp & Deolali Gaon","Category":"Kirana / General Store","Name":"Raj Provision Store","Type":"Grocery Store","Rating":"5","Review Count":"4","Phone":"076669 53583","Address":"Shop No 1, near Levhit Market, Deolali Camp, Nashik, Sansari, Maharashtra 422401, India","Maps Link":"https://maps.google.com/?cid=15651093917767683661&g_mp=Cidnb29nbGUubWFwcy5wbGFjZXMudjEuUGxhY2VzLlNlYXJjaFRleHQQAhgEIAA"}},{"type":"Feature","geometry":{"type":"Point","coordinates":[73.8283869,19.901397]},"properties":{"Taluka":"Nashik","Zone":"Devlali Camp & Deolali Gaon","Category":"Kirana / General Store","Name":"Regal Stores","Type":"General Store","Rating":"4.3","Review Count":"16","Phone":"0253 249 1367","Address":"362, Main St, Deolali Cantonment, Devlali Camp, Nashik, Sansari, Maharashtra 422401, India","Maps Link":"https://maps.google.com/?cid=9096655592025274326&g_mp=Cidnb29nbGUubWFwcy5wbGFjZXMudjEuUGxhY2VzLlNlYXJjaFRleHQQAhgEIAA"}},{"type":"Feature","geometry":{"type":"Point","coordinates":[73.8329493,19.8872856]},"properties":{"Taluka":"Nashik","Zone":"Devlali Camp & Deolali Gaon","Category":"Kirana / General Store","Name":"Renuka Provision","Type":"Grocery Store","Rating":"4.8","Review Count":"5","Phone":"094228 39023","Address":"B10, Renuka Darshan Apartment, Rest Camp Rd, near Kendriya Vidyalay, Deolali Camp, Nashik, Devlali, Maharashtra 422401, India","Website":"https://renukaprovision.in/","Maps Link":"https://maps.google.com/?cid=1582834961998720184&g_mp=Cidnb29nbGUubWFwcy5wbGFjZXMudjEuUGxhY2VzLlNlYXJjaFRleHQQAhgEIAA"}},{"type":"Feature","geometry":{"type":"Point","coordinates":[73.8432809,19.8804191]},"properties":{"Taluka":"Nashik","Zone":"Devlali Camp & Deolali Gaon","Category":"Kirana / General Store","Name":"Rohit Kirana Stores","Type":"General Store","Rating":"5","Review Count":"1","Phone":"098341 95954","Address":"Shop No 09, Lam Rd, Vijay Nagar, Devlali, Maharashtra 422502, India","Maps Link":"https://maps.google.com/?cid=17248865434756243925&g_mp=Cidnb29nbGUubWFwcy5wbGFjZXMudjEuUGxhY2VzLlNlYXJjaFRleHQQAhgEIAA"}},{"type":"Feature","geometry":{"type":"Point","coordinates":[73.8278366,19.9017062]},"properties":{"Taluka":"Nashik","Zone":"Devlali Camp & Deolali Gaon","Category":"Kirana / General Store","Name":"SANGAM SWEETS & GENERAL STORES","Type":"Candy Store","Rating":"5","Review Count":"3","Phone":"089003 33713","Address":"WR2H+M4P, Levit Market, Deolali Camp, Nashik, Sansari, Maharashtra 422401, India","Maps Link":"https://maps.google.com/?cid=15148562168751342059&g_mp=Cidnb29nbGUubWFwcy5wbGFjZXMudjEuUGxhY2VzLlNlYXJjaFRleHQQAhgEIAA"}},{"type":"Feature","geometry":{"type":"Point","coordinates":[73.8282895,19.9260611]},"properties":{"Taluka":"Nashik","Zone":"Devlali Camp & Deolali Gaon","Category":"Kirana / General Store","Name":"SAPTSAI KIRANA & GAN STORES","Type":"General Store","Rating":"5","Review Count":"14","Phone":"070384 37700","Address":"Shop NO 2, Balaji Apartment, near Sai Baba Mandir, Vihitgaon, Devlali, Maharashtra 422401, India","Maps Link":"https://maps.google.com/?cid=11862957399768760681&g_mp=Cidnb29nbGUubWFwcy5wbGFjZXMudjEuUGxhY2VzLlNlYXJjaFRleHQQAhgEIAA"}},{"type":"Feature","geometry":{"type":"Point","coordinates":[73.8415066,19.8821314]},"properties":{"Taluka":"Nashik","Zone":"Devlali Camp & Deolali Gaon","Category":"Kirana / General Store","Name":"SHUBHDEEP KIRANA STORES","Type":"General Store","Rating":"2","Review Count":"1","Phone":"088301 89117","Address":"Air Field Road, Vijay Nagar, Nashik, Devlali, Maharashtra 422502, India","Maps Link":"https://maps.google.com/?cid=14337094224989897436&g_mp=Cidnb29nbGUubWFwcy5wbGFjZXMudjEuUGxhY2VzLlNlYXJjaFRleHQQAhgEIAA"}},{"type":"Feature","geometry":{"type":"Point","coordinates":[73.8107948,19.9783758]},"properties":{"Taluka":"Nashik","Zone":"Devlali Camp & Deolali Gaon","Category":"Kirana / General Store","Name":"Sachin provision and general stores","Type":"Convenience Store","Rating":"3.7","Review Count":"3","Phone":"094048 05729","Address":"XRJ7+WC6, Nashik - Pune Rd, Samta Nagar, Nashik, Maharashtra 422006, India","Maps Link":"https://maps.google.com/?cid=1980274071031950741&g_mp=Cidnb29nbGUubWFwcy5wbGFjZXMudjEuUGxhY2VzLlNlYXJjaFRleHQQAhgEIAA"}},{"type":"Feature","geometry":{"type":"Point","coordinates":[73.8344867,19.9329008]},"properties":{"Taluka":"Nashik","Zone":"Devlali Camp & Deolali Gaon","Category":"Kirana / General Store","Name":"Saher Stationery & General Stores","Type":"General Store","Rating":"4.1","Review Count":"14","Phone":"095457 76855","Address":"Lam Rd, Nashik - Shirdi Rd, Bagul Nagar, Kothule Mala, Nashik, Maharashtra 422401, India","Maps Link":"https://maps.google.com/?cid=7773566005480835807&g_mp=Cidnb29nbGUubWFwcy5wbGFjZXMudjEuUGxhY2VzLlNlYXJjaFRleHQQAhgEIAA"}},{"type":"Feature","geometry":{"type":"Point","coordinates":[73.8395085,19.9375101]},"properties":{"Taluka":"Nashik","Zone":"Devlali Camp & Deolali Gaon","Category":"Kirana / General Store","Name":"Sai Anmol Kirana And General Store","Type":"General Store","Rating":"5","Review Count":"1","Phone":"086249 13441","Address":"Shop No.1, Road, Ramabai Ambhedkar Nagar, Gulabwadi, Nashik, Maharashtra 422401, India","Maps Link":"https://maps.google.com/?cid=12262704733273255383&g_mp=Cidnb29nbGUubWFwcy5wbGFjZXMudjEuUGxhY2VzLlNlYXJjaFRleHQQAhgEIAA"}},{"type":"Feature","geometry":{"type":"Point","coordinates":[73.8259678,19.9057536]},"properties":{"Taluka":"Nashik","Zone":"Devlali Camp & Deolali Gaon","Category":"Kirana / General Store","Name":"Sanjay General Store","Type":"General Store","Review Count":"0","Phone":"093720 10340","Address":"near New Bus stand Deolali, Deolali Camp, Devlali, Nashik, Maharashtra 422401, India","Maps Link":"https://maps.google.com/?cid=12623998668927320520&g_mp=Cidnb29nbGUubWFwcy5wbGFjZXMudjEuUGxhY2VzLlNlYXJjaFRleHQQAhgEIAA"}},{"type":"Feature","geometry":{"type":"Point","coordinates":[73.8321614,19.8961501]},"properties":{"Taluka":"Nashik","Zone":"Devlali Camp & Deolali Gaon","Category":"Kirana / General Store","Name":"Saptshurangi Kirana & General Store","Type":"General Store","Review Count":"0","Phone":"099600 03792","Address":"Shop No 1, Renuka Sagar, Redt Camp Road, Deolali Camp, Nashik, Devlali, Maharashtra 422401, India","Maps Link":"https://maps.google.com/?cid=4434302705971757056&g_mp=Cidnb29nbGUubWFwcy5wbGFjZXMudjEuUGxhY2VzLlNlYXJjaFRleHQQAhgEIAA"}},{"type":"Feature","geometry":{"type":"Point","coordinates":[73.834394,19.9305657]},"properties":{"Taluka":"Nashik","Zone":"Devlali Camp & Deolali Gaon","Category":"Kirana / General Store","Name":"Sarvadnya kirana","Type":"Asian Grocery Store","Review Count":"0","Phone":"073857 40750","Address":"shop no 2 sobhyanagar, Thakur Plaza, near Bharat petroleum, Kothule Mala, Nashik, Maharashtra 422401, India","Maps Link":"https://maps.google.com/?cid=3807360044588891184&g_mp=Cidnb29nbGUubWFwcy5wbGFjZXMudjEuUGxhY2VzLlNlYXJjaFRleHQQAhgEIAA"}},{"type":"Feature","geometry":{"type":"Point","coordinates":[73.8041749,19.9422505]},"properties":{"Taluka":"Nashik","Zone":"Devlali Camp & Deolali Gaon","Category":"Kirana / General Store","Name":"Shiv Shakti kirana and General Store","Type":"Grocery Store","Rating":"4","Review Count":"7","Address":"WRR3+WM3, NH 160, Gandhi Nagar Airport Area, Deolali Gaon, Nashik, Maharashtra 422010, India","Maps Link":"https://maps.google.com/?cid=1112193272676669930&g_mp=Cidnb29nbGUubWFwcy5wbGFjZXMudjEuUGxhY2VzLlNlYXJjaFRleHQQAhgEIAA"}},{"type":"Feature","geometry":{"type":"Point","coordinates":[73.7708391,19.9632551]},"properties":{"Taluka":"Nashik","Zone":"Devlali Camp & Deolali Gaon","Category":"Kirana / General Store","Name":"Shivam Provision And General Stores","Type":"Grocery Store","Rating":"4.9","Review Count":"7","Phone":"098811 51119","Address":"Lalbag Chowk, Near Rane Nagar, Chetana nagar, Rane Nagar, Nashik, Maharashtra 422009, India","Maps Link":"https://maps.google.com/?cid=2398306996947564049&g_mp=Cidnb29nbGUubWFwcy5wbGFjZXMudjEuUGxhY2VzLlNlYXJjaFRleHQQAhgEIAA"}},{"type":"Feature","geometry":{"type":"Point","coordinates":[73.8515149,19.9783652]},"properties":{"Taluka":"Nashik","Zone":"Devlali Camp & Deolali Gaon","Category":"Kirana / General Store","Name":"Shree Tuljabhavani Kirana &General Stores","Type":"Asian Grocery Store","Rating":"5","Review Count":"2","Phone":"090497 70070","Address":"Old Saykheda Road, Jail Rd, near Gokul Sweet, Panchak, Nashik, Maharashtra 422101, India","Maps Link":"https://maps.google.com/?cid=12434702263454245168&g_mp=Cidnb29nbGUubWFwcy5wbGFjZXMudjEuUGxhY2VzLlNlYXJjaFRleHQQAhgEIAA"}},{"type":"Feature","geometry":{"type":"Point","coordinates":[73.8126612,19.9337488]},"properties":{"Taluka":"Nashik","Zone":"Devlali Camp & Deolali Gaon","Category":"Kirana / General Store","Name":"Shree Vishveshwar general store","Type":"General Store","Review Count":"0","Phone":"094202 23980","Address":"Vadner vihitgoan road, Vadner Dumala, Nashik, Maharashtra 422401, India","Maps Link":"https://maps.google.com/?cid=12624532524384560387&g_mp=Cidnb29nbGUubWFwcy5wbGFjZXMudjEuUGxhY2VzLlNlYXJjaFRleHQQAhgEIAA"}},{"type":"Feature","geometry":{"type":"Point","coordinates":[73.8296901,19.9217543]},"properties":{"Taluka":"Nashik","Zone":"Devlali Camp & Deolali Gaon","Category":"Kirana / General Store","Name":"Sonu Grocery","Type":"Grocery Store","Rating":"5","Review Count":"5","Phone":"072764 30810","Address":"WRCH+PV4, Indrayani Society, Belatgavhan, Maharashtra 422401, India","Maps Link":"https://maps.google.com/?cid=4390974430223373055&g_mp=Cidnb29nbGUubWFwcy5wbGFjZXMudjEuUGxhY2VzLlNlYXJjaFRleHQQAhgEIAA"}},{"type":"Feature","geometry":{"type":"Point","coordinates":[73.8277109,19.9013484]},"properties":{"Taluka":"Nashik","Zone":"Devlali Camp & Deolali Gaon","Category":"Kirana / General Store","Name":"VAISHNAVI STORES","Type":"General Store","Rating":"4.8","Review Count":"4","Phone":"093727 21503","Address":"Shop No. 93 & 94, Mithai St, Opp. Bhaji Market, Deolali Camp, Nashik, Sansari, Maharashtra 422401, India","Maps Link":"https://maps.google.com/?cid=8392279523137416230&g_mp=Cidnb29nbGUubWFwcy5wbGFjZXMudjEuUGxhY2VzLlNlYXJjaFRleHQQAhgEIAA"}},{"type":"Feature","geometry":{"type":"Point","coordinates":[73.8288834,19.9827898]},"properties":{"Taluka":"Nashik","Zone":"Devlali Camp & Deolali Gaon","Category":"Kirana / General Store","Name":"Vichar Kirana Store LATA SUNIL PUND","Type":"Grocery Store","Rating":"5","Review Count":"9","Phone":"098340 15897","Address":"Shop No 1 Jay, New Sevage Plant Road, Malhar Nagar, Lokhande Mala, Nashik Road, Nashik, Maharashtra 422101, India","Maps Link":"https://maps.google.com/?cid=14290063662948555020&g_mp=Cidnb29nbGUubWFwcy5wbGFjZXMudjEuUGxhY2VzLlNlYXJjaFRleHQQAhgEIAA"}},{"type":"Feature","geometry":{"type":"Point","coordinates":[73.832718,19.887289]},"properties":{"Taluka":"Nashik","Zone":"Devlali Camp & Deolali Gaon","Category":"Kirana / General Store","Name":"Vishal General Stores And Colddrinks, Ice Cream House","Type":"General Store","Rating":"4.2","Review Count":"5","Phone":"093250 23216","Address":"VRPM+W38, Bhagur Rd, Deolali Camp, Devlali, Maharashtra 422401, India","Maps Link":"https://maps.google.com/?cid=1411590774827453288&g_mp=Cidnb29nbGUubWFwcy5wbGFjZXMudjEuUGxhY2VzLlNlYXJjaFRleHQQAhgEIAA"}},{"type":"Feature","geometry":{"type":"Point","coordinates":[73.8559384,19.9753094]},"properties":{"Taluka":"Nashik","Zone":"Devlali Camp & Deolali Gaon","Category":"Kirana / General Store","Name":"Wagheshwari Kirana And General Store's","Type":"Grocery Store","Rating":"3.8","Review Count":"25","Phone":"070575 82961","Address":"Shop No.1, Jail Road, Wagheshwari Nagar, Pawar Wadi, Nashik, Maharashtra 422101, India","Maps Link":"https://maps.google.com/?cid=8991960338591002117&g_mp=Cidnb29nbGUubWFwcy5wbGFjZXMudjEuUGxhY2VzLlNlYXJjaFRleHQQAhgEIAA"}},{"type":"Feature","geometry":{"type":"Point","coordinates":[73.8335914,19.8947983]},"properties":{"Taluka":"Nashik","Zone":"Devlali Camp & Deolali Gaon","Category":"Other Grocery Shop","Name":"CWE DEVLALI CANTEEN","Type":"Grocery Store","Rating":"4.5","Review Count":"24","Address":"VRVM+WC8, Lam Rd, Deolali Camp, Devlali, Maharashtra 422401, India","Maps Link":"https://maps.google.com/?cid=14637902232953773187&g_mp=Cidnb29nbGUubWFwcy5wbGFjZXMudjEuUGxhY2VzLlNlYXJjaFRleHQQAhgEIAA"}},{"type":"Feature","geometry":{"type":"Point","coordinates":[73.830021,19.9023219]},"properties":{"Taluka":"Nashik","Zone":"Devlali Camp & Deolali Gaon","Category":"Other Grocery Shop","Name":"INDIAN ARMY & POLICE STORE","Type":"Store","Rating":"4.3","Review Count":"75","Phone":"097301 53187","Address":"275, Howson Rd, Near Bus Stand, Deolali Camp, Sansari, Maharashtra 422401, India","Maps Link":"https://maps.google.com/?cid=5407673279578025055&g_mp=Cidnb29nbGUubWFwcy5wbGFjZXMudjEuUGxhY2VzLlNlYXJjaFRleHQQAhgEIAA"}},{"type":"Feature","geometry":{"type":"Point","coordinates":[73.8265216,19.9041161]},"properties":{"Taluka":"Nashik","Zone":"Devlali Camp & Deolali Gaon","Category":"Other Grocery Shop","Name":"IdreesFruits","Type":"Grocery Store","Rating":"4.8","Review Count":"53","Phone":"082087 50112","Address":"Police Station, Wadner Road, near Deolali camp, Deolali Camp, Nashik, Sansari, Maharashtra 422401, India","Website":"https://www.instagram.com/idrees_fruit?igsh=NjVwbzB6YWZiNDA5","Maps Link":"https://maps.google.com/?cid=14247344547042189368&g_mp=Cidnb29nbGUubWFwcy5wbGFjZXMudjEuUGxhY2VzLlNlYXJjaFRleHQQAhgEIAA"}},{"type":"Feature","geometry":{"type":"Point","coordinates":[73.8392739,19.9519158]},"properties":{"Taluka":"Nashik","Zone":"Devlali Camp & Deolali Gaon","Category":"Other Grocery Shop","Name":"Jay Super Market","Type":"Grocery Store","Rating":"4.5","Review Count":"2","Phone":"090288 92707","Address":"Shastri Path, Rajwada Nagar, Deolali Gaon, Nashik, Maharashtra 422101, India","Maps Link":"https://maps.google.com/?cid=3865696750552926072&g_mp=Cidnb29nbGUubWFwcy5wbGFjZXMudjEuUGxhY2VzLlNlYXJjaFRleHQQAhgEIAA"}},{"type":"Feature","geometry":{"type":"Point","coordinates":[73.826688,19.901456]},"properties":{"Taluka":"Nashik","Zone":"Devlali Camp & Deolali Gaon","Category":"Other Grocery Shop","Name":"KASTURI FRUIT MART","Type":"Grocery Store","Review Count":"0","Address":"Chavani Parishad, 27/E/27/35, Deolali Gaon, Nashik, Sansari, Maharashtra 422401, India","Maps Link":"https://maps.google.com/?cid=7935465448740763828&g_mp=Cidnb29nbGUubWFwcy5wbGFjZXMudjEuUGxhY2VzLlNlYXJjaFRleHQQAhgEIAA"}},{"type":"Feature","geometry":{"type":"Point","coordinates":[73.8390801,19.9470393]},"properties":{"Taluka":"Nashik","Zone":"Devlali Camp & Deolali Gaon","Category":"Other Grocery Shop","Name":"LOHIYA DRYFRUITS AND SPICES","Type":"Grocery Store","Rating":"4.6","Review Count":"10","Address":"WRWQ+RJ8, Rajwada Nagar, Deolali Gaon, Nashik, Maharashtra 422101, India","Maps Link":"https://maps.google.com/?cid=5682574729671348744&g_mp=Cidnb29nbGUubWFwcy5wbGFjZXMudjEuUGxhY2VzLlNlYXJjaFRleHQQAhgEIAA"}},{"type":"Feature","geometry":{"type":"Point","coordinates":[73.840396,19.949209]},"properties":{"Taluka":"Nashik","Zone":"Devlali Camp & Deolali Gaon","Category":"Other Grocery Shop","Name":"M/s. Rajan Bachumal & Sons.","Type":"Grocery Store","Rating":"4.3","Review Count":"73","Phone":"0253 246 2165","Address":"38, Ambedkar Rd, Ganesh Market, Rajwada Nagar, Nashik Rd, Nashik, Maharashtra 422101, India","Maps Link":"https://maps.google.com/?cid=2478956841447339525&g_mp=Cidnb29nbGUubWFwcy5wbGFjZXMudjEuUGxhY2VzLlNlYXJjaFRleHQQAhgEIAA"}},{"type":"Feature","geometry":{"type":"Point","coordinates":[73.830585,19.954546]},"properties":{"Taluka":"Nashik","Zone":"Devlali Camp & Deolali Gaon","Category":"Other Grocery Shop","Name":"MALANI'S BAZAR","Type":"Grocery Store","Rating":"3.5","Review Count":"12","Phone":"070389 49176","Address":"XR3J+R68, Near Saptashrungi Devi Mandir, Jagtap Mala, Gayakhe Colony, Nashik Rd, Nashik, Maharashtra 422101, India","Maps Link":"https://maps.google.com/?cid=10918298008358308115&g_mp=Cidnb29nbGUubWFwcy5wbGFjZXMudjEuUGxhY2VzLlNlYXJjaFRleHQQAhgEIAA"}},{"type":"Feature","geometry":{"type":"Point","coordinates":[73.8502014,19.9433745]},"properties":{"Taluka":"Nashik","Zone":"Devlali Camp & Deolali Gaon","Category":"Other Grocery Shop","Name":"NEED FOR DAY FOOD MART निड फॉर डे फुड मार्ट","Type":"Grocery Store","Rating":"5","Review Count":"16","Phone":"083292 19813","Address":"Shop no.10 ,Mangalmurti Sankul Appartment, Chehedi shiv, Old Pamaping Rd, shiv, Chehdi, Nashik, Maharashtra 422101, India","Maps Link":"https://maps.google.com/?cid=4723148508313718979&g_mp=Cidnb29nbGUubWFwcy5wbGFjZXMudjEuUGxhY2VzLlNlYXJjaFRleHQQAhgEIAA"}},{"type":"Feature","geometry":{"type":"Point","coordinates":[73.8262006,19.9479477]},"properties":{"Taluka":"Nashik","Zone":"Devlali Camp & Deolali Gaon","Category":"Other Grocery Shop","Name":"R K FRUITS & VEGETABLES","Type":"Grocery Store","Rating":"4.8","Review Count":"4","Phone":"098817 73936","Address":"Front of aute mala, Jai Bhavani Rd, Bhavani Nagar, Nashik Road, Nashik, Maharashtra 422102, India","Maps Link":"https://maps.google.com/?cid=6205652328550030088&g_mp=Cidnb29nbGUubWFwcy5wbGFjZXMudjEuUGxhY2VzLlNlYXJjaFRleHQQAhgEIAA"}},{"type":"Feature","geometry":{"type":"Point","coordinates":[73.8281515,19.9028411]},"properties":{"Taluka":"Nashik","Zone":"Devlali Camp & Deolali Gaon","Category":"Other Grocery Shop","Name":"RR Traders","Type":"Grocery Store","Review Count":"0","Phone":"098223 34514","Address":"Gurudwara Rd, Deolali Camp, Sansari, Maharashtra 422401, India","Maps Link":"https://maps.google.com/?cid=15013972184458253068&g_mp=Cidnb29nbGUubWFwcy5wbGFjZXMudjEuUGxhY2VzLlNlYXJjaFRleHQQAhgEIAA"}},{"type":"Feature","geometry":{"type":"Point","coordinates":[73.833966,19.9340632]},"properties":{"Taluka":"Nashik","Zone":"Devlali Camp & Deolali Gaon","Category":"Other Grocery Shop","Name":"Seven silver Mart","Type":"Convenience Store","Rating":"5","Review Count":"7","Phone":"082080 09958","Address":"8, Lam Rd, Saubhagaya Nagar, Deolali Gaon, Nashik, Maharashtra 422401, India","Maps Link":"https://maps.google.com/?cid=11120283042698545373&g_mp=Cidnb29nbGUubWFwcy5wbGFjZXMudjEuUGxhY2VzLlNlYXJjaFRleHQQAhgEIAA"}},{"type":"Feature","geometry":{"type":"Point","coordinates":[73.8251809,19.9053492]},"properties":{"Taluka":"Nashik","Zone":"Devlali Camp & Deolali Gaon","Category":"Other Grocery Shop","Name":"Vishnu Store","Type":"Grocery Store","Rating":"5","Review Count":"1","Phone":"076200 90581","Address":"207/3/41, Chavani Parishad, Deolali Gaon, Nashik, Sansari, Maharashtra 422401, India","Maps Link":"https://maps.google.com/?cid=6995539202701257524&g_mp=Cidnb29nbGUubWFwcy5wbGFjZXMudjEuUGxhY2VzLlNlYXJjaFRleHQQAhgEIAA"}},{"type":"Feature","geometry":{"type":"Point","coordinates":[73.8776563,19.9764838]},"properties":{"Taluka":"Nashik","Zone":"Indira Nagar / Eklahare","Category":"Kirana / General Store","Name":"ASHOK KIRANA AND GENERAL STORE","Type":"General Store","Rating":"5","Review Count":"1","Phone":"091454 11178","Address":"Shop No 6, Gate no 2, Sidharth Nagar, Eklahare, Maharashtra 422105, India","Maps Link":"https://maps.google.com/?cid=15801248638773490912&g_mp=Cidnb29nbGUubWFwcy5wbGFjZXMudjEuUGxhY2VzLlNlYXJjaFRleHQQAhgEIAA"}},{"type":"Feature","geometry":{"type":"Point","coordinates":[73.8631433,19.9511578]},"properties":{"Taluka":"Nashik","Zone":"Indira Nagar / Eklahare","Category":"Kirana / General Store","Name":"Anil Kirana Store","Type":"Asian Grocery Store","Rating":"4.8","Review Count":"5","Phone":"096232 89842","Address":"Samangaon Rd, opp.to goverment polytechnic college, Nashik, Maharashtra 422101, India","Maps Link":"https://maps.google.com/?cid=17800752307221011793&g_mp=Cidnb29nbGUubWFwcy5wbGFjZXMudjEuUGxhY2VzLlNlYXJjaFRleHQQAhgEIAA"}},{"type":"Feature","geometry":{"type":"Point","coordinates":[73.7818557,19.9773374]},"properties":{"Taluka":"Nashik","Zone":"Indira Nagar / Eklahare","Category":"Kirana / General Store","Name":"Anil Provisions","Type":"Grocery Store","Rating":"3.9","Review Count":"14","Address":"XQGJ+WPQ, State Bank Colony, Indira Nagar, Nashik, Maharashtra 422009, India","Maps Link":"https://maps.google.com/?cid=12494170688165565176&g_mp=Cidnb29nbGUubWFwcy5wbGFjZXMudjEuUGxhY2VzLlNlYXJjaFRleHQQAhgEIAA"}},{"type":"Feature","geometry":{"type":"Point","coordinates":[73.8166277,19.984567]},"properties":{"Taluka":"Nashik","Zone":"Indira Nagar / Eklahare","Category":"Kirana / General Store","Name":"Aware Kirana & General....","Type":"General Store","Rating":"4.2","Review Count":"18","Phone":"0253 241 9444","Address":"Shop no 1, near sonali Cosmetic, Samta Nagar, Nashik, Maharashtra 422006, India","Maps Link":"https://maps.google.com/?cid=7618249023527438444&g_mp=Cidnb29nbGUubWFwcy5wbGFjZXMudjEuUGxhY2VzLlNlYXJjaFRleHQQAhgEIAA"}},{"type":"Feature","geometry":{"type":"Point","coordinates":[73.7852349,19.9736334]},"properties":{"Taluka":"Nashik","Zone":"Indira Nagar / Eklahare","Category":"Kirana / General Store","Name":"Cheap Provisions","Type":"Grocery Store","Rating":"4.4","Review Count":"17","Phone":"080874 72278","Address":"Tog Kalyan Apartment, Narayan Park, Kala Nagar, Indira Nagar, Nashik, Maharashtra 422009, India","Maps Link":"https://maps.google.com/?cid=12148728564412897573&g_mp=Cidnb29nbGUubWFwcy5wbGFjZXMudjEuUGxhY2VzLlNlYXJjaFRleHQQAhgEIAA"}},{"type":"Feature","geometry":{"type":"Point","coordinates":[73.8518471,19.9527487]},"properties":{"Taluka":"Nashik","Zone":"Indira Nagar / Eklahare","Category":"Kirana / General Store","Name":"Dhanshree Kirana And Gen store","Type":"Grocery Store","Rating":"5","Review Count":"1","Address":"2, Shrikrishna Nagar Aringale Mala, Eklahara Rd, nr. Mohite Park Hotel, Bridge Nagar, Nashik, Maharashtra 422101, India","Maps Link":"https://maps.google.com/?cid=8564042088266664217&g_mp=Cidnb29nbGUubWFwcy5wbGFjZXMudjEuUGxhY2VzLlNlYXJjaFRleHQQAhgEIAA"}},{"type":"Feature","geometry":{"type":"Point","coordinates":[73.8593154,19.9366954]},"properties":{"Taluka":"Nashik","Zone":"Indira Nagar / Eklahare","Category":"Kirana / General Store","Name":"Gokul Kirana General Store","Type":"General Store","Rating":"5","Review Count":"1","Phone":"070575 16602","Address":"Chehedi Jakatnaka, Shop No.10, Chehdi, Nashik, Maharashtra 422101, India","Maps Link":"https://maps.google.com/?cid=9588676181388849590&g_mp=Cidnb29nbGUubWFwcy5wbGFjZXMudjEuUGxhY2VzLlNlYXJjaFRleHQQAhgEIAA"}},{"type":"Feature","geometry":{"type":"Point","coordinates":[73.7928295,19.9933753]},"properties":{"Taluka":"Nashik","Zone":"Indira Nagar / Eklahare","Category":"Kirana / General Store","Name":"Guddu Kirana And General Store","Type":"General Store","Rating":"2.7","Review Count":"3","Phone":"099211 68248","Address":"Shop No 3, Hari Nagari Society, Pune Rd, Dwarka Circle, Renuka Nagar, Nashik, Maharashtra 422001, India","Maps Link":"https://maps.google.com/?cid=11055039089574747581&g_mp=Cidnb29nbGUubWFwcy5wbGFjZXMudjEuUGxhY2VzLlNlYXJjaFRleHQQAhgEIAA"}},{"type":"Feature","geometry":{"type":"Point","coordinates":[73.844291,19.9720902]},"properties":{"Taluka":"Nashik","Zone":"Indira Nagar / Eklahare","Category":"Kirana / General Store","Name":"Herab Kirana And General Stores","Type":"General Store","Rating":"4.1","Review Count":"9","Phone":"084466 90040","Address":"XRCV+RPM, Jail Rd, Bhagva Chowk, Maratha Nagar, Nashik, Maharashtra 422101, India","Maps Link":"https://maps.google.com/?cid=13428950190924451653&g_mp=Cidnb29nbGUubWFwcy5wbGFjZXMudjEuUGxhY2VzLlNlYXJjaFRleHQQAhgEIAA"}},{"type":"Feature","geometry":{"type":"Point","coordinates":[73.8348221,19.9696923]},"properties":{"Taluka":"Nashik","Zone":"Indira Nagar / Eklahare","Category":"Kirana / General Store","Name":"Irfan Kirana And General Store","Type":"General Store","Rating":"4.8","Review Count":"9","Phone":"095959 29525","Address":"Indira Nagar Canal Road, Jail Rd, Nashik Road, Nashik, Maharashtra 422101, India","Maps Link":"https://maps.google.com/?cid=2404647356309949608&g_mp=Cidnb29nbGUubWFwcy5wbGFjZXMudjEuUGxhY2VzLlNlYXJjaFRleHQQAhgEIAA"}},{"type":"Feature","geometry":{"type":"Point","coordinates":[73.8576729,19.964505]},"properties":{"Taluka":"Nashik","Zone":"Indira Nagar / Eklahare","Category":"Kirana / General Store","Name":"Jay Babaji Kirana & General Stores","Type":"General Store","Rating":"3.8","Review Count":"4","Phone":"098819 39336","Address":"Eklahara Rd, Opp. Railway Traction, Nashik, Maharashtra 422101, India","Maps Link":"https://maps.google.com/?cid=8983304742753414365&g_mp=Cidnb29nbGUubWFwcy5wbGFjZXMudjEuUGxhY2VzLlNlYXJjaFRleHQQAhgEIAA"}},{"type":"Feature","geometry":{"type":"Point","coordinates":[73.784489,19.97198]},"properties":{"Taluka":"Nashik","Zone":"Indira Nagar / Eklahare","Category":"Kirana / General Store","Name":"KOKAN GENERAL STORE","Type":"General Store","Review Count":"0","Phone":"070204 53105","Address":"Shop No 1, Shant Kiran Bungalow, Rathchakra Chowk, Indira Nagar, Nashik, Maharashtra 422009, India","Maps Link":"https://maps.google.com/?cid=13971565861287118823&g_mp=Cidnb29nbGUubWFwcy5wbGFjZXMudjEuUGxhY2VzLlNlYXJjaFRleHQQAhgEIAA"}},{"type":"Feature","geometry":{"type":"Point","coordinates":[73.8097029,19.9776654]},"properties":{"Taluka":"Nashik","Zone":"Indira Nagar / Eklahare","Category":"Kirana / General Store","Name":"Khushbu Kirana And Provision Stores UMAR AHMAD PATHAN","Type":"General Store","Rating":"5","Review Count":"1","Phone":"088888 25552","Address":"Shop No 3 Shivaji Nagar, Nashik - Pune Rd, Samta Nagar, Nashik, Maharashtra 422006, India","Maps Link":"https://maps.google.com/?cid=4740003487279124021&g_mp=Cidnb29nbGUubWFwcy5wbGFjZXMudjEuUGxhY2VzLlNlYXJjaFRleHQQAhgEIAA"}},{"type":"Feature","geometry":{"type":"Point","coordinates":[73.8801301,19.9836104]},"properties":{"Taluka":"Nashik","Zone":"Indira Nagar / Eklahare","Category":"Kirana / General Store","Name":"Mahavir Kirana Store","Type":"Asian Grocery Store","Rating":"5","Review Count":"1","Address":"Mahavir kirana ntps market, NTPS Colony, Eklahare, Maharashtra 422105, India","Maps Link":"https://maps.google.com/?cid=7069788550404767744&g_mp=Cidnb29nbGUubWFwcy5wbGFjZXMudjEuUGxhY2VzLlNlYXJjaFRleHQQAhgEIAA"}},{"type":"Feature","geometry":{"type":"Point","coordinates":[73.7848617,19.9722323]},"properties":{"Taluka":"Nashik","Zone":"Indira Nagar / Eklahare","Category":"Kirana / General Store","Name":"Mayuresh General Store","Type":"Grocery Store","Rating":"5","Review Count":"1","Phone":"089992 55263","Address":"Rathchakra Chowk, Kala Nagar, Indira Nagar, Nashik, Maharashtra 422009, India","Maps Link":"https://maps.google.com/?cid=7053060274091715163&g_mp=Cidnb29nbGUubWFwcy5wbGFjZXMudjEuUGxhY2VzLlNlYXJjaFRleHQQAhgEIAA"}},{"type":"Feature","geometry":{"type":"Point","coordinates":[73.7816181,19.9729534]},"properties":{"Taluka":"Nashik","Zone":"Indira Nagar / Eklahare","Category":"Kirana / General Store","Name":"NILESH PANDURANG WANI FRESH KIRANA","Type":"General Store","Rating":"4.3","Review Count":"6","Phone":"072768 22522","Address":"Shop No 1, Rohan Appt Charwakchauk, Charwak Chowk, Indira Nagar, Nashik, Maharashtra 422009, India","Maps Link":"https://maps.google.com/?cid=2546914591576029639&g_mp=Cidnb29nbGUubWFwcy5wbGFjZXMudjEuUGxhY2VzLlNlYXJjaFRleHQQAhgEIAA"}},{"type":"Feature","geometry":{"type":"Point","coordinates":[73.782296,19.969317]},"properties":{"Taluka":"Nashik","Zone":"Indira Nagar / Eklahare","Category":"Kirana / General Store","Name":"Om Sai Provision","Type":"General Store","Rating":"4.5","Review Count":"2","Phone":"099221 55982","Address":"Shop No. 2, Shreeyog Complex, Raje Chhatrapati Chowk, Indira Nagar, Nashik, Maharashtra 422009, India","Maps Link":"https://maps.google.com/?cid=1989349564994196892&g_mp=Cidnb29nbGUubWFwcy5wbGFjZXMudjEuUGxhY2VzLlNlYXJjaFRleHQQAhgEIAA"}},{"type":"Feature","geometry":{"type":"Point","coordinates":[73.8754449,19.9679487]},"properties":{"Taluka":"Nashik","Zone":"Indira Nagar / Eklahare","Category":"Kirana / General Store","Name":"Om sakshi Kirana & General Store","Type":"General Store","Rating":"4.9","Review Count":"17","Phone":"093565 51303","Address":"Samangaon gavthan, XV9G+55G, Nashik Road, Samangaon, Maharashtra 422105, India","Maps Link":"https://maps.google.com/?cid=7226567594153066906&g_mp=Cidnb29nbGUubWFwcy5wbGFjZXMudjEuUGxhY2VzLlNlYXJjaFRleHQQAhgEIAA"}},{"type":"Feature","geometry":{"type":"Point","coordinates":[73.780556,19.9572844]},"properties":{"Taluka":"Nashik","Zone":"Indira Nagar / Eklahare","Category":"Kirana / General Store","Name":"Prakash Kirana","Type":"General Store","Rating":"5","Review Count":"1","Phone":"090218 21208","Address":"No 3, Indira Nagar, Pathardi Phata, Nashik, Maharashtra 422102, India","Maps Link":"https://maps.google.com/?cid=14369274798996999516&g_mp=Cidnb29nbGUubWFwcy5wbGFjZXMudjEuUGxhY2VzLlNlYXJjaFRleHQQAhgEIAA"}},{"type":"Feature","geometry":{"type":"Point","coordinates":[73.7817631,19.9762847]},"properties":{"Taluka":"Nashik","Zone":"Indira Nagar / Eklahare","Category":"Kirana / General Store","Name":"Ratnayog Provision & General Stores","Type":"General Store","Rating":"4.8","Review Count":"6","Phone":"099217 77699","Address":"Shop No.3, Rudreshwar Apartment, Gajanan Maharaj Mandir Rd, Shastri Nagar Bus Stop,Opp.Mahila Bank, Kamod Nagar, Indira Nagar, Nashik, Maharashtra 422009, India","Maps Link":"https://maps.google.com/?cid=13743064318782297393&g_mp=Cidnb29nbGUubWFwcy5wbGFjZXMudjEuUGxhY2VzLlNlYXJjaFRleHQQAhgEIAA"}},{"type":"Feature","geometry":{"type":"Point","coordinates":[73.8785713,19.976396]},"properties":{"Taluka":"Nashik","Zone":"Indira Nagar / Eklahare","Category":"Kirana / General Store","Name":"Rode Kirana Stores","Type":"General Store","Rating":"4.3","Review Count":"6","Phone":"088883 99183","Address":"Road, Sidharth Nagar, gate N-1, Eklahare, Nashik, Maharashtra 422105, India","Maps Link":"https://maps.google.com/?cid=3237217081100682821&g_mp=Cidnb29nbGUubWFwcy5wbGFjZXMudjEuUGxhY2VzLlNlYXJjaFRleHQQAhgEIAA"}},{"type":"Feature","geometry":{"type":"Point","coordinates":[73.7855709,19.992479]},"properties":{"Taluka":"Nashik","Zone":"Indira Nagar / Eklahare","Category":"Kirana / General Store","Name":"SHREE FAST FOOD GENERAL AND PROVISION STORES","Type":"General Store","Rating":"4.5","Review Count":"6","Phone":"075881 09188","Address":"XQRP+X6W, Gurudwara Road, Shingada Talav, Renuka Nagar, Nashik, Maharashtra 422001, India","Maps Link":"https://maps.google.com/?cid=17361584087355258204&g_mp=Cidnb29nbGUubWFwcy5wbGFjZXMudjEuUGxhY2VzLlNlYXJjaFRleHQQAhgEIAA"}},{"type":"Feature","geometry":{"type":"Point","coordinates":[73.7853243,19.972812]},"properties":{"Taluka":"Nashik","Zone":"Indira Nagar / Eklahare","Category":"Kirana / General Store","Name":"Sadguru Medical & General Store","Type":"Medical Center","Rating":"5","Review Count":"1","Phone":"086002 91268","Address":"Shop no 1,2, yash tara apartment, Wadala - Pathardi Rd, Narayan Park, Kala Nagar, Indira Nagar, Nashik, Maharashtra 422009, India","Maps Link":"https://maps.google.com/?cid=13915863484951729204&g_mp=Cidnb29nbGUubWFwcy5wbGFjZXMudjEuUGxhY2VzLlNlYXJjaFRleHQQAhgEIAA"}},{"type":"Feature","geometry":{"type":"Point","coordinates":[73.7794104,19.9698142]},"properties":{"Taluka":"Nashik","Zone":"Indira Nagar / Eklahare","Category":"Kirana / General Store","Name":"Samarth Provision Store","Type":"General Store","Rating":"4","Review Count":"27","Phone":"082758 93431","Address":"Shop No 03, Police Station, near Old, Indira Nagar, Nashik, Maharashtra 422009, India","Maps Link":"https://maps.google.com/?cid=6262208984845258621&g_mp=Cidnb29nbGUubWFwcy5wbGFjZXMudjEuUGxhY2VzLlNlYXJjaFRleHQQAhgEIAA"}},{"type":"Feature","geometry":{"type":"Point","coordinates":[73.836569,19.976546]},"properties":{"Taluka":"Nashik","Zone":"Indira Nagar / Eklahare","Category":"Kirana / General Store","Name":"Saptashrungi Kirana & General Store","Type":"General Store","Rating":"3","Review Count":"2","Phone":"095959 47219","Address":"XRGP+JJ8, Near Indira Gandhi Statue, Aadhav Nagar, Narayan Bapu Nager, Nashik, Maharashtra 422101, India","Maps Link":"https://maps.google.com/?cid=17826662716193486711&g_mp=Cidnb29nbGUubWFwcy5wbGFjZXMudjEuUGxhY2VzLlNlYXJjaFRleHQQAhgEIAA"}},{"type":"Feature","geometry":{"type":"Point","coordinates":[73.7864237,19.9718449]},"properties":{"Taluka":"Nashik","Zone":"Indira Nagar / Eklahare","Category":"Kirana / General Store","Name":"Shivani Kirana & General Stores","Type":"General Store","Rating":"4.5","Review Count":"2","Phone":"093720 74027","Address":"Virag Plaza, 9, Behind Rath Chakra Society, Indira Nagar, Nashik, Maharashtra 422009, India","Maps Link":"https://maps.google.com/?cid=8039545937133174887&g_mp=Cidnb29nbGUubWFwcy5wbGFjZXMudjEuUGxhY2VzLlNlYXJjaFRleHQQAhgEIAA"}},{"type":"Feature","geometry":{"type":"Point","coordinates":[73.7815924,19.9752312]},"properties":{"Taluka":"Nashik","Zone":"Indira Nagar / Eklahare","Category":"Kirana / General Store","Name":"Shrddha Kirana And General Stores","Type":"General Store","Review Count":"0","Phone":"092719 63840","Address":"Shop No 6 Shivaji Maharaj Kaman, Indira Nagar, Nashik, Maharashtra 422009, India","Maps Link":"https://maps.google.com/?cid=2075750986353229253&g_mp=Cidnb29nbGUubWFwcy5wbGFjZXMudjEuUGxhY2VzLlNlYXJjaFRleHQQAhgEIAA"}},{"type":"Feature","geometry":{"type":"Point","coordinates":[73.8584696,19.9780738]},"properties":{"Taluka":"Nashik","Zone":"Indira Nagar / Eklahare","Category":"Kirana / General Store","Name":"Shree Gajanan Kirana And General Stores","Type":"General Store","Rating":"4.5","Review Count":"8","Phone":"090289 18090","Address":"Shree, Angarika Society, Near, Jail Rd, Pragathi Nagar, Panchak, Nashik, Maharashtra 422101, India","Maps Link":"https://maps.google.com/?cid=10336771220199393339&g_mp=Cidnb29nbGUubWFwcy5wbGFjZXMudjEuUGxhY2VzLlNlYXJjaFRleHQQAhgEIAA"}},{"type":"Feature","geometry":{"type":"Point","coordinates":[73.7865811,19.9718]},"properties":{"Taluka":"Nashik","Zone":"Indira Nagar / Eklahare","Category":"Kirana / General Store","Name":"Shrungar General Store","Type":"General Store","Review Count":"0","Phone":"097673 04144","Address":"Shop No 6, Virag Plaza, Chintamani Colony, Indira Nagar, Nashik, Maharashtra 422009, India","Maps Link":"https://maps.google.com/?cid=9773336107931298530&g_mp=Cidnb29nbGUubWFwcy5wbGFjZXMudjEuUGxhY2VzLlNlYXJjaFRleHQQAhgEIAA"}},{"type":"Feature","geometry":{"type":"Point","coordinates":[73.7868907,19.9741835]},"properties":{"Taluka":"Nashik","Zone":"Indira Nagar / Eklahare","Category":"Kirana / General Store","Name":"TATHASTU POOJA BHANDAR","Type":"General Store","Rating":"4.2","Review Count":"6","Phone":"098604 89421","Address":"Shop No 1, Ganesh Apt, Near Bapu Bunglow, Indira Nagar, Nashik, Maharashtra 422009, India","Maps Link":"https://maps.google.com/?cid=8352723462508610380&g_mp=Cidnb29nbGUubWFwcy5wbGFjZXMudjEuUGxhY2VzLlNlYXJjaFRleHQQAhgEIAA"}},{"type":"Feature","geometry":{"type":"Point","coordinates":[73.7841098,19.9714241]},"properties":{"Taluka":"Nashik","Zone":"Indira Nagar / Eklahare","Category":"Kirana / General Store","Name":"Valmik Provision Store","Type":"Grocery Store","Rating":"5","Review Count":"7","Address":"Mongiri Apartment, Pathardi Rd, Rathchakra Chowk, Indira Nagar, Nashik, Maharashtra 422009, India","Maps Link":"https://maps.google.com/?cid=393061898435385457&g_mp=Cidnb29nbGUubWFwcy5wbGFjZXMudjEuUGxhY2VzLlNlYXJjaFRleHQQAhgEIAA"}},{"type":"Feature","geometry":{"type":"Point","coordinates":[73.9230733,19.9997769]},"properties":{"Taluka":"Nashik","Zone":"Indira Nagar / Eklahare","Category":"Kirana / General Store","Name":"Walve Kirana Lakhalgaon","Type":"Grocery Store","Rating":"3.7","Review Count":"41","Phone":"096048 41548","Address":"Nashik - Aurangabad, Road, Lakhalgaon, Maharashtra 422003, India","Maps Link":"https://maps.google.com/?cid=9278631314808508339&g_mp=Cidnb29nbGUubWFwcy5wbGFjZXMudjEuUGxhY2VzLlNlYXJjaFRleHQQAhgEIAA"}},{"type":"Feature","geometry":{"type":"Point","coordinates":[73.8478768,19.9837244]},"properties":{"Taluka":"Nashik","Zone":"Indira Nagar / Eklahare","Category":"Kirana / General Store","Name":"YOGESHWAR KIRANA AND GENERAL STORE","Type":"Grocery Store","Rating":"4.4","Review Count":"5","Phone":"088304 83897","Address":"Shop No.3 Shubham Park, Road, Jail Rd, Panchak, Nashik, Maharashtra 422101, India","Maps Link":"https://maps.google.com/?cid=3510789050285892685&g_mp=Cidnb29nbGUubWFwcy5wbGFjZXMudjEuUGxhY2VzLlNlYXJjaFRleHQQAhgEIAA"}},{"type":"Feature","geometry":{"type":"Point","coordinates":[73.8531877,19.9624429]},"properties":{"Taluka":"Nashik","Zone":"Indira Nagar / Eklahare","Category":"Other Grocery Shop","Name":"Brand vision Anant super market","Type":"Grocery Store","Rating":"4.6","Review Count":"5","Phone":"083690 19234","Address":"Eklahra road, sai nagar, Mankar Mala, Nashik Road, Nashik, Maharashtra 422101, India","Maps Link":"https://maps.google.com/?cid=1386295396769836077&g_mp=Cidnb29nbGUubWFwcy5wbGFjZXMudjEuUGxhY2VzLlNlYXJjaFRleHQQAhgEIAA"}},{"type":"Feature","geometry":{"type":"Point","coordinates":[73.7860137,19.9732038]},"properties":{"Taluka":"Nashik","Zone":"Indira Nagar / Eklahare","Category":"Other Grocery Shop","Name":"Janta Foods","Type":"Food Store","Rating":"5","Review Count":"32","Phone":"077580 99992","Address":"d33,madhusudan park near bapu bunglow, Indira Nagar, Nashik, Maharashtra 422009, India","Maps Link":"https://maps.google.com/?cid=1141292392724977933&g_mp=Cidnb29nbGUubWFwcy5wbGFjZXMudjEuUGxhY2VzLlNlYXJjaFRleHQQAhgEIAA"}},{"type":"Feature","geometry":{"type":"Point","coordinates":[73.7855108,19.9730338]},"properties":{"Taluka":"Nashik","Zone":"Indira Nagar / Eklahare","Category":"Other Grocery Shop","Name":"M. Vasant Traders","Type":"Grocery Store","Rating":"5","Review Count":"4","Phone":"094206 03753","Address":"XQFP+666, Sai Park, Kala Nagar, Indira Nagar, Nashik, Maharashtra 422009, India","Maps Link":"https://maps.google.com/?cid=13194572718431680853&g_mp=Cidnb29nbGUubWFwcy5wbGFjZXMudjEuUGxhY2VzLlNlYXJjaFRleHQQAhgEIAA"}},{"type":"Feature","geometry":{"type":"Point","coordinates":[73.7817555,19.9686464]},"properties":{"Taluka":"Nashik","Zone":"Indira Nagar / Eklahare","Category":"Other Grocery Shop","Name":"Matoshree Super Market","Type":"Grocery Store","Rating":"4.3","Review Count":"44","Address":"Nilam Primiera, Kalanagar Chowk Signal, opposite Kotak Mahindra Bank, Pandav Nagari, Indira Nagar, Nashik, Maharashtra 422009, India","Maps Link":"https://maps.google.com/?cid=17914852708968945696&g_mp=Cidnb29nbGUubWFwcy5wbGFjZXMudjEuUGxhY2VzLlNlYXJjaFRleHQQAhgEIAA"}},{"type":"Feature","geometry":{"type":"Point","coordinates":[73.5309406,19.932659]},"properties":{"Taluka":"Trimbakeshwar","Zone":"Trimbakeshwar Town","Category":"Kirana / General Store","Name":"ABHISHEK RAMESH BODKE & General Store","Type":"General Store","Rating":"3","Review Count":"3","Phone":"078881 54151","Address":"Shop No. 1, Talwade, Trabkeshwar, Trimbak, Maharashtra 422212, India","Maps Link":"https://maps.google.com/?cid=296085736849932288&g_mp=Cidnb29nbGUubWFwcy5wbGFjZXMudjEuUGxhY2VzLlNlYXJjaFRleHQQAhgEIAA"}},{"type":"Feature","geometry":{"type":"Point","coordinates":[73.587718,19.9504227]},"properties":{"Taluka":"Trimbakeshwar","Zone":"Trimbakeshwar Town","Category":"Kirana / General Store","Name":"Chetan General Store","Type":"General Store","Review Count":"0","Phone":"096230 79791","Address":"Trimbakeshwar Rd, Anjaneri, Maharashtra 422213, India","Maps Link":"https://maps.google.com/?cid=6067619755886387883&g_mp=Cidnb29nbGUubWFwcy5wbGFjZXMudjEuUGxhY2VzLlNlYXJjaFRleHQQAhgEIAA"}},{"type":"Feature","geometry":{"type":"Point","coordinates":[73.4869089,19.9312991]},"properties":{"Taluka":"Trimbakeshwar","Zone":"Trimbakeshwar Town","Category":"Kirana / General Store","Name":"Darshana kirana store","Type":"General Store","Rating":"3.7","Review Count":"3","Phone":"093704 62104","Address":"Talegaon, त्रिंबक, टाळेगांव त्रिंबक, महाराष्ट्र 422212, India","Maps Link":"https://maps.google.com/?cid=11661683676625537104&g_mp=Cidnb29nbGUubWFwcy5wbGFjZXMudjEuUGxhY2VzLlNlYXJjaFRleHQQAhgEIAA"}},{"type":"Feature","geometry":{"type":"Point","coordinates":[73.4921679,19.9473734]},"properties":{"Taluka":"Trimbakeshwar","Zone":"Trimbakeshwar Town","Category":"Kirana / General Store","Name":"Kachurli Kirana And General Store","Type":"General Store","Review Count":"0","Address":"WFWR+WVV Kachurli Kirana General Store, Kachurli Main Road, Trimbak, Kachorli, Maharashtra 422212, India","Maps Link":"https://maps.google.com/?cid=4192093214859770679&g_mp=Cidnb29nbGUubWFwcy5wbGFjZXMudjEuUGxhY2VzLlNlYXJjaFRleHQQAhgEIAA"}},{"type":"Feature","geometry":{"type":"Point","coordinates":[73.451573,19.9256144]},"properties":{"Taluka":"Trimbakeshwar","Zone":"Trimbakeshwar Town","Category":"Kirana / General Store","Name":"Krushna Kirana Store","Type":"Store","Review Count":"0","Phone":"080807 30844","Address":"Jambhulwadi harihar fort, Kalmuste, Talegaon Trimbak, Maharashtra 422212, India","Maps Link":"https://maps.google.com/?cid=11267945814346881372&g_mp=Cidnb29nbGUubWFwcy5wbGFjZXMudjEuUGxhY2VzLlNlYXJjaFRleHQQAhgEIAA"}},{"type":"Feature","geometry":{"type":"Point","coordinates":[73.5325269,19.9370539]},"properties":{"Taluka":"Trimbakeshwar","Zone":"Trimbakeshwar Town","Category":"Kirana / General Store","Name":"Lokhande kirana and genral store","Type":"Grocery Store","Review Count":"0","Address":"WGPM+R2C, Jawar Rd, Trimbak, Maharashtra 422212, India","Maps Link":"https://maps.google.com/?cid=3631510237370769140&g_mp=Cidnb29nbGUubWFwcy5wbGFjZXMudjEuUGxhY2VzLlNlYXJjaFRleHQQAhgEIAA"}},{"type":"Feature","geometry":{"type":"Point","coordinates":[73.5305188,19.9326875]},"properties":{"Taluka":"Trimbakeshwar","Zone":"Trimbakeshwar Town","Category":"Kirana / General Store","Name":"MANGAL MURTI POOJA BHANDAR","Type":"General Store","Rating":"5","Review Count":"1","Phone":"091469 49678","Address":"Shop No 1, near Nutan Rajkamal Hotel, Trambakeshwar, Nashik, Trimbak, Maharashtra 422212, India","Maps Link":"https://maps.google.com/?cid=8403816843473043164&g_mp=Cidnb29nbGUubWFwcy5wbGFjZXMudjEuUGxhY2VzLlNlYXJjaFRleHQQAhgEIAA"}},{"type":"Feature","geometry":{"type":"Point","coordinates":[73.514055,19.9583283]},"properties":{"Taluka":"Trimbakeshwar","Zone":"Trimbakeshwar Town","Category":"Kirana / General Store","Name":"Machindra Nath Kirana","Type":"General Store","Rating":"5","Review Count":"1","Phone":"093708 07094","Address":"Talegaon, Sapgon, Maharashtra 422212, India","Maps Link":"https://maps.google.com/?cid=15863528317534478588&g_mp=Cidnb29nbGUubWFwcy5wbGFjZXMudjEuUGxhY2VzLlNlYXJjaFRleHQQAhgEIAA"}},{"type":"Feature","geometry":{"type":"Point","coordinates":[73.5313745,19.9338682]},"properties":{"Taluka":"Trimbakeshwar","Zone":"Trimbakeshwar Town","Category":"Kirana / General Store","Name":"Mahadev Medical and General Stores Front of bus stand ,Trimbakeshwar","Type":"Store","Rating":"5","Review Count":"7","Phone":"083298 43331","Address":"near Taxi Stand,front of bus stand, Trimbak, Maharashtra 422212, India","Maps Link":"https://maps.google.com/?cid=16569233857749855004&g_mp=Cidnb29nbGUubWFwcy5wbGFjZXMudjEuUGxhY2VzLlNlYXJjaFRleHQQAhgEIAA"}},{"type":"Feature","geometry":{"type":"Point","coordinates":[73.5260104,19.932782]},"properties":{"Taluka":"Trimbakeshwar","Zone":"Trimbakeshwar Town","Category":"Kirana / General Store","Name":"Mahajan General Store","Type":"General Store","Rating":"3","Review Count":"1","Phone":"098817 94525","Address":"1, Mahajan Chowk, Trimbak, Maharashtra 422212, India","Maps Link":"https://maps.google.com/?cid=18393644228864225902&g_mp=Cidnb29nbGUubWFwcy5wbGFjZXMudjEuUGxhY2VzLlNlYXJjaFRleHQQAhgEIAA"}},{"type":"Feature","geometry":{"type":"Point","coordinates":[73.532167,19.9347381]},"properties":{"Taluka":"Trimbakeshwar","Zone":"Trimbakeshwar Town","Category":"Kirana / General Store","Name":"Mauli Kirana Stores","Type":"Grocery Store","Rating":"5","Review Count":"1","Phone":"096041 87698","Address":"Shop No.25 Venketes Sankul, Trimkeshwar, Nashik, Trimbak, Maharashtra 422212, India","Maps Link":"https://maps.google.com/?cid=17664538230947414051&g_mp=Cidnb29nbGUubWFwcy5wbGFjZXMudjEuUGxhY2VzLlNlYXJjaFRleHQQAhgEIAA"}},{"type":"Feature","geometry":{"type":"Point","coordinates":[73.5281761,19.9338692]},"properties":{"Taluka":"Trimbakeshwar","Zone":"Trimbakeshwar Town","Category":"Kirana / General Store","Name":"NMC Vaishanvi General Store","Type":"General Store","Review Count":"0","Phone":"098500 46880","Address":"Shop No 01 Near Teli Galli, Bhagwati Chowk, Main Rd, near Nivruttinath Mandir, Trimbak, Maharashtra 422212, India","Maps Link":"https://maps.google.com/?cid=10969475635475324373&g_mp=Cidnb29nbGUubWFwcy5wbGFjZXMudjEuUGxhY2VzLlNlYXJjaFRleHQQAhgEIAA"}},{"type":"Feature","geometry":{"type":"Point","coordinates":[73.5473943,19.9438585]},"properties":{"Taluka":"Trimbakeshwar","Zone":"Trimbakeshwar Town","Category":"Kirana / General Store","Name":"PAWAN GAJANAN GENERAL STORE","Type":"General Store","Rating":"3.3","Review Count":"3","Phone":"098508 08402","Address":"Pawan gajanan general store, opposite to swami samarth kaman highway Pegalwadi, fata, Trimbakeshwar, Trimbak, Maharashtra 422212, India","Maps Link":"https://maps.google.com/?cid=3539471017438478561&g_mp=Cidnb29nbGUubWFwcy5wbGFjZXMudjEuUGxhY2VzLlNlYXJjaFRleHQQAhgEIAA"}},{"type":"Feature","geometry":{"type":"Point","coordinates":[73.5363557,19.9373638]},"properties":{"Taluka":"Trimbakeshwar","Zone":"Trimbakeshwar Town","Category":"Kirana / General Store","Name":"Raykar General Store","Type":"Home Goods Store","Rating":"5","Review Count":"2","Address":"Unnamed Road, Koroli, Trimbak, Maharashtra 422212, India","Maps Link":"https://maps.google.com/?cid=13459285862171507054&g_mp=Cidnb29nbGUubWFwcy5wbGFjZXMudjEuUGxhY2VzLlNlYXJjaFRleHQQAhgEIAA"}},{"type":"Feature","geometry":{"type":"Point","coordinates":[73.5513892,19.9443606]},"properties":{"Taluka":"Trimbakeshwar","Zone":"Trimbakeshwar Town","Category":"Kirana / General Store","Name":"SAIRAM KIRANA STORE","Type":"General Store","Rating":"3.8","Review Count":"5","Phone":"070576 02570","Address":"Sairam Kirana Store, Petal Wadi Stop, Trimbak Road, Pegalwadi, Maharashtra 422213, India","Maps Link":"https://maps.google.com/?cid=8582114746113566094&g_mp=Cidnb29nbGUubWFwcy5wbGFjZXMudjEuUGxhY2VzLlNlYXJjaFRleHQQAhgEIAA"}},{"type":"Feature","geometry":{"type":"Point","coordinates":[73.5289511,19.931299]},"properties":{"Taluka":"Trimbakeshwar","Zone":"Trimbakeshwar Town","Category":"Kirana / General Store","Name":"Sachin Kirana & janral store's","Type":"Grocery Store","Rating":"5","Review Count":"2","Phone":"098220 92405","Address":"Trimbak, Maharashtra 422212, India","Maps Link":"https://maps.google.com/?cid=5199565498235051000&g_mp=Cidnb29nbGUubWFwcy5wbGFjZXMudjEuUGxhY2VzLlNlYXJjaFRleHQQAhgEIAA"}},{"type":"Feature","geometry":{"type":"Point","coordinates":[73.5124769,19.9601029]},"properties":{"Taluka":"Trimbakeshwar","Zone":"Trimbakeshwar Town","Category":"Kirana / General Store","Name":"Sainath Kirana","Type":"General Store","Review Count":"0","Phone":"094209 82545","Address":"Sainath Kirana, 2 Saapgaon Phata, Trimbakeshwar Road, Sapgon, Maharashtra 422212, India","Maps Link":"https://maps.google.com/?cid=5395970695742709379&g_mp=Cidnb29nbGUubWFwcy5wbGFjZXMudjEuUGxhY2VzLlNlYXJjaFRleHQQAhgEIAA"}},{"type":"Feature","geometry":{"type":"Point","coordinates":[73.5515326,19.9444673]},"properties":{"Taluka":"Trimbakeshwar","Zone":"Trimbakeshwar Town","Category":"Kirana / General Store","Name":"Saptashrungi General Store &Tea Stall","Type":"General Store","Rating":"3.7","Review Count":"121","Phone":"077094 09143","Address":"WHV2+QJM, Ghoti Trimbak Rd, Pegalwadi, Maharashtra 422213, India","Maps Link":"https://maps.google.com/?cid=17483223602937895739&g_mp=Cidnb29nbGUubWFwcy5wbGFjZXMudjEuUGxhY2VzLlNlYXJjaFRleHQQAhgEIAA"}},{"type":"Feature","geometry":{"type":"Point","coordinates":[73.5321037,19.9342204]},"properties":{"Taluka":"Trimbakeshwar","Zone":"Trimbakeshwar Town","Category":"Kirana / General Store","Name":"Saptrashungi Moblies and Kirana and CSC centre","Type":"Cell Phone Store","Rating":"5","Review Count":"3","Address":"near Buss stand, Ambedkar Chowk, Trimbak, Maharashtra 422212, India","Maps Link":"https://maps.google.com/?cid=11163199380179044485&g_mp=Cidnb29nbGUubWFwcy5wbGFjZXMudjEuUGxhY2VzLlNlYXJjaFRleHQQAhgEIAA"}},{"type":"Feature","geometry":{"type":"Point","coordinates":[73.53078,19.9327372]},"properties":{"Taluka":"Trimbakeshwar","Zone":"Trimbakeshwar Town","Category":"Kirana / General Store","Name":"Shree Prasad Bhandar","Type":"General Store","Rating":"4","Review Count":"2","Phone":"096045 77580","Address":"Chatrapati Shivaji Chowk Trimbakeshwar, Shop No 1, near Trimbakeshwar Temple, Trimbak, Maharashtra 422212, India","Maps Link":"https://maps.google.com/?cid=7191956186547335653&g_mp=Cidnb29nbGUubWFwcy5wbGFjZXMudjEuUGxhY2VzLlNlYXJjaFRleHQQAhgEIAA"}},{"type":"Feature","geometry":{"type":"Point","coordinates":[73.5144583,19.958055]},"properties":{"Taluka":"Trimbakeshwar","Zone":"Trimbakeshwar Town","Category":"Kirana / General Store","Name":"Smata kirana and genral store spagaon fhata","Type":"Grocery Store","Review Count":"0","Address":"XG57+6QG, Sapgaon, Sapgon, Maharashtra 422212, India","Maps Link":"https://maps.google.com/?cid=7035157074484134078&g_mp=Cidnb29nbGUubWFwcy5wbGFjZXMudjEuUGxhY2VzLlNlYXJjaFRleHQQAhgEIAA"}},{"type":"Feature","geometry":{"type":"Point","coordinates":[73.5235049,19.9319338]},"properties":{"Taluka":"Trimbakeshwar","Zone":"Trimbakeshwar Town","Category":"Kirana / General Store","Name":"Sunil General Stores","Type":"General Store","Review Count":"0","Phone":"082751 31081","Address":"Gautami Sankul, Trimbak, Maharashtra 422212, India","Maps Link":"https://maps.google.com/?cid=4635033036441916241&g_mp=Cidnb29nbGUubWFwcy5wbGFjZXMudjEuUGxhY2VzLlNlYXJjaFRleHQQAhgEIAA"}},{"type":"Feature","geometry":{"type":"Point","coordinates":[73.5300725,19.9335781]},"properties":{"Taluka":"Trimbakeshwar","Zone":"Trimbakeshwar Town","Category":"Kirana / General Store","Name":"Swapnil General Store","Type":"General Store","Review Count":"0","Phone":"090119 73156","Address":"Shop No 01, Dhobi Galli, near Bhaji Market, Trimbak, Maharashtra 422212, India","Maps Link":"https://maps.google.com/?cid=13408702322999679116&g_mp=Cidnb29nbGUubWFwcy5wbGFjZXMudjEuUGxhY2VzLlNlYXJjaFRleHQQAhgEIAA"}},{"type":"Feature","geometry":{"type":"Point","coordinates":[73.5305208,19.9333572]},"properties":{"Taluka":"Trimbakeshwar","Zone":"Trimbakeshwar Town","Category":"Kirana / General Store","Name":"Trimbakraj General Stores","Type":"General Store","Rating":"3.5","Review Count":"2","Phone":"093073 39983","Address":"Shop. No 1 Trimbakeshwar, Trimbak, Maharashtra 422212, India","Maps Link":"https://maps.google.com/?cid=17481345692816230665&g_mp=Cidnb29nbGUubWFwcy5wbGFjZXMudjEuUGxhY2VzLlNlYXJjaFRleHQQAhgEIAA"}},{"type":"Feature","geometry":{"type":"Point","coordinates":[73.5321134,19.9349436]},"properties":{"Taluka":"Trimbakeshwar","Zone":"Trimbakeshwar Town","Category":"Kirana / General Store","Name":"Vighnaharta Medical & General Store","Type":"Medical Center","Review Count":"0","Address":"WGMJ+XRH, Trimbak, Maharashtra 422212, India","Maps Link":"https://maps.google.com/?cid=1461594845830900255&g_mp=Cidnb29nbGUubWFwcy5wbGFjZXMudjEuUGxhY2VzLlNlYXJjaFRleHQQAhgEIAA"}},{"type":"Feature","geometry":{"type":"Point","coordinates":[73.531024,19.9330062]},"properties":{"Taluka":"Trimbakeshwar","Zone":"Trimbakeshwar Town","Category":"Other Grocery Shop","Name":"Dnyneshwar Sonar auto service","Type":"Grocery Store","Rating":"5","Review Count":"3","Phone":"090280 14033","Address":"Shivaji Maharaj Statue, Trimbak, Maharashtra 422212, India","Maps Link":"https://maps.google.com/?cid=16718802299804098095&g_mp=Cidnb29nbGUubWFwcy5wbGFjZXMudjEuUGxhY2VzLlNlYXJjaFRleHQQAhgEIAA"}},{"type":"Feature","geometry":{"type":"Point","coordinates":[73.528084,19.93285]},"properties":{"Taluka":"Trimbakeshwar","Zone":"Trimbakeshwar Town","Category":"Other Grocery Shop","Name":"Kushawarta chauk","Type":"Grocery Store","Review Count":"0","Address":"WGMH+55H, Trimbak, Maharashtra 422212, India","Maps Link":"https://maps.google.com/?cid=7445829223599229136&g_mp=Cidnb29nbGUubWFwcy5wbGFjZXMudjEuUGxhY2VzLlNlYXJjaFRleHQQAhgEIAA"}},{"type":"Feature","geometry":{"type":"Point","coordinates":[73.6027018,19.9561546]},"properties":{"Taluka":"Trimbakeshwar","Zone":"Trimbakeshwar Town","Category":"Other Grocery Shop","Name":"Lakshmi Store","Type":"Grocery Store","Rating":"3.1","Review Count":"9","Phone":"077410 75283","Address":"XJ43+F38, Nashik, Anjaneri, Maharashtra 422213, India","Maps Link":"https://maps.google.com/?cid=16766168504455249271&g_mp=Cidnb29nbGUubWFwcy5wbGFjZXMudjEuUGxhY2VzLlNlYXJjaFRleHQQAhgEIAA"}},{"type":"Feature","geometry":{"type":"Point","coordinates":[73.5281166,19.9331372]},"properties":{"Taluka":"Trimbakeshwar","Zone":"Trimbakeshwar Town","Category":"Other Grocery Shop","Name":"M/S. Pandharinath Mahadu Bagade","Type":"Grocery Store","Review Count":"0","Phone":"099221 60184","Address":"Trimbakeshwar, House No 299, Chowk, Main Rd, near Kushawarta, Trimbak, Maharashtra 422212, India","Maps Link":"https://maps.google.com/?cid=9724371552361869505&g_mp=Cidnb29nbGUubWFwcy5wbGFjZXMudjEuUGxhY2VzLlNlYXJjaFRleHQQAhgEIAA"}},{"type":"Feature","geometry":{"type":"Point","coordinates":[73.5319002,19.9341001]},"properties":{"Taluka":"Trimbakeshwar","Zone":"Trimbakeshwar Town","Category":"Other Grocery Shop","Name":"OM Medical Store","Type":"Store","Rating":"4.7","Review Count":"3","Phone":"098902 92920","Address":"WGMJ+JQR, Trimbak, Maharashtra 422212, India","Maps Link":"https://maps.google.com/?cid=442090411657162850&g_mp=Cidnb29nbGUubWFwcy5wbGFjZXMudjEuUGxhY2VzLlNlYXJjaFRleHQQAhgEIAA"}}]}