{"type":"FeatureCollection","features":[{"type":"Feature","geometry":{"type":"Point","coordinates":[73.8004312,20.0073729]},"properties":{"Tier":"1","Taluka":"Nashik","Zone":"Panchavati","Category":"Dharamshala","Name":"Zaveri Khanchand Dharmashala","Type":"Association / Organization","Rating":"3.5","Review Count":"17","Phone":"098817 68131","Address":"2R42+W5V, Takle Nagar, Krishna Nagar, Nashik, Maharashtra 422003, India","Maps Link":"https://maps.google.com/?cid=4570479113722669054&g_mp=Cidnb29nbGUubWFwcy5wbGFjZXMudjEuUGxhY2VzLlNlYXJjaFRleHQQAhgEIAA"}},{"type":"Feature","geometry":{"type":"Point","coordinates":[73.8018113,20.0117402]},"properties":{"Tier":"1","Taluka":"Nashik","Zone":"Panchavati","Category":"Ashram Stay","Name":"Vatsalya Vruddhashram","Type":"Health","Rating":"4.5","Review Count":"208","Phone":"073873 86333","Address":"179/26B, off Hirawadi Road, opp. Dave Sweet & Namkeen, Damodar Nagar, Adgaon Naka, Mahalaxmi Nagar, Nashik, Maharashtra 422003, India","Website":"http://www.vatsalyavruddhashram.org/","Opening Hours":"Monday: Open 24 hours | Tuesday: Open 24 hours | Wednesday: Open 24 hours | Thursday: Open 24 hours | Friday: Open 24 hours | Saturday: Open 24 hours | Sunday: Open 24 hours","Maps Link":"https://maps.google.com/?cid=15729736914014736964&g_mp=Cidnb29nbGUubWFwcy5wbGFjZXMudjEuUGxhY2VzLlNlYXJjaFRleHQQAhgEIAA"}},{"type":"Feature","geometry":{"type":"Point","coordinates":[73.8419116,19.9538892]},"properties":{"Tier":"1","Taluka":"Nashik","Zone":"Panchavati","Category":"Government / PWD Rest House","Name":"Maji Sainik Rest House Nashik Road","Type":"Lodging","Rating":"4.2","Review Count":"100","Address":"Back side of Nasik road Police station, near Jal shudhikaran, near Nasik road fly over bridge, fly over bridge, Police station, near Jal shudhikaran, near Nasik road, Government Colony, Nashik, Maharashtra 422101, India","Website":"http://www.mahasainik.com/","Maps Link":"https://maps.google.com/?cid=16090561576350628709&g_mp=Cidnb29nbGUubWFwcy5wbGFjZXMudjEuUGxhY2VzLlNlYXJjaFRleHQQAhgEIAA"}},{"type":"Feature","geometry":{"type":"Point","coordinates":[73.7904669,20.005228]},"properties":{"Tier":"1","Taluka":"Nashik","Zone":"Panchavati","Category":"Guest House","Name":"Adarsh Guest House","Type":"Guest House","Rating":"3","Review Count":"22","Phone":"0253 259 5455","Address":"Nimani Market, 952, Bohorpatti, Saraf Bazar, Panchavati, Nashik, Maharashtra 422001, India","Maps Link":"https://maps.google.com/?cid=15897945058194347552&g_mp=Cidnb29nbGUubWFwcy5wbGFjZXMudjEuUGxhY2VzLlNlYXJjaFRleHQQAhgEIAA"}},{"type":"Feature","geometry":{"type":"Point","coordinates":[73.7846982,20.0063074]},"properties":{"Tier":"1","Taluka":"Nashik","Zone":"Panchavati","Category":"Guest House","Name":"Atithi Guest House","Type":"Hotel","Rating":"4","Review Count":"148","Phone":"02562 311 196","Address":"2Q4M+GVG, Ashok Stambh, Raviwar Karanja, Panchavati, Nashik, Maharashtra 422002, India","Opening Hours":"Monday: Open 24 hours | Tuesday: Open 24 hours | Wednesday: Open 24 hours | Thursday: Open 24 hours | Friday: Open 24 hours | Saturday: Open 24 hours | Sunday: Open 24 hours","Maps Link":"https://maps.google.com/?cid=3944448757472669312&g_mp=Cidnb29nbGUubWFwcy5wbGFjZXMudjEuUGxhY2VzLlNlYXJjaFRleHQQAhgEIAA"}},{"type":"Feature","geometry":{"type":"Point","coordinates":[73.7565149,19.9465712]},"properties":{"Tier":"1","Taluka":"Nashik","Zone":"Panchavati","Category":"Guest House","Name":"Atithi Niwas Guest House - Driver stay, Homestay and In house Food Service","Type":"Guest House","Rating":"5","Review Count":"2","Phone":"098232 43363","Address":"Shop no.04, S Square, Samruddhi Pk Rd, in front of Radisson Blu Hotel, Girdhar Nagar, Damodar Nagar, Pathardi Phata, Nashik, Maharashtra 422010, India","Maps Link":"https://maps.google.com/?cid=369965519383091385&g_mp=Cidnb29nbGUubWFwcy5wbGFjZXMudjEuUGxhY2VzLlNlYXJjaFRleHQQAhgEIAA"}},{"type":"Feature","geometry":{"type":"Point","coordinates":[73.7902782,20.0049208]},"properties":{"Tier":"1","Taluka":"Nashik","Zone":"Panchavati","Category":"Guest House","Name":"Central Guest House","Type":"Lodging","Rating":"3.6","Review Count":"45","Phone":"0253 250 6205","Address":"957, Bohorpatti, Saraf Bazar, Panchavati, Nashik, Maharashtra 422001, India","Maps Link":"https://maps.google.com/?cid=3988732623214068531&g_mp=Cidnb29nbGUubWFwcy5wbGFjZXMudjEuUGxhY2VzLlNlYXJjaFRleHQQAhgEIAA"}},{"type":"Feature","geometry":{"type":"Point","coordinates":[73.7908754,20.0049066]},"properties":{"Tier":"1","Taluka":"Nashik","Zone":"Panchavati","Category":"Guest House","Name":"G Guest House","Type":"Guest House","Rating":"3.3","Review Count":"24","Phone":"0253 250 9910","Address":"2Q3R+X96, Pagadbandh Ln, near Pagadi Ganapati, Saraf Bazar, Panchavati, Nashik, Maharashtra 422001, India","Maps Link":"https://maps.google.com/?cid=14903320104728193091&g_mp=Cidnb29nbGUubWFwcy5wbGFjZXMudjEuUGxhY2VzLlNlYXJjaFRleHQQAhgEIAA"}},{"type":"Feature","geometry":{"type":"Point","coordinates":[73.8013381,19.9941575]},"properties":{"Tier":"1","Taluka":"Nashik","Zone":"Panchavati","Category":"Guest House","Name":"LIC VIP GUEST HOUSE DWARKA NASHIK","Type":"Guest House","Rating":"5","Review Count":"1","Address":"LIC VIP Guest House (Jeevan Chaya), Bunglow, No 17, Qutbi Masjid Rd, Maneksha Nagar, Dwarka, Nashik, Maharashtra 422011, India","Maps Link":"https://maps.google.com/?cid=722926609920892030&g_mp=Cidnb29nbGUubWFwcy5wbGFjZXMudjEuUGxhY2VzLlNlYXJjaFRleHQQAhgEIAA"}},{"type":"Feature","geometry":{"type":"Point","coordinates":[73.7961106,20.0149785]},"properties":{"Tier":"1","Taluka":"Nashik","Zone":"Panchavati","Category":"Guest House","Name":"NASHIK GUEST HOUSE","Type":"Hotel","Rating":"3.8","Review Count":"33","Phone":"093718 28275","Address":"Kalachowki, Nashik, Maharashtra 422003, India","Maps Link":"https://maps.google.com/?cid=798194403310553707&g_mp=Cidnb29nbGUubWFwcy5wbGFjZXMudjEuUGxhY2VzLlNlYXJjaFRleHQQAhgEIAA"}},{"type":"Feature","geometry":{"type":"Point","coordinates":[73.7845851,19.993221]},"properties":{"Tier":"1","Taluka":"Nashik","Zone":"Panchavati","Category":"Guest House","Name":"SHRI KRISHNA GUEST HOUSE","Type":"Guest House","Rating":"4.6","Review Count":"34","Phone":"092703 30902","Address":"near Bagga Sweets, Shingada Talav, Renuka Nagar, Nashik, Maharashtra 422001, India","Maps Link":"https://maps.google.com/?cid=4530592729845837688&g_mp=Cidnb29nbGUubWFwcy5wbGFjZXMudjEuUGxhY2VzLlNlYXJjaFRleHQQAhgEIAA"}},{"type":"Feature","geometry":{"type":"Point","coordinates":[73.7622466,19.9609749]},"properties":{"Tier":"1","Taluka":"Nashik","Zone":"Panchavati","Category":"Guest House","Name":"STAR GUEST HOUSE","Type":"Guest House","Rating":"3.7","Review Count":"99","Phone":"098220 53869","Address":"ASM-30, Nandita Park - B Ashwin Nagar, Cidco, Nashik, Maharashtra 422009, India","Opening Hours":"Monday: 6:00 AM – 11:00 PM | Tuesday: 6:00 AM – 11:00 PM | Wednesday: 6:00 AM – 11:00 PM | Thursday: 6:00 AM – 11:00 PM | Friday: 6:00 AM – 11:00 PM | Saturday: 6:00 AM – 11:00 PM | Sunday: 6:00 AM – 11:00 PM","Maps Link":"https://maps.google.com/?cid=15955472428074769839&g_mp=Cidnb29nbGUubWFwcy5wbGFjZXMudjEuUGxhY2VzLlNlYXJjaFRleHQQAhgEIAA"}},{"type":"Feature","geometry":{"type":"Point","coordinates":[73.7937035,20.0111713]},"properties":{"Tier":"1","Taluka":"Nashik","Zone":"Panchavati","Category":"Guest House","Name":"Satvik guest house","Type":"Hotel","Rating":"3","Review Count":"36","Phone":"098900 10662","Address":"2Q6V+FF8, Panchavati, Nashik, Maharashtra 422003, India","Opening Hours":"Monday: Open 24 hours | Tuesday: Open 24 hours | Wednesday: Open 24 hours | Thursday: Open 24 hours | Friday: Open 24 hours | Saturday: Open 24 hours | Sunday: Open 24 hours","Maps Link":"https://maps.google.com/?cid=15116820208607341479&g_mp=Cidnb29nbGUubWFwcy5wbGFjZXMudjEuUGxhY2VzLlNlYXJjaFRleHQQAhgEIAA"}},{"type":"Feature","geometry":{"type":"Point","coordinates":[73.8208193,20.0279293]},"properties":{"Tier":"1","Taluka":"Nashik","Zone":"Panchavati","Category":"Guest House","Name":"Shree Palace Guest House","Type":"Guest House","Rating":"5","Review Count":"5","Address":"Shree Palace Bungalow, Plot No 67, near Trikoni Bungalow, Panchavati, Hirawadi, Nashik, Maharashtra 422003, India","Website":"https://www.agoda.com/en-in/shree-palace-guest-house/hotel/nashik-in.html?countryId=35&finalPriceView=1&isShowMobileAppPrice=false&cid=1922885&numberOfBedrooms=&familyMode=false&adults=2&children=0&rooms=1&maxRooms=0&checkIn=2026-03-1&isCalendarCallout=fa","Maps Link":"https://maps.google.com/?cid=18119835772863831803&g_mp=Cidnb29nbGUubWFwcy5wbGFjZXMudjEuUGxhY2VzLlNlYXJjaFRleHQQAhgEIAA"}},{"type":"Feature","geometry":{"type":"Point","coordinates":[73.839345,19.951629]},"properties":{"Tier":"1","Taluka":"Nashik","Zone":"Panchavati","Category":"Guest House","Name":"Shriram Guest House","Type":"Hotel","Rating":"3.1","Review Count":"208","Phone":"0253 297 6974","Address":"Rajendra Colony, Muktidham Rd, near Badshaha Coldrinks, Rajwada Nagar, Nashik Road, Nashik, Maharashtra 422101, India","Opening Hours":"Monday: Open 24 hours | Tuesday: Open 24 hours | Wednesday: Open 24 hours | Thursday: Open 24 hours | Friday: Open 24 hours | Saturday: Open 24 hours | Sunday: Open 24 hours","Maps Link":"https://maps.google.com/?cid=1933057091704076662&g_mp=Cidnb29nbGUubWFwcy5wbGFjZXMudjEuUGxhY2VzLlNlYXJjaFRleHQQAhgEIAA"}},{"type":"Feature","geometry":{"type":"Point","coordinates":[73.7897459,20.003881]},"properties":{"Tier":"1","Taluka":"Nashik","Zone":"Panchavati","Category":"Guest House","Name":"Shukla Guest House","Type":"Guest House","Review Count":"0","Phone":"094222 58296","Address":"2Q3Q+HV5, Chandwadkar Ln, Shinde Wada, Shalimar, Nashik, Maharashtra 422001, India","Maps Link":"https://maps.google.com/?cid=5639836973557687399&g_mp=Cidnb29nbGUubWFwcy5wbGFjZXMudjEuUGxhY2VzLlNlYXJjaFRleHQQAhgEIAA"}},{"type":"Feature","geometry":{"type":"Point","coordinates":[73.8052498,19.9801068]},"properties":{"Tier":"1","Taluka":"Nashik","Zone":"Panchavati","Category":"Guest House","Name":"VIP GUEST HOUSE","Type":"Guest House","Rating":"2.6","Review Count":"71","Phone":"099229 92453","Address":"Rishi Prasad Complex, Ashoka Marg, opp. Induslnd Bank, Ganesh Baba Nagar, Nashik, Maharashtra 422011, India","Maps Link":"https://maps.google.com/?cid=6908213880222703603&g_mp=Cidnb29nbGUubWFwcy5wbGFjZXMudjEuUGxhY2VzLlNlYXJjaFRleHQQAhgEIAA"}},{"type":"Feature","geometry":{"type":"Point","coordinates":[73.789434,19.999233]},"properties":{"Tier":"1","Taluka":"Nashik","Zone":"Panchavati","Category":"Lodge / Hostel","Name":"Ahmed Lodge","Type":"Lodging","Rating":"2.5","Review Count":"6","Phone":"090281 90112","Address":"1267, Khadkali Rd, Trimbak Darwaja, Koknipura, Nashik, Maharashtra 422001, India","Maps Link":"https://maps.google.com/?cid=6548588634301786932&g_mp=Cidnb29nbGUubWFwcy5wbGFjZXMudjEuUGxhY2VzLlNlYXJjaFRleHQQAhgEIAA"}},{"type":"Feature","geometry":{"type":"Point","coordinates":[73.788553,19.9993032]},"properties":{"Tier":"1","Taluka":"Nashik","Zone":"Panchavati","Category":"Lodge / Hostel","Name":"Al Sharukh Lodge","Type":"Lodging","Rating":"2.8","Review Count":"9","Phone":"0253 250 0686","Address":"Beside Trimbak Police Chowki, 1280, Khadkali, Bhadrakali, Koknipura, Nashik, Maharashtra 422001, India","Maps Link":"https://maps.google.com/?cid=10368341403826130288&g_mp=Cidnb29nbGUubWFwcy5wbGFjZXMudjEuUGxhY2VzLlNlYXJjaFRleHQQAhgEIAA"}},{"type":"Feature","geometry":{"type":"Point","coordinates":[73.7832152,19.9994511]},"properties":{"Tier":"1","Taluka":"Nashik","Zone":"Panchavati","Category":"Lodge / Hostel","Name":"Excellent Inn CBS","Type":"Hotel","Rating":"5","Review Count":"45","Address":"Hotel Excellent Inn, c/o, Kamal Residency, Plot 9/1, Old Agra Rd, behind State Bank of India, CBS, Shalimar, Nashik, Maharashtra 422001, India","Website":"https://excellenthotel.in/","Maps Link":"https://maps.google.com/?cid=4162584964506616983&g_mp=Cidnb29nbGUubWFwcy5wbGFjZXMudjEuUGxhY2VzLlNlYXJjaFRleHQQAhgEIAA"}},{"type":"Feature","geometry":{"type":"Point","coordinates":[73.7632511,19.9947865]},"properties":{"Tier":"1","Taluka":"Nashik","Zone":"Panchavati","Category":"Lodge / Hostel","Name":"HOTEL PANCHAVATI ELITE INN PVT LTD","Type":"Hotel","Rating":"3.6","Review Count":"2305","Address":"Trambakeshwar Rd, next to VINOD PETROL PUMP, Parijat Nagar, Nashik, Maharashtra 422002, India","Website":"https://www.goibibo.com/hotels/panchavati-elite-inn-hotel-in-nashik-1797023098021528769/","Opening Hours":"Monday: Open 24 hours | Tuesday: Open 24 hours | Wednesday: Open 24 hours | Thursday: Open 24 hours | Friday: Open 24 hours | Saturday: Open 24 hours | Sunday: Open 24 hours","Maps Link":"https://maps.google.com/?cid=2548617244898610103&g_mp=Cidnb29nbGUubWFwcy5wbGFjZXMudjEuUGxhY2VzLlNlYXJjaFRleHQQAhgEIAA"}},{"type":"Feature","geometry":{"type":"Point","coordinates":[73.7946882,20.0326008]},"properties":{"Tier":"1","Taluka":"Nashik","Zone":"Panchavati","Category":"Lodge / Hostel","Name":"Hotel Bhakti Inn","Type":"Hotel","Rating":"3.4","Review Count":"9","Phone":"098926 14816","Address":"6th Floor, Viraj Space Complex, Samarth Nagar, Makhmalabad, Nashik, Maharashtra 422004, India","Maps Link":"https://maps.google.com/?cid=1758003724445125798&g_mp=Cidnb29nbGUubWFwcy5wbGFjZXMudjEuUGxhY2VzLlNlYXJjaFRleHQQAhgEIAA"}},{"type":"Feature","geometry":{"type":"Point","coordinates":[73.7956658,19.9936728]},"properties":{"Tier":"1","Taluka":"Nashik","Zone":"Panchavati","Category":"Lodge / Hostel","Name":"Hotel Godavari Lodging","Type":"Hotel","Rating":"3.6","Review Count":"747","Phone":"0253 259 1773","Address":"Dwarka Circle, XQVW+F77, New Mumbai Agra Rd, Wadala Naka, Renuka Nagar, Nashik, Maharashtra 422001, India","Opening Hours":"Monday: Open 24 hours | Tuesday: Open 24 hours | Wednesday: Open 24 hours | Thursday: Open 24 hours | Friday: Open 24 hours | Saturday: Open 24 hours | Sunday: Open 24 hours","Maps Link":"https://maps.google.com/?cid=14129701486623317814&g_mp=Cidnb29nbGUubWFwcy5wbGFjZXMudjEuUGxhY2VzLlNlYXJjaFRleHQQAhgEIAA"}},{"type":"Feature","geometry":{"type":"Point","coordinates":[73.7956857,20.0106233]},"properties":{"Tier":"1","Taluka":"Nashik","Zone":"Panchavati","Category":"Lodge / Hostel","Name":"Hotel Mithil's Inn","Type":"Hotel","Rating":"3.9","Review Count":"52","Phone":"088477 44477","Address":"Near, Panchavati Karanja, Panchavati, Nashik, Maharashtra 422003, India","Website":"https://www.hotelmithilsinn.in/","Maps Link":"https://maps.google.com/?cid=12756282692835856293&g_mp=Cidnb29nbGUubWFwcy5wbGFjZXMudjEuUGxhY2VzLlNlYXJjaFRleHQQAhgEIAA"}},{"type":"Feature","geometry":{"type":"Point","coordinates":[73.7939681,20.0074737]},"properties":{"Tier":"1","Taluka":"Nashik","Zone":"Panchavati","Category":"Lodge / Hostel","Name":"Hotel O Saptashrungi Lodging","Type":"Hotel","Rating":"3.7","Review Count":"11","Phone":"0124 433 0578","Address":"Survey No 01, Saptashringi Niwas, Sani Chowk, Mothe Galli, Panchavati, Nashik, Maharashtra 422003, India","Website":"https://www.oyorooms.com/330456/","Maps Link":"https://maps.google.com/?cid=4823527288317699271&g_mp=Cidnb29nbGUubWFwcy5wbGFjZXMudjEuUGxhY2VzLlNlYXJjaFRleHQQAhgEIAA"}},{"type":"Feature","geometry":{"type":"Point","coordinates":[73.80268,20.005654]},"properties":{"Tier":"1","Taluka":"Nashik","Zone":"Panchavati","Category":"Lodge / Hostel","Name":"Hotel Relax Inn","Type":"Services","Rating":"3.2","Review Count":"137","Phone":"080709 06427","Address":"Mumbai - Agra National Highway, college, opp. Panchvati, Near Pharmacy College, Panchavati, Nashik, Maharashtra 422003, India","Opening Hours":"Monday: Open 24 hours | Tuesday: Open 24 hours | Wednesday: Open 24 hours | Thursday: Open 24 hours | Friday: Open 24 hours | Saturday: Open 24 hours | Sunday: Open 24 hours","Maps Link":"https://maps.google.com/?cid=16325931786461853416&g_mp=Cidnb29nbGUubWFwcy5wbGFjZXMudjEuUGxhY2VzLlNlYXJjaFRleHQQAhgEIAA"}},{"type":"Feature","geometry":{"type":"Point","coordinates":[73.7944774,20.0096985]},"properties":{"Tier":"1","Taluka":"Nashik","Zone":"Panchavati","Category":"Lodge / Hostel","Name":"Hotel Sanket Lodge","Type":"Lodging","Rating":"3.8","Review Count":"115","Phone":"0253 251 5757","Address":"2nd Floor, next to panchvati karanja bus stop, Panchavati Karanja, Panchavati, Nashik, Maharashtra 422003, India","Maps Link":"https://maps.google.com/?cid=16586161683607992745&g_mp=Cidnb29nbGUubWFwcy5wbGFjZXMudjEuUGxhY2VzLlNlYXJjaFRleHQQAhgEIAA"}},{"type":"Feature","geometry":{"type":"Point","coordinates":[73.8033543,20.036943]},"properties":{"Tier":"1","Taluka":"Nashik","Zone":"Panchavati","Category":"Lodge / Hostel","Name":"Hotel Saubhagya Elite Lodging","Type":"Lodging","Rating":"3.8","Review Count":"14","Address":"Dindori Rd, next to Grahak Bazar, near Reliance Petrol Pump, Swadya Nagar, Sneha Nagar, Nashik, Maharashtra 422303, India","Maps Link":"https://maps.google.com/?cid=7439946507392705543&g_mp=Cidnb29nbGUubWFwcy5wbGFjZXMudjEuUGxhY2VzLlNlYXJjaFRleHQQAhgEIAA"}},{"type":"Feature","geometry":{"type":"Point","coordinates":[73.7861685,20.0011113]},"properties":{"Tier":"1","Taluka":"Nashik","Zone":"Panchavati","Category":"Lodge / Hostel","Name":"Hotel Shalimar Inn","Type":"Hotel","Rating":"3.9","Review Count":"1517","Phone":"0253 250 2600","Address":"Shalimar Chowk, 2Q2P+CFV, near Old CBS, Shalimar, Nashik, Maharashtra 422001, India","Website":"http://www.hotelshalimarinn.com/","Opening Hours":"Monday: Open 24 hours | Tuesday: Open 24 hours | Wednesday: Open 24 hours | Thursday: Open 24 hours | Friday: Open 24 hours | Saturday: Open 24 hours | Sunday: Open 24 hours","Maps Link":"https://maps.google.com/?cid=8959776939438208029&g_mp=Cidnb29nbGUubWFwcy5wbGFjZXMudjEuUGxhY2VzLlNlYXJjaFRleHQQAhgEIAA"}},{"type":"Feature","geometry":{"type":"Point","coordinates":[73.7928737,20.0039918]},"properties":{"Tier":"1","Taluka":"Nashik","Zone":"Panchavati","Category":"Lodge / Hostel","Name":"Hotel Shanti Datt Inn","Type":"Hotel","Rating":"3.2","Review Count":"175","Address":"Naikwadi Pura, Panchavati, Naikwadi Pura, Panchavati, Nashik, Maharashtra 422001, India","Opening Hours":"Monday: 6:00 AM – 12:00 PM | Tuesday: 6:00 AM – 12:00 PM | Wednesday: 6:00 AM – 12:00 PM | Thursday: 6:00 AM – 12:00 PM | Friday: 6:00 AM – 12:00 PM | Saturday: 6:00 AM – 12:00 PM | Sunday: 6:00 AM – 12:00 PM","Maps Link":"https://maps.google.com/?cid=15218499101815412013&g_mp=Cidnb29nbGUubWFwcy5wbGFjZXMudjEuUGxhY2VzLlNlYXJjaFRleHQQAhgEIAA"}},{"type":"Feature","geometry":{"type":"Point","coordinates":[73.8087193,19.9777236]},"properties":{"Tier":"1","Taluka":"Nashik","Zone":"Panchavati","Category":"Lodge / Hostel","Name":"Hotel The Nashik Inn","Type":"Hotel","Rating":"3.9","Review Count":"262","Phone":"073032 92929","Address":"Nashik - Pune Rd, near inox theater, Upnagar, Nashik, Maharashtra 422006, India","Maps Link":"https://maps.google.com/?cid=17987822774835813563&g_mp=Cidnb29nbGUubWFwcy5wbGFjZXMudjEuUGxhY2VzLlNlYXJjaFRleHQQAhgEIAA"}},{"type":"Feature","geometry":{"type":"Point","coordinates":[73.8053054,19.9846695]},"properties":{"Tier":"1","Taluka":"Nashik","Zone":"Panchavati","Category":"Lodge / Hostel","Name":"Hotel Vyankatesh Inn","Type":"Hotel","Rating":"4.8","Review Count":"88","Phone":"084848 89956","Address":"Survey No. 820, Bankar Mala, Plot No.02, opp. Krishna Nagar, Bodhale Nagar, Uttara Nagar, Nashik, Maharashtra 422011, India","Maps Link":"https://maps.google.com/?cid=17742973634930595462&g_mp=Cidnb29nbGUubWFwcy5wbGFjZXMudjEuUGxhY2VzLlNlYXJjaFRleHQQAhgEIAA"}},{"type":"Feature","geometry":{"type":"Point","coordinates":[73.8382604,19.9500188]},"properties":{"Tier":"1","Taluka":"Nashik","Zone":"Panchavati","Category":"Lodge / Hostel","Name":"Hotel sai lodge","Type":"Hotel","Rating":"3.3","Review Count":"365","Address":"XR2Q+282, Rajwada Nagar, Deolali Gaon, Nashik, Maharashtra 422101, India","Opening Hours":"Monday: Open 24 hours | Tuesday: Open 24 hours | Wednesday: Open 24 hours | Thursday: Open 24 hours | Friday: Open 24 hours | Saturday: Open 24 hours | Sunday: Open 24 hours","Maps Link":"https://maps.google.com/?cid=8211371523627923850&g_mp=Cidnb29nbGUubWFwcy5wbGFjZXMudjEuUGxhY2VzLlNlYXJjaFRleHQQAhgEIAA"}},{"type":"Feature","geometry":{"type":"Point","coordinates":[73.7833375,19.9878837]},"properties":{"Tier":"1","Taluka":"Nashik","Zone":"Panchavati","Category":"Lodge / Hostel","Name":"Nashik Dormitory Lodge","Type":"Lodging","Rating":"4.9","Review Count":"45","Phone":"084849 99395","Address":"In front of shatabdi hospital / govinda wines (atulya wine) near saheba hotel, 3 rd floor, nashik business park, Mumbai Naka, Gaikwad Nagar, Nashik, Maharashtra 422001, India","Maps Link":"https://maps.google.com/?cid=12848648727507006030&g_mp=Cidnb29nbGUubWFwcy5wbGFjZXMudjEuUGxhY2VzLlNlYXJjaFRleHQQAhgEIAA"}},{"type":"Feature","geometry":{"type":"Point","coordinates":[73.788999,20.004399]},"properties":{"Tier":"1","Taluka":"Nashik","Zone":"Panchavati","Category":"Lodge / Hostel","Name":"New Godavari Lodging & Boarding","Type":"Guest House","Rating":"5","Review Count":"6","Phone":"093256 08846","Address":"50, Main Rd, near Lashkari Masjid, Raviwar Karanja, Panchavati, Nashik, Maharashtra 422001, India","Maps Link":"https://maps.google.com/?cid=10645860245403610011&g_mp=Cidnb29nbGUubWFwcy5wbGFjZXMudjEuUGxhY2VzLlNlYXJjaFRleHQQAhgEIAA"}},{"type":"Feature","geometry":{"type":"Point","coordinates":[73.794488,20.009675]},"properties":{"Tier":"1","Taluka":"Nashik","Zone":"Panchavati","Category":"Lodge / Hostel","Name":"SPOT ON 73210 Hotel Sanket Lodging","Type":"Hotel","Rating":"3.3","Review Count":"45","Phone":"0124 620 1126","Address":"2nd floor, Bus stop, next to Panchvati Karanja, Panchavati Karanja, Panchavati, Nashik, Maharashtra 422003, India","Website":"https://www.oyorooms.com/102599/","Maps Link":"https://maps.google.com/?cid=11855667818963409058&g_mp=Cidnb29nbGUubWFwcy5wbGFjZXMudjEuUGxhY2VzLlNlYXJjaFRleHQQAhgEIAA"}},{"type":"Feature","geometry":{"type":"Point","coordinates":[73.7938779,20.005633]},"properties":{"Tier":"1","Taluka":"Nashik","Zone":"Panchavati","Category":"Lodge / Hostel","Name":"Shivanjali Lodging","Type":"Lodging","Rating":"3.2","Review Count":"30","Phone":"0253 251 4485","Address":"Mhasoba Patangan, Sardar Chowk, Panchavati, Nashik, Maharashtra 422003, India","Maps Link":"https://maps.google.com/?cid=10653984661916459810&g_mp=Cidnb29nbGUubWFwcy5wbGFjZXMudjEuUGxhY2VzLlNlYXJjaFRleHQQAhgEIAA"}},{"type":"Feature","geometry":{"type":"Point","coordinates":[73.789361,20.0011359]},"properties":{"Tier":"1","Taluka":"Nashik","Zone":"Panchavati","Category":"Lodge / Hostel","Name":"Vikas Lodge","Type":"Hotel","Rating":"2.3","Review Count":"4","Phone":"098907 34222","Address":"1, Bhadrakali, Shalimar, Nashik, Maharashtra 422001, India","Maps Link":"https://maps.google.com/?cid=16484627846816384655&g_mp=Cidnb29nbGUubWFwcy5wbGFjZXMudjEuUGxhY2VzLlNlYXJjaFRleHQQAhgEIAA"}},{"type":"Feature","geometry":{"type":"Point","coordinates":[73.8072076,19.9883742]},"properties":{"Tier":"1","Taluka":"Nashik","Zone":"Panchavati","Category":"Other Budget Lodging","Name":"5BHK Cloudstay Villa, Nashik","Type":"Lodging","Rating":"4.3","Review Count":"22","Phone":"081809 46403","Address":"S.no-466/5/5, Plot No-5, Amrutratna Nagar, Kathe Ln, Dwarka Corner, Nashik, Maharashtra 422011, India","Website":"https://cloudstay.in/","Maps Link":"https://maps.google.com/?cid=3950274405246844999&g_mp=Cidnb29nbGUubWFwcy5wbGFjZXMudjEuUGxhY2VzLlNlYXJjaFRleHQQAhgEIAA"}},{"type":"Feature","geometry":{"type":"Point","coordinates":[73.7737765,19.9789487]},"properties":{"Tier":"1","Taluka":"Nashik","Zone":"Panchavati","Category":"Other Budget Lodging","Name":"HOTEL MIGHTER CREST","Type":"Lodging","Rating":"4.5","Review Count":"76","Phone":"075229 20222","Address":"Bhujbal Farm Rd, near by lekha nagar, Shanti Nagar, Lekha Nagar, Nashik, Maharashtra 422009, India","Website":"https://www.hotelmightercrest.com/","Maps Link":"https://maps.google.com/?cid=9343615291157234992&g_mp=Cidnb29nbGUubWFwcy5wbGFjZXMudjEuUGxhY2VzLlNlYXJjaFRleHQQAhgEIAA"}},{"type":"Feature","geometry":{"type":"Point","coordinates":[73.7861213,20.0050022]},"properties":{"Tier":"1","Taluka":"Nashik","Zone":"Panchavati","Category":"Other Budget Lodging","Name":"PG for Veg. Girls","Type":"Guest House","Review Count":"0","Address":"corner, Vakil Wadi, Ashok Stambh, Raviwar Karanja, Panchavati, Nashik, Maharashtra 422001, India","Maps Link":"https://maps.google.com/?cid=11639556035247852929&g_mp=Cidnb29nbGUubWFwcy5wbGFjZXMudjEuUGxhY2VzLlNlYXJjaFRleHQQAhgEIAA"}},{"type":"Feature","geometry":{"type":"Point","coordinates":[73.7779665,19.9937071]},"properties":{"Tier":"1","Taluka":"Nashik","Zone":"Panchavati","Category":"Other Budget Lodging","Name":"Raigad Vishram Gruh","Type":"Guest House","Rating":"4","Review Count":"8","Address":"XQVH+F5P, Matoshree Nagar, Nashik, Maharashtra 422002, India","Maps Link":"https://maps.google.com/?cid=8937021470632459210&g_mp=Cidnb29nbGUubWFwcy5wbGFjZXMudjEuUGxhY2VzLlNlYXJjaFRleHQQAhgEIAA"}},{"type":"Feature","geometry":{"type":"Point","coordinates":[73.7776382,19.9934868]},"properties":{"Tier":"1","Taluka":"Nashik","Zone":"Panchavati","Category":"Other Budget Lodging","Name":"Shasakiya Karmachari Nivasthaan","Type":"Guest House","Rating":"4","Review Count":"2","Address":"XQVH+93R, Tidke Colony, Nashik, Maharashtra 422002, India","Maps Link":"https://maps.google.com/?cid=12702212865438027174&g_mp=Cidnb29nbGUubWFwcy5wbGFjZXMudjEuUGxhY2VzLlNlYXJjaFRleHQQAhgEIAA"}},{"type":"Feature","geometry":{"type":"Point","coordinates":[73.7945303,20.0074148]},"properties":{"Tier":"1","Taluka":"Nashik","Zone":"Panchavati","Category":"Other Budget Lodging","Name":"Sri Kasi Nattukkottai Nagara Satram","Type":"Guest House","Rating":"4","Review Count":"8","Phone":"0253 262 0878","Address":"2Q4V+XR6, Sukenkar Ln, Panchavati, Nashik, Maharashtra 422003, India","Maps Link":"https://maps.google.com/?cid=4249894357554081909&g_mp=Cidnb29nbGUubWFwcy5wbGFjZXMudjEuUGxhY2VzLlNlYXJjaFRleHQQAhgEIAA"}},{"type":"Feature","geometry":{"type":"Point","coordinates":[73.7882868,19.9730124]},"properties":{"Tier":"1","Taluka":"Nashik","Zone":"Panchavati","Category":"Other Budget Lodging","Name":"Vayavia The Frame | Premium Stay","Type":"Guest House","Review Count":"0","Address":"Gajara Nisarga Twin Bungalows, Khode Mala, Parab Nagar, Indira Nagar, Nashik, Maharashtra 422009, India","Website":"https://vayavia.com/","Maps Link":"https://maps.google.com/?cid=12194013297214939205&g_mp=Cidnb29nbGUubWFwcy5wbGFjZXMudjEuUGxhY2VzLlNlYXJjaFRleHQQAhgEIAA"}},{"type":"Feature","geometry":{"type":"Point","coordinates":[73.8032735,20.0296677]},"properties":{"Tier":"1","Taluka":"Nashik","Zone":"Nashik Central","Category":"Government / PWD Rest House","Name":"Rest House Block A","Type":"Rest Stop","Rating":"3.8","Review Count":"11","Address":"2RH3+V86, CDO-MERI Colony, Nashik, Maharashtra 422004, India","Maps Link":"https://maps.google.com/?cid=1880552381730911957&g_mp=Cidnb29nbGUubWFwcy5wbGFjZXMudjEuUGxhY2VzLlNlYXJjaFRleHQQAhgEIAA"}},{"type":"Feature","geometry":{"type":"Point","coordinates":[73.787619,19.9973974]},"properties":{"Tier":"1","Taluka":"Nashik","Zone":"Nashik Central","Category":"Guest House","Name":"City guest House","Type":"Hotel","Rating":"2.5","Review Count":"23","Address":"XQWQ+X25, Gotane Wada, Nashik, Maharashtra 422001, India","Maps Link":"https://maps.google.com/?cid=4492632210048614424&g_mp=Cidnb29nbGUubWFwcy5wbGFjZXMudjEuUGxhY2VzLlNlYXJjaFRleHQQAhgEIAA"}},{"type":"Feature","geometry":{"type":"Point","coordinates":[73.7929512,19.993839]},"properties":{"Tier":"1","Taluka":"Nashik","Zone":"Nashik Central","Category":"Guest House","Name":"Express Guest House","Type":"Lodging","Rating":"5","Review Count":"25","Address":"2nd Floor, Express Tower, above New Aadhar Hospital, beside Saffron Hotel, Wadala Naka, Dwarka, Nashik, Maharashtra 422001, India","Maps Link":"https://maps.google.com/?cid=3154468943498376596&g_mp=Cidnb29nbGUubWFwcy5wbGFjZXMudjEuUGxhY2VzLlNlYXJjaFRleHQQAhgEIAA"}},{"type":"Feature","geometry":{"type":"Point","coordinates":[73.7642401,19.9610414]},"properties":{"Tier":"1","Taluka":"Nashik","Zone":"Nashik Central","Category":"Guest House","Name":"Feel @ Home Guest House MTDC Approved Tax Free","Type":"Guest House","Rating":"5","Review Count":"2","Phone":"090110 93288","Address":"2nd Floor, Deeplaxmi Apt, Chetana nagar, Rane Nagar, Nashik, Maharashtra 422009, India","Website":"https://feelathomenashik.blogspot.com/2019/05/feel-home-guest-house-nashik-mtdc.html","Maps Link":"https://maps.google.com/?cid=4757232972868235854&g_mp=Cidnb29nbGUubWFwcy5wbGFjZXMudjEuUGxhY2VzLlNlYXJjaFRleHQQAhgEIAA"}},{"type":"Feature","geometry":{"type":"Point","coordinates":[73.757416,19.9465814]},"properties":{"Tier":"1","Taluka":"Nashik","Zone":"Nashik Central","Category":"Guest House","Name":"Ks Guesthouse, Homestay , PG & Khanaval","Type":"Homestay","Rating":"4.8","Review Count":"45","Phone":"077096 80925","Address":"Prashant nagar front lane the of Radisson Blu Hotel, Brown wooden design Villa, before water tank, Plot no 49, Girdhar Nagar, Damodar Nagar, Pathardi Phata, Nashik, Maharashtra 422010, India","Maps Link":"https://maps.google.com/?cid=5727249952758089807&g_mp=Cidnb29nbGUubWFwcy5wbGFjZXMudjEuUGxhY2VzLlNlYXJjaFRleHQQAhgEIAA"}},{"type":"Feature","geometry":{"type":"Point","coordinates":[73.8086242,19.9779756]},"properties":{"Tier":"1","Taluka":"Nashik","Zone":"Nashik Central","Category":"Guest House","Name":"Londhe Guest House (Torna Bungla)","Type":"Hotel","Rating":"3.1","Review Count":"26","Address":"Nashik - Shirdi Rd, Tagore Nagar, Nashik, Maharashtra 422006, India","Opening Hours":"Monday: Open 24 hours | Tuesday: Open 24 hours | Wednesday: Open 24 hours | Thursday: Open 24 hours | Friday: Open 24 hours | Saturday: Open 24 hours | Sunday: Open 24 hours","Maps Link":"https://maps.google.com/?cid=14095462831811844597&g_mp=Cidnb29nbGUubWFwcy5wbGFjZXMudjEuUGxhY2VzLlNlYXJjaFRleHQQAhgEIAA"}},{"type":"Feature","geometry":{"type":"Point","coordinates":[73.8084383,20.0027669]},"properties":{"Tier":"1","Taluka":"Nashik","Zone":"Nashik Central","Category":"Guest House","Name":"Om Sai Guest House Nashik","Type":"Services","Rating":"3.9","Review Count":"10","Phone":"096049 41118","Address":"2R35+494, near Saibaba Mandir, Vaishnavi Park, Nashik, Maharashtra 422003, India","Opening Hours":"Monday: 5:00 AM – 9:40 PM | Tuesday: 5:00 AM – 9:40 PM | Wednesday: 5:00 AM – 9:40 PM | Thursday: 5:00 AM – 9:40 PM | Friday: 5:00 AM – 9:40 PM | Saturday: 5:00 AM – 9:40 PM | Sunday: 5:00 AM – 9:40 PM","Maps Link":"https://maps.google.com/?cid=12113372208718730060&g_mp=Cidnb29nbGUubWFwcy5wbGFjZXMudjEuUGxhY2VzLlNlYXJjaFRleHQQAhgEIAA"}},{"type":"Feature","geometry":{"type":"Point","coordinates":[73.8136908,20.0283744]},"properties":{"Tier":"1","Taluka":"Nashik","Zone":"Nashik Central","Category":"Guest House","Name":"Riddhi Siddhi Family Guest House","Type":"Guest House","Rating":"5","Review Count":"5","Address":"Omkar Row Banglow, no. 7, Bakeside Vihaan Hotel, Tarwala nagar Link Road, Thakare Mala, Panchvati, Amrutdham, Nashik, Maharashtra 422003, India","Maps Link":"https://maps.google.com/?cid=16498021880152422746&g_mp=Cidnb29nbGUubWFwcy5wbGFjZXMudjEuUGxhY2VzLlNlYXJjaFRleHQQAhgEIAA"}},{"type":"Feature","geometry":{"type":"Point","coordinates":[73.8381094,19.9543211]},"properties":{"Tier":"1","Taluka":"Nashik","Zone":"Nashik Central","Category":"Guest House","Name":"SADGURU GUEST HOUSE","Type":"Guest House","Rating":"5","Review Count":"2","Phone":"099211 20377","Address":"Gokul Apartment, Bytco Point, Opposite Raymomds Showroom, Asha Nagar, Nashik Rd, Nashik, Maharashtra 422101, India","Maps Link":"https://maps.google.com/?cid=10474045961672563390&g_mp=Cidnb29nbGUubWFwcy5wbGFjZXMudjEuUGxhY2VzLlNlYXJjaFRleHQQAhgEIAA"}},{"type":"Feature","geometry":{"type":"Point","coordinates":[73.756722,20.0035143]},"properties":{"Tier":"1","Taluka":"Nashik","Zone":"Nashik Central","Category":"Guest House","Name":"SPOT ON Jayesh Guest House","Type":"Hotel","Rating":"2","Review Count":"14","Phone":"0124 433 0578","Address":"Jayesh Guest House, S N 731/3/3 Manohar Colony, Near Deepak Laundry Parijat Nagar, Samartha Nagar, Signal, Samarth Nagar, Nashik, Maharashtra 422005, India","Website":"https://www.oyorooms.com/195197/","Maps Link":"https://maps.google.com/?cid=9069454004253132044&g_mp=Cidnb29nbGUubWFwcy5wbGFjZXMudjEuUGxhY2VzLlNlYXJjaFRleHQQAhgEIAA"}},{"type":"Feature","geometry":{"type":"Point","coordinates":[73.7579106,19.9598267]},"properties":{"Tier":"1","Taluka":"Nashik","Zone":"Nashik Central","Category":"Guest House","Name":"Shree Villa Corporate Guest House","Type":"Guest House","Rating":"4.4","Review Count":"204","Phone":"0253 237 7535","Address":"XQ55+W5M, Hanuman Mandir Rd, श्रावण सेक्टर, Ashwin Nagar, Nashik, Maharashtra 422009, India","Maps Link":"https://maps.google.com/?cid=15576035321965893161&g_mp=Cidnb29nbGUubWFwcy5wbGFjZXMudjEuUGxhY2VzLlNlYXJjaFRleHQQAhgEIAA"}},{"type":"Feature","geometry":{"type":"Point","coordinates":[73.7565643,20.009489]},"properties":{"Tier":"1","Taluka":"Nashik","Zone":"Nashik Central","Category":"Lodge / Hostel","Name":"Freesia Residency by Express Inn","Type":"Hotel","Rating":"4.4","Review Count":"418","Phone":"092892 82018","Address":"College Rd, next to Union Bank Residency, D'souza Colony, Nashik, Maharashtra 422005, India","Website":"http://expressinnindia.com/FreesiaNsk","Maps Link":"https://maps.google.com/?cid=16510814160684558639&g_mp=Cidnb29nbGUubWFwcy5wbGFjZXMudjEuUGxhY2VzLlNlYXJjaFRleHQQAhgEIAA"}},{"type":"Feature","geometry":{"type":"Point","coordinates":[73.7546278,19.9614]},"properties":{"Tier":"1","Taluka":"Nashik","Zone":"Nashik Central","Category":"Lodge / Hostel","Name":"HOTEL EXCELLENCY INN","Type":"Hotel","Rating":"4.1","Review Count":"109","Phone":"098220 11278","Address":"Shravan Sector, Pathardi Phata, Nashik, Maharashtra 422008, India","Website":"http://www.excellencyinn.in/","Maps Link":"https://maps.google.com/?cid=25868433751358434&g_mp=Cidnb29nbGUubWFwcy5wbGFjZXMudjEuUGxhY2VzLlNlYXJjaFRleHQQAhgEIAA"}},{"type":"Feature","geometry":{"type":"Point","coordinates":[73.7902018,19.9942072]},"properties":{"Tier":"1","Taluka":"Nashik","Zone":"Nashik Central","Category":"Lodge / Hostel","Name":"HOTEL SAUBHAGYA INN","Type":"Lodging","Rating":"2.9","Review Count":"15","Phone":"070202 05592","Address":"Sarda Cir, Madina Chowk, Koknipura, Nashik, Maharashtra 422001, India","Maps Link":"https://maps.google.com/?cid=1000790320999910365&g_mp=Cidnb29nbGUubWFwcy5wbGFjZXMudjEuUGxhY2VzLlNlYXJjaFRleHQQAhgEIAA"}},{"type":"Feature","geometry":{"type":"Point","coordinates":[73.7566779,19.9581724]},"properties":{"Tier":"1","Taluka":"Nashik","Zone":"Nashik Central","Category":"Lodge / Hostel","Name":"HOTEL SK INN","Type":"Guest House","Rating":"4.4","Review Count":"153","Phone":"085529 82999","Address":"XQ54+7JV, Pathardi to Ambad Rd, श्रावण सेक्टर, MIDC Ambad, Nashik, Maharashtra 422009, India","Website":"https://hotelskinn.in/","Maps Link":"https://maps.google.com/?cid=359599314152573121&g_mp=Cidnb29nbGUubWFwcy5wbGFjZXMudjEuUGxhY2VzLlNlYXJjaFRleHQQAhgEIAA"}},{"type":"Feature","geometry":{"type":"Point","coordinates":[73.8433524,20.0265136]},"properties":{"Tier":"1","Taluka":"Nashik","Zone":"Nashik Central","Category":"Lodge / Hostel","Name":"Harisun Lodging","Type":"Hotel","Rating":"3.5","Review Count":"206","Phone":"0253 230 4877","Address":"Opposite Hotel Jatra, Plot No. 7, Agra Road, Sharayu Park, Panchavati, Nashik, Maharashtra 422003, India","Maps Link":"https://maps.google.com/?cid=9549139609324631655&g_mp=Cidnb29nbGUubWFwcy5wbGFjZXMudjEuUGxhY2VzLlNlYXJjaFRleHQQAhgEIAA"}},{"type":"Feature","geometry":{"type":"Point","coordinates":[73.7906755,19.9903949]},"properties":{"Tier":"1","Taluka":"Nashik","Zone":"Nashik Central","Category":"Lodge / Hostel","Name":"Hotel O Sai Shlok Inn Lodging","Type":"Hotel","Rating":"1.8","Review Count":"5","Phone":"0124 433 0578","Address":"2nd floor, Plot No 01, Agra - Mumbai Hwy, beside Yogiraj Plaza, Renuka Nagar, Nashik, Maharashtra 422011, India","Website":"https://www.oyorooms.com/351448/","Maps Link":"https://maps.google.com/?cid=16710864218872320999&g_mp=Cidnb29nbGUubWFwcy5wbGFjZXMudjEuUGxhY2VzLlNlYXJjaFRleHQQAhgEIAA"}},{"type":"Feature","geometry":{"type":"Point","coordinates":[73.8415776,19.9477904]},"properties":{"Tier":"1","Taluka":"Nashik","Zone":"Nashik Central","Category":"Lodge / Hostel","Name":"Hotel Radhika Lodging","Type":"Lodging","Rating":"4.5","Review Count":"10","Phone":"0253 246 8101","Address":"Shriman Babaji Tower, 2nd Floor, Railway Station, behind HP Petrol Pump, near Nashik Road, P&T Colony, Rajwada Nagar, Deolali Gaon, Nashik, Maharashtra 422101, India","Maps Link":"https://maps.google.com/?cid=18369654153364327043&g_mp=Cidnb29nbGUubWFwcy5wbGFjZXMudjEuUGxhY2VzLlNlYXJjaFRleHQQAhgEIAA"}},{"type":"Feature","geometry":{"type":"Point","coordinates":[73.8041285,20.0362766]},"properties":{"Tier":"1","Taluka":"Nashik","Zone":"Nashik Central","Category":"Lodge / Hostel","Name":"Hotel Royal Inn","Type":"Hotel","Rating":"4.3","Review Count":"44","Phone":"097675 30955","Address":"Dindori Rd, near jio petrol pump, opp. Madhur sweets, Kalananagar, Nashik, Maharashtra 422004, India","Maps Link":"https://maps.google.com/?cid=6798602895633341769&g_mp=Cidnb29nbGUubWFwcy5wbGFjZXMudjEuUGxhY2VzLlNlYXJjaFRleHQQAhgEIAA"}},{"type":"Feature","geometry":{"type":"Point","coordinates":[73.7767734,19.9766467]},"properties":{"Tier":"1","Taluka":"Nashik","Zone":"Nashik Central","Category":"Lodge / Hostel","Name":"Hotel Royal Inn Nashik","Type":"Hotel","Rating":"4.9","Review Count":"21","Address":"Karambelkar Tower, near Deccan Petrol Pump, Shanti Nagar, Lekha Nagar, Nashik, Maharashtra 422009, India","Website":"http://www.hotelroyalinnnashik9607607111.in/","Maps Link":"https://maps.google.com/?cid=10229671470727590537&g_mp=Cidnb29nbGUubWFwcy5wbGFjZXMudjEuUGxhY2VzLlNlYXJjaFRleHQQAhgEIAA"}},{"type":"Feature","geometry":{"type":"Point","coordinates":[73.8377347,19.9499401]},"properties":{"Tier":"1","Taluka":"Nashik","Zone":"Nashik Central","Category":"Lodge / Hostel","Name":"Hotel Sahyadri lodge","Type":"Hotel","Rating":"2.9","Review Count":"9","Address":"Shahu Maharaj Path, Anand Nagar, Deolali Gaon, Nashik, Maharashtra 422101, India","Maps Link":"https://maps.google.com/?cid=7798115431989551587&g_mp=Cidnb29nbGUubWFwcy5wbGFjZXMudjEuUGxhY2VzLlNlYXJjaFRleHQQAhgEIAA"}},{"type":"Feature","geometry":{"type":"Point","coordinates":[73.7827868,19.9916044]},"properties":{"Tier":"1","Taluka":"Nashik","Zone":"Nashik Central","Category":"Lodge / Hostel","Name":"Hotel Wasan`s Inn","Type":"Hotel","Rating":"4.1","Review Count":"37","Address":"XQRM+J4V, Old Agra Rd, near Kalika mandir, Mumbai Naka, Matoshree Nagar, Nashik, Maharashtra 422002, India","Maps Link":"https://maps.google.com/?cid=11803101538145779558&g_mp=Cidnb29nbGUubWFwcy5wbGFjZXMudjEuUGxhY2VzLlNlYXJjaFRleHQQAhgEIAA"}},{"type":"Feature","geometry":{"type":"Point","coordinates":[73.7704838,20.0074849]},"properties":{"Tier":"1","Taluka":"Nashik","Zone":"Nashik Central","Category":"Lodge / Hostel","Name":"Matruchaya Paying Guest House -Best Boy's Hostel Nashik","Type":"Services","Rating":"4.6","Review Count":"305","Phone":"080872 77949","Address":"Shop No. 2, Sharmila Apartment, Gangapur Rd, Old Gangapur Naka, Nashik, Maharashtra 422005, India","Website":"https://matruchhayapg.com/","Opening Hours":"Monday: 9:00 AM – 9:00 PM | Tuesday: 9:00 AM – 9:00 PM | Wednesday: 9:00 AM – 9:00 PM | Thursday: 9:00 AM – 9:00 PM | Friday: 9:00 AM – 9:00 PM | Saturday: 9:00 AM – 9:00 PM | Sunday: 9:00 AM – 9:00 PM","Maps Link":"https://maps.google.com/?cid=5329571584542429663&g_mp=Cidnb29nbGUubWFwcy5wbGFjZXMudjEuUGxhY2VzLlNlYXJjaFRleHQQAhgEIAA"}},{"type":"Feature","geometry":{"type":"Point","coordinates":[73.7706015,20.0003074]},"properties":{"Tier":"1","Taluka":"Nashik","Zone":"Nashik Central","Category":"Lodge / Hostel","Name":"Matruchaya Paying Guest House – Boys Hostel in Canada Corner Nashik","Type":"Services","Rating":"4.7","Review Count":"20","Phone":"080872 77949","Address":"3, 4,5 Floor, 7Star Appartment, 2, Sharanpur Rd, near Canada Corner, Sharanpur, Nashik, Maharashtra 422002, India","Website":"https://www.matruchhayapg.com/","Opening Hours":"Monday: 9:00 AM – 9:00 PM | Tuesday: 9:00 AM – 9:00 PM | Wednesday: 9:00 AM – 9:00 PM | Thursday: 9:00 AM – 9:00 PM | Friday: 9:00 AM – 9:00 PM | Saturday: 9:00 AM – 9:00 PM | Sunday: 9:00 AM – 9:00 PM","Maps Link":"https://maps.google.com/?cid=11176387634220007460&g_mp=Cidnb29nbGUubWFwcy5wbGFjZXMudjEuUGxhY2VzLlNlYXJjaFRleHQQAhgEIAA"}},{"type":"Feature","geometry":{"type":"Point","coordinates":[73.7540869,19.9994611]},"properties":{"Tier":"1","Taluka":"Nashik","Zone":"Nashik Central","Category":"Lodge / Hostel","Name":"Matruchaya Paying Guest House – Boys Hostel in Mahatma Nagar Nashik","Type":"Services","Rating":"4.8","Review Count":"18","Phone":"098226 22881","Address":"3rd Floor, Atrey Apartments, Dr BS Moonje Marg, opp. SixSigma Hospital, Near ABB Circle, Mahatma Nagar, Parijat Nagar, Nashik, Maharashtra 422005, India","Website":"https://www.matruchhayapg.com/","Opening Hours":"Monday: 9:00 AM – 9:00 PM | Tuesday: 9:00 AM – 9:00 PM | Wednesday: 9:00 AM – 9:00 PM | Thursday: 9:00 AM – 9:00 PM | Friday: 9:00 AM – 9:00 PM | Saturday: 9:00 AM – 9:00 PM | Sunday: 9:00 AM – 9:00 PM","Maps Link":"https://maps.google.com/?cid=7130971542334550559&g_mp=Cidnb29nbGUubWFwcy5wbGFjZXMudjEuUGxhY2VzLlNlYXJjaFRleHQQAhgEIAA"}},{"type":"Feature","geometry":{"type":"Point","coordinates":[73.7590194,19.9615639]},"properties":{"Tier":"1","Taluka":"Nashik","Zone":"Nashik Central","Category":"Lodge / Hostel","Name":"NASHIK PG / HOSTEL","Type":"Services","Rating":"4.2","Review Count":"217","Phone":"080104 90761","Address":"Vivekanand academy, Sambhaji Stadium Rd, near chatrapati, opposite SBI bank, Ashwin Nagar, Nashik, Maharashtra 422009, India","Website":"https://venorastay.com/","Opening Hours":"Monday: 10:00 AM – 8:00 PM | Tuesday: 10:00 AM – 8:00 PM | Wednesday: 10:00 AM – 8:00 PM | Thursday: 10:00 AM – 8:00 PM | Friday: 10:00 AM – 8:00 PM | Saturday: 10:00 AM – 8:00 PM | Sunday: 10:00 AM – 8:00 PM","Maps Link":"https://maps.google.com/?cid=7077481548684429839&g_mp=Cidnb29nbGUubWFwcy5wbGFjZXMudjEuUGxhY2VzLlNlYXJjaFRleHQQAhgEIAA"}},{"type":"Feature","geometry":{"type":"Point","coordinates":[73.7819375,19.9796875]},"properties":{"Tier":"1","Taluka":"Nashik","Zone":"Nashik Central","Category":"Lodge / Hostel","Name":"SAWANT HOSTEL (Shivji Hospitalities)","Type":"Services","Rating":"4.1","Review Count":"53","Phone":"088888 30498","Address":"Sawata Mali Rd, Suchita Nagar, Deepali Nagar, Nashik, Maharashtra 422009, India","Website":"https://shivjigroup.in/","Opening Hours":"Monday: 9:00 AM – 11:30 PM | Tuesday: 9:00 AM – 11:30 PM | Wednesday: 9:00 AM – 11:30 PM | Thursday: 9:00 AM – 11:30 PM | Friday: 9:00 AM – 11:30 PM | Saturday: 9:00 AM – 11:30 PM | Sunday: 9:00 AM – 11:30 PM","Maps Link":"https://maps.google.com/?cid=10057753002376356531&g_mp=Cidnb29nbGUubWFwcy5wbGFjZXMudjEuUGxhY2VzLlNlYXJjaFRleHQQAhgEIAA"}},{"type":"Feature","geometry":{"type":"Point","coordinates":[73.8429258,19.9788763]},"properties":{"Tier":"1","Taluka":"Nashik","Zone":"Nashik Central","Category":"Lodge / Hostel","Name":"SPOT ON 48335 Hotel Kuber Lodge","Type":"Lodging","Rating":"3.9","Review Count":"254","Phone":"088888 76999","Address":"Chhatrapati Chowk, Jail Rd, Umiya Housing Society, Dhara Society, Nashik Road, Nashik, Maharashtra 422101, India","Opening Hours":"Monday: Open 24 hours | Tuesday: Open 24 hours | Wednesday: Open 24 hours | Thursday: Open 24 hours | Friday: Open 24 hours | Saturday: Open 24 hours | Sunday: Open 24 hours","Maps Link":"https://maps.google.com/?cid=2120759326723353311&g_mp=Cidnb29nbGUubWFwcy5wbGFjZXMudjEuUGxhY2VzLlNlYXJjaFRleHQQAhgEIAA"}},{"type":"Feature","geometry":{"type":"Point","coordinates":[73.7510906,20.0033204]},"properties":{"Tier":"1","Taluka":"Nashik","Zone":"Nashik Central","Category":"Lodge / Hostel","Name":"Tripvana Backpacker Hostel","Type":"Hostel","Rating":"4.5","Review Count":"61","Phone":"087933 70664","Address":"Vanvihar Colony, MIDC, Satpur Colony, Nashik, Maharashtra 422005, India","Website":"http://www.tripvana.in/","Opening Hours":"Monday: 10:00 AM – 7:00 PM | Tuesday: 10:00 AM – 7:00 PM | Wednesday: 10:00 AM – 7:00 PM | Thursday: 10:00 AM – 7:00 PM | Friday: 10:00 AM – 7:00 PM | Saturday: 10:00 AM – 7:00 PM | Sunday: Closed","Maps Link":"https://maps.google.com/?cid=14279736028915477499&g_mp=Cidnb29nbGUubWFwcy5wbGFjZXMudjEuUGxhY2VzLlNlYXJjaFRleHQQAhgEIAA"}},{"type":"Feature","geometry":{"type":"Point","coordinates":[73.7681553,20.0058758]},"properties":{"Tier":"1","Taluka":"Nashik","Zone":"Nashik Central","Category":"Other Budget Lodging","Name":"3 KEYS VILLA","Type":"Lodging","Rating":"4.7","Review Count":"66","Address":"Patil Colony Lane Number 2, College Rd, next to Woodland Showroom, Patil Colony, Canada Corner, Nashik, Maharashtra 422005, India","Opening Hours":"Monday: 1:00 PM – 12:00 AM | Tuesday: 1:00 PM – 12:00 AM | Wednesday: 1:00 PM – 12:00 AM | Thursday: 1:00 PM – 12:00 AM | Friday: 1:00 PM – 12:00 AM | Saturday: 1:00 PM – 12:00 AM | Sunday: 1:00 PM – 12:00 AM","Maps Link":"https://maps.google.com/?cid=17384670559276738675&g_mp=Cidnb29nbGUubWFwcy5wbGFjZXMudjEuUGxhY2VzLlNlYXJjaFRleHQQAhgEIAA"}},{"type":"Feature","geometry":{"type":"Point","coordinates":[73.7691704,19.9907795]},"properties":{"Tier":"1","Taluka":"Nashik","Zone":"Nashik Central","Category":"Other Budget Lodging","Name":"Anahat Host All","Type":"Lodging","Rating":"4.9","Review Count":"88","Phone":"099215 15431","Address":"S/V No.780, Plot No 6, Tidke Colony Rd, next to My Nest Apartment, Radha Vasudev Batavia Nagar, Govind Nagar, Nashik, Maharashtra 422008, India","Website":"http://www.anahathostall.com/","Maps Link":"https://maps.google.com/?cid=658865319655403097&g_mp=Cidnb29nbGUubWFwcy5wbGFjZXMudjEuUGxhY2VzLlNlYXJjaFRleHQQAhgEIAA"}},{"type":"Feature","geometry":{"type":"Point","coordinates":[73.7982293,19.9941421]},"properties":{"Tier":"1","Taluka":"Nashik","Zone":"Nashik Central","Category":"Other Budget Lodging","Name":"Blue Moon","Type":"Lodging","Rating":"3.1","Review Count":"39","Phone":"0253 230 5872","Address":"XQVX+M75, Dwarka Cir, Above Hotel Radhika, Maneksha Nagar, Dwarka, Nashik, Maharashtra 422001, India","Maps Link":"https://maps.google.com/?cid=18028300890397493667&g_mp=Cidnb29nbGUubWFwcy5wbGFjZXMudjEuUGxhY2VzLlNlYXJjaFRleHQQAhgEIAA"}},{"type":"Feature","geometry":{"type":"Point","coordinates":[73.7582834,19.9917975]},"properties":{"Tier":"1","Taluka":"Nashik","Zone":"Nashik Central","Category":"Other Budget Lodging","Name":"Casora Stays","Type":"Guest House","Rating":"4.9","Review Count":"8","Address":"Dr. Babasaheb Ambedkar Rd, beside Terotale hotel, near City Center Mall Road, Utkarsh Nagar, Parijat Nagar, Nashik, Maharashtra 422002, India","Maps Link":"https://maps.google.com/?cid=4341241811218917719&g_mp=Cidnb29nbGUubWFwcy5wbGFjZXMudjEuUGxhY2VzLlNlYXJjaFRleHQQAhgEIAA"}},{"type":"Feature","geometry":{"type":"Point","coordinates":[73.7698262,19.9951668]},"properties":{"Tier":"1","Taluka":"Nashik","Zone":"Nashik Central","Category":"Other Budget Lodging","Name":"Green View Hotel","Type":"Lodging","Rating":"3.9","Review Count":"224","Address":"XQW9+3W8, Holaram Colony, Sharanpur, Nashik, Maharashtra 422002, India","Maps Link":"https://maps.google.com/?cid=10774891573617521572&g_mp=Cidnb29nbGUubWFwcy5wbGFjZXMudjEuUGxhY2VzLlNlYXJjaFRleHQQAhgEIAA"}},{"type":"Feature","geometry":{"type":"Point","coordinates":[73.7797536,19.9965358]},"properties":{"Tier":"1","Taluka":"Nashik","Zone":"Nashik Central","Category":"Other Budget Lodging","Name":"HOTEL RAJDOOT","Type":"Lodging","Rating":"3.9","Review Count":"13","Phone":"098811 67192","Address":"1362/A, Trambakeshwar Rd, opp. Thakker Buzzer, Matoshree Nagar, Nashik, Maharashtra 422002, India","Maps Link":"https://maps.google.com/?cid=13132077365975839812&g_mp=Cidnb29nbGUubWFwcy5wbGFjZXMudjEuUGxhY2VzLlNlYXJjaFRleHQQAhgEIAA"}},{"type":"Feature","geometry":{"type":"Point","coordinates":[73.7803002,19.9612827]},"properties":{"Tier":"1","Taluka":"Nashik","Zone":"Nashik Central","Category":"Other Budget Lodging","Name":"Holiday Home Nashik","Type":"Lodging","Rating":"4.9","Review Count":"168","Phone":"094229 73637","Address":"Plot No.25, Wadala - Pathardi Rd, Sai Nagar, Opp. LIC Colony, Pandav Nagari, Sharda Vihar, Nashik, Maharashtra 422102, India","Website":"http://www.holidayhomenashik.com/","Opening Hours":"Monday: 6:00 AM – 9:00 PM | Tuesday: 6:00 AM – 9:00 PM | Wednesday: 6:00 AM – 9:00 PM | Thursday: 6:00 AM – 9:00 PM | Friday: 6:00 AM – 9:00 PM | Saturday: 6:00 AM – 9:00 PM | Sunday: 6:00 AM – 9:00 PM","Maps Link":"https://maps.google.com/?cid=9728006011211149126&g_mp=Cidnb29nbGUubWFwcy5wbGFjZXMudjEuUGxhY2VzLlNlYXJjaFRleHQQAhgEIAA"}},{"type":"Feature","geometry":{"type":"Point","coordinates":[73.7798231,19.976255]},"properties":{"Tier":"1","Taluka":"Nashik","Zone":"Nashik Central","Category":"Other Budget Lodging","Name":"My Second Home - Homestay","Type":"Guest House","Rating":"5","Review Count":"3","Address":"Flat no 1, Ground Floor, Gajra Park 2, Kamod Nagar, Indira Nagar, Nashik, Maharashtra 422009, India","Maps Link":"https://maps.google.com/?cid=4014023167675284720&g_mp=Cidnb29nbGUubWFwcy5wbGFjZXMudjEuUGxhY2VzLlNlYXJjaFRleHQQAhgEIAA"}},{"type":"Feature","geometry":{"type":"Point","coordinates":[73.8362899,19.95667]},"properties":{"Tier":"1","Taluka":"Nashik","Zone":"Nashik Central","Category":"Other Budget Lodging","Name":"Nashik Road PG","Type":"Guest House","Rating":"3.9","Review Count":"9","Phone":"087678 22538","Address":"Ragupati Society, B/23, near MSEB office, DattaMandir, Nashik Road, Nashik, Maharashtra 422101, India","Website":"https://www.nashikroadpg.com/","Maps Link":"https://maps.google.com/?cid=2288149246723903433&g_mp=Cidnb29nbGUubWFwcy5wbGFjZXMudjEuUGxhY2VzLlNlYXJjaFRleHQQAhgEIAA"}},{"type":"Feature","geometry":{"type":"Point","coordinates":[73.740065,20.014594]},"properties":{"Tier":"1","Taluka":"Nashik","Zone":"Nashik Central","Category":"Other Budget Lodging","Name":"Nashikbnb","Type":"Guest House","Rating":"4.6","Review Count":"13","Address":"Rushiraj Habitat, Flat #404, Shrikant Bhat, Gangapur Road, Navshya Ganapati Parisar, Ganpati Nagar, Anandvalli, Navshya Ganapati Parisar, Ganpati Nagar, Anandvalli, Nashik, Maharashtra 422013, India","Opening Hours":"Monday: Open 24 hours | Tuesday: Open 24 hours | Wednesday: Open 24 hours | Thursday: Open 24 hours | Friday: Open 24 hours | Saturday: Open 24 hours | Sunday: Open 24 hours","Maps Link":"https://maps.google.com/?cid=17706888528576373513&g_mp=Cidnb29nbGUubWFwcy5wbGFjZXMudjEuUGxhY2VzLlNlYXJjaFRleHQQAhgEIAA"}},{"type":"Feature","geometry":{"type":"Point","coordinates":[73.7709959,19.9713421]},"properties":{"Tier":"1","Taluka":"Nashik","Zone":"Nashik Central","Category":"Other Budget Lodging","Name":"Radhakrishna gest banglo","Type":"Guest House","Rating":"4.5","Review Count":"2","Address":"D-4yougmandir society, behind CIDCO Office, Lekha Nagar, Nashik, Maharashtra 422009, India","Opening Hours":"Monday: 8:00 AM – 10:00 PM | Tuesday: 8:00 AM – 10:00 PM | Wednesday: 8:00 AM – 10:00 PM | Thursday: 8:00 AM – 10:00 PM | Friday: 8:00 AM – 10:00 PM | Saturday: 8:00 AM – 10:00 PM | Sunday: 8:00 AM – 10:00 PM","Maps Link":"https://maps.google.com/?cid=11068707274322893598&g_mp=Cidnb29nbGUubWFwcy5wbGFjZXMudjEuUGxhY2VzLlNlYXJjaFRleHQQAhgEIAA"}},{"type":"Feature","geometry":{"type":"Point","coordinates":[73.7646472,19.9608709]},"properties":{"Tier":"1","Taluka":"Nashik","Zone":"Nashik Central","Category":"Other Budget Lodging","Name":"Wine City Villa M.T.D.C. Approved Tax Free","Type":"Guest House","Rating":"4.2","Review Count":"19","Phone":"090110 93288","Address":"Chetana nagar, Pathardi Phata, Nashik, Maharashtra 422009, India","Website":"https://winecityvilla.blogspot.com/","Opening Hours":"Monday: Open 24 hours | Tuesday: Open 24 hours | Wednesday: Open 24 hours | Thursday: Open 24 hours | Friday: Open 24 hours | Saturday: Open 24 hours | Sunday: Open 24 hours","Maps Link":"https://maps.google.com/?cid=9600625540341207401&g_mp=Cidnb29nbGUubWFwcy5wbGFjZXMudjEuUGxhY2VzLlNlYXJjaFRleHQQAhgEIAA"}},{"type":"Feature","geometry":{"type":"Point","coordinates":[73.8409125,19.9497783]},"properties":{"Tier":"1","Taluka":"Nashik","Zone":"Nashik Road","Category":"Guest House","Name":"Golden Guest House","Type":"Lodging","Rating":"3","Review Count":"8","Address":"Rajwada Nagar, Deolali Gaon, Nashik, Maharashtra 422101, India","Maps Link":"https://maps.google.com/?cid=2478711263106603582&g_mp=Cidnb29nbGUubWFwcy5wbGFjZXMudjEuUGxhY2VzLlNlYXJjaFRleHQQAhgEIAA"}},{"type":"Feature","geometry":{"type":"Point","coordinates":[73.7793235,19.941745]},"properties":{"Tier":"1","Taluka":"Nashik","Zone":"Nashik Road","Category":"Guest House","Name":"SPOT ON 71122 J M Guest House","Type":"Hotel","Rating":"5","Review Count":"7","Phone":"0124 620 1126","Address":"Plot No-45 Near Pathardi Phata ,Deolali, Road, Pathardi Gaon, Pathardi Phata, Nashik, Maharashtra 422010, India","Website":"https://www.oyorooms.com/98818/","Maps Link":"https://maps.google.com/?cid=3625634997574139904&g_mp=Cidnb29nbGUubWFwcy5wbGFjZXMudjEuUGxhY2VzLlNlYXJjaFRleHQQAhgEIAA"}},{"type":"Feature","geometry":{"type":"Point","coordinates":[73.80894,19.97841]},"properties":{"Tier":"1","Taluka":"Nashik","Zone":"Nashik Road","Category":"Lodge / Hostel","Name":"FabExpress Shanti Inn","Type":"Hotel","Rating":"3.7","Review Count":"40","Phone":"070424 24242","Address":"Highway, Nashik - Pune Rd, opposite Inox theatre, Shivaji Nagar, Nashik, Pune, Maharashtra 422006, India","Website":"https://www.fabhotels.com/hotels-in-nashik/fabhotel-shanti-inn.html?utm_source=GMB&utm_medium=organic&utm_campaign=GMB_Traffic","Maps Link":"https://maps.google.com/?cid=3261017005811422963&g_mp=Cidnb29nbGUubWFwcy5wbGFjZXMudjEuUGxhY2VzLlNlYXJjaFRleHQQAhgEIAA"}},{"type":"Feature","geometry":{"type":"Point","coordinates":[73.840911,19.949787]},"properties":{"Tier":"1","Taluka":"Nashik","Zone":"Nashik Road","Category":"Lodge / Hostel","Name":"HOTEL ANAND LODGING","Type":"Lodging","Rating":"3.6","Review Count":"287","Phone":"0253 245 6705","Address":"Esteem Tower, Near Railway Station, Opp. Petrol Pump, Rajwada Nagar, Nashik Rd, Nashik, Maharashtra 422101, India","Maps Link":"https://maps.google.com/?cid=8851125887002408272&g_mp=Cidnb29nbGUubWFwcy5wbGFjZXMudjEuUGxhY2VzLlNlYXJjaFRleHQQAhgEIAA"}},{"type":"Feature","geometry":{"type":"Point","coordinates":[73.7580659,19.9561488]},"properties":{"Tier":"1","Taluka":"Nashik","Zone":"Nashik Road","Category":"Lodge / Hostel","Name":"HOTEL SANTOSH CAFE LODGING & BAR","Type":"Hotel","Rating":"3.9","Review Count":"8","Address":"Nawale Nagar, Prashant Nagar, Pathardi Phata, Nashik, Maharashtra 422010, India","Maps Link":"https://maps.google.com/?cid=4582305792582952259&g_mp=Cidnb29nbGUubWFwcy5wbGFjZXMudjEuUGxhY2VzLlNlYXJjaFRleHQQAhgEIAA"}},{"type":"Feature","geometry":{"type":"Point","coordinates":[73.8415878,19.9493287]},"properties":{"Tier":"1","Taluka":"Nashik","Zone":"Nashik Road","Category":"Lodge / Hostel","Name":"Heramb Lodging","Type":"Hotel","Rating":"4.5","Review Count":"6","Phone":"088888 70006","Address":"2 Nashik Road Sinnar Fata, Rajwada Nagar, Nashik Road, Nashik, Maharashtra 422101, India","Maps Link":"https://maps.google.com/?cid=9674812642618600518&g_mp=Cidnb29nbGUubWFwcy5wbGFjZXMudjEuUGxhY2VzLlNlYXJjaFRleHQQAhgEIAA"}},{"type":"Feature","geometry":{"type":"Point","coordinates":[73.8381169,19.9544612]},"properties":{"Tier":"1","Taluka":"Nashik","Zone":"Nashik Road","Category":"Lodge / Hostel","Name":"Hotel DARSHAN Lodging","Type":"Hotel","Rating":"3.5","Review Count":"215","Phone":"0253 246 3784","Address":"XR3Q+Q6Q, Jail Rd, Bytco Point, Government Colony, Nashik, Maharashtra 422101, India","Maps Link":"https://maps.google.com/?cid=5966872946001643930&g_mp=Cidnb29nbGUubWFwcy5wbGFjZXMudjEuUGxhY2VzLlNlYXJjaFRleHQQAhgEIAA"}},{"type":"Feature","geometry":{"type":"Point","coordinates":[73.8410717,19.9478449]},"properties":{"Tier":"1","Taluka":"Nashik","Zone":"Nashik Road","Category":"Lodge / Hostel","Name":"Hotel Nalanda Lodging","Type":"Hotel","Rating":"2.3","Review Count":"52","Phone":"0253 246 1351","Address":"WRXR+4CP, near nasik orad railway station, P&T Colony, Rajwada Nagar, Deolali Gaon, Nashik, Maharashtra 422101, India","Opening Hours":"Monday: Open 24 hours | Tuesday: Open 24 hours | Wednesday: Open 24 hours | Thursday: Open 24 hours | Friday: Open 24 hours | Saturday: Open 24 hours | Sunday: Open 24 hours","Maps Link":"https://maps.google.com/?cid=8490366148341421679&g_mp=Cidnb29nbGUubWFwcy5wbGFjZXMudjEuUGxhY2VzLlNlYXJjaFRleHQQAhgEIAA"}},{"type":"Feature","geometry":{"type":"Point","coordinates":[73.8375,19.9543333]},"properties":{"Tier":"1","Taluka":"Nashik","Zone":"Nashik Road","Category":"Lodge / Hostel","Name":"Hotel O Bhagyashree Tourist And Lodging","Type":"Hotel","Rating":"3.3","Review Count":"6","Phone":"0124 433 0578","Address":"Plot No 17, Raj Building, Bytco Point, Nashik Road, DattaMandir, Nashik Road, Nashik, Maharashtra 422101, India","Website":"https://www.oyorooms.com/256060/","Maps Link":"https://maps.google.com/?cid=7414124695982297777&g_mp=Cidnb29nbGUubWFwcy5wbGFjZXMudjEuUGxhY2VzLlNlYXJjaFRleHQQAhgEIAA"}},{"type":"Feature","geometry":{"type":"Point","coordinates":[73.7583811,19.9572559]},"properties":{"Tier":"1","Taluka":"Nashik","Zone":"Nashik Road","Category":"Lodge / Hostel","Name":"Hotel SkyLark Inn","Type":"Hotel","Rating":"3.7","Review Count":"669","Phone":"088055 44404","Address":"Pathardi Phata, Service Rd, near ICICI Bank ATM, Ashwin Nagar, Nashik, Maharashtra 422009, India","Website":"https://www.hotelskylarkinn.in/","Opening Hours":"Monday: Open 24 hours | Tuesday: Open 24 hours | Wednesday: Open 24 hours | Thursday: Open 24 hours | Friday: Open 24 hours | Saturday: Open 24 hours | Sunday: Open 24 hours","Maps Link":"https://maps.google.com/?cid=12394520803441074415&g_mp=Cidnb29nbGUubWFwcy5wbGFjZXMudjEuUGxhY2VzLlNlYXJjaFRleHQQAhgEIAA"}},{"type":"Feature","geometry":{"type":"Point","coordinates":[73.8080586,19.9781489]},"properties":{"Tier":"1","Taluka":"Nashik","Zone":"Nashik Road","Category":"Lodge / Hostel","Name":"Quality Inn Regency","Type":"Hotel","Rating":"3.8","Review Count":"1536","Phone":"079729 36236","Address":"Kshatriya Estate, Nashik - Pune Rd, Shivajinagar, Nashik, Maharashtra 422006, India","Website":"http://www.qualityinnregencynashik.com/","Maps Link":"https://maps.google.com/?cid=14392098408571707401&g_mp=Cidnb29nbGUubWFwcy5wbGFjZXMudjEuUGxhY2VzLlNlYXJjaFRleHQQAhgEIAA"}},{"type":"Feature","geometry":{"type":"Point","coordinates":[73.840586,19.948819]},"properties":{"Tier":"1","Taluka":"Nashik","Zone":"Nashik Road","Category":"Lodge / Hostel","Name":"SPOT ON Sai Lodging And Restaurant","Type":"Hotel","Rating":"1","Review Count":"1","Phone":"0124 433 0578","Address":"Railway Station, Rajwada Nagar, Deolali Gaon, Nashik, Maharashtra 422101, India","Website":"https://www.oyorooms.com/196316/","Maps Link":"https://maps.google.com/?cid=12382203975325450710&g_mp=Cidnb29nbGUubWFwcy5wbGFjZXMudjEuUGxhY2VzLlNlYXJjaFRleHQQAhgEIAA"}},{"type":"Feature","geometry":{"type":"Point","coordinates":[73.8383613,19.9528924]},"properties":{"Tier":"1","Taluka":"Nashik","Zone":"Nashik Road","Category":"Lodge / Hostel","Name":"Sai Anand Guest House & Lodgings","Type":"Hotel","Rating":"3.1","Review Count":"18","Phone":"093258 44555","Address":"4, Rajwada Nagar, Nashik Road, Nashik, Maharashtra 422101, India","Website":"https://mybusiness.ind.in/sai-anand-guest-house","Maps Link":"https://maps.google.com/?cid=7966663632420911269&g_mp=Cidnb29nbGUubWFwcy5wbGFjZXMudjEuUGxhY2VzLlNlYXJjaFRleHQQAhgEIAA"}},{"type":"Feature","geometry":{"type":"Point","coordinates":[73.8406,19.94883]},"properties":{"Tier":"1","Taluka":"Nashik","Zone":"Nashik Road","Category":"Lodge / Hostel","Name":"Via Sai Lodging I","Type":"Hotel","Rating":"3.1","Review Count":"66","Phone":"070424 24242","Address":"2nd Floor, Apollo Tower, Railway Station, behind Dr Babasaheb Ambedkar Statue, Rajwada Nagar, Nashik Road, Nashik, Maharashtra 422101, India","Website":"https://www.fabhotels.com/hotels-in-nashik/fabhotel-sai-lodging-i.html?utm_source=GMB&utm_medium=organic&utm_campaign=GMB_Traffic","Maps Link":"https://maps.google.com/?cid=12517614445032135272&g_mp=Cidnb29nbGUubWFwcy5wbGFjZXMudjEuUGxhY2VzLlNlYXJjaFRleHQQAhgEIAA"}},{"type":"Feature","geometry":{"type":"Point","coordinates":[73.837599,19.9289299]},"properties":{"Tier":"1","Taluka":"Nashik","Zone":"Nashik Road","Category":"Other Budget Lodging","Name":"Anant Arogya Nidhi","Type":"Lodging","Rating":"4.6","Review Count":"30","Address":"Off, Lam Rd, behind Shani Mandir, Saubhagaya Nagar, Deolali Gaon, Nashik, Maharashtra 422501, India","Maps Link":"https://maps.google.com/?cid=7660348126739865918&g_mp=Cidnb29nbGUubWFwcy5wbGFjZXMudjEuUGxhY2VzLlNlYXJjaFRleHQQAhgEIAA"}},{"type":"Feature","geometry":{"type":"Point","coordinates":[73.8319042,19.9168647]},"properties":{"Tier":"1","Taluka":"Nashik","Zone":"Nashik Road","Category":"Other Budget Lodging","Name":"Ghogari Sanatorium","Type":"Lodging","Rating":"4.4","Review Count":"122","Address":"WR8J+PQR, Indrayani Society, Sansari, Maharashtra 422401, India","Opening Hours":"Monday: Open 24 hours | Tuesday: Open 24 hours | Wednesday: Open 24 hours | Thursday: Open 24 hours | Friday: Open 24 hours | Saturday: Open 24 hours | Sunday: Open 24 hours","Maps Link":"https://maps.google.com/?cid=1554834640580164564&g_mp=Cidnb29nbGUubWFwcy5wbGFjZXMudjEuUGxhY2VzLlNlYXJjaFRleHQQAhgEIAA"}},{"type":"Feature","geometry":{"type":"Point","coordinates":[73.8405399,19.9489486]},"properties":{"Tier":"1","Taluka":"Nashik","Zone":"Nashik Road","Category":"Other Budget Lodging","Name":"Hotel Kailas","Type":"Lodging","Rating":"3.5","Review Count":"56","Phone":"0253 246 3966","Address":"Bitco Point, Sinnar, Rajwada Nagar, Deolali Gaon, Nashik, Maharashtra 422101, India","Website":"https://www.hotelkailas.com/","Maps Link":"https://maps.google.com/?cid=13512721854479530733&g_mp=Cidnb29nbGUubWFwcy5wbGFjZXMudjEuUGxhY2VzLlNlYXJjaFRleHQQAhgEIAA"}},{"type":"Feature","geometry":{"type":"Point","coordinates":[73.8406285,19.948692]},"properties":{"Tier":"1","Taluka":"Nashik","Zone":"Nashik Road","Category":"Other Budget Lodging","Name":"Hotel Sai Sahara","Type":"Lodging","Rating":"3.2","Review Count":"207","Phone":"0253 246 0999","Address":"Ticket counter nasik road railway station, Rajwada Nagar, Deolali Gaon, Nashik, Maharashtra 422101, India","Opening Hours":"Monday: Open 24 hours | Tuesday: Open 24 hours | Wednesday: Open 24 hours | Thursday: Open 24 hours | Friday: Open 24 hours | Saturday: Open 24 hours | Sunday: Open 24 hours","Maps Link":"https://maps.google.com/?cid=11293649249935276750&g_mp=Cidnb29nbGUubWFwcy5wbGFjZXMudjEuUGxhY2VzLlNlYXJjaFRleHQQAhgEIAA"}},{"type":"Feature","geometry":{"type":"Point","coordinates":[73.7397871,19.991745]},"properties":{"Tier":"1","Taluka":"Nashik","Zone":"Satpur","Category":"Guest House","Name":"MIDC GUEST HOUSE","Type":"Condominium Complex","Rating":"3.3","Review Count":"6","Address":"XPRQ+MWV, Trambakeshwar Rd, MIDC, Satpur Colony, Nashik, Maharashtra 422007, India","Maps Link":"https://maps.google.com/?cid=18394153195449115360&g_mp=Cidnb29nbGUubWFwcy5wbGFjZXMudjEuUGxhY2VzLlNlYXJjaFRleHQQAhgEIAA"}},{"type":"Feature","geometry":{"type":"Point","coordinates":[73.7171083,20.0186723]},"properties":{"Tier":"1","Taluka":"Nashik","Zone":"Satpur","Category":"Guest House","Name":"Mohiniraj Guest House, Nashik","Type":"Hotel","Rating":"3.8","Review Count":"118","Phone":"092268 69287","Address":"Plot. No. 27, S. No. 89, opp. Motiwala College, Shivaji Nagar, Gangapur, Nashik, Maharashtra 422012, India","Website":"http://www.mohinirajguesthousenashik.in/","Maps Link":"https://maps.google.com/?cid=10898651724641512493&g_mp=Cidnb29nbGUubWFwcy5wbGFjZXMudjEuUGxhY2VzLlNlYXJjaFRleHQQAhgEIAA"}},{"type":"Feature","geometry":{"type":"Point","coordinates":[73.7582891,19.9573376]},"properties":{"Tier":"1","Taluka":"Nashik","Zone":"Satpur","Category":"Guest House","Name":"SAI SEVA GUEST HOUSE","Type":"Hotel","Rating":"3.8","Review Count":"5","Phone":"070207 31084","Address":"Mumbai-Nashik Expy Road NH-3 , Ashwin Nagar, Pathardi Phata, Nashik, Maharashtra 422009, India","Maps Link":"https://maps.google.com/?cid=9260088255737399710&g_mp=Cidnb29nbGUubWFwcy5wbGFjZXMudjEuUGxhY2VzLlNlYXJjaFRleHQQAhgEIAA"}},{"type":"Feature","geometry":{"type":"Point","coordinates":[73.7552547,19.9525754]},"properties":{"Tier":"1","Taluka":"Nashik","Zone":"Satpur","Category":"Lodge / Hostel","Name":"Hotel Express Inn","Type":"Hotel","Rating":"4.4","Review Count":"13881","Phone":"0253 664 1111","Address":"Agra - Mumbai Hwy, Prashant Nagar, Pathardi Phata, Ambad, Nashik, Maharashtra 422010, India","Website":"https://expressinnindia.com/","Maps Link":"https://maps.google.com/?cid=13109265887234844093&g_mp=Cidnb29nbGUubWFwcy5wbGFjZXMudjEuUGxhY2VzLlNlYXJjaFRleHQQAhgEIAA"}},{"type":"Feature","geometry":{"type":"Point","coordinates":[73.7837641,19.9881897]},"properties":{"Tier":"1","Taluka":"Nashik","Zone":"Satpur","Category":"Lodge / Hostel","Name":"Hotel Hoysala Lodging","Type":"Hotel","Rating":"3.9","Review Count":"384","Phone":"0253 259 9112","Address":"Opp. Mahamarg Bus Stand, Mumbai Naka, Old Agra R, Mumbai Naka, Renuka Nagar, Nashik, Maharashtra 422001, India","Maps Link":"https://maps.google.com/?cid=11057160930324060457&g_mp=Cidnb29nbGUubWFwcy5wbGFjZXMudjEuUGxhY2VzLlNlYXJjaFRleHQQAhgEIAA"}},{"type":"Feature","geometry":{"type":"Point","coordinates":[73.7617514,19.9331146]},"properties":{"Tier":"1","Taluka":"Nashik","Zone":"Satpur","Category":"Lodge / Hostel","Name":"Hotel The infinity inn","Type":"Hotel","Rating":"4.5","Review Count":"48","Address":"Hotel The infinity inn, opposite SSK Club & Resort, Nashik, Maharashtra 422010, India","Maps Link":"https://maps.google.com/?cid=3363391605935081955&g_mp=Cidnb29nbGUubWFwcy5wbGFjZXMudjEuUGxhY2VzLlNlYXJjaFRleHQQAhgEIAA"}},{"type":"Feature","geometry":{"type":"Point","coordinates":[73.7147104,19.9817788]},"properties":{"Tier":"1","Taluka":"Nashik","Zone":"Satpur","Category":"Lodge / Hostel","Name":"Hotel vikrant Inn","Type":"Lodging","Rating":"2.6","Review Count":"40","Phone":"099211 16619","Address":"5 va Mail, Trambakeshwar Rd, Pimpalgaon Bahula, Nashik, Maharashtra 422010, India","Maps Link":"https://maps.google.com/?cid=14512052576246294206&g_mp=Cidnb29nbGUubWFwcy5wbGFjZXMudjEuUGxhY2VzLlNlYXJjaFRleHQQAhgEIAA"}},{"type":"Feature","geometry":{"type":"Point","coordinates":[73.7579445,19.9618513]},"properties":{"Tier":"1","Taluka":"Nashik","Zone":"Satpur","Category":"Lodge / Hostel","Name":"RADHIKA INN SUIT ROOMS","Type":"Hotel","Rating":"3.8","Review Count":"166","Phone":"0253 237 3177","Address":"Plot No. 1A, behind MICO Hall, near Raje Sambhaji Stadium, Shravan Sector, Ashwin Nagar, Nashik, Maharashtra 422008, India","Maps Link":"https://maps.google.com/?cid=6400031401958514611&g_mp=Cidnb29nbGUubWFwcy5wbGFjZXMudjEuUGxhY2VzLlNlYXJjaFRleHQQAhgEIAA"}},{"type":"Feature","geometry":{"type":"Point","coordinates":[73.750289,19.954831]},"properties":{"Tier":"1","Taluka":"Nashik","Zone":"Satpur","Category":"Lodge / Hostel","Name":"The Dorm Inn","Type":"Hotel","Rating":"5","Review Count":"1","Phone":"090751 15155","Address":"PAP 18, MIDC Ambad, Nashik, Maharashtra 422010, India","Maps Link":"https://maps.google.com/?cid=15334250786503220688&g_mp=Cidnb29nbGUubWFwcy5wbGFjZXMudjEuUGxhY2VzLlNlYXJjaFRleHQQAhgEIAA"}},{"type":"Feature","geometry":{"type":"Point","coordinates":[73.7622275,19.9612305]},"properties":{"Tier":"1","Taluka":"Nashik","Zone":"Cidco / Gangapur","Category":"Guest House","Name":"Rohan Guest House","Type":"Services","Rating":"4.8","Review Count":"6","Phone":"098813 68013","Address":"Mahindra Housing Rd, 21, Telephone Exchange Rd, Block M, Ashwin Nagar, Nashik, Maharashtra 422009, India","Opening Hours":"Monday: Open 24 hours | Tuesday: Open 24 hours | Wednesday: Open 24 hours | Thursday: Open 24 hours | Friday: Open 24 hours | Saturday: Open 24 hours | Sunday: Open 24 hours","Maps Link":"https://maps.google.com/?cid=2805677307409368286&g_mp=Cidnb29nbGUubWFwcy5wbGFjZXMudjEuUGxhY2VzLlNlYXJjaFRleHQQAhgEIAA"}},{"type":"Feature","geometry":{"type":"Point","coordinates":[73.7737539,20.0070313]},"properties":{"Tier":"1","Taluka":"Nashik","Zone":"Cidco / Gangapur","Category":"Lodge / Hostel","Name":"JDM PG Hostel","Type":"Services","Rating":"4.7","Review Count":"71","Phone":"094227 47035","Address":"Deeparti Apt, Gangapur Rd, Thakkar Nagar, Shivaji Nagar, Nashik, Maharashtra 422002, India","Opening Hours":"Monday: 9:00 AM – 9:00 PM | Tuesday: 9:00 AM – 9:00 PM | Wednesday: 9:00 AM – 9:00 PM | Thursday: 9:00 AM – 9:00 PM | Friday: 9:00 AM – 9:00 PM | Saturday: 9:00 AM – 9:00 PM | Sunday: 9:00 AM – 9:00 PM","Maps Link":"https://maps.google.com/?cid=1266983958610494251&g_mp=Cidnb29nbGUubWFwcy5wbGFjZXMudjEuUGxhY2VzLlNlYXJjaFRleHQQAhgEIAA"}},{"type":"Feature","geometry":{"type":"Point","coordinates":[73.7662686,20.0065413]},"properties":{"Tier":"1","Taluka":"Nashik","Zone":"Cidco / Gangapur","Category":"Lodge / Hostel","Name":"Sushila Girl's PG Hostel -Best Pg for Girls |Best Girls Hostel & Pg |Top Girls Hostel & Pg in Nashik","Type":"Services","Rating":"4","Review Count":"141","Phone":"097307 15857","Address":"Sushila Girls PG Hostel opposite hotel banzai L.P Poddar Marg , Patil lane, 3, College Rd, near Gangapur Road, Patil Colony, Canada Corner, Nashik, Maharashtra 422005, India","Opening Hours":"Monday: Open 24 hours | Tuesday: Open 24 hours | Wednesday: Open 24 hours | Thursday: Open 24 hours | Friday: Open 24 hours | Saturday: Open 24 hours | Sunday: Open 24 hours","Maps Link":"https://maps.google.com/?cid=15975030348650104071&g_mp=Cidnb29nbGUubWFwcy5wbGFjZXMudjEuUGxhY2VzLlNlYXJjaFRleHQQAhgEIAA"}},{"type":"Feature","geometry":{"type":"Point","coordinates":[73.7728577,19.9855081]},"properties":{"Tier":"1","Taluka":"Nashik","Zone":"Cidco / Gangapur","Category":"Lodge / Hostel","Name":"VayaVia Innovation meets comfort | Comfy 3BHK Homestay","Type":"Homestay","Review Count":"0","Address":"Govind nagar, Bhujbal Farm Rd, Sadashiv Nagar, Sadguru Nagar, Nashik, Maharashtra 422009, India","Website":"https://www.staypreneur.com/","Maps Link":"https://maps.google.com/?cid=7502411898352244751&g_mp=Cidnb29nbGUubWFwcy5wbGFjZXMudjEuUGxhY2VzLlNlYXJjaFRleHQQAhgEIAA"}},{"type":"Feature","geometry":{"type":"Point","coordinates":[73.7671365,19.9647397]},"properties":{"Tier":"1","Taluka":"Nashik","Zone":"Cidco / Gangapur","Category":"Other Budget Lodging","Name":"Shree Mangal Apartment","Type":"Guest House","Rating":"4.6","Review Count":"5","Address":"Near Kyriad Hotel, Underpass, Agra - Mumbai Hwy, Chetana nagar, Rane Nagar, Nashik, Maharashtra 422009, India","Maps Link":"https://maps.google.com/?cid=13812877529056269504&g_mp=Cidnb29nbGUubWFwcy5wbGFjZXMudjEuUGxhY2VzLlNlYXJjaFRleHQQAhgEIAA"}},{"type":"Feature","geometry":{"type":"Point","coordinates":[73.7481731,19.9875596]},"properties":{"Tier":"1","Taluka":"Nashik","Zone":"Cidco / Gangapur","Category":"Other Budget Lodging","Name":"Vayavia White House | Where Comfort Feel Like Home","Type":"Guest House","Review Count":"0","Address":"Flat No. 5, Sai Utkarsh, Priyanka Garden, Khutawad Nagar, Nashik, Maharashtra 422008, India","Website":"https://vayavia.com/","Maps Link":"https://maps.google.com/?cid=18139999487424228425&g_mp=Cidnb29nbGUubWFwcy5wbGFjZXMudjEuUGxhY2VzLlNlYXJjaFRleHQQAhgEIAA"}},{"type":"Feature","geometry":{"type":"Point","coordinates":[73.7471726,19.9801602]},"properties":{"Tier":"1","Taluka":"Nashik","Zone":"Cidco / Gangapur","Category":"Other Budget Lodging","Name":"Vovam Service Apartment ( Formely DS Group )","Type":"Lodging","Rating":"4.4","Review Count":"581","Phone":"095456 66631","Address":"Plot No.1, Trambakeshwar Rd, near ITI Signal, Khutawad Nagar, Nashik, Maharashtra 422008, India","Website":"https://vovam.in/","Opening Hours":"Monday: 12:00 PM – 12:00 AM | Tuesday: 12:00 PM – 12:00 AM | Wednesday: 12:00 PM – 12:00 AM | Thursday: 12:00 PM – 12:00 AM | Friday: 12:00 PM – 12:00 AM | Saturday: 12:00 PM – 12:00 AM | Sunday: 12:00 PM – 12:00 AM","Maps Link":"https://maps.google.com/?cid=4444073482063566556&g_mp=Cidnb29nbGUubWFwcy5wbGFjZXMudjEuUGxhY2VzLlNlYXJjaFRleHQQAhgEIAA"}},{"type":"Feature","geometry":{"type":"Point","coordinates":[73.6895586,20.0195075]},"properties":{"Tier":"1","Taluka":"Nashik","Zone":"Govardhan / Gangapur Dam","Category":"Guest House","Name":"Abhyagat Guest House","Type":"Building","Review Count":"0","Address":"2M9Q+QRV Abhyagat Guest House, Pre IAS Training Centre, YCMOU, Govardhan, Maharashtra 422222, India","Maps Link":"https://maps.google.com/?cid=8117262945509906168&g_mp=Cidnb29nbGUubWFwcy5wbGFjZXMudjEuUGxhY2VzLlNlYXJjaFRleHQQAhgEIAA"}},{"type":"Feature","geometry":{"type":"Point","coordinates":[73.6581482,20.0057877]},"properties":{"Tier":"1","Taluka":"Nashik","Zone":"Govardhan / Gangapur Dam","Category":"Other Budget Lodging","Name":"Tripvana Patio Home","Type":"Lodging","Rating":"4.6","Review Count":"42","Address":"2M45+876, Gangavhare, Maharashtra 422222, India","Website":"https://tripvana.in/","Maps Link":"https://maps.google.com/?cid=14800492670706635072&g_mp=Cidnb29nbGUubWFwcy5wbGFjZXMudjEuUGxhY2VzLlNlYXJjaFRleHQQAhgEIAA"}},{"type":"Feature","geometry":{"type":"Point","coordinates":[73.8367201,19.8969779]},"properties":{"Tier":"1","Taluka":"Nashik","Zone":"Devlali Camp & Deolali Gaon","Category":"Government / PWD Rest House","Name":"Devlali railway retiring room","Type":"Hotel","Rating":"4.3","Review Count":"47","Address":"VRWP+QMX, Sansari Village, Devlali, Maharashtra 422401, India","Maps Link":"https://maps.google.com/?cid=1516517569473184823&g_mp=Cidnb29nbGUubWFwcy5wbGFjZXMudjEuUGxhY2VzLlNlYXJjaFRleHQQAhgEIAA"}},{"type":"Feature","geometry":{"type":"Point","coordinates":[73.840356,19.950201]},"properties":{"Tier":"1","Taluka":"Nashik","Zone":"Devlali Camp & Deolali Gaon","Category":"Lodge / Hostel","Name":"Capital O 22772 Hotel Shree Purva Lodging & Dormitary","Type":"Hotel","Rating":"3.6","Review Count":"194","Phone":"0124 620 1126","Address":"235 B/1/2 2nd, Minakshi Tower, Ambedkar Rd, Rajwada Nagar, Nashik Road, Nashik, Maharashtra 422101, India","Website":"https://www.oyorooms.com/44569","Maps Link":"https://maps.google.com/?cid=4481185761610116885&g_mp=Cidnb29nbGUubWFwcy5wbGFjZXMudjEuUGxhY2VzLlNlYXJjaFRleHQQAhgEIAA"}},{"type":"Feature","geometry":{"type":"Point","coordinates":[73.8169326,19.896677]},"properties":{"Tier":"1","Taluka":"Nashik","Zone":"Devlali Camp & Deolali Gaon","Category":"Other Budget Lodging","Name":"Amã Stays & Trails Butterfly Villa, Deolali, Nashik","Type":"Lodging","Review Count":"0","Address":"Deolali Camp, Devlali, Maharashtra 422401, India","Website":"https://www.us.despegar.com/hotels/h-6885937","Maps Link":"https://maps.google.com/?cid=11801884803040583438&g_mp=Cidnb29nbGUubWFwcy5wbGFjZXMudjEuUGxhY2VzLlNlYXJjaFRleHQQAhgEIAA"}},{"type":"Feature","geometry":{"type":"Point","coordinates":[73.8256309,19.9220564]},"properties":{"Tier":"1","Taluka":"Nashik","Zone":"Devlali Camp & Deolali Gaon","Category":"Other Budget Lodging","Name":"Ashtapad vagad sanatorium","Type":"Lodging","Rating":"4.4","Review Count":"210","Address":"WRCF+JWM, Lam Rd, Deolali Gaon, Belatgavhan, Maharashtra 422401, India","Maps Link":"https://maps.google.com/?cid=13322009166508618084&g_mp=Cidnb29nbGUubWFwcy5wbGFjZXMudjEuUGxhY2VzLlNlYXJjaFRleHQQAhgEIAA"}},{"type":"Feature","geometry":{"type":"Point","coordinates":[73.8308384,19.9159269]},"properties":{"Tier":"1","Taluka":"Nashik","Zone":"Devlali Camp & Deolali Gaon","Category":"Other Budget Lodging","Name":"Bombay Sugar Arogyadham","Type":"Lodging","Rating":"3.9","Review Count":"132","Address":"off lam road behind Kothari Sanatorium, WR8J+98G, Road, near Goghari sanatorium, Deolali Gaon, Sansari, Maharashtra 422401, India","Opening Hours":"Monday: Open 24 hours | Tuesday: Open 24 hours | Wednesday: Open 24 hours | Thursday: Open 24 hours | Friday: Open 24 hours | Saturday: Open 24 hours | Sunday: Open 24 hours","Maps Link":"https://maps.google.com/?cid=13510960102171289461&g_mp=Cidnb29nbGUubWFwcy5wbGFjZXMudjEuUGxhY2VzLlNlYXJjaFRleHQQAhgEIAA"}},{"type":"Feature","geometry":{"type":"Point","coordinates":[73.832907,19.9198809]},"properties":{"Tier":"1","Taluka":"Nashik","Zone":"Devlali Camp & Deolali Gaon","Category":"Other Budget Lodging","Name":"Devji Ratanshi sanetorium","Type":"Lodging","Rating":"4.4","Review Count":"377","Address":"206, Lam Rd, Deolali Gaon, Belatgavhan, Maharashtra 422401, India","Maps Link":"https://maps.google.com/?cid=15447312284414858300&g_mp=Cidnb29nbGUubWFwcy5wbGFjZXMudjEuUGxhY2VzLlNlYXJjaFRleHQQAhgEIAA"}},{"type":"Feature","geometry":{"type":"Point","coordinates":[73.8324488,19.8966067]},"properties":{"Tier":"1","Taluka":"Nashik","Zone":"Devlali Camp & Deolali Gaon","Category":"Other Budget Lodging","Name":"Devlali Military Siding & Shed","Type":"Guest House","Rating":"4.3","Review Count":"84","Address":"VRWJ+JXW, Vijay Nagar, Devlali, Maharashtra 422401, India","Maps Link":"https://maps.google.com/?cid=15395412406556809151&g_mp=Cidnb29nbGUubWFwcy5wbGFjZXMudjEuUGxhY2VzLlNlYXJjaFRleHQQAhgEIAA"}},{"type":"Feature","geometry":{"type":"Point","coordinates":[73.8243566,19.9061342]},"properties":{"Tier":"1","Taluka":"Nashik","Zone":"Devlali Camp & Deolali Gaon","Category":"Other Budget Lodging","Name":"Fatima Sanatorium","Type":"Lodging","Rating":"4.4","Review Count":"265","Address":"Rd,, Anand Road, Deolali Camp, Sansari, Maharashtra 422401, India","Maps Link":"https://maps.google.com/?cid=5818459631233229643&g_mp=Cidnb29nbGUubWFwcy5wbGFjZXMudjEuUGxhY2VzLlNlYXJjaFRleHQQAhgEIAA"}},{"type":"Feature","geometry":{"type":"Point","coordinates":[73.8345961,19.9284525]},"properties":{"Tier":"1","Taluka":"Nashik","Zone":"Devlali Camp & Deolali Gaon","Category":"Other Budget Lodging","Name":"Mani Bhuvan Arogya Dham","Type":"Lodging","Rating":"4.5","Review Count":"168","Phone":"0253 247 3249","Address":"Lam Rd, Deolali Gaon, Devlali, Maharashtra 422501, India","Opening Hours":"Monday: 3:00 – 6:30 PM | Tuesday: 3:00 – 6:30 PM | Wednesday: 3:00 – 6:30 PM | Thursday: 3:00 – 6:30 PM | Friday: 3:00 – 6:30 PM | Saturday: Closed | Sunday: Closed","Maps Link":"https://maps.google.com/?cid=5946504724123982173&g_mp=Cidnb29nbGUubWFwcy5wbGFjZXMudjEuUGxhY2VzLlNlYXJjaFRleHQQAhgEIAA"}},{"type":"Feature","geometry":{"type":"Point","coordinates":[73.8360677,19.918343]},"properties":{"Tier":"1","Taluka":"Nashik","Zone":"Devlali Camp & Deolali Gaon","Category":"Other Budget Lodging","Name":"Zalawadi, Lam Road","Type":"Lodging","Rating":"4.3","Review Count":"245","Address":"WR9P+8CP, Unnamed Road, Deolali Gaon, Sansari, Maharashtra 422401, India","Maps Link":"https://maps.google.com/?cid=12137801379737908346&g_mp=Cidnb29nbGUubWFwcy5wbGFjZXMudjEuUGxhY2VzLlNlYXJjaFRleHQQAhgEIAA"}},{"type":"Feature","geometry":{"type":"Point","coordinates":[73.7907013,19.999184]},"properties":{"Tier":"1","Taluka":"Nashik","Zone":"Indira Nagar / Eklahare","Category":"Lodge / Hostel","Name":"AL MAHEFUZ NX LODGE HOTEL AL-MUSHTAQUE","Type":"Ice Cream Shop","Rating":"4.5","Review Count":"15","Phone":"098506 17866","Address":"Shop No 01, Dargah Road, Pinjar Ghat Rd, Doodh Bazar, Naikwadi Pura, Koknipura, Nashik, Maharashtra 422001, India","Maps Link":"https://maps.google.com/?cid=494407228739970789&g_mp=Cidnb29nbGUubWFwcy5wbGFjZXMudjEuUGxhY2VzLlNlYXJjaFRleHQQAhgEIAA"}},{"type":"Feature","geometry":{"type":"Point","coordinates":[73.7914397,19.9967178]},"properties":{"Tier":"1","Taluka":"Nashik","Zone":"Indira Nagar / Eklahare","Category":"Lodge / Hostel","Name":"Amir Lodge","Type":"Lodging","Rating":"4.1","Review Count":"68","Phone":"0253 259 7594","Address":"Near Jahangir Masjid, Chowk Mandai 2848, Old Nashik, Multanpura, Nashik, Maharashtra 422001, India","Maps Link":"https://maps.google.com/?cid=15860364994560976603&g_mp=Cidnb29nbGUubWFwcy5wbGFjZXMudjEuUGxhY2VzLlNlYXJjaFRleHQQAhgEIAA"}},{"type":"Feature","geometry":{"type":"Point","coordinates":[73.788843,20.0009097]},"properties":{"Tier":"1","Taluka":"Nashik","Zone":"Indira Nagar / Eklahare","Category":"Lodge / Hostel","Name":"Crystal Lodge","Type":"Hotel","Rating":"4.6","Review Count":"8","Phone":"090282 23184","Address":"Om Sai complex, Above Good luck shop, Adjacent to Best Hardware Behind Sandharbha (Govt) Hospital, Thakare Road, Main Rd, Bhadrakali, Koknipura, Nashik, Maharashtra 422001, India","Maps Link":"https://maps.google.com/?cid=17056400285187715906&g_mp=Cidnb29nbGUubWFwcy5wbGFjZXMudjEuUGxhY2VzLlNlYXJjaFRleHQQAhgEIAA"}},{"type":"Feature","geometry":{"type":"Point","coordinates":[73.7881017,19.9973606]},"properties":{"Tier":"1","Taluka":"Nashik","Zone":"Indira Nagar / Eklahare","Category":"Lodge / Hostel","Name":"Gulshan lodge","Type":"Lodging","Rating":"3.2","Review Count":"82","Phone":"098903 03092","Address":"XQWQ+W6X, Gotane Wada, Nashik, Maharashtra 422001, India","Opening Hours":"Monday: Open 24 hours | Tuesday: Open 24 hours | Wednesday: Open 24 hours | Thursday: Open 24 hours | Friday: Open 24 hours | Saturday: Open 24 hours | Sunday: Open 24 hours","Maps Link":"https://maps.google.com/?cid=14000445733380492341&g_mp=Cidnb29nbGUubWFwcy5wbGFjZXMudjEuUGxhY2VzLlNlYXJjaFRleHQQAhgEIAA"}},{"type":"Feature","geometry":{"type":"Point","coordinates":[73.7885482,19.9993186]},"properties":{"Tier":"1","Taluka":"Nashik","Zone":"Indira Nagar / Eklahare","Category":"Lodge / Hostel","Name":"Hotel Delight Stay LODGING","Type":"Lodging","Rating":"3","Review Count":"2","Phone":"086696 69638","Address":"Flat No. 1; FARUK BUILDING. TRAMBAK POLICE CHAUKI, Police Chauki Garib Nawaz Hotel, behind Trambakeshwar Road, Khadkali, Bhadrakali, Koknipura, Nashik, Maharashtra 422001, India","Maps Link":"https://maps.google.com/?cid=11744086058067570704&g_mp=Cidnb29nbGUubWFwcy5wbGFjZXMudjEuUGxhY2VzLlNlYXJjaFRleHQQAhgEIAA"}},{"type":"Feature","geometry":{"type":"Point","coordinates":[73.8444001,20.0012584]},"properties":{"Tier":"1","Taluka":"Nashik","Zone":"Indira Nagar / Eklahare","Category":"Lodge / Hostel","Name":"Manjula Inn","Type":"Hotel","Rating":"4.7","Review Count":"53","Phone":"072639 00800","Address":"Nandur - Jatra Link Road, Sambhaji Nagar Road, Nandur Naka, Chhatrapti, Nashik, Maharashtra 422003, India","Website":"https://manjulainn.com/","Maps Link":"https://maps.google.com/?cid=4164517249814356750&g_mp=Cidnb29nbGUubWFwcy5wbGFjZXMudjEuUGxhY2VzLlNlYXJjaFRleHQQAhgEIAA"}},{"type":"Feature","geometry":{"type":"Point","coordinates":[73.7893809,19.999429]},"properties":{"Tier":"1","Taluka":"Nashik","Zone":"Indira Nagar / Eklahare","Category":"Lodge / Hostel","Name":"Monde lodge","Type":"Lodging","Rating":"5","Review Count":"1","Address":"1238, Trambakeshwar Rd, Bhadrakali, Shalimar, Nashik, Maharashtra 422001, India","Maps Link":"https://maps.google.com/?cid=7302624891148943670&g_mp=Cidnb29nbGUubWFwcy5wbGFjZXMudjEuUGxhY2VzLlNlYXJjaFRleHQQAhgEIAA"}},{"type":"Feature","geometry":{"type":"Point","coordinates":[73.7925867,19.9963126]},"properties":{"Tier":"1","Taluka":"Nashik","Zone":"Indira Nagar / Eklahare","Category":"Lodge / Hostel","Name":"NEW INDIA Lodge Chowk Mandi","Type":"Lodging","Rating":"4.1","Review Count":"12","Phone":"092261 47001","Address":"Maharashtra, Bagwanpura, Koknipura, Nashik, Maharashtra 422001, India","Opening Hours":"Monday: Open 24 hours | Tuesday: Open 24 hours | Wednesday: Open 24 hours | Thursday: Open 24 hours | Friday: Open 24 hours | Saturday: Open 24 hours | Sunday: Open 24 hours","Maps Link":"https://maps.google.com/?cid=13468241278812056305&g_mp=Cidnb29nbGUubWFwcy5wbGFjZXMudjEuUGxhY2VzLlNlYXJjaFRleHQQAhgEIAA"}},{"type":"Feature","geometry":{"type":"Point","coordinates":[73.7888182,20.0002298]},"properties":{"Tier":"1","Taluka":"Nashik","Zone":"Indira Nagar / Eklahare","Category":"Lodge / Hostel","Name":"Sameena Lodge And Communications","Type":"Lodging","Rating":"2.8","Review Count":"5","Phone":"099757 86525","Address":"121, Main Rd, Bhadrakali, Koknipura, Nashik, Maharashtra 422001, India","Maps Link":"https://maps.google.com/?cid=4600482040997751497&g_mp=Cidnb29nbGUubWFwcy5wbGFjZXMudjEuUGxhY2VzLlNlYXJjaFRleHQQAhgEIAA"}},{"type":"Feature","geometry":{"type":"Point","coordinates":[73.7887703,20.0019573]},"properties":{"Tier":"1","Taluka":"Nashik","Zone":"Indira Nagar / Eklahare","Category":"Lodge / Hostel","Name":"Sangam Lodge","Type":"Hotel","Rating":"5","Review Count":"2","Phone":"093725 64364","Address":"86, Main Rd, Shalimar, Nashik, Maharashtra 422001, India","Opening Hours":"Monday: Open 24 hours | Tuesday: Open 24 hours | Wednesday: Open 24 hours | Thursday: Open 24 hours | Friday: Open 24 hours | Saturday: Open 24 hours | Sunday: Open 24 hours","Maps Link":"https://maps.google.com/?cid=12976251718355753985&g_mp=Cidnb29nbGUubWFwcy5wbGFjZXMudjEuUGxhY2VzLlNlYXJjaFRleHQQAhgEIAA"}},{"type":"Feature","geometry":{"type":"Point","coordinates":[73.7892997,19.9988265]},"properties":{"Tier":"1","Taluka":"Nashik","Zone":"Indira Nagar / Eklahare","Category":"Lodge / Hostel","Name":"Shama Patkari Lodge","Type":"Lodging","Rating":"3.7","Review Count":"7","Address":"XQXQ+GPM, Gotane Wada, Nashik, Maharashtra 422001, India","Maps Link":"https://maps.google.com/?cid=16100608856655902753&g_mp=Cidnb29nbGUubWFwcy5wbGFjZXMudjEuUGxhY2VzLlNlYXJjaFRleHQQAhgEIAA"}},{"type":"Feature","geometry":{"type":"Point","coordinates":[73.7891254,19.992075]},"properties":{"Tier":"1","Taluka":"Nashik","Zone":"Indira Nagar / Eklahare","Category":"Lodge / Hostel","Name":"Super Collection O Nashik Bus Station Formerly Hotel Saubhagya Inn","Type":"Hotel","Rating":"3.1","Review Count":"290","Phone":"0124 433 0599","Address":"Plot No. R-02, Sarda Cir, Madina Chowk, Koknipura, Nashik, Maharashtra 422001, India","Website":"https://www.oyorooms.com/108307/","Maps Link":"https://maps.google.com/?cid=15826219147095733600&g_mp=Cidnb29nbGUubWFwcy5wbGFjZXMudjEuUGxhY2VzLlNlYXJjaFRleHQQAhgEIAA"}},{"type":"Feature","geometry":{"type":"Point","coordinates":[73.7912666,20.0038689]},"properties":{"Tier":"1","Taluka":"Nashik","Zone":"Indira Nagar / Eklahare","Category":"Lodge / Hostel","Name":"Viram Lodge","Type":"Lodging","Rating":"2.9","Review Count":"9","Address":"1686 , Nehru Chowk, near Dahipool, Somwar Peth, Gulal Wadi, Naikwadi Pura, Panchavati, Nashik, Maharashtra 422001, India","Opening Hours":"Monday: Open 24 hours | Tuesday: Open 24 hours | Wednesday: Open 24 hours | Thursday: Open 24 hours | Friday: Open 24 hours | Saturday: Open 24 hours | Sunday: Open 24 hours","Maps Link":"https://maps.google.com/?cid=18313880893495532585&g_mp=Cidnb29nbGUubWFwcy5wbGFjZXMudjEuUGxhY2VzLlNlYXJjaFRleHQQAhgEIAA"}},{"type":"Feature","geometry":{"type":"Point","coordinates":[73.524252,19.9343641]},"properties":{"Tier":"2","Taluka":"Trimbakeshwar","Zone":"Trimbakeshwar Town","Category":"Ashram Stay","Name":"Shri Santa Janardhan Swami Ashram","Type":"Apartment Building","Rating":"1.5","Review Count":"2","Phone":"070663 55178","Address":"WGMF+PPR, Trimbak, Maharashtra 422212, India","Maps Link":"https://maps.google.com/?cid=10344285913300331781&g_mp=Cidnb29nbGUubWFwcy5wbGFjZXMudjEuUGxhY2VzLlNlYXJjaFRleHQQAhgEIAA"}},{"type":"Feature","geometry":{"type":"Point","coordinates":[73.529809,19.9460166]},"properties":{"Tier":"2","Taluka":"Trimbakeshwar","Zone":"Trimbakeshwar Town","Category":"Guest House","Name":"Mahol Guest House family AC non AC deluxe room","Type":"Homestay","Rating":"4.7","Review Count":"25","Phone":"080102 19632","Address":"Trambakeshwer, Trimbak, Maharashtra 422212, India","Website":"https://mahol-guest-house-family.grexa.site/","Opening Hours":"Monday: Open 24 hours | Tuesday: Open 24 hours | Wednesday: Open 24 hours | Thursday: Open 24 hours | Friday: Open 24 hours | Saturday: Open 24 hours | Sunday: Open 24 hours","Maps Link":"https://maps.google.com/?cid=7742946916381790926&g_mp=Cidnb29nbGUubWFwcy5wbGFjZXMudjEuUGxhY2VzLlNlYXJjaFRleHQQAhgEIAA"}},{"type":"Feature","geometry":{"type":"Point","coordinates":[73.5480152,19.9420411]},"properties":{"Tier":"2","Taluka":"Trimbakeshwar","Zone":"Trimbakeshwar Town","Category":"Guest House","Name":"Shree Shivalay guest house","Type":"Homestay","Rating":"5","Review Count":"50","Phone":"089835 92041","Address":"WGRX+R66, Trimbak, Maharashtra 422212, India","Maps Link":"https://maps.google.com/?cid=2011596679355153098&g_mp=Cidnb29nbGUubWFwcy5wbGFjZXMudjEuUGxhY2VzLlNlYXJjaFRleHQQAhgEIAA"}},{"type":"Feature","geometry":{"type":"Point","coordinates":[73.541494,19.941425]},"properties":{"Tier":"2","Taluka":"Trimbakeshwar","Zone":"Trimbakeshwar Town","Category":"Lodge / Hostel","Name":"Capital O NSK181 Rio Inn","Type":"Hotel","Rating":"3.8","Review Count":"72","Phone":"0124 620 1126","Address":"Divine meadows, Nashik, Trimbak, Maharashtra 422212, India","Website":"https://www.oyorooms.com/107189/","Maps Link":"https://maps.google.com/?cid=16495939522123802008&g_mp=Cidnb29nbGUubWFwcy5wbGFjZXMudjEuUGxhY2VzLlNlYXJjaFRleHQQAhgEIAA"}},{"type":"Feature","geometry":{"type":"Point","coordinates":[73.542,19.9414746]},"properties":{"Tier":"2","Taluka":"Trimbakeshwar","Zone":"Trimbakeshwar Town","Category":"Lodge / Hostel","Name":"Dwarka inn","Type":"Hotel","Rating":"4.3","Review Count":"30","Address":"WGRR+HRJ, Trimbak, Maharashtra 422212, India","Maps Link":"https://maps.google.com/?cid=10312131755616760043&g_mp=Cidnb29nbGUubWFwcy5wbGFjZXMudjEuUGxhY2VzLlNlYXJjaFRleHQQAhgEIAA"}},{"type":"Feature","geometry":{"type":"Point","coordinates":[73.5294375,19.9350625]},"properties":{"Tier":"2","Taluka":"Trimbakeshwar","Zone":"Trimbakeshwar Town","Category":"Lodge / Hostel","Name":"HOTEL HIMALAYA INN.","Type":"Hotel","Rating":"3.9","Review Count":"241","Phone":"080552 99288","Address":"Trimbak, Maharashtra 422212, India","Maps Link":"https://maps.google.com/?cid=689310442780688875&g_mp=Cidnb29nbGUubWFwcy5wbGFjZXMudjEuUGxhY2VzLlNlYXJjaFRleHQQAhgEIAA"}},{"type":"Feature","geometry":{"type":"Point","coordinates":[73.5417379,19.9415595]},"properties":{"Tier":"2","Taluka":"Trimbakeshwar","Zone":"Trimbakeshwar Town","Category":"Lodge / Hostel","Name":"HOTEL RIO INN","Type":"Hotel","Rating":"4.8","Review Count":"1800","Phone":"094200 92255","Address":"opposite to GOVT GUEST HOUSE, near MECB SUBSTATION, TRIMBAKESHWER, Trimbak, Maharashtra 422212, India","Website":"https://hotelrioinn.in/","Maps Link":"https://maps.google.com/?cid=2888608231507310584&g_mp=Cidnb29nbGUubWFwcy5wbGFjZXMudjEuUGxhY2VzLlNlYXJjaFRleHQQAhgEIAA"}},{"type":"Feature","geometry":{"type":"Point","coordinates":[73.5278744,19.9346471]},"properties":{"Tier":"2","Taluka":"Trimbakeshwar","Zone":"Trimbakeshwar Town","Category":"Lodge / Hostel","Name":"HOTEL RUDRA INN","Type":"Hotel","Rating":"4.4","Review Count":"157","Phone":"087880 67860","Address":"Nivrutti Nath Rd, behind Sundarabai Math, Trimbak, Maharashtra 422212, India","Maps Link":"https://maps.google.com/?cid=8758569005111876776&g_mp=Cidnb29nbGUubWFwcy5wbGFjZXMudjEuUGxhY2VzLlNlYXJjaFRleHQQAhgEIAA"}},{"type":"Feature","geometry":{"type":"Point","coordinates":[73.530605,19.9344771]},"properties":{"Tier":"2","Taluka":"Trimbakeshwar","Zone":"Trimbakeshwar Town","Category":"Lodge / Hostel","Name":"Hotel Krushna Inn","Type":"Hotel","Rating":"4.1","Review Count":"1214","Phone":"077200 18209","Address":"Patil Lane, At Post & Tal. - Trimbakeshwar, near S.T. Stand, Bhausahebnagar, Trimbak, Maharashtra 422212, India","Website":"http://www.hotelkrushnainn.com/","Maps Link":"https://maps.google.com/?cid=5324532343271303113&g_mp=Cidnb29nbGUubWFwcy5wbGFjZXMudjEuUGxhY2VzLlNlYXJjaFRleHQQAhgEIAA"}},{"type":"Feature","geometry":{"type":"Point","coordinates":[73.5330145,19.9408475]},"properties":{"Tier":"2","Taluka":"Trimbakeshwar","Zone":"Trimbakeshwar Town","Category":"Lodge / Hostel","Name":"Hotel Mayur Inn","Type":"Lodging","Rating":"4.2","Review Count":"17","Phone":"073508 77666","Address":"Near, by Dakshinmukhi Hanuman Mandir, Jawhar Phata, Trimbakeshwar, Nashik, Trimbak, Maharashtra 422212, India","Maps Link":"https://maps.google.com/?cid=2661590599045520077&g_mp=Cidnb29nbGUubWFwcy5wbGFjZXMudjEuUGxhY2VzLlNlYXJjaFRleHQQAhgEIAA"}},{"type":"Feature","geometry":{"type":"Point","coordinates":[73.5398781,19.9332535]},"properties":{"Tier":"2","Taluka":"Trimbakeshwar","Zone":"Trimbakeshwar Town","Category":"Lodge / Hostel","Name":"Hotel Shiva`s Inn","Type":"Hotel","Rating":"4","Review Count":"587","Phone":"091722 25446","Address":"Kailas Raja Nagar, Ring road, near Swami Samarth Kendra, Trimbak, Maharashtra 422212, India","Website":"https://www.hotelshivasinn.com/","Maps Link":"https://maps.google.com/?cid=7981317046979668534&g_mp=Cidnb29nbGUubWFwcy5wbGFjZXMudjEuUGxhY2VzLlNlYXJjaFRleHQQAhgEIAA"}},{"type":"Feature","geometry":{"type":"Point","coordinates":[73.5339054,19.9423791]},"properties":{"Tier":"2","Taluka":"Trimbakeshwar","Zone":"Trimbakeshwar Town","Category":"Lodge / Hostel","Name":"Hotel Siyaram Inn","Type":"Lodging","Rating":"4.6","Review Count":"41","Phone":"084599 80956","Address":"Hotel Siyaram Inn, Kailas Raja Nagar, Dakshineshwar, Trimbak–Jawhar Road, Trimbakeshwar, Trimbak, Maharashtra 422212, India","Maps Link":"https://maps.google.com/?cid=8421937057250856552&g_mp=Cidnb29nbGUubWFwcy5wbGFjZXMudjEuUGxhY2VzLlNlYXJjaFRleHQQAhgEIAA"}},{"type":"Feature","geometry":{"type":"Point","coordinates":[73.5346761,19.9420186]},"properties":{"Tier":"2","Taluka":"Trimbakeshwar","Zone":"Trimbakeshwar Town","Category":"Lodge / Hostel","Name":"Hotel Trident INN AC & Non AC Rooms","Type":"Hotel","Rating":"3.6","Review Count":"146","Phone":"083800 08667","Address":"Plot No.05, Kailasraja Dakshineshwar Nagar Jawar Road, Trimbak, Maharashtra 422212, India","Website":"http://www.hoteltridentinn.in/","Maps Link":"https://maps.google.com/?cid=6553545818549378084&g_mp=Cidnb29nbGUubWFwcy5wbGFjZXMudjEuUGxhY2VzLlNlYXJjaFRleHQQAhgEIAA"}},{"type":"Feature","geometry":{"type":"Point","coordinates":[73.5338746,19.9426203]},"properties":{"Tier":"2","Taluka":"Trimbakeshwar","Zone":"Trimbakeshwar Town","Category":"Lodge / Hostel","Name":"Hotel kulswamini inn","Type":"Hotel","Review Count":"0","Phone":"097673 73020","Address":"Kailasraja dakshineshwar Nagar, Trambakeshwar, Trimbak, Maharashtra 422212, India","Maps Link":"https://maps.google.com/?cid=7325350230664605433&g_mp=Cidnb29nbGUubWFwcy5wbGFjZXMudjEuUGxhY2VzLlNlYXJjaFRleHQQAhgEIAA"}},{"type":"Feature","geometry":{"type":"Point","coordinates":[73.5293661,19.9343788]},"properties":{"Tier":"2","Taluka":"Trimbakeshwar","Zone":"Trimbakeshwar Town","Category":"Lodge / Hostel","Name":"Swami Inn Lodging","Type":"Homestay","Rating":"4.8","Review Count":"13","Address":"Kumbhar Wada, Dinkar Niwas, Trimbak, Maharashtra 422212, India","Maps Link":"https://maps.google.com/?cid=8852905416324383932&g_mp=Cidnb29nbGUubWFwcy5wbGFjZXMudjEuUGxhY2VzLlNlYXJjaFRleHQQAhgEIAA"}},{"type":"Feature","geometry":{"type":"Point","coordinates":[73.5291638,19.9318094]},"properties":{"Tier":"2","Taluka":"Trimbakeshwar","Zone":"Trimbakeshwar Town","Category":"Lodge / Hostel","Name":"Tulsi inn","Type":"Homestay","Rating":"4","Review Count":"369","Phone":"098502 62477","Address":"Temple, Ram Mandir Rd, near Trimbakeshwar, Panch Aali, Trimbak, Maharashtra 422212, India","Website":"https://www.hoteltulsi-inn.com/","Maps Link":"https://maps.google.com/?cid=1276813200211137952&g_mp=Cidnb29nbGUubWFwcy5wbGFjZXMudjEuUGxhY2VzLlNlYXJjaFRleHQQAhgEIAA"}},{"type":"Feature","geometry":{"type":"Point","coordinates":[73.5295253,19.9319901]},"properties":{"Tier":"2","Taluka":"Trimbakeshwar","Zone":"Trimbakeshwar Town","Category":"Other Budget Lodging","Name":"Chandrala Sadan","Type":"Homestay","Rating":"4.8","Review Count":"50","Phone":"090111 11317","Address":"House No.144, Chandrala Sadan, Dadasaheb Phalke Marg, Lakshmi Narayan Chowk, At Post, Trimbak, Maharashtra 422212, India","Website":"https://www.chandralasadan.com/","Maps Link":"https://maps.google.com/?cid=14399868435731105465&g_mp=Cidnb29nbGUubWFwcy5wbGFjZXMudjEuUGxhY2VzLlNlYXJjaFRleHQQAhgEIAA"}},{"type":"Feature","geometry":{"type":"Point","coordinates":[73.5257739,19.9335248]},"properties":{"Tier":"2","Taluka":"Trimbakeshwar","Zone":"Trimbakeshwar Town","Category":"Other Budget Lodging","Name":"Haridas Bhavan","Type":"Guest House","Rating":"3.8","Review Count":"11","Address":"WGMG+983, Nivrutti Nath Rd, Vaidyawada, Trimbak, Maharashtra 422212, India","Maps Link":"https://maps.google.com/?cid=7554490835427113789&g_mp=Cidnb29nbGUubWFwcy5wbGFjZXMudjEuUGxhY2VzLlNlYXJjaFRleHQQAhgEIAA"}},{"type":"Feature","geometry":{"type":"Point","coordinates":[73.5630784,19.9497852]},"properties":{"Tier":"2","Taluka":"Trimbakeshwar","Zone":"Trimbakeshwar Town","Category":"Other Budget Lodging","Name":"Hotel Shivswapnapurti","Type":"Lodging","Rating":"3.6","Review Count":"89","Address":"Tupadevi Fata, Trambakeshwar Rd, near Farshiwale baba ashram, Nashik, Anjaneri, Maharashtra 422213, India","Opening Hours":"Monday: Open 24 hours | Tuesday: Open 24 hours | Wednesday: Open 24 hours | Thursday: Open 24 hours | Friday: Open 24 hours | Saturday: Open 24 hours | Sunday: Open 24 hours","Maps Link":"https://maps.google.com/?cid=2407081426338011052&g_mp=Cidnb29nbGUubWFwcy5wbGFjZXMudjEuUGxhY2VzLlNlYXJjaFRleHQQAhgEIAA"}},{"type":"Feature","geometry":{"type":"Point","coordinates":[73.5272397,19.9320379]},"properties":{"Tier":"2","Taluka":"Trimbakeshwar","Zone":"Trimbakeshwar Town","Category":"Other Budget Lodging","Name":"Mahaluxmi Bhavan","Type":"Hotel","Rating":"5","Review Count":"1","Address":"Begind krishn mandir h.no.195 h.no.195, behind kriahna mandir, Trimbak, Maharashtra 422212, India","Maps Link":"https://maps.google.com/?cid=18055267379049530023&g_mp=Cidnb29nbGUubWFwcy5wbGFjZXMudjEuUGxhY2VzLlNlYXJjaFRleHQQAhgEIAA"}},{"type":"Feature","geometry":{"type":"Point","coordinates":[73.5278168,19.9321554]},"properties":{"Tier":"2","Taluka":"Trimbakeshwar","Zone":"Trimbakeshwar Town","Category":"Other Budget Lodging","Name":"Shree Kshatriya Aahir Shimpi Dharm shala & Bhakt Nivas Sansthan... Dharmik Puja Kendra..","Type":"Lodging","Rating":"4.1","Review Count":"23","Phone":"094214 76168","Address":"Trimbak, Maharashtra 422212, India","Opening Hours":"Monday: Open 24 hours | Tuesday: Open 24 hours | Wednesday: Open 24 hours | Thursday: Open 24 hours | Friday: Open 24 hours | Saturday: Open 24 hours | Sunday: Open 24 hours","Maps Link":"https://maps.google.com/?cid=8351015741632073737&g_mp=Cidnb29nbGUubWFwcy5wbGFjZXMudjEuUGxhY2VzLlNlYXJjaFRleHQQAhgEIAA"}},{"type":"Feature","geometry":{"type":"Point","coordinates":[73.534975,19.9358954]},"properties":{"Tier":"2","Taluka":"Trimbakeshwar","Zone":"Trimbakeshwar Town","Category":"Other Budget Lodging","Name":"Trivani","Type":"Lodging","Rating":"2.8","Review Count":"5","Address":"WGPM+9X5, Trimbak, Maharashtra 422212, India","Maps Link":"https://maps.google.com/?cid=13054774499657472977&g_mp=Cidnb29nbGUubWFwcy5wbGFjZXMudjEuUGxhY2VzLlNlYXJjaFRleHQQAhgEIAA"}},{"type":"Feature","geometry":{"type":"Point","coordinates":[73.5341921,19.9369655]},"properties":{"Tier":"2","Taluka":"Trimbakeshwar","Zone":"Trimbakeshwar Town","Category":"Other Budget Lodging","Name":"गंगा निवास ञ्यंबकेश्वर","Type":"Lodging","Rating":"3.7","Review Count":"49","Phone":"098507 47081","Address":"Unnamed Road, Trimbak, Maharashtra 422212, India","Maps Link":"https://maps.google.com/?cid=3938919735472073656&g_mp=Cidnb29nbGUubWFwcy5wbGFjZXMudjEuUGxhY2VzLlNlYXJjaFRleHQQAhgEIAA"}},{"type":"Feature","geometry":{"type":"Point","coordinates":[73.5346293,19.9421237]},"properties":{"Tier":"2","Taluka":"Trimbakeshwar","Zone":"Anjaneri / Pilgrim Road Corridor","Category":"Guest House","Name":"Shree Narayan Guest House","Type":"Homestay","Rating":"4.9","Review Count":"7","Phone":"092723 67999","Address":"Plot No.05, Jawar Rd, Kailasraja Dakshineshwar Nagar, Trimbak, Maharashtra 422212, India","Maps Link":"https://maps.google.com/?cid=7895608730433558308&g_mp=Cidnb29nbGUubWFwcy5wbGFjZXMudjEuUGxhY2VzLlNlYXJjaFRleHQQAhgEIAA"}},{"type":"Feature","geometry":{"type":"Point","coordinates":[73.5456646,19.9431697]},"properties":{"Tier":"2","Taluka":"Trimbakeshwar","Zone":"Anjaneri / Pilgrim Road Corridor","Category":"Lodge / Hostel","Name":"ATITHI INN HOTEL","Type":"Bed & Breakfast","Rating":"3.4","Review Count":"16","Address":"Trimbak, Maharashtra 422212, India","Maps Link":"https://maps.google.com/?cid=10352864943679992376&g_mp=Cidnb29nbGUubWFwcy5wbGFjZXMudjEuUGxhY2VzLlNlYXJjaFRleHQQAhgEIAA"}},{"type":"Feature","geometry":{"type":"Point","coordinates":[73.5376533,19.933248]},"properties":{"Tier":"2","Taluka":"Trimbakeshwar","Zone":"Anjaneri / Pilgrim Road Corridor","Category":"Lodge / Hostel","Name":"Capital O 47371 Hotel Shiva's Inn","Type":"Hotel","Rating":"3","Review Count":"4","Phone":"0124 620 1126","Address":"1, NH 848, Trimbak, Maharashtra 422212, India","Website":"https://www.oyorooms.com/76428/","Maps Link":"https://maps.google.com/?cid=1874267162572377189&g_mp=Cidnb29nbGUubWFwcy5wbGFjZXMudjEuUGxhY2VzLlNlYXJjaFRleHQQAhgEIAA"}},{"type":"Feature","geometry":{"type":"Point","coordinates":[73.6468288,19.9632208]},"properties":{"Tier":"2","Taluka":"Trimbakeshwar","Zone":"Anjaneri / Pilgrim Road Corridor","Category":"Lodge / Hostel","Name":"Comfort Inn Hotel","Type":"Hotel","Rating":"4.2","Review Count":"33","Phone":"085305 03305","Address":"Near Damodar Palace, Mahiravani, Trimbak Road, Nashik, Mahiravni, Maharashtra 422213, India","Maps Link":"https://maps.google.com/?cid=8133557845237106906&g_mp=Cidnb29nbGUubWFwcy5wbGFjZXMudjEuUGxhY2VzLlNlYXJjaFRleHQQAhgEIAA"}},{"type":"Feature","geometry":{"type":"Point","coordinates":[73.6320021,19.9594765]},"properties":{"Tier":"2","Taluka":"Trimbakeshwar","Zone":"Anjaneri / Pilgrim Road Corridor","Category":"Lodge / Hostel","Name":"Hotel Anand pride Lodging","Type":"Lodging","Rating":"3.5","Review Count":"13","Phone":"098505 16695","Address":"At post, Trimbakeshwar Road, Khambale, Maharashtra 422213, India","Maps Link":"https://maps.google.com/?cid=12299675171344213073&g_mp=Cidnb29nbGUubWFwcy5wbGFjZXMudjEuUGxhY2VzLlNlYXJjaFRleHQQAhgEIAA"}},{"type":"Feature","geometry":{"type":"Point","coordinates":[73.600693,19.953867]},"properties":{"Tier":"2","Taluka":"Trimbakeshwar","Zone":"Anjaneri / Pilgrim Road Corridor","Category":"Other Budget Lodging","Name":"Green living farm house and villa","Type":"Lodging","Review Count":"0","Address":"XJ32+XFV, Highway, near Hotel Sairaj, Trimbakeshwar, Anjaneri, Maharashtra 422213, India","Maps Link":"https://maps.google.com/?cid=4662061225151454226&g_mp=Cidnb29nbGUubWFwcy5wbGFjZXMudjEuUGxhY2VzLlNlYXJjaFRleHQQAhgEIAA"}},{"type":"Feature","geometry":{"type":"Point","coordinates":[73.549257,19.6922763]},"properties":{"Tier":"2","Taluka":"Igatpuri","Zone":"Igatpuri","Category":"Guest House","Name":"Mango Guest House","Type":"Hotel","Rating":"4.1","Review Count":"107","Phone":"072492 78458","Address":"G.No.300/P No.7, Ashwin Nagar, Mumbai - Nashik Expy, NH3, Igatpuri, Maharashtra 422403, India","Website":"https://wa.me/mangoguesthouses.com","Opening Hours":"Monday: Open 24 hours | Tuesday: Open 24 hours | Wednesday: Open 24 hours | Thursday: Open 24 hours | Friday: Open 24 hours | Saturday: Open 24 hours | Sunday: Open 24 hours","Maps Link":"https://maps.google.com/?cid=5526426650236095618&g_mp=Cidnb29nbGUubWFwcy5wbGFjZXMudjEuUGxhY2VzLlNlYXJjaFRleHQQAhgEIAA"}},{"type":"Feature","geometry":{"type":"Point","coordinates":[73.5642395,19.6992205]},"properties":{"Tier":"2","Taluka":"Igatpuri","Zone":"Igatpuri","Category":"Guest House","Name":"Uberoi Guest House","Type":"Guest House","Rating":"4.5","Review Count":"45","Phone":"098190 92317","Address":"Sukh Sagar, Convent Rd, Shekrichi Wadi, Igatpuri, Maharashtra 422403, India","Opening Hours":"Monday: Open 24 hours | Tuesday: Open 24 hours | Wednesday: Open 24 hours | Thursday: Open 24 hours | Friday: Open 24 hours | Saturday: Open 24 hours | Sunday: Open 24 hours","Maps Link":"https://maps.google.com/?cid=9765841499307043453&g_mp=Cidnb29nbGUubWFwcy5wbGFjZXMudjEuUGxhY2VzLlNlYXJjaFRleHQQAhgEIAA"}},{"type":"Feature","geometry":{"type":"Point","coordinates":[73.5498819,19.6937567]},"properties":{"Tier":"2","Taluka":"Igatpuri","Zone":"Igatpuri","Category":"Guest House","Name":"Visawa Guest House","Type":"Lodging","Rating":"4.8","Review Count":"42","Phone":"077588 24558","Address":"Jogeswari Nagar, Igatpuri City Rd, Mahindra and Mahindra Engine Plant, Igatpuri, Maharashtra 422403, India","Website":"https://www.booking.com/Share-l1kKhK","Maps Link":"https://maps.google.com/?cid=5342831383314314628&g_mp=Cidnb29nbGUubWFwcy5wbGFjZXMudjEuUGxhY2VzLlNlYXJjaFRleHQQAhgEIAA"}},{"type":"Feature","geometry":{"type":"Point","coordinates":[73.5499303,19.6914467]},"properties":{"Tier":"2","Taluka":"Igatpuri","Zone":"Igatpuri","Category":"Lodge / Hostel","Name":"Comfort Inn Family Restaurant","Type":"Hotel","Price Level":"Moderate","Rating":"3.7","Review Count":"144","Phone":"092722 08555","Address":"Service Road, Ashwin Nagar Road, Talegaon, Igatpuri, Maharashtra 422403, India","Opening Hours":"Monday: 7:30 AM – 11:00 PM | Tuesday: 7:30 AM – 11:00 PM | Wednesday: 7:30 AM – 11:00 PM | Thursday: 7:30 AM – 11:00 PM | Friday: 7:30 AM – 11:00 PM | Saturday: 7:30 AM – 11:00 PM | Sunday: 7:30 AM – 11:00 PM","Maps Link":"https://maps.google.com/?cid=327196198876389359&g_mp=Cidnb29nbGUubWFwcy5wbGFjZXMudjEuUGxhY2VzLlNlYXJjaFRleHQQAhgEIAA"}},{"type":"Feature","geometry":{"type":"Point","coordinates":[73.585908,19.6955317]},"properties":{"Tier":"2","Taluka":"Igatpuri","Zone":"Igatpuri","Category":"Lodge / Hostel","Name":"Hotel Jay malhar and lodging","Type":"Lodging","Rating":"4","Review Count":"73","Phone":"083172 06058","Address":"Old, Agra road, Datta Nagar, Titoli, Maharashtra 422403, India","Maps Link":"https://maps.google.com/?cid=17270739688983935282&g_mp=Cidnb29nbGUubWFwcy5wbGFjZXMudjEuUGxhY2VzLlNlYXJjaFRleHQQAhgEIAA"}},{"type":"Feature","geometry":{"type":"Point","coordinates":[73.5869586,19.6974836]},"properties":{"Tier":"2","Taluka":"Igatpuri","Zone":"Igatpuri","Category":"Other Budget Lodging","Name":"Farmvalley","Type":"Guest House","Rating":"4.7","Review Count":"6","Phone":"097574 66008","Address":"MHWP+XQW, Agra - Mumbai Hwy, Datta Nagar, Titoli, Maharashtra 422403, India","Maps Link":"https://maps.google.com/?cid=12036259466024133542&g_mp=Cidnb29nbGUubWFwcy5wbGFjZXMudjEuUGxhY2VzLlNlYXJjaFRleHQQAhgEIAA"}},{"type":"Feature","geometry":{"type":"Point","coordinates":[73.616636,19.7097025]},"properties":{"Tier":"2","Taluka":"Igatpuri","Zone":"Igatpuri","Category":"Other Budget Lodging","Name":"Hotel Highway Nest","Type":"Lodging","Rating":"3.7","Review Count":"24","Phone":"095616 65480","Address":"Hotel Highway Nest ,Ghoti toll naka entry plot no 220 1 beside sai shradha hotel ghoti budruk igatpuri ghoti, Ghoti Budruk, Maharashtra 422402, India","Maps Link":"https://maps.google.com/?cid=15106321394974949119&g_mp=Cidnb29nbGUubWFwcy5wbGFjZXMudjEuUGxhY2VzLlNlYXJjaFRleHQQAhgEIAA"}},{"type":"Feature","geometry":{"type":"Point","coordinates":[73.5584364,19.6960169]},"properties":{"Tier":"2","Taluka":"Igatpuri","Zone":"Igatpuri","Category":"Other Budget Lodging","Name":"Maheshwari Bajaj Bhavan Seva Sadan","Type":"Motel","Rating":"4.5","Review Count":"51","Phone":"092729 66194","Address":"Gandhi Chowk, near ram mandir, Bajrang Wada, Igatpuri, Maharashtra 422403, India","Opening Hours":"Monday: 7:00 AM – 10:30 PM | Tuesday: 7:00 AM – 10:30 PM | Wednesday: 7:00 AM – 10:30 PM | Thursday: 7:00 AM – 10:30 PM | Friday: 7:00 AM – 10:30 PM | Saturday: 7:00 AM – 10:30 PM | Sunday: 7:00 AM – 10:30 PM","Maps Link":"https://maps.google.com/?cid=11254183232348689088&g_mp=Cidnb29nbGUubWFwcy5wbGFjZXMudjEuUGxhY2VzLlNlYXJjaFRleHQQAhgEIAA"}},{"type":"Feature","geometry":{"type":"Point","coordinates":[73.4952347,19.7032198]},"properties":{"Tier":"2","Taluka":"Igatpuri","Zone":"Igatpuri","Category":"Other Budget Lodging","Name":"Millionaire's Stay - Suraj Hatalkar & Vrushali Hatalkar","Type":"Lodging","Rating":"4.8","Review Count":"344","Phone":"083692 98787","Address":"near manas, ghatandevi road, Shahapur, Vihigaon, Igatpuri, Maharashtra 422403, India","Website":"https://www.millionairesstay.com/","Opening Hours":"Monday: Open 24 hours | Tuesday: Open 24 hours | Wednesday: Open 24 hours | Thursday: Open 24 hours | Friday: Open 24 hours | Saturday: Open 24 hours | Sunday: Open 24 hours","Maps Link":"https://maps.google.com/?cid=13669499624390532888&g_mp=Cidnb29nbGUubWFwcy5wbGFjZXMudjEuUGxhY2VzLlNlYXJjaFRleHQQAhgEIAA"}},{"type":"Feature","geometry":{"type":"Point","coordinates":[73.5812182,19.7188838]},"properties":{"Tier":"2","Taluka":"Igatpuri","Zone":"Igatpuri","Category":"Other Budget Lodging","Name":"Nand Niwas","Type":"Health","Rating":"4.9","Review Count":"276","Phone":"090826 19801","Address":"Plot no 4, Tringalwadi Dam Rd, Pardevi, Maharashtra 422402, India","Website":"http://www.nandniwas.com/","Opening Hours":"Monday: Open 24 hours | Tuesday: Open 24 hours | Wednesday: Open 24 hours | Thursday: Open 24 hours | Friday: Open 24 hours | Saturday: Open 24 hours | Sunday: Open 24 hours","Maps Link":"https://maps.google.com/?cid=2220186813612392564&g_mp=Cidnb29nbGUubWFwcy5wbGFjZXMudjEuUGxhY2VzLlNlYXJjaFRleHQQAhgEIAA"}},{"type":"Feature","geometry":{"type":"Point","coordinates":[73.5635774,19.6722497]},"properties":{"Tier":"2","Taluka":"Igatpuri","Zone":"Igatpuri","Category":"Other Budget Lodging","Name":"SAI YASH VILLA","Type":"Guest House","Review Count":"0","Address":"road, Nandgaon Sado, Fangul Gavhan, Igatpuri, Maharashtra 422403, India","Maps Link":"https://maps.google.com/?cid=4105418460091578231&g_mp=Cidnb29nbGUubWFwcy5wbGFjZXMudjEuUGxhY2VzLlNlYXJjaFRleHQQAhgEIAA"}},{"type":"Feature","geometry":{"type":"Point","coordinates":[73.5629719,19.6951438]},"properties":{"Tier":"2","Taluka":"Igatpuri","Zone":"Igatpuri","Category":"Other Budget Lodging","Name":"Stay Point","Type":"Lodging","Rating":"3.6","Review Count":"19","Phone":"075884 70717","Address":"near railway station, Mahindra Colony, Bajrang Wada, Igatpuri, Maharashtra 422403, India","Maps Link":"https://maps.google.com/?cid=15692011734812960999&g_mp=Cidnb29nbGUubWFwcy5wbGFjZXMudjEuUGxhY2VzLlNlYXJjaFRleHQQAhgEIAA"}},{"type":"Feature","geometry":{"type":"Point","coordinates":[73.9911753,19.8454165]},"properties":{"Tier":"2","Taluka":"Sinnar","Zone":"Sinnar","Category":"Lodge / Hostel","Name":"Hotel Yashraj Inn","Type":"Hotel","Rating":"4.6","Review Count":"746","Phone":"098209 63793","Address":"RXWR+4G6, Krishnachintan, Nashik - Pune Rd, Parag Waje Nagar, Shivaji Nagar, Sinnar, Maharashtra 422103, India","Opening Hours":"Monday: Open 24 hours | Tuesday: Open 24 hours | Wednesday: Open 24 hours | Thursday: Open 24 hours | Friday: Open 24 hours | Saturday: Open 24 hours | Sunday: Open 24 hours","Maps Link":"https://maps.google.com/?cid=3316962953601064692&g_mp=Cidnb29nbGUubWFwcy5wbGFjZXMudjEuUGxhY2VzLlNlYXJjaFRleHQQAhgEIAA"}},{"type":"Feature","geometry":{"type":"Point","coordinates":[73.9972257,19.8415563]},"properties":{"Tier":"2","Taluka":"Sinnar","Zone":"Sinnar","Category":"Lodge / Hostel","Name":"PWD Govt Guest House Sinnar","Type":"Guest House","Rating":"3.7","Review Count":"36","Address":"RXRW+JVH, Sinnar, Maharashtra 422103, India","Maps Link":"https://maps.google.com/?cid=12075396135831828812&g_mp=Cidnb29nbGUubWFwcy5wbGFjZXMudjEuUGxhY2VzLlNlYXJjaFRleHQQAhgEIAA"}},{"type":"Feature","geometry":{"type":"Point","coordinates":[73.9765015,19.843399]},"properties":{"Tier":"2","Taluka":"Sinnar","Zone":"Sinnar","Category":"Lodge / Hostel","Name":"Panchavati Sinnar Motel","Type":"Lodging","Review Count":"0","Address":"Sinnar, Maharashtra 422103, India","Website":"https://deals.vio.com/?sig=73aca13c7f952d2641c156f3e69125e1eb497c325f122828ee5aa8797168b9a12d32303331333438363233&turl=https%3A%2F%2Fwww.vio.com%2FHotel%2FSearch%3FhotelId%3D23716309%26utm_source%3Dgha-vr%26utm_campaign%3Dstatic%26openHotelDetails%3D1","Maps Link":"https://maps.google.com/?cid=18229781336368878269&g_mp=Cidnb29nbGUubWFwcy5wbGFjZXMudjEuUGxhY2VzLlNlYXJjaFRleHQQAhgEIAA"}},{"type":"Feature","geometry":{"type":"Point","coordinates":[73.9926561,19.8438165]},"properties":{"Tier":"2","Taluka":"Sinnar","Zone":"Sinnar","Category":"Lodge / Hostel","Name":"Panchavati Sinnar Motels","Type":"Hotel","Rating":"4.2","Review Count":"2559","Phone":"070302 22035","Address":"RXVQ+WPF Panchavati, Bus Stand, 1070, Nashik - Pune Rd, opp. Sinnar, Shivaji Nagar, Sinnar, Maharashtra 422103, India","Website":"https://panchavatimotel.com/","Maps Link":"https://maps.google.com/?cid=17417481195635775889&g_mp=Cidnb29nbGUubWFwcy5wbGFjZXMudjEuUGxhY2VzLlNlYXJjaFRleHQQAhgEIAA"}},{"type":"Feature","geometry":{"type":"Point","coordinates":[74.0123851,19.8657014]},"properties":{"Tier":"2","Taluka":"Sinnar","Zone":"Sinnar","Category":"Lodge / Hostel","Name":"Sinnar Rural","Review Count":"0","Address":"Sinnar Rural, Maharashtra, India","Maps Link":"https://maps.google.com/?cid=8602101543486834361&g_mp=Cidnb29nbGUubWFwcy5wbGFjZXMudjEuUGxhY2VzLlNlYXJjaFRleHQQAhgEIAA"}},{"type":"Feature","geometry":{"type":"Point","coordinates":[73.998981,19.8210595]},"properties":{"Tier":"2","Taluka":"Sinnar","Zone":"Sinnar","Category":"Lodge / Hostel","Name":"Sinner Guest House Lodging restaurant, AC room, non-AC room","Type":"Hotel","Rating":"4.6","Review Count":"37","Address":"Nashik Pune New Bypass Duber Manegaon Road Sinnar Nashik Pune New Bypass Duber, Road, Manegaon, Sinnar, Maharashtra 422103, India","Maps Link":"https://maps.google.com/?cid=1599649249011907312&g_mp=Cidnb29nbGUubWFwcy5wbGFjZXMudjEuUGxhY2VzLlNlYXJjaFRleHQQAhgEIAA"}},{"type":"Feature","geometry":{"type":"Point","coordinates":[73.9368266,19.7895271]},"properties":{"Tier":"2","Taluka":"Sinnar","Zone":"Sinnar","Category":"Other Budget Lodging","Name":"Pawar house","Type":"Guest House","Rating":"4.9","Review Count":"7","Address":"Pawar house, ndcc bank sonambe Wadi mala road, Sinnar, Sonambe, Maharashtra 422103, India","Opening Hours":"Monday: Open 24 hours | Tuesday: Open 24 hours | Wednesday: Open 24 hours | Thursday: Open 24 hours | Friday: Open 24 hours | Saturday: Open 24 hours | Sunday: Open 24 hours","Maps Link":"https://maps.google.com/?cid=15555388748270943725&g_mp=Cidnb29nbGUubWFwcy5wbGFjZXMudjEuUGxhY2VzLlNlYXJjaFRleHQQAhgEIAA"}},{"type":"Feature","geometry":{"type":"Point","coordinates":[73.976002,19.8539109]},"properties":{"Tier":"2","Taluka":"Sinnar","Zone":"Sinnar","Category":"Other Budget Lodging","Name":"Shree Jagdamb","Type":"Guest House","Review Count":"0","Address":"Aayodhya nagar udyog bhavan shani mandir shreeganesha row, house no. 1, Deshmukh Nagar, Sinnar, Maharashtra 422113, India","Maps Link":"https://maps.google.com/?cid=16764220084821437942&g_mp=Cidnb29nbGUubWFwcy5wbGFjZXMudjEuUGxhY2VzLlNlYXJjaFRleHQQAhgEIAA"}},{"type":"Feature","geometry":{"type":"Point","coordinates":[73.8460418,20.2313756]},"properties":{"Tier":"2","Taluka":"Dindori","Zone":"Dindori","Category":"Guest House","Name":"Revalyu Guest House","Type":"Guest House","Rating":"3","Review Count":"1","Address":"At. Avankhed, Tal, Dist, Dindori, Nashik, Maharashtra 422202, India","Maps Link":"https://maps.google.com/?cid=3770140207630034973&g_mp=Cidnb29nbGUubWFwcy5wbGFjZXMudjEuUGxhY2VzLlNlYXJjaFRleHQQAhgEIAA"}},{"type":"Feature","geometry":{"type":"Point","coordinates":[73.8307207,20.2032307]},"properties":{"Tier":"2","Taluka":"Dindori","Zone":"Dindori","Category":"Lodge / Hostel","Name":"Hotel Ashray Lodging and Boarding","Type":"Lodging","Rating":"3.3","Review Count":"25","Phone":"075174 17175","Address":"Old Kalwan Rd, Dindori, Maharashtra 422202, India","Maps Link":"https://maps.google.com/?cid=5612532287409202694&g_mp=Cidnb29nbGUubWFwcy5wbGFjZXMudjEuUGxhY2VzLlNlYXJjaFRleHQQAhgEIAA"}},{"type":"Feature","geometry":{"type":"Point","coordinates":[74.1046515,20.0784808]},"properties":{"Tier":"2","Taluka":"Niphad","Zone":"Nashik–Shirdi Highway Corridor","Category":"Ashram Stay","Name":"Aanad Vidayrthi Ashram Niphad","Type":"Hostel","Review Count":"0","Address":"34H3+9VR, Niphad, Maharashtra 422303, India","Maps Link":"https://maps.google.com/?cid=6538493288307557184&g_mp=Cidnb29nbGUubWFwcy5wbGFjZXMudjEuUGxhY2VzLlNlYXJjaFRleHQQAhgEIAA"}},{"type":"Feature","geometry":{"type":"Point","coordinates":[74.1030969,20.0717303]},"properties":{"Tier":"2","Taluka":"Niphad","Zone":"Nashik–Shirdi Highway Corridor","Category":"Government / PWD Rest House","Name":"Government Rest House","Type":"Lodging","Rating":"3.5","Review Count":"16","Address":"34C3+M6X, Rasalpur, Maharashtra 422303, India","Maps Link":"https://maps.google.com/?cid=86393449878720743&g_mp=Cidnb29nbGUubWFwcy5wbGFjZXMudjEuUGxhY2VzLlNlYXJjaFRleHQQAhgEIAA"}},{"type":"Feature","geometry":{"type":"Point","coordinates":[74.1340414,20.0753469]},"properties":{"Tier":"2","Taluka":"Niphad","Zone":"Nashik–Shirdi Highway Corridor","Category":"Lodge / Hostel","Name":"Hotel RajePark, Niphad (Sinnarkar Khanawal)","Type":"Indian Restaurant","Rating":"3.9","Review Count":"13","Address":"ACHOLE NALA NIPHAD-VINCHUR, HIGHWAY, Niphad, Shriramnagar, Maharashtra 422303, India","Opening Hours":"Monday: Closed | Tuesday: 11:00 AM – 10:30 PM | Wednesday: 11:00 AM – 10:30 PM | Thursday: 11:00 AM – 10:30 PM | Friday: 11:00 AM – 10:30 PM | Saturday: 11:00 AM – 10:30 PM | Sunday: 11:00 AM – 10:30 PM","Maps Link":"https://maps.google.com/?cid=4851282387966621301&g_mp=Cidnb29nbGUubWFwcy5wbGFjZXMudjEuUGxhY2VzLlNlYXJjaFRleHQQAhgEIAA"}},{"type":"Feature","geometry":{"type":"Point","coordinates":[74.1302858,20.0057805]},"properties":{"Tier":"2","Taluka":"Niphad","Zone":"Nashik–Shirdi Highway Corridor","Category":"Lodge / Hostel","Name":"Hotel Zopdi Lodging","Type":"Lodging","Rating":"4.8","Review Count":"16","Phone":"091582 71804","Address":"At post Khangoan Thadi, Niphad, Khangaon Thadi, Maharashtra 422103, India","Maps Link":"https://maps.google.com/?cid=4577991122971111056&g_mp=Cidnb29nbGUubWFwcy5wbGFjZXMudjEuUGxhY2VzLlNlYXJjaFRleHQQAhgEIAA"}},{"type":"Feature","geometry":{"type":"Point","coordinates":[74.2224724,20.098706]},"properties":{"Tier":"2","Taluka":"Niphad","Zone":"Nashik–Shirdi Highway Corridor","Category":"Lodge / Hostel","Name":"Nisarg Guest House (Lodging)","Type":"Hotel","Rating":"4","Review Count":"87","Phone":"097300 16331","Address":"Vinchur, Maharashtra 422305, India","Maps Link":"https://maps.google.com/?cid=3675649587924005439&g_mp=Cidnb29nbGUubWFwcy5wbGFjZXMudjEuUGxhY2VzLlNlYXJjaFRleHQQAhgEIAA"}},{"type":"Feature","geometry":{"type":"Point","coordinates":[74.1100131,20.0770311]},"properties":{"Tier":"2","Taluka":"Niphad","Zone":"Nashik–Shirdi Highway Corridor","Category":"Lodge / Hostel","Name":"siddharth lodge (लॉज)","Type":"Lodging","Rating":"4.1","Review Count":"11","Address":"shiv parvati complex, Niphad, Maharashtra 422303, India","Maps Link":"https://maps.google.com/?cid=171087835526876471&g_mp=Cidnb29nbGUubWFwcy5wbGFjZXMudjEuUGxhY2VzLlNlYXJjaFRleHQQAhgEIAA"}},{"type":"Feature","geometry":{"type":"Point","coordinates":[74.1134566,20.0755841]},"properties":{"Tier":"2","Taluka":"Niphad","Zone":"Nashik–Shirdi Highway Corridor","Category":"Other Budget Lodging","Name":"Bhagwati Aqua & battery","Type":"Lodging","Rating":"4","Review Count":"2","Address":"rod, Vinchur, Niphad, Maharashtra 422303, India","Maps Link":"https://maps.google.com/?cid=10490394406882779857&g_mp=Cidnb29nbGUubWFwcy5wbGFjZXMudjEuUGxhY2VzLlNlYXJjaFRleHQQAhgEIAA"}},{"type":"Feature","geometry":{"type":"Point","coordinates":[73.9501008,20.1098707]},"properties":{"Tier":"3","Taluka":"Niphad","Zone":"Ozar / Nandur Madhyameshwar","Category":"Guest House","Name":"D1 Guest House","Type":"Apartment Building","Review Count":"0","Address":"4X52+W2X, HAL, Ojhar, Maharashtra 422206, India","Maps Link":"https://maps.google.com/?cid=280422045049479648&g_mp=Cidnb29nbGUubWFwcy5wbGFjZXMudjEuUGxhY2VzLlNlYXJjaFRleHQQAhgEIAA"}},{"type":"Feature","geometry":{"type":"Point","coordinates":[73.9502677,20.1095869]},"properties":{"Tier":"3","Taluka":"Niphad","Zone":"Ozar / Nandur Madhyameshwar","Category":"Guest House","Name":"D2 Guest House","Type":"Apartment Building","Review Count":"0","Address":"4X52+R4J, HAL, Ojhar, Maharashtra 422206, India","Maps Link":"https://maps.google.com/?cid=12233467297947830054&g_mp=Cidnb29nbGUubWFwcy5wbGFjZXMudjEuUGxhY2VzLlNlYXJjaFRleHQQAhgEIAA"}},{"type":"Feature","geometry":{"type":"Point","coordinates":[73.9364674,20.1014733]},"properties":{"Tier":"3","Taluka":"Niphad","Zone":"Ozar / Nandur Madhyameshwar","Category":"Guest House","Name":"HAL Main Guest House","Type":"Hotel","Rating":"4.8","Review Count":"4","Address":"4W2P+HHP, Hal Township, HAL, Ojhar, Maharashtra 422206, India","Maps Link":"https://maps.google.com/?cid=18436387729379944118&g_mp=Cidnb29nbGUubWFwcy5wbGFjZXMudjEuUGxhY2VzLlNlYXJjaFRleHQQAhgEIAA"}},{"type":"Feature","geometry":{"type":"Point","coordinates":[73.9564271,20.110217]},"properties":{"Tier":"3","Taluka":"Niphad","Zone":"Ozar / Nandur Madhyameshwar","Category":"Guest House","Name":"RCMA NASHIK GUEST HOUSE","Type":"Hotel","Review Count":"0","Address":"4X64+3H, HAL, Ojhar, Maharashtra 422206, India","Maps Link":"https://maps.google.com/?cid=15250167494357087987&g_mp=Cidnb29nbGUubWFwcy5wbGFjZXMudjEuUGxhY2VzLlNlYXJjaFRleHQQAhgEIAA"}},{"type":"Feature","geometry":{"type":"Point","coordinates":[73.9093795,20.076262]},"properties":{"Tier":"3","Taluka":"Niphad","Zone":"Ozar / Nandur Madhyameshwar","Category":"Lodge / Hostel","Name":"Hotel Food Hub Restaurant and Lodging","Type":"Hotel","Rating":"4.3","Review Count":"41","Phone":"078880 33186","Address":"10 th Mail to Sayyad Pimpri Rd, near Janshanti Dham, Tilak Nagar, Ojhar, Maharashtra 422206, India","Maps Link":"https://maps.google.com/?cid=13382738098423655611&g_mp=Cidnb29nbGUubWFwcy5wbGFjZXMudjEuUGxhY2VzLlNlYXJjaFRleHQQAhgEIAA"}},{"type":"Feature","geometry":{"type":"Point","coordinates":[73.9117195,20.0779505]},"properties":{"Tier":"3","Taluka":"Niphad","Zone":"Ozar / Nandur Madhyameshwar","Category":"Lodge / Hostel","Name":"Hotel Priya Lodging","Type":"Hotel","Rating":"4.1","Review Count":"273","Phone":"093728 66555","Address":"Hotel Priya (Pure Veg, Agra - Mumbai Hwy, near Nasik, Laxmi Nagar, Airport, Ojhar, Maharashtra 422206, India","Maps Link":"https://maps.google.com/?cid=10865365469061877227&g_mp=Cidnb29nbGUubWFwcy5wbGFjZXMudjEuUGxhY2VzLlNlYXJjaFRleHQQAhgEIAA"}},{"type":"Feature","geometry":{"type":"Point","coordinates":[73.7733234,20.3034326]},"properties":{"Tier":"3","Taluka":"Peth","Zone":"Peth / Surgana","Category":"Guest House","Name":"Govt.Guest House,Karanjwan","Type":"Guest House","Rating":"3","Review Count":"2","Address":"Dam, Unnamed Road, Karanjwan, Maharashtra 422202, India","Maps Link":"https://maps.google.com/?cid=13232889066836461096&g_mp=Cidnb29nbGUubWFwcy5wbGFjZXMudjEuUGxhY2VzLlNlYXJjaFRleHQQAhgEIAA"}},{"type":"Feature","geometry":{"type":"Point","coordinates":[74.4947629,20.0235178]},"properties":{"Tier":"3","Taluka":"Yeola","Zone":"Yeola","Category":"Government / PWD Rest House","Name":"Government Rest House, Yeola","Type":"Guest House","Rating":"5","Review Count":"1","Address":"Kopargaon - Yeola Rd, Yeola, Maharashtra 423401, India","Maps Link":"https://maps.google.com/?cid=8374938859858669465&g_mp=Cidnb29nbGUubWFwcy5wbGFjZXMudjEuUGxhY2VzLlNlYXJjaFRleHQQAhgEIAA"}},{"type":"Feature","geometry":{"type":"Point","coordinates":[74.477572,20.0597797]},"properties":{"Tier":"3","Taluka":"Yeola","Zone":"Yeola","Category":"Guest House","Name":"POP 70399 Hotel Darshan Guest House","Type":"Hotel","Rating":"4","Review Count":"6","Phone":"0124 620 1126","Address":"3F5H+W28, Nagar Manmad Hwy, Yeola, Shirdi, Maharashtra 423401, India","Maps Link":"https://maps.google.com/?cid=13525706266714976002&g_mp=Cidnb29nbGUubWFwcy5wbGFjZXMudjEuUGxhY2VzLlNlYXJjaFRleHQQAhgEIAA"}},{"type":"Feature","geometry":{"type":"Point","coordinates":[74.4775854,20.059667]},"properties":{"Tier":"3","Taluka":"Yeola","Zone":"Yeola","Category":"Guest House","Name":"Raj palace guest house yeola","Type":"Guest House","Rating":"5","Review Count":"14","Phone":"097644 90162","Address":"Manmad Rd, near Darshan hotel, near Raj palace lawns, Yeola, Babhulgaon Kh., Maharashtra 423401, India","Website":"https://rajpalaceyeola.com/","Maps Link":"https://maps.google.com/?cid=4622681873987496795&g_mp=Cidnb29nbGUubWFwcy5wbGFjZXMudjEuUGxhY2VzLlNlYXJjaFRleHQQAhgEIAA"}},{"type":"Feature","geometry":{"type":"Point","coordinates":[74.485635,20.0441714]},"properties":{"Tier":"3","Taluka":"Yeola","Zone":"Yeola","Category":"Lodge / Hostel","Name":"sanman lodge","Type":"Hotel","Rating":"3.3","Review Count":"77","Phone":"02559 265 208","Address":"Near, market Bus Stand Rd, near sbi, Babulgaonkar Wada, Yeola, Maharashtra 423401, India","Opening Hours":"Monday: Open 24 hours | Tuesday: Open 24 hours | Wednesday: Open 24 hours | Thursday: Open 24 hours | Friday: Open 24 hours | Saturday: Open 24 hours | Sunday: Open 24 hours","Maps Link":"https://maps.google.com/?cid=9843237717054621987&g_mp=Cidnb29nbGUubWFwcy5wbGFjZXMudjEuUGxhY2VzLlNlYXJjaFRleHQQAhgEIAA"}}]}