{"type":"FeatureCollection","features":[{"type":"Feature","geometry":{"type":"Point","coordinates":[73.7833308,20.0009085]},"properties":{"name":"Dr. Gosavi Maternity & Nursing Home","facilityType":"MATERNITY","address":"1370 G Gosavi Hospital Shivaji Road, Shalimar Chowk ","phone":"0253-2502395 ","owner":"Dr. Shrikant Gosavi ","registeredBeds":10,"icuBeds":null,"generalBeds":null,"mjpjay":null,"category":"Private","geocodeConfidence":"LOW"}},{"type":"Feature","geometry":{"type":"Point","coordinates":[73.7862303,20.0053938]},"properties":{"name":"DR KULKARNI NURSING HOME","facilityType":"HOSPITAL","address":"432 B VAKIL WADI NASHIK","phone":2532574339,"owner":"DR SHIRISH MADHUKAR SULE ","registeredBeds":20,"icuBeds":null,"generalBeds":null,"mjpjay":null,"category":"Private","geocodeConfidence":"MEDIUM"}},{"type":"Feature","geometry":{"type":"Point","coordinates":[73.7562639,20.0125455]},"properties":{"name":"Nerlikar Hospital","facilityType":"HOSPITAL","address":"Near Octroi Naka Gangapur Road Nashik ","phone":"9373906082/ 0253-2352471","owner":"Dr.Mrs. Shobha Vinayak Nerlikar","registeredBeds":36,"icuBeds":null,"generalBeds":null,"mjpjay":null,"category":"Private","geocodeConfidence":"HIGH"}},{"type":"Feature","geometry":{"type":"Point","coordinates":[73.7594683,20.0116239]},"properties":{"name":"Vikarant Hospital & Nursaing Home  SAVKARE MATERNITY HOME","facilityType":"MATERNITY","address":"Lokmanya Nagar Near Raosaheb Thorat Hall Gangapur Road Nashik","phone":"0253-2577325","owner":"Dr. Saokar Vishwas Vitthalrao ","registeredBeds":15,"icuBeds":null,"generalBeds":null,"mjpjay":null,"category":"Private","geocodeConfidence":"LOW"}},{"type":"Feature","geometry":{"type":"Point","coordinates":[73.7800892,19.9965967]},"properties":{"name":"DHADIWAL HOSPITAL","facilityType":"HOSPITAL","address":"OPP THAKKAR BAZAR TRIMBAK NAKA NASHIK ","phone":"9823040106/  0253-2313775","owner":"DR RAJESH KANTILAL DHADIWAL","registeredBeds":35,"icuBeds":null,"generalBeds":null,"mjpjay":null,"category":"Private","geocodeConfidence":"HIGH"}},{"type":"Feature","geometry":{"type":"Point","coordinates":[73.7667513,20.0041732]},"properties":{"name":"MALPANI MATERNITY HOME","facilityType":"MATERNITY","address":"DOLLY HOUSE VISE MALA COLLAGE ROAD NSK","phone":9823058715,"owner":"DR KANCHAN JAGDISH MALAPANI","registeredBeds":15,"icuBeds":null,"generalBeds":null,"mjpjay":null,"category":"Private","geocodeConfidence":"MEDIUM"}},{"type":"Feature","geometry":{"type":"Point","coordinates":[73.7751614,20.0056858]},"properties":{"name":"VIDULA NURSING HOME ENGUOP FERTILITY CLINIC","facilityType":"HOSPITAL","address":"MURKUTE COLNY NEW PANDIT COLONY NASHIK ","phone":"0253-2580508/9822535394","owner":"DR.SUVRNA PAWAR DR. PRADIP PAWAR ","registeredBeds":14,"icuBeds":null,"generalBeds":null,"mjpjay":null,"category":"Private","geocodeConfidence":"HIGH"}},{"type":"Feature","geometry":{"type":"Point","coordinates":[73.7778621,20.005054]},"properties":{"name":"DEOGAONKAR HOSPITAL","facilityType":"HOSPITAL","address":"Deogaonkar hospital, attarde app, old pandit colony gangapur road, nashik-2","phone":9823031314,"owner":"Dr.Narayan Govindrao Deogaonkar ","registeredBeds":30,"icuBeds":null,"generalBeds":null,"mjpjay":null,"category":"Private","geocodeConfidence":"HIGH"}},{"type":"Feature","geometry":{"type":"Point","coordinates":[74.4465831,20.2358218]},"properties":{"name":"ARIHANT NURSING & MATERNITY HOME","facilityType":"MATERNITY","address":"BEHIND VASANT BHUJBAL SHOWROOM MUMBAI NAKA NASHIK ","phone":null,"owner":"DR  SUNIL C. BAFNA ","registeredBeds":15,"icuBeds":null,"generalBeds":null,"mjpjay":null,"category":"Private","geocodeConfidence":"HIGH"}},{"type":"Feature","geometry":{"type":"Point","coordinates":[73.7791546,19.9905617]},"properties":{"name":"TRUPTI MATARNITY & NURSING HOME","facilityType":"MATERNITY","address":"SHREE HARI KUTE MARGA TIDKE COLINY NASHIK ","phone":9373904679,"owner":"DR.KIRAN PANDIRANATH PATOLE ","registeredBeds":4,"icuBeds":null,"generalBeds":null,"mjpjay":null,"category":"Private","geocodeConfidence":"HIGH"}},{"type":"Feature","geometry":{"type":"Point","coordinates":[73.7797118,19.9895837]},"properties":{"name":"TORNE ENT HOSPITAL & RESEARCH CENTER","facilityType":"ENT","address":"AHILYADEVI HOLKAR MARG NEAR  MAHAMARG BUS STAND MUMBAI NAKA NASHIK","phone":8805378587,"owner":"Dr. UMESH SHANTANOO TORNE","registeredBeds":10,"icuBeds":null,"generalBeds":null,"mjpjay":null,"category":"Private","geocodeConfidence":"HIGH"}},{"type":"Feature","geometry":{"type":"Point","coordinates":[73.7806621,20.0059318]},"properties":{"name":"KEKAN MATERNITY HOME","facilityType":"MATERNITY","address":"KEKAN MATERNITY HOME, LOKMANYA NAGAR GANGAPUR RD, NASHIK  ","phone":9822399204,"owner":"Dr. Ashok Kekan ","registeredBeds":15,"icuBeds":null,"generalBeds":null,"mjpjay":null,"category":"Private","geocodeConfidence":"LOW"}},{"type":"Feature","geometry":{"type":"Point","coordinates":[73.8213068,19.9698189]},"properties":{"name":"SHUSHRUSHA MATERNITY HOME","facilityType":"MATERNITY","address":"GROUND FLOOR 87/A, ICCHAMANI ROAD UPNAGAR, NASHIK-6","phone":8459677764,"owner":"DR JYOTSNA DUMBRE ","registeredBeds":5,"icuBeds":null,"generalBeds":null,"mjpjay":null,"category":"Private","geocodeConfidence":"HIGH"}},{"type":"Feature","geometry":{"type":"Point","coordinates":[73.7853042,20.0081381]},"properties":{"name":"Seeta Nursing Home","facilityType":"HOSPITAL","address":"Dharpure Ghat Ashok Stambh Nashik","phone":989158203,"owner":"Dr. sujata Govind Kulkarni ","registeredBeds":15,"icuBeds":null,"generalBeds":null,"mjpjay":null,"category":"Private","geocodeConfidence":"MEDIUM"}},{"type":"Feature","geometry":{"type":"Point","coordinates":[73.7604501,20.0118417]},"properties":{"name":"UPADHYE MATERNITY HOME","facilityType":"MATERNITY","address":"SR NO. 706/1 S.T. COLONY G.RDNEAR SBI NASHIK GANGAPUR ROAD NASHIK.422013 ","phone":9850254938,"owner":"DR. SHRIRAM VASANT UPADHYE","registeredBeds":15,"icuBeds":null,"generalBeds":null,"mjpjay":null,"category":"Private","geocodeConfidence":"HIGH"}},{"type":"Feature","geometry":{"type":"Point","coordinates":[73.7857367,20.0089175]},"properties":{"name":"CHAITANYA NURSING HOME","facilityType":"HOSPITAL","address":"GHARPURE GHAT NEAR RUNGHTHA HIGH SCHOOL, ASHOK STAMB NASHIK","phone":"98220095220/ 8698299066","owner":"DR.Sagar Vivek Kaktkar & Dr. Shrikala Kaktkar","registeredBeds":20,"icuBeds":null,"generalBeds":null,"mjpjay":null,"category":"Private","geocodeConfidence":"HIGH"}},{"type":"Feature","geometry":{"type":"Point","coordinates":[73.766641,20.005301]},"properties":{"name":"VIJAN HOSPITAL AND RESEARCH CENTER","facilityType":"HOSPITAL AND RESEARCH CENTER","address":"DR. VIJAN HOSPITAL & MARG NEXT TO NEW SMART  BAZAR BIG BAZAR ,COLLOGE ROAD NASHIK.","phone":9822025353,"owner":"DR. VINOD MADAN VIJAN","registeredBeds":36,"icuBeds":null,"generalBeds":null,"mjpjay":null,"category":"Private","geocodeConfidence":"HIGH"}},{"type":"Feature","geometry":{"type":"Point","coordinates":[73.7806621,20.0059318]},"properties":{"name":"SANJIVAN HOSPITAL","facilityType":"ORTHOPEDIC HOSPITAL","address":"59/60 SAPTSHRUNGI COLONY KHATIF DAIRY OLD GANGAPUR NAKA RD NASHIK ","phone":"9823039788/9234977129","owner":"DR UMESH MURIDHAR KULKARNI ","registeredBeds":25,"icuBeds":null,"generalBeds":null,"mjpjay":null,"category":"Private","geocodeConfidence":"LOW"}},{"type":"Feature","geometry":{"type":"Point","coordinates":[73.8059734,20.0098307]},"properties":{"name":"DR.AHIRAO HOSPITAL","facilityType":"HOSPITAL","address":"OM NAGAR ADGOAN NAKA PANCHAVTI NASHIK ","phone":9823055187,"owner":"DR .VIJAY AHIRRAO ","registeredBeds":10,"icuBeds":null,"generalBeds":null,"mjpjay":null,"category":"Private","geocodeConfidence":"HIGH"}},{"type":"Feature","geometry":{"type":"Point","coordinates":[73.7376531,20.0004922]},"properties":{"name":"ROHIT MULTISPEACIALITY HOSPITAL","facilityType":"MULITISPECIALITY","address":"SHRIKRUSHNA NAGAR INDIRA MARKET SAMOR SATPUR COLONY NASHIK","phone":9422253162,"owner":"DR PAWAR SUBHASH DEORAO","registeredBeds":10,"icuBeds":null,"generalBeds":null,"mjpjay":null,"category":"Private","geocodeConfidence":"LOW"}},{"type":"Feature","geometry":{"type":"Point","coordinates":[73.7224982,19.9865319]},"properties":{"name":"JOSHI NURSING HOME","facilityType":"HOSPITAL","address":"NEAR PAPAYA NURSERY TRIMBAK RD SATPUR ","phone":9860307601,"owner":"DR VIVEK JOSHI ","registeredBeds":4,"icuBeds":null,"generalBeds":null,"mjpjay":null,"category":"Private","geocodeConfidence":"MEDIUM"}},{"type":"Feature","geometry":{"type":"Point","coordinates":[73.847253,20.018936]},"properties":{"name":"CHOPDA MATERNITY & NURSING HOME","facilityType":"MATERNITY","address":"FIRST FLOOR PLOT NO. 10 B/H MAHALAXMI THEATER, DINDORI ROAD NASHIK  PANCHAVTI","phone":9823019137,"owner":"DR MANAKLAL RATANCHAD CHOPDA ","registeredBeds":15,"icuBeds":null,"generalBeds":null,"mjpjay":null,"category":"Private","geocodeConfidence":"MEDIUM"}},{"type":"Feature","geometry":{"type":"Point","coordinates":[73.8055301,20.0123987]},"properties":{"name":"UPASANI  MATERNITY & NURSING HOME","facilityType":"MATERNITY","address":"67,SHIVAM NAGAR,HIRAWADI ROAD,PANCHAVTI, NASHIK","phone":"9823075570/ 9823050150","owner":"DR.UPASANI  SHIRISH GOPALKRISHNA","registeredBeds":5,"icuBeds":null,"generalBeds":null,"mjpjay":null,"category":"Private","geocodeConfidence":"HIGH"}},{"type":"Feature","geometry":{"type":"Point","coordinates":[73.793851,20.020156]},"properties":{"name":"DHANWANTRI MATARNITY & NURSING HOME","facilityType":"MATERNITY","address":"78/1 PETH ROAD PANCHAVTI NASHIK ","phone":9867111119,"owner":"DR DINESH MOTIRAM BACCHAV/GAURAV DINESH BACCHAV","registeredBeds":15,"icuBeds":null,"generalBeds":null,"mjpjay":null,"category":"Private","geocodeConfidence":"HIGH"}},{"type":"Feature","geometry":{"type":"Point","coordinates":[73.7902,20.014427]},"properties":{"name":"ADWAIT MATERNITY & NURSING HOME","facilityType":"MATERNITY","address":"GROUND FLOOR RAJPAL COLONY MAKHMALAD NAKA PANCHAVATI  NASHIK","phone":9822026900,"owner":"DR. YASHWANT JOSHI DR ROHINI YASHWANT JOSHI ","registeredBeds":5,"icuBeds":null,"generalBeds":null,"mjpjay":null,"category":"Private","geocodeConfidence":"MEDIUM"}},{"type":"Feature","geometry":{"type":"Point","coordinates":[73.804299,20.0084553]},"properties":{"name":"HARSHGIRI MATERNITY & NURSING HOME","facilityType":"MATERNITY","address":"GROUND FLOOR & FIRST FLOOR B/H MAHAVIR NAGARI DINDORI ROAD, PANCHVATI NASHIK.","phone":9370017733,"owner":"DR. SADHANA DILIP TATIYA ","registeredBeds":15,"icuBeds":null,"generalBeds":null,"mjpjay":null,"category":"Private","geocodeConfidence":"LOW"}},{"type":"Feature","geometry":{"type":"Point","coordinates":[73.7935717,20.0066847]},"properties":{"name":"ADHARSHILA MATERNITY HOME","facilityType":"MATERNITY","address":"KRISHNANAGAR NEW  MUMBAI AGRA RD PANCHAVATI COLLEGE NASHIK","phone":9765513777,"owner":"Dr. Mukesh  Agrawal ","registeredBeds":10,"icuBeds":null,"generalBeds":null,"mjpjay":null,"category":"Private","geocodeConfidence":"LOW"}},{"type":"Feature","geometry":{"type":"Point","coordinates":[73.7698069,19.9642261]},"properties":{"name":"SHREE SAMARTHA HOSPITAL","facilityType":"HOSPITAL","address":"OLD ADGAON NAKA SHRI HARI PLAZA SAMARTHA HOSPITAL","phone":null,"owner":"Dr. Sanjay Bafana","registeredBeds":18,"icuBeds":null,"generalBeds":null,"mjpjay":null,"category":"Private","geocodeConfidence":"HIGH"}},{"type":"Feature","geometry":{"type":"Point","coordinates":[73.9155409,20.0797339]},"properties":{"name":"USHA MATERNITY HOME","facilityType":"MATERNITY","address":"BHUJBAL FARM ROAD MUMBAI AGRA ROAD NASHIK ","phone":9023067108,"owner":"DR RAVINDRA DAULATRAV WAGH ","registeredBeds":17,"icuBeds":null,"generalBeds":null,"mjpjay":null,"category":"Private","geocodeConfidence":"MEDIUM"}},{"type":"Feature","geometry":{"type":"Point","coordinates":[73.8386245,19.95105]},"properties":{"name":"JAIRAM HOSPITAL & RESEARCH CENTRE PVT.LTD","facilityType":"HOSPITAL & RESEARCH CENTRE","address":"GROUND +1ST FLOOR SHAU PATH B/H VASCO HOTEL, OPP MUKTIDHAM, NASHIK ROAD NASHIK ","phone":"7798561007/02253-2460637","owner":"DR. RAKESHCHANDRA KANOJIYA","registeredBeds":50,"icuBeds":null,"generalBeds":null,"mjpjay":null,"category":"Private","geocodeConfidence":"HIGH"}},{"type":"Feature","geometry":{"type":"Point","coordinates":[73.7586652,20.0071703]},"properties":{"name":"Dr. MAHAJAN EYE HOSPITAL","facilityType":"HOSPITAL","address":"  Near CNPJAIL ROAD NASHIKROAD  ","phone":9822606737,"owner":"Dr pankaj mahajan ","registeredBeds":6,"icuBeds":null,"generalBeds":null,"mjpjay":null,"category":"Private","geocodeConfidence":"MEDIUM"}},{"type":"Feature","geometry":{"type":"Point","coordinates":[73.8310379,19.9597027]},"properties":{"name":"SUJATA BIRLA HOSPITAL AND MEDICAL RESEARCH CENTRE","facilityType":"HOSPITAL  RESEARCH CENTER","address":"Ground floor & 1st -2nd Floor near Bytco college Nashik road nashik","phone":"0253-2467667/ 9423971354","owner":"Dr. Vilas Bhagwanrao Shindekar ","registeredBeds":56,"icuBeds":null,"generalBeds":null,"mjpjay":null,"category":"Private","geocodeConfidence":"HIGH"}},{"type":"Feature","geometry":{"type":"Point","coordinates":[73.8420837,19.9480582]},"properties":{"name":"GURUKRUPA MATERNITY HOME","facilityType":"MATERNITY","address":"INGAYAT CILONY DEOLAIGAON NASHIK ROAD NASHIK ","phone":9850226022,"owner":"DR. SANJAY GUMARE ","registeredBeds":8,"icuBeds":null,"generalBeds":null,"mjpjay":null,"category":"Private","geocodeConfidence":"LOW"}},{"type":"Feature","geometry":{"type":"Point","coordinates":[73.8352811,19.958432]},"properties":{"name":"DR GUJRATHI MAT & NARSING HOME","facilityType":"HOSPITAL","address":"NEAR MOTWANI FACTORY DATTAMANDIR STOP NASHIK ROAD NSK ","phone":null,"owner":"DR VILAS BACHUBAHI GUJRATHI","registeredBeds":15,"icuBeds":null,"generalBeds":null,"mjpjay":null,"category":"Private","geocodeConfidence":"MEDIUM"}},{"type":"Feature","geometry":{"type":"Point","coordinates":[73.8356664,19.9476983]},"properties":{"name":"JANKI MATERNITY HOME","facilityType":"MATERNITY","address":"BEHIND ANIRUDHA THEATRE,NASHIK ROAD NASHIK 422101","phone":9422770644,"owner":"Dr.ASHUTOSH PUNAMCHAND THOLE","registeredBeds":9,"icuBeds":null,"generalBeds":null,"mjpjay":null,"category":"Private","geocodeConfidence":"HIGH"}},{"type":"Feature","geometry":{"type":"Point","coordinates":[73.9862407,20.1729686]},"properties":{"name":"DHANWANTRI HOSPITAL","facilityType":"HOSPITAL","address":"TILAKWADI OPP CITY PRIDE HOTEL NASHIK ","phone":9823082512,"owner":"DR SUDHAKAR MORESHWAR PARAMPJE","registeredBeds":16,"icuBeds":null,"generalBeds":null,"mjpjay":null,"category":"Private","geocodeConfidence":"HIGH"}},{"type":"Feature","geometry":{"type":"Point","coordinates":[73.7821657,19.9863139]},"properties":{"name":"DR BHARAT KELKAR HOSPITAL","facilityType":"HOSPITAL","address":"Ground Floor  Behind mahamarg busstand mumbai naka nashik","phone":8169502137,"owner":"Dr Bharat Kelkar ","registeredBeds":15,"icuBeds":null,"generalBeds":null,"mjpjay":null,"category":"Private","geocodeConfidence":"HIGH"}},{"type":"Feature","geometry":{"type":"Point","coordinates":[73.7841891,19.9961371]},"properties":{"name":"Ahura maternity and Surgical Hospital","facilityType":"MATERNITY","address":"Patel Plaza , N.D. Patel  Road Opp. Teliphone Exchange Nashik ","phone":9822033567,"owner":"Dr. Rumy Dhan Patel","registeredBeds":15,"icuBeds":null,"generalBeds":null,"mjpjay":null,"category":"Private","geocodeConfidence":"HIGH"}},{"type":"Feature","geometry":{"type":"Point","coordinates":[73.7826899,19.9990223]},"properties":{"name":"Dr Bapaye HOSPITAL","facilityType":"HOSPITAL","address":"Ground floor & first Floor & secound Floor NDCC Bank Near Cbs  Old Agra Road nashik ","phone":9422252371,"owner":"Dr. Manohar Moreshwar Bapaye ","registeredBeds":10,"icuBeds":null,"generalBeds":null,"mjpjay":null,"category":"Private","geocodeConfidence":"HIGH"}},{"type":"Feature","geometry":{"type":"Point","coordinates":[73.7806621,20.0059318]},"properties":{"name":"PAGARE'S ENT MATERNITY & NURSING HOME","facilityType":"MATERNITY","address":"OLD PANDIT COLONY KTHM COLLEGE  GANGAPUR RD NEAR MARATHA HIGH SCHOOL  NASHIK ","phone":9822045917,"owner":"DR PAGARE RAJENDRA PANDURANG","registeredBeds":4,"icuBeds":null,"generalBeds":null,"mjpjay":null,"category":"Private","geocodeConfidence":"LOW"}},{"type":"Feature","geometry":{"type":"Point","coordinates":[73.7655688,20.0056303]},"properties":{"name":"Bhambri Hospital","facilityType":"HOSPITAL","address":"1st Floor Above Vijan hospital  HPT college road nashik","phone":9226214649,"owner":"Dr. Praveen Bhambri ","registeredBeds":4,"icuBeds":null,"generalBeds":null,"mjpjay":null,"category":"Private","geocodeConfidence":"LOW"}},{"type":"Feature","geometry":{"type":"Point","coordinates":[73.8364097,19.9531162]},"properties":{"name":"Dr Paprikar Maternity Home","facilityType":"MATERNITY","address":"Behind Regimental Plaza, Gaikwad mala ,Nashik Road ","phone":9822039750,"owner":"Dr. Satish Paprikar ","registeredBeds":12,"icuBeds":null,"generalBeds":null,"mjpjay":null,"category":"Private","geocodeConfidence":"HIGH"}},{"type":"Feature","geometry":{"type":"Point","coordinates":[73.7899759,19.9884752]},"properties":{"name":"Nashik Health Care & Research Center Pvt Ltd","facilityType":"HOSPITAL RESEARCH CENTER","address":"Dr House Dr Bhaba Nagar Kaut Ghat Road Mumbai Agra Road Nashik","phone":9823054284,"owner":"Dr Chandrvardhan Jire","registeredBeds":30,"icuBeds":null,"generalBeds":null,"mjpjay":null,"category":"Private","geocodeConfidence":"MEDIUM"}},{"type":"Feature","geometry":{"type":"Point","coordinates":[73.7935717,20.0066847]},"properties":{"name":"Asher Hospital","facilityType":"HOSPITAL","address":"Sr.No. 132/1A Plot No. 39 Dindori Road Lok Sahankar Nager Pachavati Nashik-422003","phone":"9822049069/ 9975150751","owner":"Dr. Niranjana Asher ","registeredBeds":8,"icuBeds":null,"generalBeds":null,"mjpjay":null,"category":"Private","geocodeConfidence":"LOW"}},{"type":"Feature","geometry":{"type":"Point","coordinates":[73.7935717,20.0066847]},"properties":{"name":"Gadakh Hospital (Maternity & Nursing Home)","facilityType":"MATERNITY","address":"Plot no 6&7 Rohini nagar peth road panchavati ","phone":9822373518,"owner":"Dr. Somnath Gulabrao Gadakh ","registeredBeds":5,"icuBeds":null,"generalBeds":null,"mjpjay":null,"category":"Private","geocodeConfidence":"LOW"}},{"type":"Feature","geometry":{"type":"Point","coordinates":[73.7584626,20.007263]},"properties":{"name":"BASTE MATERNITY HOSPITAL & PUSPA FERTILITY CENTER","facilityType":"MATERNITY","address":"37, KALPANA NAGER H.P.T. COLLEGE RD. POLICE CHOWKI NASHIK - 422005","phone":9922111854,"owner":"Dr. Varsha Nikhil Baste ","registeredBeds":6,"icuBeds":null,"generalBeds":null,"mjpjay":null,"category":"Private","geocodeConfidence":"MEDIUM"}},{"type":"Feature","geometry":{"type":"Point","coordinates":[73.6274412,19.7202469]},"properties":{"name":"SIDDHI HOSPITAL","facilityType":"HOSPITAL","address":"P-67 MIDC satpur behind ITI TRAMBAK ROAD NASHIK ","phone":9373905839,"owner":"DR BHIKANCH KAPURCHAND MUTHA ","registeredBeds":50,"icuBeds":null,"generalBeds":null,"mjpjay":null,"category":"Private","geocodeConfidence":"HIGH"}},{"type":"Feature","geometry":{"type":"Point","coordinates":[73.8358659,19.9536198]},"properties":{"name":"Surya nursing Home","facilityType":"HOSPITAL","address":"Gaikwad mala Regimental plaza Taki chya maghe nashik road nashik","phone":9423150303,"owner":"Dr. Nandkishor tulshiram Katore ","registeredBeds":10,"icuBeds":null,"generalBeds":null,"mjpjay":null,"category":"Private","geocodeConfidence":"HIGH"}},{"type":"Feature","geometry":{"type":"Point","coordinates":[73.8417774,19.9754329]},"properties":{"name":"NIRGUDE MATERNITY & NURSING HOME","facilityType":"MATERNITY","address":"MODEL COLONY SHIVAJI NAGAR JAIL ROAD NASHIK ROAD NASHIK","phone":9423971361,"owner":"DR ASHOK RANGNATH NIRGUDE ","registeredBeds":15,"icuBeds":null,"generalBeds":null,"mjpjay":null,"category":"Private","geocodeConfidence":"HIGH"}},{"type":"Feature","geometry":{"type":"Point","coordinates":[73.8016657,19.9875917]},"properties":{"name":"CITY MATERNITY AND MEDICAL RESEARCH CENTER","facilityType":"HOSPITAL RESEARCH CENTER","address":"SR. NO. 495 WADALA ROAD, NASHIK ","phone":9890156853,"owner":"DR. VASIUDDIN BADRUDDIN SHAIKH","registeredBeds":10,"icuBeds":null,"generalBeds":null,"mjpjay":null,"category":"Private","geocodeConfidence":"MEDIUM"}},{"type":"Feature","geometry":{"type":"Point","coordinates":[73.985526,20.1639578]},"properties":{"name":"SITABAI MEMORIAL HOSPITAL","facilityType":"HOSPITAL","address":"14/104 MG ANCLEAVE HAL COLONY CIDCO  NASHIK ","phone":9823123749,"owner":"DR SURESH  HARIBHAU MORE ","registeredBeds":5,"icuBeds":null,"generalBeds":null,"mjpjay":null,"category":"Private","geocodeConfidence":"MEDIUM"}},{"type":"Feature","geometry":{"type":"Point","coordinates":[74.5188949,20.5540213]},"properties":{"name":"CHAITANYA HOSPITAL","facilityType":"HOSPITAL","address":"OPP. BSNL CANADA CORNER SHARANPUR ROAD NASHIK ","phone":9823044862,"owner":"DR UMESH MAUSKAR ","registeredBeds":14,"icuBeds":null,"generalBeds":null,"mjpjay":null,"category":"Private","geocodeConfidence":"HIGH"}},{"type":"Feature","geometry":{"type":"Point","coordinates":[73.779341,19.9908377]},"properties":{"name":"SURYAWANSHI EYE AND NURSING HOME","facilityType":"EYE","address":"KUTE MARGSANDIP HOSPITAL,MUMABI NAKA,NASHIK","phone":9823018167,"owner":"Dr.SUKHADEV RAKHAMAJI SURYAWANSHI","registeredBeds":4,"icuBeds":null,"generalBeds":null,"mjpjay":null,"category":"Private","geocodeConfidence":"HIGH"}},{"type":"Feature","geometry":{"type":"Point","coordinates":[73.7888249,19.9872213]},"properties":{"name":"PURANDARE HOSPITAL","facilityType":"HOSPITAL","address":"BHABHA NAGAR NASHIK","phone":9823048561,"owner":"DR. PRASHANT PURNDRE ","registeredBeds":10,"icuBeds":null,"generalBeds":null,"mjpjay":null,"category":"Private","geocodeConfidence":"MEDIUM"}},{"type":"Feature","geometry":{"type":"Point","coordinates":[74.2030608,20.5941986]},"properties":{"name":"Shah Maternity And Nursing Home","facilityType":"MATERNITY","address":"1st + 2nd Floor Above Jitendra  Showroom, Sarda Circle Gajamal, Nashik","phone":9850845632,"owner":"Dr Sunil Mahendralal Shah","registeredBeds":30,"icuBeds":null,"generalBeds":null,"mjpjay":null,"category":"Private","geocodeConfidence":"HIGH"}},{"type":"Feature","geometry":{"type":"Point","coordinates":[73.7166847,20.029986]},"properties":{"name":"Motiwala Homiopeathy Medical College & Hospital","facilityType":"HOMIOPEATHY","address":"Motiwala Nagar Gangapur Satpure Link Road Nashik ","phone":"0253-2596570","owner":"Dr. Farukha Fakir Uddin Motiwala ","registeredBeds":50,"icuBeds":null,"generalBeds":null,"mjpjay":null,"category":"Private","geocodeConfidence":"LOW"}},{"type":"Feature","geometry":{"type":"Point","coordinates":[74.0544822,19.7410993]},"properties":{"name":"VITHAI HOSPITAL","facilityType":"HOSPITAL","address":"RAMCHANDRA APT. 1ST FLOOR MAKHMALABAD NAKA PANCHAVATI NASHIK ","phone":9960125555,"owner":"DR SANJAY RAKIBE ","registeredBeds":15,"icuBeds":null,"generalBeds":null,"mjpjay":null,"category":"Private","geocodeConfidence":"HIGH"}},{"type":"Feature","geometry":{"type":"Point","coordinates":[73.7757959,20.0058578]},"properties":{"name":"NEW RISHIKESH HOSPITAL","facilityType":"HOSPITAL","address":"9 MURKUTY  COONLY GANGAPUR ROAD NASHIK-422002 ","phone":9373922911,"owner":"DR. BHAUSAHEB SUKHDEO MORE ","registeredBeds":49,"icuBeds":null,"generalBeds":null,"mjpjay":null,"category":"Private","geocodeConfidence":"MEDIUM"}},{"type":"Feature","geometry":{"type":"Point","coordinates":[73.8321131,19.9597224]},"properties":{"name":"DR. Pathak  ENT HOSPITAL  NASHIK","facilityType":"ENT","address":"TRMBAK COMPLEX OPP BYTCO HOSPTIL SHAHU MAHARAJ PATH NASHIKRAOD NASHIK ROAD 422101 ","phone":7798361860,"owner":"Dr. Rajeev Vasant Pathak ","registeredBeds":10,"icuBeds":null,"generalBeds":null,"mjpjay":null,"category":"Private","geocodeConfidence":"LOW"}},{"type":"Feature","geometry":{"type":"Point","coordinates":[73.8055476,20.0653533]},"properties":{"name":"SEVA MATERNITY AND NURSING HOME","facilityType":"MATERNITY","address":"SEVA HOSPITAL, NEAR SWAMI SAMARTH MANDIR, DINDORI ROAD MHASRUL, NASHIK","phone":9422247726,"owner":"DR. RAJENDRA NIMBADAS SONWANE","registeredBeds":15,"icuBeds":null,"generalBeds":null,"mjpjay":null,"category":"Private","geocodeConfidence":"LOW"}},{"type":"Feature","geometry":{"type":"Point","coordinates":[74.5212679,20.5586536]},"properties":{"name":"NAVJIVAN  HOSPITAL","facilityType":"HOSPITAL","address":"DATTA NAGAR PETHROAD PANCHAVTI NASHIK ","phone":"0253-2513634/ 9823079835 ","owner":"DR SATISH AHER","registeredBeds":5,"icuBeds":null,"generalBeds":null,"mjpjay":null,"category":"Private","geocodeConfidence":"HIGH"}},{"type":"Feature","geometry":{"type":"Point","coordinates":[73.7356223,19.9903392]},"properties":{"name":"DR. KARAD MATERNITY HOME","facilityType":"MATERNITY","address":"GATO GALLI SATPUR NASHIK-7","phone":9822013670,"owner":"DR. DHONDIRAM KARAD ","registeredBeds":15,"icuBeds":null,"generalBeds":null,"mjpjay":null,"category":"Private","geocodeConfidence":"MEDIUM"}},{"type":"Feature","geometry":{"type":"Point","coordinates":[73.8418277,19.9756586]},"properties":{"name":"SHREE SWAMI SAMARTHA HOSPITAL","facilityType":"HOSPITAL","address":"DASAK STOP JAIL ROAD NASHIK ROAD NASHIK ","phone":null,"owner":"DR UJJWALA BHANUDAS GALANDE ","registeredBeds":15,"icuBeds":null,"generalBeds":null,"mjpjay":null,"category":"Private","geocodeConfidence":"HIGH"}},{"type":"Feature","geometry":{"type":"Point","coordinates":[73.7818341,19.9880209]},"properties":{"name":"GANORKAR  MATERNTY   HOME","facilityType":"MATERNITY","address":"GANORKAR  MATERNTY   HOME  MAHAMARG BUS STEND MUMBEI NAKA GAIkwad  NAGAR MUMABAI  NAKA NASHIK 422002","phone":"9822037929  West","owner":"Dr. vijaylaxmi sanjay ganorkar ","registeredBeds":15,"icuBeds":null,"generalBeds":null,"mjpjay":null,"category":"Private","geocodeConfidence":"MEDIUM"}},{"type":"Feature","geometry":{"type":"Point","coordinates":[73.7551263,19.981838]},"properties":{"name":"DR SHAM CHAUDHARY MATERNITY & NURSING HOME","facilityType":"MATERNITY","address":"NEAR MATALE MANGAL KARYALAY KAMATWADE RD TRIMURTI CHOWK NASHIK","phone":"0253-2396027/9823124496","owner":"DR SHAMKANT CHAUDHARY ","registeredBeds":11,"icuBeds":null,"generalBeds":null,"mjpjay":null,"category":"Private","geocodeConfidence":"MEDIUM"}},{"type":"Feature","geometry":{"type":"Point","coordinates":[73.787271,19.997548]},"properties":{"name":"GANGURDE NURSING HOME","facilityType":"MATERNITY","address":"469/2 PLOT NO 4, OLD GANGAPUR NAKA GANGAPUR ROAD NASHIK ","phone":9822198930,"owner":"DR. KRISHNARAO ANDRAO GANGURDE ","registeredBeds":24,"icuBeds":null,"generalBeds":null,"mjpjay":null,"category":"Private","geocodeConfidence":"HIGH"}},{"type":"Feature","geometry":{"type":"Point","coordinates":[73.7948723,20.010797]},"properties":{"name":"RAMALAYAM HOSPITAL","facilityType":"HOSPITAL","address":"GROUND  + FIRST FLOOR PANCHAVATI KARANJA PANCHAVATI NASHIK ","phone":9822058722,"owner":"DR. SANKET DNYNESHWAR HAGWANE","registeredBeds":35,"icuBeds":null,"generalBeds":null,"mjpjay":null,"category":"Private","geocodeConfidence":"HIGH"}},{"type":"Feature","geometry":{"type":"Point","coordinates":[73.7115562,20.0066108]},"properties":{"name":"DR. GAJARE MATERNITY HOME","facilityType":"MATERNITY","address":"PLOT NO 24+1/129 NEAR BUS STOP SHIVAJI NAGER SATPUR NASHIK ","phone":9850080654,"owner":"DR.SANGEETA VITHAL GAJARE ","registeredBeds":15,"icuBeds":null,"generalBeds":null,"mjpjay":null,"category":"Private","geocodeConfidence":"MEDIUM"}},{"type":"Feature","geometry":{"type":"Point","coordinates":[73.7594683,20.0116239]},"properties":{"name":"SUSHRUT AND RECTAL HOSPITAL  AND RES. CENTER","facilityType":"HOSPITAL","address":"PLOT NO 17  LOKMANYA  NAGER GANGAPUR ROAD NASHIK","phone":9890191541,"owner":"DR. Dnyaneshr Haribhu Nikam ","registeredBeds":5,"icuBeds":null,"generalBeds":null,"mjpjay":null,"category":"Private","geocodeConfidence":"LOW"}},{"type":"Feature","geometry":{"type":"Point","coordinates":[73.8341905,19.8778321]},"properties":{"name":"SAI HOSPITAL","facilityType":"HOSPITAL","address":"SAI HOSPITAL  3RD FLOOR, CROWN COMPLEX, NEAR NMC OFFICE SHARANPUR ROAD NASHIK.","phone":"93261160661/9370666333","owner":"DR. SUNIL DNYANESH SONAR","registeredBeds":15,"icuBeds":null,"generalBeds":null,"mjpjay":null,"category":"Private","geocodeConfidence":"HIGH"}},{"type":"Feature","geometry":{"type":"Point","coordinates":[73.7592265,19.9684731]},"properties":{"name":"NITIN HOSPITAL","facilityType":"HOSPITAL","address":"GROUND FLOOR P-24, MORWADI VAYAM SCHOOL PELIKANPARK VIJAY NAGAR  CIDCO NASHIK ","phone":"0253-2393203/9922418005 ","owner":"DR SACHIN TRIMBAKRAO   CHAUDHARI","registeredBeds":5,"icuBeds":null,"generalBeds":null,"mjpjay":null,"category":"Private","geocodeConfidence":"MEDIUM"}},{"type":"Feature","geometry":{"type":"Point","coordinates":[73.768132,19.9673]},"properties":{"name":"Samrtha General Hospital","facilityType":"HOSPITAL","address":" Tal Mazla Plot No. 30 Margshirsh Sector  Near Ambad Police Cidco Nashik ","phone":9422257577,"owner":"Dr. Deshmukh Balasaheb Bhaskar","registeredBeds":4,"icuBeds":null,"generalBeds":null,"mjpjay":null,"category":"Private","geocodeConfidence":"HIGH"}},{"type":"Feature","geometry":{"type":"Point","coordinates":[73.8041443,20.0393386]},"properties":{"name":"SAI SAMARTH MULITISPECIALITY","facilityType":"MULITISPECIALITY","address":"PLOT NO 44 JANTA RAJA COLONY MAKHAMALBAD NAKA NASHIK ","phone":9423571673,"owner":"DR. SANJAY Gungal /Dr. chandrashekhar Aaware ","registeredBeds":50,"icuBeds":null,"generalBeds":null,"mjpjay":null,"category":"Private","geocodeConfidence":"MEDIUM"}},{"type":"Feature","geometry":{"type":"Point","coordinates":[73.7766977,19.9845008]},"properties":{"name":"PIMPRIKAR HOSPITAL","facilityType":"ORTHOPEDIC HOSPITAL","address":"PNO28829 SRV NO789 GOVIND NAGAR CHOWK5 BHIND PRKASH HOTEL NEW MUMBAI NAKA NSK -9","phone":"9823051432 Cidco ","owner":"DR MILIND VASNTRAO PIMPRIKAR","registeredBeds":30,"icuBeds":null,"generalBeds":null,"mjpjay":null,"category":"Private","geocodeConfidence":"HIGH"}},{"type":"Feature","geometry":{"type":"Point","coordinates":[73.8237349,19.9579069]},"properties":{"name":"SUMAN HOSPITAL","facilityType":"HOSPITAL","address":"JAIBHAVANI ROAD NASHIK RD ","phone":9423968191,"owner":"DR NIRGUDE BHAUSAHEB SANTU ","registeredBeds":10,"icuBeds":null,"generalBeds":null,"mjpjay":null,"category":"Private","geocodeConfidence":"HIGH"}},{"type":"Feature","geometry":{"type":"Point","coordinates":[73.766683,19.973109]},"properties":{"name":"SHEHAL HOSPITAL","facilityType":"HOSPITAL","address":"N-9/K//2/2&3 RANAPARATAP CHOWK NEW CIDCO NASHIK","phone":9422245823,"owner":"DR SUBHAS DOMNAE ","registeredBeds":5,"icuBeds":null,"generalBeds":null,"mjpjay":null,"category":"Private","geocodeConfidence":"HIGH"}},{"type":"Feature","geometry":{"type":"Point","coordinates":[73.9901124,20.1642122]},"properties":{"name":"GURUKRUPA HOSPITAL","facilityType":"HOSPITAL","address":"1 FLOOR SARVNDYNA SANKUL PETH NAKA PANCHAVTI NAHSIK ","phone":9766200240,"owner":"DR PRASKAH D. PATIL","registeredBeds":15,"icuBeds":null,"generalBeds":null,"mjpjay":null,"category":"Private","geocodeConfidence":"HIGH"}},{"type":"Feature","geometry":{"type":"Point","coordinates":[73.9901124,20.1642122]},"properties":{"name":"GURUKRUPA HOSPITAL","facilityType":"HOSPITAL","address":"TAL MAZALA GURUKRUPA BUILDING NEAR RAM MANDIR SHIVAJI NAGAR SATPUR NASHIK ","phone":9890232428,"owner":"DR BHARATSAHEB BAGUL ","registeredBeds":5,"icuBeds":null,"generalBeds":null,"mjpjay":null,"category":"Private","geocodeConfidence":"HIGH"}},{"type":"Feature","geometry":{"type":"Point","coordinates":[74.5054692,20.5769793]},"properties":{"name":"KRUPA SAI HOSPITAL","facilityType":"HOSPITAL","address":"SURVYODY APP.JAIL ROAD NASHIK ROAD ","phone":"0253-2459412/ 9823055172","owner":"DR VIJAY DASHRTHRAO KARHADE","registeredBeds":5,"icuBeds":null,"generalBeds":null,"mjpjay":null,"category":"Private","geocodeConfidence":"HIGH"}},{"type":"Feature","geometry":{"type":"Point","coordinates":[73.7818252,19.9858163]},"properties":{"name":"INDOREWALA ENT HOSPITAL","facilityType":"ENT","address":"BEHIND MAHAMARG BUS STAND OLD MUMBAI NAKA NASHIK-2 ","phone":"7888078889/ 9823890007/ 8983050714","owner":"DR. SHABBIR INDOREWALA ","registeredBeds":25,"icuBeds":null,"generalBeds":null,"mjpjay":null,"category":"Private","geocodeConfidence":"HIGH"}},{"type":"Feature","geometry":{"type":"Point","coordinates":[73.8381192,19.9558664]},"properties":{"name":"JEEVANJYOTI HOSPITAL","facilityType":"HOSPITAL","address":"MANGAL MURTI NAGAR CANAL RD JAIL RD NASHIK RD ","phone":9422250155,"owner":"DR BALASAHEB LAXMAN CHAUDHARI / DR RUPALI BALASAHEB CHAUDHARI ","registeredBeds":2,"icuBeds":null,"generalBeds":null,"mjpjay":null,"category":"Private","geocodeConfidence":"LOW"}},{"type":"Feature","geometry":{"type":"Point","coordinates":[73.7932442,20.0102174]},"properties":{"name":"Shraddha Eye Hospital & Nursing Home","facilityType":"EYE","address":"Mukand Apt. Indra Kund Panchavati Nashik ","phone":"0253-2519381/   9822901133/ 9822915303","owner":"Dr. Navinchandra Tulsidas Patel ","registeredBeds":2,"icuBeds":null,"generalBeds":null,"mjpjay":null,"category":"Private","geocodeConfidence":"HIGH"}},{"type":"Feature","geometry":{"type":"Point","coordinates":[73.7694624,20.0103686]},"properties":{"name":"SUSHIL SURGICAL NURSING HOME & VIDEO ENDOSCOPY CENTRE","facilityType":"ENDOSCOPY","address":"28, SAPTSHRUNGI COLONY OLD GANGAPUR NAKA GANGAPUR RAOD NASHIK 13","phone":9223054426,"owner":"DR.REMESH RAJARAM PATIL ","registeredBeds":10,"icuBeds":null,"generalBeds":null,"mjpjay":null,"category":"Private","geocodeConfidence":"HIGH"}},{"type":"Feature","geometry":{"type":"Point","coordinates":[73.7210767,19.986719]},"properties":{"name":"MAHER HOSPITAL","facilityType":"HOSPITAL","address":"GROUND FLOOR 54 LAHOTI NAGAR TRIMBAK RODA SATPUR  NASHIK","phone":9823020702,"owner":"Dr. Pramod Madhukar Patil ","registeredBeds":5,"icuBeds":null,"generalBeds":null,"mjpjay":null,"category":"Private","geocodeConfidence":"HIGH"}},{"type":"Feature","geometry":{"type":"Point","coordinates":[73.7863675,19.9721205]},"properties":{"name":"SHIVOM HOSPITAL","facilityType":"HOSPITAL","address":"NEAR SHRI SWAMI SAMARTH KENDRA SAVRKAR CHOWK INDIRA NAGER NASHIK ","phone":9881136849,"owner":"Dr. Naiyna Priywarth Jaitli","registeredBeds":8,"icuBeds":null,"generalBeds":null,"mjpjay":null,"category":"Private","geocodeConfidence":"HIGH"}},{"type":"Feature","geometry":{"type":"Point","coordinates":[73.8420837,19.9480582]},"properties":{"name":"OM NURSING HOME","facilityType":"HOSPITAL","address":"GROUND FLOOR GAIKWAD MALA, NASHIK ROAD NASHIK","phone":"9823032834/  0253-2485355","owner":"DR. TUSHAR TRIMBAKRAO DEORE","registeredBeds":15,"icuBeds":null,"generalBeds":null,"mjpjay":null,"category":"Private","geocodeConfidence":"LOW"}},{"type":"Feature","geometry":{"type":"Point","coordinates":[73.8001091,20.0233504]},"properties":{"name":"SAKALE MATERNITY HOME","facilityType":"MATERNITY","address":"Pokar Colony RTO Corner, Dindori Road, Nashik","phone":"2308361 /9423554198","owner":"Dr. Ulhas Shripad Sakale","registeredBeds":5,"icuBeds":null,"generalBeds":null,"mjpjay":null,"category":"Private","geocodeConfidence":"LOW"}},{"type":"Feature","geometry":{"type":"Point","coordinates":[73.7793941,20.0008083]},"properties":{"name":"JANTARA MATERNITY AND NURSING HOME","facilityType":"MATERNITY","address":"1ST FLOOR SUYOJTI SANKUL NEAR RAJIV BHAVAN SHARANPUR ROAD NASHIK ","phone":93715729337,"owner":"DR. NILESH LUNKAD ","registeredBeds":16,"icuBeds":null,"generalBeds":null,"mjpjay":null,"category":"Private","geocodeConfidence":"LOW"}},{"type":"Feature","geometry":{"type":"Point","coordinates":[73.7797084,19.9890052]},"properties":{"name":"Suyash Medical Foundation Pvt.Ltd Hospital","facilityType":"HOSPITAL FOUNDATION","address":"Plot no 594/3 Ahilyabai Holkar Marg Near Mahamarg Bus Stand Mumbai Naka Nashik ","phone":"0253-2229500 /9422258666","owner":"Dr. Prashant Vansantrao Patil ","registeredBeds":100,"icuBeds":null,"generalBeds":null,"mjpjay":null,"category":"Private","geocodeConfidence":"HIGH"}},{"type":"Feature","geometry":{"type":"Point","coordinates":[74.5194337,20.5586887]},"properties":{"name":"Sushrut Hospital","facilityType":"HOSPITAL","address":"Sr. No. 656/1/1/A Plot No. 1  New Pendit colony Sharnpur Road Nashik ","phone":9552940294,"owner":"Dr. Sachin Harishchandra Bhangale ","registeredBeds":36,"icuBeds":null,"generalBeds":null,"mjpjay":null,"category":"Private","geocodeConfidence":"HIGH"}},{"type":"Feature","geometry":{"type":"Point","coordinates":[73.7809527,19.9834961]},"properties":{"name":"SANKALECHA MATERNITY HOME","facilityType":"MATERNITY","address":"GOVIND NAGAR MUMABI NAKA,NASHIK","phone":"2471838/9422248282","owner":"Dr.CHANDRAKANT MOHANLAL SANKALECHA ","registeredBeds":10,"icuBeds":null,"generalBeds":null,"mjpjay":null,"category":"Private","geocodeConfidence":"HIGH"}},{"type":"Feature","geometry":{"type":"Point","coordinates":[73.7598681,19.968186]},"properties":{"name":"SAI NURSING AND MATERNITY & NURSING HOME","facilityType":"MATERNITY","address":"GROUND FLOOR N-8/A-6/14/03 GANESH CHOWK NEW CIDCO, NASHIK 9","phone":"2394136/9371149843","owner":"DR. SANTOSH NAMDEV BHOLE","registeredBeds":4,"icuBeds":null,"generalBeds":null,"mjpjay":null,"category":"Private","geocodeConfidence":"LOW"}},{"type":"Feature","geometry":{"type":"Point","coordinates":[73.7627884,20.006876]},"properties":{"name":"KAUSHALYA HOSPITAL & RESEARCH CENTRE","facilityType":"HOSPITAL RESEARCH CENTER","address":"BYK COLLEGE NEAR NEAR VIDYADHAM COLLEGE ROAD ","phone":"0253-2570467/9822060121","owner":"Dr. Pramod Premchand Shinde","registeredBeds":15,"icuBeds":null,"generalBeds":null,"mjpjay":null,"category":"Private","geocodeConfidence":"MEDIUM"}},{"type":"Feature","geometry":{"type":"Point","coordinates":[73.9862407,20.1729686]},"properties":{"name":"DHANWANTARI MATERNITY HOME","facilityType":"MATERNITY","address":"N-31/A-1/12-10 VIJAY NAGAR NEW CIDCO NASHIK.","phone":"2390928 /9822323698","owner":"DR. RUPALI HEMANT PAWAR","registeredBeds":4,"icuBeds":null,"generalBeds":null,"mjpjay":null,"category":"Private","geocodeConfidence":"MEDIUM"}},{"type":"Feature","geometry":{"type":"Point","coordinates":[73.7711187,19.9984105]},"properties":{"name":"DR SHINGE NURSING & MATERNITY HOME","facilityType":"MATERNITY","address":"OPP.RGROUND FLOOR + 1ST FLOOR RACHANA VIDYALAYA SHARANPUR ROAD KULKARNI COLONY SHARNPUR ROAD NASHIK-422002","phone":"9764807963/ 9822478426","owner":"DR.RACHIT RAVINDRA SHINGE ","registeredBeds":15,"icuBeds":null,"generalBeds":null,"mjpjay":null,"category":"Private","geocodeConfidence":"MEDIUM"}},{"type":"Feature","geometry":{"type":"Point","coordinates":[73.4130156,20.0251185]},"properties":{"name":"DR VASANTRAO PAWAR MEDICAL COLLEGE ADGAON NASHIK","facilityType":"MEDICAL COLLEGE","address":"MAHAVIDAYLAY RUGNALAYA & SANSHODHAN KENDRA  ADGAON NAKA NASHIK ","phone":"9823091591/ 9823079792","owner":"DR NITIN BABURAO THAKARE","registeredBeds":1000,"icuBeds":null,"generalBeds":null,"mjpjay":null,"category":"Private","geocodeConfidence":"LOW"}},{"type":"Feature","geometry":{"type":"Point","coordinates":[73.7829391,19.9912044]},"properties":{"name":"Healing Touch Angiography Cardiac Surgery Center PVT. LTD","facilityType":"SURGERY","address":"Next to Circle Cinema Old Agra Road Gole colony Near Ashok Stambha Nashik ","phone":9823057567,"owner":"Dr. Kunal Vasantrao Gupta  ","registeredBeds":32,"icuBeds":null,"generalBeds":null,"mjpjay":null,"category":"Private","geocodeConfidence":"LOW"}},{"type":"Feature","geometry":{"type":"Point","coordinates":[73.7128707,19.9904389]},"properties":{"name":"HARI OM NURSING HOME","facilityType":"MATERNITY","address":"1, Yadhav Aptt.Sambaji nagar, Ashok nagar, Satpur Nashik","phone":"9860817150/ 9881375862","owner":"Dr. Dattaprasad Pandurang More","registeredBeds":4,"icuBeds":null,"generalBeds":null,"mjpjay":null,"category":"Private","geocodeConfidence":"LOW"}},{"type":"Feature","geometry":{"type":"Point","coordinates":[73.8009537,20.0077913]},"properties":{"name":"AROGHYASHALA RUGNALAYA","facilityType":"RUGNALAYA","address":"GANESHWADI PANCHVATI NASHIK ","phone":982280889,"owner":"Dr. Vinay Raghunath Sonabekar ","registeredBeds":100,"icuBeds":null,"generalBeds":null,"mjpjay":null,"category":"Private","geocodeConfidence":"LOW"}},{"type":"Feature","geometry":{"type":"Point","coordinates":[73.798574,19.986198]},"properties":{"name":"TULSI EYE HOSPITAL","facilityType":"HOSPITAL","address":"HAPPY HOME COLONY NEAR GEN. VAIDYA NAGAR, NASARDI BRIDGE NASHIK PUNE ROAD NASHIK-11","phone":9422249913,"owner":"DR.VAISHALI SUJIT  PHADAKE ","registeredBeds":72,"icuBeds":null,"generalBeds":null,"mjpjay":null,"category":"Private","geocodeConfidence":"HIGH"}},{"type":"Feature","geometry":{"type":"Point","coordinates":[73.7463477,19.971789]},"properties":{"name":"MAYUR MATRNITY & NURSING HOME","facilityType":"MATERNITY","address":"GROUND FLOOR NEAR JADHAV SANKUL AMBAD LINK ROAD KAMATWADA NASHIK","phone":9371149844,"owner":"Dr.VINOD POPAT WANI (SHIRODE)","registeredBeds":35,"icuBeds":null,"generalBeds":null,"mjpjay":null,"category":"Private","geocodeConfidence":"LOW"}},{"type":"Feature","geometry":{"type":"Point","coordinates":[73.755308,19.9827257]},"properties":{"name":"DR PANER MATERNITY & NURSING HOME","facilityType":"MATERNITY","address":"PLOT NO. 38 DURGA NAGAR KAMATWADE TRIMURTI CHAOWK  CIDCO NASHIK ","phone":9823095425,"owner":"DR PANER PARAS CHETAN","registeredBeds":10,"icuBeds":null,"generalBeds":null,"mjpjay":null,"category":"Private","geocodeConfidence":"HIGH"}},{"type":"Feature","geometry":{"type":"Point","coordinates":[73.7697917,20.0030284]},"properties":{"name":"SHRADDHA MATERNITY HOME","facilityType":"MATERNITY","address":"FIRST FLOOR,CASTIE ROCK APT CANADA ADVAIT CORNER,SIGANAL SHARNPUR ROAD NASHIK.422005","phone":"9822506749/ 9765165184","owner":"Dr.ASHWINI SAMEER PEKHALE","registeredBeds":15,"icuBeds":null,"generalBeds":null,"mjpjay":null,"category":"Private","geocodeConfidence":"HIGH"}},{"type":"Feature","geometry":{"type":"Point","coordinates":[73.7698069,19.9642261]},"properties":{"name":"SHREE OM GENERAL HOSPITAL","facilityType":"HOSPITAL","address":"SHOP NO.5 SAISNEHA APT. SIHASTH NAGAR AMBAD POLICE STATION CIDCO  NASHIK ","phone":9823056232,"owner":"Dr. Sanjay Laxman Dabhadkar ","registeredBeds":15,"icuBeds":null,"generalBeds":null,"mjpjay":null,"category":"Private","geocodeConfidence":"MEDIUM"}},{"type":"Feature","geometry":{"type":"Point","coordinates":[73.7755135,20.0038107]},"properties":{"name":"PRASANNA BALRUGNALYA AND EVA MATARNITY AND NURSING HOME","facilityType":"CHILD CARE & MATERNITY","address":"3 rd FLOOR RAJIV ENCLAVE NEW PANDIT COLONY OLD NMC OFFICE NASHIK","phone":9822195446,"owner":"DR PRSANNA BABURAO WAGH","registeredBeds":40,"icuBeds":null,"generalBeds":null,"mjpjay":null,"category":"Private","geocodeConfidence":"HIGH"}},{"type":"Feature","geometry":{"type":"Point","coordinates":[73.7654174,20.0096719]},"properties":{"name":"VISHVAGANDHA AYURVED HOSPITAL AND RESEARCH CENTRE","facilityType":"HOSPITAL RESEARCH CENTER","address":"FRIST FLOOR, TORNA PALACE,7-B MANIK NAGAR GANGAPUR ROAD NASHIK.","phone":"2319369/ 9422252837","owner":"DR. TUSHAR ABHIMANYU SURYAVANSHI","registeredBeds":4,"icuBeds":null,"generalBeds":null,"mjpjay":null,"category":"Private","geocodeConfidence":"LOW"}},{"type":"Feature","geometry":{"type":"Point","coordinates":[73.7962657,20.0109886]},"properties":{"name":"SURYA MULTISPECIALITY HOSPITAL","facilityType":"MULITISPECIALITY","address":"2ND FLOOR, SURYA ARCADE OPP NIMANI BUS STAND PANCHVATI NASHIK ","phone":"2621777/   2515135  ","owner":"DR. PRASAD SANTOSH NIKAM ","registeredBeds":30,"icuBeds":null,"generalBeds":null,"mjpjay":null,"category":"Private","geocodeConfidence":"HIGH"}},{"type":"Feature","geometry":{"type":"Point","coordinates":[73.7936291,20.0336366]},"properties":{"name":"Namco Hospital SGS CANCER HOSPITAL NAMCO MULTISPECIALITY HOSPITAL","facilityType":"MULITISPECIALITY","address":" RTO Office Peth Road panchavati Nashik ","phone":"0253-2530139 9422254762","owner":"Dr. Vishakha Sagar Jhagirdar","registeredBeds":100,"icuBeds":null,"generalBeds":null,"mjpjay":null,"category":"Private","geocodeConfidence":"MEDIUM"}},{"type":"Feature","geometry":{"type":"Point","coordinates":[73.7594683,20.0116239]},"properties":{"name":"MICKEY MOUSE MATERNITY & NURSING HOME","facilityType":"MATERNITY","address":"GAJANAN SANKUL NEW PANDIT COLONY, GANGAPUR ROAD NASHIK ","phone":"9850825930/ 9823061315","owner":"Dr. Yogesh Sampatrao Bhadane","registeredBeds":15,"icuBeds":null,"generalBeds":null,"mjpjay":null,"category":"Private","geocodeConfidence":"LOW"}},{"type":"Feature","geometry":{"type":"Point","coordinates":[73.7427566,20.003051]},"properties":{"name":"KIRSHNA HOSPITAL","facilityType":"HOSPITAL","address":"6, DEODAASHAN APPT. Next To Somani Garden Muktidham NashikRaod Nashik ","phone":9823191416,"owner":"Dr. Kiran Trimbak Ingale ","registeredBeds":8,"icuBeds":null,"generalBeds":null,"mjpjay":null,"category":"Private","geocodeConfidence":"LOW"}},{"type":"Feature","geometry":{"type":"Point","coordinates":[73.7806621,20.0059318]},"properties":{"name":"Arihant NURSING  HOME","facilityType":"HOSPITAL","address":"Ground Floor + First Floor Near Nirmla Convent  Gangapuroad Nashik-13","phone":9422726760,"owner":"Dr. Kiran Premchand Jain ","registeredBeds":10,"icuBeds":null,"generalBeds":null,"mjpjay":null,"category":"Private","geocodeConfidence":"LOW"}},{"type":"Feature","geometry":{"type":"Point","coordinates":[74.5193322,20.558247]},"properties":{"name":"LIFE CARE HOSPITAL","facilityType":"HOSPITAL","address":"OPP. Lekha Nagar Bus Stop Mumbai - Agra Road  Nashik-422009","phone":9822073464,"owner":"Dr. Umesh R. Marathe ","registeredBeds":55,"icuBeds":null,"generalBeds":null,"mjpjay":null,"category":"Private","geocodeConfidence":"HIGH"}},{"type":"Feature","geometry":{"type":"Point","coordinates":[73.7064476,19.996016]},"properties":{"name":"SHREE SAI NURSING HOME","facilityType":"HOSPITAL","address":"YASHWANT APP. SHIVAJI CHOWK JAIL RD NASHIK RD ","phone":"0253-2411829 /9421601173","owner":"Dr. Manisha J. Sawant /Dr. manisha prashant pawar ","registeredBeds":4,"icuBeds":null,"generalBeds":null,"mjpjay":null,"category":"Private","geocodeConfidence":"MEDIUM"}},{"type":"Feature","geometry":{"type":"Point","coordinates":[73.795949,20.014527]},"properties":{"name":"SAHARA MATERNITY & NURSING HOME","facilityType":"MATERNITY","address":" BESIDE HOTEL ORANGE TREE BEHIND MUKTIDHAM TEMPLE NASHIK ROAD ","phone":"0253-2468600  / 9970913510","owner":"DR KAILAS KOLTE ","registeredBeds":15,"icuBeds":null,"generalBeds":null,"mjpjay":null,"category":"Private","geocodeConfidence":"HIGH"}},{"type":"Feature","geometry":{"type":"Point","coordinates":[73.7866808,19.972578]},"properties":{"name":"ANAND MATERNITY & NURSING HOME","facilityType":"MATERNITY","address":"Ground Floor + 1st Floor Prab Nagar Opp. Datta Mandir plot no. 26 sk no 108 indiranagar Wadala Shivar Nashik ","phone":"0253-2329858 /9823052402","owner":"Dr. Mahadev haibati pawar ","registeredBeds":5,"icuBeds":null,"generalBeds":null,"mjpjay":null,"category":"Private","geocodeConfidence":"MEDIUM"}},{"type":"Feature","geometry":{"type":"Point","coordinates":[73.6274412,19.7202469]},"properties":{"name":"SHREE SIDDHI MATERNITY & NURSING HOME","facilityType":"MATERNITY","address":"GROUND FLOOR HIRAWADI SHAKTI NAGAR NMC WATER TANK  NASHIK ","phone":9840007495,"owner":"Dr. Sunil Sahebrao Jagtap ","registeredBeds":10,"icuBeds":null,"generalBeds":null,"mjpjay":null,"category":"Private","geocodeConfidence":"HIGH"}},{"type":"Feature","geometry":{"type":"Point","coordinates":[73.7770866,19.984284]},"properties":{"name":"KARNDIKAR HOSPITAL & RESEARCH CENTER","facilityType":"Neurosciences HOSPITAL RESEARCH CENTER","address":"Ground Floor +1st Floor  Govind Nagar Mumbai Agra Road, Prakash  Petrol, NAKA ROAD NAHSIK ","phone":"0253-4472077 9823038890","owner":"DR MAHESH KARNDIKAR / DR GAURI KARNDIKAR ","registeredBeds":15,"icuBeds":null,"generalBeds":null,"mjpjay":null,"category":"Private","geocodeConfidence":"HIGH"}},{"type":"Feature","geometry":{"type":"Point","coordinates":[73.756615,19.981916]},"properties":{"name":"Saykhedkar Hospital & Reascarch Center","facilityType":"HOSPITAL","address":"S,n.Plza Kamtwda Road Trimurti chowk Cidco Nashik","phone":9422247020,"owner":"Dr. Ashwin surendra Parkhe","registeredBeds":50,"icuBeds":null,"generalBeds":null,"mjpjay":null,"category":"Private","geocodeConfidence":"HIGH"}},{"type":"Feature","geometry":{"type":"Point","coordinates":[73.7629399,19.9553557]},"properties":{"name":"SAPTASHRUNGI AYURVED MAHAVIDHYALAY","facilityType":"AYURVED","address":"KAMAL NAGAR HIRAWADI PANCHAVATI ","phone":9890000503,"owner":"Dr. Milind Aaware","registeredBeds":50,"icuBeds":null,"generalBeds":null,"mjpjay":null,"category":"Private","geocodeConfidence":"MEDIUM"}},{"type":"Feature","geometry":{"type":"Point","coordinates":[73.797459,20.047801]},"properties":{"name":"SAIKRUPA HOSPITAL","facilityType":"HOSPITAL","address":"MHASRUL MAKHMALABAD LINK RD NASHIK","phone":"9822817074/ 9822670480 /9822817074","owner":"DR HEMANT SABLE &  HEMANT GOPAL BORSE","registeredBeds":35,"icuBeds":null,"generalBeds":null,"mjpjay":null,"category":"Private","geocodeConfidence":"HIGH"}},{"type":"Feature","geometry":{"type":"Point","coordinates":[73.804095,20.039343]},"properties":{"name":"SAMARTHA HOSPITAL","facilityType":"HOSPITAL","address":"GROUND FLOOR + 1st FLOOR AKASH PETROL PUMP DINDORI RD NASHIK","phone":"0253-2530696/ 985088904/ 9850889045","owner":"Dr. Devendra Deshpande","registeredBeds":10,"icuBeds":null,"generalBeds":null,"mjpjay":null,"category":"Private","geocodeConfidence":"HIGH"}},{"type":"Feature","geometry":{"type":"Point","coordinates":[73.7698069,19.9642261]},"properties":{"name":"SHREE HOSPITAL","facilityType":"HOSPITAL","address":"Chetnajyot  Apt. B/H Bhagwati Gas Agencey Chetana Nagar Nashik","phone":"2376781/ 9823033591","owner":"Dr.Shripad Mangalmurti Upasani","registeredBeds":10,"icuBeds":null,"generalBeds":null,"mjpjay":null,"category":"Private","geocodeConfidence":"HIGH"}},{"type":"Feature","geometry":{"type":"Point","coordinates":[73.8237349,19.9579069]},"properties":{"name":"SUMAN HOSPITAL","facilityType":"HOSPITAL","address":"N-34/5-1/12 RANE NAGGER BUS STOP CIDCO NASHIK ","phone":9822439294,"owner":"DR. BHARAT KAMBALE ","registeredBeds":8,"icuBeds":null,"generalBeds":null,"mjpjay":null,"category":"Private","geocodeConfidence":"HIGH"}},{"type":"Feature","geometry":{"type":"Point","coordinates":[73.8420837,19.9480582]},"properties":{"name":"SAI SACHET NURSING HOME","facilityType":"HOSPITAL","address":"Ground Floor Gaikwad mala  behind rezimental plaza nashik road ","phone":"9822014942/ 8390837412","owner":"DR. RAMESH BABURAO PAWAR ","registeredBeds":5,"icuBeds":null,"generalBeds":null,"mjpjay":null,"category":"Private","geocodeConfidence":"LOW"}},{"type":"Feature","geometry":{"type":"Point","coordinates":[73.781978,19.965107]},"properties":{"name":"ASHIRWAD MATERNITY & NURSING HOME","facilityType":"MATERNITY","address":"N-45/C-B-1/1/2 TRIMURTI CHOWK CIDCO NASHIK ","phone":"0253-2375685 /9890915289  ","owner":"Dr. Manisha Aadhar Jagtap ","registeredBeds":5,"icuBeds":null,"generalBeds":null,"mjpjay":null,"category":"Private","geocodeConfidence":"HIGH"}},{"type":"Feature","geometry":{"type":"Point","coordinates":[73.7598681,19.968186]},"properties":{"name":"SAISHRADDHA MATERNITY & NURSING HOME","facilityType":"MATERNITY","address":"GROUND FLOOR KASHIVISHWA APPT. MAHAKALI RD SAIBABA NAGAR CIDCO ","phone":9423479895,"owner":"DR BHALCHANDRA THAKARE ","registeredBeds":10,"icuBeds":null,"generalBeds":null,"mjpjay":null,"category":"Private","geocodeConfidence":"LOW"}},{"type":"Feature","geometry":{"type":"Point","coordinates":[73.7688978,20.0089408]},"properties":{"name":"VIJAY MATERNITY HOME","facilityType":"MATERNITY","address":"PLOT NO. 46, 1ST FLOOR KHATIB DAIRY NEAR GANGAPUR ROAD NASHIK ","phone":"0253-2570234/ 9822059513/ 9146262960","owner":"DR ATUL VIJAYKUMAR VADGAONKAR ","registeredBeds":20,"icuBeds":null,"generalBeds":null,"mjpjay":null,"category":"Private","geocodeConfidence":"MEDIUM"}},{"type":"Feature","geometry":{"type":"Point","coordinates":[73.8420837,19.9480582]},"properties":{"name":"Omkar Heart Institute & Nursing Home","facilityType":"HOSPITAL","address":" Gaikwad Mala, B/H Regimental Plaza, Nashik road nashik ","phone":"0253-2462006/ 9822055612 /9822099860  ","owner":"Dr. Praveen pratap Jadhav ","registeredBeds":10,"icuBeds":null,"generalBeds":null,"mjpjay":null,"category":"Private","geocodeConfidence":"LOW"}},{"type":"Feature","geometry":{"type":"Point","coordinates":[73.837085,19.952512]},"properties":{"name":"DR MANEKAR MATARNITY HOME & SKAIN CARE CENTER","facilityType":"MATERNITY","address":"3RD FLOOR GAIKWAD CITY BAZAR BEHIND REGIMENTAL NASHIK ROAD","phone":"0253-2452639/ 9422250022  / 9850256025","owner":"DR SANAJY VIJAYKUMAR MANEKAR","registeredBeds":5,"icuBeds":null,"generalBeds":null,"mjpjay":null,"category":"Private","geocodeConfidence":"HIGH"}},{"type":"Feature","geometry":{"type":"Point","coordinates":[73.834726,19.947653]},"properties":{"name":"SURANA NURSING HOME","facilityType":"MATERNITY","address":"ARTILLERY CENTRE ROAD NASHIK ROAD ","phone":"9822269605 NASHIK ROAD ","owner":"Dr. Nitin suran/DR.Vijay Surana  ","registeredBeds":15,"icuBeds":null,"generalBeds":null,"mjpjay":null,"category":"Private","geocodeConfidence":"HIGH"}},{"type":"Feature","geometry":{"type":"Point","coordinates":[73.836886,19.950332]},"properties":{"name":"SANJEEVANI MATERNITY & NURSING HOME","facilityType":"MATERNITY","address":"1st FLOOR NARAYAN SANKUL NARAYN SANKUL MAHALAXMI TOKISE SHEJARI DINDORI ROAD PANCHAVTI NASHIK ","phone":"0253-2621111/ 9850889050","owner":"Dr. Sanket Suresh Sorte/ Dr. Ajit Nanasaheb Borste","registeredBeds":15,"icuBeds":null,"generalBeds":null,"mjpjay":null,"category":"Private","geocodeConfidence":"MEDIUM"}},{"type":"Feature","geometry":{"type":"Point","coordinates":[73.779366,19.991552]},"properties":{"name":"VEDANT HOSPITAL","facilityType":"HOSPITAL","address":"SHREEHARI KUTE MARG,NEAR MUMBAI NAKA,NASHIK ","phone":"2576360 /9423971725","owner":"Dr.NEHETE RAJENDRA YADAV","registeredBeds":30,"icuBeds":null,"generalBeds":null,"mjpjay":null,"category":"Private","geocodeConfidence":"HIGH"}},{"type":"Feature","geometry":{"type":"Point","coordinates":[73.7935717,20.0066847]},"properties":{"name":"Bachhav Hospital","facilityType":"HOSPITAL","address":" Plot No. 1 Uday Colony Makhamlabad Naka Panchavti Nashik ","phone":9850050039,"owner":"Dr. Jogesh Patil Bachhav ","registeredBeds":8,"icuBeds":null,"generalBeds":null,"mjpjay":null,"category":"Private","geocodeConfidence":"LOW"}},{"type":"Feature","geometry":{"type":"Point","coordinates":[73.7463477,19.971789]},"properties":{"name":"SANJIVANI HOSPITAL  AND NURSING HOME","facilityType":"MATERNITY","address":"PLOT NO.16.S.NO.16/A.OPP MEENATAI THAKARE SCHOOL, KAMATWADE NASHIK","phone":"2371818 /9225139506","owner":"DR. NAYANKUMAR KARBHARI GANGURDE","registeredBeds":10,"icuBeds":null,"generalBeds":null,"mjpjay":null,"category":"Private","geocodeConfidence":"LOW"}},{"type":"Feature","geometry":{"type":"Point","coordinates":[73.7935717,20.0066847]},"properties":{"name":"Sanmati Eye Hospital","facilityType":"HOSPITAL","address":"Unity Market, Ground floor maruti madir Makhamalabad naka panchavati nashik  ","phone":"0253-25152500/ 8421943334 /9822321222 ","owner":"Dr. Monoj manikchand Dagade ","registeredBeds":4,"icuBeds":null,"generalBeds":null,"mjpjay":null,"category":"Private","geocodeConfidence":"LOW"}},{"type":"Feature","geometry":{"type":"Point","coordinates":[73.7820715,19.9802987]},"properties":{"name":"BARDE MATERNITY HOSPITAL","facilityType":"MATERNITY","address":"GROUND FLOOR VEDASHRI BUNGLOW SUCHITA NAGAR ENAYAT CAFÉ NASHIK","phone":"0253-2590413/9422248400","owner":"DR SATISH RAMKRUSHNA BARDE ","registeredBeds":4,"icuBeds":null,"generalBeds":null,"mjpjay":null,"category":"Private","geocodeConfidence":"HIGH"}},{"type":"Feature","geometry":{"type":"Point","coordinates":[73.7582417,20.0056652]},"properties":{"name":"SHREE DATTA MATERNITY","facilityType":"MATERNITY","address":"DREAM HOUSE DATIA MANDIR ROAD NASHIK ROAD NASHIK","phone":"0253-2461605/ 9823058757","owner":"DR. NAMRATA MITTAL ","registeredBeds":5,"icuBeds":null,"generalBeds":null,"mjpjay":null,"category":"Private","geocodeConfidence":"LOW"}},{"type":"Feature","geometry":{"type":"Point","coordinates":[73.7987424,19.98369]},"properties":{"name":"KRUSHNA MATERNITY HOME","facilityType":"MATERNITY","address":"chandak Circel Sayeed Baba Dagra Shrre Hari Kute Marg Intro Furnichar Tidke Colony Nashik ","phone":8308809647,"owner":"Dr.Amit Kele","registeredBeds":15,"icuBeds":null,"generalBeds":null,"mjpjay":null,"category":"Private","geocodeConfidence":"MEDIUM"}},{"type":"Feature","geometry":{"type":"Point","coordinates":[73.7833911,19.9996923]},"properties":{"name":"DR AK PAWAR INSTITUTE OF OBS / GYN & REP MEDICINE","facilityType":"HOSPITAL","address":"CBS Rd, near Nashik , CHARUHAS KANHERE WADI NASHIK 01","phone":"0253-2596797/ 9822884440","owner":"DR SAMIR PAWAR ","registeredBeds":15,"icuBeds":null,"generalBeds":null,"mjpjay":null,"category":"Private","geocodeConfidence":"MEDIUM"}},{"type":"Feature","geometry":{"type":"Point","coordinates":[73.7866621,20.0082351]},"properties":{"name":"SUPE HEART & DIABETIS HOSPITAL & RESEARCH CENTRE","facilityType":"HOSPITAL & RESEARCH CENTRE","address":"OPP ADHARASHRAM, NEAR RUNGTHA SCHOOL NEAR GHARPUR GHAT ASHOK STAMBH NASHIK","phone":"0253-2232487/ 9422181324","owner":"DR PRAVIN DINKAR SUPE ","registeredBeds":15,"icuBeds":null,"generalBeds":null,"mjpjay":null,"category":"Private","geocodeConfidence":"MEDIUM"}},{"type":"Feature","geometry":{"type":"Point","coordinates":[73.7840523,19.9882049]},"properties":{"name":"SHATABDI HOSPITAL","facilityType":"ORTHOPEDIC  HOSPITAL","address":"SUYOJIT CITY CENTER OPP. MAHAMARG BUS STAND MUMBAI NAKA NASHIK 422009","phone":"7769925259/ 9823051075","owner":"Dr. Dhananjay Shankar Kadam ","registeredBeds":105,"icuBeds":null,"generalBeds":null,"mjpjay":null,"category":"Private","geocodeConfidence":"MEDIUM"}},{"type":"Feature","geometry":{"type":"Point","coordinates":[73.7581059,19.9566521]},"properties":{"name":"RENUKA MATERNITY & NURSING HOME","facilityType":"MATERNITY","address":" GROUND FLOOR PLOT NO. 99  BEHIND VAISHNAV MARBAL PATHARDI ROAD PATHARDI PHATA NASHIK ","phone":8380094465,"owner":"DR HEMANT RAMNATH SHINDE ","registeredBeds":4,"icuBeds":null,"generalBeds":null,"mjpjay":null,"category":"Private","geocodeConfidence":"LOW"}},{"type":"Feature","geometry":{"type":"Point","coordinates":[73.8106236,19.9778567]},"properties":{"name":"Muktai Nursing Home","facilityType":"HOSPITAL","address":"Plot No. 11 Behind Little Heart School shivaji Nagar Nashik ","phone":9822651494,"owner":"Dr. Chetan Shridhar Patil ","registeredBeds":15,"icuBeds":null,"generalBeds":null,"mjpjay":null,"category":"Private","geocodeConfidence":"HIGH"}},{"type":"Feature","geometry":{"type":"Point","coordinates":[73.7706353,20.0029412]},"properties":{"name":"VARDHAMAN EYE HOSPITAL","facilityType":"EYE","address":"KAMAL APP, GROUND FLOOR NEAR NEELKAMAL MEDICAL OPP. TELEPHONE EXCHANGE, SHARANPUR ROAD, CANADA CORNER NASHIK.","phone":9823036371,"owner":"DR. KETAN ANIL MERCHANT","registeredBeds":2,"icuBeds":null,"generalBeds":null,"mjpjay":null,"category":"Private","geocodeConfidence":"LOW"}},{"type":"Feature","geometry":{"type":"Point","coordinates":[73.795916,20.014464]},"properties":{"name":"NEW SAHARA MEDILINE HOSPITAL IN QUILESHAN WITH SAI SAHARA HOSPITAL","facilityType":"HOSPITAL","address":"KRUSHIUTPPANA BAZAR SAMITI COMPLEX DINDORI ROAD PANCHAVATI NASHIK ","phone":"0253-2517777/ 9373900969/ 9325304272","owner":"DR ROSHAN SHIVAJIRAO WARUNGSE ","registeredBeds":30,"icuBeds":null,"generalBeds":null,"mjpjay":null,"category":"Private","geocodeConfidence":"HIGH"}},{"type":"Feature","geometry":{"type":"Point","coordinates":[73.809346,20.014262]},"properties":{"name":"SHRADDHA NURSING HOME","facilityType":"HOSPITAL","address":"Ground Floor Mangalgiri trimurti nagar panchavati","phone":"Panchavati","owner":"DR JYOTI RAJESH PATIL ","registeredBeds":4,"icuBeds":null,"generalBeds":null,"mjpjay":null,"category":"Private","geocodeConfidence":"HIGH"}},{"type":"Feature","geometry":{"type":"Point","coordinates":[73.7776885,19.9827112]},"properties":{"name":"NAHUSH  EYE HOSPITAL","facilityType":"EYE","address":"PLOT NO10 CHOWK NO 6 GOVIND NAGAR NASHIK ","phone":"0253-2472055/9823023103","owner":"Dr. Vishwash Atmaram Bhamare ","registeredBeds":4,"icuBeds":null,"generalBeds":null,"mjpjay":null,"category":"Private","geocodeConfidence":"HIGH"}},{"type":"Feature","geometry":{"type":"Point","coordinates":[73.729045,19.990439]},"properties":{"name":"RANDIVE NURSING HOME HOSPITAL","facilityType":"HOSPITAL","address":"Plot No. 5&6 old Satpur colony nashik ","phone":"0253-2354454 /9823020343  ","owner":"Dr. Jayant Yashwant Randive /Dr meenal jaynat Randive ","registeredBeds":15,"icuBeds":null,"generalBeds":null,"mjpjay":null,"category":"Private","geocodeConfidence":"HIGH"}},{"type":"Feature","geometry":{"type":"Point","coordinates":[73.7738478,20.0071079]},"properties":{"name":"SHIVAM EYE CARE CENTER","facilityType":"EYE","address":"AURUS BUILDING 1ST FLOOR NEAR  PRAMOD MAHAJAN GARDEN GANGAPUR ROAD NASHIK","phone":9422770067,"owner":"DR.KALYAN   SHANKAR  CHOTHE ","registeredBeds":4,"icuBeds":null,"generalBeds":null,"mjpjay":null,"category":"Private","geocodeConfidence":"HIGH"}},{"type":"Feature","geometry":{"type":"Point","coordinates":[73.7224982,19.9865319]},"properties":{"name":"Asha kendra Maternity & nursing Home","facilityType":"MATERNITY","address":"Ground Floor & 1st Floor Ramdas Swami Nagar Netaji Subhash colony Gandhi Nagar Nashik ","phone":"0253-2413338  /9881208993","owner":"Dr. Ganesh Prakash Wadgaonkar ","registeredBeds":8,"icuBeds":null,"generalBeds":null,"mjpjay":null,"category":"Private","geocodeConfidence":"MEDIUM"}},{"type":"Feature","geometry":{"type":"Point","coordinates":[73.7480373,20.0124785]},"properties":{"name":"BHOSALE MATERNITY HOME","facilityType":"MATERNITY","address":"ANADWALI BUS STOP GANGAPUR ROAD NASHIK ","phone":9423175677,"owner":"Dr.Rahul Bhosale","registeredBeds":4,"icuBeds":null,"generalBeds":null,"mjpjay":null,"category":"Private","geocodeConfidence":"MEDIUM"}},{"type":"Feature","geometry":{"type":"Point","coordinates":[73.783093,19.989767]},"properties":{"name":"HCG MANVATA CANCER CENTRE","facilityType":"CANCER CENTRE","address":"Opp. Sandip hotel mahamarg Mumbai Naka Nashik  ","phone":"0253-6662222","owner":"Dr. Raj Vasantrao Nagarkar ","registeredBeds":75,"icuBeds":null,"generalBeds":null,"mjpjay":null,"category":"Private","geocodeConfidence":"HIGH"}},{"type":"Feature","geometry":{"type":"Point","coordinates":[73.7980819,20.0350003]},"properties":{"name":"JAYANTI HOSPITAL","facilityType":"HOSPITAL","address":"SHIVSAMARHA NAGAR, KISHOR SURYAVANSHI MARG, NEAR RTO OFFICE PETH ROAD NASHIK ","phone":"9822002420/ 9326170270","owner":"DR VAISHALI RAVIKIRAN NIKAM","registeredBeds":15,"icuBeds":null,"generalBeds":null,"mjpjay":null,"category":"Private","geocodeConfidence":"HIGH"}},{"type":"Feature","geometry":{"type":"Point","coordinates":[73.779899,19.95927]},"properties":{"name":"MANAS MATERNITY &  NURSING HOME","facilityType":"MATERNITY","address":" GURUGOBINDSHINGH SCHOOL. PANDAV NAGARI WADALA PATHARDI ROAD, NASHIK","phone":"0253-2377366/9822497423","owner":"DR. ANIL BALWANT KELHE ","registeredBeds":4,"icuBeds":null,"generalBeds":null,"mjpjay":null,"category":"Private","geocodeConfidence":"HIGH"}},{"type":"Feature","geometry":{"type":"Point","coordinates":[73.7866808,19.972578]},"properties":{"name":"ANAND MAYERNITY AND NURSING HOME NASHIK","facilityType":"MATERNITY","address":"Star Plus Building, Ground Floor, Infront of Durga Garden, Near Muktidham/Rajanigandha Hotel, Nashik Road Nashik ","phone":"9766188008/ 7276118895","owner":"Dr. Anup Ramesh Kumat ","registeredBeds":15,"icuBeds":null,"generalBeds":null,"mjpjay":null,"category":"Private","geocodeConfidence":"MEDIUM"}},{"type":"Feature","geometry":{"type":"Point","coordinates":[73.8026011,19.9826909]},"properties":{"name":"SUVICHAR HOSPITAL","facilityType":"HOSPITAL","address":"858/859 GANESH BABA NAGAR DWARKA NASHIK.","phone":"2236336/2236636/9225132111  ","owner":"DR.AVINASH BHIMRAV ANDHALE ","registeredBeds":50,"icuBeds":null,"generalBeds":null,"mjpjay":null,"category":"Private","geocodeConfidence":"MEDIUM"}},{"type":"Feature","geometry":{"type":"Point","coordinates":[73.7594683,20.0116239]},"properties":{"name":"DR. BAGUL HOSPITAL & MATERNITY HOME","facilityType":"MATERNITY","address":"MANIKNAGR, PRASAD CIRCLE, GANGAPUR ROAD, NASHIK.","phone":"2307952 /98220633703","owner":"DR. NALINI CHANDRAKAN BAGUL","registeredBeds":15,"icuBeds":null,"generalBeds":null,"mjpjay":null,"category":"Private","geocodeConfidence":"LOW"}},{"type":"Feature","geometry":{"type":"Point","coordinates":[73.7794441,19.9825454]},"properties":{"name":"Navkar Hospital","facilityType":"HOSPITAL","address":"Govind Nagar New Era School Nashik","phone":"0253-2472835/ 9422248000","owner":"Dr. Shreepal Premraj Lunavat","registeredBeds":10,"icuBeds":null,"generalBeds":null,"mjpjay":null,"category":"Private","geocodeConfidence":"HIGH"}},{"type":"Feature","geometry":{"type":"Point","coordinates":[73.7846504,20.0057917]},"properties":{"name":"AYUSH NAURSING HOME","facilityType":"HOSPITAL","address":"GROUND FLOOR,SPACE TOWER OLD AGARA ROAD ASHOK STAMB NASHIK","phone":"0235-2947619/ 9822573716","owner":"Dr. SACHIN MADHAV PATIL","registeredBeds":5,"icuBeds":null,"generalBeds":null,"mjpjay":null,"category":"Private","geocodeConfidence":"HIGH"}},{"type":"Feature","geometry":{"type":"Point","coordinates":[73.6274831,19.7180742]},"properties":{"name":"SAUBHAGYA HOSPITAL","facilityType":"HOSPITAL","address":"1 ST FLOOR PAMPING STATION 689, SAUBHAGYANAGAR GANGAPR ROAD NASHIK.","phone":"0253- 2574903/ 9823132244 ","owner":"DR. KALPANA SUDHIR SANKLECHA","registeredBeds":4,"icuBeds":null,"generalBeds":null,"mjpjay":null,"category":"Private","geocodeConfidence":"HIGH"}},{"type":"Feature","geometry":{"type":"Point","coordinates":[73.841904,19.974572]},"properties":{"name":"NATH NURSING HOME","facilityType":"HOSPITAL","address":"NATH NURSING HOME MHASOBA MANDIR JAIL ROAD ","phone":"0253-2430046/ 9860277066","owner":"Dr. Nathe Sanjay","registeredBeds":5,"icuBeds":null,"generalBeds":null,"mjpjay":null,"category":"Private","geocodeConfidence":"HIGH"}},{"type":"Feature","geometry":{"type":"Point","coordinates":[73.776706,20.007559]},"properties":{"name":"SAPTSHRUNGI NETRASEVA","facilityType":"EYE","address":"PANDIT COLONY GANGAPUR RD NASHIK","phone":9822912945,"owner":"Dr. Tulsidas Sonuji Aher ","registeredBeds":2,"icuBeds":null,"generalBeds":null,"mjpjay":null,"category":"Private","geocodeConfidence":"MEDIUM"}},{"type":"Feature","geometry":{"type":"Point","coordinates":[73.7839866,19.9870794]},"properties":{"name":"Ashwini Accident & multispeciality Nusing Home","facilityType":"MULITISPECIALITY","address":"1st Floor Govind Nagar Chowk No. 5, Mumbai Naka Nashik ","phone":"0253-2472553/ 9822060200","owner":"Dr. Girish Jagnnath Authade","registeredBeds":15,"icuBeds":null,"generalBeds":null,"mjpjay":null,"category":"Private","geocodeConfidence":"LOW"}},{"type":"Feature","geometry":{"type":"Point","coordinates":[73.7864378,19.9740591]},"properties":{"name":"Shatayushi Hospital","facilityType":"HOSPITAL","address":"Indira Nagar Near Babpu Bulgow Nashik ","phone":"0253-2321008/ 9823023138","owner":"Dr. Sarika Pradeep Wagh ","registeredBeds":10,"icuBeds":null,"generalBeds":null,"mjpjay":null,"category":"Private","geocodeConfidence":"HIGH"}},{"type":"Feature","geometry":{"type":"Point","coordinates":[73.768236,19.9994333]},"properties":{"name":"Ramole Eye Hospital & Dental Clinic","facilityType":"EYE & DENTAL CLINIC","address":"Opp. To  St. Andria church , Sharanpur trimbak link Road  Canada Corner Nashik ","phone":"9028915558/ 9822432825","owner":"Dr. Abhijit Gambhirrao Ramole ","registeredBeds":12,"icuBeds":null,"generalBeds":null,"mjpjay":null,"category":"Private","geocodeConfidence":"HIGH"}},{"type":"Feature","geometry":{"type":"Point","coordinates":[73.783422,19.9786826]},"properties":{"name":"Lasure Maternity and Nursing Home","facilityType":"MATERNITY","address":"Plot No 21 Khode Mala SavataNagar New Cidco Nashik","phone":"9420361146/ 9371590724","owner":"Dr. Mukesh Pralhad Lasure","registeredBeds":4,"icuBeds":null,"generalBeds":null,"mjpjay":null,"category":"Private","geocodeConfidence":"LOW"}},{"type":"Feature","geometry":{"type":"Point","coordinates":[73.7431463,19.9499946]},"properties":{"name":"VASTLYA  MATERNITY & SURGICAL HOSPITAL","facilityType":"MATERNITY","address":"B-5 GRUND FLOOR JAY PLAZA AMBAD POLICE SATION CIDCO NASHIK ","phone":"9423212654/ 9850907960","owner":"DR.AMIT MAHESH KULKARNI & DR. SWAPANA AMIT KULKARNI","registeredBeds":4,"icuBeds":null,"generalBeds":null,"mjpjay":null,"category":"Private","geocodeConfidence":"LOW"}},{"type":"Feature","geometry":{"type":"Point","coordinates":[73.7799472,19.9964383]},"properties":{"name":"SHREEJI HOSPITAL","facilityType":"HOSPITAL","address":"2ND FLOOR , CASH ROCK BUILIDING CANADA CORNER SHARANPUR ROAD NASHIK","phone":9422258295,"owner":"Dr. Parikha Prakash Madhusudhan ","registeredBeds":15,"icuBeds":null,"generalBeds":null,"mjpjay":null,"category":"Private","geocodeConfidence":"HIGH"}},{"type":"Feature","geometry":{"type":"Point","coordinates":[73.748144,20.012651]},"properties":{"name":"Niramay Nursing Home","facilityType":"HOSPITAL","address":"Sr. No. 64/2B Plot No. 15, Anand Nagar Housing Soc. Bus Stop Aanandwali Gangapur Road Nashik","phone":"9822776764/ 9604588188","owner":"Dr. Lalit Babanrao Jadhav ","registeredBeds":4,"icuBeds":null,"generalBeds":null,"mjpjay":null,"category":"Private","geocodeConfidence":"HIGH"}},{"type":"Feature","geometry":{"type":"Point","coordinates":[73.7763919,20.000611]},"properties":{"name":"SOHAM HOSPITAL & MEDICAL FOUNDATION PVT.LTD","facilityType":"HOSPITAL","address":"ARCHIT AVENUE, BEHIND CHHAN HOTEL DHANWANTARI MARG, SHREE VALLABH NAGAR, MUMBAI NAKA NASHIK ","phone":9422770544,"owner":"DR Vijay  Murlidhar Thorat ","registeredBeds":104,"icuBeds":null,"generalBeds":null,"mjpjay":null,"category":"Private","geocodeConfidence":"HIGH"}},{"type":"Feature","geometry":{"type":"Point","coordinates":[73.7753862,19.9759103]},"properties":{"name":"Maatru Nursing Home","facilityType":"HOSPITAL","address":"MF plot No. 8, Magha Sector sundarban Colony Cidco  Nashik ","phone":9822337576,"owner":"Dr. Khairnar Premraj Pundlik ","registeredBeds":2,"icuBeds":null,"generalBeds":null,"mjpjay":null,"category":"Private","geocodeConfidence":"LOW"}},{"type":"Feature","geometry":{"type":"Point","coordinates":[73.805987,20.041458]},"properties":{"name":"SANJEEVANI DENTAL & ACCIDENT MATRNITY & NURSING HOME","facilityType":"DENTAL & MATERNITY","address":"1ST FLOOR DEVDARSHAN APT. SOMANI GARDEN NASHIK ROAD","phone":"0253-2455697/ 9422246769","owner":"DR.JITENDRA REVA KURKURE","registeredBeds":10,"icuBeds":null,"generalBeds":null,"mjpjay":null,"category":"Private","geocodeConfidence":"MEDIUM"}},{"type":"Feature","geometry":{"type":"Point","coordinates":[74.0916401,19.1896448]},"properties":{"name":"Gondhale Maternity & Nursing Home","facilityType":"MATERNITY","address":"Plot No. 2, Lingayat Colony, Behind Hotel Kamat , Nashik-Pune Road ","phone":9422284365,"owner":"Dr. Pradip Daghuappa Gondhale","registeredBeds":6,"icuBeds":null,"generalBeds":null,"mjpjay":null,"category":"Private","geocodeConfidence":"LOW"}},{"type":"Feature","geometry":{"type":"Point","coordinates":[73.772574,20.002213]},"properties":{"name":"Modern Eye Hospital","facilityType":"EYE","address":"G-13 Suyojit Modern Point Opp.police Pared ground Shurnpur Road Nashik Road","phone":9422289169,"owner":"Dr.Madhuri Sanjay Laul ","registeredBeds":4,"icuBeds":null,"generalBeds":null,"mjpjay":null,"category":"Private","geocodeConfidence":"HIGH"}},{"type":"Feature","geometry":{"type":"Point","coordinates":[73.7818026,20.037304]},"properties":{"name":"LEELAVATI HOSPITAL","facilityType":"HOSPITAL","address":"Vidya Nagar,Makhamalabad,Road,Panchavati Nashik","phone":9371797408,"owner":"Dr.PAVAN VASANT KAKAD","registeredBeds":6,"icuBeds":null,"generalBeds":null,"mjpjay":null,"category":"Private","geocodeConfidence":"HIGH"}},{"type":"Feature","geometry":{"type":"Point","coordinates":[73.7698069,19.9642261]},"properties":{"name":"Shree hospital","facilityType":"HOSPITAL","address":"2 Trimbak Complex bytco Hopspital Nashik road","phone":"9763264343/ 9422248416","owner":"Dr. Swati Deepak Chavan ","registeredBeds":4,"icuBeds":null,"generalBeds":null,"mjpjay":null,"category":"Private","geocodeConfidence":"HIGH"}},{"type":"Feature","geometry":{"type":"Point","coordinates":[73.778466,19.984917]},"properties":{"name":"MAHEAH HOSPITAL MATERNITY & NURSING HOME","facilityType":"MATERNITY","address":"4TH CHOWK HOTEL PRAKASH PETROL PUMP GOVIND NAGER NASHIK-422009","phone":8698595737,"owner":"DR. SATISH PATIL","registeredBeds":4,"icuBeds":null,"generalBeds":null,"mjpjay":null,"category":"Private","geocodeConfidence":"HIGH"}},{"type":"Feature","geometry":{"type":"Point","coordinates":[73.836062,19.999943]},"properties":{"name":"SAMRUDHI HOSPITAL","facilityType":"HOSPITAL","address":"SHREE SWAMI SAMARTH NAGAR ,AURANGABAD ROAD,NEAR NANDUR NAKA,PANCHAVTI NASHIK","phone":"9370676511/ 8208635223","owner":"DR. PRITI NILESH SURSE & Dr.JIVAN BAPU MANDAVDE","registeredBeds":35,"icuBeds":null,"generalBeds":null,"mjpjay":null,"category":"Private","geocodeConfidence":"HIGH"}},{"type":"Feature","geometry":{"type":"Point","coordinates":[73.7145281,19.9895219]},"properties":{"name":"Navjivan Nursing Home","facilityType":"HOSPITAL","address":"S. no. 493/4 Plot no.10 Ashok Nagar Satpur Nashik ","phone":9225100175,"owner":"Dr. Vishal Vasant Nikam","registeredBeds":15,"icuBeds":null,"generalBeds":null,"mjpjay":null,"category":"Private","geocodeConfidence":"LOW"}},{"type":"Feature","geometry":{"type":"Point","coordinates":[73.8417881,19.9762811]},"properties":{"name":"New Life Hospital","facilityType":"HOSPITAL","address":"1st Floor Laxmi Chhaya Apr.about Near Janlaxmi Bank Vir Swarkar Nagar Jailroad Nashik","phone":"..9422261905","owner":"Dr. Nisha  Sunil Patil ","registeredBeds":5,"icuBeds":null,"generalBeds":null,"mjpjay":null,"category":"Private","geocodeConfidence":"HIGH"}},{"type":"Feature","geometry":{"type":"Point","coordinates":[73.7767024,19.9984566]},"properties":{"name":"DHANVANTARI MATERNITY HOME","facilityType":"MATERNITY","address":"GROUND FLOOR BHAJI MARKET SHIVAJI NAGAR SATPUR NASHIK ","phone":9370241429,"owner":"Dr.    Vikas Vishnu Bagade ","registeredBeds":4,"icuBeds":null,"generalBeds":null,"mjpjay":null,"category":"Private","geocodeConfidence":"HIGH"}},{"type":"Feature","geometry":{"type":"Point","coordinates":[74.4700259,20.0275358]},"properties":{"name":"Sonawane Hospital","facilityType":"HOSPITAL","address":"Ground Floor Maharashatra Hos.Colony Satpur Nashik ","phone":9422945594,"owner":"Dr. KisanLal Motiram Sonawane","registeredBeds":5,"icuBeds":null,"generalBeds":null,"mjpjay":null,"category":"Private","geocodeConfidence":"HIGH"}},{"type":"Feature","geometry":{"type":"Point","coordinates":[73.7893368,20.0066964]},"properties":{"name":"DR PARTANIJ EYE CARE & NURSING HOME","facilityType":"EYE","address":" 1ST FLOOR IN FRONT SUNDAR NARAYAN MANDIR RAVIVAR KARANJA PANCHAVTI NASHIK  ","phone":9595291959,"owner":"Dr. Sharad Partanij","registeredBeds":4,"icuBeds":null,"generalBeds":null,"mjpjay":null,"category":"Private","geocodeConfidence":"LOW"}},{"type":"Feature","geometry":{"type":"Point","coordinates":[73.7724497,20.0009172]},"properties":{"name":"Lele Hospital And Rserch Center PVT LTD","facilityType":"HOSPITAL RESEARCH CENTER","address":"Kulakarni Colony Sharanpur road ","phone":"0253-2572517/ 7020981301","owner":"DR. Pushakar Dattarya  Lele ","registeredBeds":15,"icuBeds":null,"generalBeds":null,"mjpjay":null,"category":"Private","geocodeConfidence":"HIGH"}},{"type":"Feature","geometry":{"type":"Point","coordinates":[73.7711187,19.9984105]},"properties":{"name":"Sahyadri Superspeciality Hospital","facilityType":"SUPERSPECIALITY HOSPITAL","address":"Near Dwarka Circle, wadala Road, Mumbai Agra Road , Nashik -422001","phone":"0253-6691666/ 9823714717   ","owner":"Dr. Abhishek vijay pimpalkar ","registeredBeds":204,"icuBeds":null,"generalBeds":null,"mjpjay":null,"category":"Private","geocodeConfidence":"MEDIUM"}},{"type":"Feature","geometry":{"type":"Point","coordinates":[74.5210987,20.553335]},"properties":{"name":"SAI SHRADHA HOSPITAL MATERNITY & NURSING HOME","facilityType":"MATERNITY","address":"2 nd & 3rd MZLA CHORDIYA SANKUL ARTILARY CENTER ROAD  NASHIK ROAD  NASHIK ","phone":9326184505,"owner":"Dr. Kiran Bhimrao Kumawat ","registeredBeds":30,"icuBeds":null,"generalBeds":null,"mjpjay":null,"category":"Private","geocodeConfidence":"MEDIUM"}},{"type":"Feature","geometry":{"type":"Point","coordinates":[73.826325,20.009716]},"properties":{"name":"Geeta Children Hospital","facilityType":"HOSPITAL","address":"Opp. Ananda Londry New Panclint colony  Nashik","phone":9922207722,"owner":"Dr. Janannath Vishwasrao Mogal","registeredBeds":15,"icuBeds":null,"generalBeds":null,"mjpjay":null,"category":"Private","geocodeConfidence":"MEDIUM"}},{"type":"Feature","geometry":{"type":"Point","coordinates":[73.7064476,19.996016]},"properties":{"name":"SHREE RAM SAI HOSPITAL","facilityType":"HOSPITAL","address":"MALI COLONY SHRAMIK NAGAR SATPUR NASHIK","phone":9921031561,"owner":"Dr. Madhusudan More ","registeredBeds":null,"icuBeds":null,"generalBeds":null,"mjpjay":null,"category":"Private","geocodeConfidence":"HIGH"}},{"type":"Feature","geometry":{"type":"Point","coordinates":[73.549946,19.6936137]},"properties":{"name":"ATHARVA INFERTILITY AND TEST TUBE BABY CENTRE","facilityType":"MATERNITY","address":"Trimbak Naka Signal, old mumbai agra highway, Nashik.","phone":"0253-2313216/ 9225129286","owner":"Dr. Pallavi Yashwant Mane","registeredBeds":15,"icuBeds":null,"generalBeds":null,"mjpjay":null,"category":"Private","geocodeConfidence":"LOW"}},{"type":"Feature","geometry":{"type":"Point","coordinates":[73.7857367,20.0089175]},"properties":{"name":"CHAITANYA NURSING HOME","facilityType":"HOSPITAL","address":"OM TOWER HIRAWADI RD PANCHAVATI NASHIK","phone":null,"owner":"Dr. Hemant Subhash Chandratary ","registeredBeds":5,"icuBeds":null,"generalBeds":null,"mjpjay":null,"category":"Private","geocodeConfidence":"HIGH"}},{"type":"Feature","geometry":{"type":"Point","coordinates":[74.5131665,20.5688871]},"properties":{"name":"SUNAM MULTISPECIALITY & ACCIDENT HOSPITAL","facilityType":"MULITISPECIALITY","address":"SWAMI NARAYAN NAGAR NAVIN ADGAON NAKA PANCHAVATI NASHIK ","phone":null,"owner":"Dr. Khalkar Avinash Namdeo","registeredBeds":15,"icuBeds":null,"generalBeds":null,"mjpjay":null,"category":"Private","geocodeConfidence":"MEDIUM"}},{"type":"Feature","geometry":{"type":"Point","coordinates":[73.7128707,19.9904389]},"properties":{"name":"DR BHADANGE MATERNITY HOME","facilityType":"MATERNITY","address":"GROUND FLOOR MNPA SCHOOL SHIVAJI NAGAR SATPUR NASHIK ","phone":9823093937,"owner":"Dr. Devidas Namdeo Bhadange ","registeredBeds":4,"icuBeds":null,"generalBeds":null,"mjpjay":null,"category":"Private","geocodeConfidence":"LOW"}},{"type":"Feature","geometry":{"type":"Point","coordinates":[73.7841488,19.9999141]},"properties":{"name":"Shree Saibaba Heart Institute & Research Centre LLP","facilityType":"HEART INSTITUTE","address":"P.No. 34/p Wani House Mumbay Agra Road Mumbay Naka Nashik ","phone":"9823033646/ 9923151111","owner":"Dr. Aniruddha Vikas  Dharmadhikari ","registeredBeds":102,"icuBeds":null,"generalBeds":null,"mjpjay":null,"category":"Private","geocodeConfidence":"MEDIUM"}},{"type":"Feature","geometry":{"type":"Point","coordinates":[73.7935717,20.0066847]},"properties":{"name":"SHREE SAMARTH MATERNITY HOME","facilityType":"MATERNITY","address":"FIRST FLOOR 3/4 SHREE RAM SHILPA GAJANAN CHOWK PANCHAVTI NASHIK","phone":"9822139823/ 9372623250","owner":"DR. SANJAY NARAYAN KANADE ","registeredBeds":3,"icuBeds":null,"generalBeds":null,"mjpjay":null,"category":"Private","geocodeConfidence":"LOW"}},{"type":"Feature","geometry":{"type":"Point","coordinates":[73.805987,20.041458]},"properties":{"name":"J.& J Accident  Nursing Home","facilityType":"HOSPITAL","address":"Chtarpati Shau Maharaj Complex Shiva Hotel Wadge Mala Dindori Road Mahsarul Nashik","phone":9403544279,"owner":"Dr. Sanjay Damu Jadhav","registeredBeds":10,"icuBeds":null,"generalBeds":null,"mjpjay":null,"category":"Private","geocodeConfidence":"HIGH"}},{"type":"Feature","geometry":{"type":"Point","coordinates":[73.838527,19.95]},"properties":{"name":"SAI SEVA NURSING HOME","facilityType":"HOSPITAL","address":"TRIMBAK COMPLEX, 1&2 FLOOE, OPP BYTCO HOSPITAL NASHIK ROAD ","phone":"9272347446/ 9766718292","owner":"Dr. Ajit Bhagwant Jagtap","registeredBeds":15,"icuBeds":null,"generalBeds":null,"mjpjay":null,"category":"Private","geocodeConfidence":"HIGH"}},{"type":"Feature","geometry":{"type":"Point","coordinates":[73.7935717,20.0066847]},"properties":{"name":"Yashwant Maternity & Nursing Home","facilityType":"MATERNITY","address":"1st Floor Bhakti sankul peth Naka panchavti nashik ","phone":7588097488,"owner":"Chetan Yashwant Katkade","registeredBeds":15,"icuBeds":null,"generalBeds":null,"mjpjay":null,"category":"Private","geocodeConfidence":"LOW"}},{"type":"Feature","geometry":{"type":"Point","coordinates":[73.7564563,20.0054918]},"properties":{"name":"Shete Hospital","facilityType":"HOSPITAL","address":"Sunrice Apt. Parijat Nagar, Samrtha Nagar Nashik","phone":9226800161,"owner":"Dr. Snehal Shete ","registeredBeds":4,"icuBeds":null,"generalBeds":null,"mjpjay":null,"category":"Private","geocodeConfidence":"LOW"}},{"type":"Feature","geometry":{"type":"Point","coordinates":[73.7689488,20.006418]},"properties":{"name":"CHOPDA MEDICARE & RESERCH CENTER PVT.LTD AND HOSPITAL","facilityType":"HOSPITAL RESEARCH CENTER","address":"PATIL LANE NO1.LAXMI NAGAR CANADA CORNER NASHIK ","phone":9881201613,"owner":"Dr. Manoj Bhavrilal Chopada ","registeredBeds":50,"icuBeds":null,"generalBeds":null,"mjpjay":null,"category":"Private","geocodeConfidence":"MEDIUM"}},{"type":"Feature","geometry":{"type":"Point","coordinates":[73.79583,20.01386]},"properties":{"name":"SUYOG HOSPTAL","facilityType":"HOSPITAL","address":"B-Wing Krushi Utapanna Bazar Samiti Sankul  Dindori Road Panchavti Nashik-3","phone":null,"owner":"Dr. Kailas Rathi","registeredBeds":45,"icuBeds":null,"generalBeds":null,"mjpjay":null,"category":"Private","geocodeConfidence":"HIGH"}},{"type":"Feature","geometry":{"type":"Point","coordinates":[73.804299,20.0084553]},"properties":{"name":"MAYLEKARU MATERNITY AND NURSING HOME","facilityType":"MATERNITY","address":"1ST FLOOR ANAND PREM HIGHT ABOVE ABHISHEK SWEET DINDORI NAKA, PANCHVATI NASHIK","phone":9850825533,"owner":"DR. VINAY DATTATRYA DARADE","registeredBeds":10,"icuBeds":null,"generalBeds":null,"mjpjay":null,"category":"Private","geocodeConfidence":"LOW"}},{"type":"Feature","geometry":{"type":"Point","coordinates":[73.7115562,20.0066108]},"properties":{"name":"GAJARE MATERNITY & NURSING HOME","facilityType":"MATERNITY","address":"GAJARE HOSPITAL RAVI SHANKAR MARG KHODE NAGAR , FAME THEATRE  NASHIK ","phone":9371234756,"owner":"Dr. Neeta Pankaj  Gajare","registeredBeds":4,"icuBeds":null,"generalBeds":null,"mjpjay":null,"category":"Private","geocodeConfidence":"MEDIUM"}},{"type":"Feature","geometry":{"type":"Point","coordinates":[73.7395671,20.0121645]},"properties":{"name":"AADITYA WOMENAS HOSPITAL","facilityType":"HOSPITAL","address":"PLOT NO 46, BALVANT NAGAR,ANANDVALI ARIYA GANGAPUR NASHIK","phone":"9850775092/ 9822025836","owner":"Dr.RAVIRAJ SHANKARRAO KHAIRNAR","registeredBeds":10,"icuBeds":null,"generalBeds":null,"mjpjay":null,"category":"Private","geocodeConfidence":"MEDIUM"}},{"type":"Feature","geometry":{"type":"Point","coordinates":[73.7598681,19.968186]},"properties":{"name":"SHRADHA SABURI MATERNITY & NURSING HOME","facilityType":"MATERNITY","address":"Ground Floor & 1st Floor Trimurti Chowk Avni Park, Durga nagar,Cidco,Nashik","phone":"9403458210 /9422754136","owner":"Dr. Suryakant Jankiram Sonar","registeredBeds":10,"icuBeds":null,"generalBeds":null,"mjpjay":null,"category":"Private","geocodeConfidence":"LOW"}},{"type":"Feature","geometry":{"type":"Point","coordinates":[73.7942138,19.9906108]},"properties":{"name":"NEW NATIONAL HOSPITAL","facilityType":"HOSPITAL","address":"Kazi Nagar, Opp.Aaiesha Masjid, Wadala Road, Nashik","phone":7620103001,"owner":"Dr.Dilshah Babar Beg","registeredBeds":15,"icuBeds":null,"generalBeds":null,"mjpjay":null,"category":"Private","geocodeConfidence":"HIGH"}},{"type":"Feature","geometry":{"type":"Point","coordinates":[73.7934816,19.9892736]},"properties":{"name":"PRAPTI WOMENS SPECIALITY HOSPITAL","facilityType":"HOSPITAL","address":"Ahilyabai Holkar Marg  NEAR TUSAKHER LAWNS  TIDKE COLONY Mumbai Naka NASHIK","phone":9822609089,"owner":"Dr. Chaitali Sanjay Kadam ","registeredBeds":15,"icuBeds":null,"generalBeds":null,"mjpjay":null,"category":"Private","geocodeConfidence":"MEDIUM"}},{"type":"Feature","geometry":{"type":"Point","coordinates":[73.793484,20.010089]},"properties":{"name":"PATHAK NURSING HOME","facilityType":"HOSPITAL","address":"2nd FLOOR 203, GANESH SIDDHI APT INDRAKUND PANCHAVTI KARANJA NASHIK","phone":9823026944,"owner":"DR. SANJEEVANI SANDEEP PATHAK ","registeredBeds":4,"icuBeds":null,"generalBeds":null,"mjpjay":null,"category":"Private","geocodeConfidence":"HIGH"}},{"type":"Feature","geometry":{"type":"Point","coordinates":[73.758507,20.0140255]},"properties":{"name":"AANAND ETERNAL MATERNITY AND NURSING HOSPITAL","facilityType":"MATERNITY","address":"25,Samarth Nagar  Opp Titan Showroom Nashik ","phone":9822429069,"owner":"Dr. Anand Ramdasbhai Tambat","registeredBeds":5,"icuBeds":null,"generalBeds":null,"mjpjay":null,"category":"Private","geocodeConfidence":"LOW"}},{"type":"Feature","geometry":{"type":"Point","coordinates":[73.7647602,20.0040129]},"properties":{"name":"Nivedita Maternity Home","facilityType":"MATERNITY","address":"Apurva Health Care Service Canada Corner Nashik ","phone":9322507116,"owner":"Dr. Nivedita Pawar ","registeredBeds":null,"icuBeds":null,"generalBeds":null,"mjpjay":null,"category":"Private","geocodeConfidence":"HIGH"}},{"type":"Feature","geometry":{"type":"Point","coordinates":[73.7822418,19.987973]},"properties":{"name":"SHREEYA HOSPITAL","facilityType":"HOSPITAL","address":"GAIKWAD NAGAR MUMBAI NAKA NASHIK ","phone":9850972602,"owner":"Dr.Ashish Paitl ","registeredBeds":15,"icuBeds":null,"generalBeds":null,"mjpjay":null,"category":"Private","geocodeConfidence":"HIGH"}},{"type":"Feature","geometry":{"type":"Point","coordinates":[73.775783,19.990478]},"properties":{"name":"OPTIMUS BONES & JOINS NURSING HOME","facilityType":"HOSPITAL","address":"Ground & 1 st floor Chandk Circal TIDKE COLONY NASHIK ","phone":"0253-2232731","owner":"Dr. Prakash Sahebrao Patil","registeredBeds":15,"icuBeds":null,"generalBeds":null,"mjpjay":null,"category":"Private","geocodeConfidence":"HIGH"}},{"type":"Feature","geometry":{"type":"Point","coordinates":[73.7581059,19.9566521]},"properties":{"name":"SAMARTH MATERNITY NUSRSING HOME","facilityType":"MATERNITY","address":"NILANAJAN COMPLEX PATHARDI ROAD PATHARDI PHATA NASHIK ","phone":9823526476,"owner":"Dr. Ashok Arjun Patil ","registeredBeds":15,"icuBeds":null,"generalBeds":null,"mjpjay":null,"category":"Private","geocodeConfidence":"LOW"}},{"type":"Feature","geometry":{"type":"Point","coordinates":[73.781978,19.965107]},"properties":{"name":"ASHIRWAD NURSING HOME","facilityType":"HOSPITAL","address":" PLOT NO 35 & 40 GROUND FLOOR SHRADDHA VIHAR WADALA PATHARDI ROAD  INDIRAGAER NASHIK","phone":"9767598421/9960280188","owner":"Dr. Suhas Vasantrao  Patil","registeredBeds":15,"icuBeds":null,"generalBeds":null,"mjpjay":null,"category":"Private","geocodeConfidence":"HIGH"}},{"type":"Feature","geometry":{"type":"Point","coordinates":[73.781978,19.965107]},"properties":{"name":"ASHIRWAD NURSING HOME","facilityType":"HOSPITAL","address":"INDIRANAGER PLOT NO 35 & 40 SHRADDHA VIHAR INDIRAGAER NASHIK","phone":"9767598421/9960280188","owner":"Dr. Suhas Patil","registeredBeds":15,"icuBeds":null,"generalBeds":null,"mjpjay":null,"category":"Private","geocodeConfidence":"HIGH"}},{"type":"Feature","geometry":{"type":"Point","coordinates":[73.7575868,19.9551579]},"properties":{"name":"VAKRATUNDA MATERNITY AND NURISNG HOME","facilityType":"MATERNITY","address":"FIRST FLOOR RAGHUKAL SANKAL B/H HOTEL BUNDHURAJ PRASHANT NAGAR PATHARDI PHATA NASHIK 42210","phone":"9860631958/ 9225343890","owner":"DR. SARJERAO SHIVAJI FATANGARE ","registeredBeds":50,"icuBeds":null,"generalBeds":null,"mjpjay":null,"category":"Private","geocodeConfidence":"MEDIUM"}},{"type":"Feature","geometry":{"type":"Point","coordinates":[73.71448,19.990852]},"properties":{"name":"Ankita Hospital","facilityType":"HOSPITAL","address":"Plot No. 67, State emp Soc. Ashok Nagar Satpur Nashik ","phone":9822055950,"owner":"Dr. Milind Purushottam Baviskar ","registeredBeds":4,"icuBeds":null,"generalBeds":null,"mjpjay":null,"category":"Private","geocodeConfidence":"HIGH"}},{"type":"Feature","geometry":{"type":"Point","coordinates":[73.7594683,20.0116239]},"properties":{"name":"Lotus  Institute Of Haematology & Oncology","facilityType":"HAEMATOLOGY","address":"1st & 2 nd Ground Floor Bhavik Nagar Gagapur Road Nashik  ","phone":"9423014570/ 9860509088","owner":"Dr. Pritesh Subhash Junagade ","registeredBeds":30,"icuBeds":null,"generalBeds":null,"mjpjay":null,"category":"Private","geocodeConfidence":"LOW"}},{"type":"Feature","geometry":{"type":"Point","coordinates":[73.990461,20.171595]},"properties":{"name":"Suvarna orthopedic Hospital & Dental Clinic","facilityType":"ORTHOPEDIC  HOSPITAL","address":"Plot No. 16 Omkar Nagar  Peth Road Panchavati Nashik ","phone":9890223299,"owner":"Dr. Ravindra Bhaskar Ingle ","registeredBeds":10,"icuBeds":null,"generalBeds":null,"mjpjay":null,"category":"Private","geocodeConfidence":"MEDIUM"}},{"type":"Feature","geometry":{"type":"Point","coordinates":[73.75676,19.98164]},"properties":{"name":"Trimurti Multispeciliti hospital","facilityType":"MULITISPECIALITY","address":"5, 6 , 2 nd. Floor  Purab Pachim Plaza Diya Adlab Building Trimurti chowk New Cidco Nashik ","phone":9822812969,"owner":"Dr. Pankaj  Pundlikrao Bhadane ","registeredBeds":31,"icuBeds":null,"generalBeds":null,"mjpjay":null,"category":"Private","geocodeConfidence":"HIGH"}},{"type":"Feature","geometry":{"type":"Point","coordinates":[73.783422,19.9786826]},"properties":{"name":"Shree Datta Bal Rugnalaya","facilityType":"CHILD CARE","address":"Ground Floor Prabhu Krupa J & V. S. Plot No. 74 Savata Nagar Cidco Nashik ","phone":9011677865,"owner":"Dr. Vikas Chandrakant Mahajan ","registeredBeds":5,"icuBeds":null,"generalBeds":null,"mjpjay":null,"category":"Private","geocodeConfidence":"LOW"}},{"type":"Feature","geometry":{"type":"Point","coordinates":[73.7790415,19.9913482]},"properties":{"name":"SOPAN HOSPITAL","facilityType":"Neurology HOSPITAL","address":"SHRIHARI KUTE MARG TIDKE COLONY NASHIK","phone":"0253-2319054/ 9850205521","owner":"DR.SANJAY SOPAN VARADE ","registeredBeds":40,"icuBeds":null,"generalBeds":null,"mjpjay":null,"category":"Private","geocodeConfidence":"MEDIUM"}},{"type":"Feature","geometry":{"type":"Point","coordinates":[73.8344262,19.9477355]},"properties":{"name":"ADITYA JYOT EYE HOSPITAL","facilityType":"EYE","address":"SHIVAJI NAGAR NASHIK PUNE ROAD NASHIKROAD NASHIK","phone":9371103254,"owner":"Dr. Shwata Samir Bhide ","registeredBeds":5,"icuBeds":null,"generalBeds":null,"mjpjay":null,"category":"Private","geocodeConfidence":"MEDIUM"}},{"type":"Feature","geometry":{"type":"Point","coordinates":[73.7581059,19.9566521]},"properties":{"name":"SAI MATERNITY & NURSING HOME","facilityType":"MATERNITY","address":"1. SAI DARSHAN ROW HOUSE, PRASHANT NAGAR, PATHARDI PHATA ,NASHIK ","phone":8237224365,"owner":"Dr. Khairnar Swapnil Kevalram ","registeredBeds":4,"icuBeds":null,"generalBeds":null,"mjpjay":null,"category":"Private","geocodeConfidence":"LOW"}},{"type":"Feature","geometry":{"type":"Point","coordinates":[73.777323,19.981183]},"properties":{"name":"Dr.Kshma Aghor Hospital","facilityType":"HOSPITAL","address":"1st floor sheetal avenue Aprt.Rajmata Jijau Mary Near Manoher Nagar Garden Govind Nagar Nashik","phone":9422645461,"owner":"Dr. Kashama Nagesh Aghor ","registeredBeds":15,"icuBeds":null,"generalBeds":null,"mjpjay":null,"category":"Private","geocodeConfidence":"MEDIUM"}},{"type":"Feature","geometry":{"type":"Point","coordinates":[73.822473,19.9878386]},"properties":{"name":"SAMARTH SAI MATERNITY SURGICAL HOSPITAL","facilityType":"MATERNITY","address":"POT NO 1, KHODE NAGAR, PAKHAL ROAD, IN FRONT OF AYAAPAZ=A MANDIR NEAR ASHOKA SCHOOL,NASHIK 422006","phone":9422245705,"owner":"Dr.VIKASKUMAR SUDHAKAR GORHE","registeredBeds":15,"icuBeds":null,"generalBeds":null,"mjpjay":null,"category":"Private","geocodeConfidence":"LOW"}},{"type":"Feature","geometry":{"type":"Point","coordinates":[73.7647602,20.0040129]},"properties":{"name":"NIVEDITA MATAERNITY  HOME","facilityType":"MATERNITY","address":"PLOT NO.12 ANSHUMALI TOWER GODAWAARI COLONY HPT COLLAGE ROAD, NASHIK","phone":"2572852/2310877 9823021907","owner":"DR. NIVEDITA ANAND PAWAR","registeredBeds":15,"icuBeds":null,"generalBeds":null,"mjpjay":null,"category":"Private","geocodeConfidence":"MEDIUM"}},{"type":"Feature","geometry":{"type":"Point","coordinates":[73.8041443,20.0393386]},"properties":{"name":"SAMARTH MATERNITY HOME","facilityType":"MATERNITY","address":"666, MAIN ROAD ADGAON NASHIK ","phone":9822791479,"owner":"Dr. Sunil Sitaram Labhade","registeredBeds":8,"icuBeds":null,"generalBeds":null,"mjpjay":null,"category":"Private","geocodeConfidence":"HIGH"}},{"type":"Feature","geometry":{"type":"Point","coordinates":[73.7376531,20.0004922]},"properties":{"name":"SARTHAK MATERNITY HOME","facilityType":"MATERNITY","address":"BEHAIND PAPAYA NURSARY, NEAR MAULA HALL,OPP SWAMI SAMRATH MANDIR,SATPUR,NASHIK","phone":8888815818,"owner":"DR. JAYANT PARSHURAM THAKRE","registeredBeds":35,"icuBeds":null,"generalBeds":null,"mjpjay":null,"category":"Private","geocodeConfidence":"LOW"}},{"type":"Feature","geometry":{"type":"Point","coordinates":[73.7249769,19.9906708]},"properties":{"name":"Sushil Eye Hospital and Brahna (A- Unit Of Dr. Agrawal Health Care LTD)","facilityType":"EYE","address":"plot no -10 MIDC Near PF office MIDC Satpur Nashik.422007","phone":9822058671,"owner":"Dr. Sharad Rajaram Patil ","registeredBeds":10,"icuBeds":null,"generalBeds":null,"mjpjay":null,"category":"Private","geocodeConfidence":"LOW"}},{"type":"Feature","geometry":{"type":"Point","coordinates":[73.8016657,19.9875917]},"properties":{"name":"KIDNEY CARE MATARNITY & NUSRING HOME","facilityType":"MATERNITY","address":"CHOWK NO 5 BEHAIND PRAKSH PETROL PUMP GOVIND NAGAR NASHIK ","phone":9850960676,"owner":"Dr. Kishor Dattatrya Wani ","registeredBeds":20,"icuBeds":null,"generalBeds":null,"mjpjay":null,"category":"Private","geocodeConfidence":"MEDIUM"}},{"type":"Feature","geometry":{"type":"Point","coordinates":[73.7781725,19.9619953]},"properties":{"name":"Sharayu Womens Maternity Home","facilityType":"MATERNITY","address":"Ground Floor Ganraj Colony, Pathardi Road Indira Nagar Nashik ","phone":9420343213,"owner":"Dr. Kamlesh Kisan Lahamge ","registeredBeds":5,"icuBeds":null,"generalBeds":null,"mjpjay":null,"category":"Private","geocodeConfidence":"LOW"}},{"type":"Feature","geometry":{"type":"Point","coordinates":[73.838324,19.958211]},"properties":{"name":"MOGAL MATERNITY AND NURSING HOME","facilityType":"MATERNITY","address":"FIRST FLOORNEAR  KOTHARI KANAYA SCHOOL  JAILROAD NASHIK ROAD. NASHIK","phone":9970182343,"owner":"DR. KAILAS KASHINATH MOGAL","registeredBeds":15,"icuBeds":null,"generalBeds":null,"mjpjay":null,"category":"Private","geocodeConfidence":"HIGH"}},{"type":"Feature","geometry":{"type":"Point","coordinates":[73.7790459,19.9881343]},"properties":{"name":"VISHWESH CHILDRENS HOSPITAL","facilityType":"CHILD CARE HOSPITAL","address":"TUPSAKHARE LOWNS MUMBAI NAKA NASHIK ","phone":9420365414,"owner":"Dr. Milind Bharadiya ","registeredBeds":15,"icuBeds":null,"generalBeds":null,"mjpjay":null,"category":"Private","geocodeConfidence":"HIGH"}},{"type":"Feature","geometry":{"type":"Point","coordinates":[73.7532485,19.9960186]},"properties":{"name":"SIX SIGMA MEDICARE & RESEARCH LTD","facilityType":"HOSPITAL RESEARCH CENTER","address":"Satguru's opp. Water Tank, Mahatma Nagar, Nashik","phone":9881252575,"owner":"Dr. Pratikshit Madhav Mahajan","registeredBeds":100,"icuBeds":null,"generalBeds":null,"mjpjay":null,"category":"Private","geocodeConfidence":"LOW"}},{"type":"Feature","geometry":{"type":"Point","coordinates":[73.779366,19.991552]},"properties":{"name":"Vedant Eye Hospital","facilityType":"EYE","address":"101, Sahuuadrd Bizines Park Near Mico Circle Nashik ","phone":9623330447,"owner":"Dr. Kishor Bhagawat Patil ","registeredBeds":null,"icuBeds":null,"generalBeds":null,"mjpjay":null,"category":"Private","geocodeConfidence":"HIGH"}},{"type":"Feature","geometry":{"type":"Point","coordinates":[74.5263403,20.545197]},"properties":{"name":"CHIRAYU CHILDREN'S HOSPITAL MATERNITY & NURSING HOME","facilityType":"CHILD CARE HOSPITAL & MATERNITY","address":"2ND FLOOR GAIKWAD SANKUL GAIKWAD MALA NASHIK RD NASHIK ","phone":"9922781395 /8055335153","owner":"Dr. Samir Bhide ","registeredBeds":22,"icuBeds":null,"generalBeds":null,"mjpjay":null,"category":"Private","geocodeConfidence":"MEDIUM"}},{"type":"Feature","geometry":{"type":"Point","coordinates":[73.757949,19.986831]},"properties":{"name":"BALAJI MATERNITY HOME","facilityType":"MATERNITY","address":"FLAT NO. 503 504 NISHIGANDHA AVENUA DATTAMANDIR STOP UNTAWADI ROAD NASHIK ","phone":9960924222,"owner":"Dr. Surekha Yenge Gundre ","registeredBeds":11,"icuBeds":null,"generalBeds":null,"mjpjay":null,"category":"Private","geocodeConfidence":"HIGH"}},{"type":"Feature","geometry":{"type":"Point","coordinates":[73.804976,20.041653]},"properties":{"name":"SYNERGY HOSPITAL AND RESERCH CENTRE","facilityType":"HOSPITAL RESEARCH CENTER","address":"VAGHULDE PLAZA, GEETA NAGAR DINDORI ROAD NASHIK. ","phone":"9822427466/ 9850083334","owner":"DR. KALPESH VIJAYRAJ SURANA ","registeredBeds":50,"icuBeds":null,"generalBeds":null,"mjpjay":null,"category":"Private","geocodeConfidence":"MEDIUM"}},{"type":"Feature","geometry":{"type":"Point","coordinates":[73.7581059,19.9566521]},"properties":{"name":"GOKUL MATERNITY HOME","facilityType":"MATERNITY","address":"1 ST FLOOR,SAMRTH NAGAR METROZONE CHOWK PATHARDI PATHA  NASHIK.","phone":9371270960,"owner":"Dr. Sushil Shirish Chaudhari ","registeredBeds":10,"icuBeds":null,"generalBeds":null,"mjpjay":null,"category":"Private","geocodeConfidence":"LOW"}},{"type":"Feature","geometry":{"type":"Point","coordinates":[73.796276,20.011047]},"properties":{"name":"Aayush Multispeciality Hospital","facilityType":"MULITISPECIALITY","address":"Surya Aarked 2nd & 3rd Floor, In Front Nimani Bus Stand Panchavti nashik ","phone":"0253-2511309/ 9011518175","owner":"DR. Sandip           Jagannath Patil ","registeredBeds":105,"icuBeds":null,"generalBeds":null,"mjpjay":null,"category":"Private","geocodeConfidence":"HIGH"}},{"type":"Feature","geometry":{"type":"Point","coordinates":[73.804299,20.0084553]},"properties":{"name":"SHREEPAD MATERNITY NURSING HOME","facilityType":"MATERNITY","address":"T-3-5 THIRS FLOOR, SHREE HARI KRUSHNA PLAZA,HIRAWADI CORNER PANCHVATRI BUS DEP,PANCHVATI NASHIK.","phone":8805556996,"owner":"DR. MAHESHKUMAR PARBHAKAR NIKAM                  ","registeredBeds":15,"icuBeds":null,"generalBeds":null,"mjpjay":null,"category":"Private","geocodeConfidence":"LOW"}},{"type":"Feature","geometry":{"type":"Point","coordinates":[73.826325,20.009716]},"properties":{"name":"NIMSE CHILDREN HOSPITAL","facilityType":"CHILD CARE HOSPITAL","address":"AANAND BAZAR NEAR KADRI GAS EJNSIS NEAR SANJAY MEDICAL TILKA ROAD NASHIK ROAD NASHIK ","phone":"0253-2459949/ 9970623503","owner":"Dr. Ramesh Motiram Nimse","registeredBeds":15,"icuBeds":null,"generalBeds":null,"mjpjay":null,"category":"Private","geocodeConfidence":"MEDIUM"}},{"type":"Feature","geometry":{"type":"Point","coordinates":[73.7698069,19.9642261]},"properties":{"name":"SHREE TULJA BHAVANI HOSPITAL","facilityType":"HOSPITAL","address":"FLAT NO. 121 RAMKRUSHNA NAGAR CHINCHOLE ROAD  Amabad Linik Road NASHIK ","phone":"9511775939/ 9421410977","owner":"Dr. Shailesh Naresh Udasi","registeredBeds":15,"icuBeds":null,"generalBeds":null,"mjpjay":null,"category":"Private","geocodeConfidence":"MEDIUM"}},{"type":"Feature","geometry":{"type":"Point","coordinates":[73.7128707,19.9904389]},"properties":{"name":"Yash Dental & Maternity Home","facilityType":"MATERNITY","address":"37, Ashok Nagar Satpur Nashik ","phone":9850759758,"owner":"Dr. Ranjana Manohar Patil ","registeredBeds":10,"icuBeds":null,"generalBeds":null,"mjpjay":null,"category":"Private","geocodeConfidence":"LOW"}},{"type":"Feature","geometry":{"type":"Point","coordinates":[73.8450106,19.9860326]},"properties":{"name":"Renuka Maternity  Home","facilityType":"MATERNITY","address":"1st Floor Plot NO.19 Aadhav Nagar Old Saykheda Road Dasak Nashik  ","phone":8888288092,"owner":"Dr. Devendra  Dinkar Yeole","registeredBeds":15,"icuBeds":null,"generalBeds":null,"mjpjay":null,"category":"Private","geocodeConfidence":"LOW"}},{"type":"Feature","geometry":{"type":"Point","coordinates":[73.7453198,19.9820078]},"properties":{"name":"SAI ASHIRWAD MATERNITY & &BALRUGNALAY MULTISPECILITY HOSPITAL","facilityType":"MULITISPECIALITY","address":"SHREE GANESH CLASSICS 1ST FLOOR ABOVE CANARA BANK NAVSHA GANPTI GANGAPUR RD ","phone":"9224298797/ 8408844744","owner":"Dr. Vikrant Panditrao Wagh ","registeredBeds":15,"icuBeds":null,"generalBeds":null,"mjpjay":null,"category":"Private","geocodeConfidence":"MEDIUM"}},{"type":"Feature","geometry":{"type":"Point","coordinates":[74.5193322,20.558247]},"properties":{"name":"SAI CARE mat & nursing home","facilityType":"MATERNITY","address":"1ST FLOOR & 2ND FLOOR SRIKRUSHNA APT SHIVAJI NAGAR BHAGVAT PLAZA SINNAR FATA NASHIK ROAD","phone":9527061515,"owner":"DR KUNAL MAHAJAN & Dr. Mahendra Kashinath Gadekar","registeredBeds":30,"icuBeds":null,"generalBeds":null,"mjpjay":null,"category":"Private","geocodeConfidence":"MEDIUM"}},{"type":"Feature","geometry":{"type":"Point","coordinates":[73.8032765,20.0127402]},"properties":{"name":"ANKUR MATERNITY & NURSING HOME","facilityType":"MATERNITY","address":"PLOT NO. 1 VRAUNDAVAN NAGAR MAULI LAWNS ITI AMBAD LINK RD SAI BHARAT PETROL PUMP KAMATHWADE NASHIK","phone":8237094770,"owner":"Dr. Shilpa Patil ","registeredBeds":15,"icuBeds":null,"generalBeds":null,"mjpjay":null,"category":"Private","geocodeConfidence":"LOW"}},{"type":"Feature","geometry":{"type":"Point","coordinates":[73.7790366,19.9917136]},"properties":{"name":"KUTE EYE HOSPITAL & NURSING HOME","facilityType":"EYE","address":"SN KUTE Marg GROUND FLOOR TIDKE COLONY NASHIK","phone":"9822722198/ 9822004133","owner":"Dr. Rakesh Shankrrao Patil ","registeredBeds":10,"icuBeds":null,"generalBeds":null,"mjpjay":null,"category":"Private","geocodeConfidence":"HIGH"}},{"type":"Feature","geometry":{"type":"Point","coordinates":[73.7793088,19.9833412]},"properties":{"name":"PUSHP HOSPITAL","facilityType":"HOSPITAL","address":"CHOWK NO 2 BEHIND SATYAM SWEETS, NEW ERA SCHOOL GOVIND NAGAR ","phone":9420692583,"owner":"Dr. Pravin Jayachand Kasliwal","registeredBeds":15,"icuBeds":null,"generalBeds":null,"mjpjay":null,"category":"Private","geocodeConfidence":"LOW"}},{"type":"Feature","geometry":{"type":"Point","coordinates":[73.7774614,19.9826086]},"properties":{"name":"DR. AWARE HOSPITAL","facilityType":"HOSPITAL","address":"PLOT NO. 9 NEAR GANPATI TMPLE NEW ERA SCHOOL GOVIND NAGER NASHIK ","phone":98231887327,"owner":"Dr.Aware Sandip ","registeredBeds":25,"icuBeds":null,"generalBeds":null,"mjpjay":null,"category":"Private","geocodeConfidence":"HIGH"}},{"type":"Feature","geometry":{"type":"Point","coordinates":[73.8375857,19.9472146]},"properties":{"name":"Shree Siddhivinayak Hospital","facilityType":"HOSPITAL","address":"Nashik raod nashik ","phone":"9225114599 /9552549628  ","owner":"Dr. Parikshit Rashikant Nikam ","registeredBeds":15,"icuBeds":null,"generalBeds":null,"mjpjay":null,"category":"Private","geocodeConfidence":"HIGH"}},{"type":"Feature","geometry":{"type":"Point","coordinates":[73.836657,19.949547]},"properties":{"name":"PATIL MATERNITY & NURSING HOME","facilityType":"MATERNITY","address":"STAR PLUS COMPLEX OPP NMC OFFICE NASHIK ROAD ","phone":"0253-2940333/ 9689012588","owner":"Dr. Nitin Patil ","registeredBeds":15,"icuBeds":null,"generalBeds":null,"mjpjay":null,"category":"Private","geocodeConfidence":"HIGH"}},{"type":"Feature","geometry":{"type":"Point","coordinates":[73.7395671,20.0121645]},"properties":{"name":"ARCHITA WOMANS HOSPITAL & MATERNITY SURGICAL HOSPITAL","facilityType":"MATERNITY","address":"VITHAMAI COMPLEX NEAR AKASHWANI TOWER MODERN MARKET BUS STOP TIRUPATI TOWN GANGAPUR ROAD NASHIK-422013","phone":9822393659,"owner":"DR. ARCHANA TUSHAR PATIL ","registeredBeds":5,"icuBeds":null,"generalBeds":null,"mjpjay":null,"category":"Private","geocodeConfidence":"MEDIUM"}},{"type":"Feature","geometry":{"type":"Point","coordinates":[73.8420837,19.9480582]},"properties":{"name":"WABLE MATERNITY & NURSING HOME","facilityType":"MATERNITY","address":"FL NO 9 NEW GREEN WOOD APT BYTCO POINT N ROAD ","phone":9850687782,"owner":"dr sandeep wable","registeredBeds":10,"icuBeds":null,"generalBeds":null,"mjpjay":null,"category":"Private","geocodeConfidence":"LOW"}},{"type":"Feature","geometry":{"type":"Point","coordinates":[73.7608605,20.0065694]},"properties":{"name":"MALGAONKARS PROGENESIS MATERNITY HOME & FERTILITY CENTRE","facilityType":"MATERNITY","address":"726/1-B IKON 3RD FLOR YEOLEKAR MALA PLOT NO. 46,47,48 COLLEGE RD NASHIK ","phone":"9850073981/ 9403932404","owner":"Dr. Malgaonkar Sambhaji Narhari ","registeredBeds":9,"icuBeds":null,"generalBeds":null,"mjpjay":null,"category":"Private","geocodeConfidence":"LOW"}},{"type":"Feature","geometry":{"type":"Point","coordinates":[73.835853,19.952837]},"properties":{"name":"MEDICARE HOSPITAL","facilityType":"HOSPITAL","address":"GAIKWAD SANKUL 1ST FLOOR ABOVE JALGAOPN PEOPLE BANK BEHIND REGIMAENTAL PLAZA GAIKWAD MALA NASHIK ROAD NASHIK","phone":7387664447,"owner":"DR. RAVINDRANATH KHANDERAO GAIKWAD ","registeredBeds":21,"icuBeds":null,"generalBeds":null,"mjpjay":null,"category":"Private","geocodeConfidence":"HIGH"}},{"type":"Feature","geometry":{"type":"Point","coordinates":[73.8325961,19.951081]},"properties":{"name":"MUTHAL HOSPITAL","facilityType":"HOSPITAL","address":"HARI NIWAS 1ST FLOOR OPP. NMC GROUND NEAR MUKTIDHAM NASHIKROAD  NASHIK","phone":"8411974980/ 9423707891","owner":"Dr. Prashant Muthal ","registeredBeds":20,"icuBeds":null,"generalBeds":null,"mjpjay":null,"category":"Private","geocodeConfidence":"HIGH"}},{"type":"Feature","geometry":{"type":"Point","coordinates":[73.8160926,20.0120622]},"properties":{"name":"APOLLO HOSPITALS INTERPRICES LMT","facilityType":"ORTHOPEDIC  HOSPITAL","address":"PLOT NO.1,  SWAMINARAYAN NAGAR  AURANGABAD ROAD PANCHAVATI NASHIK","phone":"9860059917/ 8600923334","owner":"Dr. Mangesh Jadhav","registeredBeds":118,"icuBeds":null,"generalBeds":null,"mjpjay":null,"category":"Private","geocodeConfidence":"MEDIUM"}},{"type":"Feature","geometry":{"type":"Point","coordinates":[73.7730412,20.0022358]},"properties":{"name":"Deore ENT Nursing Home","facilityType":"ENT","address":"2nd floor Crown complex,opp Rajiv gandhi bhavan,sharanpur road Nashik.","phone":"8888239781/ 9762725957","owner":"Dr. Nitin suresh Deore.","registeredBeds":3,"icuBeds":null,"generalBeds":null,"mjpjay":null,"category":"Private","geocodeConfidence":"LOW"}},{"type":"Feature","geometry":{"type":"Point","coordinates":[73.7530445,19.9683919]},"properties":{"name":"Kalpatru Multispeciality Hospital","facilityType":"MULITISPECIALITY","address":"1st Floor Rugnta Shopping Mall UttamNagar  Nashik ","phone":9049562122,"owner":"Dr. Vibhav Aknush  Mahale ","registeredBeds":35,"icuBeds":null,"generalBeds":null,"mjpjay":null,"category":"Private","geocodeConfidence":"HIGH"}},{"type":"Feature","geometry":{"type":"Point","coordinates":[73.8167,19.9717777]},"properties":{"name":"MEDWIN MUTIDPECLALITY HOSPITAL","facilityType":"MULITISPECIALITY","address":"321/3/11/3 KADVE NAGER BEHIND RAYAB HOTEL PATHARDI PHATA NASHIK.422010","phone":83229096250,"owner":"Dr. Swapnil Digmabar Saindane","registeredBeds":35,"icuBeds":null,"generalBeds":null,"mjpjay":null,"category":"Private","geocodeConfidence":"LOW"}},{"type":"Feature","geometry":{"type":"Point","coordinates":[73.7793088,19.9833412]},"properties":{"name":"JANAHIT HOSPITAL PVT. LTD. NASHIK","facilityType":"HOSPITAL","address":"Rajmata Jijau Marg Joging Tract Govind Nager  Nashik","phone":7588097011,"owner":"Dr. Mahesh Murlidhar Malu ","registeredBeds":25,"icuBeds":null,"generalBeds":null,"mjpjay":null,"category":"Private","geocodeConfidence":"LOW"}},{"type":"Feature","geometry":{"type":"Point","coordinates":[73.8051931,20.0124948]},"properties":{"name":"Shree clinic And Matarnity Home","facilityType":"MATERNITY","address":"shop no 2,3 Bhavbandha Mangal Karayalya Maitra Heights Hanumanwadi Panchavti Nashik ","phone":"9890026747/ 9619688311","owner":"Dr. Kalayani Primal Sonawane ","registeredBeds":3,"icuBeds":null,"generalBeds":null,"mjpjay":null,"category":"Private","geocodeConfidence":"MEDIUM"}},{"type":"Feature","geometry":{"type":"Point","coordinates":[73.777527,19.9825151]},"properties":{"name":"DR. AVHAD MATERNITY HOME","facilityType":"MATERNITY","address":"KARMAYOGI NAGAR,GOVIND NAGAR.CITY CENTRE MALL, LINK ROAD,RAJ MATA, JIJAU MARG,NASHIK","phone":"8928251451/ 9021119201","owner":"Dr.SUMIT MANIKRAO AVHAD","registeredBeds":10,"icuBeds":null,"generalBeds":null,"mjpjay":null,"category":"Private","geocodeConfidence":"LOW"}},{"type":"Feature","geometry":{"type":"Point","coordinates":[73.7935717,20.0066847]},"properties":{"name":"CHANDRAMA MATERNITY & NURSING HOME","facilityType":"MATERNITY","address":"JANTARAJA COLONY MAKHMALABAD PANCHAVATI ","phone":"0253-2575051/ 9325372502","owner":"Dr. Abhijit Patil ","registeredBeds":15,"icuBeds":null,"generalBeds":null,"mjpjay":null,"category":"Private","geocodeConfidence":"LOW"}},{"type":"Feature","geometry":{"type":"Point","coordinates":[73.7662155,20.0050726]},"properties":{"name":"PINNACLE ENDOSCOPY & DIAGNOSTIC CENTRE & MATERNITY","facilityType":"ENDOSCOPY & DIAGNOSTIC CENTRE & MATERNITY","address":"Dattaraj App. Ganesh Nagar, Near Ahirrao Photo colloge Road, Nashik ","phone":"9673014777/ 9860891414","owner":"Dr. Priti Adwait Aaher","registeredBeds":7,"icuBeds":null,"generalBeds":null,"mjpjay":null,"category":"Private","geocodeConfidence":"LOW"}},{"type":"Feature","geometry":{"type":"Point","coordinates":[73.802849,20.0093093]},"properties":{"name":"SADGURU HOSPITAL","facilityType":"HOSPITAL","address":"3 rd + 4 th FLOOR HARI KRISHNA PLAZA, OPP PANCHVATI BUS DEP, OLD AGRA NAKA PANCHVATI NASHIK. ","phone":9028477336,"owner":"DR. ANUP PRAKASH MALVE","registeredBeds":51,"icuBeds":null,"generalBeds":null,"mjpjay":null,"category":"Private","geocodeConfidence":"HIGH"}},{"type":"Feature","geometry":{"type":"Point","coordinates":[73.7630317,20.0119992]},"properties":{"name":"GAWALE MATERNITY HOSPITAL","facilityType":"MATERNITY","address":"16-A MANIK NAGAR  GANGAPUR ROAD NASHIK","phone":9324385347,"owner":"DR. SACHIN SHIVAJI GAWALE","registeredBeds":5,"icuBeds":null,"generalBeds":null,"mjpjay":null,"category":"Private","geocodeConfidence":"HIGH"}},{"type":"Feature","geometry":{"type":"Point","coordinates":[73.7794441,19.9825454]},"properties":{"name":"Navkar Eye Hospital","facilityType":"EYE","address":"Ground + 1st Floor Rushabh Residency  canada Corner Sharanpur Road Nahsik ","phone":"9422768099/ 9850501495","owner":"Dr. Anup Shah & Dr. Sonika Shah","registeredBeds":4,"icuBeds":null,"generalBeds":null,"mjpjay":null,"category":"Private","geocodeConfidence":"HIGH"}},{"type":"Feature","geometry":{"type":"Point","coordinates":[73.7775347,19.9883366]},"properties":{"name":"NELSON MEMORIAL CHILDRENS HOSPITAL PVT LTD","facilityType":"CHILD HOSPITAL","address":"MAHAMARG  BUS STAND NEXT TUPSAKHARE LAWANS OFF HOLKAR MARG TIDKE COLONY NASHIK","phone":"9823070900/ 9511675919","owner":"DR. RAMAKANT DAJIBA PATIL","registeredBeds":35,"icuBeds":null,"generalBeds":null,"mjpjay":null,"category":"Private","geocodeConfidence":"MEDIUM"}},{"type":"Feature","geometry":{"type":"Point","coordinates":[73.8060097,20.0115323]},"properties":{"name":"SUPPERRTECH MATERNITY & NURSING HOME","facilityType":"MATERNITY","address":"1ST FLOOR OM NAGAR PANCHAVATI NASHIK ","phone":7588176004,"owner":"DR. NITIN PANDITRAO NERE","registeredBeds":50,"icuBeds":null,"generalBeds":null,"mjpjay":null,"category":"Private","geocodeConfidence":"MEDIUM"}},{"type":"Feature","geometry":{"type":"Point","coordinates":[73.7758928,20.0071887]},"properties":{"name":"DEORE MATERNITY HOME","facilityType":"MATERNITY","address":"SIDHIVINAUAK APT NR DHOLYA GANPATI GARPURE GHAT ROAD ASHOK STAMBH NASHIK.422002","phone":9970299833,"owner":"DR. BHUSHAN MANOHAR DEORE","registeredBeds":18,"icuBeds":null,"generalBeds":null,"mjpjay":null,"category":"Private","geocodeConfidence":"LOW"}},{"type":"Feature","geometry":{"type":"Point","coordinates":[73.7812185,19.9734698]},"properties":{"name":"SHREE VYANKATESH NURSING HOME","facilityType":"HOSPITAL","address":"1ST FLOOR SANT DHYANESHWAR SANKUL OPP. BAPU BUNGLOW INDIRA NAGR NASHIK ","phone":"0253-2320250/ 9923751150","owner":"Dr. Yogesh Subhash Gosavi ","registeredBeds":15,"icuBeds":null,"generalBeds":null,"mjpjay":null,"category":"Private","geocodeConfidence":"LOW"}},{"type":"Feature","geometry":{"type":"Point","coordinates":[73.9288938,20.0960973]},"properties":{"name":"KASLIWAL SUPERSPECILTY HOSPITAL","facilityType":"SUPERSPECILTY HOSPITAL","address":"1 FLOOR BOSCO CENTER NEAR PRASAD  CIRCLE GANGAPUR ROAD  NASHIK","phone":7767962527,"owner":"DR.VISHAL ANIL KASLIWAL ","registeredBeds":50,"icuBeds":null,"generalBeds":null,"mjpjay":null,"category":"Private","geocodeConfidence":"HIGH"}},{"type":"Feature","geometry":{"type":"Point","coordinates":[73.802697,20.009069]},"properties":{"name":"SUDHARMA HOSPITAL","facilityType":"HOSPITAL","address":"HARIKRUSHNA PLAZA NEAR PANCHAVTI DEPO OLD  ADGAON NAKA NASHIK ","phone":"0253-2510116/ 973084444","owner":"DR. MRUGRAJ DHARMRAJ MURTADAK ","registeredBeds":50,"icuBeds":null,"generalBeds":null,"mjpjay":null,"category":"Private","geocodeConfidence":"HIGH"}},{"type":"Feature","geometry":{"type":"Point","coordinates":[73.7936211,19.9937136]},"properties":{"name":"SURYODAYA HOSPITAL","facilityType":"HOSPITAL","address":"2ND FLOOR KAPOTE MEHER MARKET NEAR WADALA NAKA DWARKA NASHIK","phone":"8805614242/ 8805566238","owner":"Dr. Prashant Manohar Dhage ","registeredBeds":35,"icuBeds":null,"generalBeds":null,"mjpjay":null,"category":"Private","geocodeConfidence":"HIGH"}},{"type":"Feature","geometry":{"type":"Point","coordinates":[73.7776973,19.9679023]},"properties":{"name":"BORA NURSING HOME","facilityType":"HOSPITAL","address":"DWARKAMAI SAI BABA MANDIR RAJEEV NAGAR NASHIK ","phone":9552437825,"owner":"DR. SACHIN SHANTILAL BORA","registeredBeds":15,"icuBeds":null,"generalBeds":null,"mjpjay":null,"category":"Private","geocodeConfidence":"HIGH"}},{"type":"Feature","geometry":{"type":"Point","coordinates":[73.7691033,20.0082442]},"properties":{"name":"ADWAIT HEALTH CARE","facilityType":"HOSPITAL","address":"Plot 21 A Opp Tulja Bhavani Mandir Manik Nagar, Gangapur Road  Nashik","phone":"9822668303/ 9822432972  ","owner":"Dr. Ranjit Joshi ","registeredBeds":10,"icuBeds":null,"generalBeds":null,"mjpjay":null,"category":"Private","geocodeConfidence":"LOW"}},{"type":"Feature","geometry":{"type":"Point","coordinates":[73.757477,20.011762]},"properties":{"name":"Nikam Maternity & Nursing Home","facilityType":"MATERNITY","address":" Orchid Near Sur Hotel Jehan Circle  Gangapur Road Nashik","phone":9422258506,"owner":"Dr.Nilesh Vasantrao Nikam ","registeredBeds":15,"icuBeds":null,"generalBeds":null,"mjpjay":null,"category":"Private","geocodeConfidence":"HIGH"}},{"type":"Feature","geometry":{"type":"Point","coordinates":[73.7711522,20.0026242]},"properties":{"name":"PUSHKAR EYE MATERNITY & NURSING HOME","facilityType":"MATERNITY","address":"ANAND SANKUL FIRST FLOOR NEAR MAHALUXMI TALKIES OPP. MARKET YARD DINDORI ROAD PANCHAVTI NASHIK ","phone":9326530008,"owner":"Dr. Amit Dhande","registeredBeds":35,"icuBeds":null,"generalBeds":null,"mjpjay":null,"category":"Private","geocodeConfidence":"MEDIUM"}},{"type":"Feature","geometry":{"type":"Point","coordinates":[73.7935717,20.0066847]},"properties":{"name":"SUKHKARTA HOSPITAL","facilityType":"HOSPITAL","address":"1ST FLOOR BHAGCHAND COMPLEX OPP. ABHISHEK SWEETS, DINDORI NAKA PANCHAVATI NASHIK ","phone":9762123382,"owner":"Dr. Anand Sunil Nikam","registeredBeds":15,"icuBeds":null,"generalBeds":null,"mjpjay":null,"category":"Private","geocodeConfidence":"LOW"}},{"type":"Feature","geometry":{"type":"Point","coordinates":[73.8408513,19.9724377]},"properties":{"name":"Nandurkar Nursing Home","facilityType":"HOSPITAL","address":"1st floor,laxmi varsha complex,Trieveni park jail road, Nashik.","phone":9766037571,"owner":"Dr. Navnath Digmbar Nandurkar ","registeredBeds":15,"icuBeds":null,"generalBeds":null,"mjpjay":null,"category":"Private","geocodeConfidence":"HIGH"}},{"type":"Feature","geometry":{"type":"Point","coordinates":[74.5131665,20.5688871]},"properties":{"name":"LOKMANYA MULTISPEACIALITY & ACCIDENT HOSPITAL","facilityType":"MULITISPECIALITY","address":"WATERTANK DHATRAK PHATA PANCHAVATI NASHIK ","phone":"0253-2303381","owner":"Dr. Sharad Shinde","registeredBeds":50,"icuBeds":null,"generalBeds":null,"mjpjay":null,"category":"Private","geocodeConfidence":"MEDIUM"}},{"type":"Feature","geometry":{"type":"Point","coordinates":[73.7111518,20.0023416]},"properties":{"name":"Sankalp Hospital and Maternity Home","facilityType":"MATERNITY","address":"BM Tower carban Naka Shivaji Nagar Satpur Nashik ","phone":9503242672,"owner":"Dr. Ganesh  Savtau Pathade ","registeredBeds":30,"icuBeds":null,"generalBeds":null,"mjpjay":null,"category":"Private","geocodeConfidence":"MEDIUM"}},{"type":"Feature","geometry":{"type":"Point","coordinates":[73.995984,19.84296]},"properties":{"name":"AVHAD HOSPITAL","facilityType":"HOSPITAL","address":"ASHOK STAMBH GHARPURE GHAT NASHIK ","phone":"0253-2317550/ 9422249115","owner":"Dr. Priti Rajendra Avhad","registeredBeds":15,"icuBeds":null,"generalBeds":null,"mjpjay":null,"category":"Private","geocodeConfidence":"HIGH"}},{"type":"Feature","geometry":{"type":"Point","coordinates":[74.4700259,20.0275358]},"properties":{"name":"SONAWANE MATERNITY HOME","facilityType":"MATERNITY","address":"PLOT NO 6 DATTAWADI SHREE HARI KUTE MARG TIDKE COLONY NASHIK 422002","phone":"8722760307/9422762233","owner":"Dr. Arun Kisan Katkade ","registeredBeds":4,"icuBeds":null,"generalBeds":null,"mjpjay":null,"category":"Private","geocodeConfidence":"HIGH"}},{"type":"Feature","geometry":{"type":"Point","coordinates":[73.7581059,19.9566521]},"properties":{"name":"GANESH MATERNITY HOME","facilityType":"MATERNITY","address":"321/3/1/3 KAVDE NAGER PATHDRI PATHATA NASHIK-10","phone":8300046702,"owner":"Dr. Yuraj Ramchandra Baviskar ","registeredBeds":15,"icuBeds":null,"generalBeds":null,"mjpjay":null,"category":"Private","geocodeConfidence":"LOW"}},{"type":"Feature","geometry":{"type":"Point","coordinates":[73.7832248,19.9978876]},"properties":{"name":"BIRLA EYE HOSPITAL","facilityType":"EYE","address":"180, B OPP. ZP OFFICE TRIMBAK NAKA NASHIK ","phone":"0253-2310314/ 9225110480","owner":"Dr. Prashant Birla ","registeredBeds":15,"icuBeds":null,"generalBeds":null,"mjpjay":null,"category":"Private","geocodeConfidence":"HIGH"}},{"type":"Feature","geometry":{"type":"Point","coordinates":[73.7180576,20.0121678]},"properties":{"name":"DR. PATIL MAIERNITY HOME & CHILDREN HOSPITAL","facilityType":"MATERNITY & CHILDREN HOSPITAL","address":"PLOT NO 8 KA-1 KARTIK SECTOR NEAR AMBAD POLICE STATUON CIDCO NASHIK 422009","phone":942231589,"owner":"DR. Vina Prakalp Patil ","registeredBeds":15,"icuBeds":null,"generalBeds":null,"mjpjay":null,"category":"Private","geocodeConfidence":"MEDIUM"}},{"type":"Feature","geometry":{"type":"Point","coordinates":[73.7872941,19.9898454]},"properties":{"name":"HCG MANVATA CANCER CENTRE","facilityType":"CANCER CENTRE","address":"UNIT OFFICE HCG MANAVATA ONCOLOGY LLP BSEHIND SHIVANG AUTO MUMBAI NAKA NASHIK ","phone":"0253-6662222/ 9823061929 ","owner":"Dr. Raj V. Nagarkar","registeredBeds":75,"icuBeds":null,"generalBeds":null,"mjpjay":null,"category":"Private","geocodeConfidence":"HIGH"}},{"type":"Feature","geometry":{"type":"Point","coordinates":[73.7839866,19.9870794]},"properties":{"name":"CHIRANJEEV HOAPITAL","facilityType":"HOSPITAL","address":"3 rd Floor Sai Square Ahilyabai Holkar Marg Mumbai Naka nashik ","phone":8180024858,"owner":"Dr. Chandrakant Survase ","registeredBeds":36,"icuBeds":null,"generalBeds":null,"mjpjay":null,"category":"Private","geocodeConfidence":"LOW"}},{"type":"Feature","geometry":{"type":"Point","coordinates":[73.7839866,19.9870794]},"properties":{"name":"NEOCARE NURSING HOME","facilityType":"HOSPITAL","address":"4TH FLOOR SAI SQUARE BUILDING, AHILYABAI HOLKAR MARG, MUMBAI NAKA NASHIK ","phone":9823566509,"owner":"Dr. Sanjay Aaher ","registeredBeds":22,"icuBeds":null,"generalBeds":null,"mjpjay":null,"category":"Private","geocodeConfidence":"LOW"}},{"type":"Feature","geometry":{"type":"Point","coordinates":[73.780041,19.9890228]},"properties":{"name":"BHASKAR ENT HOSPITAL","facilityType":"ENT","address":"109 A,FIRST FLOOR,SAI SQUARE COMPLEX,AHILYABAI HOLKAR MARG,NEAR MAHAMARG BUS STOP,NEXT TO SUYASH HOSPITAL MUMABI NAKA NASHIK 422402","phone":9823027251,"owner":"Dr.VINAY PRALHAD KULKARNI","registeredBeds":3,"icuBeds":null,"generalBeds":null,"mjpjay":null,"category":"Private","geocodeConfidence":"HIGH"}},{"type":"Feature","geometry":{"type":"Point","coordinates":[73.780146,19.989012]},"properties":{"name":"SURABHI NURSING HOME","facilityType":"HOSPITAL","address":"2ND FLOOR SAI SQUARE AHILYABAI HOLKAR MARG MUMBAI NAKA NASHIK","phone":"0253-2970079/ 9890712199/ 7276012199","owner":"Dr. Bandopadhaya Anirban Tushar ","registeredBeds":15,"icuBeds":null,"generalBeds":null,"mjpjay":null,"category":"Private","geocodeConfidence":"HIGH"}},{"type":"Feature","geometry":{"type":"Point","coordinates":[73.735148,19.9631874]},"properties":{"name":"AMBAD MULTISPECIALITY HOSPITAL","facilityType":"MULITISPECIALITY","address":"2ND FLOOR TIPTOP PLAZA XLO POINT AMBAD NASHIK ","phone":"0253-2382600/ 9823123107","owner":"Dr. Amol Dattatrya Waze","registeredBeds":40,"icuBeds":null,"generalBeds":null,"mjpjay":null,"category":"Private","geocodeConfidence":"LOW"}},{"type":"Feature","geometry":{"type":"Point","coordinates":[73.7690497,20.0063819]},"properties":{"name":"SUPREME MATERNITY AND NURSING HOME","facilityType":"MATERNITY","address":"FIRST FLOOR 2, LAXMI NAGER GAJANANAN ANNEX PATIL LANE NI.1 COLLEGE ROAD NASHIK-5","phone":9881143436,"owner":"Dr. Parag Ashok Deshmukh ","registeredBeds":5,"icuBeds":null,"generalBeds":null,"mjpjay":null,"category":"Private","geocodeConfidence":"MEDIUM"}},{"type":"Feature","geometry":{"type":"Point","coordinates":[73.7715229,19.9666157]},"properties":{"name":"SUNFLOWER HEALTH PLUS MATERNITY & NURSING HOME","facilityType":"MATERNITY","address":"PLOT NO 56 BHALERAO ROAD NIMANI COLONY RAJIV NAGAR NASHIK","phone":9922251176,"owner":"Dr. Jayesh Prabhakar Wagulde ","registeredBeds":15,"icuBeds":null,"generalBeds":null,"mjpjay":null,"category":"Private","geocodeConfidence":"LOW"}},{"type":"Feature","geometry":{"type":"Point","coordinates":[73.8377054,19.9540877]},"properties":{"name":"Dr.BHANGRE'S HOSPITAL","facilityType":"HOSPITAL","address":"OFFICE NO 3&4, 2 FLOOR, PRESTIGE BYTCO BUISINESS CENTRE, BYTCO POINT NASHIK ROAD, NASHK 422401","phone":"7709552950/ 9881377268","owner":"Dr.YUVRAJ NAMDEO BHANGRE","registeredBeds":4,"icuBeds":null,"generalBeds":null,"mjpjay":null,"category":"Private","geocodeConfidence":"LOW"}},{"type":"Feature","geometry":{"type":"Point","coordinates":[73.8375691,19.9503819]},"properties":{"name":"NASHIKROAD  MULTISPECIALITY HOSPITAL NURSING HOME","facilityType":"MULITISPECIALITY","address":"SHOP NO. 203/204 STAR PLUS MALL NEAR DURGA GARDEN  MUKTIDHAM INFRONT OF SOMANI GARDEN NASHIKROAD NASHIK.","phone":7875770979,"owner":"DR. SACHIN VINAYAKRAO PATIL","registeredBeds":40,"icuBeds":null,"generalBeds":null,"mjpjay":null,"category":"Private","geocodeConfidence":"HIGH"}},{"type":"Feature","geometry":{"type":"Point","coordinates":[73.9887682,20.1701721]},"properties":{"name":"SHREE SAI SIDDHI MATERNITY AND NURSING HOME","facilityType":"MATERNITY","address":"SHOP NO. 5,B 6,7, ANAND NAGAR NEAR GST OFFICE,PATHARDI FATA. NASHIK","phone":"7350008276/ 9373378720","owner":"DR. MAHENDRA PRALAHAD DESHMUKH","registeredBeds":15,"icuBeds":null,"generalBeds":null,"mjpjay":null,"category":"Private","geocodeConfidence":"MEDIUM"}},{"type":"Feature","geometry":{"type":"Point","coordinates":[73.7064476,19.996016]},"properties":{"name":"SHREE SAI MULTISPECIALITY HOSPITAL","facilityType":"MULITISPECIALITY","address":"NEAR MAHADEV TEMPLE, SHRAMIK NAGAR SATPUR NASHIK.","phone":9823679165,"owner":"DR. VAIBHAV VINAYAK YEOLE","registeredBeds":30,"icuBeds":null,"generalBeds":null,"mjpjay":null,"category":"Private","geocodeConfidence":"HIGH"}},{"type":"Feature","geometry":{"type":"Point","coordinates":[73.7629399,19.9553557]},"properties":{"name":"Saptshrungi Maternity Nursing Home","facilityType":"MATERNITY","address":"Surya Avenue Nagar Pathardi Road Pathrdi fata Nashik -10","phone":9096634223,"owner":"Dr. Vaibhav Garud ","registeredBeds":5,"icuBeds":null,"generalBeds":null,"mjpjay":null,"category":"Private","geocodeConfidence":"HIGH"}},{"type":"Feature","geometry":{"type":"Point","coordinates":[73.842229,19.972712]},"properties":{"name":"Borkar Nursing Home","facilityType":"HOSPITAL","address":"Shop No 1/2 Indrakut Aprament, triveni park,jail road,dasak nashik road ","phone":9823091700,"owner":"Dr Kuldeepshigh Pradeepkumar Borkar","registeredBeds":5,"icuBeds":null,"generalBeds":null,"mjpjay":null,"category":"Private","geocodeConfidence":"HIGH"}},{"type":"Feature","geometry":{"type":"Point","coordinates":[73.7711522,20.0026242]},"properties":{"name":"UMA HOSPITAL AND CRITICAL CARE CENTER","facilityType":"HOSPITAL","address":"1ST AND 2ND FLOOR, SUYASH CHAMBER AMBAD LINK ROAD ABHIYANTA NAGAR, KAMATWADA NASHIK 10.","phone":"9561201027/ 8888117778","owner":"DR. PRASHANT MADHAVRAO PAGAR","registeredBeds":35,"icuBeds":null,"generalBeds":null,"mjpjay":null,"category":"Private","geocodeConfidence":"MEDIUM"}},{"type":"Feature","geometry":{"type":"Point","coordinates":[73.7234694,19.9840201]},"properties":{"name":"BAGUL NURSING HOME","facilityType":"HOSPITAL","address":"PLOT NO. 7/8 KUBER NAGAR 685 MBH COLONY SATPUR NASHIK 422007","phone":9545979889,"owner":"DR.DINESH BHAGAWAN BAGUL","registeredBeds":15,"icuBeds":null,"generalBeds":null,"mjpjay":null,"category":"Private","geocodeConfidence":"HIGH"}},{"type":"Feature","geometry":{"type":"Point","coordinates":[73.7935717,20.0066847]},"properties":{"name":"CHINTAMANI EYE NURSING HOME","facilityType":"EYE","address":"SHOP NO. 4 1ST FLOOR BHAKTI SANKUL NEAR JANKALYAN BANK  PETH ROAD NASHIK ","phone":8055821212,"owner":"Dr. Sandip Chintaman Joshi ","registeredBeds":4,"icuBeds":null,"generalBeds":null,"mjpjay":null,"category":"Private","geocodeConfidence":"LOW"}},{"type":"Feature","geometry":{"type":"Point","coordinates":[73.8280418,20.0178064]},"properties":{"name":"AKHANDAJYOTI NURSING HOME","facilityType":"HOSPITAL","address":"Belavita Rungta Near Bhujbal From Nashik ","phone":8551084775,"owner":"DR. ASHWIN SHUBHASH MORE","registeredBeds":5,"icuBeds":null,"generalBeds":null,"mjpjay":null,"category":"Private","geocodeConfidence":"LOW"}},{"type":"Feature","geometry":{"type":"Point","coordinates":[73.7598681,19.968186]},"properties":{"name":"DR. GUNJAL SPECIALITY NURSING HOME","facilityType":"HOSPITAL","address":"PLOT NO. 1&14  SECTOR, P38 MARGSHRSH SEC, NEAR SBI BANK LEKHA NAGAR CIDCO NASHIK.","phone":9011928667,"owner":"DR.MADHURI SAVLIRAM GUNJAL","registeredBeds":15,"icuBeds":null,"generalBeds":null,"mjpjay":null,"category":"Private","geocodeConfidence":"LOW"}},{"type":"Feature","geometry":{"type":"Point","coordinates":[73.781978,19.965107]},"properties":{"name":"ASHIRWAD MATERNITY & NURSING HOME","facilityType":"MATERNITY","address":"GROUND & 1ST FLOOR SAVATA GAGAR CIDCO","phone":9822012534,"owner":"DR. TREVENDRA G SHINDE ","registeredBeds":4,"icuBeds":null,"generalBeds":null,"mjpjay":null,"category":"Private","geocodeConfidence":"HIGH"}},{"type":"Feature","geometry":{"type":"Point","coordinates":[73.773092,19.97241]},"properties":{"name":"SUVIDHA HOSPITAL MATERNITY & HURSING HOME","facilityType":"MATERNITY","address":"1ST FLOOR PLOT NO. 5/6 LEKHA NAGAR CIDCO NASHIK ","phone":"0253-2375008/       9011062642","owner":"DR. SURAJ MARATHE ","registeredBeds":5,"icuBeds":null,"generalBeds":null,"mjpjay":null,"category":"Private","geocodeConfidence":"HIGH"}},{"type":"Feature","geometry":{"type":"Point","coordinates":[73.769685,20.0025076]},"properties":{"name":"SUKHAYU NURSING HOME","facilityType":"HOSPITAL","address":"1 ST FLOOR, 6, KARVAN PATIL LANE OPP. KBH HIGH SCHOOL COLLAGE ROAD.  NASHIK 422002","phone":"8446053839 9225123889","owner":"DR.SACHIN ASHOK JADHAV ","registeredBeds":15,"icuBeds":null,"generalBeds":null,"mjpjay":null,"category":"Private","geocodeConfidence":"LOW"}},{"type":"Feature","geometry":{"type":"Point","coordinates":[73.9862407,20.1729686]},"properties":{"name":"DHANVANTARI NURSING HOME","facilityType":"HOSPITAL","address":"SHIVPURI CHAOUK UTTAM NAGAR NASHIK","phone":null,"owner":"DR. MAHENDRA GULABRAO SHINDE ","registeredBeds":4,"icuBeds":null,"generalBeds":null,"mjpjay":null,"category":"Private","geocodeConfidence":"MEDIUM"}},{"type":"Feature","geometry":{"type":"Point","coordinates":[73.826325,20.009716]},"properties":{"name":"ANURAG CHILDREN HOSPITAL","facilityType":"CHILD CARE","address":"SANJIVNI APT. TULSI COLONY ROAD AMRUTDHAM PANCHVATI NASHIK ","phone":9403323005,"owner":"DR SULBHA AMOL PAWAR","registeredBeds":8,"icuBeds":null,"generalBeds":null,"mjpjay":null,"category":"Private","geocodeConfidence":"HIGH"}},{"type":"Feature","geometry":{"type":"Point","coordinates":[73.7598681,19.968186]},"properties":{"name":"SUREKHA NURSING AND MATERNITY  HOME","facilityType":"MATERNITY","address":"GROUND FLOWER MAGH SECOTER 14, SUNDERBAN COLONY LEKHANAGAR,CIDCO, NASHIK","phone":"7038719096/ 9970396775","owner":"DR. SHEETAL SARANG PATIL","registeredBeds":10,"icuBeds":null,"generalBeds":null,"mjpjay":null,"category":"Private","geocodeConfidence":"LOW"}},{"type":"Feature","geometry":{"type":"Point","coordinates":[73.7088611,20.0085141]},"properties":{"name":"SANJEEVANI MATERNITY HOME","facilityType":"MATERNITY","address":"JIJAMATA CHOWK SHIVAJI NAGAR SATPUR NASHIK ","phone":"0253-4034705/ 9922800899","owner":"Dr. Varsha Ganesh Pathade ","registeredBeds":10,"icuBeds":null,"generalBeds":null,"mjpjay":null,"category":"Private","geocodeConfidence":"HIGH"}},{"type":"Feature","geometry":{"type":"Point","coordinates":[73.833069,20.022553]},"properties":{"name":"SADHANA NURSING HOME","facilityType":"HOSPITAL","address":"SARSWIT  NAGAR DHATARK PAHATA NEAR BALI MANDIR ADGAON PANCHAVTI NAHSIK ","phone":8793869338,"owner":"DR. YOGITA PANDHARINATH SONAWANE","registeredBeds":5,"icuBeds":null,"generalBeds":null,"mjpjay":null,"category":"Private","geocodeConfidence":"HIGH"}},{"type":"Feature","geometry":{"type":"Point","coordinates":[73.7935717,20.0066847]},"properties":{"name":"PATIL ENT NURSING HOME","facilityType":"ENT","address":"BUSINES PLAZA A- 501,502, PANCHAVTI BUS DEPO GROUND FLOOR NEW ADGAON NAKA NASHIK ","phone":8452073374,"owner":"Dr. Rahul Dilip Patil ","registeredBeds":5,"icuBeds":null,"generalBeds":null,"mjpjay":null,"category":"Private","geocodeConfidence":"LOW"}},{"type":"Feature","geometry":{"type":"Point","coordinates":[73.7935717,20.0066847]},"properties":{"name":"SAMRUDDHI HOSPITAL","facilityType":"HOSPITAL","address":"ROHINI NAGAR PETH RD PANCHAVATI NASHIK ","phone":"0253-2519888/ 9890898819","owner":"DR. AVINASH TANAJI SHINDE","registeredBeds":15,"icuBeds":null,"generalBeds":null,"mjpjay":null,"category":"Private","geocodeConfidence":"LOW"}},{"type":"Feature","geometry":{"type":"Point","coordinates":[73.7987424,19.98369]},"properties":{"name":"SHRI KRUSHN HOSPITAL MATERNITY","facilityType":"MATERNITY","address":"HAPPY HOME COLONY PLOT NO 120 NEAR TULSI EYE HOSPITAL NASHIK","phone":"9822792197 /9890153922  ","owner":"DR.GORKHANATH KISANRAO GORE ","registeredBeds":10,"icuBeds":null,"generalBeds":null,"mjpjay":null,"category":"Private","geocodeConfidence":"HIGH"}},{"type":"Feature","geometry":{"type":"Point","coordinates":[73.7776136,20.0004043]},"properties":{"name":"SUNRISE HOSPITAL","facilityType":"HOSPITAL","address":"NEAAR KALAKRUTI SADI CENTER  3RD FLOOR, SUYOJIT MODERN POINT, OPP POLICE PARADE GROUND, SHRANPUR ROAD. NASHIK.","phone":"2313222/ 8888832280 ","owner":"DR. NITIN SHANKAR CHITALKAR","registeredBeds":35,"icuBeds":null,"generalBeds":null,"mjpjay":null,"category":"Private","geocodeConfidence":"HIGH"}},{"type":"Feature","geometry":{"type":"Point","coordinates":[73.762034,20.000945]},"properties":{"name":"Progenesis Fertility center","facilityType":"FERTILITY CENTER","address":"726/1-B I KON, 3rd floor, yeolekar mala  polt no 46,47,48 college rode nashik ","phone":94039324404,"owner":"DR. SONALI  NARHARI MALAGAONKAR ","registeredBeds":8,"icuBeds":null,"generalBeds":null,"mjpjay":null,"category":"Private","geocodeConfidence":"HIGH"}},{"type":"Feature","geometry":{"type":"Point","coordinates":[73.791407,19.973565]},"properties":{"name":"ASHOKA MEDICOVER HOSPITAL","facilityType":"HOSPITAL","address":"INDIRA NAGAR ASHOKA MARGA NASHIK ","phone":"0253-6660066/ 8669925532","owner":"DR. ANIL KRUSHANA GUNDALA ","registeredBeds":225,"icuBeds":null,"generalBeds":null,"mjpjay":null,"category":"Private","geocodeConfidence":"MEDIUM"}},{"type":"Feature","geometry":{"type":"Point","coordinates":[73.7116987,20.0143449]},"properties":{"name":"RANJIT THATTE  MATERNITY  & NURSING HOME","facilityType":"MATERNITY","address":"DATTASUDHA SHIVSHKTI COLONY OPP.MOTIWALA COLG GANGAPUR SHIWAR NAHSIK ","phone":9970174724,"owner":"Dr. Ranjit Anil Thatte ","registeredBeds":9,"icuBeds":null,"generalBeds":null,"mjpjay":null,"category":"Private","geocodeConfidence":"LOW"}},{"type":"Feature","geometry":{"type":"Point","coordinates":[73.7935717,20.0066847]},"properties":{"name":"SARVADNYA ENT NURSING HOME","facilityType":"ENT","address":"2ND FLOOR BHAKTI SANKUL PETH PATHA SINGL AND PANCHAVTI NASHIK ","phone":9404738612,"owner":"DR. ABHILASH SHANTARAM DARADE ","registeredBeds":5,"icuBeds":null,"generalBeds":null,"mjpjay":null,"category":"Private","geocodeConfidence":"LOW"}},{"type":"Feature","geometry":{"type":"Point","coordinates":[73.7691033,20.0082442]},"properties":{"name":"NIMS MATERNITY AND NURSING HOME","facilityType":"MATERNITY","address":"SARASWATI HEIGHT, THATTE NAGAR, GANGAPUR ROAD NASHIK. ","phone":9854019455,"owner":"DR. MUKTESH KAKASAHEB DAUND","registeredBeds":45,"icuBeds":null,"generalBeds":null,"mjpjay":null,"category":"Private","geocodeConfidence":"LOW"}},{"type":"Feature","geometry":{"type":"Point","coordinates":[73.7780187,20.0055926]},"properties":{"name":"SHREE SIDDHI VINAYAK HOSPITAL","facilityType":"HOSPITAL","address":"UNITY CAMPUS, OPP, KTHM COLLEGE, GANGAPUR ROAD, NASHIK","phone":9892503486,"owner":"DR. SANDESH SAHEBRAO PATIL","registeredBeds":48,"icuBeds":null,"generalBeds":null,"mjpjay":null,"category":"Private","geocodeConfidence":"HIGH"}},{"type":"Feature","geometry":{"type":"Point","coordinates":[73.7935717,20.0066847]},"properties":{"name":"Shivkrupa Multispeciality Hospital","facilityType":"MULTISPECIALITY","address":"Patel Arked 2nd Floor Dindori Naka Panchavti Nashik ","phone":7769003223,"owner":"Dr. Santosh Vishnupant Nagare","registeredBeds":15,"icuBeds":null,"generalBeds":null,"mjpjay":null,"category":"Private","geocodeConfidence":"LOW"}},{"type":"Feature","geometry":{"type":"Point","coordinates":[73.985526,20.1639578]},"properties":{"name":"DR Parnerkar Maternity Memorial Hospital","facilityType":"MATERNITY","address":"CSN 259/1/611 2nd Floor ,Pritam Comlpex, Mumbai Agra Mahamarg Near Westan In Hotel Amrutdham, Panchavti Nashik.","phone":"0253-2953000 /7083611708","owner":"Dr  Namita Suhas Ghuge","registeredBeds":10,"icuBeds":null,"generalBeds":null,"mjpjay":null,"category":"Private","geocodeConfidence":"MEDIUM"}},{"type":"Feature","geometry":{"type":"Point","coordinates":[73.7975778,19.9810952]},"properties":{"name":"PIONEER HOSPITAL","facilityType":"HOSPITAL","address":"ASHOKA MARG NASHIK ","phone":9420694499,"owner":"Dr. Nilesh Purkar","registeredBeds":15,"icuBeds":null,"generalBeds":null,"mjpjay":null,"category":"Private","geocodeConfidence":"MEDIUM"}},{"type":"Feature","geometry":{"type":"Point","coordinates":[73.7698069,19.9642261]},"properties":{"name":"SHREE LAXMINARYAN HOSPITAL","facilityType":"HOSPITAL","address":"KARMYOGI NAGER CITY CENTER MALL LINK ROAD NEAR R.D.CIRCLE NASHIK 422008","phone":"9922711122/9423186852 Cidco","owner":"Dr. Chintaman chaudhari ","registeredBeds":30,"icuBeds":null,"generalBeds":null,"mjpjay":null,"category":"Private","geocodeConfidence":"HIGH"}},{"type":"Feature","geometry":{"type":"Point","coordinates":[73.7427566,20.003051]},"properties":{"name":"DIVYAJYOT HOSPITAL","facilityType":"HOSPITAL","address":"HARIBHAKTI APPT. ARTILLARY CENTRE NASHIK RD NASHIK","phone":9226890968,"owner":"DR. ATUL Aher","registeredBeds":17,"icuBeds":null,"generalBeds":null,"mjpjay":null,"category":"Private","geocodeConfidence":"LOW"}},{"type":"Feature","geometry":{"type":"Point","coordinates":[73.7793941,20.0008083]},"properties":{"name":"ANTARA HOSPITAL PVT.LTD. MATERNITY & NURSING HOME","facilityType":"MATERNITY","address":"antra mat & NURSING HOME kulkarni gardan infront of sony paithani sharnpur road nsk","phone":9823070900,"owner":"DR RAMAKANT DAJIBA PATIL","registeredBeds":25,"icuBeds":null,"generalBeds":null,"mjpjay":null,"category":"Private","geocodeConfidence":"LOW"}},{"type":"Feature","geometry":{"type":"Point","coordinates":[73.7530445,19.9683919]},"properties":{"name":"suprem health & troma center","facilityType":"HOSPITAL","address":"adity nagar ashoka marg bihind vijay Mamta thetar Nashik road Nashik","phone":9850079798,"owner":"DR PRASHANT BHUTDA","registeredBeds":20,"icuBeds":null,"generalBeds":null,"mjpjay":null,"category":"Private","geocodeConfidence":"LOW"}},{"type":"Feature","geometry":{"type":"Point","coordinates":[73.766676,19.953753]},"properties":{"name":"SIGNUS HOSPITAL","facilityType":"HOSPITAL","address":"5TH FLOOR ATLANTA SHOPS PATHARDI PHATA NASHIK ","phone":9112975577,"owner":"Dr. Pushkraj Santosh Bhole ","registeredBeds":50,"icuBeds":null,"generalBeds":null,"mjpjay":null,"category":"Private","geocodeConfidence":"HIGH"}},{"type":"Feature","geometry":{"type":"Point","coordinates":[73.990461,20.171595]},"properties":{"name":"AVIVA HOSPITAL (BURKUL)","facilityType":"HOSPITAL","address":"PLOT NO 16 KALE NAGAR GANGAPUR ROAD,AANADVALI,NASHIK","phone":8767678346,"owner":"DR.SUDHARSHAN PATIL ","registeredBeds":10,"icuBeds":null,"generalBeds":null,"mjpjay":null,"category":"Private","geocodeConfidence":"MEDIUM"}},{"type":"Feature","geometry":{"type":"Point","coordinates":[73.7793088,19.9833412]},"properties":{"name":"Arias Maternity & Nursing HOme","facilityType":"MATERNITY","address":"Krushnban Colony, Kashiko Nagar, Govind Nagar,Nashik","phone":"9766200238/ 9822115960","owner":"Dr  Ajit Subhash Patil","registeredBeds":16,"icuBeds":null,"generalBeds":null,"mjpjay":null,"category":"Private","geocodeConfidence":"LOW"}},{"type":"Feature","geometry":{"type":"Point","coordinates":[73.8001091,20.0233504]},"properties":{"name":"NEW PARIKSHIT MATERNITY & NURSING HOME","facilityType":"MATERNITY","address":"ground +first floor 33, shivaji nagar dindori road MHASRUL NASHIK ","phone":null,"owner":"DR. Kailas Jagdish Rathi ","registeredBeds":15,"icuBeds":null,"generalBeds":null,"mjpjay":null,"category":"Private","geocodeConfidence":"LOW"}},{"type":"Feature","geometry":{"type":"Point","coordinates":[73.8026547,19.9932524]},"properties":{"name":"MEDILIVE HOSPITAL","facilityType":"HOSPITAL","address":"5Th Floor Shreeji Biz World Dwarka Nsk Road ","phone":"0253-2506599  /7038032499","owner":"DR.SHARAD DESHMUKH ","registeredBeds":25,"icuBeds":null,"generalBeds":null,"mjpjay":null,"category":"Private","geocodeConfidence":"LOW"}},{"type":"Feature","geometry":{"type":"Point","coordinates":[73.8026547,19.9932524]},"properties":{"name":"HRUDAYASPARSH MULTISPECIALITY HOSPITAL","facilityType":"MULTISPECIALITY","address":"Kathe galli Signal nashik ","phone":8975553544,"owner":"Dr. Girish B. Kale.","registeredBeds":21,"icuBeds":null,"generalBeds":null,"mjpjay":null,"category":"Private","geocodeConfidence":"LOW"}},{"type":"Feature","geometry":{"type":"Point","coordinates":[73.8420837,19.9480582]},"properties":{"name":"TILE HOSPITAL","facilityType":"HOSPITAL","address":"1ST FLOOR NAMAN COMPLEX BYTCO NASHIK RD ","phone":8378017931,"owner":"Dr. Nitin Tile","registeredBeds":15,"icuBeds":null,"generalBeds":null,"mjpjay":null,"category":"Private","geocodeConfidence":"LOW"}},{"type":"Feature","geometry":{"type":"Point","coordinates":[73.7757959,20.0058578]},"properties":{"name":"APEX WLELNESS HOSPITAL","facilityType":"HOSPITAL","address":"SR.NO. 799 PLOT NO-187 BEHIND PRAKASH PETROL PUMP GOVIND NAGAR NASHIK ","phone":"9822011684/ 9822012427  ","owner":"Dr. Nitin C. Borse/Dr. Shailesh A. Bondanrde","registeredBeds":105,"icuBeds":null,"generalBeds":null,"mjpjay":null,"category":"Private","geocodeConfidence":"MEDIUM"}},{"type":"Feature","geometry":{"type":"Point","coordinates":[73.857055,20.0313978]},"properties":{"name":"ZENITH HOSPITAL","facilityType":"HOSPITAL","address":"LANE NO-03 SUCHITA NAGAR, OPP. TO INDIRA NAGAR JOGGING TRACK, MUMBAI-AGRA HIGHWAY NASHIK ","phone":"9370668080/ 9404982649","owner":"Dr. Anita Ramesh Ghadge ","registeredBeds":30,"icuBeds":null,"generalBeds":null,"mjpjay":null,"category":"Private","geocodeConfidence":"LOW"}},{"type":"Feature","geometry":{"type":"Point","coordinates":[73.7698069,19.9642261]},"properties":{"name":"SHREE GANPATI HOSPITAL","facilityType":"HOSPITAL","address":"OPP. DIVYA CARNIVAL TRIMURTI CHOWK NEW NASHIK","phone":"780061001/ 9823586061","owner":"DR. KIRAN VASANTRAO BIRARI ","registeredBeds":22,"icuBeds":null,"generalBeds":null,"mjpjay":null,"category":"Private","geocodeConfidence":"HIGH"}},{"type":"Feature","geometry":{"type":"Point","coordinates":[73.7839866,19.9870794]},"properties":{"name":"OBGYNE WOMENS HELATH CENETR AND MATERNITY HOME","facilityType":"MATERNITY","address":"PLOT NO 4 GOVIND NAGAR NAHSIK ","phone":9823475838,"owner":"DR.KULKARNI ANJALI JAIDEEP","registeredBeds":5,"icuBeds":null,"generalBeds":null,"mjpjay":null,"category":"Private","geocodeConfidence":"LOW"}},{"type":"Feature","geometry":{"type":"Point","coordinates":[73.7960174,19.9895745]},"properties":{"name":"RADDIANT PULS HOSPITAL","facilityType":"HOSPITAL","address":"SHREYAS PLAZA NAVSHAKTI CHOWK BHABHA NAGER NASHIK-422011","phone":7276616404,"owner":"DR PARVIN GADSHING ","registeredBeds":40,"icuBeds":null,"generalBeds":null,"mjpjay":null,"category":"Private","geocodeConfidence":"LOW"}},{"type":"Feature","geometry":{"type":"Point","coordinates":[73.7691033,20.0082442]},"properties":{"name":"ASG HOSPITAL PRIVATE LTD","facilityType":"HOSPITAL","address":"B WING 2ND FLOOR BOSCO CENTRE GANGAPUR RD","phone":"0253-2576978/ 8875077555","owner":"Dr. Ketan Devgaonkar","registeredBeds":10,"icuBeds":null,"generalBeds":null,"mjpjay":null,"category":"Private","geocodeConfidence":"LOW"}},{"type":"Feature","geometry":{"type":"Point","coordinates":[73.9896123,20.1640414]},"properties":{"name":"ASTHA HOSPITAL","facilityType":"HOSPITAL","address":"GROUND FLOOR SANDIP APT. HOTEL TOUK OF THE TOWN & BESIDE THAKKAR BAZAR ","phone":"0253-2316805 /9167986655","owner":"DR LAKHOJI PADHRINATH CHOUDHARI","registeredBeds":8,"icuBeds":null,"generalBeds":null,"mjpjay":null,"category":"Private","geocodeConfidence":"HIGH"}},{"type":"Feature","geometry":{"type":"Point","coordinates":[73.735682,20.0168226]},"properties":{"name":"USHAKIRAN CHILDRENS MATRNITY & NURSING HOME","facilityType":"CHILD CARE HOSPITAL","address":"PL.40 SAUBHAGYA NAGAR GANGAPUR ROAD KBT CIRCLE NEAR BANK OF BARODA NASHIK 13","phone":9922000969,"owner":"DR. ABHIRAJ BAJIRAO PAWAR ","registeredBeds":15,"icuBeds":null,"generalBeds":null,"mjpjay":null,"category":"Private","geocodeConfidence":"HIGH"}},{"type":"Feature","geometry":{"type":"Point","coordinates":[73.8420837,19.9480582]},"properties":{"name":"RADDIANT PLUS HOSPITAL","facilityType":"HOSPITAL","address":"5 FLORR STAR PLUS MALL LAMROAD  ROAD NEAR  MUKATDHAM NASHIK ROAD NASHIK","phone":"2458880 /8888318850","owner":"DR. VIKRAM PATOLE ","registeredBeds":45,"icuBeds":null,"generalBeds":null,"mjpjay":null,"category":"Private","geocodeConfidence":"LOW"}},{"type":"Feature","geometry":{"type":"Point","coordinates":[73.7839866,19.9870794]},"properties":{"name":"CNS HOSPITAL","facilityType":"NeuroSurgeon HOSPITAL","address":"SN.568/2,569/1, PLOT NO.61/61A UNITY COMMERCIAL COMPLEX,MYLAN CIRCLE, MUMBAI NAKA NASHIK. 422001","phone":9822355496,"owner":"DR. DAYANANDA MALLEGOWDA LINGADAHALI","registeredBeds":50,"icuBeds":null,"generalBeds":null,"mjpjay":null,"category":"Private","geocodeConfidence":"LOW"}},{"type":"Feature","geometry":{"type":"Point","coordinates":[73.754789,19.969313]},"properties":{"name":"TIRUPATI HOSPITAL","facilityType":"HOSPITAL","address":"1FLOOR, DIPLAXMI PLAZA , BHOR TOWNSHIP CHUNCHALE AMBAD ","phone":"9922923432/ 9922613111","owner":"Dr. Deepa Deshmukh ","registeredBeds":32,"icuBeds":null,"generalBeds":null,"mjpjay":null,"category":"Private","geocodeConfidence":"HIGH"}},{"type":"Feature","geometry":{"type":"Point","coordinates":[73.7812185,19.9734698]},"properties":{"name":"SIDDHANT EYE HOSPITAL","facilityType":"EYE","address":"PLOT NO.44 MODKESHWAR SOCIETY NEAR CHARVAK CHOUK INDIRA NAGAR NASHIK","phone":9405023341,"owner":"Dr. chaitali Sudrshan Davkhar","registeredBeds":5,"icuBeds":null,"generalBeds":null,"mjpjay":null,"category":"Private","geocodeConfidence":"LOW"}},{"type":"Feature","geometry":{"type":"Point","coordinates":[74.5193322,20.558247]},"properties":{"name":"GALAXY SUPREME CARE HOSPITAL","facilityType":"HOSPITAL","address":"3RD FLOOR S.N. PLAZA  KAMATWADA SHIWAR TRIMURTI CHOWK   NASHIK ","phone":"8855966334 /985006360","owner":"Dr. Sagar Vishnu Otari","registeredBeds":48,"icuBeds":null,"generalBeds":null,"mjpjay":null,"category":"Private","geocodeConfidence":"MEDIUM"}},{"type":"Feature","geometry":{"type":"Point","coordinates":[73.8327094,19.9073141]},"properties":{"name":"NARAYANI HEALTH CARE","facilityType":"HOSPITAL","address":"Shree valhavb nagar near chan hotel mumbai naka  nashik ","phone":null,"owner":"Dr. Pankaj Gulab Ravlani","registeredBeds":100,"icuBeds":null,"generalBeds":null,"mjpjay":null,"category":"Private","geocodeConfidence":"MEDIUM"}},{"type":"Feature","geometry":{"type":"Point","coordinates":[73.7818026,20.037304]},"properties":{"name":"LILAWATI CARE","facilityType":"HOSPITAL","address":"NEAR BIG BAZAR COLG ROAD NASHIK","phone":9923422272,"owner":"Dr. Priyank Nikam","registeredBeds":30,"icuBeds":null,"generalBeds":null,"mjpjay":null,"category":"Private","geocodeConfidence":"MEDIUM"}},{"type":"Feature","geometry":{"type":"Point","coordinates":[73.7935717,20.0066847]},"properties":{"name":"SILVER MULTISPECIALITY HOSPITAL","facilityType":"MULTISPECIALITY","address":"SOMNATH PARK, DINDORI NAKA, PANCHAVATI, NASHIK.","phone":9921009070,"owner":"DR. DIPAK MANIKRAO PATIL","registeredBeds":35,"icuBeds":null,"generalBeds":null,"mjpjay":null,"category":"Private","geocodeConfidence":"LOW"}},{"type":"Feature","geometry":{"type":"Point","coordinates":[74.5193322,20.558247]},"properties":{"name":"ASSURED CARE PLUS HOSPITAL","facilityType":"HOSPITAL","address":"5TH FLOOR STAR PLUS COMPLEX BEHIND OF NMC NASHIK ROAD ","phone":"0253-2468786/ 8698204204","owner":"Dr. Atulram Ashokkumar Agrawal ","registeredBeds":50,"icuBeds":null,"generalBeds":null,"mjpjay":null,"category":"Private","geocodeConfidence":"MEDIUM"}},{"type":"Feature","geometry":{"type":"Point","coordinates":[73.7987424,19.98369]},"properties":{"name":"KRUSHNA HOSPITAL","facilityType":"HOSPITAL","address":"NO 4 AARYAN PLAZA NEAR SAGAR SWEET ASHOKA MARG NASHIK  ","phone":9822520169,"owner":"Dr. Krishana Gore ","registeredBeds":5,"icuBeds":null,"generalBeds":null,"mjpjay":null,"category":"Private","geocodeConfidence":"MEDIUM"}},{"type":"Feature","geometry":{"type":"Point","coordinates":[73.712627,20.005042]},"properties":{"name":"GODAWARI MULTISPECIALITY HOSPITAL","facilityType":"MULTISPECIALITY","address":"PLOT NO 29 SHIVAJI NAGAR BUS STOP MIDC BUS STOP NASHIK ","phone":9022321212,"owner":"Dr. Nishant Jadhav","registeredBeds":32,"icuBeds":null,"generalBeds":null,"mjpjay":null,"category":"Private","geocodeConfidence":"HIGH"}},{"type":"Feature","geometry":{"type":"Point","coordinates":[73.8210865,20.0077095]},"properties":{"name":"MUKTA CANCER CLINIC","facilityType":"CANCER CLINIC","address":"MF.70 NEAR DECAN PETROL PUMP,SUNDARBAN COLONY NEW NASHIK.","phone":"2390660 Cidco","owner":"DR. MUKUL RARVIND GHAROTE","registeredBeds":5,"icuBeds":null,"generalBeds":null,"mjpjay":null,"category":"Private","geocodeConfidence":"MEDIUM"}},{"type":"Feature","geometry":{"type":"Point","coordinates":[73.9901124,20.1642122]},"properties":{"name":"GURUKRUPA HOSPITAL","facilityType":"HOSPITAL","address":"5 FLOOR STAR PLUS  MALL MUKTADHAM  NASHIK RAOD NASHIK","phone":"8390239643/ 9673240555","owner":"DR.ABHIJIT PUNDLIK PATKI ","registeredBeds":50,"icuBeds":null,"generalBeds":null,"mjpjay":null,"category":"Private","geocodeConfidence":"HIGH"}},{"type":"Feature","geometry":{"type":"Point","coordinates":[73.7790988,19.9772489]},"properties":{"name":"SHREE YASH HOSPITAL","facilityType":"HOSPITAL","address":"5 PRASANNA COLONY INDIRA NAGAR, NASHIK","phone":"94228441259 East","owner":"DR. MEENA PANKAJ SONONE ","registeredBeds":20,"icuBeds":null,"generalBeds":null,"mjpjay":null,"category":"Private","geocodeConfidence":"HIGH"}},{"type":"Feature","geometry":{"type":"Point","coordinates":[73.7698069,19.9642261]},"properties":{"name":"SHREE VINAYAK HOSPITAL","facilityType":"HOSPITAL","address":"PLOT NO.3 S.NO. 304/2/1 B,SECTORE ATUL DAIRY UPENDRA NAGAR  AMBAD KHURD SHIVAR CIDCO NASHIK.  ","phone":"2946888  Cidco ","owner":"DR. PRASHANT VINAYAK GHUGE","registeredBeds":15,"icuBeds":null,"generalBeds":null,"mjpjay":null,"category":"Private","geocodeConfidence":"HIGH"}},{"type":"Feature","geometry":{"type":"Point","coordinates":[73.769685,20.0025076]},"properties":{"name":"SUYOG CHILD AND CHEST CARE","facilityType":"CHILD AND CHEST CARE","address":"SR. NO 897,ROHINI APP,BEHIND SARASVATI BANK,CANADA CORNER NASHIK.","phone":"9420590111 /9422254748","owner":"DR. REENA KAILASH RATHI","registeredBeds":15,"icuBeds":null,"generalBeds":null,"mjpjay":null,"category":"Private","geocodeConfidence":"LOW"}},{"type":"Feature","geometry":{"type":"Point","coordinates":[73.7935717,20.0066847]},"properties":{"name":"GRAAVITY MULTISPECIALITY HOSPITAL","facilityType":"MULTISPECIALITY","address":"4 TH FLOOR, SHREE HARIKRISHNA PLAZA, OPP. OLD ADGAN NAKA BUS DEPOT, PANCHAVATI, NASHIK","phone":9421730003,"owner":"DR. BIPIN  PUROSHOTTAM PATEL","registeredBeds":44,"icuBeds":null,"generalBeds":null,"mjpjay":null,"category":"Private","geocodeConfidence":"LOW"}},{"type":"Feature","geometry":{"type":"Point","coordinates":[73.8420837,19.9480582]},"properties":{"name":"SHIVASHISH WOMENS HOSPITAL MATERNITY AND NURSING HOME","facilityType":"MATERNITY","address":"FIRST AND SECOND FLOOR ABOVE RAPS, ARTILLERY CENTRE ROAD, NASHIK ROAD NASHIK. ","phone":"9420608135 ROAD NASHIK. ","owner":"DR. AASHISH SHANTARAM WAJE ","registeredBeds":15,"icuBeds":null,"generalBeds":null,"mjpjay":null,"category":"Private","geocodeConfidence":"LOW"}},{"type":"Feature","geometry":{"type":"Point","coordinates":[73.836082,19.953202]},"properties":{"name":"OMKAR MULTISPEACIALITY HOSPITAL","facilityType":"MULTISPEACIALITY","address":"ASHWINI PRAIT KARMAYOGI NAGAR ","phone":"CidCo","owner":"DR NITIN CHAVHAN ","registeredBeds":30,"icuBeds":null,"generalBeds":null,"mjpjay":null,"category":"Private","geocodeConfidence":"HIGH"}},{"type":"Feature","geometry":{"type":"Point","coordinates":[73.835853,19.952837]},"properties":{"name":"DR SHINDE MEDICARE HOSPITAL NASHIK","facilityType":"HOSPITAL","address":"RASBIHARI MERI LINK ROAD SARASWATI NAGAR PANCHAVATI NASHIK ","phone":7774809996,"owner":"Dr. Rohit Sureshrao Shinde ","registeredBeds":10,"icuBeds":null,"generalBeds":null,"mjpjay":null,"category":"Private","geocodeConfidence":"MEDIUM"}},{"type":"Feature","geometry":{"type":"Point","coordinates":[73.7064476,19.996016]},"properties":{"name":"SHREE SAI SEVA MULTISPEACIALITY HOSPITAL","facilityType":"MULTISPEACIALITY","address":"Mazenine 1st floor behind atul dairy uttam nagar cidco","phone":"Cidco","owner":"DR DIGVIJAY NARHARI TAMBE/ DR VIJAY RUMALE ","registeredBeds":30,"icuBeds":null,"generalBeds":null,"mjpjay":null,"category":"Private","geocodeConfidence":"HIGH"}},{"type":"Feature","geometry":{"type":"Point","coordinates":[73.814655,20.019714]},"properties":{"name":"DR KHARE HOSPITAL","facilityType":"HOSPITAL","address":"Plot No. 5 In Front Of Samrat Gokul Dham Late Nagar Near Amrutdham Link Road Hirawadi Panchavti  Nashik ","phone":9970643939,"owner":"DR.ARUN N. KHARE ","registeredBeds":15,"icuBeds":null,"generalBeds":null,"mjpjay":null,"category":"Private","geocodeConfidence":"HIGH"}},{"type":"Feature","geometry":{"type":"Point","coordinates":[73.7711522,20.0026242]},"properties":{"name":"BHARATI MULTISPECIALIST & CRITICAL CARE HOSPITAL","facilityType":"MULTISPECIALIST","address":"POOJA TEXTTILE, SURYA BLOOSAM PATHARDI PHATA NASHIK ","phone":"9370529653/ 9834200216","owner":"Dr. Amol Dinkar Tidke ","registeredBeds":30,"icuBeds":null,"generalBeds":null,"mjpjay":null,"category":"Private","geocodeConfidence":"MEDIUM"}},{"type":"Feature","geometry":{"type":"Point","coordinates":[73.7711522,20.0026242]},"properties":{"name":"SHIV MULTISPECIALITY HOSPITAL & CRITICAL CARE","facilityType":"MULTISPECIALIST","address":"SHIV MULTISPEACIALITY HOSPITAL BUILDING SURVEY NO.459/2, PLOT NO. 7/8 IN FRONT OF PAPAYA NURSERY SATPUR- TRIMBAK HIGHWAY NASHIK","phone":"0253-2992728/ 9075756526","owner":"DR. Rahul Shiram Patil ","registeredBeds":50,"icuBeds":null,"generalBeds":null,"mjpjay":null,"category":"Private","geocodeConfidence":"MEDIUM"}},{"type":"Feature","geometry":{"type":"Point","coordinates":[73.7738478,20.0071079]},"properties":{"name":"Raddiant Eye Care","facilityType":"EYE","address":"Shop No. 4A Karma Pinacal A Wing Ashoka Marg Shivar Nashik City-4 Nashik ","phone":7480887664,"owner":"Dr. Sanjay Mahadik ","registeredBeds":5,"icuBeds":null,"generalBeds":null,"mjpjay":null,"category":"Private","geocodeConfidence":"MEDIUM"}},{"type":"Feature","geometry":{"type":"Point","coordinates":[73.834358,19.9480032]},"properties":{"name":"SHREE SANKALP HOSPITAL","facilityType":"HOSPITAL","address":"3rd floor hari bhakti apt jain mandir artillary centre nashik road Nashik","phone":"7767882200/ 9112452467","owner":"DR VIJAY YASHWANT MAHALE","registeredBeds":30,"icuBeds":null,"generalBeds":null,"mjpjay":null,"category":"Private","geocodeConfidence":"HIGH"}},{"type":"Feature","geometry":{"type":"Point","coordinates":[74.5054692,20.5769793]},"properties":{"name":"Sai Krupa Hospital","facilityType":"HOSPITAL","address":"Plot No.36 Panini Soc.Near Danyshawar Nagar Pathardi Phata Cidco Nashik ","phone":8806107709,"owner":"Dr. Pushakraj Santosh Bhole ","registeredBeds":15,"icuBeds":null,"generalBeds":null,"mjpjay":null,"category":"Private","geocodeConfidence":"HIGH"}},{"type":"Feature","geometry":{"type":"Point","coordinates":[73.7431463,19.9499946]},"properties":{"name":"SHIVRAYA HOSPITAL","facilityType":"HOSPITAL","address":"VANASHRI COLONY NEAR MAULI LAWANS DGP NAGAR 2 KAMTWADA AMBAD  ROAD  NASHIK","phone":9623196899,"owner":"Dr. Dilip V. Gharte","registeredBeds":30,"icuBeds":null,"generalBeds":null,"mjpjay":null,"category":"Private","geocodeConfidence":"LOW"}},{"type":"Feature","geometry":{"type":"Point","coordinates":[73.8420837,19.9480582]},"properties":{"name":"SRUJAN HOSPITAL","facilityType":"HOSPITAL","address":"205, 2ND FLOOR, STAR PLUS MALL, OPP. DURGA GARDEN M.G NASHIK RD NASHIK ","phone":8698704564,"owner":"Dr. Sujit Nikam","registeredBeds":7,"icuBeds":null,"generalBeds":null,"mjpjay":null,"category":"Private","geocodeConfidence":"LOW"}},{"type":"Feature","geometry":{"type":"Point","coordinates":[73.7839866,19.9870794]},"properties":{"name":"NASHIK ICU TRAUMA CENTRE","facilityType":"HOSPITAL","address":"5012-505, 5TH FLOOR SAI SQUARE MUMBAI NAKA NASHIK ","phone":8788602212,"owner":"Dr. Sachin Harishchandra Bhangale ","registeredBeds":25,"icuBeds":null,"generalBeds":null,"mjpjay":null,"category":"Private","geocodeConfidence":"LOW"}},{"type":"Feature","geometry":{"type":"Point","coordinates":[73.7893368,20.0066964]},"properties":{"name":"SHREE MAHAVIR JAIN DHARMARTH CLINIC HOSPITAL & RESEARCH CENTRE","facilityType":"HOSPITAL & RESEARCH CENTRE","address":"371- B DEVDHAR LEAN RVIVAR PEATH SHIV SAMRTH NAGAR JIJAMATA GARDEN PETH RD PANCHAVATI ","phone":9422257322,"owner":"Dr. Sunil Chandmal Bafana","registeredBeds":48,"icuBeds":null,"generalBeds":null,"mjpjay":null,"category":"Private","geocodeConfidence":"LOW"}},{"type":"Feature","geometry":{"type":"Point","coordinates":[73.7111518,20.0023416]},"properties":{"name":"SANKALP SPECIALITY HOSPITAL","facilityType":"HOSPITAL","address":"VALLABH NAGAR B/H CHHAN HOTEL MUMBAI NAKA NASHIK ","phone":"0253-2996666/ 9890009242","owner":"Dr. Sachin Prabhakar Patil ","registeredBeds":50,"icuBeds":null,"generalBeds":null,"mjpjay":null,"category":"Private","geocodeConfidence":"HIGH"}},{"type":"Feature","geometry":{"type":"Point","coordinates":[73.7935717,20.0066847]},"properties":{"name":"NOVA MATERNITY AND NURSING HOME","facilityType":"MATERNITY","address":"polt no 5 s.no. 200/7/06 SAI NAGAR AMRITDHAM PANCHAVATI NASHIK ","phone":9823277709,"owner":"Dr. chandan Ravindra gupata","registeredBeds":15,"icuBeds":null,"generalBeds":null,"mjpjay":null,"category":"Private","geocodeConfidence":"LOW"}},{"type":"Feature","geometry":{"type":"Point","coordinates":[73.8420837,19.9480582]},"properties":{"name":"RATNDEEP  HOSPITAL","facilityType":"HOSPITAL","address":"PLOT NO 7 INFRONT OF MOTWANI FACTORY NEAR DATTA MANDIR SINGLE NASHIK ROAD","phone":9423975759,"owner":"DR.DEEPAK DIWAKR CHIRMADE","registeredBeds":20,"icuBeds":null,"generalBeds":null,"mjpjay":null,"category":"Private","geocodeConfidence":"LOW"}},{"type":"Feature","geometry":{"type":"Point","coordinates":[73.8321131,19.9597224]},"properties":{"name":"Magunm Multispeciality Hospital","facilityType":"MULTISPECIALITY","address":"Suyojit Om World Opp. Bytco College Nashik College Nashik Pune Highway Nashikroad Nashik ","phone":null,"owner":"DR. Manoj Chopda ","registeredBeds":5,"icuBeds":null,"generalBeds":null,"mjpjay":null,"category":"Private","geocodeConfidence":"LOW"}},{"type":"Feature","geometry":{"type":"Point","coordinates":[73.7325254,19.9645358]},"properties":{"name":"Birsha Munda Medical Hub Nashikk","facilityType":"HOSPITAL","address":"112, Omkar Nager Kishor Suryawanshi Marg Panchavti Nashik-4","phone":9422262374,"owner":"DR. Sahebrao Ramdchandra Zirawal ","registeredBeds":100,"icuBeds":null,"generalBeds":null,"mjpjay":null,"category":"Private","geocodeConfidence":"LOW"}},{"type":"Feature","geometry":{"type":"Point","coordinates":[73.7772522,20.0055292]},"properties":{"name":"SPARSH WOMANS HOSPITAL IVF CENTER","facilityType":"HOSPITAL IVF CENTER","address":"SAHYADRI NAGAR (ASWIN NAGAR) MUMBAI AGRA ROAD Cidco NASHIK","phone":"8668627485/ 9881310600","owner":"DR HANUMANTA YADAV BANGAR","registeredBeds":18,"icuBeds":null,"generalBeds":null,"mjpjay":null,"category":"Private","geocodeConfidence":"MEDIUM"}},{"type":"Feature","geometry":{"type":"Point","coordinates":[73.9934613,19.8423836]},"properties":{"name":"GANGA SUPER SPECIALITY HOSPITAL NASHIK","facilityType":"HOSPITAL","address":"Sai Square mumvai naka nashik ","phone":"7038319777 West","owner":"Dr.Bhushan Deshmukh","registeredBeds":16,"icuBeds":null,"generalBeds":null,"mjpjay":null,"category":"Private","geocodeConfidence":"MEDIUM"}},{"type":"Feature","geometry":{"type":"Point","coordinates":[73.7899652,19.9878041]},"properties":{"name":"DR PATOLE MULTI SPECIALITY  HOSPITAL","facilityType":"HOSPITAL","address":"FNO1 ADITY AVE JAGTAP MALA NASHIK ROD ","phone":"9823952434 NASHIK Road","owner":"DR PRASHANT KASHINATH  PATOLE ","registeredBeds":15,"icuBeds":null,"generalBeds":null,"mjpjay":null,"category":"Private","geocodeConfidence":"MEDIUM"}},{"type":"Feature","geometry":{"type":"Point","coordinates":[73.7691033,20.0082442]},"properties":{"name":"PRIME HOSPITAL","facilityType":"HOSPITAL","address":"4TH FLOOR ONE GANGAPUR JEHAN CIRCLE GANGAPUR ROAD  NASHIK","phone":"7420030088/ 8600011822","owner":"DR KAPIL PRBHAKAR WAGH","registeredBeds":15,"icuBeds":null,"generalBeds":null,"mjpjay":null,"category":"Private","geocodeConfidence":"LOW"}},{"type":"Feature","geometry":{"type":"Point","coordinates":[73.7939983,19.994043]},"properties":{"name":"NEW AADHAR HOSPITAL","facilityType":"HOSPITAL","address":"Express Tower 1st floor opp. Mahila Bank Wadala Naka Nashik ","phone":"8796962016 Cidco","owner":"Dr. Sayyed Nikhat Anjum Hamid ","registeredBeds":16,"icuBeds":null,"generalBeds":null,"mjpjay":null,"category":"Private","geocodeConfidence":"LOW"}},{"type":"Feature","geometry":{"type":"Point","coordinates":[73.7662155,20.0050726]},"properties":{"name":"Healing Hands Clinic","facilityType":"HOSPITAL","address":"Devis Complex 3rd Floor opp Big Bazar Collage road Nashik","phone":"8888366662/ 9960494333","owner":"Dr Yuvraj Chandrakant Mahajan","registeredBeds":15,"icuBeds":null,"generalBeds":null,"mjpjay":null,"category":"Private","geocodeConfidence":"HIGH"}},{"type":"Feature","geometry":{"type":"Point","coordinates":[73.8026547,19.9932524]},"properties":{"name":"Subhadra Netralay And Sharda Neurocare","facilityType":"EYE & NEUROCARE","address":"401 to 404 4th floor Shreeji Bizworld Kathe lane Dwarka Nashik ","phone":8220413571,"owner":"DR. Swapnil Shivaji Vidhate ","registeredBeds":5,"icuBeds":null,"generalBeds":null,"mjpjay":null,"category":"Private","geocodeConfidence":"LOW"}},{"type":"Feature","geometry":{"type":"Point","coordinates":[73.838199,19.9504587]},"properties":{"name":"MATOSHREE HOSPITAL","facilityType":"HOSPITAL","address":"Pathardi Deolali Road B/H Shell Petrol Pupm Nashik ","phone":9822626464,"owner":"Dr. Balasaheb Suryawanshi ","registeredBeds":8,"icuBeds":null,"generalBeds":null,"mjpjay":null,"category":"Private","geocodeConfidence":"HIGH"}},{"type":"Feature","geometry":{"type":"Point","coordinates":[73.835717,19.9528704]},"properties":{"name":"CAREFORTE CHILDRENS HOSPITAL","facilityType":"CHILD CARE HOSPITAL","address":"3rd fllor star plus Mall  in Front of Durga Garden Nashikroad","phone":"Nashik Road","owner":"DR PRASHANT SUDHAKAR KUTE ","registeredBeds":24,"icuBeds":null,"generalBeds":null,"mjpjay":null,"category":"Private","geocodeConfidence":"MEDIUM"}},{"type":"Feature","geometry":{"type":"Point","coordinates":[73.768236,19.9994333]},"properties":{"name":"ZEN RAMOLE EYE HOSPITAL UINT 2","facilityType":"EYE","address":". 1/10 1ST FLOOR ISWAR SANKUL NEAR REZIMENTAL PLAZA TOKIZ NASHIKROAD NASHIK ","phone":9028915558,"owner":"Dr. Abhijit G. Ramole ","registeredBeds":20,"icuBeds":null,"generalBeds":null,"mjpjay":null,"category":"Private","geocodeConfidence":"MEDIUM"}},{"type":"Feature","geometry":{"type":"Point","coordinates":[73.778088,19.978171]},"properties":{"name":"SUREKHA HOSPITAL","facilityType":"HOSPITAL","address":"SHOP NO. 207/213 ROOGTHA 2ND  FLOOR  BELLA VISTA APTS.NEAR BHUJBAL MUMBAI AGRA ROAD NASHIK ","phone":7038719093,"owner":"Dr. Kavita Shital patil ","registeredBeds":25,"icuBeds":null,"generalBeds":null,"mjpjay":null,"category":"Private","geocodeConfidence":"HIGH"}},{"type":"Feature","geometry":{"type":"Point","coordinates":[73.7772522,20.0055292]},"properties":{"name":"Shree Sparsh Hospital","facilityType":"HOSPITAL","address":"Near Rushabh Honda Showroom Mumbai Naka Nashik ","phone":7385947377,"owner":"Dr. Subodh Arun Patil","registeredBeds":35,"icuBeds":null,"generalBeds":null,"mjpjay":null,"category":"Private","geocodeConfidence":"HIGH"}},{"type":"Feature","geometry":{"type":"Point","coordinates":[74.5244198,20.5462579]},"properties":{"name":"MEDIGRAM MULTISPECIALITY HOSPITAL & TRAUMA CARE CENTRE","facilityType":"Neurology surgeon /MULTISPECIALITY","address":"sai Archit Avenue Vallabh Nagar Behind Chhan Hotel  Mumbai Naka Nashik ","phone":9422932556,"owner":"DR ANIL CHABURAO JADHAV ","registeredBeds":30,"icuBeds":null,"generalBeds":null,"mjpjay":null,"category":"Private","geocodeConfidence":"MEDIUM"}},{"type":"Feature","geometry":{"type":"Point","coordinates":[73.7793941,20.0008083]},"properties":{"name":"BLOOD CARE HEMATOLOGY AND SKIN CARE SOLUTION","facilityType":"HEMATOLOGY AND SKIN CARE  HOSPITAL","address":"G1 SUYOJIT MODERN POINT POLICE PETROL PUMP NEAR SHRNPUR ROAD NASHIK ","phone":8437649501,"owner":"DR.SIDDESH ARUN KALANTRI/DR.SNEHAL SIDDESH KALANTARI","registeredBeds":2,"icuBeds":null,"generalBeds":null,"mjpjay":null,"category":"Private","geocodeConfidence":"LOW"}},{"type":"Feature","geometry":{"type":"Point","coordinates":[73.7698069,19.9642261]},"properties":{"name":"SHREE AKHANDAJYOTI Hospital","facilityType":"HOSPITAL","address":"4th floor Bella Vista, Bhujbal Farm Road Mumbai - Agra Road Cidco Nashik-422009","phone":8551084775,"owner":"Dr. Ashwin Subhash More ","registeredBeds":30,"icuBeds":null,"generalBeds":null,"mjpjay":null,"category":"Private","geocodeConfidence":"HIGH"}},{"type":"Feature","geometry":{"type":"Point","coordinates":[73.7180576,20.0121678]},"properties":{"name":"Dr. SARODE\"S JYOTI HOSPITAL  & CHILDREN & ACCIDENT HOSPITAL","facilityType":"CHILD CARE HOSPITAL","address":"4 TH FLOOR SATR PLUS MALL 3TH FLOOR OPP DURGA- GARDEN MUKTIDHAM RD. NASHIK ROAD NASHIK ","phone":7507766333,"owner":"Dr. Sanjivani Sarode ","registeredBeds":34,"icuBeds":null,"generalBeds":null,"mjpjay":null,"category":"Private","geocodeConfidence":"MEDIUM"}},{"type":"Feature","geometry":{"type":"Point","coordinates":[73.857055,20.0313978]},"properties":{"name":"DURGA EYE HOSPITAL","facilityType":"EYE","address":"Shop No2/6 2nd Floor Rughata Balavista Near Bhujwal Farm, Mumbai agra Highway Nashik","phone":9588484012,"owner":"DR SONIYA CHANDRASHEKAR BHALA ","registeredBeds":4,"icuBeds":null,"generalBeds":null,"mjpjay":null,"category":"Private","geocodeConfidence":"LOW"}},{"type":"Feature","geometry":{"type":"Point","coordinates":[73.7655688,20.0056303]},"properties":{"name":"NOVA PLUS IVF CLINIC PVT.LTD /Rhea Healthcare PVT.LTD","facilityType":"HOSPITAL & IVF","address":"PLATINUM GROUND 3RD & 4TH FLOOR PATIL LANE COLLEGE ROAD NASHIK ","phone":9850740747,"owner":"DR. ABHJIT DILIP SHIRUDE/ DR. NIRMAL BAGUL","registeredBeds":5,"icuBeds":null,"generalBeds":null,"mjpjay":null,"category":"Private","geocodeConfidence":"LOW"}},{"type":"Feature","geometry":{"type":"Point","coordinates":[73.7698069,19.9642261]},"properties":{"name":"Shree Sainath Hospital","facilityType":"HOSPITAL","address":"Tushar Building Kala Nager Bakaji Chowk Opp Reliance Petroal Pump Dindori Road Nashik ","phone":9673164555,"owner":"Dr. Prmod Keval Khirnar ","registeredBeds":5,"icuBeds":null,"generalBeds":null,"mjpjay":null,"category":"Private","geocodeConfidence":"HIGH"}},{"type":"Feature","geometry":{"type":"Point","coordinates":[73.7861229,20.002217]},"properties":{"name":"SRV RAJEBAHADUR HOSPITAL LLP","facilityType":"HOSPITAL","address":"PLOT NO.13/14/199 TILAK ROAD SHALIMAR NASHIK-422001","phone":8308398900,"owner":"Dr. Abhay Shantram Vispute","registeredBeds":70,"icuBeds":null,"generalBeds":null,"mjpjay":null,"category":"Private","geocodeConfidence":"LOW"}},{"type":"Feature","geometry":{"type":"Point","coordinates":[73.7690497,20.0063819]},"properties":{"name":"RAJANI MATERNITY AND LAPROSCOPY HOSPITAL","facilityType":"MATERNITY AND LAPROSCOPY HOSPITAL","address":"HARI PLAZA 2ND FLOOR HIRAWADI ROAD CATYMARUTI POLICE CHOWKI NEAR PETROL PUMP PANCHAVTI NASHIK ","phone":9604834305,"owner":"Dr. Vinod Uddhav Mahale","registeredBeds":15,"icuBeds":null,"generalBeds":null,"mjpjay":null,"category":"Private","geocodeConfidence":"MEDIUM"}},{"type":"Feature","geometry":{"type":"Point","coordinates":[73.7698069,19.9642261]},"properties":{"name":"SHREE NAVJIVAN HOSPITAL","facilityType":"HOSPITAL","address":"2ND FLOOR,LAXMI VIJAY COMPLEX,NADURNAKA NEAR SINGNAL NASHIK.","phone":9890575637,"owner":"Dr. Nitin Nathu Arsule ","registeredBeds":15,"icuBeds":null,"generalBeds":null,"mjpjay":null,"category":"Private","geocodeConfidence":"HIGH"}},{"type":"Feature","geometry":{"type":"Point","coordinates":[73.7691033,20.0082442]},"properties":{"name":"ELITE PLASTIC & LOJESTIC SURGERY","facilityType":"SURGERY HOSPITAL","address":"1st floor  above canara  syndicate bank Jehan Circle gangapur road nashik ","phone":982287881,"owner":"DR. Manoj Vilas Bacchav","registeredBeds":2,"icuBeds":null,"generalBeds":null,"mjpjay":null,"category":"Private","geocodeConfidence":"LOW"}},{"type":"Feature","geometry":{"type":"Point","coordinates":[73.7812185,19.9734698]},"properties":{"name":"CANCER CENTERS OF AMERICA","facilityType":"CANCER CENTERS","address":"POLT NO 2 S. NO. 113/02/A WADALA SHIVAR INDIRANAGER NASHIK ","phone":9875992819,"owner":"Dr. Jitendra Prabhakar Karlekar","registeredBeds":100,"icuBeds":null,"generalBeds":null,"mjpjay":null,"category":"Private","geocodeConfidence":"LOW"}},{"type":"Feature","geometry":{"type":"Point","coordinates":[73.793904,20.017119]},"properties":{"name":"Sahawas Hospital","facilityType":"HOSPITAL","address":"Town Saq. Opp. Abhyuday Bank Sahwas   cornar Peth Road Panchavti Nashik ","phone":"9923255509/ 9225129828","owner":"Dr. Pratibha Sunil Sangale ","registeredBeds":35,"icuBeds":null,"generalBeds":null,"mjpjay":null,"category":"Private","geocodeConfidence":"HIGH"}},{"type":"Feature","geometry":{"type":"Point","coordinates":[73.7839866,19.9870794]},"properties":{"name":"SADGUR HEALTHCARE SERVICES PVT.LTD (OASIS FERTILITY)","facilityType":"HOSPITAL","address":"OFFICE NO 5TO12 2ND & 3RD FLOOR BLOCK-A VEDAS SPACES APART. GOVIND NAGER NASHIK-422009","phone":"839006260/ 7875794980","owner":"Dr. Palavi Yuvraj Untwal","registeredBeds":10,"icuBeds":null,"generalBeds":null,"mjpjay":null,"category":"Private","geocodeConfidence":"LOW"}},{"type":"Feature","geometry":{"type":"Point","coordinates":[73.806428,20.009976]},"properties":{"name":"DEORE SUPER HOSPITAL","facilityType":"HOSPITAL","address":"3rd floor rungatha sumprimus shri hari kute margChandak Circle tidake colony nashik","phone":7620088220,"owner":"Dr. Bhushan Monohar Deore","registeredBeds":35,"icuBeds":null,"generalBeds":null,"mjpjay":null,"category":"Private","geocodeConfidence":"MEDIUM"}},{"type":"Feature","geometry":{"type":"Point","coordinates":[73.7817983,19.9664723]},"properties":{"name":"NETRAM EYE HOSPITAL","facilityType":"EYE","address":"OLD MAHABAL HOSPITAL, MATERNITY  NEARST.  GEORGES CHURCH, WADALA-PATHARDI ROAD INDIRA NAGAR, NASHIK ","phone":"7756897122/ 8007684422","owner":"Dr. KUNAL HARISHCHANDRA NIKALE","registeredBeds":4,"icuBeds":null,"generalBeds":null,"mjpjay":null,"category":"Private","geocodeConfidence":"LOW"}},{"type":"Feature","geometry":{"type":"Point","coordinates":[73.7598681,19.968186]},"properties":{"name":"BHAGAWATI HOSPITAL  AND RESEARCH CENTER","facilityType":"HOSPITAL  AND RESEARCH CENTER","address":"PLOT NO-9 MIG ENCLAVE HAL COLONY LEKHANAGER CIDCO NASHIK-9","phone":"9860774959/ 9689087074","owner":"DR. SUMIT SANJAY SHIMPI","registeredBeds":10,"icuBeds":null,"generalBeds":null,"mjpjay":null,"category":"Private","geocodeConfidence":"LOW"}},{"type":"Feature","geometry":{"type":"Point","coordinates":[73.9901124,20.1642122]},"properties":{"name":"GURUKRUPA MULTISPECIAITY  HOSPITAL","facilityType":"MULTISPECIALITY","address":"Manoar arcade M1-M4 Mezzannine floor Patta mandir stop Untwadi 422008","phone":9860886065,"owner":"Dr. Vinod Arvind Chaudhari ","registeredBeds":30,"icuBeds":null,"generalBeds":null,"mjpjay":null,"category":"Private","geocodeConfidence":"HIGH"}},{"type":"Feature","geometry":{"type":"Point","coordinates":[73.7770275,19.9888813]},"properties":{"name":"MANAS HOSPITAL","facilityType":"HOSPITAL","address":"MAHESH NAGAR OPP. TUPESAKHRE LAWNS NEAR MUMBAI NAKA TIDKE COLONY NASHIK ","phone":"9823051921/8668752047","owner":"Dr. Manohar Karad ","registeredBeds":35,"icuBeds":null,"generalBeds":null,"mjpjay":null,"category":"Private","geocodeConfidence":"HIGH"}},{"type":"Feature","geometry":{"type":"Point","coordinates":[73.7692409,20.0104127]},"properties":{"name":"NEXTGEN ADVANCED IVF AND ENDOSCOPY CENTER","facilityType":"IVF AND ENDOSCOPY CENTER","address":"AB TOWER DNYCINDEEP HOUSING SO. OLD GANGAPUR NAKA GAGAPUR ROAD NASHIK ","phone":9850889050,"owner":"Dr. Ajit Nanasaheb Boraste ","registeredBeds":5,"icuBeds":null,"generalBeds":null,"mjpjay":null,"category":"Private","geocodeConfidence":"LOW"}},{"type":"Feature","geometry":{"type":"Point","coordinates":[73.8417881,19.9762811]},"properties":{"name":"NEW LIFE HEALTH CARE HOSPITAL","facilityType":"HOSPITAL","address":"SHREE KRISHNA APT. plot no 84/85 oppo khan bunglow keval park road nashik ","phone":"8788963876/ 9970035868","owner":"Dr. Prashant s. Sonawane ","registeredBeds":5,"icuBeds":null,"generalBeds":null,"mjpjay":null,"category":"Private","geocodeConfidence":"HIGH"}},{"type":"Feature","geometry":{"type":"Point","coordinates":[73.7654174,20.0096719]},"properties":{"name":"NERLEKAR MULTISPECIALITY HOSSPITAL","facilityType":"MULTISPECIALITY","address":"JIHAN CERCLE NEAR GANGAPUR ROAD, NASHIK -13 ","phone":9823063868,"owner":"DR. ARCHIS VINAYAK NERLEKAR","registeredBeds":100,"icuBeds":null,"generalBeds":null,"mjpjay":null,"category":"Private","geocodeConfidence":"LOW"}},{"type":"Feature","geometry":{"type":"Point","coordinates":[73.836921,19.976725]},"properties":{"name":"ALL CARE MULTI SPECIALLITY HOSPITAL","facilityType":"MULTISPECIALITY","address":"5TH FLOOR  BUSOMESS ICON PINTO CPLONEY NARAYAN BAPU NAGER JAIL RPAD NASHIK ROAD NASHIK-422101","phone":9960036999,"owner":"Dr. Sanajy Ramlkhan Gupta ","registeredBeds":30,"icuBeds":null,"generalBeds":null,"mjpjay":null,"category":"Private","geocodeConfidence":"HIGH"}},{"type":"Feature","geometry":{"type":"Point","coordinates":[73.806393,20.02481]},"properties":{"name":"AHER HOSPITAL AND MATERNITY HOME","facilityType":"MATERNITY","address":"PLOT NO 1 LOKHANDE MALA TARWALA NAGER PANCHAVATI NASHIK-3","phone":"9822892929/ 9863107575","owner":"DR. KUNAL HITENDRA AHER ","registeredBeds":15,"icuBeds":null,"generalBeds":null,"mjpjay":null,"category":"Private","geocodeConfidence":"HIGH"}},{"type":"Feature","geometry":{"type":"Point","coordinates":[73.7934816,19.9892736]},"properties":{"name":"SARASWATI MULTY SPECIALITY HOSPITAL","facilityType":"MULTISPECIALITY","address":"4TH FLOOR VARJ LIFE SPACE OPP RTO OFFICE PETH ROAD NASHIK ","phone":9372341462,"owner":"DR.  MANOJ TRIMBAK BHADMUKHE ","registeredBeds":20,"icuBeds":null,"generalBeds":null,"mjpjay":null,"category":"Private","geocodeConfidence":"MEDIUM"}},{"type":"Feature","geometry":{"type":"Point","coordinates":[73.7868082,20.0012474]},"properties":{"name":"SUJAY NETRA SEVA EYE HOSPITAL","facilityType":"EYE","address":"1ST FLOOR SUYOJIT RATAN MALL OPP NEHARU GARDEN TILAK PATH SHALIMAR NASHIK422001","phone":9823195381,"owner":"DR. NANASAHEB PANDURANG KHARE ","registeredBeds":4,"icuBeds":null,"generalBeds":null,"mjpjay":null,"category":"Private","geocodeConfidence":"LOW"}},{"type":"Feature","geometry":{"type":"Point","coordinates":[73.792985,20.015649]},"properties":{"name":"New Samruddhi Hospital","facilityType":"HOSPITAL","address":"Rohni Nager Near Muktidham Mandir Peth Road Panchavti Nashik ","phone":9850973536,"owner":"Dr. Manoj Arvind Aher","registeredBeds":15,"icuBeds":null,"generalBeds":null,"mjpjay":null,"category":"Private","geocodeConfidence":"HIGH"}},{"type":"Feature","geometry":{"type":"Point","coordinates":[73.7573995,19.9809168]},"properties":{"name":"DR.HASE HOSPITAL AND MATERNITY HOME","facilityType":"ORTHOPEDIC  HOSPITAL","address":"sr. NO 36/A NEAR PLOT NO. 236 NEAR SETU BHWAN KTHUTWADNAGER NASHIK","phone":"9960891776/ 8830055857","owner":"DR. SANDEEP HASE / DR. PRAGAKTA HASE","registeredBeds":10,"icuBeds":null,"generalBeds":null,"mjpjay":null,"category":"Private","geocodeConfidence":"LOW"}},{"type":"Feature","geometry":{"type":"Point","coordinates":[73.7761976,19.998867]},"properties":{"name":"SPANDAN HOSPITAL","facilityType":"HOSPITAL","address":"1ST FLOOR CROWN COMPPLEX OPP RAJIV GANDHI BHAVN ABOVE SBI BANK NASHIK422002","phone":9822303052,"owner":"DR. Danish Sharif shah","registeredBeds":25,"icuBeds":null,"generalBeds":null,"mjpjay":null,"category":"Private","geocodeConfidence":"HIGH"}},{"type":"Feature","geometry":{"type":"Point","coordinates":[73.7249769,19.9906708]},"properties":{"name":"Puls Hospital","facilityType":"HOSPITAL","address":"2nd Floor Govid Medcare Ashok Nagar Saptpur Nashik","phone":null,"owner":"Dr. Niliesh Lodhe","registeredBeds":null,"icuBeds":null,"generalBeds":null,"mjpjay":null,"category":"Private","geocodeConfidence":"LOW"}},{"type":"Feature","geometry":{"type":"Point","coordinates":[73.7582189,20.0092248]},"properties":{"name":"MAXCURE HOSPITAL NURSING HOME","facilityType":"HOSPITAL","address":"NARAYAN SONWANE MARG OLD DSOUZA COLONY JHEHAN CIRCLE GANGAPUR ROAD NASHIK ","phone":"9371522957/ 9373244670","owner":"Dr. Sulabhchandra Bhamare ","registeredBeds":30,"icuBeds":null,"generalBeds":null,"mjpjay":null,"category":"Private","geocodeConfidence":"LOW"}},{"type":"Feature","geometry":{"type":"Point","coordinates":[73.7698069,19.9642261]},"properties":{"name":"SHREE SAINATTH MULITISPECIALITY HOSPITAL NASHIK","facilityType":"MULITISPECIALITY","address":"PLOT NO 29TO30 S.NO 493/31/B Ashok Nagar Police Station Ashok Nagar Satpur   NASHIK","phone":"9970168655/ 9892090151","owner":"Dr. Rhishikesh Kashinath Gangurde ","registeredBeds":50,"icuBeds":null,"generalBeds":null,"mjpjay":null,"category":"Private","geocodeConfidence":"MEDIUM"}},{"type":"Feature","geometry":{"type":"Point","coordinates":[73.7812185,19.9734698]},"properties":{"name":"Opalblue  MultiSapecility  Hospital","facilityType":"MULITISPECIALITY","address":"Polt No 5 s/no 870 Tapasvi Hotal Cha Mage Indira Nager Mumbai-Agra Mahamarg Nashik","phone":"9423011132/ 8989030302","owner":"Dr.  Pritam Kashinath Ahirrao ","registeredBeds":25,"icuBeds":null,"generalBeds":null,"mjpjay":null,"category":"Private","geocodeConfidence":"LOW"}},{"type":"Feature","geometry":{"type":"Point","coordinates":[74.5263403,20.545197]},"properties":{"name":"DIRGHAYAU CHILDREN'S HOSPITAL","facilityType":"CHILD CARE HOSPITAL","address":"1ST FLOOR SANGRILA COMPLEX HOTEL HARYALI THIM PLAZA NEAR SOMANI GARDEN NASHIKROAD  ","phone":"7666849826/ 7218621627","owner":"Dr. Rtiesh Kumar Singh ","registeredBeds":15,"icuBeds":null,"generalBeds":null,"mjpjay":null,"category":"Private","geocodeConfidence":"HIGH"}},{"type":"Feature","geometry":{"type":"Point","coordinates":[73.7526664,19.9886396]},"properties":{"name":"AARDHYA EYE HOSPITAL","facilityType":"EYE","address":"MANOHAR ARCADE G-17,18,19 UNTAWADI NEAR KANKARIYA JWELLERS CIDCO NASHIK ","phone":9768975451,"owner":"Tushar javerilal chhajed","registeredBeds":5,"icuBeds":null,"generalBeds":null,"mjpjay":null,"category":"Private","geocodeConfidence":"LOW"}},{"type":"Feature","geometry":{"type":"Point","coordinates":[73.758278,19.950068]},"properties":{"name":"Dr. Pawr's Mother Baby Car Nursing Home","facilityType":"CHILD CARE HOSPITAL","address":"Plot No 11 S. no 326/1/1/2 Near Nashik chowpati Hotel Pathardi Phata Nashik ","phone":9637114435,"owner":"Dr. Anand Pundlik Pawar ","registeredBeds":10,"icuBeds":null,"generalBeds":null,"mjpjay":null,"category":"Private","geocodeConfidence":"HIGH"}},{"type":"Feature","geometry":{"type":"Point","coordinates":[73.7698069,19.9642261]},"properties":{"name":"Shree Hospital","facilityType":"HOSPITAL","address":"206, 3rd Floor  Star Plus Mall A. Near Hotel Durga Garden Nashik Road Nashik","phone":9850226022,"owner":"Dr. Arun Bhaundas Thorat ","registeredBeds":7,"icuBeds":null,"generalBeds":null,"mjpjay":null,"category":"Private","geocodeConfidence":"HIGH"}},{"type":"Feature","geometry":{"type":"Point","coordinates":[73.7839866,19.9870794]},"properties":{"name":"RETINA EYE CARE AND SAMARTHA HISTODIGANOSTICS","facilityType":"EYE","address":"617/618, Sixth Floor Roongtha Supermus, Near Divya Marathi Office, Shrihari Kute Marg, Mumbsi Naka   NASHIK","phone":98238997633,"owner":"Dr. Ganesh Yuraj Bhamre ","registeredBeds":10,"icuBeds":null,"generalBeds":null,"mjpjay":null,"category":"Private","geocodeConfidence":"LOW"}},{"type":"Feature","geometry":{"type":"Point","coordinates":[73.7480627,19.9831142]},"properties":{"name":"KAKATKAR HOSPITAL & JAY HOSPITAL PVT LTD","facilityType":"ORTHOPEDIC  HOSPITAL","address":"OPP KHVTWADNAGAR POLICE STATION KHUTWADNAGAR NASHIK-422007","phone":9822038157,"owner":"Dr. Vijay Ramkrushan Katkar ","registeredBeds":60,"icuBeds":null,"generalBeds":null,"mjpjay":null,"category":"Private","geocodeConfidence":"LOW"}},{"type":"Feature","geometry":{"type":"Point","coordinates":[73.836082,19.953202]},"properties":{"name":"Omkar ENT Hospital","facilityType":"ENT","address":"7 th Floor S.K. Empire Near Ved Manidir Mico Circle Trimbak Road Nashik ","phone":9224507915,"owner":"Dr. Mukesh Dhanraj More ","registeredBeds":30,"icuBeds":null,"generalBeds":null,"mjpjay":null,"category":"Private","geocodeConfidence":"HIGH"}},{"type":"Feature","geometry":{"type":"Point","coordinates":[73.7698069,19.9642261]},"properties":{"name":"Shree Krishna Hospital","facilityType":"HOSPITAL","address":"Kuber Nagar Beside Kuber Petrol Pump Papaya Nursery satpur  Trimbak Road Nashik","phone":9764266335,"owner":"Dr. Vindod Dattatray Shelar ","registeredBeds":24,"icuBeds":null,"generalBeds":null,"mjpjay":null,"category":"Private","geocodeConfidence":"HIGH"}},{"type":"Feature","geometry":{"type":"Point","coordinates":[73.7793941,20.0008083]},"properties":{"name":"PANACEA HOSPITAL(MATERNITY & IVF CENTRE )","facilityType":"MATERNITY","address":"PLOT NO9 SURVEY NO 649/A/1/20/A B/H KULKARNI GARDEN SHARANPUR ROAD NASHIK -422005","phone":9850816255,"owner":"Dr. Kavita Kunal Darade ","registeredBeds":10,"icuBeds":null,"generalBeds":null,"mjpjay":null,"category":"Private","geocodeConfidence":"LOW"}},{"type":"Feature","geometry":{"type":"Point","coordinates":[73.716125,19.987444]},"properties":{"name":"BHADANE MATERNITY HOSPITAL","facilityType":"MATERNITY","address":"C/O SHREE SAINATH MULLTISPECIALITY HOSPITAL ASHOKNAGAR SATPUR NASHIK","phone":"7972927489/ 9822812969","owner":"DR.PANKAJ PUNDLIK BHADANE ","registeredBeds":3,"icuBeds":null,"generalBeds":null,"mjpjay":null,"category":"Private","geocodeConfidence":"HIGH"}},{"type":"Feature","geometry":{"type":"Point","coordinates":[73.9934613,19.8423836]},"properties":{"name":"SHRIRAM SUPER SPECIALITY EYE HOSPITAL","facilityType":"EYE","address":"402/ 403/404 4TH FLOOR, S.K.EMPIRE,NR VED MANDIR, MICO CIRCLE, TIDKE COLONY , NASHIK.","phone":7977750899,"owner":"DR ARPIT ANIL SHAH","registeredBeds":5,"icuBeds":null,"generalBeds":null,"mjpjay":null,"category":"Private","geocodeConfidence":"MEDIUM"}},{"type":"Feature","geometry":{"type":"Point","coordinates":[73.7614439,20.0064637]},"properties":{"name":"AGRAWAL HEALTH CARE LTD","facilityType":"HOSPITAL","address":"2NF FLOOR, SHRADDHA MALL, COLLEGE ROAD NASHIK.","phone":9822058671,"owner":"DR SHARAD RAJARAM PATIL","registeredBeds":3,"icuBeds":null,"generalBeds":null,"mjpjay":null,"category":"Private","geocodeConfidence":"LOW"}},{"type":"Feature","geometry":{"type":"Point","coordinates":[73.7935717,20.0066847]},"properties":{"name":"SANGALE HOSPITAL","facilityType":"HOSPITAL","address":"SR. NO. 159/1/1B/2 TARWALA NAGAR, SWASTIK NAGAR MERI AMRUTDHAM LINK ROAD PANCHAVATI NASHIK","phone":9422263927,"owner":"DR DHANAJAY ARVIND SANGALE/ DR. GAYTRI DHANANJAY SANGALE (ROKDE)","registeredBeds":15,"icuBeds":null,"generalBeds":null,"mjpjay":null,"category":"Private","geocodeConfidence":"LOW"}},{"type":"Feature","geometry":{"type":"Point","coordinates":[73.7839866,19.9870794]},"properties":{"name":"Heart Sanjivani Centers  Nectar  The Cancer Institut","facilityType":"HEART INSTITUTE","address":"7th & 8th floor Samraat Nucleus Bulilding Bhabha Nager Mumbai Naka Nashik-422011","phone":94227550033,"owner":"Dr. Sanjay vasantrao Patil","registeredBeds":50,"icuBeds":null,"generalBeds":null,"mjpjay":null,"category":"Private","geocodeConfidence":"LOW"}},{"type":"Feature","geometry":{"type":"Point","coordinates":[73.7888249,19.9872213]},"properties":{"name":"SINUS MEDICOVER HOSPITAL","facilityType":"ORTHOPEDIC HOSPITAL","address":"SURVEY NO 574/2, SAINE MAX, NER PANCHAMI HOTEL, BHABHA NAGAR NASHIK.","phone":"9975150751/7972233915","owner":"Dr. Sachin Vijay Trimbake ","registeredBeds":30,"icuBeds":null,"generalBeds":null,"mjpjay":null,"category":"Private","geocodeConfidence":"LOW"}},{"type":"Feature","geometry":{"type":"Point","coordinates":[73.8337,19.970342]},"properties":{"name":"Jivan Jyoti Multspeciallist Hospital","facilityType":"MULTISPECIALITY","address":"4th Floor Star Plus Mall Durga Garden Hotel Rajnigndha Muktidham Road Nashik Road  ","phone":"8888327370 /7558276639","owner":"Dr. Kishor Monohar Mahske ","registeredBeds":15,"icuBeds":null,"generalBeds":null,"mjpjay":null,"category":"Private","geocodeConfidence":"MEDIUM"}},{"type":"Feature","geometry":{"type":"Point","coordinates":[73.7581059,19.9566521]},"properties":{"name":"Vrundavan Mulitspeciality Hospital","facilityType":"MULTISPECIALITY","address":"6 Floor Anat Aarchad Behind Rayba Hotel, Devlali Road Pathardi Phata Nashik ","phone":7049121314,"owner":"Dr. Darshan Daulat Jadhav ","registeredBeds":50,"icuBeds":null,"generalBeds":null,"mjpjay":null,"category":"Private","geocodeConfidence":"LOW"}},{"type":"Feature","geometry":{"type":"Point","coordinates":[73.7799472,19.9964383]},"properties":{"name":"Shreeji  Medicity Hospital","facilityType":"HOSPITAL","address":"Next To Wasan Bajaj Mumbai Naka Nashik ","phone":9850135999,"owner":"dr. Vishwanath Sadashiv Patil ","registeredBeds":100,"icuBeds":null,"generalBeds":null,"mjpjay":null,"category":"Private","geocodeConfidence":"MEDIUM"}},{"type":"Feature","geometry":{"type":"Point","coordinates":[73.7551263,19.981838]},"properties":{"name":"Chaudhari Hospital","facilityType":"HOSPITAL","address":"Plot No. 7 Sr.No. 244/5/8 RasBihari-mari Link Road  Panchavti Nashik ","phone":"9222934393/9975833901","owner":"Dr. Sandip Tarachand Chaudhari ","registeredBeds":20,"icuBeds":null,"generalBeds":null,"mjpjay":null,"category":"Private","geocodeConfidence":"HIGH"}},{"type":"Feature","geometry":{"type":"Point","coordinates":[73.7698069,19.9642261]},"properties":{"name":"shree  Parth  Hospital And Nursing Home","facilityType":"HOSPITAL","address":"S.R. 207/1/2/ Plot NO 47 Shri Parth Krushana Complex Banarasi Nagar Harawadi Panchavti Nashik  ","phone":9370529653,"owner":"Dr. Nilesh Gulabrao Bhamare ","registeredBeds":15,"icuBeds":null,"generalBeds":null,"mjpjay":null,"category":"Private","geocodeConfidence":"HIGH"}},{"type":"Feature","geometry":{"type":"Point","coordinates":[73.7551263,19.981838]},"properties":{"name":"Dr. Chaudhari'S Maternity & Multispeiality Hospital","facilityType":"MATERNITY &MULTISPECIALITY","address":"S.K Empire 5th Floor Ner Ved Mandir Trimbakeshwar Road Nashik 422002","phone":"9960308585/ 9423384419","owner":"Dr. Shenhal Pramod Chaudhari ","registeredBeds":30,"icuBeds":null,"generalBeds":null,"mjpjay":null,"category":"Private","geocodeConfidence":"MEDIUM"}},{"type":"Feature","geometry":{"type":"Point","coordinates":[73.7839866,19.9870794]},"properties":{"name":"Kims Manavata Nursing Home & Hospital","facilityType":"HOSPITAL","address":"Mumbai Naka RenukaNagar Nashik ","phone":9823061929,"owner":"Dr. Raj Vasantrao Nagarkar ","registeredBeds":300,"icuBeds":null,"generalBeds":null,"mjpjay":null,"category":"Private","geocodeConfidence":"LOW"}},{"type":"Feature","geometry":{"type":"Point","coordinates":[73.7935717,20.0066847]},"properties":{"name":"Rayate Hospital  & Maternity Home","facilityType":"MATERNITY","address":"Sr.No. 256/2 Near Park Side Bali Mandir Panchvati ","phone":7588569555,"owner":"Dr. Priya Manoj Rayate ","registeredBeds":16,"icuBeds":null,"generalBeds":null,"mjpjay":null,"category":"Private","geocodeConfidence":"LOW"}},{"type":"Feature","geometry":{"type":"Point","coordinates":[73.4130156,20.0251185]},"properties":{"name":"CCIMS HOSPITAL CURE N CAARE INSTITUTE OF MEDICINE AND SURGERY","facilityType":"HOSPITAL","address":"SR.NO. 504/1, CCIMS Hospital jatra chowk, Adgaon Nashik ","phone":"7387608504/8237375672","owner":"Dr. Vishwas Harichandra Vidhate ","registeredBeds":30,"icuBeds":null,"generalBeds":null,"mjpjay":null,"category":"Private","geocodeConfidence":"LOW"}},{"type":"Feature","geometry":{"type":"Point","coordinates":[73.757975,19.971831]},"properties":{"name":"Shri Sai Nursing Home","facilityType":"HOSPITAL","address":"Plot No. 18, D-2, Ashadh Mahakali Chowk saibaba Nagar Cidco Nishik ","phone":7020335331,"owner":"Dr. Vishal Ashokrao Hire ","registeredBeds":5,"icuBeds":null,"generalBeds":null,"mjpjay":null,"category":"Private","geocodeConfidence":"HIGH"}},{"type":"Feature","geometry":{"type":"Point","coordinates":[74.5167034,20.5645258]},"properties":{"name":"Mauli Hospital","facilityType":"HOSPITAL","address":"Plot No. 2 , survey no. 31/4/1-5,  Gokul nagari , Near Prabhu Empire  shri shri Ravishankar Marg, Nashik","phone":9326171707,"owner":"Dr. Nikhal Pandurang Sonawane","registeredBeds":15,"icuBeds":null,"generalBeds":null,"mjpjay":null,"category":"Private","geocodeConfidence":"HIGH"}},{"type":"Feature","geometry":{"type":"Point","coordinates":[73.8106236,19.9778567]},"properties":{"name":"MUKTAI HOSPITAL","facilityType":"HOSPITAL","address":"Plot  No. 3, Sr.No. 54/1, Agrtakli Shiwar Nashik Pune  Road NashikRoad Nashik ","phone":8983055580,"owner":"Dr. Chetan S. Patil ","registeredBeds":50,"icuBeds":null,"generalBeds":null,"mjpjay":null,"category":"Private","geocodeConfidence":"HIGH"}},{"type":"Feature","geometry":{"type":"Point","coordinates":[73.842948,20.020528]},"properties":{"name":"Vishwakamal Maternity & Children Home","facilityType":"MATERNITY","address":"Shriram Nagar BSNL Office Jatra Chaufuli, Nandur Link Road Adgaon Shiwar  Nashik ","phone":"7588710175/ 7745010416","owner":"Dr. Hemraj Vishwas Dhondge ","registeredBeds":10,"icuBeds":null,"generalBeds":null,"mjpjay":null,"category":"Private","geocodeConfidence":"HIGH"}},{"type":"Feature","geometry":{"type":"Point","coordinates":[73.7899759,19.9884752]},"properties":{"name":"Red Panda Health Care","facilityType":"HOSPITAL","address":"S.K. Empayear building Ved Mandir Trimbak Raod Nashik ","phone":8888832278,"owner":"Dr. Mangesh Daultrao Chavan ","registeredBeds":5,"icuBeds":null,"generalBeds":null,"mjpjay":null,"category":"Private","geocodeConfidence":"MEDIUM"}},{"type":"Feature","geometry":{"type":"Point","coordinates":[73.7711187,19.9984105]},"properties":{"name":"Mediwsta Hospital","facilityType":"HOSPITAL","address":"Plot No. 1 Sr.No. 47/1, Near Samraat Tropicano Serene Meadows  Aandvali Shiwar Gangapur Road Nashik ","phone":9699405722,"owner":"Dr. Rahul Patil ","registeredBeds":5,"icuBeds":null,"generalBeds":null,"mjpjay":null,"category":"Private","geocodeConfidence":"MEDIUM"}},{"type":"Feature","geometry":{"type":"Point","coordinates":[73.8417881,19.9762811]},"properties":{"name":"New Life Hospital","facilityType":"HOSPITAL","address":"Plot no. 3 Sr.No. 86/5A/2 Dream Castle Singal Makhamalabad Road Panchavti Nashik  ","phone":9923220048,"owner":"Dr. Sandesh Luxman Rundal ","registeredBeds":30,"icuBeds":null,"generalBeds":null,"mjpjay":null,"category":"Private","geocodeConfidence":"HIGH"}},{"type":"Feature","geometry":{"type":"Point","coordinates":[73.7630754,20.0128514]},"properties":{"name":"Joshi Hospital & IVE Center","facilityType":"IVF CENTER","address":"3rd floor,shree Ganesh universe Pipeline Road   Nashik - 13","phone":9890211147,"owner":"Dr. Padmaja Salyen Joshi ","registeredBeds":5,"icuBeds":null,"generalBeds":null,"mjpjay":null,"category":"Private","geocodeConfidence":"MEDIUM"}},{"type":"Feature","geometry":{"type":"Point","coordinates":[73.8377867,19.9499478]},"properties":{"name":"Kasar Hospital & Maternity Home","facilityType":"MATERNITY","address":"Plot No. 17, sr.no.237/3/A/19, Moti Mahal Shahushri Path Near Star Plus Mall Nashik Road Nashik ","phone":8852731959,"owner":"Dr. Sagar Radhakrushana Kasar ","registeredBeds":10,"icuBeds":null,"generalBeds":null,"mjpjay":null,"category":"Private","geocodeConfidence":"HIGH"}},{"type":"Feature","geometry":{"type":"Point","coordinates":[73.826325,20.009716]},"properties":{"name":"My Kanha Children Hospital","facilityType":"CHILD CARE HOSPITAL","address":"Rughatha Belavista Apt. Shop No. 115, P.No. 2A+2B+2C Govind Nagar Mumbai Agra Road Nashik ","phone":8010506337,"owner":"Dr. Ajinkay Surybhan Rupnar ","registeredBeds":5,"icuBeds":null,"generalBeds":null,"mjpjay":null,"category":"Private","geocodeConfidence":"MEDIUM"}},{"type":"Feature","geometry":{"type":"Point","coordinates":[73.7793088,19.9833412]},"properties":{"name":"Nirgude Eye hospital","facilityType":"EYE","address":"R.D. Circle Karmyogi Nagar Govind Nagar Nashik ","phone":8308567878,"owner":"Dr. Avidatta Keshav Nirgude","registeredBeds":2,"icuBeds":null,"generalBeds":null,"mjpjay":null,"category":"Private","geocodeConfidence":"LOW"}},{"type":"Feature","geometry":{"type":"Point","coordinates":[73.8069034,20.009571]},"properties":{"name":"Matrutav Hospital","facilityType":"HOSPITAL","address":"Bali Mandir Chowk Nashik ","phone":"8793588480/ 9111336654","owner":"DR. Kishor Youraj More ","registeredBeds":15,"icuBeds":null,"generalBeds":null,"mjpjay":null,"category":"Private","geocodeConfidence":"LOW"}},{"type":"Feature","geometry":{"type":"Point","coordinates":[73.7839866,19.9870794]},"properties":{"name":"Shree Vishvgandha Ayurved Multispeciality & Panchakarma Center","facilityType":"MULTISPECIALITY","address":"Chowk No.2 Prakash Petrol Pump New Vishwas Bank Govindnagar ","phone":9370058513,"owner":"Dr. Amol Ashok Suryanwanshi ","registeredBeds":10,"icuBeds":null,"generalBeds":null,"mjpjay":null,"category":"Private","geocodeConfidence":"LOW"}},{"type":"Feature","geometry":{"type":"Point","coordinates":[73.7711187,19.9984105]},"properties":{"name":"Goda Medicare Super Specility Hospital","facilityType":"HOSPITAL","address":"Sr.No. 574/2 Near Panchm Hotel Mumbai Naka Nashik ","phone":null,"owner":"Dr. Dinesh Dole","registeredBeds":35,"icuBeds":null,"generalBeds":null,"mjpjay":null,"category":"Private","geocodeConfidence":"MEDIUM"}},{"type":"Feature","geometry":{"type":"Point","coordinates":[73.836082,19.953202]},"properties":{"name":"Omkar Balrugnalya & Maternity Hospital","facilityType":"MATERNITY & CHILD CARE  HOSPITAL","address":"B-53, Opposite Hire Garden State Employee Co.Op. Society Ashok Nagar Satpur Nashik ","phone":9822210477,"owner":"Dr. Sandeep Mothabau Bhamare ","registeredBeds":15,"icuBeds":null,"generalBeds":null,"mjpjay":null,"category":"Private","geocodeConfidence":"MEDIUM"}},{"type":"Feature","geometry":{"type":"Point","coordinates":[73.7142323,19.9814475]},"properties":{"name":"Vasundhara Cancer Clinic & D Care Center","facilityType":"CANCER CENTERS","address":"4TH FLOOR, SK EMPIRE BUILDING, OPP. DHAMANKAR CORNER, TRIMBAK ROAD, NASHIK","phone":7057260833,"owner":"DR. NAGESH MADNOORKAR","registeredBeds":4,"icuBeds":null,"generalBeds":null,"mjpjay":null,"category":"Private","geocodeConfidence":"LOW"}},{"type":"Feature","geometry":{"type":"Point","coordinates":[73.8167,19.9717777]},"properties":{"name":"Ashoka Women and Children Hospital (A Unit of AIMSAR)","facilityType":"CHILD CARE HOSPITAL","address":"Survey. No 113/2 A, Plot No 2+3, Wadala, Indira Nagar, Nashik-422009, Maharashtra ","phone":9890493750,"owner":"Dr. Sushil Ramanlal Parakh","registeredBeds":115,"icuBeds":null,"generalBeds":null,"mjpjay":null,"category":"Private","geocodeConfidence":"LOW"}},{"type":"Feature","geometry":{"type":"Point","coordinates":[73.8026547,19.9932524]},"properties":{"name":"Hridayam Multispeciality Hospital","facilityType":"MULTISPECIALITY","address":"SR. NO. 492/2, PLOT NO. 2/3, MAYUR PLAZA, 2ND FLOOR, NEAR KANDA BATATA BHAVAN, DWARKA, NASHIK 422001","phone":7350010776,"owner":" Dr. UNNATI RAGHUNATH PILLORE","registeredBeds":25,"icuBeds":null,"generalBeds":null,"mjpjay":null,"category":"Private","geocodeConfidence":"LOW"}},{"type":"Feature","geometry":{"type":"Point","coordinates":[73.7781725,19.9619953]},"properties":{"name":"karunya Hospital","facilityType":"HOSPITAL","address":"Shop No. 3, Shreeji Plaza, Opp. Metro Zone, Wadala-Pathardi Road, Nashik","phone":9860145246,"owner":"Dr. Ganesh Santosh Pawar","registeredBeds":10,"icuBeds":null,"generalBeds":null,"mjpjay":null,"category":"Private","geocodeConfidence":"LOW"}},{"type":"Feature","geometry":{"type":"Point","coordinates":[73.8418277,19.9756586]},"properties":{"name":"Shree Samarth Hospital","facilityType":"HOSPITAL","address":"Sr.No. 224/A Rajashree Plaza Ashok Nagar Satpur Nashik ","phone":9850607765,"owner":"Dr. Kailas Laxman Mahajan ","registeredBeds":31,"icuBeds":null,"generalBeds":null,"mjpjay":null,"category":"Private","geocodeConfidence":"HIGH"}},{"type":"Feature","geometry":{"type":"Point","coordinates":[73.7852164,19.9869925]},"properties":{"name":"Partanis EYE Care And Nursing Home","facilityType":"EYE","address":"202 P, 203 Shree Kalika Plaza  Near Kalika Mandir  Old Agra Road Nashik ","phone":9860040607,"owner":"Dr. Sarika Sharad Partani","registeredBeds":4,"icuBeds":null,"generalBeds":null,"mjpjay":null,"category":"Private","geocodeConfidence":"MEDIUM"}},{"type":"Feature","geometry":{"type":"Point","coordinates":[73.7839866,19.9870794]},"properties":{"name":"Westerns Skin & Plastic Surgery Center","facilityType":"SKIN PLASTIC SURGERY CENTER","address":"Business plus, A201, Ahilyadevi Holkar Rd, near Taxi stand, Mumbai Naka,","phone":null,"owner":"Dr. Nilesh Suresh Patil ","registeredBeds":null,"icuBeds":null,"generalBeds":null,"mjpjay":null,"category":"Private","geocodeConfidence":"LOW"}},{"type":"Feature","geometry":{"type":"Point","coordinates":[73.7376531,20.0004922]},"properties":{"name":"Agastya Hospital","facilityType":"HOSPITAL","address":"प्लाॅट नं 09,महिंद्रा गेट जवळ,श्रमिक नगर ,सातपूर 422007","phone":" 7028136366","owner":"Dr. Vidya Chetan Nikam ","registeredBeds":15,"icuBeds":null,"generalBeds":null,"mjpjay":null,"category":"Private","geocodeConfidence":"LOW"}},{"type":"Feature","geometry":{"type":"Point","coordinates":[73.7899652,19.9878041]},"properties":{"name":"Sanskar Maternity Home","facilityType":"MATERNITY","address":"Sr. No. 509 P.No 2 & 3 Ram Plza Bhabha Nagar Nashik ","phone":8329179644,"owner":"Dr. Swati Kiran Bendale ","registeredBeds":5,"icuBeds":null,"generalBeds":null,"mjpjay":null,"category":"Private","geocodeConfidence":"HIGH"}},{"type":"Feature","geometry":{"type":"Point","coordinates":[73.7581059,19.9566521]},"properties":{"name":"Vakratunda Hospital Pvt. Ltd.","facilityType":"HOSPITAL","address":"Sr. no. 318/1/3, The wellness square, 3rd, 4th, 5th, Floor, pathardi -deolali road, pathardi phata, Nashik - 422010 ","phone":7755917596,"owner":"Dr Sarjerao Shivaji Fatangare.","registeredBeds":120,"icuBeds":null,"generalBeds":null,"mjpjay":null,"category":"Private","geocodeConfidence":"LOW"}},{"type":"Feature","geometry":{"type":"Point","coordinates":[73.8055476,20.0653533]},"properties":{"name":"Deshmukh Maternity And Nursing Home","facilityType":"MATERNITY","address":"Opp. Kakasaheb Deodhar School, Behind Reliance Petrol Pump, Dindori Road, Mhasrul, Nashik","phone":9922314230,"owner":" Dr. Prashant Bhausaheb Deshmukh & Dr. Kumudini Prashant Deshmukh","registeredBeds":" 15","icuBeds":null,"generalBeds":null,"mjpjay":null,"category":"Private","geocodeConfidence":"LOW"}},{"type":"Feature","geometry":{"type":"Point","coordinates":[73.9934613,19.8423836]},"properties":{"name":"RELIABLE SUPER SPECIALITY HOSPITAL.","facilityType":"HOSPITAL","address":"sr no.442/A/1 plot no 2+3 ,reliable commercial complex. 2nd & 3rd floor A wing..Satpur- Ambad link road.Datt mandir chowk.Nashik 422007.","phone":9637284099,"owner":"Dr.Mohan Anantrao Pawar.","registeredBeds":40,"icuBeds":null,"generalBeds":null,"mjpjay":null,"category":"Private","geocodeConfidence":"HIGH"}},{"type":"Feature","geometry":{"type":"Point","coordinates":[73.7753498,19.9417237]},"properties":{"name":"Sulila Nursing Home","facilityType":"HOSPITAL","address":"401, Karma Avenue, B Wing, Above First Cry, Pathardi Deolali Road, Pathardi, Nashik","phone":9730115444,"owner":"Dr. Shruti Tushar Sonawane","registeredBeds":15,"icuBeds":null,"generalBeds":null,"mjpjay":null,"category":"Private","geocodeConfidence":"LOW"}},{"type":"Feature","geometry":{"type":"Point","coordinates":[73.4130156,20.0251185]},"properties":{"name":"MVP Samaj's Ayurved Hospital and Research Centre, Adgaon, Nashik","facilityType":"AYURVED HOSPITAL","address":"MVP Samaj's Ayurved Hospital and Research Centre, Dr. Vasantrao Pawar Medical College Campus, Adgaon, Nashik 422003","phone":9860059917,"owner":"Adv. NITIN BABURAO THAKARE","registeredBeds":100,"icuBeds":null,"generalBeds":null,"mjpjay":null,"category":"Private","geocodeConfidence":"LOW"}},{"type":"Feature","geometry":{"type":"Point","coordinates":[73.760748,20.0238811]},"properties":{"name":"PARAKH IVF FERTILITY CENTRE","facilityType":"IVF CENTER","address":"405+406 Fourth Floor, Artis, Karmayogi Nagar, Nashik 422008","phone":9881062575,"owner":"Dr. ARATI SWAPNIL PARAKH","registeredBeds":2,"icuBeds":null,"generalBeds":null,"mjpjay":null,"category":"Private","geocodeConfidence":"LOW"}},{"type":"Feature","geometry":{"type":"Point","coordinates":[73.7654174,20.0096719]},"properties":{"name":"Dr.Deshmukh's Amrut Superspeciality Hospital","facilityType":"HOSPITAL","address":"Plot No. 44, Udoji Maratha Bording Road, Near Bagul Hospital, Prasad Circle, Gangapur Road, Nashik, 422013.","phone":" 9359313161","owner":" Suraj Chandrabhan Deshmukh","registeredBeds":10,"icuBeds":null,"generalBeds":null,"mjpjay":null,"category":"Private","geocodeConfidence":"LOW"}},{"type":"Feature","geometry":{"type":"Point","coordinates":[73.7064476,19.996016]},"properties":{"name":"Shree Sai Samarth Hospital","facilityType":"HOSPITAL","address":"44, Janta Raja Colony, Makhamalabad Road, Panchavati, Nashik","phone":7038276699,"owner":"Dr. Rohan Ramesh Darekar","registeredBeds":15,"icuBeds":null,"generalBeds":null,"mjpjay":null,"category":"Private","geocodeConfidence":"HIGH"}},{"type":"Feature","geometry":{"type":"Point","coordinates":[73.7899652,19.9878041]},"properties":{"name":"Tulip Multi Speciality Hospital","facilityType":"HOSPITAL","address":"Radhakrishna Apartment, Abhiyanta Naksh Colony, Savarkar Nagar, Gangapur Road, Nashik","phone":" 9869989315","owner":"Dr. Manoj Damodar More","registeredBeds":30,"icuBeds":null,"generalBeds":null,"mjpjay":null,"category":"Private","geocodeConfidence":"HIGH"}},{"type":"Feature","geometry":{"type":"Point","coordinates":[73.8149915,20.0142611]},"properties":{"name":"GROWLIFE WELLNESS SUPERSPECIALITY HOSPITAL","facilityType":"HOSPITAL","address":"S.R NO-47/1/1,Nyasa Business Centre,Opp Yugandhar Petrol pump,Makhamalabad Road,Nashik-422003","phone":" 9167240539","owner":"Dr.Sanket Dnyaneshwar Hagwane","registeredBeds":50,"icuBeds":null,"generalBeds":null,"mjpjay":null,"category":"Private","geocodeConfidence":"LOW"}},{"type":"Feature","geometry":{"type":"Point","coordinates":[73.7800531,19.9888741]},"properties":{"name":"DR .YERMALKAR'S CHIRANJEEV HOSPITAL","facilityType":"HOSPITAL","address":"plot no 43, opposite strawberry preschool, rajeevnagar ,nashik ","phone":"7447518112/ 8275084260","owner":"SAMEER SUDHIR YERMALKAR","registeredBeds":15,"icuBeds":null,"generalBeds":null,"mjpjay":null,"category":"Private","geocodeConfidence":"HIGH"}},{"type":"Feature","geometry":{"type":"Point","coordinates":[73.7818026,20.037304]},"properties":{"name":"Leelavati Aspire Hospital","facilityType":"HOSPITAL","address":"Plot No. 3, Gangapur Shivar, Shivaji Nagar, Nashik","phone":9403815177,"owner":"Dr. Kaustubh Kiran Patil","registeredBeds":50,"icuBeds":null,"generalBeds":null,"mjpjay":null,"category":"Private","geocodeConfidence":"HIGH"}},{"type":"Feature","geometry":{"type":"Point","coordinates":[74.5193322,20.558247]},"properties":{"name":"Child Care Hospital","facilityType":"HOSPITAL","address":"Chid Care Hospital,5,Ravi Renaissance, Khanderao Nagar, Pathardi Phata, Nashik","phone":" 7981860116","owner":" Dr Pankaj Laxman Chavan","registeredBeds":5,"icuBeds":null,"generalBeds":null,"mjpjay":null,"category":"Private","geocodeConfidence":"MEDIUM"}},{"type":"Feature","geometry":{"type":"Point","coordinates":[73.9934613,19.8423836]},"properties":{"name":"Tulsai Super Speciality Hospital","facilityType":"HOSPITAL","address":"SUYOJIT SHIVA COMPLEX PAUSH SEC, PLOT ,5.6 LEKHA NAGER OPPOSITE  LEKHANAGAER BUS STOP LEKHANAGER CIDCO NASHIK 422009","phone":8530308127,"owner":"Dr. Saurabha Vijay Jagtap ","registeredBeds":30,"icuBeds":null,"generalBeds":null,"mjpjay":null,"category":"Private","geocodeConfidence":"HIGH"}},{"type":"Feature","geometry":{"type":"Point","coordinates":[74.5193322,20.558247]},"properties":{"name":"Isha Woman Care Hospital","facilityType":"HOSPITAL","address":"Old Upadhy Hospital Prasad Carcial City Link Colony Gangapur Road Nashik ","phone":9324385347,"owner":"DR. SACHIN SHIVAJI GAWALE","registeredBeds":8,"icuBeds":null,"generalBeds":null,"mjpjay":null,"category":"Private","geocodeConfidence":"MEDIUM"}},{"type":"Feature","geometry":{"type":"Point","coordinates":[73.7738478,20.0071079]},"properties":{"name":"SHIVAM HOSPITAL","facilityType":"HOSPITAL","address":"PLOT NO. 36 SR.NO. 199/A BEHIND MAHADEV MANDIR SHRAMIK NAGAR SATPUR NASHIK ","phone":9922197772,"owner":"DR. SWAPNIL TUKARAM MAHAJAN ","registeredBeds":10,"icuBeds":null,"generalBeds":null,"mjpjay":null,"category":"Private","geocodeConfidence":"HIGH"}},{"type":"Feature","geometry":{"type":"Point","coordinates":[73.7691033,20.0082442]},"properties":{"name":"KaushalyaLiver &Gastro Hospital","facilityType":"HOSPITAL","address":"601, ONE GANGAPUR RILAYANCE DIGITAL JEHAN CIRCEL GANGAPUR ROAD NASHIK ","phone":9082790824,"owner":"Dr. Mahesh Sudhakarrao Mangulkar ","registeredBeds":2,"icuBeds":null,"generalBeds":null,"mjpjay":null,"category":"Private","geocodeConfidence":"LOW"}}]}