{"type":"FeatureCollection","features":[{"type":"Feature","geometry":{"type":"Point","coordinates":[73.7926246,20.0077761]},"properties":{"Taluka":"Nashik","Zone":"Panchavati","Category":"Mandir / Temple","Name":"Ahilyaram Temple","Type":"Hindu Temple","Rating":"4.5","Review Count":"19","Phone":"070207 28811","Address":"2Q5V+42R Ahilya ram Temple, Kapaleshwer Road, Panchavati, Nashik, Maharashtra 422003, India","Maps Link":"https://maps.google.com/?cid=15342128131310876945&g_mp=Cidnb29nbGUubWFwcy5wbGFjZXMudjEuUGxhY2VzLlNlYXJjaFRleHQQAhgEIAA"}},{"type":"Feature","geometry":{"type":"Point","coordinates":[73.7926461,20.0080115]},"properties":{"Taluka":"Nashik","Zone":"Panchavati","Category":"Mandir / Temple","Name":"Ardha Nari Shiv Mandir","Type":"Place of Worship","Rating":"4.7","Review Count":"7","Address":"2Q5V+632, Panchavati, Nashik, Maharashtra 422003, India","Opening Hours":"Monday: 8:00 AM – 6:00 PM | Tuesday: 8:00 AM – 6:00 PM | Wednesday: 8:00 AM – 6:00 PM | Thursday: 8:00 AM – 6:00 PM | Friday: 8:00 AM – 6:00 PM | Saturday: 8:00 AM – 6:00 PM | Sunday: 8:00 AM – 6:00 PM","Maps Link":"https://maps.google.com/?cid=5113088156781525535&g_mp=Cidnb29nbGUubWFwcy5wbGFjZXMudjEuUGxhY2VzLlNlYXJjaFRleHQQAhgEIAA"}},{"type":"Feature","geometry":{"type":"Point","coordinates":[73.7922306,20.009833]},"properties":{"Taluka":"Nashik","Zone":"Panchavati","Category":"Mandir / Temple","Name":"Arya Samaj Mandir","Type":"Hindu Temple","Rating":"4.4","Review Count":"11","Phone":"098225 22833","Address":"2Q5R+WVQ, Malegaon Stand, Panchavati, Nashik, Maharashtra 422003, India","Opening Hours":"Monday: 8:00 AM – 8:00 PM | Tuesday: 8:00 AM – 8:00 PM | Wednesday: 8:00 AM – 8:00 PM | Thursday: 8:00 AM – 8:00 PM | Friday: 8:00 AM – 8:00 PM | Saturday: 8:00 AM – 8:00 PM | Sunday: 8:00 AM – 8:00 PM","Maps Link":"https://maps.google.com/?cid=13649124381544524068&g_mp=Cidnb29nbGUubWFwcy5wbGFjZXMudjEuUGxhY2VzLlNlYXJjaFRleHQQAhgEIAA"}},{"type":"Feature","geometry":{"type":"Point","coordinates":[73.8053295,20.0033763]},"properties":{"Taluka":"Nashik","Zone":"Panchavati","Category":"Mandir / Temple","Name":"BAPS Shri Swaminarayan Mandir Nashik","Type":"Hindu Temple","Rating":"4.7","Review Count":"3451","Phone":"089999 18999","Address":"Kevadivan, B, H Dental Collage, Agra - Mumbai Hwy, Panchavati, Nashik, Maharashtra 422003, India","Website":"http://baps.org/","Opening Hours":"Monday: 6:00 AM – 12:00 PM, 4:00 – 8:45 PM | Tuesday: 6:00 AM – 12:00 PM, 4:00 – 8:45 PM | Wednesday: 6:00 AM – 12:00 PM, 4:00 – 8:45 PM | Thursday: 6:00 AM – 12:00 PM, 4:00 – 8:45 PM | Friday: 6:00 AM – 12:00 PM, 4:00 – 8:45 PM | Saturday: 6:00 AM – 12:00 PM, 4:00 – 8:45 PM | Sunday: 6:00 AM – 12:00 PM, 4:00 – 8:45 PM","Maps Link":"https://maps.google.com/?cid=12300680090962759949&g_mp=Cidnb29nbGUubWFwcy5wbGFjZXMudjEuUGxhY2VzLlNlYXJjaFRleHQQAhgEIAA"}},{"type":"Feature","geometry":{"type":"Point","coordinates":[73.7918624,20.0056093]},"properties":{"Taluka":"Nashik","Zone":"Panchavati","Category":"Mandir / Temple","Name":"Balaji Mandir","Type":"Hindu Temple","Rating":"4.6","Review Count":"285","Address":"919, Balaji Mandir, Kapad Peth, Saraf Bazar, Near Ram Setu Bridge, Bhandi Bazar, Saraf Bazar, Panchavati, Nashik, Maharashtra 422001, India","Opening Hours":"Monday: 7:30 AM – 12:45 PM, 4:00 – 9:00 PM | Tuesday: 7:30 AM – 12:45 PM, 4:00 – 9:00 PM | Wednesday: 7:30 AM – 12:45 PM, 4:00 – 9:00 PM | Thursday: 7:30 AM – 12:45 PM, 4:00 – 9:00 PM | Friday: 7:30 AM – 12:45 PM, 4:00 – 9:00 PM | Saturday: 7:30 AM – 12:45 PM, 4:00 – 9:00 PM | Sunday: Open 24 hours","Maps Link":"https://maps.google.com/?cid=15606439376912810410&g_mp=Cidnb29nbGUubWFwcy5wbGFjZXMudjEuUGxhY2VzLlNlYXJjaFRleHQQAhgEIAA"}},{"type":"Feature","geometry":{"type":"Point","coordinates":[73.7916862,20.0018621]},"properties":{"Taluka":"Nashik","Zone":"Panchavati","Category":"Mandir / Temple","Name":"Bhadrakali Devi Mandir - Shakti Peetha","Type":"Hindu Temple","Rating":"4.6","Review Count":"211","Address":"K. Rajendra Vavre Chowk, 2Q2R+PMV, Naikwadi Pura, Koknipura, Nashik, Maharashtra 422001, India","Website":"http://bhadrakalidevimandir.org/historyEng.html","Opening Hours":"Monday: 5:00 AM – 10:00 PM | Tuesday: 5:00 AM – 10:00 PM | Wednesday: 5:00 AM – 10:00 PM | Thursday: 5:00 AM – 10:00 PM | Friday: 5:00 AM – 10:00 PM | Saturday: 5:00 AM – 10:00 PM | Sunday: 5:00 AM – 10:00 PM","Maps Link":"https://maps.google.com/?cid=12328704635531203986&g_mp=Cidnb29nbGUubWFwcy5wbGFjZXMudjEuUGxhY2VzLlNlYXJjaFRleHQQAhgEIAA"}},{"type":"Feature","geometry":{"type":"Point","coordinates":[73.7910799,20.008518]},"properties":{"Taluka":"Nashik","Zone":"Panchavati","Category":"Mandir / Temple","Name":"Bhagwan Shree Chakradhar Swami Mandir","Type":"Hindu Temple","Rating":"4.6","Review Count":"22","Address":"Ramkund, 2Q5R+CC4, Panchavati, Nashik, Maharashtra 422003, India","Opening Hours":"Monday: 7:00 AM – 9:00 PM | Tuesday: 7:00 AM – 9:00 PM | Wednesday: 7:00 AM – 9:00 PM | Thursday: 7:00 AM – 9:00 PM | Friday: 7:00 AM – 9:00 PM | Saturday: 7:00 AM – 9:00 PM | Sunday: Closed","Maps Link":"https://maps.google.com/?cid=10836270243533789074&g_mp=Cidnb29nbGUubWFwcy5wbGFjZXMudjEuUGxhY2VzLlNlYXJjaFRleHQQAhgEIAA"}},{"type":"Feature","geometry":{"type":"Point","coordinates":[73.7919107,20.0051326]},"properties":{"Taluka":"Nashik","Zone":"Panchavati","Category":"Mandir / Temple","Name":"Datta Mandir","Type":"Hindu Temple","Rating":"4.4","Review Count":"12","Address":"2Q4R+3Q3, New Saraf Bazar, Saraf Bazar, Panchavati, Nashik, Maharashtra 422001, India","Maps Link":"https://maps.google.com/?cid=15872295486750026404&g_mp=Cidnb29nbGUubWFwcy5wbGFjZXMudjEuUGxhY2VzLlNlYXJjaFRleHQQAhgEIAA"}},{"type":"Feature","geometry":{"type":"Point","coordinates":[73.7761207,19.9953205]},"properties":{"Taluka":"Nashik","Zone":"Panchavati","Category":"Mandir / Temple","Name":"Datta Mandir, Shivtirth","Type":"Hindu Temple","Rating":"4.5","Review Count":"22","Address":"Trambakeshwar Rd, opp. District Hospital, near Golf Club Grounds, Matoshree Nagar, Nashik, Maharashtra 422002, India","Maps Link":"https://maps.google.com/?cid=14040448804205155233&g_mp=Cidnb29nbGUubWFwcy5wbGFjZXMudjEuUGxhY2VzLlNlYXJjaFRleHQQAhgEIAA"}},{"type":"Feature","geometry":{"type":"Point","coordinates":[73.7932993,20.005822]},"properties":{"Taluka":"Nashik","Zone":"Panchavati","Category":"Mandir / Temple","Name":"Ganga Godavari Mandir Purohit Sangh","Type":"Association / Organization","Rating":"4.5","Review Count":"38","Phone":"0253 251 7139","Address":"Vashrantar Griha, Ramkund, Panchavati, Nashik, Maharashtra 422003, India","Opening Hours":"Monday: 3:00 – 10:00 PM | Tuesday: 3:00 – 10:00 PM | Wednesday: 3:00 – 10:00 PM | Thursday: 3:00 – 10:00 PM | Friday: 3:00 – 10:00 PM | Saturday: 3:00 – 10:00 PM | Sunday: 3:00 – 10:00 PM","Maps Link":"https://maps.google.com/?cid=15898825606990777611&g_mp=Cidnb29nbGUubWFwcy5wbGFjZXMudjEuUGxhY2VzLlNlYXJjaFRleHQQAhgEIAA"}},{"type":"Feature","geometry":{"type":"Point","coordinates":[73.7925167,20.0080666]},"properties":{"Taluka":"Nashik","Zone":"Panchavati","Category":"Mandir / Temple","Name":"Ganga Godvari shop num 1 naro shankar mandir samor","Type":"Store","Rating":"4","Review Count":"2","Phone":"082086 09216","Address":"Sri Prachin Ganga Godavari Temple, near Shree Kapaleshwar Mahadev Mandir, Ramkund, Panchavati, Nashik, Maharashtra 422003, India","Opening Hours":"Monday: 9:00 AM – 7:30 AM | Tuesday: 9:00 AM – 5:00 PM | Wednesday: 9:00 AM – 5:00 PM | Thursday: 9:00 AM – 5:00 PM | Friday: 9:00 AM – 5:00 PM | Saturday: 9:00 AM – 5:00 PM | Sunday: 9:00 AM – 5:00 PM","Maps Link":"https://maps.google.com/?cid=15617279061272035660&g_mp=Cidnb29nbGUubWFwcy5wbGFjZXMudjEuUGxhY2VzLlNlYXJjaFRleHQQAhgEIAA"}},{"type":"Feature","geometry":{"type":"Point","coordinates":[73.7934675,20.0077966]},"properties":{"Taluka":"Nashik","Zone":"Panchavati","Category":"Mandir / Temple","Name":"Goreram Temple (Muthe's Goreram Mandir)","Type":"Hindu Temple","Rating":"4.4","Review Count":"57","Phone":"0253 251 4321","Address":"Panchavati नाशिक Maharashtra 422003 Republic of, Panchavati, Nashik, Maharashtra 422003, India","Opening Hours":"Monday: 6:00 AM – 9:00 PM | Tuesday: 6:00 AM – 9:00 PM | Wednesday: 6:00 AM – 9:00 PM | Thursday: 6:00 AM – 9:00 PM | Friday: 6:00 AM – 9:00 PM | Saturday: 6:00 AM – 9:00 PM | Sunday: 6:00 AM – 9:00 PM","Maps Link":"https://maps.google.com/?cid=5548917030709136088&g_mp=Cidnb29nbGUubWFwcy5wbGFjZXMudjEuUGxhY2VzLlNlYXJjaFRleHQQAhgEIAA"}},{"type":"Feature","geometry":{"type":"Point","coordinates":[73.7926213,20.0037368]},"properties":{"Taluka":"Nashik","Zone":"Panchavati","Category":"Mandir / Temple","Name":"Indreshwar Mahadev Temple","Type":"Hindu Temple","Rating":"4.3","Review Count":"3","Address":"2Q3V+F2X, Naikwadi Pura, Panchavati, Nashik, Maharashtra 422001, India","Opening Hours":"Monday: Open 24 hours | Tuesday: Open 24 hours | Wednesday: Open 24 hours | Thursday: Open 24 hours | Friday: Open 24 hours | Saturday: Open 24 hours | Sunday: Open 24 hours","Maps Link":"https://maps.google.com/?cid=1686855651339906629&g_mp=Cidnb29nbGUubWFwcy5wbGFjZXMudjEuUGxhY2VzLlNlYXJjaFRleHQQAhgEIAA"}},{"type":"Feature","geometry":{"type":"Point","coordinates":[73.8012121,20.0083363]},"properties":{"Taluka":"Nashik","Zone":"Panchavati","Category":"Mandir / Temple","Name":"Janki mata mandir seeta haran sthan darshan","Type":"Hindu Temple","Rating":"4.4","Review Count":"84","Address":"Adgaon Naka, Panchavati, Nashik, Maharashtra 422003, India","Maps Link":"https://maps.google.com/?cid=8972024963228312941&g_mp=Cidnb29nbGUubWFwcy5wbGFjZXMudjEuUGxhY2VzLlNlYXJjaFRleHQQAhgEIAA"}},{"type":"Feature","geometry":{"type":"Point","coordinates":[73.7932139,20.0059075]},"properties":{"Taluka":"Nashik","Zone":"Panchavati","Category":"Mandir / Temple","Name":"KaalBhairav Mandir","Type":"Hindu Temple","Rating":"4.6","Review Count":"51","Address":"Sri Kala Rama Swamy Temple, Panchavati, Nashik, Maharashtra 422003, India","Maps Link":"https://maps.google.com/?cid=8256133819715495113&g_mp=Cidnb29nbGUubWFwcy5wbGFjZXMudjEuUGxhY2VzLlNlYXJjaFRleHQQAhgEIAA"}},{"type":"Feature","geometry":{"type":"Point","coordinates":[73.7900803,19.9993631]},"properties":{"Taluka":"Nashik","Zone":"Panchavati","Category":"Mandir / Temple","Name":"Kalaram mandir nashik","Type":"Hindu Temple","Review Count":"0","Address":"XQXR+P2W, Doodh Bazar, Naikwadi Pura, Koknipura, Nashik, Maharashtra 422001, India","Maps Link":"https://maps.google.com/?cid=2681589634392532639&g_mp=Cidnb29nbGUubWFwcy5wbGFjZXMudjEuUGxhY2VzLlNlYXJjaFRleHQQAhgEIAA"}},{"type":"Feature","geometry":{"type":"Point","coordinates":[73.7927943,20.0082235]},"properties":{"Taluka":"Nashik","Zone":"Panchavati","Category":"Mandir / Temple","Name":"Kapaleshwar Mahadev Mandir Stairs","Type":"Place of Worship","Rating":"4.8","Review Count":"234","Address":"2Q5V+74F, Ramkund, Panchavati, Nashik, Maharashtra 422003, India","Maps Link":"https://maps.google.com/?cid=18198474385723323688&g_mp=Cidnb29nbGUubWFwcy5wbGFjZXMudjEuUGxhY2VzLlNlYXJjaFRleHQQAhgEIAA"}},{"type":"Feature","geometry":{"type":"Point","coordinates":[73.7931139,20.0082321]},"properties":{"Taluka":"Nashik","Zone":"Panchavati","Category":"Mandir / Temple","Name":"Mahadev mandir","Type":"Place of Worship","Rating":"5","Review Count":"2","Address":"2Q5V+76X, Adgaon, Nashik, Maharashtra 422003, India","Maps Link":"https://maps.google.com/?cid=18047543237075371901&g_mp=Cidnb29nbGUubWFwcy5wbGFjZXMudjEuUGxhY2VzLlNlYXJjaFRleHQQAhgEIAA"}},{"type":"Feature","geometry":{"type":"Point","coordinates":[73.7909717,20.0083744]},"properties":{"Taluka":"Nashik","Zone":"Panchavati","Category":"Mandir / Temple","Name":"Mahanubhav Mandir","Type":"Hindu Temple","Rating":"4.6","Review Count":"41","Address":"2Q5R+89X, Panchavati, Nashik, Maharashtra 422003, India","Opening Hours":"Monday: 7:00 AM – 9:00 PM | Tuesday: 7:00 AM – 9:00 PM | Wednesday: 7:00 AM – 9:00 PM | Thursday: 7:00 AM – 9:00 PM | Friday: 7:00 AM – 9:00 PM | Saturday: 7:00 AM – 9:00 PM | Sunday: 7:00 – 9:00 AM","Maps Link":"https://maps.google.com/?cid=16988190091860594849&g_mp=Cidnb29nbGUubWFwcy5wbGFjZXMudjEuUGxhY2VzLlNlYXJjaFRleHQQAhgEIAA"}},{"type":"Feature","geometry":{"type":"Point","coordinates":[73.7937135,20.015799]},"properties":{"Taluka":"Nashik","Zone":"Panchavati","Category":"Mandir / Temple","Name":"Mandharchi Kalubai Devi Mandir","Type":"Hindu Temple","Rating":"4.4","Review Count":"32","Address":"88/206, Peth Rd, Beside Shani Mandir, Rajpal Colony, Panchavati, Nashik, Maharashtra 422003, India","Maps Link":"https://maps.google.com/?cid=1529127786060308380&g_mp=Cidnb29nbGUubWFwcy5wbGFjZXMudjEuUGxhY2VzLlNlYXJjaFRleHQQAhgEIAA"}},{"type":"Feature","geometry":{"type":"Point","coordinates":[73.7831252,19.9737987]},"properties":{"Taluka":"Nashik","Zone":"Panchavati","Category":"Mandir / Temple","Name":"Modkeshwar Temple","Type":"Hindu Temple","Rating":"4.7","Review Count":"81","Address":"XQFM+G76, Narayan Park, Kala Nagar, Indira Nagar, Nashik, Maharashtra 422009, India","Opening Hours":"Monday: 6:00 AM – 8:00 PM | Tuesday: 6:00 AM – 8:00 PM | Wednesday: 6:00 AM – 8:00 PM | Thursday: 6:00 AM – 8:00 PM | Friday: 6:00 AM – 8:00 PM | Saturday: 6:00 AM – 8:00 PM | Sunday: 6:00 AM – 8:00 PM","Maps Link":"https://maps.google.com/?cid=13951564043503075137&g_mp=Cidnb29nbGUubWFwcy5wbGFjZXMudjEuUGxhY2VzLlNlYXJjaFRleHQQAhgEIAA"}},{"type":"Feature","geometry":{"type":"Point","coordinates":[73.8367075,19.9516144]},"properties":{"Taluka":"Nashik","Zone":"Panchavati","Category":"Mandir / Temple","Name":"Muktidham Mandir","Type":"Hindu Temple","Rating":"4.5","Review Count":"16186","Phone":"098508 44448","Address":"Mahatma Gandhi Rd, Gayakhe Colony, Nashik Road, Nashik, Maharashtra 422101, India","Opening Hours":"Monday: 9:00 AM – 9:00 PM | Tuesday: 9:00 AM – 9:00 PM | Wednesday: 9:00 AM – 9:00 PM | Thursday: 9:00 AM – 9:00 PM | Friday: 9:00 AM – 9:00 PM | Saturday: 9:00 AM – 9:00 PM | Sunday: 9:00 AM – 9:00 PM","Maps Link":"https://maps.google.com/?cid=11556391603001056608&g_mp=Cidnb29nbGUubWFwcy5wbGFjZXMudjEuUGxhY2VzLlNlYXJjaFRleHQQAhgEIAA"}},{"type":"Feature","geometry":{"type":"Point","coordinates":[73.7935518,20.0066673]},"properties":{"Taluka":"Nashik","Zone":"Panchavati","Category":"Mandir / Temple","Name":"Murlidhar Mandir","Type":"Hindu Temple","Rating":"4.8","Review Count":"12","Address":"1st Floor, Murlidhar Complex, Ramkund, Panchavati, Nashik, Maharashtra 422003, India","Opening Hours":"Monday: 6:00 AM – 1:00 PM, 4:00 – 9:00 PM | Tuesday: 6:00 AM – 1:00 PM, 4:00 – 9:00 PM | Wednesday: 6:00 AM – 1:00 PM, 4:00 – 9:00 PM | Thursday: 6:00 AM – 1:00 PM, 4:00 – 9:00 PM | Friday: 6:00 AM – 1:00 PM, 4:00 – 9:00 PM | Saturday: 6:00 AM – 1:00 PM, 4:00 – 9:00 PM | Sunday: 6:00 AM – 1:00 PM, 4:00 – 9:00 PM","Maps Link":"https://maps.google.com/?cid=4009034343242273654&g_mp=Cidnb29nbGUubWFwcy5wbGFjZXMudjEuUGxhY2VzLlNlYXJjaFRleHQQAhgEIAA"}},{"type":"Feature","geometry":{"type":"Point","coordinates":[73.7982425,20.0078398]},"properties":{"Taluka":"Nashik","Zone":"Panchavati","Category":"Mandir / Temple","Name":"Nag Shiv Mandir","Type":"Hindu Temple","Rating":"4.6","Review Count":"31","Address":"Nag Chowk, Ganeshwadi, Panchavati, Nashik, Maharashtra 422003, India","Maps Link":"https://maps.google.com/?cid=12702826980713675734&g_mp=Cidnb29nbGUubWFwcy5wbGFjZXMudjEuUGxhY2VzLlNlYXJjaFRleHQQAhgEIAA"}},{"type":"Feature","geometry":{"type":"Point","coordinates":[73.7932682,20.0056466]},"properties":{"Taluka":"Nashik","Zone":"Panchavati","Category":"Mandir / Temple","Name":"Naroshankar Temple","Type":"Hindu Temple","Rating":"4.6","Review Count":"1151","Address":"Panchavati, Nashik, Maharashtra 422003, India","Opening Hours":"Monday: 6:00 AM – 6:00 PM | Tuesday: 6:00 AM – 6:00 PM | Wednesday: 6:00 AM – 6:00 PM | Thursday: 6:00 AM – 6:00 PM | Friday: 6:00 AM – 6:00 PM | Saturday: 6:00 AM – 6:00 PM | Sunday: 6:00 AM – 6:00 PM","Maps Link":"https://maps.google.com/?cid=3897102412008432491&g_mp=Cidnb29nbGUubWFwcy5wbGFjZXMudjEuUGxhY2VzLlNlYXJjaFRleHQQAhgEIAA"}},{"type":"Feature","geometry":{"type":"Point","coordinates":[73.7921888,20.0065046]},"properties":{"Taluka":"Nashik","Zone":"Panchavati","Category":"Mandir / Temple","Name":"Neelkantheshwar Mahadev Temple","Type":"Hindu Temple","Rating":"4.6","Review Count":"63","Address":"2Q4R+JV4, Saraf Bazar, Panchavati, Nashik, Maharashtra 422001, India","Opening Hours":"Monday: Open 24 hours | Tuesday: Open 24 hours | Wednesday: Open 24 hours | Thursday: Open 24 hours | Friday: Open 24 hours | Saturday: Open 24 hours | Sunday: Open 24 hours","Maps Link":"https://maps.google.com/?cid=6633986650127727758&g_mp=Cidnb29nbGUubWFwcy5wbGFjZXMudjEuUGxhY2VzLlNlYXJjaFRleHQQAhgEIAA"}},{"type":"Feature","geometry":{"type":"Point","coordinates":[73.7984054,20.0013532]},"properties":{"Taluka":"Nashik","Zone":"Panchavati","Category":"Mandir / Temple","Name":"Om talkuteshwar mahadev Temple","Type":"Hindu Temple","Rating":"4.6","Review Count":"19","Address":"Amardham Road, Naikwadi Pura, Kathda, Nashik, Maharashtra 422003, India","Website":"https://instagram.com/omtalkuteshwar_mahadevnsk?igshid=MzMyNGUyNmU2YQ==","Opening Hours":"Monday: 6:00 AM – 12:00 AM | Tuesday: 6:00 AM – 12:00 AM | Wednesday: 6:00 AM – 12:00 AM | Thursday: 6:00 AM – 12:00 AM | Friday: 6:00 AM – 12:00 AM | Saturday: 6:00 AM – 12:00 AM | Sunday: 6:00 AM – 12:00 AM","Maps Link":"https://maps.google.com/?cid=2276177761854531669&g_mp=Cidnb29nbGUubWFwcy5wbGFjZXMudjEuUGxhY2VzLlNlYXJjaFRleHQQAhgEIAA"}},{"type":"Feature","geometry":{"type":"Point","coordinates":[73.8128787,20.0011441]},"properties":{"Taluka":"Nashik","Zone":"Panchavati","Category":"Mandir / Temple","Name":"Panchvati Sri Lakshman ji (Sheshnag) temple","Type":"Hindu Temple","Rating":"4.8","Review Count":"43","Address":"2R27+CJ4, Vaishnavi Park, Nashik, Maharashtra 422003, India","Maps Link":"https://maps.google.com/?cid=14938387625761130027&g_mp=Cidnb29nbGUubWFwcy5wbGFjZXMudjEuUGxhY2VzLlNlYXJjaFRleHQQAhgEIAA"}},{"type":"Feature","geometry":{"type":"Point","coordinates":[73.7934145,20.0049505]},"properties":{"Taluka":"Nashik","Zone":"Panchavati","Category":"Mandir / Temple","Name":"Paramhans Shri Narsing Gopaldas Maharaj Sanjeevan Samadhi Mandir","Type":"Hindu Temple","Rating":"4.3","Review Count":"15","Phone":"093718 09055","Address":"Mhasoba Maharaj Patangan Near, Gadge Maharaj Bridge, Saraf Bazar, Panchavati, Nashik, Maharashtra 422003, India","Website":"https://narsinghgopaldasmaharaj.com/","Maps Link":"https://maps.google.com/?cid=5248032591155129602&g_mp=Cidnb29nbGUubWFwcy5wbGFjZXMudjEuUGxhY2VzLlNlYXJjaFRleHQQAhgEIAA"}},{"type":"Feature","geometry":{"type":"Point","coordinates":[73.7920341,20.0063184]},"properties":{"Taluka":"Nashik","Zone":"Panchavati","Category":"Mandir / Temple","Name":"Prachin Shri Goreram Mandir","Type":"Hindu Temple","Rating":"4.6","Review Count":"114","Phone":"088558 85262","Address":"2Q4R+GRF, Gadge Maharaj Rd, Near Ramkund, Kharewada, Saraf Bazar, Panchavati, Nashik, Maharashtra 422001, India","Maps Link":"https://maps.google.com/?cid=11813808390303152489&g_mp=Cidnb29nbGUubWFwcy5wbGFjZXMudjEuUGxhY2VzLlNlYXJjaFRleHQQAhgEIAA"}},{"type":"Feature","geometry":{"type":"Point","coordinates":[73.7928099,20.0086301]},"properties":{"Taluka":"Nashik","Zone":"Panchavati","Category":"Mandir / Temple","Name":"Radha Krishna mandir","Type":"Hindu Temple","Rating":"4.8","Review Count":"8","Address":"4430, radha krishna mandir, 3, near kapaleshwar mandir, Ramkund, Panchavati, Nashik, Maharashtra 422003, India","Opening Hours":"Monday: 6:00 AM – 10:00 PM | Tuesday: 6:00 AM – 10:00 PM | Wednesday: 6:00 AM – 10:00 PM | Thursday: 6:00 AM – 10:00 PM | Friday: 6:00 AM – 10:00 PM | Saturday: 6:00 AM – 10:00 PM | Sunday: 6:00 AM – 10:00 PM","Maps Link":"https://maps.google.com/?cid=12673151701953388352&g_mp=Cidnb29nbGUubWFwcy5wbGFjZXMudjEuUGxhY2VzLlNlYXJjaFRleHQQAhgEIAA"}},{"type":"Feature","geometry":{"type":"Point","coordinates":[73.8045219,19.9971942]},"properties":{"Taluka":"Nashik","Zone":"Panchavati","Category":"Mandir / Temple","Name":"Ram Temple","Type":"Hindu Temple","Rating":"4.9","Review Count":"8","Address":"XRW3+VRC, Godavari MIDC, Dwarka, Nashik, Maharashtra 422011, India","Maps Link":"https://maps.google.com/?cid=15135342387130282952&g_mp=Cidnb29nbGUubWFwcy5wbGFjZXMudjEuUGxhY2VzLlNlYXJjaFRleHQQAhgEIAA"}},{"type":"Feature","geometry":{"type":"Point","coordinates":[73.7924398,20.0081104]},"properties":{"Taluka":"Nashik","Zone":"Panchavati","Category":"Mandir / Temple","Name":"Rameshwar Mahadev Mandir","Type":"Hindu Temple","Rating":"4.8","Review Count":"8","Address":"2Q5R+6XW, Ramkund, Panchavati, Nashik, Maharashtra 422003, India","Maps Link":"https://maps.google.com/?cid=7621247674612165486&g_mp=Cidnb29nbGUubWFwcy5wbGFjZXMudjEuUGxhY2VzLlNlYXJjaFRleHQQAhgEIAA"}},{"type":"Feature","geometry":{"type":"Point","coordinates":[73.8055695,20.0350946]},"properties":{"Taluka":"Nashik","Zone":"Panchavati","Category":"Mandir / Temple","Name":"SIDDHIVINAYAK TEMPLE","Type":"Hindu Temple","Rating":"4.5","Review Count":"87","Phone":"094213 81102","Address":"Kalananagar, Pokar Colony, Vaiduwadi, Nashik, Maharashtra 422004, India","Opening Hours":"Monday: 7:00 AM – 10:00 PM | Tuesday: 10:00 AM – 5:00 PM | Wednesday: Open 24 hours | Thursday: Open 24 hours | Friday: Open 24 hours | Saturday: Open 24 hours | Sunday: Closed","Maps Link":"https://maps.google.com/?cid=12887638011833289562&g_mp=Cidnb29nbGUubWFwcy5wbGFjZXMudjEuUGxhY2VzLlNlYXJjaFRleHQQAhgEIAA"}},{"type":"Feature","geometry":{"type":"Point","coordinates":[73.7993276,20.0063301]},"properties":{"Taluka":"Nashik","Zone":"Panchavati","Category":"Mandir / Temple","Name":"Saptashrungi Devi Mandir nashik","Type":"Hindu Temple","Rating":"4.6","Review Count":"759","Address":"Devi Chowk, Ganeshwadi, Panchavati, Nashik, Maharashtra 422003, India","Maps Link":"https://maps.google.com/?cid=11337993996277929579&g_mp=Cidnb29nbGUubWFwcy5wbGFjZXMudjEuUGxhY2VzLlNlYXJjaFRleHQQAhgEIAA"}},{"type":"Feature","geometry":{"type":"Point","coordinates":[73.7873064,20.0126987]},"properties":{"Taluka":"Nashik","Zone":"Panchavati","Category":"Mandir / Temple","Name":"Saptashrungi Mata Mandir,panchavati","Type":"Hindu Temple","Rating":"4.6","Review Count":"97","Address":"madhyamik vidhyalaya, Makhmalabad Rd, near panchavati, Uday Colony, Kranti Nagar, Panchavati, Nashik, Maharashtra 422003, India","Opening Hours":"Monday: 6:00 – 11:00 PM | Tuesday: 6:00 – 11:00 PM | Wednesday: 6:00 – 11:00 PM | Thursday: 6:00 – 11:00 PM | Friday: 6:00 – 11:00 PM | Saturday: 6:00 – 11:00 PM | Sunday: 6:00 – 11:00 PM","Maps Link":"https://maps.google.com/?cid=16742997561680170114&g_mp=Cidnb29nbGUubWFwcy5wbGFjZXMudjEuUGxhY2VzLlNlYXJjaFRleHQQAhgEIAA"}},{"type":"Feature","geometry":{"type":"Point","coordinates":[73.8146716,20.0006513]},"properties":{"Taluka":"Nashik","Zone":"Panchavati","Category":"Mandir / Temple","Name":"Sarva Dharma Mandir Tapovan Nashik","Type":"Hindu Temple","Rating":"4.7","Review Count":"73","Address":"2R27+7V7, Tapovan Rd, Panchavati, Nashik, Maharashtra 422003, India","Maps Link":"https://maps.google.com/?cid=3354485189956771828&g_mp=Cidnb29nbGUubWFwcy5wbGFjZXMudjEuUGxhY2VzLlNlYXJjaFRleHQQAhgEIAA"}},{"type":"Feature","geometry":{"type":"Point","coordinates":[73.7876086,20.0072799]},"properties":{"Taluka":"Nashik","Zone":"Panchavati","Category":"Mandir / Temple","Name":"Shani Mandir","Type":"Hindu Temple","Rating":"4.6","Review Count":"70","Address":"471, Shani Galli, Raviwar Peth, Raviwar Karanja, Panchavati, Nashik, Maharashtra 422001, India","Maps Link":"https://maps.google.com/?cid=6103084288270597979&g_mp=Cidnb29nbGUubWFwcy5wbGFjZXMudjEuUGxhY2VzLlNlYXJjaFRleHQQAhgEIAA"}},{"type":"Feature","geometry":{"type":"Point","coordinates":[73.7984984,20.0013251]},"properties":{"Taluka":"Nashik","Zone":"Panchavati","Category":"Mandir / Temple","Name":"Shankar Temple","Type":"Hindu Temple","Rating":"4.3","Review Count":"23","Address":"near Talkuteshwar Bridge, Naikwadi Pura, Panchavati, Nashik, Maharashtra 422003, India","Opening Hours":"Monday: Open 24 hours | Tuesday: Open 24 hours | Wednesday: Open 24 hours | Thursday: Open 24 hours | Friday: Open 24 hours | Saturday: Open 24 hours | Sunday: Open 24 hours","Maps Link":"https://maps.google.com/?cid=7536924452871605082&g_mp=Cidnb29nbGUubWFwcy5wbGFjZXMudjEuUGxhY2VzLlNlYXJjaFRleHQQAhgEIAA"}},{"type":"Feature","geometry":{"type":"Point","coordinates":[73.7921499,20.0073171]},"properties":{"Taluka":"Nashik","Zone":"Panchavati","Category":"Mandir / Temple","Name":"Shiva Temple","Type":"Hindu Temple","Rating":"4.2","Review Count":"17","Address":"2Q4R+WVC, Panchavati, Nashik, Maharashtra 422003, India","Maps Link":"https://maps.google.com/?cid=6021574064333646653&g_mp=Cidnb29nbGUubWFwcy5wbGFjZXMudjEuUGxhY2VzLlNlYXJjaFRleHQQAhgEIAA"}},{"type":"Feature","geometry":{"type":"Point","coordinates":[73.792638,20.0080348]},"properties":{"Taluka":"Nashik","Zone":"Panchavati","Category":"Mandir / Temple","Name":"Shree Ardhanarinateshwar Mahadev Mandir","Type":"Hindu Temple","Rating":"4.6","Review Count":"28","Address":"Ramkund, 2Q5V+636, Panchavati, Nashik, Maharashtra 422003, India","Maps Link":"https://maps.google.com/?cid=4846831432214561279&g_mp=Cidnb29nbGUubWFwcy5wbGFjZXMudjEuUGxhY2VzLlNlYXJjaFRleHQQAhgEIAA"}},{"type":"Feature","geometry":{"type":"Point","coordinates":[73.7845162,20.0072208]},"properties":{"Taluka":"Nashik","Zone":"Panchavati","Category":"Mandir / Temple","Name":"Shree Dholya Ganapati Mandir","Type":"Hindu Temple","Rating":"4.6","Review Count":"388","Address":"Ashok Stambh, Panchavati, Nashik, Maharashtra 422002, India","Opening Hours":"Monday: Open 24 hours | Tuesday: Open 24 hours | Wednesday: Open 24 hours | Thursday: Open 24 hours | Friday: Open 24 hours | Saturday: Open 24 hours | Sunday: Open 24 hours","Maps Link":"https://maps.google.com/?cid=12480711863624062027&g_mp=Cidnb29nbGUubWFwcy5wbGFjZXMudjEuUGxhY2VzLlNlYXJjaFRleHQQAhgEIAA"}},{"type":"Feature","geometry":{"type":"Point","coordinates":[73.7917009,20.0080077]},"properties":{"Taluka":"Nashik","Zone":"Panchavati","Category":"Mandir / Temple","Name":"Shree Dutondya Maruti Mandir","Type":"Hindu Temple","Rating":"4.6","Review Count":"139","Address":"Ramkund, 2Q5R+6M4, Panchavati, Nashik, Maharashtra 422003, India","Opening Hours":"Monday: Open 24 hours | Tuesday: Open 24 hours | Wednesday: Open 24 hours | Thursday: Open 24 hours | Friday: Open 24 hours | Saturday: Open 24 hours | Sunday: Open 24 hours","Maps Link":"https://maps.google.com/?cid=10353906565617951091&g_mp=Cidnb29nbGUubWFwcy5wbGFjZXMudjEuUGxhY2VzLlNlYXJjaFRleHQQAhgEIAA"}},{"type":"Feature","geometry":{"type":"Point","coordinates":[73.7903855,20.0075834]},"properties":{"Taluka":"Nashik","Zone":"Panchavati","Category":"Mandir / Temple","Name":"Shree Ekmukhi Datta Mandir","Type":"Hindu Temple","Rating":"4.8","Review Count":"97","Address":"Ganga Ghat, 2Q5R+25J, Raviwar Peth, Saraf Bazar, Panchavati, Nashik, Maharashtra 422001, India","Maps Link":"https://maps.google.com/?cid=7863030326387207416&g_mp=Cidnb29nbGUubWFwcy5wbGFjZXMudjEuUGxhY2VzLlNlYXJjaFRleHQQAhgEIAA"}},{"type":"Feature","geometry":{"type":"Point","coordinates":[73.7926656,20.0077333]},"properties":{"Taluka":"Nashik","Zone":"Panchavati","Category":"Mandir / Temple","Name":"Shree Gaidhain Maharaj Temple","Type":"Hindu Temple","Rating":"5","Review Count":"3","Address":"2Q5V+33V, Panchavati, Nashik, Maharashtra 422003, India","Maps Link":"https://maps.google.com/?cid=12113221803329382750&g_mp=Cidnb29nbGUubWFwcy5wbGFjZXMudjEuUGxhY2VzLlNlYXJjaFRleHQQAhgEIAA"}},{"type":"Feature","geometry":{"type":"Point","coordinates":[73.7924396,20.0081676]},"properties":{"Taluka":"Nashik","Zone":"Panchavati","Category":"Mandir / Temple","Name":"Shree Ganga Godavari Mandir","Type":"Hindu Temple","Rating":"4.3","Review Count":"193","Address":"Ramkund, Panchavati, Nashik, Maharashtra 422003, India","Opening Hours":"Monday: Open 24 hours | Tuesday: Open 24 hours | Wednesday: Open 24 hours | Thursday: Open 24 hours | Friday: Open 24 hours | Saturday: Open 24 hours | Sunday: Open 24 hours","Maps Link":"https://maps.google.com/?cid=8689502636398721892&g_mp=Cidnb29nbGUubWFwcy5wbGFjZXMudjEuUGxhY2VzLlNlYXJjaFRleHQQAhgEIAA"}},{"type":"Feature","geometry":{"type":"Point","coordinates":[73.7929847,20.0081762]},"properties":{"Taluka":"Nashik","Zone":"Panchavati","Category":"Mandir / Temple","Name":"Shree Garuda Vahan Laxmi Narayan Mandir","Type":"Hindu Temple","Rating":"4.3","Review Count":"3","Address":"Ramkund, 2Q5V+75H, Panchavati, Nashik, Maharashtra 422003, India","Maps Link":"https://maps.google.com/?cid=8411193106741918495&g_mp=Cidnb29nbGUubWFwcy5wbGFjZXMudjEuUGxhY2VzLlNlYXJjaFRleHQQAhgEIAA"}},{"type":"Feature","geometry":{"type":"Point","coordinates":[73.792856,20.008757]},"properties":{"Taluka":"Nashik","Zone":"Panchavati","Category":"Mandir / Temple","Name":"Shree Gopal Krishna Mandir","Type":"Hindu Temple","Rating":"5","Review Count":"7","Phone":"098224 19165","Address":"Ramkund, 2Q5V+G45, Ramkund, Panchavati, Nashik, Maharashtra 422003, India","Maps Link":"https://maps.google.com/?cid=17301908659003745236&g_mp=Cidnb29nbGUubWFwcy5wbGFjZXMudjEuUGxhY2VzLlNlYXJjaFRleHQQAhgEIAA"}},{"type":"Feature","geometry":{"type":"Point","coordinates":[73.7739404,19.9947229]},"properties":{"Taluka":"Nashik","Zone":"Panchavati","Category":"Mandir / Temple","Name":"Shree Guru Gangeshwar Ved Mandir","Type":"Hindu Temple","Rating":"4.5","Review Count":"1133","Address":"XQVF+VHP, Trambakeshwar Rd, Wild Orcade Society, Matoshree Nagar, Nashik, Maharashtra 422002, India","Maps Link":"https://maps.google.com/?cid=7304857467243746841&g_mp=Cidnb29nbGUubWFwcy5wbGFjZXMudjEuUGxhY2VzLlNlYXJjaFRleHQQAhgEIAA"}},{"type":"Feature","geometry":{"type":"Point","coordinates":[73.7931139,20.0082321]},"properties":{"Taluka":"Nashik","Zone":"Panchavati","Category":"Mandir / Temple","Name":"Shree Kapaleshwar Mahadev Mandir Panchvati Nashik","Type":"Hindu Temple","Rating":"4.8","Review Count":"4843","Phone":"097660 08888","Address":"2Q5V+76X, Panchavati, Nashik, Maharashtra 422003, India","Website":"https://kapaleshwar.in/","Opening Hours":"Monday: 5:00 AM – 12:00 AM | Tuesday: 5:00 AM – 11:00 PM | Wednesday: 5:00 AM – 11:00 PM | Thursday: 5:00 AM – 11:00 PM | Friday: 5:00 AM – 11:00 PM | Saturday: 5:00 AM – 12:00 AM | Sunday: 5:00 AM – 11:00 PM","Maps Link":"https://maps.google.com/?cid=8587892402223288562&g_mp=Cidnb29nbGUubWFwcy5wbGFjZXMudjEuUGxhY2VzLlNlYXJjaFRleHQQAhgEIAA"}},{"type":"Feature","geometry":{"type":"Point","coordinates":[73.7946289,20.007355]},"properties":{"Taluka":"Nashik","Zone":"Panchavati","Category":"Mandir / Temple","Name":"Shree Karthik Swami Mandir","Type":"Hindu Temple","Rating":"4.6","Review Count":"122","Phone":"0253 262 0878","Address":"2Q4V+WVR, Sukenkar Ln, Panchavati, Nashik, Maharashtra 422003, India","Maps Link":"https://maps.google.com/?cid=16608683515584459087&g_mp=Cidnb29nbGUubWFwcy5wbGFjZXMudjEuUGxhY2VzLlNlYXJjaFRleHQQAhgEIAA"}},{"type":"Feature","geometry":{"type":"Point","coordinates":[73.7918763,20.0029039]},"properties":{"Taluka":"Nashik","Zone":"Panchavati","Category":"Mandir / Temple","Name":"Shree Khandve Ganpati Mandir","Type":"Hindu Temple","Rating":"4.6","Review Count":"26","Address":"Dahipul, 2Q3R+5Q6, Somwar Peth, Naikwadi Pura, Panchavati, Nashik, Maharashtra 422001, India","Maps Link":"https://maps.google.com/?cid=11339809597204681030&g_mp=Cidnb29nbGUubWFwcy5wbGFjZXMudjEuUGxhY2VzLlNlYXJjaFRleHQQAhgEIAA"}},{"type":"Feature","geometry":{"type":"Point","coordinates":[73.794178,20.011053]},"properties":{"Taluka":"Nashik","Zone":"Panchavati","Category":"Mandir / Temple","Name":"Shree Krishna Mandir","Type":"Hindu Temple","Rating":"4.6","Review Count":"18","Address":"2Q6V+CMF, Panchavati, Nashik, Maharashtra 422003, India","Maps Link":"https://maps.google.com/?cid=10722375688545228585&g_mp=Cidnb29nbGUubWFwcy5wbGFjZXMudjEuUGxhY2VzLlNlYXJjaFRleHQQAhgEIAA"}},{"type":"Feature","geometry":{"type":"Point","coordinates":[73.7929951,20.0034937]},"properties":{"Taluka":"Nashik","Zone":"Panchavati","Category":"Mandir / Temple","Name":"Shree Mangal Grah Jagrut Devasthan","Type":"Hindu Temple","Rating":"4.8","Review Count":"22","Address":"2Q3V+95X, Dharmaji Khire Marg, Near Ramkund, Naikwadi Pura, Panchavati, Nashik, Maharashtra 422001, India","Opening Hours":"Monday: Open 24 hours | Tuesday: Open 24 hours | Wednesday: Open 24 hours | Thursday: Open 24 hours | Friday: Open 24 hours | Saturday: Open 24 hours | Sunday: Open 24 hours","Maps Link":"https://maps.google.com/?cid=12412018280299335050&g_mp=Cidnb29nbGUubWFwcy5wbGFjZXMudjEuUGxhY2VzLlNlYXJjaFRleHQQAhgEIAA"}},{"type":"Feature","geometry":{"type":"Point","coordinates":[73.791699,20.0058869]},"properties":{"Taluka":"Nashik","Zone":"Panchavati","Category":"Mandir / Temple","Name":"Shree Murlidhar Mandir","Type":"Hindu Temple","Rating":"4.6","Review Count":"21","Phone":"098230 55051","Address":"2Q4R+9M9, Murlidhar Ln, Bhandi Bazar, Saraf Bazar, Panchavati, Nashik, Maharashtra 422001, India","Opening Hours":"Monday: 5:00 AM – 11:00 PM | Tuesday: 5:00 AM – 11:00 PM | Wednesday: 5:00 AM – 11:00 PM | Thursday: 5:00 AM – 11:00 PM | Friday: 5:00 AM – 11:00 PM | Saturday: 5:00 AM – 11:00 PM | Sunday: 5:00 AM – 11:00 PM","Maps Link":"https://maps.google.com/?cid=6494807427506834580&g_mp=Cidnb29nbGUubWFwcy5wbGFjZXMudjEuUGxhY2VzLlNlYXJjaFRleHQQAhgEIAA"}},{"type":"Feature","geometry":{"type":"Point","coordinates":[73.7908083,20.0046634]},"properties":{"Taluka":"Nashik","Zone":"Panchavati","Category":"Mandir / Temple","Name":"Shree Pagadi Ganesh Mandir","Type":"Hindu Temple","Rating":"4.6","Review Count":"16","Address":"804/10/181, Pagadbandh Ln, Saraf Bazar, Panchavati, Nashik, Maharashtra 422001, India","Maps Link":"https://maps.google.com/?cid=3676329024965011148&g_mp=Cidnb29nbGUubWFwcy5wbGFjZXMudjEuUGxhY2VzLlNlYXJjaFRleHQQAhgEIAA"}},{"type":"Feature","geometry":{"type":"Point","coordinates":[73.7931749,20.008609]},"properties":{"Taluka":"Nashik","Zone":"Panchavati","Category":"Mandir / Temple","Name":"Shree Pataleshwar Mandir","Type":"Hindu Temple","Rating":"4.8","Review Count":"9","Address":"Ramghar Panchayati, 2Q5V+C7V, Panchavati, Nashik, Maharashtra 422003, India","Opening Hours":"Monday: 6:00 AM – 1:00 PM, 4:00 – 9:00 PM | Tuesday: 6:00 AM – 1:00 PM, 4:00 – 9:00 PM | Wednesday: 6:00 AM – 1:00 PM, 4:00 – 9:00 PM | Thursday: 6:00 AM – 1:00 PM, 4:00 – 9:00 PM | Friday: 6:00 AM – 1:00 PM, 4:00 – 9:00 PM | Saturday: 6:00 AM – 1:00 PM, 4:00 – 9:00 PM | Sunday: 6:00 AM – 1:00 PM, 4:00 – 9:00 PM","Maps Link":"https://maps.google.com/?cid=12052641297630515587&g_mp=Cidnb29nbGUubWFwcy5wbGFjZXMudjEuUGxhY2VzLlNlYXJjaFRleHQQAhgEIAA"}},{"type":"Feature","geometry":{"type":"Point","coordinates":[73.7925483,20.0067751]},"properties":{"Taluka":"Nashik","Zone":"Panchavati","Category":"Mandir / Temple","Name":"Shree Ram Mandir","Type":"Hindu Temple","Rating":"4.1","Review Count":"34","Address":"Ramkund, 2Q4V+P27, Panchavati, Nashik, Maharashtra 422003, India","Maps Link":"https://maps.google.com/?cid=7593446372288165226&g_mp=Cidnb29nbGUubWFwcy5wbGFjZXMudjEuUGxhY2VzLlNlYXJjaFRleHQQAhgEIAA"}},{"type":"Feature","geometry":{"type":"Point","coordinates":[73.793374,20.0036015]},"properties":{"Taluka":"Nashik","Zone":"Panchavati","Category":"Mandir / Temple","Name":"Shree RunMukteshwar Mahadev Mandir (श्री ऋणमुक्तेश्वर महादेव)","Type":"Hindu Temple","Rating":"5","Review Count":"5","Address":"Pool, 1, Gadge Maharaj Rd, near Bholenath Mandir, Naikwadi Pura, Panchavati, Nashik, Maharashtra 422003, India","Opening Hours":"Monday: Open 24 hours | Tuesday: Open 24 hours | Wednesday: Open 24 hours | Thursday: Open 24 hours | Friday: Open 24 hours | Saturday: Open 24 hours | Sunday: Open 24 hours","Maps Link":"https://maps.google.com/?cid=1593548816905388281&g_mp=Cidnb29nbGUubWFwcy5wbGFjZXMudjEuUGxhY2VzLlNlYXJjaFRleHQQAhgEIAA"}},{"type":"Feature","geometry":{"type":"Point","coordinates":[73.7929411,20.0084503]},"properties":{"Taluka":"Nashik","Zone":"Panchavati","Category":"Mandir / Temple","Name":"Shree Sai Baba Mandir","Type":"Hindu Temple","Rating":"4.2","Review Count":"13","Address":"Ramkund, 2Q5V+95P, Ramkund, Panchavati, Nashik, Maharashtra 422003, India","Maps Link":"https://maps.google.com/?cid=14492514769836900048&g_mp=Cidnb29nbGUubWFwcy5wbGFjZXMudjEuUGxhY2VzLlNlYXJjaFRleHQQAhgEIAA"}},{"type":"Feature","geometry":{"type":"Point","coordinates":[73.7915879,20.0018569]},"properties":{"Taluka":"Nashik","Zone":"Panchavati","Category":"Mandir / Temple","Name":"Shree Sakshi Ganapati Mandir","Type":"Hindu Temple","Rating":"4.9","Review Count":"36","Address":"2Q2R+PJW, Naikwadi Pura, Panchavati, Nashik, Maharashtra 422001, India","Opening Hours":"Monday: Open 24 hours | Tuesday: Open 24 hours | Wednesday: Open 24 hours | Thursday: Open 24 hours | Friday: Open 24 hours | Saturday: Open 24 hours | Sunday: Open 24 hours","Maps Link":"https://maps.google.com/?cid=13586505871941780883&g_mp=Cidnb29nbGUubWFwcy5wbGFjZXMudjEuUGxhY2VzLlNlYXJjaFRleHQQAhgEIAA"}},{"type":"Feature","geometry":{"type":"Point","coordinates":[73.7926619,20.008015]},"properties":{"Taluka":"Nashik","Zone":"Panchavati","Category":"Mandir / Temple","Name":"Shree Siddh Laxmi Mandir","Type":"Hindu Temple","Rating":"4.7","Review Count":"14","Address":"Ramkund, 2Q5V+633, Panchavati, Nashik, Maharashtra 422003, India","Maps Link":"https://maps.google.com/?cid=9728822965539657164&g_mp=Cidnb29nbGUubWFwcy5wbGFjZXMudjEuUGxhY2VzLlNlYXJjaFRleHQQAhgEIAA"}},{"type":"Feature","geometry":{"type":"Point","coordinates":[73.7921603,20.0042521]},"properties":{"Taluka":"Nashik","Zone":"Panchavati","Category":"Mandir / Temple","Name":"Shree Siddheswar Mandir","Type":"Place of Worship","Rating":"5","Review Count":"2","Address":"Delhi Darwaja, 2Q3R+PV3, Saraf Bazar, Panchavati, Nashik, Maharashtra 422001, India","Maps Link":"https://maps.google.com/?cid=12783753003042161616&g_mp=Cidnb29nbGUubWFwcy5wbGFjZXMudjEuUGxhY2VzLlNlYXJjaFRleHQQAhgEIAA"}},{"type":"Feature","geometry":{"type":"Point","coordinates":[73.8124029,20.0174303]},"properties":{"Taluka":"Nashik","Zone":"Panchavati","Category":"Mandir / Temple","Name":"Shree Siddhivinayak Mandir","Type":"Hindu Temple","Rating":"4.5","Review Count":"59","Phone":"0253 251 7167","Address":"2R86+XXC, Shakti Nagar, Hirawadi, Nashik, Maharashtra 422003, India","Maps Link":"https://maps.google.com/?cid=10784064182573881174&g_mp=Cidnb29nbGUubWFwcy5wbGFjZXMudjEuUGxhY2VzLlNlYXJjaFRleHQQAhgEIAA"}},{"type":"Feature","geometry":{"type":"Point","coordinates":[73.7920463,20.008394]},"properties":{"Taluka":"Nashik","Zone":"Panchavati","Category":"Mandir / Temple","Name":"Shree Sidh Hanuman Mandir","Type":"Hindu Temple","Rating":"5","Review Count":"1","Address":"Ramkund, 2Q5R+9R3, Ramkund, Panchavati, Nashik, Maharashtra 422003, India","Maps Link":"https://maps.google.com/?cid=2643560095633083889&g_mp=Cidnb29nbGUubWFwcy5wbGFjZXMudjEuUGxhY2VzLlNlYXJjaFRleHQQAhgEIAA"}},{"type":"Feature","geometry":{"type":"Point","coordinates":[73.7923364,20.0082601]},"properties":{"Taluka":"Nashik","Zone":"Panchavati","Category":"Mandir / Temple","Name":"Shree Surynarayan Mandir","Type":"Hindu Temple","Rating":"4.4","Review Count":"16","Address":"Ramkund, 2Q5R+8W4, Ramkund, Panchavati, Nashik, Maharashtra 422003, India","Opening Hours":"Monday: 6:00 AM – 12:00 PM, 5:00 – 9:00 PM | Tuesday: 6:00 AM – 12:00 PM, 5:00 – 9:00 PM | Wednesday: 6:00 AM – 12:00 PM, 5:00 – 9:00 PM | Thursday: 6:00 AM – 12:00 PM, 5:00 – 9:00 PM | Friday: 6:00 AM – 12:00 PM, 5:00 – 9:00 PM | Saturday: 6:00 AM – 12:00 PM, 5:00 – 9:00 PM | Sunday: 6:00 AM – 12:00 PM, 5:00 – 9:00 PM","Maps Link":"https://maps.google.com/?cid=14176089742556416442&g_mp=Cidnb29nbGUubWFwcy5wbGFjZXMudjEuUGxhY2VzLlNlYXJjaFRleHQQAhgEIAA"}},{"type":"Feature","geometry":{"type":"Point","coordinates":[73.807391,20.0095601]},"properties":{"Taluka":"Nashik","Zone":"Panchavati","Category":"Mandir / Temple","Name":"Shree Swaminarayan Mandir,Nashik","Type":"Hindu Temple","Rating":"4.5","Review Count":"98","Address":"Agra - Mumbai Hwy, Adgaon Naka, Vaishnavi Park, Mumbai, Nashik, Maharashtra 422003, India","Opening Hours":"Monday: 6:00 AM – 8:00 PM | Tuesday: 6:00 AM – 8:00 PM | Wednesday: 6:00 AM – 8:00 PM | Thursday: 6:00 AM – 8:00 PM | Friday: 6:00 AM – 8:00 PM | Saturday: 6:00 AM – 8:00 PM | Sunday: 6:00 AM – 8:00 PM","Maps Link":"https://maps.google.com/?cid=10873579597970773000&g_mp=Cidnb29nbGUubWFwcy5wbGFjZXMudjEuUGxhY2VzLlNlYXJjaFRleHQQAhgEIAA"}},{"type":"Feature","geometry":{"type":"Point","coordinates":[73.7984039,20.0059319]},"properties":{"Taluka":"Nashik","Zone":"Panchavati","Category":"Mandir / Temple","Name":"Shree Tila Ganpati Mandir","Type":"Hindu Temple","Rating":"5","Review Count":"11","Address":"Old Adgaon Naka, 2Q4X+99C, Panchavati Rd, Ganeshwadi, Panchavati, Nashik, Maharashtra 422003, India","Maps Link":"https://maps.google.com/?cid=14463825015891898179&g_mp=Cidnb29nbGUubWFwcy5wbGFjZXMudjEuUGxhY2VzLlNlYXJjaFRleHQQAhgEIAA"}},{"type":"Feature","geometry":{"type":"Point","coordinates":[73.792817,20.007873]},"properties":{"Taluka":"Nashik","Zone":"Panchavati","Category":"Mandir / Temple","Name":"Shree Varad Vinayak Mandir","Type":"Hindu Temple","Rating":"5","Review Count":"2","Address":"Ramkund, 2Q5V+44W, near Kapaleshwar, Panchavati, Nashik, Maharashtra 422003, India","Maps Link":"https://maps.google.com/?cid=18265323388048169327&g_mp=Cidnb29nbGUubWFwcy5wbGFjZXMudjEuUGxhY2VzLlNlYXJjaFRleHQQAhgEIAA"}},{"type":"Feature","geometry":{"type":"Point","coordinates":[73.792739,20.007641]},"properties":{"Taluka":"Nashik","Zone":"Panchavati","Category":"Mandir / Temple","Name":"Shree Vishweshwar Temple","Type":"Hindu Temple","Rating":"4.5","Review Count":"38","Address":"2Q5V+335, Panchavati, Nashik, Maharashtra 422003, India","Opening Hours":"Monday: 6:00 AM – 9:00 PM | Tuesday: 6:00 AM – 9:00 PM | Wednesday: 6:00 AM – 9:00 PM | Thursday: 6:00 AM – 9:00 PM | Friday: 6:00 AM – 9:00 PM | Saturday: 6:00 AM – 9:00 PM | Sunday: 6:00 AM – 9:00 PM","Maps Link":"https://maps.google.com/?cid=2942225453967639093&g_mp=Cidnb29nbGUubWFwcy5wbGFjZXMudjEuUGxhY2VzLlNlYXJjaFRleHQQAhgEIAA"}},{"type":"Feature","geometry":{"type":"Point","coordinates":[73.7922863,20.0086214]},"properties":{"Taluka":"Nashik","Zone":"Panchavati","Category":"Mandir / Temple","Name":"Shree Vyankatesh Balaji Mandir Panchvati Nashik","Type":"Hindu Temple","Rating":"4.6","Review Count":"17","Address":"Chathu: Sampraday Akhada, 4434, Ramkund, Panchavati, Nashik, Maharashtra 422003, India","Maps Link":"https://maps.google.com/?cid=8118803998447626415&g_mp=Cidnb29nbGUubWFwcy5wbGFjZXMudjEuUGxhY2VzLlNlYXJjaFRleHQQAhgEIAA"}},{"type":"Feature","geometry":{"type":"Point","coordinates":[73.7919226,20.007187]},"properties":{"Taluka":"Nashik","Zone":"Panchavati","Category":"Mandir / Temple","Name":"Shree Yashwantrao Maharaj Sadhu Dev Mamledar Temple","Type":"Hindu Temple","Rating":"4.5","Review Count":"47","Address":"2Q4R+VQF, Gadge Maharaj Peth, Near Ramkund, Panchavati, Nashik, Maharashtra 422001, India","Opening Hours":"Monday: 5:00 AM – 10:00 PM | Tuesday: 5:00 AM – 10:00 PM | Wednesday: 5:00 AM – 10:00 PM | Thursday: 5:00 AM – 10:00 PM | Friday: 5:00 AM – 10:00 PM | Saturday: 5:00 AM – 10:00 PM | Sunday: 5:00 AM – 10:00 PM","Maps Link":"https://maps.google.com/?cid=6933573842946157407&g_mp=Cidnb29nbGUubWFwcy5wbGFjZXMudjEuUGxhY2VzLlNlYXJjaFRleHQQAhgEIAA"}},{"type":"Feature","geometry":{"type":"Point","coordinates":[73.786212,20.0203565]},"properties":{"Taluka":"Nashik","Zone":"Panchavati","Category":"Mandir / Temple","Name":"Shri Bajarang Bali Temple, Makhamalabad Road, Panchvati, Nashik","Type":"Hindu Temple","Review Count":"0","Address":"2QCP+4FW, Pavan Nagar, Nashik, Maharashtra 422003, India","Maps Link":"https://maps.google.com/?cid=7567914328547109217&g_mp=Cidnb29nbGUubWFwcy5wbGFjZXMudjEuUGxhY2VzLlNlYXJjaFRleHQQAhgEIAA"}},{"type":"Feature","geometry":{"type":"Point","coordinates":[73.8308316,20.0193732]},"properties":{"Taluka":"Nashik","Zone":"Panchavati","Category":"Mandir / Temple","Name":"Shri Bali Maharaj Mandir","Type":"Hindu Temple","Rating":"4.6","Review Count":"1344","Address":"184, 3, Agra - Mumbai Hwy, Panchwati, Ayodhya nagari, Nashik, Maharashtra 422003, India","Opening Hours":"Monday: 7:00 AM – 10:00 PM | Tuesday: 7:00 AM – 10:00 PM | Wednesday: 7:00 AM – 10:00 PM | Thursday: 7:00 AM – 10:00 PM | Friday: 7:00 AM – 10:00 PM | Saturday: 7:00 AM – 10:00 PM | Sunday: 7:00 AM – 10:00 PM","Maps Link":"https://maps.google.com/?cid=4746039620123811662&g_mp=Cidnb29nbGUubWFwcy5wbGFjZXMudjEuUGxhY2VzLlNlYXJjaFRleHQQAhgEIAA"}},{"type":"Feature","geometry":{"type":"Point","coordinates":[73.7918183,20.0086877]},"properties":{"Taluka":"Nashik","Zone":"Panchavati","Category":"Mandir / Temple","Name":"Shri Bileshwar Mahadev Mandir","Type":"Hindu Temple","Rating":"5","Review Count":"1","Address":"Ramkund, 2Q5R+FPG, Panchavati, Nashik, Maharashtra 422003, India","Maps Link":"https://maps.google.com/?cid=7583881238700336234&g_mp=Cidnb29nbGUubWFwcy5wbGFjZXMudjEuUGxhY2VzLlNlYXJjaFRleHQQAhgEIAA"}},{"type":"Feature","geometry":{"type":"Point","coordinates":[73.7959379,20.0066749]},"properties":{"Taluka":"Nashik","Zone":"Panchavati","Category":"Mandir / Temple","Name":"Shri Hanuman Mandir","Type":"Hindu Temple","Rating":"4.8","Review Count":"8","Address":"2Q4W+M98, Panchavati Rd, Panchavati, Nashik, Maharashtra 422003, India","Opening Hours":"Monday: 6:00 AM – 10:00 PM | Tuesday: 6:00 AM – 10:00 PM | Wednesday: 6:00 AM – 10:00 PM | Thursday: 6:00 AM – 10:00 PM | Friday: 6:00 AM – 10:00 PM | Saturday: 6:00 AM – 10:00 PM | Sunday: 6:00 AM – 10:00 PM","Maps Link":"https://maps.google.com/?cid=14363696090636867321&g_mp=Cidnb29nbGUubWFwcy5wbGFjZXMudjEuUGxhY2VzLlNlYXJjaFRleHQQAhgEIAA"}},{"type":"Feature","geometry":{"type":"Point","coordinates":[73.7952288,20.0069904]},"properties":{"Taluka":"Nashik","Zone":"Panchavati","Category":"Mandir / Temple","Name":"Shri Kalaram Temple","Type":"Hindu Temple","Rating":"4.7","Review Count":"15571","Phone":"0253 262 1830","Address":"Nirman upavan C-3, Sita Gufaa Rd, opposite Kalaram Temple East door, Panchavati, Nashik, Maharashtra 422003, India","Website":"https://shrikalaramsansthannasik.org/","Opening Hours":"Monday: 5:00 AM – 10:00 PM | Tuesday: 5:00 AM – 10:00 PM | Wednesday: 5:00 AM – 10:00 PM | Thursday: 5:00 AM – 10:00 PM | Friday: 5:00 AM – 10:00 PM | Saturday: 5:00 AM – 10:00 PM | Sunday: 5:00 AM – 10:00 PM","Maps Link":"https://maps.google.com/?cid=2655358674948132439&g_mp=Cidnb29nbGUubWFwcy5wbGFjZXMudjEuUGxhY2VzLlNlYXJjaFRleHQQAhgEIAA"}},{"type":"Feature","geometry":{"type":"Point","coordinates":[73.7922019,20.0083733]},"properties":{"Taluka":"Nashik","Zone":"Panchavati","Category":"Mandir / Temple","Name":"Shri Karpureshvar Mahadev Mandir Syambhu-श्री कर्पूरेश्र्वर महादेव मंदिर(स्वयंभू)","Type":"Hindu Temple","Rating":"5","Review Count":"3","Address":"2Q5R+8VW, Ramkund, Panchavati, Nashik, Maharashtra 422003, India","Maps Link":"https://maps.google.com/?cid=9196221328204901453&g_mp=Cidnb29nbGUubWFwcy5wbGFjZXMudjEuUGxhY2VzLlNlYXJjaFRleHQQAhgEIAA"}},{"type":"Feature","geometry":{"type":"Point","coordinates":[73.8000963,20.0083441]},"properties":{"Taluka":"Nashik","Zone":"Panchavati","Category":"Mandir / Temple","Name":"Shri Laxman Rekha Temple","Type":"Historical Landmark","Rating":"4.4","Review Count":"553","Address":"Adgaon Naka, Panchavati, Nashik, Maharashtra 422003, India","Opening Hours":"Monday: 5:00 AM – 10:00 PM | Tuesday: 5:00 AM – 10:00 PM | Wednesday: 5:00 AM – 10:00 PM | Thursday: 5:00 AM – 10:00 PM | Friday: 5:00 – 10:00 AM | Saturday: 5:00 AM – 10:00 PM | Sunday: 5:00 AM – 10:00 PM","Maps Link":"https://maps.google.com/?cid=14736784702446046582&g_mp=Cidnb29nbGUubWFwcy5wbGFjZXMudjEuUGxhY2VzLlNlYXJjaFRleHQQAhgEIAA"}},{"type":"Feature","geometry":{"type":"Point","coordinates":[73.8111537,20.0014749]},"properties":{"Taluka":"Nashik","Zone":"Panchavati","Category":"Mandir / Temple","Name":"Shri Laxmi Narayan Mandir","Type":"Hindu Temple","Rating":"4.6","Review Count":"806","Phone":"0253 251 9885","Address":"2R26+HFJ, Tapovan, Nashik, Maharashtra 422003, India","Maps Link":"https://maps.google.com/?cid=16514238218730406899&g_mp=Cidnb29nbGUubWFwcy5wbGFjZXMudjEuUGxhY2VzLlNlYXJjaFRleHQQAhgEIAA"}},{"type":"Feature","geometry":{"type":"Point","coordinates":[73.7922449,20.0081986]},"properties":{"Taluka":"Nashik","Zone":"Panchavati","Category":"Mandir / Temple","Name":"Shri Mukhya Prachin Godavari Mandir","Type":"Hindu Temple","Rating":"4.5","Review Count":"10","Address":"Ramkund, 2Q5R+7VH, Ramkund, Panchavati, Nashik, Maharashtra 422003, India","Maps Link":"https://maps.google.com/?cid=11621506938882819891&g_mp=Cidnb29nbGUubWFwcy5wbGFjZXMudjEuUGxhY2VzLlNlYXJjaFRleHQQAhgEIAA"}},{"type":"Feature","geometry":{"type":"Point","coordinates":[73.7949698,20.0094094]},"properties":{"Taluka":"Nashik","Zone":"Panchavati","Category":"Mandir / Temple","Name":"Shri Navnitpriyaji Mandir Nashik","Type":"Hindu Temple","Rating":"5","Review Count":"8","Address":"2Q5V+QX9, Panchavati Karanja, Panchavati, Nashik, Maharashtra 422003, India","Opening Hours":"Monday: 7:30 – 8:30 AM, 11:30 AM – 12:00 PM, 4:45 – 5:00 PM, 5:45 – 6:00 PM, 6:30 – 6:45 PM | Tuesday: 7:30 – 8:30 AM, 11:30 AM – 12:00 PM, 4:45 – 5:00 PM, 5:45 – 6:00 PM, 6:30 – 6:45 PM | Wednesday: 7:30 – 8:30 AM, 11:30 AM – 12:00 PM, 4:45 – 5:00 PM, 5:45 – 6:00 PM, 6:30 – 6:45 PM | Thursday: 7:30 – 8:30 AM, 11:30 AM – 12:00 PM, 4:45 – 5:00 PM, 5:45 – 6:00 PM, 6:30 – 6:45 PM | Friday: 7:30 – 8:30 AM, 11:30 AM – 12:00 PM, 4:45 – 5:00 PM, 5:45 – 6:00 PM, 6:30 – 6:45 PM | Saturday: 7:30 – 8:30 AM, 11:30 AM – 12:00 PM, 4:45 – 5:00 PM, 5:45 – 6:00 PM, 6:30 – 6:45 PM | Sunday: 7:30 – 8:30 AM, 11:30 AM – 12:00 PM, 4:45 – 5:00 PM, 5:45 – 6:00 PM, 6:30 – 6:45 PM","Maps Link":"https://maps.google.com/?cid=10091957811070259537&g_mp=Cidnb29nbGUubWFwcy5wbGFjZXMudjEuUGxhY2VzLlNlYXJjaFRleHQQAhgEIAA"}},{"type":"Feature","geometry":{"type":"Point","coordinates":[73.7962439,20.0103764]},"properties":{"Taluka":"Nashik","Zone":"Panchavati","Category":"Mandir / Temple","Name":"Shri Raghunath Mandir","Type":"Hindu Temple","Rating":"4.7","Review Count":"3","Address":"2Q6W+5F5, Panchavati Rd, Panchavati, Nashik, Maharashtra 422003, India","Maps Link":"https://maps.google.com/?cid=10113550112330389355&g_mp=Cidnb29nbGUubWFwcy5wbGFjZXMudjEuUGxhY2VzLlNlYXJjaFRleHQQAhgEIAA"}},{"type":"Feature","geometry":{"type":"Point","coordinates":[73.7966701,20.0127654]},"properties":{"Taluka":"Nashik","Zone":"Panchavati","Category":"Mandir / Temple","Name":"Shri Raj Rajeshwar Mahadev Mandir","Type":"Place of Worship","Rating":"4.7","Review Count":"32","Phone":"094222 73017","Address":"Survey no.132, 7/2, Dindori Rd, near Jalaram Nagar, Adityakunj Society, Loksahakar Nagar, Nashik, Maharashtra 422003, India","Opening Hours":"Monday: Open 24 hours | Tuesday: Open 24 hours | Wednesday: Open 24 hours | Thursday: Open 24 hours | Friday: Open 24 hours | Saturday: Open 24 hours | Sunday: Open 24 hours","Maps Link":"https://maps.google.com/?cid=2678428732457936106&g_mp=Cidnb29nbGUubWFwcy5wbGFjZXMudjEuUGxhY2VzLlNlYXJjaFRleHQQAhgEIAA"}},{"type":"Feature","geometry":{"type":"Point","coordinates":[73.7278417,20.0230737]},"properties":{"Taluka":"Nashik","Zone":"Panchavati","Category":"Mandir / Temple","Name":"Shri Someshwar Mahadev Mandir","Type":"Hindu Temple","Rating":"4.6","Review Count":"5101","Address":"2PFH+64G, Road, Gangapur, Someshwar, Nashik, Maharashtra 422222, India","Opening Hours":"Monday: 6:00 AM – 6:00 PM | Tuesday: 6:00 AM – 6:00 PM | Wednesday: 6:00 AM – 6:00 PM | Thursday: 6:00 AM – 6:00 PM | Friday: 6:00 AM – 6:00 PM | Saturday: 6:00 AM – 6:00 PM | Sunday: 6:00 AM – 6:00 PM","Maps Link":"https://maps.google.com/?cid=3005986051716114066&g_mp=Cidnb29nbGUubWFwcy5wbGFjZXMudjEuUGxhY2VzLlNlYXJjaFRleHQQAhgEIAA"}},{"type":"Feature","geometry":{"type":"Point","coordinates":[73.8081471,20.0041445]},"properties":{"Taluka":"Nashik","Zone":"Panchavati","Category":"Mandir / Temple","Name":"Shri Venkatesh (Balaji) Mandir","Type":"Hindu Temple","Rating":"4.8","Review Count":"26","Phone":"098233 12615","Address":"Tapovan Rd, Tapovan, Panchavati, Nashik, Maharashtra 422003, India","Opening Hours":"Monday: 7:00 AM – 8:00 PM | Tuesday: 7:00 AM – 8:00 PM | Wednesday: 7:00 AM – 8:00 PM | Thursday: 7:00 AM – 8:00 PM | Friday: 7:00 AM – 8:00 PM | Saturday: 7:00 AM – 8:00 PM | Sunday: 7:00 AM – 8:00 PM","Maps Link":"https://maps.google.com/?cid=9806524445587133772&g_mp=Cidnb29nbGUubWFwcy5wbGFjZXMudjEuUGxhY2VzLlNlYXJjaFRleHQQAhgEIAA"}},{"type":"Feature","geometry":{"type":"Point","coordinates":[73.7953466,20.0066303]},"properties":{"Taluka":"Nashik","Zone":"Panchavati","Category":"Mandir / Temple","Name":"Shri Vitthal Mandir","Type":"Hindu Temple","Rating":"4.4","Review Count":"13","Address":"2Q4W+M45, Panchavati Rd, Near Kalaram Mandir, Panchavati, Nashik, Maharashtra 422003, India","Maps Link":"https://maps.google.com/?cid=15913576932544596220&g_mp=Cidnb29nbGUubWFwcy5wbGFjZXMudjEuUGxhY2VzLlNlYXJjaFRleHQQAhgEIAA"}},{"type":"Feature","geometry":{"type":"Point","coordinates":[73.8012788,20.0108128]},"properties":{"Taluka":"Nashik","Zone":"Panchavati","Category":"Mandir / Temple","Name":"Shriram Mandir Valmik Nagar Panchavati Nashik","Type":"Hindu Temple","Rating":"4.4","Review Count":"26","Address":"2R62+8GC, Valmik Nagar, Panchavati, Nashik, Maharashtra 422003, India","Maps Link":"https://maps.google.com/?cid=16118026696374683837&g_mp=Cidnb29nbGUubWFwcy5wbGFjZXMudjEuUGxhY2VzLlNlYXJjaFRleHQQAhgEIAA"}},{"type":"Feature","geometry":{"type":"Point","coordinates":[73.8051515,20.0012014]},"properties":{"Taluka":"Nashik","Zone":"Panchavati","Category":"Mandir / Temple","Name":"Siddh Mahakali Temple","Type":"Hindu Temple","Rating":"4.8","Review Count":"6","Address":"2R24+X7M, Kevdiban Rd, Godavari MIDC, Vaishnavi Park, Nashik, Maharashtra 422011, India","Maps Link":"https://maps.google.com/?cid=17162227319411250812&g_mp=Cidnb29nbGUubWFwcy5wbGFjZXMudjEuUGxhY2VzLlNlYXJjaFRleHQQAhgEIAA"}},{"type":"Feature","geometry":{"type":"Point","coordinates":[73.7854842,20.0092608]},"properties":{"Taluka":"Nashik","Zone":"Panchavati","Category":"Mandir / Temple","Name":"Siddheshwar Mandir","Type":"Hindu Temple","Rating":"4.6","Review Count":"195","Address":"2Q5P+P55, Raviwar Peth, Kausalya Nagar, Ram Wadi, Nashik, Maharashtra 422003, India","Maps Link":"https://maps.google.com/?cid=2202381164003079565&g_mp=Cidnb29nbGUubWFwcy5wbGFjZXMudjEuUGxhY2VzLlNlYXJjaFRleHQQAhgEIAA"}},{"type":"Feature","geometry":{"type":"Point","coordinates":[73.7836469,20.0085576]},"properties":{"Taluka":"Nashik","Zone":"Panchavati","Category":"Mandir / Temple","Name":"Siddhi Vinayak Mahadev Mandir","Type":"Hindu Temple","Rating":"4.5","Review Count":"17","Address":"2Q5M+CFC, Gharpure Ghat, Godavari Nagar, Shivaji Nagar, Nashik, Maharashtra 422002, India","Maps Link":"https://maps.google.com/?cid=9230883972875565343&g_mp=Cidnb29nbGUubWFwcy5wbGFjZXMudjEuUGxhY2VzLlNlYXJjaFRleHQQAhgEIAA"}},{"type":"Feature","geometry":{"type":"Point","coordinates":[73.7961097,20.0074975]},"properties":{"Taluka":"Nashik","Zone":"Panchavati","Category":"Mandir / Temple","Name":"Sri Goreram Mandir parnkuti trust nashik","Type":"Hindu Temple","Rating":"3.7","Review Count":"3","Address":"2Q4W+XCX, Panchavati, Nashik, Maharashtra 422003, India","Opening Hours":"Monday: 5:00 AM – 10:00 PM | Tuesday: 5:00 AM – 10:00 PM | Wednesday: 5:00 AM – 10:00 PM | Thursday: 5:00 AM – 10:00 PM | Friday: 5:00 AM – 10:00 PM | Saturday: 5:00 AM – 10:00 PM | Sunday: 5:00 AM – 10:00 PM","Maps Link":"https://maps.google.com/?cid=4790124778985794689&g_mp=Cidnb29nbGUubWFwcy5wbGFjZXMudjEuUGxhY2VzLlNlYXJjaFRleHQQAhgEIAA"}},{"type":"Feature","geometry":{"type":"Point","coordinates":[73.7933598,20.002541]},"properties":{"Taluka":"Nashik","Zone":"Panchavati","Category":"Mandir / Temple","Name":"Sri Modakeshwar Ganapati Mandir","Type":"Hindu Temple","Rating":"4.7","Review Count":"49","Address":"Godaghat, Sri Modakeshwar Ganapathi Temple, Shukla Wada, Naikwadi Pura, Panchavati, Nashik, Maharashtra 422001, India","Opening Hours":"Monday: 5:00 AM – 10:00 PM | Tuesday: 5:00 AM – 10:00 PM | Wednesday: 5:00 AM – 10:00 PM | Thursday: 5:00 AM – 10:00 PM | Friday: 5:00 AM – 10:00 PM | Saturday: 5:00 AM – 10:00 PM | Sunday: 5:00 AM – 10:00 PM","Maps Link":"https://maps.google.com/?cid=14104322245225366452&g_mp=Cidnb29nbGUubWFwcy5wbGFjZXMudjEuUGxhY2VzLlNlYXJjaFRleHQQAhgEIAA"}},{"type":"Feature","geometry":{"type":"Point","coordinates":[73.7924697,20.0082725]},"properties":{"Taluka":"Nashik","Zone":"Panchavati","Category":"Mandir / Temple","Name":"Sri Prachin Ganga Godavari Temple","Type":"Building","Review Count":"0","Address":"Sri Prachin Ganga Godavari Temple, near Shree Kapaleshwar Mahadev Mandir Panchvati Nashik, Ramkund, Panchavati, Nashik, Maharashtra 422003, India","Maps Link":"https://maps.google.com/?cid=1580375734326783916&g_mp=Cidnb29nbGUubWFwcy5wbGFjZXMudjEuUGxhY2VzLlNlYXJjaFRleHQQAhgEIAA"}},{"type":"Feature","geometry":{"type":"Point","coordinates":[73.790048,20.0081173]},"properties":{"Taluka":"Nashik","Zone":"Panchavati","Category":"Mandir / Temple","Name":"Sundar narayan mandir","Type":"Hindu Temple","Rating":"4.5","Review Count":"637","Phone":"081495 63241","Address":"shri Sundar narayan temple, near Ahilyabai Holkar Bridge, Raviwar Peth, Raviwar Karanja, Panchavati, Nashik, Maharashtra 422001, India","Opening Hours":"Monday: 10:00 AM – 6:00 PM | Tuesday: 10:00 AM – 6:00 PM | Wednesday: 10:00 AM – 6:00 PM | Thursday: 10:00 AM – 6:00 PM | Friday: 10:00 AM – 6:00 PM | Saturday: 10:00 AM – 6:00 PM | Sunday: 10:00 AM – 6:00 PM","Maps Link":"https://maps.google.com/?cid=8945954963971435588&g_mp=Cidnb29nbGUubWFwcy5wbGFjZXMudjEuUGxhY2VzLlNlYXJjaFRleHQQAhgEIAA"}},{"type":"Feature","geometry":{"type":"Point","coordinates":[73.7921967,20.0083791]},"properties":{"Taluka":"Nashik","Zone":"Panchavati","Category":"Mandir / Temple","Name":"Swayambhu Shree Baneshwar Mahadev Mandir","Type":"Hindu Temple","Rating":"4.2","Review Count":"11","Address":"Ramkund, 2Q5R+9V4, Ramkund, Panchavati, Nashik, Maharashtra 422003, India","Maps Link":"https://maps.google.com/?cid=5979024095732018356&g_mp=Cidnb29nbGUubWFwcy5wbGFjZXMudjEuUGxhY2VzLlNlYXJjaFRleHQQAhgEIAA"}},{"type":"Feature","geometry":{"type":"Point","coordinates":[73.7925445,20.0056128]},"properties":{"Taluka":"Nashik","Zone":"Panchavati","Category":"Mandir / Temple","Name":"Tarakeshwar Mahadev (Shiva) Temple","Type":"Hindu Temple","Rating":"3.8","Review Count":"6","Address":"2Q4V+62V, Bhandi Bazar, Saraf Bazar, Panchavati, Nashik, Maharashtra 422001, India","Opening Hours":"Monday: Open 24 hours | Tuesday: Open 24 hours | Wednesday: Open 24 hours | Thursday: Open 24 hours | Friday: Open 24 hours | Saturday: Open 24 hours | Sunday: Open 24 hours","Maps Link":"https://maps.google.com/?cid=5911792997311120485&g_mp=Cidnb29nbGUubWFwcy5wbGFjZXMudjEuUGxhY2VzLlNlYXJjaFRleHQQAhgEIAA"}},{"type":"Feature","geometry":{"type":"Point","coordinates":[73.7917412,20.0047788]},"properties":{"Taluka":"Nashik","Zone":"Panchavati","Category":"Mandir / Temple","Name":"Tilbhandeshwar mahadev Temple","Type":"Hindu Temple","Rating":"4.8","Review Count":"48","Address":"Saraswati Chowk, New Saraf Bazar, Saraf Bazar, Panchavati, Nashik, Maharashtra 422001, India","Opening Hours":"Monday: Open 24 hours | Tuesday: Open 24 hours | Wednesday: Open 24 hours | Thursday: Open 24 hours | Friday: Open 24 hours | Saturday: Open 24 hours | Sunday: Open 24 hours","Maps Link":"https://maps.google.com/?cid=14983787318202198017&g_mp=Cidnb29nbGUubWFwcy5wbGFjZXMudjEuUGxhY2VzLlNlYXJjaFRleHQQAhgEIAA"}},{"type":"Feature","geometry":{"type":"Point","coordinates":[73.7933212,20.0080902]},"properties":{"Taluka":"Nashik","Zone":"Panchavati","Category":"Mandir / Temple","Name":"Vishnu Mandir","Type":"Hindu Temple","Rating":"4.4","Review Count":"9","Address":"2Q5V+68P, Panchavati, Nashik, Maharashtra 422003, India","Maps Link":"https://maps.google.com/?cid=10725733707916649409&g_mp=Cidnb29nbGUubWFwcy5wbGFjZXMudjEuUGxhY2VzLlNlYXJjaFRleHQQAhgEIAA"}},{"type":"Feature","geometry":{"type":"Point","coordinates":[73.7917339,20.008737]},"properties":{"Taluka":"Nashik","Zone":"Panchavati","Category":"Mandir / Temple","Name":"Vithal Mandir","Type":"Hindu Temple","Rating":"4.2","Review Count":"11","Address":"Ramkund, 4193, Panchavati, Nashik, Maharashtra 422003, India","Maps Link":"https://maps.google.com/?cid=16664306293281507966&g_mp=Cidnb29nbGUubWFwcy5wbGFjZXMudjEuUGxhY2VzLlNlYXJjaFRleHQQAhgEIAA"}},{"type":"Feature","geometry":{"type":"Point","coordinates":[73.7915099,20.0096237]},"properties":{"Taluka":"Nashik","Zone":"Panchavati","Category":"Mandir / Temple","Name":"mandir","Type":"Hindu Temple","Rating":"3.2","Review Count":"5","Address":"2Q5R+RJR, Malegaon Motor Stand, Panchavati, Nashik, Maharashtra 422003, India","Opening Hours":"Monday: 9:00 AM – 9:00 PM | Tuesday: 9:00 AM – 9:00 PM | Wednesday: 9:00 AM – 9:00 PM | Thursday: 9:00 AM – 9:00 PM | Friday: 9:00 AM – 9:00 PM | Saturday: 9:00 AM – 9:00 PM | Sunday: 9:00 AM – 9:00 PM","Maps Link":"https://maps.google.com/?cid=14117973757786918511&g_mp=Cidnb29nbGUubWFwcy5wbGFjZXMudjEuUGxhY2VzLlNlYXJjaFRleHQQAhgEIAA"}},{"type":"Feature","geometry":{"type":"Point","coordinates":[73.7909383,20.0065177]},"properties":{"Taluka":"Nashik","Zone":"Panchavati","Category":"Mandir / Temple","Name":"गोराराम मंदिर","Type":"Hindu Temple","Rating":"4.5","Review Count":"97","Address":"Goreram mandir, Gore Ram Ln, Kharewada, Saraf Bazar, Panchavati, Nashik, Maharashtra 422001, India","Opening Hours":"Monday: 6:00 AM – 8:00 PM | Tuesday: 6:00 AM – 8:00 PM | Wednesday: 6:00 AM – 8:00 PM | Thursday: 6:00 AM – 8:00 PM | Friday: 6:00 AM – 8:00 PM | Saturday: 6:00 AM – 8:00 PM | Sunday: 6:00 AM – 8:00 PM","Maps Link":"https://maps.google.com/?cid=15519062024040528719&g_mp=Cidnb29nbGUubWFwcy5wbGFjZXMudjEuUGxhY2VzLlNlYXJjaFRleHQQAhgEIAA"}},{"type":"Feature","geometry":{"type":"Point","coordinates":[73.7931312,20.0056166]},"properties":{"Taluka":"Nashik","Zone":"Panchavati","Category":"Mandir / Temple","Name":"श्री माता सानी आसरा मंदिर","Type":"Hindu Temple","Review Count":"0","Address":"रामसेतु पुल, पंचवटी, नाशिक, महाराष्ट्र 422003, India","Maps Link":"https://maps.google.com/?cid=5137515909220198973&g_mp=Cidnb29nbGUubWFwcy5wbGFjZXMudjEuUGxhY2VzLlNlYXJjaFRleHQQAhgEIAA"}},{"type":"Feature","geometry":{"type":"Point","coordinates":[73.7922173,20.0073763]},"properties":{"Taluka":"Nashik","Zone":"Panchavati","Category":"Mandir / Temple","Name":"श्री सिद्ध पाताळेश्वर महादेव मंदिर","Type":"Place of Worship","Rating":"4.9","Review Count":"9","Address":"2Q4R+XV4, Gadge Maharaj Rd, Near Ram Kund, Panchavati, Nashik, Maharashtra 422003, India","Opening Hours":"Monday: 6:00 AM – 9:00 PM | Tuesday: 6:00 AM – 9:00 PM | Wednesday: 6:00 AM – 9:00 PM | Thursday: 6:00 AM – 9:00 PM | Friday: 6:00 AM – 9:00 PM | Saturday: 6:00 AM – 9:00 PM | Sunday: 6:00 AM – 9:00 PM","Maps Link":"https://maps.google.com/?cid=3811883021049553134&g_mp=Cidnb29nbGUubWFwcy5wbGFjZXMudjEuUGxhY2VzLlNlYXJjaFRleHQQAhgEIAA"}},{"type":"Feature","geometry":{"type":"Point","coordinates":[73.7961675,20.0072339]},"properties":{"Taluka":"Nashik","Zone":"Panchavati","Category":"Mandir / Temple","Name":"श्री हरिहरेश्वर महादेव मंदिर पंचवटी नाशिक","Type":"Hindu Temple","Rating":"4.9","Review Count":"9","Address":"2Q4W+VFV, Panchavati, Nashik, Maharashtra 422003, India","Opening Hours":"Monday: 6:00 AM – 10:00 PM | Tuesday: 6:00 AM – 10:00 PM | Wednesday: 6:00 AM – 10:00 PM | Thursday: 6:00 AM – 10:00 PM | Friday: 6:00 AM – 10:00 PM | Saturday: 6:00 AM – 10:00 PM | Sunday: 6:00 AM – 10:00 PM","Maps Link":"https://maps.google.com/?cid=423465248382514291&g_mp=Cidnb29nbGUubWFwcy5wbGFjZXMudjEuUGxhY2VzLlNlYXJjaFRleHQQAhgEIAA"}},{"type":"Feature","geometry":{"type":"Point","coordinates":[73.7956022,20.0012638]},"properties":{"Taluka":"Nashik","Zone":"Panchavati","Category":"Mandir / Temple","Name":"श्री.पनवती हरन हनुमान मंदिर","Type":"Place of Worship","Rating":"4.7","Review Count":"7","Address":"Pune Rd, Old Nashik, Naikwadi Pura, Panchavati, Nashik, Maharashtra 422001, India","Opening Hours":"Monday: 6:00 AM – 10:00 PM | Tuesday: 6:00 AM – 10:00 PM | Wednesday: 6:00 AM – 10:00 PM | Thursday: 6:00 AM – 10:00 PM | Friday: 6:00 AM – 10:00 PM | Saturday: 6:00 AM – 10:00 PM | Sunday: 6:00 AM – 10:00 PM","Maps Link":"https://maps.google.com/?cid=10952579362411163670&g_mp=Cidnb29nbGUubWFwcy5wbGFjZXMudjEuUGxhY2VzLlNlYXJjaFRleHQQAhgEIAA"}},{"type":"Feature","geometry":{"type":"Point","coordinates":[73.8188651,20.0184425]},"properties":{"Taluka":"Nashik","Zone":"Panchavati","Category":"Mandir / Temple","Name":"सदगुरु श्री शंकर महाराज देवस्थान, हिरावाडी,पंचवटी","Type":"Hindu Temple","Rating":"4.9","Review Count":"16","Address":"2R99+9GH, Keshavnagar, Engineer Colony, Hirawadi, Nashik, Maharashtra 422003, India","Opening Hours":"Monday: 6:30 AM – 1:00 PM, 4:00 – 10:00 PM | Tuesday: 6:30 AM – 1:00 PM, 4:00 – 10:00 PM | Wednesday: 6:30 AM – 1:00 PM, 4:00 – 10:00 PM | Thursday: 6:30 AM – 1:00 PM, 4:00 – 10:00 PM | Friday: 6:30 AM – 1:00 PM, 4:00 – 10:00 PM | Saturday: 6:30 AM – 1:00 PM, 4:00 – 10:00 PM | Sunday: 6:30 AM – 1:00 PM, 4:00 – 10:00 PM","Maps Link":"https://maps.google.com/?cid=1293817790882376433&g_mp=Cidnb29nbGUubWFwcy5wbGFjZXMudjEuUGxhY2VzLlNlYXJjaFRleHQQAhgEIAA"}},{"type":"Feature","geometry":{"type":"Point","coordinates":[73.7926067,20.0075811]},"properties":{"Taluka":"Nashik","Zone":"Panchavati","Category":"Tirtha / Ghat","Name":"Ganga Ghat Asthi Visarjan","Type":"Place of Worship","Rating":"4.6","Review Count":"485","Phone":"098233 87802","Address":"2Q5R+6XW, Ramkund, Panchavati, Nashik, Maharashtra 422003, India","Opening Hours":"Monday: 5:00 AM – 10:00 PM | Tuesday: 5:00 AM – 10:00 PM | Wednesday: 5:00 AM – 10:00 PM | Thursday: 5:00 AM – 10:00 PM | Friday: 5:00 AM – 10:00 PM | Saturday: 5:00 AM – 10:00 PM | Sunday: 5:00 AM – 10:00 PM","Maps Link":"https://maps.google.com/?cid=9190628413185164001&g_mp=Cidnb29nbGUubWFwcy5wbGFjZXMudjEuUGxhY2VzLlNlYXJjaFRleHQQAhgEIAA"}},{"type":"Feature","geometry":{"type":"Point","coordinates":[73.7918777,20.0095493]},"properties":{"Taluka":"Nashik","Zone":"Panchavati","Category":"Tirtha / Ghat","Name":"Ganga godavari ghat","Type":"Hindu Temple","Rating":"4.3","Review Count":"3","Address":"2Q5R+RQ6, Malegaon Motor Stand, Panchavati, Nashik, Maharashtra 422003, India","Maps Link":"https://maps.google.com/?cid=2678715748266115018&g_mp=Cidnb29nbGUubWFwcy5wbGFjZXMudjEuUGxhY2VzLlNlYXJjaFRleHQQAhgEIAA"}},{"type":"Feature","geometry":{"type":"Point","coordinates":[73.7926148,20.007803]},"properties":{"Taluka":"Nashik","Zone":"Panchavati","Category":"Tirtha / Ghat","Name":"Goda Ghat","Type":"Place of Worship","Rating":"4.6","Review Count":"156","Address":"2Q5V+33V, Panchavati, Nashik, Maharashtra 422003, India","Opening Hours":"Monday: Open 24 hours | Tuesday: Open 24 hours | Wednesday: Open 24 hours | Thursday: Open 24 hours | Friday: Open 24 hours | Saturday: Open 24 hours | Sunday: Open 24 hours","Maps Link":"https://maps.google.com/?cid=5537287402823040154&g_mp=Cidnb29nbGUubWFwcy5wbGFjZXMudjEuUGxhY2VzLlNlYXJjaFRleHQQAhgEIAA"}},{"type":"Feature","geometry":{"type":"Point","coordinates":[73.8221675,19.9893191]},"properties":{"Taluka":"Nashik","Zone":"Panchavati","Category":"Tirtha / Ghat","Name":"Godavari-Nandini River Sangam Ghat , AgarTakli HANUMAN on Island","Type":"Hindu Temple","Rating":"4.6","Review Count":"25","Address":"XRQC+PVF Agar, Takli Rd, Samta Nagar, Nashik, Maharashtra 422011, India","Maps Link":"https://maps.google.com/?cid=160559687258996764&g_mp=Cidnb29nbGUubWFwcy5wbGFjZXMudjEuUGxhY2VzLlNlYXJjaFRleHQQAhgEIAA"}},{"type":"Feature","geometry":{"type":"Point","coordinates":[73.7933451,20.00586]},"properties":{"Taluka":"Nashik","Zone":"Panchavati","Category":"Tirtha / Ghat","Name":"Lord Ram kund","Type":"Hindu Temple","Rating":"3","Review Count":"2","Address":"3, Panchavati, Nashik, Maharashtra 422003, India","Maps Link":"https://maps.google.com/?cid=5050295536546741427&g_mp=Cidnb29nbGUubWFwcy5wbGFjZXMudjEuUGxhY2VzLlNlYXJjaFRleHQQAhgEIAA"}},{"type":"Feature","geometry":{"type":"Point","coordinates":[73.7913519,20.008284]},"properties":{"Taluka":"Nashik","Zone":"Panchavati","Category":"Tirtha / Ghat","Name":"Panchavati Ghat Nashik","Type":"Hindu Temple","Rating":"4.5","Review Count":"3639","Address":"2Q5R+8G9, Panchavati, Nashik, Maharashtra 422003, India","Opening Hours":"Monday: Open 24 hours | Tuesday: Open 24 hours | Wednesday: Open 24 hours | Thursday: Open 24 hours | Friday: Open 24 hours | Saturday: Open 24 hours | Sunday: Open 24 hours","Maps Link":"https://maps.google.com/?cid=484355012999589269&g_mp=Cidnb29nbGUubWFwcy5wbGFjZXMudjEuUGxhY2VzLlNlYXJjaFRleHQQAhgEIAA"}},{"type":"Feature","geometry":{"type":"Point","coordinates":[73.7922283,20.0082123]},"properties":{"Taluka":"Nashik","Zone":"Panchavati","Category":"Tirtha / Ghat","Name":"Ramghat , Panchvati,Nashik","Type":"Hindu Temple","Rating":"4.6","Review Count":"129","Address":"2Q5R+7VQ, Ramkund, Panchavati, Nashik, Maharashtra 422003, India","Maps Link":"https://maps.google.com/?cid=7775597986608536231&g_mp=Cidnb29nbGUubWFwcy5wbGFjZXMudjEuUGxhY2VzLlNlYXJjaFRleHQQAhgEIAA"}},{"type":"Feature","geometry":{"type":"Point","coordinates":[73.792049,20.0079611]},"properties":{"Taluka":"Nashik","Zone":"Panchavati","Category":"Tirtha / Ghat","Name":"Ramkund Chakri","Type":"Hindu Temple","Rating":"4.4","Review Count":"262","Address":"2Q5R+5RM, Panchavati, Nashik, Maharashtra 422003, India","Opening Hours":"Monday: Open 24 hours | Tuesday: Open 24 hours | Wednesday: Open 24 hours | Thursday: Open 24 hours | Friday: Open 24 hours | Saturday: Open 24 hours | Sunday: Open 24 hours","Maps Link":"https://maps.google.com/?cid=15917550373099115704&g_mp=Cidnb29nbGUubWFwcy5wbGFjZXMudjEuUGxhY2VzLlNlYXJjaFRleHQQAhgEIAA"}},{"type":"Feature","geometry":{"type":"Point","coordinates":[73.7922971,20.0080653]},"properties":{"Taluka":"Nashik","Zone":"Panchavati","Category":"Tirtha / Ghat","Name":"Ramkund Panchwati","Type":"Hindu Temple","Rating":"4.4","Review Count":"9002","Phone":"098604 38063","Address":"Shop No 10, Panchavati Karanja Rd, near पांडे मिठाई, Ramkund, Panchavati, Nashik, Maharashtra 422003, India","Opening Hours":"Monday: 8:00 AM – 8:00 PM | Tuesday: 8:00 AM – 8:00 PM | Wednesday: 8:00 AM – 8:00 PM | Thursday: 8:00 AM – 8:00 PM | Friday: 8:00 AM – 8:00 PM | Saturday: 8:00 AM – 8:00 PM | Sunday: 8:00 AM – 8:00 PM","Maps Link":"https://maps.google.com/?cid=9403585643973701113&g_mp=Cidnb29nbGUubWFwcy5wbGFjZXMudjEuUGxhY2VzLlNlYXJjaFRleHQQAhgEIAA"}},{"type":"Feature","geometry":{"type":"Point","coordinates":[73.7932479,20.010157]},"properties":{"Taluka":"Nashik","Zone":"Panchavati","Category":"Tirtha / Ghat","Name":"Shri Indrakund Devshthan","Type":"Hindu Temple","Rating":"4.4","Review Count":"171","Address":"2Q6V+379, Panchavati, Nashik, Maharashtra 422003, India","Opening Hours":"Monday: 6:00 AM – 9:00 PM | Tuesday: 6:00 AM – 9:00 PM | Wednesday: 6:00 AM – 9:00 PM | Thursday: 6:00 AM – 9:00 PM | Friday: 6:00 AM – 9:00 PM | Saturday: 6:00 AM – 9:00 PM | Sunday: 6:00 AM – 9:00 PM","Maps Link":"https://maps.google.com/?cid=501476993922282801&g_mp=Cidnb29nbGUubWFwcy5wbGFjZXMudjEuUGxhY2VzLlNlYXJjaFRleHQQAhgEIAA"}},{"type":"Feature","geometry":{"type":"Point","coordinates":[73.7923383,20.0078814]},"properties":{"Taluka":"Nashik","Zone":"Panchavati","Category":"Tirtha / Ghat","Name":"Sita Kund","Type":"Hindu Temple","Rating":"5","Review Count":"2","Address":"Panchavati, Nashik, Maharashtra 422003, India","Maps Link":"https://maps.google.com/?cid=555330503192463462&g_mp=Cidnb29nbGUubWFwcy5wbGFjZXMudjEuUGxhY2VzLlNlYXJjaFRleHQQAhgEIAA"}},{"type":"Feature","geometry":{"type":"Point","coordinates":[73.79341,20.008306]},"properties":{"Taluka":"Nashik","Zone":"Panchavati","Category":"Ashram / Math","Name":"#शौनकाश्रम_ मंगल_कार्यालय_Shaunakaashram Mangal Karyalya","Type":"Wedding Venue","Rating":"3.9","Review Count":"100","Phone":"077090 58190","Address":"Bhonde Lane, panchavti, near Kapaleshwer Temple, Panchavati, Nashik, Maharashtra 422003, India","Opening Hours":"Monday: 10:00 AM – 7:00 PM | Tuesday: 10:00 AM – 7:00 PM | Wednesday: 10:00 AM – 7:00 PM | Thursday: 10:00 AM – 7:00 PM | Friday: 10:00 AM – 7:00 PM | Saturday: 10:00 AM – 7:00 PM | Sunday: Closed","Maps Link":"https://maps.google.com/?cid=6461515509324994144&g_mp=Cidnb29nbGUubWFwcy5wbGFjZXMudjEuUGxhY2VzLlNlYXJjaFRleHQQAhgEIAA"}},{"type":"Feature","geometry":{"type":"Point","coordinates":[73.7854281,20.008755]},"properties":{"Taluka":"Nashik","Zone":"Panchavati","Category":"Ashram / Math","Name":"Adharashram","Type":"Association / Organization","Rating":"4.1","Review Count":"59","Phone":"0253 295 0309","Address":"491/6, Gharapure Ghat, Raviwar Peth, Shivaji Nagar, Nashik, Maharashtra 422002, India","Website":"http://adharashram.org/","Opening Hours":"Monday: 10:00 AM – 6:00 PM | Tuesday: 10:00 AM – 6:00 PM | Wednesday: 10:00 AM – 6:00 PM | Thursday: 10:00 AM – 6:00 PM | Friday: 10:00 AM – 6:00 PM | Saturday: 10:00 AM – 6:00 PM | Sunday: 10:00 AM – 6:00 PM","Maps Link":"https://maps.google.com/?cid=410901660624710255&g_mp=Cidnb29nbGUubWFwcy5wbGFjZXMudjEuUGxhY2VzLlNlYXJjaFRleHQQAhgEIAA"}},{"type":"Feature","geometry":{"type":"Point","coordinates":[73.7883756,20.0092497]},"properties":{"Taluka":"Nashik","Zone":"Panchavati","Category":"Ashram / Math","Name":"Avdhoot Swami Ashram","Type":"Place of Worship","Rating":"4.3","Review Count":"11","Phone":"01334 227 071","Address":"2Q5Q+M9R, Gangawadi, Raviwar Karanja, Panchavati, Nashik, Maharashtra 422001, India","Maps Link":"https://maps.google.com/?cid=2619567892801640371&g_mp=Cidnb29nbGUubWFwcy5wbGFjZXMudjEuUGxhY2VzLlNlYXJjaFRleHQQAhgEIAA"}},{"type":"Feature","geometry":{"type":"Point","coordinates":[73.7616652,20.0081936]},"properties":{"Taluka":"Nashik","Zone":"Panchavati","Category":"Ashram / Math","Name":"Capuchin Ashram","Type":"Place of Worship","Rating":"4.7","Review Count":"24","Address":"St Joseph's High School Grounds, near Kilbil, Nashik, Maharashtra 422005, India","Maps Link":"https://maps.google.com/?cid=3951578548895673658&g_mp=Cidnb29nbGUubWFwcy5wbGFjZXMudjEuUGxhY2VzLlNlYXJjaFRleHQQAhgEIAA"}},{"type":"Feature","geometry":{"type":"Point","coordinates":[73.7976867,19.9932477]},"properties":{"Taluka":"Nashik","Zone":"Panchavati","Category":"Ashram / Math","Name":"Dr. Maharshi Anand Guruji Ashram","Type":"Place of Worship","Rating":"5","Review Count":"3","Address":"Shindegaon (or Shinde, 624, Nashik - Pune Rd, Dwarka, Nashik, Maharashtra 422102, India","Opening Hours":"Monday: Open 24 hours | Tuesday: Open 24 hours | Wednesday: Open 24 hours | Thursday: Open 24 hours | Friday: Open 24 hours | Saturday: Open 24 hours | Sunday: Open 24 hours","Maps Link":"https://maps.google.com/?cid=13888327455699982919&g_mp=Cidnb29nbGUubWFwcy5wbGFjZXMudjEuUGxhY2VzLlNlYXJjaFRleHQQAhgEIAA"}},{"type":"Feature","geometry":{"type":"Point","coordinates":[73.773816,19.994388]},"properties":{"Taluka":"Nashik","Zone":"Panchavati","Category":"Ashram / Math","Name":"Guru Gangeshwar Dham Ashram","Type":"Place of Worship","Rating":"4.3","Review Count":"37","Phone":"0253 258 2809","Address":"Tidke Colony, XQVF+QG4, Wild Orcade Society, Tidke Colony, Nashik, Maharashtra 422002, India","Maps Link":"https://maps.google.com/?cid=16722185266517615248&g_mp=Cidnb29nbGUubWFwcy5wbGFjZXMudjEuUGxhY2VzLlNlYXJjaFRleHQQAhgEIAA"}},{"type":"Feature","geometry":{"type":"Point","coordinates":[73.816163,20.0080852]},"properties":{"Taluka":"Nashik","Zone":"Panchavati","Category":"Ashram / Math","Name":"Janardan Swami Math","Type":"Hindu Temple","Rating":"4.7","Review Count":"527","Address":"2R58+7G9 Janardhan Swamy Mutt, Old Adgaon Naka, Vaishnavi Park, Nashik, Maharashtra 422003, India","Maps Link":"https://maps.google.com/?cid=2685263520761353983&g_mp=Cidnb29nbGUubWFwcy5wbGFjZXMudjEuUGxhY2VzLlNlYXJjaFRleHQQAhgEIAA"}},{"type":"Feature","geometry":{"type":"Point","coordinates":[73.8308823,20.013466]},"properties":{"Taluka":"Nashik","Zone":"Panchavati","Category":"Ashram / Math","Name":"Janardhan Swami Ashram","Type":"Place of Worship","Rating":"4","Review Count":"65","Address":"2R7J+99J, Dattatray Nagar, Hanuman Nagar, Nashik, Maharashtra 422003, India","Maps Link":"https://maps.google.com/?cid=1053550282285465027&g_mp=Cidnb29nbGUubWFwcy5wbGFjZXMudjEuUGxhY2VzLlNlYXJjaFRleHQQAhgEIAA"}},{"type":"Feature","geometry":{"type":"Point","coordinates":[73.7930002,20.0137381]},"properties":{"Taluka":"Nashik","Zone":"Panchavati","Category":"Ashram / Math","Name":"KAILAS MATH TRUST NASIK","Type":"Place of Worship","Rating":"4.3","Review Count":"43","Phone":"0253 251 0111","Address":"4614, Peth Rd, Rajpal Colony, Panchavati, Nashik, Maharashtra 422003, India","Maps Link":"https://maps.google.com/?cid=13819504301516754969&g_mp=Cidnb29nbGUubWFwcy5wbGFjZXMudjEuUGxhY2VzLlNlYXJjaFRleHQQAhgEIAA"}},{"type":"Feature","geometry":{"type":"Point","coordinates":[73.767538,20.0130666]},"properties":{"Taluka":"Nashik","Zone":"Panchavati","Category":"Ashram / Math","Name":"Kaka Maharaj Dekane Maharaj Aashram","Type":"Place of Worship","Rating":"4.6","Review Count":"93","Address":"2Q79+62F, Vise Mala, Arcit Vihar Wing B, Sobhag Nagar, Nashik, Maharashtra 422013, India","Website":"https://mahayoga.org/","Opening Hours":"Monday: 8:00 AM – 9:00 PM | Tuesday: 8:00 AM – 9:00 PM | Wednesday: 8:00 AM – 9:00 PM | Thursday: 8:00 AM – 9:00 PM | Friday: 8:00 AM – 9:00 PM | Saturday: 8:00 AM – 9:00 PM | Sunday: 8:00 AM – 9:00 PM","Maps Link":"https://maps.google.com/?cid=9226950443452685721&g_mp=Cidnb29nbGUubWFwcy5wbGFjZXMudjEuUGxhY2VzLlNlYXJjaFRleHQQAhgEIAA"}},{"type":"Feature","geometry":{"type":"Point","coordinates":[73.790696,20.0056407]},"properties":{"Taluka":"Nashik","Zone":"Panchavati","Category":"Ashram / Math","Name":"Kavale Math - Nashik Branch","Type":"Hindu Temple","Rating":"4.7","Review Count":"3","Address":"2Q4R+77H, Gaidhani Galli, Bohorpatti, Saraf Bazar, Panchavati, Nashik, Maharashtra 422001, India","Maps Link":"https://maps.google.com/?cid=9184585135567585254&g_mp=Cidnb29nbGUubWFwcy5wbGFjZXMudjEuUGxhY2VzLlNlYXJjaFRleHQQAhgEIAA"}},{"type":"Feature","geometry":{"type":"Point","coordinates":[73.788459,20.004321]},"properties":{"Taluka":"Nashik","Zone":"Panchavati","Category":"Ashram / Math","Name":"Nashik Ashram","Type":"Place of Worship","Rating":"4.2","Review Count":"5","Address":"2Q3Q+P9G, Mahatma Gandhi Rd, Raviwar Karanja, Panchavati, Nashik, Maharashtra 422001, India","Maps Link":"https://maps.google.com/?cid=3354032743150996445&g_mp=Cidnb29nbGUubWFwcy5wbGFjZXMudjEuUGxhY2VzLlNlYXJjaFRleHQQAhgEIAA"}},{"type":"Feature","geometry":{"type":"Point","coordinates":[73.8048673,20.0027893]},"properties":{"Taluka":"Nashik","Zone":"Panchavati","Category":"Ashram / Math","Name":"Panchavati Sitaram Pratishthan, Pejavar Matha","Type":"Hindu Temple","Rating":"4.5","Review Count":"108","Phone":"098903 37131","Address":"2R33+4W9, Kevdiban Rd, Vaishnavi Park, Nashik, Maharashtra 422003, India","Maps Link":"https://maps.google.com/?cid=12746083419682892892&g_mp=Cidnb29nbGUubWFwcy5wbGFjZXMudjEuUGxhY2VzLlNlYXJjaFRleHQQAhgEIAA"}},{"type":"Feature","geometry":{"type":"Point","coordinates":[73.828952,19.953238]},"properties":{"Taluka":"Nashik","Zone":"Panchavati","Category":"Ashram / Math","Name":"RANJEET ASHRAM","Type":"Place of Worship","Rating":"4.2","Review Count":"63","Address":"XR3H+7HW, Datta Mandir Rd, Near Punjab Colony, Jagtap Mala, Gayakhe Colony, Om Sai Colony, Nashik, Maharashtra 422101, India","Website":"http://www.ramakantmaharaj.net/","Opening Hours":"Monday: 6:00 – 9:30 AM, 11:30 AM – 1:30 PM, 5:00 – 8:00 PM | Tuesday: 6:00 – 9:30 AM, 11:30 AM – 1:30 PM, 5:00 – 8:00 PM | Wednesday: 6:00 – 9:30 AM, 11:30 AM – 1:30 PM, 5:00 – 8:00 PM | Thursday: 6:00 – 9:30 AM, 11:30 AM – 1:30 PM, 5:00 – 8:00 PM | Friday: 6:00 – 9:30 AM, 11:30 AM – 1:30 PM, 5:00 – 8:00 PM | Saturday: 6:00 – 9:30 AM, 11:30 AM – 1:30 PM, 5:00 – 8:00 PM | Sunday: 6:00 – 9:30 AM, 11:30 AM – 1:30 PM, 5:00 – 8:00 PM","Maps Link":"https://maps.google.com/?cid=5593511352383025917&g_mp=Cidnb29nbGUubWFwcy5wbGFjZXMudjEuUGxhY2VzLlNlYXJjaFRleHQQAhgEIAA"}},{"type":"Feature","geometry":{"type":"Point","coordinates":[73.7949819,20.010288]},"properties":{"Taluka":"Nashik","Zone":"Panchavati","Category":"Ashram / Math","Name":"Radhakrishna Motumal Sindhi Ashram","Type":"Place of Worship","Rating":"4.7","Review Count":"7","Phone":"0253 251 3511","Address":"2Q6V+4X9, Panchavati Karanja Rd, Opposite Manas restaurant, Panchavati Karanja, Panchavati, Nashik, Maharashtra 422003, India","Opening Hours":"Monday: Open 24 hours | Tuesday: Open 24 hours | Wednesday: Open 24 hours | Thursday: Open 24 hours | Friday: Open 24 hours | Saturday: Open 24 hours | Sunday: Open 24 hours","Maps Link":"https://maps.google.com/?cid=7133602485320680007&g_mp=Cidnb29nbGUubWFwcy5wbGFjZXMudjEuUGxhY2VzLlNlYXJjaFRleHQQAhgEIAA"}},{"type":"Feature","geometry":{"type":"Point","coordinates":[73.7962533,20.0070291]},"properties":{"Taluka":"Nashik","Zone":"Panchavati","Category":"Ashram / Math","Name":"Ramnam Adhar Ashramam","Type":"Place of Worship","Rating":"3.3","Review Count":"3","Address":"2Q4W+RG6, Panchavati, Nashik, Maharashtra 422003, India","Maps Link":"https://maps.google.com/?cid=7147555284115866433&g_mp=Cidnb29nbGUubWFwcy5wbGFjZXMudjEuUGxhY2VzLlNlYXJjaFRleHQQAhgEIAA"}},{"type":"Feature","geometry":{"type":"Point","coordinates":[73.8156514,20.0064158]},"properties":{"Taluka":"Nashik","Zone":"Panchavati","Category":"Ashram / Math","Name":"Sant Janardhan Swami Ashram","Type":"Place of Worship","Rating":"4.6","Review Count":"24","Phone":"092266 26811","Address":"2R48+H7 Janardhan Swamy Mutt, Old Adgaon Naka, Vaishnavi Park, Nashik, Maharashtra 422003, India","Maps Link":"https://maps.google.com/?cid=189556507514733998&g_mp=Cidnb29nbGUubWFwcy5wbGFjZXMudjEuUGxhY2VzLlNlYXJjaFRleHQQAhgEIAA"}},{"type":"Feature","geometry":{"type":"Point","coordinates":[73.7543854,20.0210649]},"properties":{"Taluka":"Nashik","Zone":"Panchavati","Category":"Ashram / Math","Name":"Sant Shri Asharamji Ashram","Type":"Place of Worship","Rating":"4.3","Review Count":"222","Phone":"079 2750 5010","Address":"Gangapur Road, Rambhoomi, Savarkar Nagar, Atharv Colony, Veer Sawarkar Nagar, Nashik, Maharashtra 422013, India","Website":"http://santshriasharamjiashram.org/","Opening Hours":"Monday: Open 24 hours | Tuesday: Open 24 hours | Wednesday: Open 24 hours | Thursday: Open 24 hours | Friday: Open 24 hours | Saturday: Open 24 hours | Sunday: Open 24 hours","Maps Link":"https://maps.google.com/?cid=3876996433712250196&g_mp=Cidnb29nbGUubWFwcy5wbGFjZXMudjEuUGxhY2VzLlNlYXJjaFRleHQQAhgEIAA"}},{"type":"Feature","geometry":{"type":"Point","coordinates":[73.814707,20.000664]},"properties":{"Taluka":"Nashik","Zone":"Panchavati","Category":"Ashram / Math","Name":"Shree Hans Yog Ashram Manav Utthan Seva Samiti","Type":"Place of Worship","Rating":"4.7","Review Count":"11","Phone":"0253 645 1972","Address":"2R27+7V8, Tapovan Rd, Tapovan, Near Laminozayan Bridge, Dwarka, Nashik, Maharashtra 422003, India","Maps Link":"https://maps.google.com/?cid=3292824606009178541&g_mp=Cidnb29nbGUubWFwcy5wbGFjZXMudjEuUGxhY2VzLlNlYXJjaFRleHQQAhgEIAA"}},{"type":"Feature","geometry":{"type":"Point","coordinates":[73.7961892,20.0105535]},"properties":{"Taluka":"Nashik","Zone":"Panchavati","Category":"Ashram / Math","Name":"Shree Manisha Ashram","Type":"Place of Worship","Rating":"4.1","Review Count":"8","Address":"Shree, Manisha Aashram Road, next to Vivekananda School, Panchavati, Nashik, Maharashtra 422003, India","Maps Link":"https://maps.google.com/?cid=1402403144978810201&g_mp=Cidnb29nbGUubWFwcy5wbGFjZXMudjEuUGxhY2VzLlNlYXJjaFRleHQQAhgEIAA"}},{"type":"Feature","geometry":{"type":"Point","coordinates":[73.7996483,20.0053018]},"properties":{"Taluka":"Nashik","Zone":"Panchavati","Category":"Ashram / Math","Name":"Shreedhar Swami Ashram","Type":"Hindu Temple","Rating":"4.6","Review Count":"48","Phone":"094215 60213","Address":"2R42+42R Shreedhar Swami Ashram, Plot no.13, Sahajivan Nagar, Takle Nagar, Krishna Nagar, Nashik, Maharashtra 422003, India","Opening Hours":"Monday: 8:30 AM – 3:00 PM | Tuesday: 8:30 AM – 3:00 PM | Wednesday: 8:30 AM – 3:00 PM | Thursday: 8:30 AM – 3:00 PM | Friday: 8:30 AM – 3:00 PM | Saturday: 8:30 AM – 3:00 PM | Sunday: 8:30 AM – 3:00 PM","Maps Link":"https://maps.google.com/?cid=2927968182164213567&g_mp=Cidnb29nbGUubWFwcy5wbGFjZXMudjEuUGxhY2VzLlNlYXJjaFRleHQQAhgEIAA"}},{"type":"Feature","geometry":{"type":"Point","coordinates":[73.7766192,20.0080549]},"properties":{"Taluka":"Nashik","Zone":"Panchavati","Category":"Ashram / Math","Name":"Shri Anandpur Satsang Ashram - Vimal Dham","Type":"Place of Worship","Rating":"5","Review Count":"3","Address":"2Q5G+6JH, Gangapur Rd, Anandvalli, Nashik, Maharashtra 422002, India","Opening Hours":"Monday: 4:00 AM – 9:00 PM | Tuesday: 4:00 AM – 9:00 PM | Wednesday: 4:00 AM – 9:00 PM | Thursday: 4:00 AM – 9:00 PM | Friday: 4:00 AM – 9:00 PM | Saturday: 4:00 AM – 9:00 PM | Sunday: 4:00 AM – 9:00 PM","Maps Link":"https://maps.google.com/?cid=18413007886284635446&g_mp=Cidnb29nbGUubWFwcy5wbGFjZXMudjEuUGxhY2VzLlNlYXJjaFRleHQQAhgEIAA"}},{"type":"Feature","geometry":{"type":"Point","coordinates":[73.8028113,20.0085592]},"properties":{"Taluka":"Nashik","Zone":"Panchavati","Category":"Ashram / Math","Name":"Shri Krishna tirth Ashram, Shri Kashi Vishwanath Mahadev Mandir","Type":"Hindu Temple","Rating":"4.6","Review Count":"25","Phone":"093255 61690","Address":"Shri Krishna tirth aashram, Shri Kashi Vishwanath Mahadev Mandir, Old adgonaka, Adgaon Naka, Panchavati, Nashik, Maharashtra 422003, India","Opening Hours":"Monday: 6:30 AM – 10:00 PM | Tuesday: 6:30 AM – 10:00 PM | Wednesday: 6:30 AM – 10:00 PM | Thursday: 6:30 AM – 10:00 PM | Friday: 6:30 AM – 10:00 PM | Saturday: 6:30 AM – 10:00 PM | Sunday: 6:30 AM – 10:00 PM","Maps Link":"https://maps.google.com/?cid=11093782141793780296&g_mp=Cidnb29nbGUubWFwcy5wbGFjZXMudjEuUGxhY2VzLlNlYXJjaFRleHQQAhgEIAA"}},{"type":"Feature","geometry":{"type":"Point","coordinates":[73.7944281,20.0062903]},"properties":{"Taluka":"Nashik","Zone":"Panchavati","Category":"Ashram / Math","Name":"Shri Sringeri Shankaracharya Math - Nashik Branch","Type":"Hindu Temple","Rating":"4.7","Review Count":"57","Phone":"0253 251 3824","Address":"2Q4V+GQ7, Panchavati, Nashik, Maharashtra 422003, India","Website":"https://www.sringeri.net/branches/andhra-pradesh/hyderabad/nallakunta","Opening Hours":"Monday: 7:00 AM – 12:00 PM, 4:00 – 8:00 PM | Tuesday: 7:00 AM – 12:00 PM, 4:00 – 8:00 PM | Wednesday: 7:00 AM – 12:00 PM, 4:00 – 8:00 PM | Thursday: 7:00 AM – 12:00 PM, 4:00 – 8:00 PM | Friday: 7:00 AM – 12:00 PM, 4:00 – 8:00 PM | Saturday: 7:00 AM – 12:00 PM, 4:00 – 8:00 PM | Sunday: 7:00 AM – 12:00 PM, 4:00 – 8:00 PM","Maps Link":"https://maps.google.com/?cid=1271545262798868501&g_mp=Cidnb29nbGUubWFwcy5wbGFjZXMudjEuUGxhY2VzLlNlYXJjaFRleHQQAhgEIAA"}},{"type":"Feature","geometry":{"type":"Point","coordinates":[73.7675781,20.0130625]},"properties":{"Taluka":"Nashik","Zone":"Panchavati","Category":"Ashram / Math","Name":"Sri Loknath Tirtha Swami Maharaj Ashram","Type":"Place of Worship","Rating":"4.7","Review Count":"51","Phone":"0253 231 1616","Address":"2Q79+62G, Vise Mala, Arcit Vihar Wing B, Shreerang Nagar, Nashik, Maharashtra 422013, India","Website":"http://www.mahayoga.org/","Opening Hours":"Monday: 8:00 AM – 9:00 PM | Tuesday: 8:00 AM – 9:00 PM | Wednesday: 8:00 AM – 9:00 PM | Thursday: 8:00 AM – 9:00 PM | Friday: 8:00 AM – 9:00 PM | Saturday: 8:00 AM – 9:00 PM | Sunday: 8:00 AM – 9:00 PM","Maps Link":"https://maps.google.com/?cid=14172712054500562394&g_mp=Cidnb29nbGUubWFwcy5wbGFjZXMudjEuUGxhY2VzLlNlYXJjaFRleHQQAhgEIAA"}},{"type":"Feature","geometry":{"type":"Point","coordinates":[73.8276912,20.0046027]},"properties":{"Taluka":"Nashik","Zone":"Panchavati","Category":"Ashram / Math","Name":"Sri Ramanjaney Mandir - Shri Kashi Math","Type":"Hindu Temple","Rating":"4.6","Review Count":"143","Phone":"0253 251 4177","Address":"2R3H+R3W, Nashik-Aurangabad Rd, Panchavati, Nashik, Maharashtra 422003, India","Website":"https://www.kashimath.org/","Maps Link":"https://maps.google.com/?cid=7607121587405298713&g_mp=Cidnb29nbGUubWFwcy5wbGFjZXMudjEuUGxhY2VzLlNlYXJjaFRleHQQAhgEIAA"}},{"type":"Feature","geometry":{"type":"Point","coordinates":[73.7973118,19.9874377]},"properties":{"Taluka":"Nashik","Zone":"Panchavati","Category":"Ashram / Math","Name":"Sri Sri Radha Madangopal Brahmachari Ashram","Type":"Place of Worship","Rating":"4.8","Review Count":"14","Address":"ISKCON, General Arun Kumar Vaidya Nagar, General Vaidya Nagar, Nashik, Maharashtra 422011, India","Maps Link":"https://maps.google.com/?cid=18381289509694291218&g_mp=Cidnb29nbGUubWFwcy5wbGFjZXMudjEuUGxhY2VzLlNlYXJjaFRleHQQAhgEIAA"}},{"type":"Feature","geometry":{"type":"Point","coordinates":[73.8241312,19.9424395]},"properties":{"Taluka":"Nashik","Zone":"Panchavati","Category":"Ashram / Math","Name":"Swami Janananda Guru Nityanand Ashram Trust","Type":"Place of Worship","Rating":"3.7","Review Count":"51","Address":"Gandhi Nagar Airport Area, Deolali Gaon, WRRF+XMC, Gandhi Nagar Airport Area, Nashik Road, Nashik, Maharashtra 422102, India","Maps Link":"https://maps.google.com/?cid=11089926341283115046&g_mp=Cidnb29nbGUubWFwcy5wbGFjZXMudjEuUGxhY2VzLlNlYXJjaFRleHQQAhgEIAA"}},{"type":"Feature","geometry":{"type":"Point","coordinates":[73.7643812,20.0214198]},"properties":{"Taluka":"Nashik","Zone":"Panchavati","Category":"Ashram / Math","Name":"Swami Shanti Prakash ashram","Type":"Place of Worship","Rating":"4.2","Review Count":"13","Address":"2QC7+HQ6, Goda Park (Jogging Track), D. K. Nagar, Nashik, Maharashtra 422013, India","Maps Link":"https://maps.google.com/?cid=15197804092888143478&g_mp=Cidnb29nbGUubWFwcy5wbGFjZXMudjEuUGxhY2VzLlNlYXJjaFRleHQQAhgEIAA"}},{"type":"Feature","geometry":{"type":"Point","coordinates":[73.8084545,20.0083718]},"properties":{"Taluka":"Nashik","Zone":"Panchavati","Category":"Ashram / Math","Name":"Tapovan Brahmacharya Ashram","Type":"Place of Worship","Rating":"4.2","Review Count":"379","Phone":"0253 251 4570","Address":"2R55+89W, Tapovan Rd, Adgaon Naka, Panchavati, Nashik, Maharashtra 422003, India","Maps Link":"https://maps.google.com/?cid=18174217638686030330&g_mp=Cidnb29nbGUubWFwcy5wbGFjZXMudjEuUGxhY2VzLlNlYXJjaFRleHQQAhgEIAA"}},{"type":"Feature","geometry":{"type":"Point","coordinates":[73.7930509,20.007687]},"properties":{"Taluka":"Nashik","Zone":"Panchavati","Category":"Ashram / Math","Name":"Udasin Baba Shardaram Ashram","Type":"Place of Worship","Rating":"4","Review Count":"8","Address":"Ramkund, 2Q5V+36F, Panchavati, Nashik, Maharashtra 422003, India","Maps Link":"https://maps.google.com/?cid=3906609771085369452&g_mp=Cidnb29nbGUubWFwcy5wbGFjZXMudjEuUGxhY2VzLlNlYXJjaFRleHQQAhgEIAA"}},{"type":"Feature","geometry":{"type":"Point","coordinates":[73.8018113,20.0117402]},"properties":{"Taluka":"Nashik","Zone":"Panchavati","Category":"Ashram / Math","Name":"Vatsalya Vruddhashram","Type":"Health","Rating":"4.5","Review Count":"208","Phone":"073873 86333","Address":"179/26B, off Hirawadi Road, opp. Dave Sweet & Namkeen, Damodar Nagar, Adgaon Naka, Mahalaxmi Nagar, Nashik, Maharashtra 422003, India","Website":"http://www.vatsalyavruddhashram.org/","Opening Hours":"Monday: Open 24 hours | Tuesday: Open 24 hours | Wednesday: Open 24 hours | Thursday: Open 24 hours | Friday: Open 24 hours | Saturday: Open 24 hours | Sunday: Open 24 hours","Maps Link":"https://maps.google.com/?cid=15729736914014736964&g_mp=Cidnb29nbGUubWFwcy5wbGFjZXMudjEuUGxhY2VzLlNlYXJjaFRleHQQAhgEIAA"}},{"type":"Feature","geometry":{"type":"Point","coordinates":[73.7930509,20.007687]},"properties":{"Taluka":"Nashik","Zone":"Panchavati","Category":"Ashram / Math","Name":"Vede baba Ashram","Type":"Place of Worship","Review Count":"0","Address":"Vede baba ashram mKhmalabad naka, 2Q5V+36F, Panchavati, Nashik, Maharashtra 422003, India","Maps Link":"https://maps.google.com/?cid=1148795840216209867&g_mp=Cidnb29nbGUubWFwcy5wbGFjZXMudjEuUGxhY2VzLlNlYXJjaFRleHQQAhgEIAA"}},{"type":"Feature","geometry":{"type":"Point","coordinates":[73.7924385,20.0048678]},"properties":{"Taluka":"Nashik","Zone":"Panchavati","Category":"Other Religious Site","Name":"Akhil Bhartiya Shree Swami Samarth Gurupeeth","Type":"Hindu Temple","Rating":"4.7","Review Count":"36","Address":"2Q3R+WXW, Dharmaji Khire Marg, Near Ramkund, Saraf Bazar, Panchavati, Nashik, Maharashtra 422001, India","Maps Link":"https://maps.google.com/?cid=13635654890077201109&g_mp=Cidnb29nbGUubWFwcy5wbGFjZXMudjEuUGxhY2VzLlNlYXJjaFRleHQQAhgEIAA"}},{"type":"Feature","geometry":{"type":"Point","coordinates":[73.7922156,20.0058111]},"properties":{"Taluka":"Nashik","Zone":"Panchavati","Category":"Other Religious Site","Name":"Balaji koth","Type":"Hindu Temple","Rating":"4.8","Review Count":"4","Address":"2Q4R+8VW, Gadge Maharaj Rd, Bhandi Bazar, Saraf Bazar, Panchavati, Nashik, Maharashtra 422001, India","Maps Link":"https://maps.google.com/?cid=5131931303710810602&g_mp=Cidnb29nbGUubWFwcy5wbGFjZXMudjEuUGxhY2VzLlNlYXJjaFRleHQQAhgEIAA"}},{"type":"Feature","geometry":{"type":"Point","coordinates":[73.7927275,20.0133467]},"properties":{"Taluka":"Nashik","Zone":"Panchavati","Category":"Other Religious Site","Name":"Bhaktidham","Type":"Hindu Temple","Rating":"4.4","Review Count":"2260","Address":"22, Peth Rd, Rajpal Colony, Panchavati, Nashik, Maharashtra 422003, India","Maps Link":"https://maps.google.com/?cid=3859794657137443641&g_mp=Cidnb29nbGUubWFwcy5wbGFjZXMudjEuUGxhY2VzLlNlYXJjaFRleHQQAhgEIAA"}},{"type":"Feature","geometry":{"type":"Point","coordinates":[73.7931399,20.010163]},"properties":{"Taluka":"Nashik","Zone":"Panchavati","Category":"Other Religious Site","Name":"Dakshin Mukhi Shree Rudhra Hanuman","Type":"Hindu Temple","Rating":"5","Review Count":"1","Address":"2Q6V+376, Panchavati Rd, Near Indrakund, Panchavati, Nashik, Maharashtra 422003, India","Maps Link":"https://maps.google.com/?cid=11672774334384623700&g_mp=Cidnb29nbGUubWFwcy5wbGFjZXMudjEuUGxhY2VzLlNlYXJjaFRleHQQAhgEIAA"}},{"type":"Feature","geometry":{"type":"Point","coordinates":[73.7924458,20.008159]},"properties":{"Taluka":"Nashik","Zone":"Panchavati","Category":"Other Religious Site","Name":"Goda aarti","Type":"Hindu Temple","Rating":"4.7","Review Count":"43","Address":"Sri Prachin Ganga Godavari Temple, near Shree Kapaleshwar Mahadev Mandir, Ramkund, Panchavati, Nashik, Maharashtra 422003, India","Maps Link":"https://maps.google.com/?cid=8247848710221864543&g_mp=Cidnb29nbGUubWFwcy5wbGFjZXMudjEuUGxhY2VzLlNlYXJjaFRleHQQAhgEIAA"}},{"type":"Feature","geometry":{"type":"Point","coordinates":[73.8046104,20.0036364]},"properties":{"Taluka":"Nashik","Zone":"Panchavati","Category":"Other Religious Site","Name":"Jalaram Bhavan","Type":"Association / Organization","Rating":"4.7","Review Count":"18","Address":"Plot No.13, 3, near Panchavati Dental College, Panchavati, Nashik, Maharashtra 422003, India","Opening Hours":"Monday: 8:30 AM – 8:30 PM | Tuesday: 8:30 AM – 8:30 PM | Wednesday: 8:30 AM – 8:30 PM | Thursday: 8:30 AM – 8:30 PM | Friday: 8:30 AM – 8:30 PM | Saturday: 8:30 AM – 8:30 PM | Sunday: 8:30 AM – 8:30 PM","Maps Link":"https://maps.google.com/?cid=1136769152233645412&g_mp=Cidnb29nbGUubWFwcy5wbGFjZXMudjEuUGxhY2VzLlNlYXJjaFRleHQQAhgEIAA"}},{"type":"Feature","geometry":{"type":"Point","coordinates":[73.791651,20.004838]},"properties":{"Taluka":"Nashik","Zone":"Panchavati","Category":"Other Religious Site","Name":"Jyotirling Devalay","Type":"Hindu Temple","Rating":"4.1","Review Count":"37","Address":"Saraswati Chowk, 2Q3R+WMJ, New Saraf Bazar, Saraf Bazar, Panchavati, Nashik, Maharashtra 422001, India","Opening Hours":"Monday: 10:00 AM – 8:00 PM | Tuesday: 10:00 AM – 8:00 PM | Wednesday: 10:00 AM – 8:00 PM | Thursday: 10:00 AM – 8:00 PM | Friday: 10:00 AM – 8:00 PM | Saturday: 10:00 AM – 8:00 PM | Sunday: 10:00 AM – 8:00 PM","Maps Link":"https://maps.google.com/?cid=1070203684779804495&g_mp=Cidnb29nbGUubWFwcy5wbGFjZXMudjEuUGxhY2VzLlNlYXJjaFRleHQQAhgEIAA"}},{"type":"Feature","geometry":{"type":"Point","coordinates":[73.7931251,20.0078091]},"properties":{"Taluka":"Nashik","Zone":"Panchavati","Category":"Other Religious Site","Name":"Kapikul Siddhapeetham","Type":"Hindu Temple","Rating":"5","Review Count":"5","Phone":"098505 91166","Address":"5714, A, Muthe Ln, next to Kapaleshwar Temple, Ramkund, Panchavati, Nashik, Maharashtra 422003, India","Website":"https://www.kapikul.com/","Opening Hours":"Monday: 7:00 AM – 10:00 PM | Tuesday: 7:00 AM – 10:00 PM | Wednesday: 7:00 AM – 10:00 PM | Thursday: 7:00 AM – 10:00 PM | Friday: 7:00 AM – 10:00 PM | Saturday: 7:00 AM – 10:00 PM | Sunday: 7:00 AM – 10:00 PM","Maps Link":"https://maps.google.com/?cid=13062323628118936207&g_mp=Cidnb29nbGUubWFwcy5wbGFjZXMudjEuUGxhY2VzLlNlYXJjaFRleHQQAhgEIAA"}},{"type":"Feature","geometry":{"type":"Point","coordinates":[73.81547,19.9998158]},"properties":{"Taluka":"Nashik","Zone":"Panchavati","Category":"Other Religious Site","Name":"Kapila Godavari Sangam Tapovan Nashik","Type":"Hindu Temple","Rating":"4.3","Review Count":"133","Address":"XRX8+W5H, Vaishnavi Park, Nashik, Maharashtra 422003, India","Maps Link":"https://maps.google.com/?cid=866296379288311220&g_mp=Cidnb29nbGUubWFwcy5wbGFjZXMudjEuUGxhY2VzLlNlYXJjaFRleHQQAhgEIAA"}},{"type":"Feature","geometry":{"type":"Point","coordinates":[73.7936476,20.0041333]},"properties":{"Taluka":"Nashik","Zone":"Panchavati","Category":"Other Religious Site","Name":"Nasik Program Venue","Type":"Hindu Temple","Rating":"4","Review Count":"7","Address":"2Q3V+MF2 sai omi ram program venue, Naikwadi Pura, Panchavati, Nashik, Maharashtra 422003, India","Maps Link":"https://maps.google.com/?cid=4465879722292535886&g_mp=Cidnb29nbGUubWFwcy5wbGFjZXMudjEuUGxhY2VzLlNlYXJjaFRleHQQAhgEIAA"}},{"type":"Feature","geometry":{"type":"Point","coordinates":[73.802989,20.0086957]},"properties":{"Taluka":"Nashik","Zone":"Panchavati","Category":"Other Religious Site","Name":"Panchmukhi Hanuman","Type":"Hindu Temple","Rating":"4.7","Review Count":"114","Address":"2R53+F5H, Adgaon Naka, Krishna Nagar, Nashik, Maharashtra 422003, India","Maps Link":"https://maps.google.com/?cid=14703651407701684414&g_mp=Cidnb29nbGUubWFwcy5wbGFjZXMudjEuUGxhY2VzLlNlYXJjaFRleHQQAhgEIAA"}},{"type":"Feature","geometry":{"type":"Point","coordinates":[73.7918777,20.0095493]},"properties":{"Taluka":"Nashik","Zone":"Panchavati","Category":"Other Religious Site","Name":"Panchvati","Type":"Hindu Temple","Rating":"4","Review Count":"1","Address":"2Q5R+RQ6, Malegaon Motor Stand, Panchavati, Nashik, Maharashtra 422003, India","Maps Link":"https://maps.google.com/?cid=10111194962531229878&g_mp=Cidnb29nbGUubWFwcy5wbGFjZXMudjEuUGxhY2VzLlNlYXJjaFRleHQQAhgEIAA"}},{"type":"Feature","geometry":{"type":"Point","coordinates":[73.7919056,20.0056132]},"properties":{"Taluka":"Nashik","Zone":"Panchavati","Category":"Other Religious Site","Name":"Sakshi Collection","Type":"Hindu Temple","Rating":"5","Review Count":"10","Phone":"095185 40681","Address":"919, Balaji Mandir, Bhandi Bazar, Saraf Bazar, Panchavati, Nashik, Maharashtra 422001, India","Opening Hours":"Monday: 10:30 AM – 8:30 PM | Tuesday: Closed | Wednesday: 10:30 AM – 8:30 PM | Thursday: 10:30 AM – 8:30 PM | Friday: 10:30 AM – 8:30 PM | Saturday: 10:30 AM – 5:00 PM | Sunday: 10:30 AM – 8:30 PM","Maps Link":"https://maps.google.com/?cid=7297257597280437185&g_mp=Cidnb29nbGUubWFwcy5wbGFjZXMudjEuUGxhY2VzLlNlYXJjaFRleHQQAhgEIAA"}},{"type":"Feature","geometry":{"type":"Point","coordinates":[73.7933046,20.0059495]},"properties":{"Taluka":"Nashik","Zone":"Panchavati","Category":"Other Religious Site","Name":"Sandvyavarchi Devi","Type":"Hindu Temple","Rating":"4.6","Review Count":"39","Address":"2Q4V+98F, Panchavati, Nashik, Maharashtra 422003, India","Maps Link":"https://maps.google.com/?cid=35632963561839322&g_mp=Cidnb29nbGUubWFwcy5wbGFjZXMudjEuUGxhY2VzLlNlYXJjaFRleHQQAhgEIAA"}},{"type":"Feature","geometry":{"type":"Point","coordinates":[73.7929331,20.0117815]},"properties":{"Taluka":"Nashik","Zone":"Panchavati","Category":"Other Religious Site","Name":"Sant baba hardasram godriwala dham","Type":"Hindu Temple","Rating":"4.7","Review Count":"18","Phone":"098500 96649","Address":"2Q6V+P57, Malegaon Stand, Panchavati, Nashik, Maharashtra 422003, India","Opening Hours":"Monday: 7:00 AM – 10:00 PM | Tuesday: 7:00 AM – 10:00 PM | Wednesday: 7:00 AM – 10:00 PM | Thursday: 7:00 AM – 10:00 PM | Friday: 7:00 AM – 10:00 PM | Saturday: 7:00 AM – 10:00 PM | Sunday: 7:00 AM – 10:00 PM","Maps Link":"https://maps.google.com/?cid=3930209847221502604&g_mp=Cidnb29nbGUubWFwcy5wbGFjZXMudjEuUGxhY2VzLlNlYXJjaFRleHQQAhgEIAA"}},{"type":"Feature","geometry":{"type":"Point","coordinates":[73.7935399,20.0094717]},"properties":{"Taluka":"Nashik","Zone":"Panchavati","Category":"Other Religious Site","Name":"Shree Mahaprabhuji Baithak 36th","Type":"Hindu Temple","Rating":"4.6","Review Count":"204","Phone":"098225 11588","Address":"Shri Mahaprabhuji Baithak, 4427, Panchavati Karanja Rd, opp. Indra Kund, opp. Petrol Pump, Panchavati, Nashik, Maharashtra 422003, India","Opening Hours":"Monday: 7:30 – 8:00 AM, 9:30 – 10:00 AM, 11:30 AM – 12:15 PM, 4:30 – 4:45 PM, 6:00 – 6:30 PM | Tuesday: 7:30 – 8:00 AM, 9:30 – 10:00 AM, 11:30 AM – 12:15 PM, 4:30 – 4:45 PM, 6:00 – 6:30 PM | Wednesday: 7:30 – 8:00 AM, 9:30 – 10:00 AM, 11:30 AM – 12:15 PM, 4:30 – 4:45 PM, 6:00 – 6:30 PM | Thursday: 7:30 – 8:00 AM, 9:30 – 10:00 AM, 11:30 AM – 12:15 PM, 4:30 – 4:45 PM, 6:00 – 6:30 PM | Friday: 7:30 – 8:00 AM, 9:30 – 10:00 AM, 11:30 AM – 12:15 PM, 4:30 – 4:45 PM, 6:00 – 6:30 PM | Saturday: 7:30 – 8:00 AM, 9:30 – 10:00 AM, 11:30 AM – 12:15 PM, 4:30 – 4:45 PM, 6:00 – 6:30 PM | Sunday: 7:30 – 8:00 AM, 9:30 – 10:00 AM, 11:30 AM – 12:15 PM, 4:30 – 4:45 PM, 6:00 – 6:30 PM","Maps Link":"https://maps.google.com/?cid=16398761351275857829&g_mp=Cidnb29nbGUubWFwcy5wbGFjZXMudjEuUGxhY2VzLlNlYXJjaFRleHQQAhgEIAA"}},{"type":"Feature","geometry":{"type":"Point","coordinates":[73.7903659,20.004275]},"properties":{"Taluka":"Nashik","Zone":"Panchavati","Category":"Other Religious Site","Name":"Shree Safala Panchamukhi Hanuman Ji","Type":"Hindu Temple","Rating":"4.5","Review Count":"24","Address":"2Q3R+P49, Saraf Bazar, Panchavati, Nashik, Maharashtra 422001, India","Maps Link":"https://maps.google.com/?cid=16064217206102056278&g_mp=Cidnb29nbGUubWFwcy5wbGFjZXMudjEuUGxhY2VzLlNlYXJjaFRleHQQAhgEIAA"}},{"type":"Feature","geometry":{"type":"Point","coordinates":[73.7920364,20.0082998]},"properties":{"Taluka":"Nashik","Zone":"Panchavati","Category":"Other Religious Site","Name":"Shree Tyageshwar Mahadev","Type":"Hindu Temple","Rating":"4.8","Review Count":"9","Address":"Ramkund, 2Q5R+8R7, Ramkund, Panchavati, Nashik, Maharashtra 422003, India","Maps Link":"https://maps.google.com/?cid=3776375860132537384&g_mp=Cidnb29nbGUubWFwcy5wbGFjZXMudjEuUGxhY2VzLlNlYXJjaFRleHQQAhgEIAA"}},{"type":"Feature","geometry":{"type":"Point","coordinates":[73.789577,20.006516]},"properties":{"Taluka":"Nashik","Zone":"Panchavati","Category":"Other Religious Site","Name":"Shri Siddhivinayak Chandicha Ganpati","Type":"Hindu Temple","Rating":"4.7","Review Count":"1947","Address":"2Q4R+F7F Chanidicha Ganpati Mandir, Sarkar Wada, Raviwar Karanja, Panchavati, Nashik, Maharashtra 422001, India","Opening Hours":"Monday: Open 24 hours | Tuesday: Open 24 hours | Wednesday: Open 24 hours | Thursday: Open 24 hours | Friday: Open 24 hours | Saturday: Open 24 hours | Sunday: Open 24 hours","Maps Link":"https://maps.google.com/?cid=2547011442749819777&g_mp=Cidnb29nbGUubWFwcy5wbGFjZXMudjEuUGxhY2VzLlNlYXJjaFRleHQQAhgEIAA"}},{"type":"Feature","geometry":{"type":"Point","coordinates":[73.7961144,20.0074907]},"properties":{"Taluka":"Nashik","Zone":"Panchavati","Category":"Other Religious Site","Name":"Sita Gufa","Type":"Hindu Temple","Rating":"4.5","Review Count":"7399","Address":"Sita Gufaa Rd, Panchavati, Nashik, Maharashtra 422003, India","Opening Hours":"Monday: 6:00 AM – 9:00 PM | Tuesday: 6:00 AM – 9:00 PM | Wednesday: 6:00 AM – 9:00 PM | Thursday: 6:00 AM – 9:00 PM | Friday: 6:00 AM – 9:00 PM | Saturday: 6:00 AM – 9:00 PM | Sunday: 6:00 AM – 9:00 PM","Maps Link":"https://maps.google.com/?cid=4477283128231050234&g_mp=Cidnb29nbGUubWFwcy5wbGFjZXMudjEuUGxhY2VzLlNlYXJjaFRleHQQAhgEIAA"}},{"type":"Feature","geometry":{"type":"Point","coordinates":[73.8141966,20.0005946]},"properties":{"Taluka":"Nashik","Zone":"Panchavati","Category":"Other Religious Site","Name":"Tapowan","Type":"Hindu Temple","Rating":"4.8","Review Count":"65","Address":"2R27+6MP, Tapowan, Nashik, Maharashtra 422003, India","Maps Link":"https://maps.google.com/?cid=15028241628117962036&g_mp=Cidnb29nbGUubWFwcy5wbGFjZXMudjEuUGxhY2VzLlNlYXJjaFRleHQQAhgEIAA"}},{"type":"Feature","geometry":{"type":"Point","coordinates":[73.7920476,20.0073795]},"properties":{"Taluka":"Nashik","Zone":"Panchavati","Category":"Other Religious Site","Name":"Triveni Sangam","Type":"Hindu Temple","Rating":"4.5","Review Count":"1115","Address":"Sri Prachin Ganga Godavari Temple, near Shree Kapaleshwar Mahadev Mandir, Ramkund, Panchavati, Nashik, Maharashtra 422003, India","Opening Hours":"Monday: Open 24 hours | Tuesday: Open 24 hours | Wednesday: Open 24 hours | Thursday: Open 24 hours | Friday: Open 24 hours | Saturday: Open 24 hours | Sunday: Open 24 hours","Maps Link":"https://maps.google.com/?cid=15639344783356822660&g_mp=Cidnb29nbGUubWFwcy5wbGFjZXMudjEuUGxhY2VzLlNlYXJjaFRleHQQAhgEIAA"}},{"type":"Feature","geometry":{"type":"Point","coordinates":[73.7920718,20.0059986]},"properties":{"Taluka":"Nashik","Zone":"Panchavati","Category":"Other Religious Site","Name":"और्ध्वदेहिक धर्मशाळा | Audvardehik Dharamshala","Type":"Place of Worship","Rating":"4.3","Review Count":"23","Address":"2Q4R+9RW, Gadge Maharaj Rd, Saraf Bazar, Panchavati, Nashik, Maharashtra 422001, India","Maps Link":"https://maps.google.com/?cid=7057696805609932489&g_mp=Cidnb29nbGUubWFwcy5wbGFjZXMudjEuUGxhY2VzLlNlYXJjaFRleHQQAhgEIAA"}},{"type":"Feature","geometry":{"type":"Point","coordinates":[73.8150505,20.000745]},"properties":{"Taluka":"Nashik","Zone":"Panchavati","Category":"Other Religious Site","Name":"श्री राम भगवान का वनवास स्थान (Ram ka vanvas)","Type":"Place of Worship","Rating":"4.7","Review Count":"10","Address":"2R28+828, Vaishnavi Park, Nashik, Maharashtra 422003, India","Maps Link":"https://maps.google.com/?cid=547462558499320444&g_mp=Cidnb29nbGUubWFwcy5wbGFjZXMudjEuUGxhY2VzLlNlYXJjaFRleHQQAhgEIAA"}},{"type":"Feature","geometry":{"type":"Point","coordinates":[73.829746,19.960475]},"properties":{"Taluka":"Nashik","Zone":"Nashik Central","Category":"Mandir / Temple","Name":"BIRLA AROGYA MANDIR","Type":"Hindu Temple","Rating":"4.4","Review Count":"142","Address":"XR6H+5VX, Rosa Colony, Nashik Road, Nashik, Maharashtra 422101, India","Opening Hours":"Monday: Open 24 hours | Tuesday: Open 24 hours | Wednesday: Open 24 hours | Thursday: Open 24 hours | Friday: Open 24 hours | Saturday: Open 24 hours | Sunday: Open 24 hours","Maps Link":"https://maps.google.com/?cid=16372372264158262117&g_mp=Cidnb29nbGUubWFwcy5wbGFjZXMudjEuUGxhY2VzLlNlYXJjaFRleHQQAhgEIAA"}},{"type":"Feature","geometry":{"type":"Point","coordinates":[73.7554177,20.0018252]},"properties":{"Taluka":"Nashik","Zone":"Nashik Central","Category":"Mandir / Temple","Name":"Bilvadal Shiv Mandir","Type":"Hindu Temple","Rating":"5","Review Count":"3","Address":"2Q24+P5M, Samartha Nagar, Parijat Nagar, Nashik, Maharashtra 422005, India","Opening Hours":"Monday: 5:00 AM – 10:00 PM | Tuesday: 5:00 AM – 10:00 PM | Wednesday: 5:00 AM – 10:00 PM | Thursday: 5:00 AM – 10:00 PM | Friday: 5:00 AM – 10:00 PM | Saturday: 5:00 AM – 10:00 PM | Sunday: 5:00 AM – 10:00 PM","Maps Link":"https://maps.google.com/?cid=16284154249281666122&g_mp=Cidnb29nbGUubWFwcy5wbGFjZXMudjEuUGxhY2VzLlNlYXJjaFRleHQQAhgEIAA"}},{"type":"Feature","geometry":{"type":"Point","coordinates":[73.7485414,19.9826151]},"properties":{"Taluka":"Nashik","Zone":"Nashik Central","Category":"Mandir / Temple","Name":"Dakshin Mukhi Hanuman Mandir","Type":"Hindu Temple","Rating":"4.7","Review Count":"222","Address":"XPMX+2CV, ITI Ambad Rd, Pandav Nagari, Mogal Nagar, Nashik, Maharashtra 422008, India","Opening Hours":"Monday: 6:00 AM – 9:00 PM | Tuesday: 6:00 AM – 9:00 PM | Wednesday: 6:00 AM – 9:00 PM | Thursday: 6:00 AM – 9:00 PM | Friday: 6:00 AM – 9:00 PM | Saturday: 6:00 AM – 9:00 PM | Sunday: 6:00 AM – 9:00 PM","Maps Link":"https://maps.google.com/?cid=12855417661563468202&g_mp=Cidnb29nbGUubWFwcy5wbGFjZXMudjEuUGxhY2VzLlNlYXJjaFRleHQQAhgEIAA"}},{"type":"Feature","geometry":{"type":"Point","coordinates":[73.792494,19.9967302]},"properties":{"Taluka":"Nashik","Zone":"Nashik Central","Category":"Mandir / Temple","Name":"Dande Hanuman Mandir","Type":"Hindu Temple","Rating":"4.7","Review Count":"40","Phone":"072193 61236","Address":"Adarsh Road, dande hanuman chowk, Old Nashik, Multanpura, Nashik, Maharashtra 422001, India","Opening Hours":"Monday: 8:00 AM – 10:00 PM | Tuesday: 8:00 AM – 10:00 PM | Wednesday: 8:00 AM – 11:00 PM | Thursday: 8:00 AM – 11:00 PM | Friday: 8:00 AM – 11:00 PM | Saturday: 8:00 AM – 10:00 PM | Sunday: 8:00 AM – 11:00 PM","Maps Link":"https://maps.google.com/?cid=9042597871523302545&g_mp=Cidnb29nbGUubWFwcy5wbGFjZXMudjEuUGxhY2VzLlNlYXJjaFRleHQQAhgEIAA"}},{"type":"Feature","geometry":{"type":"Point","coordinates":[73.7674758,19.9970692]},"properties":{"Taluka":"Nashik","Zone":"Nashik Central","Category":"Mandir / Temple","Name":"Datta Mandir","Type":"Hindu Temple","Rating":"4.6","Review Count":"22","Address":"XQW8+RXH, Boys Town Rd, P&T Colony, Nashik, Maharashtra 422002, India","Maps Link":"https://maps.google.com/?cid=17061859929482900091&g_mp=Cidnb29nbGUubWFwcy5wbGFjZXMudjEuUGxhY2VzLlNlYXJjaFRleHQQAhgEIAA"}},{"type":"Feature","geometry":{"type":"Point","coordinates":[73.771404,19.9772667]},"properties":{"Taluka":"Nashik","Zone":"Nashik Central","Category":"Mandir / Temple","Name":"Devi Mandir","Type":"Hindu Temple","Rating":"4.3","Review Count":"6","Address":"Old Sidco, Shivaji Chowk, New Nasik, XQGC+WH2, Old Cidco, Shanti Nagar, Lekha Nagar, New Nasik, Nashik, Maharashtra 422009, India","Maps Link":"https://maps.google.com/?cid=8740453267275342187&g_mp=Cidnb29nbGUubWFwcy5wbGFjZXMudjEuUGxhY2VzLlNlYXJjaFRleHQQAhgEIAA"}},{"type":"Feature","geometry":{"type":"Point","coordinates":[73.7804511,20.0580448]},"properties":{"Taluka":"Nashik","Zone":"Nashik Central","Category":"Mandir / Temple","Name":"Devi Mandir","Type":"Hindu Temple","Rating":"4.6","Review Count":"14","Address":"3Q5J+658, Makhmalabad, Nashik, Maharashtra 422003, India","Maps Link":"https://maps.google.com/?cid=2819521941045319740&g_mp=Cidnb29nbGUubWFwcy5wbGFjZXMudjEuUGxhY2VzLlNlYXJjaFRleHQQAhgEIAA"}},{"type":"Feature","geometry":{"type":"Point","coordinates":[73.7984081,20.013206]},"properties":{"Taluka":"Nashik","Zone":"Nashik Central","Category":"Mandir / Temple","Name":"Devi Mandir","Type":"Hindu Temple","Rating":"5","Review Count":"1","Address":"2Q7X+79M, Adityakunj Society, Loksahakar Nagar, Nashik, Maharashtra 422003, India","Maps Link":"https://maps.google.com/?cid=1359937044233600857&g_mp=Cidnb29nbGUubWFwcy5wbGFjZXMudjEuUGxhY2VzLlNlYXJjaFRleHQQAhgEIAA"}},{"type":"Feature","geometry":{"type":"Point","coordinates":[73.837188,19.9479149]},"properties":{"Taluka":"Nashik","Zone":"Nashik Central","Category":"Mandir / Temple","Name":"Durga Devi Mandir","Type":"Hindu Temple","Rating":"4.6","Review Count":"39","Address":"Near, Nashik - Shirdi Rd, Rajwada Nagar, Nashik Road, Nashik, Maharashtra 422101, India","Maps Link":"https://maps.google.com/?cid=16470219340978074824&g_mp=Cidnb29nbGUubWFwcy5wbGFjZXMudjEuUGxhY2VzLlNlYXJjaFRleHQQAhgEIAA"}},{"type":"Feature","geometry":{"type":"Point","coordinates":[73.8226914,20.0113064]},"properties":{"Taluka":"Nashik","Zone":"Nashik Central","Category":"Mandir / Temple","Name":"Durga Devi Mandir","Type":"Hindu Temple","Rating":"4.4","Review Count":"19","Address":"2R6F+G3G, Amrutdham, Nashik, Maharashtra 422003, India","Maps Link":"https://maps.google.com/?cid=12860472328081173986&g_mp=Cidnb29nbGUubWFwcy5wbGFjZXMudjEuUGxhY2VzLlNlYXJjaFRleHQQAhgEIAA"}},{"type":"Feature","geometry":{"type":"Point","coordinates":[73.7866169,19.99647]},"properties":{"Taluka":"Nashik","Zone":"Nashik Central","Category":"Mandir / Temple","Name":"Durga Mata Mandir","Type":"Hindu Temple","Rating":"4","Review Count":"1","Address":"XQWP+HJQ, ND Patel Rd, Panchasheel Nagar, Nashik, Maharashtra 422001, India","Maps Link":"https://maps.google.com/?cid=11187497920345851852&g_mp=Cidnb29nbGUubWFwcy5wbGFjZXMudjEuUGxhY2VzLlNlYXJjaFRleHQQAhgEIAA"}},{"type":"Feature","geometry":{"type":"Point","coordinates":[73.7510757,20.0027066]},"properties":{"Taluka":"Nashik","Zone":"Nashik Central","Category":"Mandir / Temple","Name":"Durga Mata Mandir","Type":"Hindu Temple","Rating":"3.5","Review Count":"8","Address":"2Q32+3CP, Dr BS Moonje Marg, Vanvihar Colony, Mahatma Nagar, Parijat Nagar, Nashik, Maharashtra 422005, India","Maps Link":"https://maps.google.com/?cid=9590714964120767166&g_mp=Cidnb29nbGUubWFwcy5wbGFjZXMudjEuUGxhY2VzLlNlYXJjaFRleHQQAhgEIAA"}},{"type":"Feature","geometry":{"type":"Point","coordinates":[73.7563276,19.9842963]},"properties":{"Taluka":"Nashik","Zone":"Nashik Central","Category":"Mandir / Temple","Name":"Durgamata Mandir","Type":"Hindu Temple","Rating":"4.5","Review Count":"73","Address":"1,Hedgewar Nagar,Datta Mandir Stop, Untwadi Rd, Shivshakti Nagar, Nashik, Maharashtra 422008, India","Maps Link":"https://maps.google.com/?cid=7599528529516839522&g_mp=Cidnb29nbGUubWFwcy5wbGFjZXMudjEuUGxhY2VzLlNlYXJjaFRleHQQAhgEIAA"}},{"type":"Feature","geometry":{"type":"Point","coordinates":[73.801709,19.979992]},"properties":{"Taluka":"Nashik","Zone":"Nashik Central","Category":"Mandir / Temple","Name":"Ganapati Mandir","Type":"Hindu Temple","Rating":"4.5","Review Count":"4","Address":"XRH2+XMW, Ashoka Marg, Siddhivinayak Park, Kalpataru Nagar, Nashik, Maharashtra 422011, India","Maps Link":"https://maps.google.com/?cid=7429970412611340544&g_mp=Cidnb29nbGUubWFwcy5wbGFjZXMudjEuUGxhY2VzLlNlYXJjaFRleHQQAhgEIAA"}},{"type":"Feature","geometry":{"type":"Point","coordinates":[73.7623087,19.9922816]},"properties":{"Taluka":"Nashik","Zone":"Nashik Central","Category":"Mandir / Temple","Name":"Ganapati Temple","Type":"Hindu Temple","Rating":"4.5","Review Count":"64","Address":"XQR6+WW7, Forest Colony, Parijat Nagar, Nashik, Maharashtra 422002, India","Opening Hours":"Monday: Open 24 hours | Tuesday: Open 24 hours | Wednesday: Open 24 hours | Thursday: Open 24 hours | Friday: Open 24 hours | Saturday: Open 24 hours | Sunday: Open 24 hours","Maps Link":"https://maps.google.com/?cid=646688300983082117&g_mp=Cidnb29nbGUubWFwcy5wbGFjZXMudjEuUGxhY2VzLlNlYXJjaFRleHQQAhgEIAA"}},{"type":"Feature","geometry":{"type":"Point","coordinates":[73.801357,20.0055176]},"properties":{"Taluka":"Nashik","Zone":"Nashik Central","Category":"Mandir / Temple","Name":"Ganapati Temple","Type":"Hindu Temple","Rating":"4","Review Count":"1","Address":"2R42+6G5, Krishna Nagar, Nashik, Maharashtra 422003, India","Maps Link":"https://maps.google.com/?cid=8432952339036043580&g_mp=Cidnb29nbGUubWFwcy5wbGFjZXMudjEuUGxhY2VzLlNlYXJjaFRleHQQAhgEIAA"}},{"type":"Feature","geometry":{"type":"Point","coordinates":[73.7474421,19.9711988]},"properties":{"Taluka":"Nashik","Zone":"Nashik Central","Category":"Mandir / Temple","Name":"Ganapati Temple","Type":"Hindu Temple","Rating":"5","Review Count":"1","Address":"A/54, Nandanvan Colony, Dgp Nagar, Nandanvan Colony, Kamatwade, Nashik, Maharashtra 422010, India","Opening Hours":"Monday: 6:30 AM – 8:30 PM | Tuesday: 6:30 AM – 8:30 PM | Wednesday: 6:30 AM – 8:30 PM | Thursday: 6:30 AM – 8:30 PM | Friday: 6:30 AM – 8:30 PM | Saturday: 6:30 AM – 8:30 PM | Sunday: 6:30 AM – 8:30 PM","Maps Link":"https://maps.google.com/?cid=16340689503569470822&g_mp=Cidnb29nbGUubWFwcy5wbGFjZXMudjEuUGxhY2VzLlNlYXJjaFRleHQQAhgEIAA"}},{"type":"Feature","geometry":{"type":"Point","coordinates":[73.8026004,19.9818928]},"properties":{"Taluka":"Nashik","Zone":"Nashik Central","Category":"Mandir / Temple","Name":"Ganesh Baba Gurudev Samadhi Mandir","Type":"Hindu Temple","Rating":"4.8","Review Count":"33","Address":"Plot No : 21, Nashik - Pune Rd, Ganesh Baba Marg, Samadhi Mandir, Mahamane Park, Ganesh Baba Nagar, Nashik, Maharashtra 422011, India","Maps Link":"https://maps.google.com/?cid=7232401248784765921&g_mp=Cidnb29nbGUubWFwcy5wbGFjZXMudjEuUGxhY2VzLlNlYXJjaFRleHQQAhgEIAA"}},{"type":"Feature","geometry":{"type":"Point","coordinates":[73.7524021,20.0157501]},"properties":{"Taluka":"Nashik","Zone":"Nashik Central","Category":"Mandir / Temple","Name":"Ganesh Mandir - Savarkar Nagar","Type":"Hindu Temple","Rating":"4.3","Review Count":"23","Address":"2Q82+8X2, Shanker Nagar, Savarkar Nagar, Nashik, Maharashtra 422013, India","Opening Hours":"Monday: Open 24 hours | Tuesday: Open 24 hours | Wednesday: Open 24 hours | Thursday: Open 24 hours | Friday: Open 24 hours | Saturday: Open 24 hours | Sunday: Open 24 hours","Maps Link":"https://maps.google.com/?cid=13313831913884785329&g_mp=Cidnb29nbGUubWFwcy5wbGFjZXMudjEuUGxhY2VzLlNlYXJjaFRleHQQAhgEIAA"}},{"type":"Feature","geometry":{"type":"Point","coordinates":[73.7526353,19.9971698]},"properties":{"Taluka":"Nashik","Zone":"Nashik Central","Category":"Mandir / Temple","Name":"Ganesh Temple","Type":"Hindu Temple","Rating":"4.3","Review Count":"9","Address":"XQW3+V36, B Rd, Mahatma Nagar, Satpur Colony, Nashik, Maharashtra 422005, India","Maps Link":"https://maps.google.com/?cid=1953359596199427308&g_mp=Cidnb29nbGUubWFwcy5wbGFjZXMudjEuUGxhY2VzLlNlYXJjaFRleHQQAhgEIAA"}},{"type":"Feature","geometry":{"type":"Point","coordinates":[73.8296206,19.9524556]},"properties":{"Taluka":"Nashik","Zone":"Nashik Central","Category":"Mandir / Temple","Name":"Ganpati & Shani Mandir, Jagtap Mala, Nasik Road","Type":"Hindu Temple","Rating":"4.5","Review Count":"13","Address":"XR2H+XRQ, Datta Mandir Rd, Near Om Sai Colony, Jagtap Mala, Matoshri Nagar, Nashik Road, Nashik, Maharashtra 422101, India","Maps Link":"https://maps.google.com/?cid=16392187311706919176&g_mp=Cidnb29nbGUubWFwcy5wbGFjZXMudjEuUGxhY2VzLlNlYXJjaFRleHQQAhgEIAA"}},{"type":"Feature","geometry":{"type":"Point","coordinates":[73.7914102,20.0018111]},"properties":{"Taluka":"Nashik","Zone":"Nashik Central","Category":"Mandir / Temple","Name":"Ganpati Mandir","Type":"Hindu Temple","Rating":"4.4","Review Count":"18","Address":"2Q2R+PHF, Main Rd, Shinde Wada, Naikwadi Pura, Shalimar, Nashik, Maharashtra 422001, India","Maps Link":"https://maps.google.com/?cid=10229560334632541561&g_mp=Cidnb29nbGUubWFwcy5wbGFjZXMudjEuUGxhY2VzLlNlYXJjaFRleHQQAhgEIAA"}},{"type":"Feature","geometry":{"type":"Point","coordinates":[73.756812,19.9691701]},"properties":{"Taluka":"Nashik","Zone":"Nashik Central","Category":"Mandir / Temple","Name":"Ganpati Mandir","Type":"Hindu Temple","Rating":"4.6","Review Count":"17","Address":"XQ94+MP7, Pelican Park Rd, Rajratna Nagar, Cidco, Nashik, Maharashtra 422008, India","Maps Link":"https://maps.google.com/?cid=12412425080302107892&g_mp=Cidnb29nbGUubWFwcy5wbGFjZXMudjEuUGxhY2VzLlNlYXJjaFRleHQQAhgEIAA"}},{"type":"Feature","geometry":{"type":"Point","coordinates":[73.8377761,19.9631408]},"properties":{"Taluka":"Nashik","Zone":"Nashik Central","Category":"Mandir / Temple","Name":"Ganpati Mandir","Type":"Hindu Temple","Rating":"4.5","Review Count":"18","Address":"XR7Q+742, Currency Note Press Colony, DattaMandir, Sane Guruji Nagar, Nashik, Maharashtra 422101, India","Maps Link":"https://maps.google.com/?cid=12249942594052978613&g_mp=Cidnb29nbGUubWFwcy5wbGFjZXMudjEuUGxhY2VzLlNlYXJjaFRleHQQAhgEIAA"}},{"type":"Feature","geometry":{"type":"Point","coordinates":[73.75876,19.9582419]},"properties":{"Taluka":"Nashik","Zone":"Nashik Central","Category":"Mandir / Temple","Name":"Ganpati Mandir","Type":"Hindu Temple","Rating":"4.7","Review Count":"9","Address":"Ashwin Nagar Service Rd, Ashwin Nagar, Nashik, Maharashtra 422009, India","Maps Link":"https://maps.google.com/?cid=1644141415516976651&g_mp=Cidnb29nbGUubWFwcy5wbGFjZXMudjEuUGxhY2VzLlNlYXJjaFRleHQQAhgEIAA"}},{"type":"Feature","geometry":{"type":"Point","coordinates":[73.7660728,19.9690951]},"properties":{"Taluka":"Nashik","Zone":"Nashik Central","Category":"Mandir / Temple","Name":"Ganpati Mandir","Type":"Hindu Temple","Rating":"5","Review Count":"1","Address":"XQ98+JCP, Ganesh Chowk, Shri Ram Colony, Nashik, Maharashtra 422009, India","Maps Link":"https://maps.google.com/?cid=7422449617250025231&g_mp=Cidnb29nbGUubWFwcy5wbGFjZXMudjEuUGxhY2VzLlNlYXJjaFRleHQQAhgEIAA"}},{"type":"Feature","geometry":{"type":"Point","coordinates":[73.7725451,19.9673879]},"properties":{"Taluka":"Nashik","Zone":"Nashik Central","Category":"Mandir / Temple","Name":"Ganpati Mandir","Type":"Hindu Temple","Rating":"5","Review Count":"1","Address":"XQ8F+X23, Pushpanjali (StateBank Colony), Yogakshem LIC Colony, Rajiv Nagar, Nashik, Maharashtra 422009, India","Maps Link":"https://maps.google.com/?cid=9880830145045761959&g_mp=Cidnb29nbGUubWFwcy5wbGFjZXMudjEuUGxhY2VzLlNlYXJjaFRleHQQAhgEIAA"}},{"type":"Feature","geometry":{"type":"Point","coordinates":[73.8299516,20.0113048]},"properties":{"Taluka":"Nashik","Zone":"Nashik Central","Category":"Mandir / Temple","Name":"Ganpati Mandir","Type":"Hindu Temple","Rating":"4.7","Review Count":"9","Address":"2R6H+GXG, Bidi Kamgar Colony, Nashik, Maharashtra 422003, India","Maps Link":"https://maps.google.com/?cid=2187661606412612945&g_mp=Cidnb29nbGUubWFwcy5wbGFjZXMudjEuUGxhY2VzLlNlYXJjaFRleHQQAhgEIAA"}},{"type":"Feature","geometry":{"type":"Point","coordinates":[73.7704122,19.9737231]},"properties":{"Taluka":"Nashik","Zone":"Nashik Central","Category":"Mandir / Temple","Name":"Ganpati Mandir","Type":"Hindu Temple","Review Count":"0","Address":"9/2/1305, N/9/PG, Lekha Nagar Bypass Rd, Old Cidco, Lekha Nagar, Nashik, Maharashtra 422009, India","Maps Link":"https://maps.google.com/?cid=1131898342954409599&g_mp=Cidnb29nbGUubWFwcy5wbGFjZXMudjEuUGxhY2VzLlNlYXJjaFRleHQQAhgEIAA"}},{"type":"Feature","geometry":{"type":"Point","coordinates":[73.7987139,19.973693]},"properties":{"Taluka":"Nashik","Zone":"Nashik Central","Category":"Mandir / Temple","Name":"Ganpati Mandir","Type":"Hindu Temple","Rating":"3","Review Count":"1","Address":"XQFX+FFG, Khode Nagar, Tirumla Nagar, Shivgiri Nagar, Nashik, Maharashtra 422006, India","Maps Link":"https://maps.google.com/?cid=17447022081044398186&g_mp=Cidnb29nbGUubWFwcy5wbGFjZXMudjEuUGxhY2VzLlNlYXJjaFRleHQQAhgEIAA"}},{"type":"Feature","geometry":{"type":"Point","coordinates":[73.7520378,19.9667039]},"properties":{"Taluka":"Nashik","Zone":"Nashik Central","Category":"Mandir / Temple","Name":"Ganpati Mandir","Type":"Hindu Temple","Rating":"4.7","Review Count":"3","Address":"XQ82+MRM, Ambad Link Rd, Sant Janardan Swami Nagar, Jai Hind Colony, Mahajan Nagar, Nashik, Maharashtra 422010, India","Maps Link":"https://maps.google.com/?cid=12197867575016551148&g_mp=Cidnb29nbGUubWFwcy5wbGFjZXMudjEuUGxhY2VzLlNlYXJjaFRleHQQAhgEIAA"}},{"type":"Feature","geometry":{"type":"Point","coordinates":[73.8006639,20.0340773]},"properties":{"Taluka":"Nashik","Zone":"Nashik Central","Category":"Mandir / Temple","Name":"Ganpati Mandir","Type":"Hindu Temple","Rating":"5","Review Count":"1","Address":"2RM2+J7M, Gorksha Nagar, Sneha Nagar, Nashik, Maharashtra 422004, India","Maps Link":"https://maps.google.com/?cid=11878868573906401887&g_mp=Cidnb29nbGUubWFwcy5wbGFjZXMudjEuUGxhY2VzLlNlYXJjaFRleHQQAhgEIAA"}},{"type":"Feature","geometry":{"type":"Point","coordinates":[73.7576778,20.0056304]},"properties":{"Taluka":"Nashik","Zone":"Nashik Central","Category":"Mandir / Temple","Name":"Ganpati Mandir, Kalpana Nagar","Type":"Hindu Temple","Rating":"4.3","Review Count":"4","Address":"Kalpana Nagar, 2Q45+733, College Rd, Kalpana Nagar, Nashik, Maharashtra 422005, India","Maps Link":"https://maps.google.com/?cid=12891325515983644353&g_mp=Cidnb29nbGUubWFwcy5wbGFjZXMudjEuUGxhY2VzLlNlYXJjaFRleHQQAhgEIAA"}},{"type":"Feature","geometry":{"type":"Point","coordinates":[73.790701,19.990281]},"properties":{"Taluka":"Nashik","Zone":"Nashik Central","Category":"Mandir / Temple","Name":"Ganpati Temple","Type":"Hindu Temple","Rating":"3.8","Review Count":"5","Address":"XQRR+478, Mumbai-Nashik Expy Road (NH-3), Bhagwant Nagar, Dr.Homi Bhabha Nagar, Nashik, Maharashtra 422001, India","Maps Link":"https://maps.google.com/?cid=5273619063794956173&g_mp=Cidnb29nbGUubWFwcy5wbGFjZXMudjEuUGxhY2VzLlNlYXJjaFRleHQQAhgEIAA"}},{"type":"Feature","geometry":{"type":"Point","coordinates":[73.7552926,19.9815368]},"properties":{"Taluka":"Nashik","Zone":"Nashik Central","Category":"Mandir / Temple","Name":"Ganpati Temple","Type":"Hindu Temple","Rating":"3","Review Count":"3","Address":"XQJ4+J47, Ambad-Trimurti Chowk Link Rd, Trimurty Chowk, Durganagar, Nashik, Maharashtra 422008, India","Maps Link":"https://maps.google.com/?cid=5007172031328380835&g_mp=Cidnb29nbGUubWFwcy5wbGFjZXMudjEuUGxhY2VzLlNlYXJjaFRleHQQAhgEIAA"}},{"type":"Feature","geometry":{"type":"Point","coordinates":[73.792447,20.017604]},"properties":{"Taluka":"Nashik","Zone":"Nashik Central","Category":"Mandir / Temple","Name":"Ganpati Temple","Type":"Hindu Temple","Review Count":"0","Address":"2Q9R+2XW, Navnath Nagar, Nashik, Maharashtra 422003, India","Maps Link":"https://maps.google.com/?cid=2554509561674505814&g_mp=Cidnb29nbGUubWFwcy5wbGFjZXMudjEuUGxhY2VzLlNlYXJjaFRleHQQAhgEIAA"}},{"type":"Feature","geometry":{"type":"Point","coordinates":[73.7969715,19.9871235]},"properties":{"Taluka":"Nashik","Zone":"Nashik Central","Category":"Mandir / Temple","Name":"ISKCON Sri Sri Radha Madan Gopal Mandir - Nashik","Type":"Hindu Temple","Rating":"4.8","Review Count":"1963","Phone":"093090 16553","Address":"Vrindavan Colony, Hare Krishna Road Gen. Vaidya nagar, Poornima Stop, General Arun Kumar Vaidya Nagar, Dwarka, Nashik, Maharashtra 422011, India","Website":"https://iskconnasik.com/","Opening Hours":"Monday: 5:00 – 5:30 AM, 8:00 – 9:25 AM, 10:00 – 11:45 AM, 12:30 – 1:00 PM, 4:30 – 6:20 PM, 7:00 – 8:00 PM, 9:00 – 9:15 PM | Tuesday: 5:00 – 5:30 AM, 8:00 – 9:25 AM, 10:00 – 11:45 AM, 12:30 – 1:00 PM, 4:30 – 6:20 PM, 7:00 – 8:00 PM, 9:00 – 9:15 PM | Wednesday: 5:00 – 5:30 AM, 8:00 – 9:25 AM, 10:00 – 11:45 AM, 12:30 – 1:00 PM, 4:30 – 6:20 PM, 7:00 – 8:00 PM, 9:00 – 9:15 PM | Thursday: 5:00 – 5:30 AM, 8:00 – 9:25 AM, 10:00 – 11:45 AM, 12:30 – 1:00 PM, 4:30 – 6:20 PM, 7:00 – 8:00 PM, 9:00 – 9:15 PM | Friday: 5:00 – 5:30 AM, 8:00 – 9:25 AM, 10:00 – 11:45 AM, 12:30 – 1:00 PM, 4:30 – 6:20 PM, 7:00 – 8:00 PM, 9:00 – 9:15 PM | Saturday: 5:00 – 5:30 AM, 8:00 – 9:25 AM, 10:00 – 11:45 AM, 12:30 – 1:00 PM, 4:30 – 6:20 PM, 7:00 – 8:00 PM, 9:00 – 9:15 PM | Sunday: 5:00 – 5:30 AM, 8:00 – 9:25 AM, 10:00 – 11:45 AM, 12:30 – 1:00 PM, 4:30 – 6:20 PM, 7:00 – 8:00 PM, 9:00 – 9:15 PM","Maps Link":"https://maps.google.com/?cid=5573671791896869728&g_mp=Cidnb29nbGUubWFwcy5wbGFjZXMudjEuUGxhY2VzLlNlYXJjaFRleHQQAhgEIAA"}},{"type":"Feature","geometry":{"type":"Point","coordinates":[73.7793087,19.9769208]},"properties":{"Taluka":"Nashik","Zone":"Nashik Central","Category":"Mandir / Temple","Name":"Icchapurti Ganesh Mandir","Type":"Hindu Temple","Rating":"4.7","Review Count":"24","Address":"XQGH+QP7, Kamod Nagar, Indira Nagar, Nashik, Maharashtra 422009, India","Maps Link":"https://maps.google.com/?cid=7962353384146778523&g_mp=Cidnb29nbGUubWFwcy5wbGFjZXMudjEuUGxhY2VzLlNlYXJjaFRleHQQAhgEIAA"}},{"type":"Feature","geometry":{"type":"Point","coordinates":[73.798248,19.987435]},"properties":{"Taluka":"Nashik","Zone":"Nashik Central","Category":"Mandir / Temple","Name":"Ichchhapoorti Ganesh Mandir","Type":"Hindu Temple","Rating":"4.6","Review Count":"27","Address":"Gen Arunkumar Vaidya Nagar, XQPX+X7H, Nashik - Pune Rd, Jay Prasad Society, General Vaidya Nagar, Nashik, Maharashtra 422011, India","Maps Link":"https://maps.google.com/?cid=14229361459237271994&g_mp=Cidnb29nbGUubWFwcy5wbGFjZXMudjEuUGxhY2VzLlNlYXJjaFRleHQQAhgEIAA"}},{"type":"Feature","geometry":{"type":"Point","coordinates":[73.8261101,19.9487275]},"properties":{"Taluka":"Nashik","Zone":"Nashik Central","Category":"Mandir / Temple","Name":"Jai Bhawani Mandir","Type":"Hindu Temple","Rating":"4.7","Review Count":"69","Address":"WRXG+FCX, Jai Bhavani Rd, Aute Nagar, Bhavani Nagar, Nashik Road, Nashik, Maharashtra 422102, India","Opening Hours":"Monday: Open 24 hours | Tuesday: Open 24 hours | Wednesday: Open 24 hours | Thursday: Open 24 hours | Friday: Open 24 hours | Saturday: Open 24 hours | Sunday: Open 24 hours","Maps Link":"https://maps.google.com/?cid=16405437190275382798&g_mp=Cidnb29nbGUubWFwcy5wbGFjZXMudjEuUGxhY2VzLlNlYXJjaFRleHQQAhgEIAA"}},{"type":"Feature","geometry":{"type":"Point","coordinates":[73.716217,20.0101461]},"properties":{"Taluka":"Nashik","Zone":"Nashik Central","Category":"Mandir / Temple","Name":"Jai Saptashrungi Devi Mandir","Type":"Hindu Temple","Rating":"4.6","Review Count":"9","Address":"2P68+3F4, Near Dharmaji Colony, Dhurav Nagar, Druv Nagar, Nashik, Maharashtra 422012, India","Maps Link":"https://maps.google.com/?cid=17352227865904060167&g_mp=Cidnb29nbGUubWFwcy5wbGFjZXMudjEuUGxhY2VzLlNlYXJjaFRleHQQAhgEIAA"}},{"type":"Feature","geometry":{"type":"Point","coordinates":[73.8048583,20.0036061]},"properties":{"Taluka":"Nashik","Zone":"Nashik Central","Category":"Mandir / Temple","Name":"Jalaram Temple Nashik","Type":"Hindu Temple","Rating":"4.6","Review Count":"43","Address":"2R33+CWX, Vaishnavi Park, Nashik, Maharashtra 422003, India","Maps Link":"https://maps.google.com/?cid=9686200192495480992&g_mp=Cidnb29nbGUubWFwcy5wbGFjZXMudjEuUGxhY2VzLlNlYXJjaFRleHQQAhgEIAA"}},{"type":"Feature","geometry":{"type":"Point","coordinates":[73.7834149,20.013109]},"properties":{"Taluka":"Nashik","Zone":"Nashik Central","Category":"Mandir / Temple","Name":"Kalavati Aai Mandir","Type":"Hindu Temple","Rating":"4.7","Review Count":"142","Address":"2Q7M+69V, Kausalya Nagar, Adarsh Nagar, Nashik, Maharashtra 422003, India","Maps Link":"https://maps.google.com/?cid=14468832077494891900&g_mp=Cidnb29nbGUubWFwcy5wbGFjZXMudjEuUGxhY2VzLlNlYXJjaFRleHQQAhgEIAA"}},{"type":"Feature","geometry":{"type":"Point","coordinates":[73.7822158,19.9912537]},"properties":{"Taluka":"Nashik","Zone":"Nashik Central","Category":"Mandir / Temple","Name":"Kalika Mata Mandir","Type":"Hindu Temple","Rating":"4.8","Review Count":"2280","Address":"Near, Colony Road, near Nashik, Gadkari Chowk, Mumbai Naka, Matoshree Nagar, Nashik, Maharashtra 422002, India","Opening Hours":"Monday: 5:00 AM – 11:00 PM | Tuesday: 5:00 AM – 11:00 PM | Wednesday: 5:00 AM – 11:00 PM | Thursday: 5:00 AM – 11:00 PM | Friday: 5:00 AM – 11:00 PM | Saturday: 5:00 AM – 11:00 PM | Sunday: 5:00 AM – 11:00 PM","Maps Link":"https://maps.google.com/?cid=10092577727409063347&g_mp=Cidnb29nbGUubWFwcy5wbGFjZXMudjEuUGxhY2VzLlNlYXJjaFRleHQQAhgEIAA"}},{"type":"Feature","geometry":{"type":"Point","coordinates":[73.7726299,20.0012282]},"properties":{"Taluka":"Nashik","Zone":"Nashik Central","Category":"Mandir / Temple","Name":"Kamble Shree Ganesh Mandir","Type":"Place of Worship","Rating":"5","Review Count":"4","Address":"Kulkarni Colony , Kulkarni Gardan, 2Q2F+F3R, Sharanpur Rd, Racca Colony, Sharanpur, Nashik, Maharashtra 422002, India","Maps Link":"https://maps.google.com/?cid=14718090089406787470&g_mp=Cidnb29nbGUubWFwcy5wbGFjZXMudjEuUGxhY2VzLlNlYXJjaFRleHQQAhgEIAA"}},{"type":"Feature","geometry":{"type":"Point","coordinates":[73.790747,20.000183]},"properties":{"Taluka":"Nashik","Zone":"Nashik Central","Category":"Mandir / Temple","Name":"Kansara Kalika Mandir","Type":"Hindu Temple","Rating":"4.8","Review Count":"11","Address":"1774, Old Tambat Ln, Naikwadi Pura, Koknipura, Nashik, Maharashtra 422001, India","Opening Hours":"Monday: 10:00 AM – 9:00 PM | Tuesday: 10:00 AM – 9:00 PM | Wednesday: 10:00 AM – 9:00 PM | Thursday: 10:00 AM – 9:00 PM | Friday: 10:00 AM – 9:00 PM | Saturday: 10:00 AM – 9:00 PM | Sunday: 10:00 AM – 9:00 PM","Maps Link":"https://maps.google.com/?cid=270206851492901507&g_mp=Cidnb29nbGUubWFwcy5wbGFjZXMudjEuUGxhY2VzLlNlYXJjaFRleHQQAhgEIAA"}},{"type":"Feature","geometry":{"type":"Point","coordinates":[73.8057878,20.0026342]},"properties":{"Taluka":"Nashik","Zone":"Nashik Central","Category":"Mandir / Temple","Name":"Kevdiban Mhasoba Maharaj Temple","Type":"Hindu Temple","Rating":"4.6","Review Count":"32","Address":"2R34+383, Vaishnavi Park, Nashik, Maharashtra 422003, India","Maps Link":"https://maps.google.com/?cid=13249887287126928946&g_mp=Cidnb29nbGUubWFwcy5wbGFjZXMudjEuUGxhY2VzLlNlYXJjaFRleHQQAhgEIAA"}},{"type":"Feature","geometry":{"type":"Point","coordinates":[73.7913677,20.0054814]},"properties":{"Taluka":"Nashik","Zone":"Nashik Central","Category":"Mandir / Temple","Name":"Lakshmi Narayan Mandir","Type":"Hindu Temple","Rating":"4.8","Review Count":"13","Address":"2Q4R+5GX, Murlidhar Ln, Bhandi Bazar, Saraf Bazar, Panchavati, Nashik, Maharashtra 422001, India","Opening Hours":"Monday: 6:00 AM – 12:00 PM, 4:00 – 9:00 PM | Tuesday: 6:00 AM – 12:00 PM, 4:00 – 9:00 PM | Wednesday: 6:00 AM – 12:00 PM, 4:00 – 9:00 PM | Thursday: 6:00 AM – 12:00 PM, 4:00 – 9:00 PM | Friday: 6:00 AM – 12:00 PM, 4:00 – 9:00 PM | Saturday: 6:00 AM – 12:00 PM, 4:00 – 9:00 PM | Sunday: 6:00 AM – 12:00 PM, 4:00 – 9:00 PM","Maps Link":"https://maps.google.com/?cid=3110625893438093213&g_mp=Cidnb29nbGUubWFwcy5wbGFjZXMudjEuUGxhY2VzLlNlYXJjaFRleHQQAhgEIAA"}},{"type":"Feature","geometry":{"type":"Point","coordinates":[73.769127,20.006975]},"properties":{"Taluka":"Nashik","Zone":"Nashik Central","Category":"Mandir / Temple","Name":"Laxmi Mata Mandir","Type":"Hindu Temple","Rating":"4.5","Review Count":"2","Address":"2Q49+QMJ, College Rd, Yashwant Colony, Patil Colony, Canada Corner, Nashik, Maharashtra 422005, India","Maps Link":"https://maps.google.com/?cid=82221106327073922&g_mp=Cidnb29nbGUubWFwcy5wbGFjZXMudjEuUGxhY2VzLlNlYXJjaFRleHQQAhgEIAA"}},{"type":"Feature","geometry":{"type":"Point","coordinates":[73.7722972,20.0037322]},"properties":{"Taluka":"Nashik","Zone":"Nashik Central","Category":"Mandir / Temple","Name":"Laxminarayan Mandir","Type":"Hindu Temple","Rating":"5","Review Count":"2","Address":"Sumati Society, Sharanpur Rd, Canada Corner, Nashik, Maharashtra 422002, India","Maps Link":"https://maps.google.com/?cid=9010425696562323001&g_mp=Cidnb29nbGUubWFwcy5wbGFjZXMudjEuUGxhY2VzLlNlYXJjaFRleHQQAhgEIAA"}},{"type":"Feature","geometry":{"type":"Point","coordinates":[73.7876591,20.014986]},"properties":{"Taluka":"Nashik","Zone":"Nashik Central","Category":"Mandir / Temple","Name":"MARIMATA DEVI MANDIR।","Type":"Hindu Temple","Rating":"4.6","Review Count":"8","Address":"Ho4599C, Shubh Labh Society, Makhmalabad Rd, Kranti Nagar, Panchavati, Nashik, Maharashtra 422003, India","Maps Link":"https://maps.google.com/?cid=15382167796171588110&g_mp=Cidnb29nbGUubWFwcy5wbGFjZXMudjEuUGxhY2VzLlNlYXJjaFRleHQQAhgEIAA"}},{"type":"Feature","geometry":{"type":"Point","coordinates":[73.7496623,19.9627775]},"properties":{"Taluka":"Nashik","Zone":"Nashik Central","Category":"Mandir / Temple","Name":"Maata Vaishnodevi Mandir","Type":"Hindu Temple","Rating":"4.2","Review Count":"39","Address":"XP7X+4V7, Ambad - Uttam Nagar Rd, Saigram Nagar, Upendra Nagar Colony, Nashik, Maharashtra 422010, India","Maps Link":"https://maps.google.com/?cid=4374483983941963099&g_mp=Cidnb29nbGUubWFwcy5wbGFjZXMudjEuUGxhY2VzLlNlYXJjaFRleHQQAhgEIAA"}},{"type":"Feature","geometry":{"type":"Point","coordinates":[73.7555216,19.9663053]},"properties":{"Taluka":"Nashik","Zone":"Nashik Central","Category":"Mandir / Temple","Name":"Maha Ganpati Temple","Type":"Hindu Temple","Rating":"4.3","Review Count":"44","Phone":"080554 66143","Address":"N53, SF- 1, 5/2 , Shivpuri Chowk, Uttam Nagar, Cidco, Nashik, Maharashtra 422008, India","Maps Link":"https://maps.google.com/?cid=3131412743713019015&g_mp=Cidnb29nbGUubWFwcy5wbGFjZXMudjEuUGxhY2VzLlNlYXJjaFRleHQQAhgEIAA"}},{"type":"Feature","geometry":{"type":"Point","coordinates":[73.7847976,19.9999796]},"properties":{"Taluka":"Nashik","Zone":"Nashik Central","Category":"Mandir / Temple","Name":"Mahakavi Kalidas Kalamandir","Type":"Auditorium","Rating":"4.4","Review Count":"2267","Address":"Shalimar, Nashik, Maharashtra 422001, India","Maps Link":"https://maps.google.com/?cid=16752797636498855046&g_mp=Cidnb29nbGUubWFwcy5wbGFjZXMudjEuUGxhY2VzLlNlYXJjaFRleHQQAhgEIAA"}},{"type":"Feature","geometry":{"type":"Point","coordinates":[73.759389,19.978827]},"properties":{"Taluka":"Nashik","Zone":"Nashik Central","Category":"Mandir / Temple","Name":"Mahalaxmi Devi Mandir","Type":"Hindu Temple","Rating":"4.7","Review Count":"18","Address":"XQH5+GQJ, Savata Nagar, Nashik, Maharashtra 422008, India","Maps Link":"https://maps.google.com/?cid=5536539239031222232&g_mp=Cidnb29nbGUubWFwcy5wbGFjZXMudjEuUGxhY2VzLlNlYXJjaFRleHQQAhgEIAA"}},{"type":"Feature","geometry":{"type":"Point","coordinates":[73.7674698,19.9918895]},"properties":{"Taluka":"Nashik","Zone":"Nashik Central","Category":"Mandir / Temple","Name":"Mahalaxmi Mandir","Type":"Hindu Temple","Rating":"4.8","Review Count":"15","Phone":"077679 61537","Address":"XQR8+QX5, Untwadi Rd, Patrakar Colony, Parijat Nagar, Nashik, Maharashtra 422002, India","Maps Link":"https://maps.google.com/?cid=10234431530459935877&g_mp=Cidnb29nbGUubWFwcy5wbGFjZXMudjEuUGxhY2VzLlNlYXJjaFRleHQQAhgEIAA"}},{"type":"Feature","geometry":{"type":"Point","coordinates":[73.7529341,19.9970397]},"properties":{"Taluka":"Nashik","Zone":"Nashik Central","Category":"Mandir / Temple","Name":"Mahatma nagar ground, ganpati mandir","Type":"Body art service","Rating":"3.8","Review Count":"4","Phone":"094222 52322","Address":"Meera Bunglow, Place No 152, Lane F, Dr BS Moonje Marg, Mahatma Nagar, Parijat Nagar, Nashik, Maharashtra 422005, India","Opening Hours":"Monday: 10:00 AM – 7:00 PM | Tuesday: 10:00 AM – 7:00 PM | Wednesday: 10:00 AM – 7:00 PM | Thursday: 10:00 AM – 7:00 PM | Friday: 10:00 AM – 7:00 PM | Saturday: 10:00 AM – 7:00 PM | Sunday: Closed","Maps Link":"https://maps.google.com/?cid=3676712580365419315&g_mp=Cidnb29nbGUubWFwcy5wbGFjZXMudjEuUGxhY2VzLlNlYXJjaFRleHQQAhgEIAA"}},{"type":"Feature","geometry":{"type":"Point","coordinates":[73.8252042,19.9633825]},"properties":{"Taluka":"Nashik","Zone":"Nashik Central","Category":"Mandir / Temple","Name":"Mhasoba Bell Temple","Type":"Hindu Temple","Rating":"4.5","Review Count":"75","Address":"XR7G+934, Dawkhar Wadi, Nashik Road, Nashik, Maharashtra 422101, India","Opening Hours":"Monday: 12:00 AM – 11:59 PM | Tuesday: 12:00 AM – 11:59 PM | Wednesday: 12:00 AM – 11:59 PM | Thursday: 12:00 AM – 11:59 PM | Friday: 12:00 AM – 11:59 PM | Saturday: 12:00 AM – 11:59 PM | Sunday: 12:00 AM – 11:59 PM","Maps Link":"https://maps.google.com/?cid=1462766274900999597&g_mp=Cidnb29nbGUubWFwcy5wbGFjZXMudjEuUGxhY2VzLlNlYXJjaFRleHQQAhgEIAA"}},{"type":"Feature","geometry":{"type":"Point","coordinates":[73.7502873,19.9725809]},"properties":{"Taluka":"Nashik","Zone":"Nashik Central","Category":"Mandir / Temple","Name":"Modakeshwar Ganesh mandir","Type":"Hindu Temple","Rating":"4","Review Count":"2","Address":"XQF2+24M, Bandawane Nagar, Modkeshwar Nagar, Nashik, Maharashtra 422008, India","Maps Link":"https://maps.google.com/?cid=16648528405571601490&g_mp=Cidnb29nbGUubWFwcy5wbGFjZXMudjEuUGxhY2VzLlNlYXJjaFRleHQQAhgEIAA"}},{"type":"Feature","geometry":{"type":"Point","coordinates":[73.8342582,20.0295705]},"properties":{"Taluka":"Nashik","Zone":"Nashik Central","Category":"Mandir / Temple","Name":"Narmadeshwar Mahadev Mandir","Type":"Hindu Temple","Rating":"5","Review Count":"4","Address":"Ashapura Nagar, 73, Hari Om Kapalesh Nagar, Asha Nagar, Nashik, Maharashtra 422003, India","Maps Link":"https://maps.google.com/?cid=12809803572228571099&g_mp=Cidnb29nbGUubWFwcy5wbGFjZXMudjEuUGxhY2VzLlNlYXJjaFRleHQQAhgEIAA"}},{"type":"Feature","geometry":{"type":"Point","coordinates":[73.7596603,19.9895761]},"properties":{"Taluka":"Nashik","Zone":"Nashik Central","Category":"Mandir / Temple","Name":"Nirmal MahaLakshmi Temple","Type":"Hindu Temple","Rating":"4.5","Review Count":"46","Address":"Lavate Nagar, near Nashik city center mall, nashik, XQQ5+RVM, Lavate Nager, Parijat Nagar, Nashik, Maharashtra 422002, India","Maps Link":"https://maps.google.com/?cid=6824432728377643474&g_mp=Cidnb29nbGUubWFwcy5wbGFjZXMudjEuUGxhY2VzLlNlYXJjaFRleHQQAhgEIAA"}},{"type":"Feature","geometry":{"type":"Point","coordinates":[73.7653258,20.004126]},"properties":{"Taluka":"Nashik","Zone":"Nashik Central","Category":"Mandir / Temple","Name":"Om Shree Ichhamani Ganpati Mandir","Type":"Hindu Temple","Rating":"4.8","Review Count":"16","Address":"2Q38+M44, College Rd, Vise Mala, Boys Town, Canada Corner, Nashik, Maharashtra 422005, India","Maps Link":"https://maps.google.com/?cid=17800457349060404101&g_mp=Cidnb29nbGUubWFwcy5wbGFjZXMudjEuUGxhY2VzLlNlYXJjaFRleHQQAhgEIAA"}},{"type":"Feature","geometry":{"type":"Point","coordinates":[73.7661229,19.969103]},"properties":{"Taluka":"Nashik","Zone":"Nashik Central","Category":"Mandir / Temple","Name":"Paavan Ganesh Mandir","Type":"Hindu Temple","Rating":"4.2","Review Count":"16","Address":"Ganesh Chowk New Nashik, XQ98+JCX, Ganesh Chowk, Shri Ram Colony, Nashik, Maharashtra 422009, India","Maps Link":"https://maps.google.com/?cid=4491222980679679191&g_mp=Cidnb29nbGUubWFwcy5wbGFjZXMudjEuUGxhY2VzLlNlYXJjaFRleHQQAhgEIAA"}},{"type":"Feature","geometry":{"type":"Point","coordinates":[73.7798476,20.0054788]},"properties":{"Taluka":"Nashik","Zone":"Nashik Central","Category":"Mandir / Temple","Name":"Pagdi ganpati temple","Type":"Place of Worship","Rating":"5","Review Count":"3","Address":"2Q4H+5WX, Sarkar Wada, Saraf Bazar, Panchavati, Nashik, Maharashtra 422002, India","Opening Hours":"Monday: 6:00 AM – 10:30 PM | Tuesday: 6:00 AM – 10:30 PM | Wednesday: 6:00 AM – 10:30 PM | Thursday: 6:00 AM – 10:30 PM | Friday: 6:00 AM – 10:30 PM | Saturday: 6:00 AM – 10:30 PM | Sunday: 6:00 AM – 10:30 PM","Maps Link":"https://maps.google.com/?cid=16666448255617481096&g_mp=Cidnb29nbGUubWFwcy5wbGFjZXMudjEuUGxhY2VzLlNlYXJjaFRleHQQAhgEIAA"}},{"type":"Feature","geometry":{"type":"Point","coordinates":[73.7899436,19.9993169]},"properties":{"Taluka":"Nashik","Zone":"Nashik Central","Category":"Mandir / Temple","Name":"Panchdev Ganpati Mandir Chowk","Type":"Hindu Temple","Rating":"5","Review Count":"1","Address":"Hussaini Chowk, Doodh Bazar Rd, Bhadrakali, Shalimar, Nashik, Maharashtra 422001, India","Maps Link":"https://maps.google.com/?cid=10386778925588486947&g_mp=Cidnb29nbGUubWFwcy5wbGFjZXMudjEuUGxhY2VzLlNlYXJjaFRleHQQAhgEIAA"}},{"type":"Feature","geometry":{"type":"Point","coordinates":[73.7940859,19.967903]},"properties":{"Taluka":"Nashik","Zone":"Nashik Central","Category":"Mandir / Temple","Name":"Pandhari Aai Devi Mandir","Type":"Hindu Temple","Rating":"5","Review Count":"6","Address":"Rajwada, XQ9V+5J8, 100 Ft. Rd, Wadala Gaon, Nashik, Maharashtra 422006, India","Maps Link":"https://maps.google.com/?cid=10250402952369775911&g_mp=Cidnb29nbGUubWFwcy5wbGFjZXMudjEuUGxhY2VzLlNlYXJjaFRleHQQAhgEIAA"}},{"type":"Feature","geometry":{"type":"Point","coordinates":[73.792014,20.000222]},"properties":{"Taluka":"Nashik","Zone":"Nashik Central","Category":"Mandir / Temple","Name":"Popdadevi Mandir पोपडादेवी","Type":"Hindu Temple","Rating":"5","Review Count":"1","Address":"1956, Tiwanda Ln, Naikwadi Pura, Panchavati, Nashik, Maharashtra 422001, India","Maps Link":"https://maps.google.com/?cid=11023739008191450054&g_mp=Cidnb29nbGUubWFwcy5wbGFjZXMudjEuUGxhY2VzLlNlYXJjaFRleHQQAhgEIAA"}},{"type":"Feature","geometry":{"type":"Point","coordinates":[73.7519836,20.0089676]},"properties":{"Taluka":"Nashik","Zone":"Nashik Central","Category":"Mandir / Temple","Name":"Ram Mandir","Type":"Hindu Temple","Rating":"4.9","Review Count":"25","Address":"Ram Mandir, College Rd, Rambhoomi, Veer Sawarkar Nagar, Nashik, Maharashtra 422005, India","Opening Hours":"Monday: 7:00 AM – 11:00 PM | Tuesday: 7:00 AM – 11:00 PM | Wednesday: 7:00 AM – 11:00 PM | Thursday: 7:00 AM – 11:00 PM | Friday: 7:00 AM – 11:00 PM | Saturday: 7:00 AM – 11:00 PM | Sunday: 7:00 AM – 11:00 PM","Maps Link":"https://maps.google.com/?cid=4396505895124827933&g_mp=Cidnb29nbGUubWFwcy5wbGFjZXMudjEuUGxhY2VzLlNlYXJjaFRleHQQAhgEIAA"}},{"type":"Feature","geometry":{"type":"Point","coordinates":[73.751551,19.9700587]},"properties":{"Taluka":"Nashik","Zone":"Nashik Central","Category":"Mandir / Temple","Name":"Renuka Mata Mandir","Type":"Hindu Temple","Rating":"4.6","Review Count":"83","Address":"shubham park ground uttamnagar, XQC2+2JF, Ambad Link Rd, Rugved Society, Mhasoba Nagar, Cidco, Nashik, Maharashtra 422010, India","Maps Link":"https://maps.google.com/?cid=10912887077066848717&g_mp=Cidnb29nbGUubWFwcy5wbGFjZXMudjEuUGxhY2VzLlNlYXJjaFRleHQQAhgEIAA"}},{"type":"Feature","geometry":{"type":"Point","coordinates":[73.7603171,19.9697449]},"properties":{"Taluka":"Nashik","Zone":"Nashik Central","Category":"Mandir / Temple","Name":"Riddhi Siddhi Ganpati Temple","Type":"Hindu Temple","Rating":"4.5","Review Count":"31","Address":"XQ96+V4W, Saibaba Nagar, Vijay Nagar, Nashik, Maharashtra 422009, India","Maps Link":"https://maps.google.com/?cid=10986757474137292845&g_mp=Cidnb29nbGUubWFwcy5wbGFjZXMudjEuUGxhY2VzLlNlYXJjaFRleHQQAhgEIAA"}},{"type":"Feature","geometry":{"type":"Point","coordinates":[73.8078313,19.9837926]},"properties":{"Taluka":"Nashik","Zone":"Nashik Central","Category":"Mandir / Temple","Name":"SAIBABA Temple","Type":"Hindu Temple","Rating":"4.4","Review Count":"143","Address":"Near, Tapovan Rd, Bodhale Nagar, RTO Colony, Sai Puroti Nagar, Nashik, Maharashtra 422011, India","Opening Hours":"Monday: 9:00 AM – 5:00 PM | Tuesday: 9:00 AM – 5:00 PM | Wednesday: 9:00 AM – 5:00 PM | Thursday: 9:00 AM – 5:00 PM | Friday: 9:00 AM – 5:00 PM | Saturday: 9:00 AM – 5:00 PM | Sunday: 9:00 AM – 5:00 PM","Maps Link":"https://maps.google.com/?cid=15836143485241033156&g_mp=Cidnb29nbGUubWFwcy5wbGFjZXMudjEuUGxhY2VzLlNlYXJjaFRleHQQAhgEIAA"}},{"type":"Feature","geometry":{"type":"Point","coordinates":[73.7538892,20.0003684]},"properties":{"Taluka":"Nashik","Zone":"Nashik Central","Category":"Mandir / Temple","Name":"SAPTASHRUNGI MATA PAN MANDIR","Type":"Hindu Temple","Rating":"4","Review Count":"3","Phone":"074474 83456","Address":"Shop No 1, Mahatma Nagar Water Tank Rd, Behind Water Tank, Mahatma Nagar, Parijat Nagar, Nashik, Maharashtra 422005, India","Maps Link":"https://maps.google.com/?cid=14443253447861552139&g_mp=Cidnb29nbGUubWFwcy5wbGFjZXMudjEuUGxhY2VzLlNlYXJjaFRleHQQAhgEIAA"}},{"type":"Feature","geometry":{"type":"Point","coordinates":[73.7987596,19.9953691]},"properties":{"Taluka":"Nashik","Zone":"Nashik Central","Category":"Mandir / Temple","Name":"SHREE AYYAPPA TEMPLE","Type":"Hindu Temple","Rating":"4.5","Review Count":"169","Phone":"0253 259 0186","Address":"New, Agra - Mumbai Hwy, Dwarka, Nashik, Maharashtra 422001, India","Maps Link":"https://maps.google.com/?cid=4557794547572175248&g_mp=Cidnb29nbGUubWFwcy5wbGFjZXMudjEuUGxhY2VzLlNlYXJjaFRleHQQAhgEIAA"}},{"type":"Feature","geometry":{"type":"Point","coordinates":[73.7966928,19.9977313]},"properties":{"Taluka":"Nashik","Zone":"Nashik Central","Category":"Mandir / Temple","Name":"Saati Aasra Devi Mandir","Type":"Hindu Temple","Rating":"5","Review Count":"5","Address":"XQXW+3MW, Amardham Rd, Shivaji Chowk, Kathda, Nashik, Maharashtra 422001, India","Maps Link":"https://maps.google.com/?cid=18219504392939266614&g_mp=Cidnb29nbGUubWFwcy5wbGFjZXMudjEuUGxhY2VzLlNlYXJjaFRleHQQAhgEIAA"}},{"type":"Feature","geometry":{"type":"Point","coordinates":[73.785738,20.002064]},"properties":{"Taluka":"Nashik","Zone":"Nashik Central","Category":"Mandir / Temple","Name":"Sagarmal Modi Prathamik Shikshan Mandir","Type":"Educational Institution","Rating":"4","Review Count":"10","Phone":"0253 231 6473","Address":"Office NO 6, Prakash Building, opposite of Sagar Mal Modi School, Shalimar, Nashik, Maharashtra 422001, India","Website":"https://nashikeducationsociety.org/sagarmal-school/","Opening Hours":"Monday: Open 24 hours | Tuesday: Open 24 hours | Wednesday: Open 24 hours | Thursday: Open 24 hours | Friday: Open 24 hours | Saturday: Open 24 hours | Sunday: Open 24 hours","Maps Link":"https://maps.google.com/?cid=14896261743748566801&g_mp=Cidnb29nbGUubWFwcy5wbGFjZXMudjEuUGxhY2VzLlNlYXJjaFRleHQQAhgEIAA"}},{"type":"Feature","geometry":{"type":"Point","coordinates":[73.7590972,20.007034]},"properties":{"Taluka":"Nashik","Zone":"Nashik Central","Category":"Mandir / Temple","Name":"Sai Baba Temple","Type":"Hindu Temple","Rating":"4.4","Review Count":"16","Address":"2Q45+RJ9, College Rd, Krishi Nagar, Nashik, Maharashtra 422005, India","Maps Link":"https://maps.google.com/?cid=8365750279593096808&g_mp=Cidnb29nbGUubWFwcy5wbGFjZXMudjEuUGxhY2VzLlNlYXJjaFRleHQQAhgEIAA"}},{"type":"Feature","geometry":{"type":"Point","coordinates":[73.798762,19.998705]},"properties":{"Taluka":"Nashik","Zone":"Nashik Central","Category":"Mandir / Temple","Name":"Sai Baba mandir","Type":"Hindu Temple","Rating":"4.6","Review Count":"67","Address":"XQXX+FGJ, Nanavali, Nashik, Maharashtra 422001, India","Maps Link":"https://maps.google.com/?cid=12675836616412861030&g_mp=Cidnb29nbGUubWFwcy5wbGFjZXMudjEuUGxhY2VzLlNlYXJjaFRleHQQAhgEIAA"}},{"type":"Feature","geometry":{"type":"Point","coordinates":[73.7868258,20.0330239]},"properties":{"Taluka":"Nashik","Zone":"Nashik Central","Category":"Mandir / Temple","Name":"Sai Shree Saptashrungi Devi Temple","Type":"Hindu Temple","Rating":"5","Review Count":"2","Address":"2QMP+6P4, Samarth Nagar, Makhmalabad, Nashik, Maharashtra 422003, India","Opening Hours":"Monday: Open 24 hours | Tuesday: Open 24 hours | Wednesday: Open 24 hours | Thursday: Open 24 hours | Friday: Open 24 hours | Saturday: Open 24 hours | Sunday: Open 24 hours","Maps Link":"https://maps.google.com/?cid=9006740959993612116&g_mp=Cidnb29nbGUubWFwcy5wbGFjZXMudjEuUGxhY2VzLlNlYXJjaFRleHQQAhgEIAA"}},{"type":"Feature","geometry":{"type":"Point","coordinates":[73.7836275,20.0033841]},"properties":{"Taluka":"Nashik","Zone":"Nashik Central","Category":"Mandir / Temple","Name":"Sant Nivruttinath Maharaj temple","Type":"Hindu Temple","Rating":"5","Review Count":"2","Address":"Ashok Bus Stop, Old CBS, Old, CBS, Bus Stop, Old Agra Rd, Shalimar, Nashik, Maharashtra 422001, India","Maps Link":"https://maps.google.com/?cid=17418214510934795729&g_mp=Cidnb29nbGUubWFwcy5wbGFjZXMudjEuUGxhY2VzLlNlYXJjaFRleHQQAhgEIAA"}},{"type":"Feature","geometry":{"type":"Point","coordinates":[73.7435912,19.9785335]},"properties":{"Taluka":"Nashik","Zone":"Nashik Central","Category":"Mandir / Temple","Name":"Saptashrungi Devi Mandir","Type":"Hindu Temple","Rating":"5","Review Count":"3","Address":"Ambika Gauri Rd, behind Ambika Gauri Apartment, Kartikey Nagar, Nashik, Maharashtra 422010, India","Opening Hours":"Monday: 6:00 AM – 9:00 PM | Tuesday: 6:00 AM – 9:00 PM | Wednesday: 6:00 AM – 9:00 PM | Thursday: 6:00 AM – 9:00 PM | Friday: 6:00 AM – 9:00 PM | Saturday: 6:00 AM – 9:00 PM | Sunday: 6:00 AM – 9:00 PM","Maps Link":"https://maps.google.com/?cid=2818080764465757128&g_mp=Cidnb29nbGUubWFwcy5wbGFjZXMudjEuUGxhY2VzLlNlYXJjaFRleHQQAhgEIAA"}},{"type":"Feature","geometry":{"type":"Point","coordinates":[73.8443805,19.9817227]},"properties":{"Taluka":"Nashik","Zone":"Nashik Central","Category":"Mandir / Temple","Name":"Saptashrungi Devi Mandir (Small)","Type":"Hindu Temple","Rating":"4.5","Review Count":"82","Phone":"02592 253 249","Address":"XRJV+MQJ, Jail Rd, Dhara Society, Sant Narhari Nagar, Panchak, Nashik, Maharashtra 422101, India","Maps Link":"https://maps.google.com/?cid=5701770303873815534&g_mp=Cidnb29nbGUubWFwcy5wbGFjZXMudjEuUGxhY2VzLlNlYXJjaFRleHQQAhgEIAA"}},{"type":"Feature","geometry":{"type":"Point","coordinates":[73.8042855,19.9999424]},"properties":{"Taluka":"Nashik","Zone":"Nashik Central","Category":"Mandir / Temple","Name":"Saptashrungi Devi Mandir Gadge Maharaj Vasahat","Type":"Hindu Temple","Rating":"4.3","Review Count":"12","Address":"XRX3+XPF, Godavari MIDC, Dwarka, Nashik, Maharashtra 422011, India","Maps Link":"https://maps.google.com/?cid=10579647205944116646&g_mp=Cidnb29nbGUubWFwcy5wbGFjZXMudjEuUGxhY2VzLlNlYXJjaFRleHQQAhgEIAA"}},{"type":"Feature","geometry":{"type":"Point","coordinates":[73.7675992,20.0031077]},"properties":{"Taluka":"Nashik","Zone":"Nashik Central","Category":"Mandir / Temple","Name":"Saptashrungi Mata Mandir","Type":"Hindu Temple","Rating":"4.5","Review Count":"4","Address":"2Q39+62X, College Rd, Vise Mala, Canada Corner, Nashik, Maharashtra 422005, India","Maps Link":"https://maps.google.com/?cid=18200474876692538129&g_mp=Cidnb29nbGUubWFwcy5wbGFjZXMudjEuUGxhY2VzLlNlYXJjaFRleHQQAhgEIAA"}},{"type":"Feature","geometry":{"type":"Point","coordinates":[73.8262575,19.9728471]},"properties":{"Taluka":"Nashik","Zone":"Nashik Central","Category":"Mandir / Temple","Name":"Saptashrungi temple","Type":"Hindu Temple","Rating":"4.5","Review Count":"136","Address":"97, Indraprastha Colony, Nashik Road, Nashik, Maharashtra 422006, India","Maps Link":"https://maps.google.com/?cid=5491129358111026990&g_mp=Cidnb29nbGUubWFwcy5wbGFjZXMudjEuUGxhY2VzLlNlYXJjaFRleHQQAhgEIAA"}},{"type":"Feature","geometry":{"type":"Point","coordinates":[73.801665,19.9869889]},"properties":{"Taluka":"Nashik","Zone":"Nashik Central","Category":"Mandir / Temple","Name":"Saptshrugi Mata Mandir","Type":"Hindu Temple","Rating":"4.6","Review Count":"53","Address":"XRP2+QMV, Kathe Ln, Near City Care Hospital, Dwarka, Nashik, Maharashtra 422011, India","Opening Hours":"Monday: 6:00 AM – 8:00 PM | Tuesday: 6:00 AM – 8:00 PM | Wednesday: 6:00 AM – 8:00 PM | Thursday: 6:00 AM – 8:00 PM | Friday: 6:00 AM – 8:00 PM | Saturday: 6:00 AM – 8:00 PM | Sunday: 6:00 AM – 8:00 PM","Maps Link":"https://maps.google.com/?cid=10281921313593752339&g_mp=Cidnb29nbGUubWFwcy5wbGFjZXMudjEuUGxhY2VzLlNlYXJjaFRleHQQAhgEIAA"}},{"type":"Feature","geometry":{"type":"Point","coordinates":[73.8228052,20.0136235]},"properties":{"Taluka":"Nashik","Zone":"Nashik Central","Category":"Mandir / Temple","Name":"Sarasvati Devi Mandir","Type":"Hindu Temple","Rating":"5","Review Count":"1","Address":"K.K. Wagh Building, Agra - Mumbai Hwy, Durga Nagar, Nashik, Maharashtra 422003, India","Maps Link":"https://maps.google.com/?cid=16246988270996908360&g_mp=Cidnb29nbGUubWFwcy5wbGFjZXMudjEuUGxhY2VzLlNlYXJjaFRleHQQAhgEIAA"}},{"type":"Feature","geometry":{"type":"Point","coordinates":[73.7888311,19.9764742]},"properties":{"Taluka":"Nashik","Zone":"Nashik Central","Category":"Mandir / Temple","Name":"Sati Aasra Jagrut Shri Devasthan Devi Mandir","Type":"Hindu Temple","Rating":"4.6","Review Count":"12","Address":"XQGQ+HGP, Jogging Track Road, Sai Baba Chowk, State Bank Colony, Indira Nagar, Nashik, Maharashtra 422009, India","Maps Link":"https://maps.google.com/?cid=17250096219190459979&g_mp=Cidnb29nbGUubWFwcy5wbGFjZXMudjEuUGxhY2VzLlNlYXJjaFRleHQQAhgEIAA"}},{"type":"Feature","geometry":{"type":"Point","coordinates":[73.8395518,19.9708059]},"properties":{"Taluka":"Nashik","Zone":"Nashik Central","Category":"Mandir / Temple","Name":"Shani Dev Mandir","Type":"Hindu Temple","Rating":"4.2","Review Count":"143","Address":"XRCQ+8RF, Jail Rd, Krishna Colony, Ingle Nagar, Nashik, Maharashtra 422101, India","Opening Hours":"Monday: 7:00 AM – 9:00 PM | Tuesday: 7:00 AM – 9:00 PM | Wednesday: 7:00 AM – 9:00 PM | Thursday: 7:00 AM – 9:00 PM | Friday: 7:00 AM – 9:00 PM | Saturday: 7:00 AM – 9:00 PM | Sunday: 7:00 AM – 9:00 PM","Maps Link":"https://maps.google.com/?cid=18052266795803477617&g_mp=Cidnb29nbGUubWFwcy5wbGFjZXMudjEuUGxhY2VzLlNlYXJjaFRleHQQAhgEIAA"}},{"type":"Feature","geometry":{"type":"Point","coordinates":[73.7827169,19.9891739]},"properties":{"Taluka":"Nashik","Zone":"Nashik Central","Category":"Mandir / Temple","Name":"Shani Maharaj Mandir","Type":"Hindu Temple","Rating":"4","Review Count":"12","Address":"XQQM+M38, Ahilya Bai Holkar Marg, Mumbai Naka, Matoshree Nagar, Nashik, Maharashtra 422002, India","Maps Link":"https://maps.google.com/?cid=1931904723847764474&g_mp=Cidnb29nbGUubWFwcy5wbGFjZXMudjEuUGxhY2VzLlNlYXJjaFRleHQQAhgEIAA"}},{"type":"Feature","geometry":{"type":"Point","coordinates":[73.79975,19.9843695]},"properties":{"Taluka":"Nashik","Zone":"Nashik Central","Category":"Mandir / Temple","Name":"Shani Mandir","Type":"Hindu Temple","Rating":"4.7","Review Count":"28","Address":"XQMX+PWR, Bajrang Wadi, Gulshan Colony, Nashik, Maharashtra 422011, India","Opening Hours":"Monday: 6:00 AM – 8:00 PM | Tuesday: 6:00 AM – 8:00 PM | Wednesday: 6:00 AM – 8:00 PM | Thursday: 6:00 AM – 8:00 PM | Friday: 6:00 AM – 8:00 PM | Saturday: 6:00 AM – 8:00 PM | Sunday: 6:00 AM – 8:00 PM","Maps Link":"https://maps.google.com/?cid=11528603598900350076&g_mp=Cidnb29nbGUubWFwcy5wbGFjZXMudjEuUGxhY2VzLlNlYXJjaFRleHQQAhgEIAA"}},{"type":"Feature","geometry":{"type":"Point","coordinates":[73.7674267,20.0031598]},"properties":{"Taluka":"Nashik","Zone":"Nashik Central","Category":"Mandir / Temple","Name":"Shantai Apartment, Hanuman Mandir","Type":"Hindu Temple","Rating":"4.5","Review Count":"18","Address":"2Q38+7X7, College Rd, Vise Mala, Canada Corner, Nashik, Maharashtra 422005, India","Maps Link":"https://maps.google.com/?cid=14731212914486670150&g_mp=Cidnb29nbGUubWFwcy5wbGFjZXMudjEuUGxhY2VzLlNlYXJjaFRleHQQAhgEIAA"}},{"type":"Feature","geometry":{"type":"Point","coordinates":[73.7863996,20.0075704]},"properties":{"Taluka":"Nashik","Zone":"Nashik Central","Category":"Mandir / Temple","Name":"Shitala Mata Mandir Nasik","Type":"Hindu Temple","Rating":"4.1","Review Count":"8","Address":"Shitala Mata Mandir, 2Q5P+2HC, Red Cross Rd, near Gavkari Press, Raviwar Peth, Raviwar Karanja, Chowk, Nashik, Maharashtra 422001, India","Maps Link":"https://maps.google.com/?cid=11968628990354286067&g_mp=Cidnb29nbGUubWFwcy5wbGFjZXMudjEuUGxhY2VzLlNlYXJjaFRleHQQAhgEIAA"}},{"type":"Feature","geometry":{"type":"Point","coordinates":[73.79804,20.000958]},"properties":{"Taluka":"Nashik","Zone":"Nashik Central","Category":"Mandir / Temple","Name":"Shitaladevi Mandir","Type":"Hindu Temple","Rating":"4","Review Count":"45","Address":"2Q2X+96M, Amardham Rd, near Amardham, Naikwadi Pura, Kathda, Nashik, Maharashtra 422001, India","Maps Link":"https://maps.google.com/?cid=11860917321329158249&g_mp=Cidnb29nbGUubWFwcy5wbGFjZXMudjEuUGxhY2VzLlNlYXJjaFRleHQQAhgEIAA"}},{"type":"Feature","geometry":{"type":"Point","coordinates":[73.7540447,19.999554]},"properties":{"Taluka":"Nashik","Zone":"Nashik Central","Category":"Mandir / Temple","Name":"Shiv Datta Mandir","Type":"Hindu Temple","Rating":"3.7","Review Count":"3","Address":"Mahatma Nagar, Parijat Nagar, Nashik, Maharashtra 422005, India","Opening Hours":"Monday: 6:00 AM – 9:00 PM | Tuesday: 6:00 AM – 9:00 PM | Wednesday: 6:00 AM – 9:00 PM | Thursday: 6:00 AM – 9:00 PM | Friday: 6:00 AM – 9:00 PM | Saturday: 6:00 AM – 9:00 PM | Sunday: 6:00 AM – 9:00 PM","Maps Link":"https://maps.google.com/?cid=5014544709760428&g_mp=Cidnb29nbGUubWFwcy5wbGFjZXMudjEuUGxhY2VzLlNlYXJjaFRleHQQAhgEIAA"}},{"type":"Feature","geometry":{"type":"Point","coordinates":[73.7633271,20.0023366]},"properties":{"Taluka":"Nashik","Zone":"Nashik Central","Category":"Mandir / Temple","Name":"Shiv Mandir","Type":"Hindu Temple","Rating":"4.6","Review Count":"24","Address":"2Q27+W8P, Shraddha Mall Marg, Anandwan Colony, College Rd, Nashik, Maharashtra 422005, India","Maps Link":"https://maps.google.com/?cid=11272773940925322320&g_mp=Cidnb29nbGUubWFwcy5wbGFjZXMudjEuUGxhY2VzLlNlYXJjaFRleHQQAhgEIAA"}},{"type":"Feature","geometry":{"type":"Point","coordinates":[73.7694311,19.9659324]},"properties":{"Taluka":"Nashik","Zone":"Nashik Central","Category":"Mandir / Temple","Name":"Shiv Mandir","Type":"Hindu Temple","Rating":"4.4","Review Count":"9","Address":"Bharat, Rane Nagar- Indira Nagar Rd, Near Sajpremi Mata Mandir, Chetana nagar, Rane Nagar, Nashik, Maharashtra 422009, India","Opening Hours":"Monday: 6:00 AM – 10:00 PM | Tuesday: 6:00 AM – 10:00 PM | Wednesday: 6:00 AM – 10:00 PM | Thursday: 6:00 AM – 10:00 PM | Friday: 6:00 AM – 10:00 PM | Saturday: 6:00 AM – 10:00 PM | Sunday: 6:00 AM – 10:00 PM","Maps Link":"https://maps.google.com/?cid=15744537097219090827&g_mp=Cidnb29nbGUubWFwcy5wbGFjZXMudjEuUGxhY2VzLlNlYXJjaFRleHQQAhgEIAA"}},{"type":"Feature","geometry":{"type":"Point","coordinates":[73.7810022,19.9788109]},"properties":{"Taluka":"Nashik","Zone":"Nashik Central","Category":"Mandir / Temple","Name":"Shiv Temple","Type":"Hindu Temple","Rating":"4.5","Review Count":"18","Address":"XQHJ+GCC, Kamod Nagar, Indira Nagar, Nashik, Maharashtra 422009, India","Opening Hours":"Monday: 7:00 – 10:00 AM, 4:00 – 7:30 PM | Tuesday: 7:00 – 10:00 AM, 4:00 – 7:30 PM | Wednesday: 7:00 – 10:00 AM, 4:00 – 7:30 PM | Thursday: 7:00 – 10:00 AM, 4:00 – 7:30 PM | Friday: 7:00 – 10:00 AM, 4:00 – 7:30 PM | Saturday: 7:00 – 10:00 AM, 4:00 – 7:30 PM | Sunday: 7:00 – 10:00 AM, 4:00 – 7:30 PM","Maps Link":"https://maps.google.com/?cid=11217932591865573737&g_mp=Cidnb29nbGUubWFwcy5wbGFjZXMudjEuUGxhY2VzLlNlYXJjaFRleHQQAhgEIAA"}},{"type":"Feature","geometry":{"type":"Point","coordinates":[73.7472665,19.9831592]},"properties":{"Taluka":"Nashik","Zone":"Nashik Central","Category":"Mandir / Temple","Name":"Shiv Temple","Type":"Hindu Temple","Rating":"5","Review Count":"2","Address":"XPMW+7W6, ITI Ambad Rd, Venu Nagar, Chanakya Nagar, Khutawad Nagar, Nashik, Maharashtra 422008, India","Maps Link":"https://maps.google.com/?cid=7315923195762109667&g_mp=Cidnb29nbGUubWFwcy5wbGFjZXMudjEuUGxhY2VzLlNlYXJjaFRleHQQAhgEIAA"}},{"type":"Feature","geometry":{"type":"Point","coordinates":[73.8347187,19.9766668]},"properties":{"Taluka":"Nashik","Zone":"Nashik Central","Category":"Mandir / Temple","Name":"Shiva Temple","Type":"Hindu Temple","Rating":"4.5","Review Count":"42","Address":"Jail Road, XRGM+MV8, Takli Rd, Adhav Nagar, Nashik Road, Nashik, Maharashtra 422101, India","Maps Link":"https://maps.google.com/?cid=17910791412018621410&g_mp=Cidnb29nbGUubWFwcy5wbGFjZXMudjEuUGxhY2VzLlNlYXJjaFRleHQQAhgEIAA"}},{"type":"Feature","geometry":{"type":"Point","coordinates":[73.8220773,19.9738747]},"properties":{"Taluka":"Nashik","Zone":"Nashik Central","Category":"Mandir / Temple","Name":"Shiva Temple","Type":"Hindu Temple","Rating":"4.5","Review Count":"2","Address":"XRFC+GRW, Ayodhya Nagar, Upnagar, Nashik, Maharashtra 422006, India","Maps Link":"https://maps.google.com/?cid=17636072399474523737&g_mp=Cidnb29nbGUubWFwcy5wbGFjZXMudjEuUGxhY2VzLlNlYXJjaFRleHQQAhgEIAA"}},{"type":"Feature","geometry":{"type":"Point","coordinates":[73.7929466,19.9958795]},"properties":{"Taluka":"Nashik","Zone":"Nashik Central","Category":"Mandir / Temple","Name":"Shraddha Dham Dakshin Mukhi Shree Maruti Mandir","Type":"Hindu Temple","Rating":"5","Review Count":"1","Address":"XQWV+954, Wazare Rd, Chowk Mandai, Multanpura, Nashik, Maharashtra 422001, India","Maps Link":"https://maps.google.com/?cid=8211639893541554099&g_mp=Cidnb29nbGUubWFwcy5wbGFjZXMudjEuUGxhY2VzLlNlYXJjaFRleHQQAhgEIAA"}},{"type":"Feature","geometry":{"type":"Point","coordinates":[73.7765677,20.005476]},"properties":{"Taluka":"Nashik","Zone":"Nashik Central","Category":"Mandir / Temple","Name":"Shree Bal Ganesh Mandir","Type":"Hindu Temple","Rating":"4.9","Review Count":"11","Address":"2Q4G+5JW, Sharanpur Rd, Near Rajiv Gandhi Bhavan, Pandit Colony, Nashik, Maharashtra 422002, India","Maps Link":"https://maps.google.com/?cid=10130963664122833478&g_mp=Cidnb29nbGUubWFwcy5wbGFjZXMudjEuUGxhY2VzLlNlYXJjaFRleHQQAhgEIAA"}},{"type":"Feature","geometry":{"type":"Point","coordinates":[73.7918111,20.0064149]},"properties":{"Taluka":"Nashik","Zone":"Nashik Central","Category":"Mandir / Temple","Name":"Shree Dashabhuja Sidhivinayak Mandir","Type":"Hindu Temple","Rating":"4.7","Review Count":"10","Address":"2Q4R+HP7, Gore Ram Ln, Raviwar Peth, Saraf Bazar, Panchavati, Nashik, Maharashtra 422001, India","Maps Link":"https://maps.google.com/?cid=8747682502193931239&g_mp=Cidnb29nbGUubWFwcy5wbGFjZXMudjEuUGxhY2VzLlNlYXJjaFRleHQQAhgEIAA"}},{"type":"Feature","geometry":{"type":"Point","coordinates":[73.7942039,19.9984049]},"properties":{"Taluka":"Nashik","Zone":"Nashik Central","Category":"Mandir / Temple","Name":"Shree Devi Mandir","Type":"Hindu Temple","Rating":"5","Review Count":"3","Address":"XQXV+9M8, Old Nashik, Chavhata, Nashik, Maharashtra 422001, India","Maps Link":"https://maps.google.com/?cid=13592573337588424905&g_mp=Cidnb29nbGUubWFwcy5wbGFjZXMudjEuUGxhY2VzLlNlYXJjaFRleHQQAhgEIAA"}},{"type":"Feature","geometry":{"type":"Point","coordinates":[73.7824215,19.9753075]},"properties":{"Taluka":"Nashik","Zone":"Nashik Central","Category":"Mandir / Temple","Name":"Shree Gajanan Maharaj Temple","Type":"Hindu Temple","Rating":"4.7","Review Count":"225","Address":"Gajanan Maharaj Mandir Rd, opposite to Ashish Medical, State Bank Colony, Indira Nagar, Nashik, Maharashtra 422009, India","Opening Hours":"Monday: 7:00 AM – 10:00 PM | Tuesday: 7:00 AM – 10:00 PM | Wednesday: 7:00 AM – 10:00 PM | Thursday: 7:00 AM – 10:00 PM | Friday: 7:00 AM – 10:00 PM | Saturday: 7:00 AM – 10:00 PM | Sunday: 7:00 AM – 10:00 PM","Maps Link":"https://maps.google.com/?cid=903965334778097563&g_mp=Cidnb29nbGUubWFwcy5wbGFjZXMudjEuUGxhY2VzLlNlYXJjaFRleHQQAhgEIAA"}},{"type":"Feature","geometry":{"type":"Point","coordinates":[73.7967224,19.9982365]},"properties":{"Taluka":"Nashik","Zone":"Nashik Central","Category":"Mandir / Temple","Name":"Shree Ganapati Mandir","Type":"Hindu Temple","Review Count":"0","Address":"XQXW+7MX, Amardham Rd, Shivaji Chowk, Kathda, Nashik, Maharashtra 422001, India","Maps Link":"https://maps.google.com/?cid=17907671359549461963&g_mp=Cidnb29nbGUubWFwcy5wbGFjZXMudjEuUGxhY2VzLlNlYXJjaFRleHQQAhgEIAA"}},{"type":"Feature","geometry":{"type":"Point","coordinates":[73.7526486,19.9971712]},"properties":{"Taluka":"Nashik","Zone":"Nashik Central","Category":"Mandir / Temple","Name":"Shree Ganpati Mandir","Type":"Hindu Temple","Rating":"4.7","Review Count":"60","Address":"Play Ground, Mahatma Nagar, Parijat Nagar, Nashik, Maharashtra 422005, India","Maps Link":"https://maps.google.com/?cid=10622796242629268353&g_mp=Cidnb29nbGUubWFwcy5wbGFjZXMudjEuUGxhY2VzLlNlYXJjaFRleHQQAhgEIAA"}},{"type":"Feature","geometry":{"type":"Point","coordinates":[73.7927534,19.9997313]},"properties":{"Taluka":"Nashik","Zone":"Nashik Central","Category":"Mandir / Temple","Name":"Shree Ganpati Mandir","Type":"Hindu Temple","Rating":"5","Review Count":"2","Address":"XQXV+V4R, Tambat Ln, Old Nashik, Naikwadi Pura, Koknipura, Nashik, Maharashtra 422001, India","Maps Link":"https://maps.google.com/?cid=8205721671320589332&g_mp=Cidnb29nbGUubWFwcy5wbGFjZXMudjEuUGxhY2VzLlNlYXJjaFRleHQQAhgEIAA"}},{"type":"Feature","geometry":{"type":"Point","coordinates":[73.7981986,20.0371027]},"properties":{"Taluka":"Nashik","Zone":"Nashik Central","Category":"Mandir / Temple","Name":"Shree Ganpati Mandir","Type":"Hindu Temple","Rating":"4.3","Review Count":"3","Address":"2QPX+R7W, Shiv Samarth Nagar, Durga Nagar, Sneha Nagar, Nashik, Maharashtra 422004, India","Maps Link":"https://maps.google.com/?cid=12208110216059320891&g_mp=Cidnb29nbGUubWFwcy5wbGFjZXMudjEuUGxhY2VzLlNlYXJjaFRleHQQAhgEIAA"}},{"type":"Feature","geometry":{"type":"Point","coordinates":[73.7634938,20.0022666]},"properties":{"Taluka":"Nashik","Zone":"Nashik Central","Category":"Mandir / Temple","Name":"Shree Hanuman Mandir","Type":"Hindu Temple","Rating":"4.9","Review Count":"13","Address":"2Q27+W95, Shraddha Mall Marg, Anandwan Colony, College Rd, Nashik, Maharashtra 422005, India","Maps Link":"https://maps.google.com/?cid=2377448929909783792&g_mp=Cidnb29nbGUubWFwcy5wbGFjZXMudjEuUGxhY2VzLlNlYXJjaFRleHQQAhgEIAA"}},{"type":"Feature","geometry":{"type":"Point","coordinates":[73.7801559,19.984975]},"properties":{"Taluka":"Nashik","Zone":"Nashik Central","Category":"Mandir / Temple","Name":"Shree Hinglaj Mata Mandir","Type":"Hindu Temple","Rating":"4.6","Review Count":"33","Address":"XQMJ+X3J, Mumbai Naka, Govind Nagar, Nashik, Maharashtra 422009, India","Maps Link":"https://maps.google.com/?cid=10451587228710580516&g_mp=Cidnb29nbGUubWFwcy5wbGFjZXMudjEuUGxhY2VzLlNlYXJjaFRleHQQAhgEIAA"}},{"type":"Feature","geometry":{"type":"Point","coordinates":[73.7594068,19.9704825]},"properties":{"Taluka":"Nashik","Zone":"Nashik Central","Category":"Mandir / Temple","Name":"Shree IchhaMani Ganpati Mandir","Type":"Hindu Temple","Rating":"4.9","Review Count":"17","Address":"Near, Icchhamani Chowk, Saibaba Nagar, Cidco, Nashik, Maharashtra 422008, India","Maps Link":"https://maps.google.com/?cid=6815749027280498744&g_mp=Cidnb29nbGUubWFwcy5wbGFjZXMudjEuUGxhY2VzLlNlYXJjaFRleHQQAhgEIAA"}},{"type":"Feature","geometry":{"type":"Point","coordinates":[73.7629161,19.9712074]},"properties":{"Taluka":"Nashik","Zone":"Nashik Central","Category":"Mandir / Temple","Name":"Shree Kalika Mata Mandir","Type":"Hindu Temple","Rating":"4.4","Review Count":"42","Address":"XQC7+F5M, Datta Chowk, Naveen Nasik, Nashik, Maharashtra 422009, India","Maps Link":"https://maps.google.com/?cid=17065509779524395596&g_mp=Cidnb29nbGUubWFwcy5wbGFjZXMudjEuUGxhY2VzLlNlYXJjaFRleHQQAhgEIAA"}},{"type":"Feature","geometry":{"type":"Point","coordinates":[73.8100621,20.0018439]},"properties":{"Taluka":"Nashik","Zone":"Nashik Central","Category":"Mandir / Temple","Name":"Shree LaxmiNarayan Charitable Trust : Prem mandir","Type":"Non-Profit Organization","Rating":"4.5","Review Count":"114","Phone":"098227 76706","Address":"Besides Laxminarayan Lawns, Ahead of Sai Baba Mandir, Tapovan Rd, Vaishnavi Park, Nashik, Maharashtra 422003, India","Website":"https://shreelaxminarayancharitabletrust.org/","Opening Hours":"Monday: Open 24 hours | Tuesday: Open 24 hours | Wednesday: Open 24 hours | Thursday: Open 24 hours | Friday: Open 24 hours | Saturday: Open 24 hours | Sunday: Open 24 hours","Maps Link":"https://maps.google.com/?cid=9724515955645528099&g_mp=Cidnb29nbGUubWFwcy5wbGFjZXMudjEuUGxhY2VzLlNlYXJjaFRleHQQAhgEIAA"}},{"type":"Feature","geometry":{"type":"Point","coordinates":[73.79359,19.996695]},"properties":{"Taluka":"Nashik","Zone":"Nashik Central","Category":"Mandir / Temple","Name":"Shree Mahant Ganesh Mandir","Type":"Hindu Temple","Rating":"5","Review Count":"8","Phone":"074474 72033","Address":"Mahant Ganesh Mandir, 4/5/3047, Bagwanpura, Old Nashik, Bhagwan Pura, Sanjay Nagar, Nashik, Maharashtra 422001, India","Opening Hours":"Monday: 6:00 AM – 10:00 PM | Tuesday: 6:00 AM – 10:00 PM | Wednesday: 6:00 AM – 10:00 PM | Thursday: 6:00 AM – 10:00 PM | Friday: 6:00 AM – 10:00 PM | Saturday: 6:00 AM – 10:00 PM | Sunday: 6:00 AM – 10:00 PM","Maps Link":"https://maps.google.com/?cid=9027899977342417717&g_mp=Cidnb29nbGUubWFwcy5wbGFjZXMudjEuUGxhY2VzLlNlYXJjaFRleHQQAhgEIAA"}},{"type":"Feature","geometry":{"type":"Point","coordinates":[73.7823688,20.0017273]},"properties":{"Taluka":"Nashik","Zone":"Nashik Central","Category":"Mandir / Temple","Name":"Shree Maruthi Mandir Public Trust","Type":"Hindu Temple","Rating":"5","Review Count":"1","Address":"2Q2J+MWX, CBS Rd, Near Maruthi Chamber, Police Staff Colony, Nashik, Maharashtra 422002, India","Maps Link":"https://maps.google.com/?cid=11670225571357954979&g_mp=Cidnb29nbGUubWFwcy5wbGFjZXMudjEuUGxhY2VzLlNlYXJjaFRleHQQAhgEIAA"}},{"type":"Feature","geometry":{"type":"Point","coordinates":[73.7432369,20.016385]},"properties":{"Taluka":"Nashik","Zone":"Nashik Central","Category":"Mandir / Temple","Name":"Shree Navshya Ganpati Mandir","Type":"Hindu Temple","Rating":"4.8","Review Count":"6107","Address":"2P8V+H75, Navshya Ganapati Parisar, Peshwe Colony, Anandvalli, Nashik, Maharashtra 422013, India","Opening Hours":"Monday: 6:00 AM – 10:00 PM | Tuesday: 6:00 AM – 10:00 PM | Wednesday: 6:00 AM – 10:00 PM | Thursday: 6:00 AM – 10:00 PM | Friday: 6:00 AM – 10:00 PM | Saturday: 6:00 AM – 10:00 PM | Sunday: 6:00 AM – 10:00 PM","Maps Link":"https://maps.google.com/?cid=7917670200152485731&g_mp=Cidnb29nbGUubWFwcy5wbGFjZXMudjEuUGxhY2VzLlNlYXJjaFRleHQQAhgEIAA"}},{"type":"Feature","geometry":{"type":"Point","coordinates":[73.788152,20.0074605]},"properties":{"Taluka":"Nashik","Zone":"Nashik Central","Category":"Mandir / Temple","Name":"Shree Renuka Devi Mandir","Type":"Place of Worship","Rating":"4.6","Review Count":"13","Phone":"090280 97650","Address":"House no.597A, Patwardhan wada, Gadgil Ln, Raviwar Peth, Raviwar Karanja, Panchavati, Nashik, Maharashtra 422001, India","Maps Link":"https://maps.google.com/?cid=13069216006864927332&g_mp=Cidnb29nbGUubWFwcy5wbGFjZXMudjEuUGxhY2VzLlNlYXJjaFRleHQQAhgEIAA"}},{"type":"Feature","geometry":{"type":"Point","coordinates":[73.769127,20.006975]},"properties":{"Taluka":"Nashik","Zone":"Nashik Central","Category":"Mandir / Temple","Name":"Shree Renuka Mata Mandir","Type":"Hindu Temple","Rating":"4.8","Review Count":"5","Address":"2Q49+QMJ, College Rd, Yashwant Colony, Patil Colony, Canada Corner, Nashik, Maharashtra 422005, India","Maps Link":"https://maps.google.com/?cid=12794886861788924287&g_mp=Cidnb29nbGUubWFwcy5wbGFjZXMudjEuUGxhY2VzLlNlYXJjaFRleHQQAhgEIAA"}},{"type":"Feature","geometry":{"type":"Point","coordinates":[73.766994,20.0042869]},"properties":{"Taluka":"Nashik","Zone":"Nashik Central","Category":"Mandir / Temple","Name":"Shree Rudraksha Mahadev Mandir","Type":"Hindu Temple","Rating":"4.9","Review Count":"20","Address":"2Q38+PQ9, College Rd, Vise Mala, Canada Corner, Nashik, Maharashtra 422005, India","Opening Hours":"Monday: Open 24 hours | Tuesday: Open 24 hours | Wednesday: Open 24 hours | Thursday: Open 24 hours | Friday: Open 24 hours | Saturday: Open 24 hours | Sunday: Open 24 hours","Maps Link":"https://maps.google.com/?cid=15612874535134067166&g_mp=Cidnb29nbGUubWFwcy5wbGFjZXMudjEuUGxhY2VzLlNlYXJjaFRleHQQAhgEIAA"}},{"type":"Feature","geometry":{"type":"Point","coordinates":[73.7825539,20.000508]},"properties":{"Taluka":"Nashik","Zone":"Nashik Central","Category":"Mandir / Temple","Name":"Shree Sai Baba Mandir","Type":"Hindu Temple","Rating":"4.5","Review Count":"4","Address":"2Q2M+623, Old Agra Rd, Shalimar, Nashik, Maharashtra 422002, India","Maps Link":"https://maps.google.com/?cid=15226032925692103681&g_mp=Cidnb29nbGUubWFwcy5wbGFjZXMudjEuUGxhY2VzLlNlYXJjaFRleHQQAhgEIAA"}},{"type":"Feature","geometry":{"type":"Point","coordinates":[73.7926559,19.99982]},"properties":{"Taluka":"Nashik","Zone":"Nashik Central","Category":"Mandir / Temple","Name":"Shree Sai Baba Mandir","Type":"Hindu Temple","Rating":"4.5","Review Count":"25","Phone":"079857 75887","Address":"1089/2434, Tambat Ln, Old Nashik, Naikwadi Pura, Panchavati, Nashik, Maharashtra 422001, India","Maps Link":"https://maps.google.com/?cid=10300994056583477871&g_mp=Cidnb29nbGUubWFwcy5wbGFjZXMudjEuUGxhY2VzLlNlYXJjaFRleHQQAhgEIAA"}},{"type":"Feature","geometry":{"type":"Point","coordinates":[73.7556794,19.9733764]},"properties":{"Taluka":"Nashik","Zone":"Nashik Central","Category":"Mandir / Temple","Name":"Shree SankatVimochan Ganpati Mandir","Type":"Hindu Temple","Rating":"4.6","Review Count":"27","Address":"XQF4+973, Pawan Nagar Road, Opposite Karmaveer Bhaurao Hire Vidyalaya, Rajratna Nagar, Cidco, Pawan Nagar, Nashik, Maharashtra 422008, India","Opening Hours":"Monday: 7:00 AM – 10:00 PM | Tuesday: 7:00 AM – 10:00 PM | Wednesday: 7:00 AM – 10:00 PM | Thursday: 7:00 AM – 10:00 PM | Friday: 7:00 AM – 10:00 PM | Saturday: 7:00 AM – 10:00 PM | Sunday: 7:00 AM – 10:00 PM","Maps Link":"https://maps.google.com/?cid=1425342309831295235&g_mp=Cidnb29nbGUubWFwcy5wbGFjZXMudjEuUGxhY2VzLlNlYXJjaFRleHQQAhgEIAA"}},{"type":"Feature","geometry":{"type":"Point","coordinates":[73.792816,19.997912]},"properties":{"Taluka":"Nashik","Zone":"Nashik Central","Category":"Mandir / Temple","Name":"Shree Sant Namdev Vitthal Mandir","Type":"Hindu Temple","Rating":"4","Review Count":"13","Address":"Kazipura, XQXV+548, Old Nashik, Multanpura, Nashik, Maharashtra 422001, India","Maps Link":"https://maps.google.com/?cid=3655557776815586795&g_mp=Cidnb29nbGUubWFwcy5wbGFjZXMudjEuUGxhY2VzLlNlYXJjaFRleHQQAhgEIAA"}},{"type":"Feature","geometry":{"type":"Point","coordinates":[73.790638,19.981958]},"properties":{"Taluka":"Nashik","Zone":"Nashik Central","Category":"Mandir / Temple","Name":"Shree Saptashrungi Devi Mandir","Type":"Hindu Temple","Rating":"4.6","Review Count":"58","Phone":"02592 253 351","Address":"XQJR+Q7J, Vinay Nagar Rd, Near Bharat Nagar, Vinay Nagar, Nashik, Maharashtra 422006, India","Maps Link":"https://maps.google.com/?cid=3298655657022161162&g_mp=Cidnb29nbGUubWFwcy5wbGFjZXMudjEuUGxhY2VzLlNlYXJjaFRleHQQAhgEIAA"}},{"type":"Feature","geometry":{"type":"Point","coordinates":[73.7516101,19.9966478]},"properties":{"Taluka":"Nashik","Zone":"Nashik Central","Category":"Mandir / Temple","Name":"Shree Saptashrungi Devi Mandir","Type":"Hindu Temple","Rating":"4.8","Review Count":"4","Address":"Plot No.157-B F Rd, Mahatma Nagar, Parijat Nagar, Nashik, Maharashtra 422005, India","Maps Link":"https://maps.google.com/?cid=5281343288337425620&g_mp=Cidnb29nbGUubWFwcy5wbGFjZXMudjEuUGxhY2VzLlNlYXJjaFRleHQQAhgEIAA"}},{"type":"Feature","geometry":{"type":"Point","coordinates":[73.7599999,19.970071]},"properties":{"Taluka":"Nashik","Zone":"Nashik Central","Category":"Mandir / Temple","Name":"Shree Saptashrungi Devi Mandir","Type":"Hindu Temple","Rating":"4.3","Review Count":"11","Address":"XQC5+2XH, Saibaba Nagar, Cidco, Nashik, Maharashtra 422009, India","Maps Link":"https://maps.google.com/?cid=14262532430674464887&g_mp=Cidnb29nbGUubWFwcy5wbGFjZXMudjEuUGxhY2VzLlNlYXJjaFRleHQQAhgEIAA"}},{"type":"Feature","geometry":{"type":"Point","coordinates":[73.7964189,20.0563724]},"properties":{"Taluka":"Nashik","Zone":"Nashik Central","Category":"Mandir / Temple","Name":"Shree Saptashrungi Devi Mandir","Type":"Hindu Temple","Rating":"5","Review Count":"6","Address":"3Q4W+GHV, Boargad, Shirish Society, Nashik, Maharashtra 422004, India","Opening Hours":"Monday: 6:30 AM – 10:00 PM | Tuesday: 6:30 AM – 10:00 PM | Wednesday: 6:30 AM – 10:00 PM | Thursday: 6:30 AM – 10:00 PM | Friday: 6:30 AM – 10:00 PM | Saturday: 6:30 AM – 10:00 PM | Sunday: 6:30 AM – 10:00 PM","Maps Link":"https://maps.google.com/?cid=14149948094157377444&g_mp=Cidnb29nbGUubWFwcy5wbGFjZXMudjEuUGxhY2VzLlNlYXJjaFRleHQQAhgEIAA"}},{"type":"Feature","geometry":{"type":"Point","coordinates":[73.7884923,20.0069038]},"properties":{"Taluka":"Nashik","Zone":"Nashik Central","Category":"Mandir / Temple","Name":"Shree Saptashrungi Devi Temple","Type":"Hindu Temple","Rating":"5","Review Count":"1","Address":"330, Raviwar Peth Rd, Raviwar Peth, Raviwar Karanja, Panchavati, Nashik, Maharashtra 422001, India","Maps Link":"https://maps.google.com/?cid=12202218264033797211&g_mp=Cidnb29nbGUubWFwcy5wbGFjZXMudjEuUGxhY2VzLlNlYXJjaFRleHQQAhgEIAA"}},{"type":"Feature","geometry":{"type":"Point","coordinates":[73.7893124,20.0004438]},"properties":{"Taluka":"Nashik","Zone":"Nashik Central","Category":"Mandir / Temple","Name":"Shree Saptashrungi Mandir","Type":"Hindu Temple","Rating":"4.9","Review Count":"7","Address":"Near Doodh Bazar, 2Q2Q+5PF, Old Nashik, Bhadrakali, Koknipura, Nashik, Maharashtra 422001, India","Maps Link":"https://maps.google.com/?cid=10773613972312610661&g_mp=Cidnb29nbGUubWFwcy5wbGFjZXMudjEuUGxhY2VzLlNlYXJjaFRleHQQAhgEIAA"}},{"type":"Feature","geometry":{"type":"Point","coordinates":[73.7983205,20.0011479]},"properties":{"Taluka":"Nashik","Zone":"Nashik Central","Category":"Mandir / Temple","Name":"Shree Saptasungi Devi Mandir","Type":"Hindu Temple","Rating":"5","Review Count":"2","Address":"2Q2X+F84, Amardham Rd, Old Nashik, Naikwadi Pura, Kathda, Nashik, Maharashtra 422001, India","Maps Link":"https://maps.google.com/?cid=942072386698860927&g_mp=Cidnb29nbGUubWFwcy5wbGFjZXMudjEuUGxhY2VzLlNlYXJjaFRleHQQAhgEIAA"}},{"type":"Feature","geometry":{"type":"Point","coordinates":[73.7275677,19.9898609]},"properties":{"Taluka":"Nashik","Zone":"Nashik Central","Category":"Mandir / Temple","Name":"Shree Sapthashrungi Devi Mata Mandir","Type":"Hindu Temple","Rating":"4.9","Review Count":"20","Address":"XPQH+W2W, MHB Colony, Satpur Colony, Nashik, Maharashtra 422007, India","Maps Link":"https://maps.google.com/?cid=2078485955256353945&g_mp=Cidnb29nbGUubWFwcy5wbGFjZXMudjEuUGxhY2VzLlNlYXJjaFRleHQQAhgEIAA"}},{"type":"Feature","geometry":{"type":"Point","coordinates":[73.773614,19.975986]},"properties":{"Taluka":"Nashik","Zone":"Nashik Central","Category":"Mandir / Temple","Name":"Shree Saptrshungi Devi Mandir","Type":"Place of Worship","Rating":"5","Review Count":"3","Address":"XQGF+9CX, Agra - Mumbai Hwy, Shanti Nagar, Cidco, Nashik, Maharashtra 422009, India","Maps Link":"https://maps.google.com/?cid=8627673415617597200&g_mp=Cidnb29nbGUubWFwcy5wbGFjZXMudjEuUGxhY2VzLlNlYXJjaFRleHQQAhgEIAA"}},{"type":"Feature","geometry":{"type":"Point","coordinates":[73.7518895,19.979271]},"properties":{"Taluka":"Nashik","Zone":"Nashik Central","Category":"Mandir / Temple","Name":"Shree Saptshrungi Devi Mandir","Type":"Hindu Temple","Rating":"4","Review Count":"12","Address":"XQH2+PQ2, Ambad Link Rd, Near Bhole Shankar Chowk, Laxmi Nagar, Pragati Nagar, Kamatwade Gaon, Nashik, Maharashtra 422008, India","Maps Link":"https://maps.google.com/?cid=14974045576709184161&g_mp=Cidnb29nbGUubWFwcy5wbGFjZXMudjEuUGxhY2VzLlNlYXJjaFRleHQQAhgEIAA"}},{"type":"Feature","geometry":{"type":"Point","coordinates":[73.8034604,19.9825782]},"properties":{"Taluka":"Nashik","Zone":"Nashik Central","Category":"Mandir / Temple","Name":"Shree Saptshrungi Devi Mata Mandir","Type":"Hindu Temple","Rating":"4.8","Review Count":"5","Address":"XRM3+29P, Nashik - Shirdi Rd, near Bha Bha Nagar Stop, Hire Nagar, Ganesh Baba Nagar, Nashik, Maharashtra 422011, India","Maps Link":"https://maps.google.com/?cid=9373654302919834318&g_mp=Cidnb29nbGUubWFwcy5wbGFjZXMudjEuUGxhY2VzLlNlYXJjaFRleHQQAhgEIAA"}},{"type":"Feature","geometry":{"type":"Point","coordinates":[73.830564,19.954259]},"properties":{"Taluka":"Nashik","Zone":"Nashik Central","Category":"Mandir / Temple","Name":"Shree Saptshrungi Mata Mandir","Type":"Hindu Temple","Rating":"4.3","Review Count":"48","Address":"XR3J+P64, Datta Mandir Rd, Near Vindhya Vihar Udyan, Ghadge Nagar, Gayakhe Colony, Punjab Colony, Nashik, Maharashtra 422101, India","Maps Link":"https://maps.google.com/?cid=8320651042507873992&g_mp=Cidnb29nbGUubWFwcy5wbGFjZXMudjEuUGxhY2VzLlNlYXJjaFRleHQQAhgEIAA"}},{"type":"Feature","geometry":{"type":"Point","coordinates":[73.791578,20.001862]},"properties":{"Taluka":"Nashik","Zone":"Nashik Central","Category":"Mandir / Temple","Name":"Shree Shaneshwar Temple","Type":"Place of Worship","Rating":"5","Review Count":"1","Address":"2Q2R+PJW, Bhadrakali, Koknipura, Nashik, Maharashtra 422001, India","Maps Link":"https://maps.google.com/?cid=13261825286890396654&g_mp=Cidnb29nbGUubWFwcy5wbGFjZXMudjEuUGxhY2VzLlNlYXJjaFRleHQQAhgEIAA"}},{"type":"Feature","geometry":{"type":"Point","coordinates":[73.7871919,20.0009477]},"properties":{"Taluka":"Nashik","Zone":"Nashik Central","Category":"Mandir / Temple","Name":"Shree Shani Mandir","Type":"Hindu Temple","Rating":"4.5","Review Count":"2","Address":"Shalimar Chowk, 2Q2P+9VG, Shalimar, Nashik, Maharashtra 422001, India","Maps Link":"https://maps.google.com/?cid=6740057630828907459&g_mp=Cidnb29nbGUubWFwcy5wbGFjZXMudjEuUGxhY2VzLlNlYXJjaFRleHQQAhgEIAA"}},{"type":"Feature","geometry":{"type":"Point","coordinates":[73.7901361,20.0004679]},"properties":{"Taluka":"Nashik","Zone":"Nashik Central","Category":"Mandir / Temple","Name":"Shree Shanidev Mandir","Type":"Hindu Temple","Rating":"4.2","Review Count":"5","Address":"Shivaji Market, Bhadrakali, Koknipura, Nashik, Maharashtra 422001, India","Maps Link":"https://maps.google.com/?cid=293660121039285842&g_mp=Cidnb29nbGUubWFwcy5wbGFjZXMudjEuUGxhY2VzLlNlYXJjaFRleHQQAhgEIAA"}},{"type":"Feature","geometry":{"type":"Point","coordinates":[73.759475,19.974981]},"properties":{"Taluka":"Nashik","Zone":"Nashik Central","Category":"Mandir / Temple","Name":"Shree Siddhivinayak Ganapati Mandir and Narmadeshwar Mahadev Mandir.","Type":"Hindu Temple","Rating":"4.9","Review Count":"9","Address":"XQF5+XQX, Sri Ram Nagar, Cidco, Nashik, Maharashtra 422008, India","Opening Hours":"Monday: 5:00 AM – 12:00 PM, 4:00 – 9:00 PM | Tuesday: 5:00 AM – 12:00 PM, 4:00 – 9:00 PM | Wednesday: 5:00 AM – 12:00 PM, 4:00 – 9:00 PM | Thursday: 5:00 AM – 12:00 PM, 4:00 – 9:00 PM | Friday: 5:00 AM – 12:00 PM, 4:00 – 9:00 PM | Saturday: 5:00 AM – 12:00 PM, 4:00 – 9:00 PM | Sunday: 5:00 AM – 12:00 PM, 4:00 – 9:00 PM","Maps Link":"https://maps.google.com/?cid=18034756544440602488&g_mp=Cidnb29nbGUubWFwcy5wbGFjZXMudjEuUGxhY2VzLlNlYXJjaFRleHQQAhgEIAA"}},{"type":"Feature","geometry":{"type":"Point","coordinates":[73.839665,19.979736]},"properties":{"Taluka":"Nashik","Zone":"Nashik Central","Category":"Mandir / Temple","Name":"Shree Siddhivinayak Ganesh Mandir","Type":"Hindu Temple","Rating":"4.6","Review Count":"31","Address":"Jail Rd, XRHQ+VVV, Rd, Gurudatta Nagar, Siddeshwar Nagar, Nashik, Maharashtra 422101, India","Opening Hours":"Monday: 6:00 AM – 9:00 PM | Tuesday: 6:00 AM – 9:00 PM | Wednesday: 6:00 AM – 9:00 PM | Thursday: 6:00 AM – 9:00 PM | Friday: 6:00 AM – 9:00 PM | Saturday: 6:00 AM – 9:00 PM | Sunday: 6:00 AM – 9:00 PM","Maps Link":"https://maps.google.com/?cid=710890977442699318&g_mp=Cidnb29nbGUubWFwcy5wbGFjZXMudjEuUGxhY2VzLlNlYXJjaFRleHQQAhgEIAA"}},{"type":"Feature","geometry":{"type":"Point","coordinates":[73.8254461,19.9539898]},"properties":{"Taluka":"Nashik","Zone":"Nashik Central","Category":"Mandir / Temple","Name":"Shree Tulaja Bhavani Mandir Devasthan, Jai Bhavani Road","Type":"Hindu Temple","Rating":"4.9","Review Count":"248","Address":"XR3G+H5W, Jai Bhavani Rd, Jackak Nagar, Adke Nagar, Nashik Road, Nashik, Maharashtra 422102, India","Website":"https://samparkbharat.com/tuljabhavanidevasthan","Opening Hours":"Monday: 6:00 AM – 9:00 PM | Tuesday: 6:00 AM – 9:00 PM | Wednesday: 6:00 AM – 9:00 PM | Thursday: 6:00 AM – 9:00 PM | Friday: 6:00 AM – 9:00 PM | Saturday: 6:00 AM – 9:00 PM | Sunday: 6:00 AM – 9:00 PM","Maps Link":"https://maps.google.com/?cid=5882288528209732526&g_mp=Cidnb29nbGUubWFwcy5wbGFjZXMudjEuUGxhY2VzLlNlYXJjaFRleHQQAhgEIAA"}},{"type":"Feature","geometry":{"type":"Point","coordinates":[73.7867079,20.005992]},"properties":{"Taluka":"Nashik","Zone":"Nashik Central","Category":"Mandir / Temple","Name":"Shree Tulja Bhavani Devi Mandir","Type":"Hindu Temple","Rating":"4.7","Review Count":"35","Address":"More Ghankari, 2Q4P+9MW, Ghankari Lane, Raviwar Peth, Raviwar Karanja, Panchavati, Nashik, Maharashtra 422001, India","Maps Link":"https://maps.google.com/?cid=4792802106320282531&g_mp=Cidnb29nbGUubWFwcy5wbGFjZXMudjEuUGxhY2VzLlNlYXJjaFRleHQQAhgEIAA"}},{"type":"Feature","geometry":{"type":"Point","coordinates":[73.7869887,20.0007765]},"properties":{"Taluka":"Nashik","Zone":"Nashik Central","Category":"Mandir / Temple","Name":"Shree shetra Durga Mata Kanch Mandir","Type":"Hindu Temple","Rating":"4.4","Review Count":"29","Address":"Shalimar Chowk, 2Q2P+8Q9, Shalimar, Nashik, Maharashtra 422001, India","Opening Hours":"Monday: 7:00 AM – 1:00 PM, 5:00 – 9:30 PM | Tuesday: 7:00 AM – 1:00 PM, 5:00 – 9:30 PM | Wednesday: 7:00 AM – 1:00 PM, 5:00 – 9:30 PM | Thursday: 7:00 AM – 1:00 PM, 5:00 – 9:30 PM | Friday: 7:00 AM – 1:00 PM, 5:00 – 9:30 PM | Saturday: 7:00 AM – 1:00 PM, 5:00 – 9:30 PM | Sunday: 7:00 AM – 1:00 PM, 5:00 – 9:30 PM","Maps Link":"https://maps.google.com/?cid=13647183002209184178&g_mp=Cidnb29nbGUubWFwcy5wbGFjZXMudjEuUGxhY2VzLlNlYXJjaFRleHQQAhgEIAA"}},{"type":"Feature","geometry":{"type":"Point","coordinates":[73.7743526,20.0033565]},"properties":{"Taluka":"Nashik","Zone":"Nashik Central","Category":"Mandir / Temple","Name":"Shri Chandak’s Shri Hanuman Mandir","Type":"Hindu Temple","Rating":"5","Review Count":"1","Address":"2Q3F+8PX, Sharanpur Rd, Utkarsh Colony, New Pandit Colony, Nashik, Maharashtra 422002, India","Opening Hours":"Monday: Open 24 hours | Tuesday: Open 24 hours | Wednesday: Open 24 hours | Thursday: Open 24 hours | Friday: Open 24 hours | Saturday: Open 24 hours | Sunday: Open 24 hours","Maps Link":"https://maps.google.com/?cid=17146547650893350417&g_mp=Cidnb29nbGUubWFwcy5wbGFjZXMudjEuUGxhY2VzLlNlYXJjaFRleHQQAhgEIAA"}},{"type":"Feature","geometry":{"type":"Point","coordinates":[73.79038,20.002474]},"properties":{"Taluka":"Nashik","Zone":"Nashik Central","Category":"Mandir / Temple","Name":"Shri Dnyaneshwar Maharaj Mandir","Type":"Hindu Temple","Rating":"4.8","Review Count":"14","Address":"2Q2R+X5J हुंडीवाला, Parasnath Ln, Bhadrakali, Panchavati, Nashik, Maharashtra 422001, India","Maps Link":"https://maps.google.com/?cid=15684425020046872026&g_mp=Cidnb29nbGUubWFwcy5wbGFjZXMudjEuUGxhY2VzLlNlYXJjaFRleHQQAhgEIAA"}},{"type":"Feature","geometry":{"type":"Point","coordinates":[73.785155,19.993925]},"properties":{"Taluka":"Nashik","Zone":"Nashik Central","Category":"Mandir / Temple","Name":"Shri Ganesh Mandir","Type":"Hindu Temple","Rating":"3.9","Review Count":"8","Address":"XQVP+H3C, ND Patel Rd, Shingada Talav, Ganjmal, Nashik, Maharashtra 422001, India","Maps Link":"https://maps.google.com/?cid=7754375662037187110&g_mp=Cidnb29nbGUubWFwcy5wbGFjZXMudjEuUGxhY2VzLlNlYXJjaFRleHQQAhgEIAA"}},{"type":"Feature","geometry":{"type":"Point","coordinates":[73.7550858,19.9836423]},"properties":{"Taluka":"Nashik","Zone":"Nashik Central","Category":"Mandir / Temple","Name":"Shri Ganeshmurti Ganpati Mandir","Type":"Hindu Temple","Rating":"5","Review Count":"2","Address":"XQM4+F24, Unnamed Rd, Trimurti Chowk, Cidco, Durganagar, Nashik, Maharashtra 422008, India","Maps Link":"https://maps.google.com/?cid=15505212710235192777&g_mp=Cidnb29nbGUubWFwcy5wbGFjZXMudjEuUGxhY2VzLlNlYXJjaFRleHQQAhgEIAA"}},{"type":"Feature","geometry":{"type":"Point","coordinates":[73.7906852,20.0006931]},"properties":{"Taluka":"Nashik","Zone":"Nashik Central","Category":"Mandir / Temple","Name":"Shri Kalika Devi Mandir","Type":"Hindu Temple","Rating":"5","Review Count":"2","Address":"2Q2R+77F, Old Tambat Ln, Bhadrakali, Koknipura, Nashik, Maharashtra 422001, India","Maps Link":"https://maps.google.com/?cid=2091799031972142484&g_mp=Cidnb29nbGUubWFwcy5wbGFjZXMudjEuUGxhY2VzLlNlYXJjaFRleHQQAhgEIAA"}},{"type":"Feature","geometry":{"type":"Point","coordinates":[73.7856479,20.0071098]},"properties":{"Taluka":"Nashik","Zone":"Nashik Central","Category":"Mandir / Temple","Name":"Shri Kalika Devi Mandir (Dakshinmukhi)","Type":"Hindu Temple","Rating":"4.5","Review Count":"11","Address":"Navin Tambat Lane, Raviwar Peth Rd, near Ashok Stambh, Raviwar Peth, Raviwar Karanja, Panchavati, Nashik, Maharashtra 422001, India","Maps Link":"https://maps.google.com/?cid=10470621457434382534&g_mp=Cidnb29nbGUubWFwcy5wbGFjZXMudjEuUGxhY2VzLlNlYXJjaFRleHQQAhgEIAA"}},{"type":"Feature","geometry":{"type":"Point","coordinates":[73.8140789,20.0010205]},"properties":{"Taluka":"Nashik","Zone":"Nashik Central","Category":"Mandir / Temple","Name":"Shri Lakshman Mandir Tapovan Nashik","Type":"Hindu Temple","Rating":"4.5","Review Count":"189","Phone":"098506 88858","Address":"2R27+CJ4, Vaishnavi Park, Nashik, Maharashtra 422003, India","Opening Hours":"Monday: Open 24 hours | Tuesday: Open 24 hours | Wednesday: Open 24 hours | Thursday: Open 24 hours | Friday: Open 24 hours | Saturday: Open 24 hours | Sunday: Open 24 hours","Maps Link":"https://maps.google.com/?cid=3800442253900635190&g_mp=Cidnb29nbGUubWFwcy5wbGFjZXMudjEuUGxhY2VzLlNlYXJjaFRleHQQAhgEIAA"}},{"type":"Feature","geometry":{"type":"Point","coordinates":[73.7659723,20.0054098]},"properties":{"Taluka":"Nashik","Zone":"Nashik Central","Category":"Mandir / Temple","Name":"Shri Namdev Vitthal Mandir","Type":"Hindu Temple","Rating":"5","Review Count":"2","Address":"2Q48+599, College Rd, Vese Mala, Patil Colony, Canada Corner, Nashik, Maharashtra 422005, India","Maps Link":"https://maps.google.com/?cid=8279952558203333834&g_mp=Cidnb29nbGUubWFwcy5wbGFjZXMudjEuUGxhY2VzLlNlYXJjaFRleHQQAhgEIAA"}},{"type":"Feature","geometry":{"type":"Point","coordinates":[73.76754,19.9710769]},"properties":{"Taluka":"Nashik","Zone":"Nashik Central","Category":"Mandir / Temple","Name":"Shri Sidhheshwar Shiv Mandir","Type":"Hindu Temple","Rating":"4.5","Review Count":"23","Address":"Near Audumbar Nagar Bus Stop, Rana Pratap Chowk, XQC9+C2M, Nashik, Maharashtra 422009, India","Maps Link":"https://maps.google.com/?cid=1986165675976279250&g_mp=Cidnb29nbGUubWFwcy5wbGFjZXMudjEuUGxhY2VzLlNlYXJjaFRleHQQAhgEIAA"}},{"type":"Feature","geometry":{"type":"Point","coordinates":[73.8045794,19.9691846]},"properties":{"Taluka":"Nashik","Zone":"Nashik Central","Category":"Mandir / Temple","Name":"Shri Vighnaharan Ganesh Mandir Deosthan","Type":"Hindu Temple","Rating":"4.5","Review Count":"69","Address":"XR93+MRG, Shree Sant Savata Mali Marg, DGP Nagar 1, Nashik, Maharashtra 422006, India","Maps Link":"https://maps.google.com/?cid=1779241899920759217&g_mp=Cidnb29nbGUubWFwcy5wbGFjZXMudjEuUGxhY2VzLlNlYXJjaFRleHQQAhgEIAA"}},{"type":"Feature","geometry":{"type":"Point","coordinates":[73.7224329,20.0292535]},"properties":{"Taluka":"Nashik","Zone":"Nashik Central","Category":"Mandir / Temple","Name":"Shri Vyankatesh Balaji Mandir","Type":"Hindu Temple","Rating":"4.7","Review Count":"1360","Address":"2PHC+PX3, Ambedkar Nagar, Nashik, Maharashtra 422222, India","Opening Hours":"Monday: 5:00 AM – 8:30 PM | Tuesday: 5:00 AM – 8:30 PM | Wednesday: 5:00 AM – 8:30 PM | Thursday: 5:00 AM – 8:30 PM | Friday: 5:00 AM – 8:30 PM | Saturday: 5:00 AM – 8:30 PM | Sunday: 5:00 AM – 8:30 PM","Maps Link":"https://maps.google.com/?cid=2183245773305177985&g_mp=Cidnb29nbGUubWFwcy5wbGFjZXMudjEuUGxhY2VzLlNlYXJjaFRleHQQAhgEIAA"}},{"type":"Feature","geometry":{"type":"Point","coordinates":[73.7867384,19.9828704]},"properties":{"Taluka":"Nashik","Zone":"Nashik Central","Category":"Mandir / Temple","Name":"Siddhivinayak Temple, Vinay Nagar, Nashik","Type":"Hindu Temple","Rating":"4.4","Review Count":"8","Address":"XQMP+4MX, Deepali Nagar - Vinay Nagar Rd, Shri Ram Nagar, Nashik, Maharashtra 422009, India","Maps Link":"https://maps.google.com/?cid=827827118762552858&g_mp=Cidnb29nbGUubWFwcy5wbGFjZXMudjEuUGxhY2VzLlNlYXJjaFRleHQQAhgEIAA"}},{"type":"Feature","geometry":{"type":"Point","coordinates":[73.8054942,20.0034102]},"properties":{"Taluka":"Nashik","Zone":"Nashik Central","Category":"Mandir / Temple","Name":"Swaminarayan Mandir hall vishal","Type":"Hindu Temple","Rating":"4.6","Review Count":"141","Address":"Vaishnavi Park, Nashik, Maharashtra 422003, India","Opening Hours":"Monday: 6:00 AM – 12:00 PM, 4:00 – 8:45 PM | Tuesday: 6:00 AM – 12:00 PM, 4:00 – 8:45 PM | Wednesday: 6:00 AM – 12:00 PM, 4:00 – 8:45 PM | Thursday: 6:00 AM – 12:00 PM, 4:00 – 8:45 PM | Friday: 6:00 AM – 12:00 PM, 4:00 – 8:45 PM | Saturday: 6:00 AM – 12:00 PM, 4:00 – 8:45 PM | Sunday: 6:00 AM – 12:00 PM, 4:00 – 8:45 PM","Maps Link":"https://maps.google.com/?cid=11377360156889723380&g_mp=Cidnb29nbGUubWFwcy5wbGFjZXMudjEuUGxhY2VzLlNlYXJjaFRleHQQAhgEIAA"}},{"type":"Feature","geometry":{"type":"Point","coordinates":[73.7652245,19.9680851]},"properties":{"Taluka":"Nashik","Zone":"Nashik Central","Category":"Mandir / Temple","Name":"Trilokeshwar Mahadev Mandir","Type":"Hindu Temple","Rating":"4.4","Review Count":"46","Address":"XQ98+63Q, Near Ganesh chowk, Shri Ram Colony, Nashik, Maharashtra 422009, India","Opening Hours":"Monday: 6:00 AM – 9:00 PM | Tuesday: 6:00 AM – 9:00 PM | Wednesday: 6:00 AM – 9:00 PM | Thursday: 6:00 AM – 9:00 PM | Friday: 6:00 AM – 9:00 PM | Saturday: 6:00 AM – 9:00 PM | Sunday: 6:00 AM – 9:00 PM","Maps Link":"https://maps.google.com/?cid=5111553941307536002&g_mp=Cidnb29nbGUubWFwcy5wbGFjZXMudjEuUGxhY2VzLlNlYXJjaFRleHQQAhgEIAA"}},{"type":"Feature","geometry":{"type":"Point","coordinates":[73.7900803,19.9993631]},"properties":{"Taluka":"Nashik","Zone":"Nashik Central","Category":"Mandir / Temple","Name":"Trimbakeshwar mandir","Type":"Hindu Temple","Review Count":"0","Address":"XQXR+P2W, Doodh Bazar, Naikwadi Pura, Koknipura, Nashik, Maharashtra 422001, India","Maps Link":"https://maps.google.com/?cid=15425180972838628553&g_mp=Cidnb29nbGUubWFwcy5wbGFjZXMudjEuUGxhY2VzLlNlYXJjaFRleHQQAhgEIAA"}},{"type":"Feature","geometry":{"type":"Point","coordinates":[73.7622718,20.0128487]},"properties":{"Taluka":"Nashik","Zone":"Nashik Central","Category":"Mandir / Temple","Name":"Tulja Bhavani Mandir","Type":"Hindu Temple","Rating":"4.7","Review Count":"374","Address":"2Q76+4WJ, Gangapur Rd, Near Bagul Hospital, Manik Nagar, Nashik, Maharashtra 422013, India","Opening Hours":"Monday: 7:00 AM – 11:00 PM | Tuesday: 7:00 AM – 11:00 PM | Wednesday: 7:00 AM – 11:00 PM | Thursday: 7:00 AM – 11:00 PM | Friday: 7:00 AM – 11:00 PM | Saturday: 7:00 AM – 11:00 PM | Sunday: 7:00 AM – 11:00 PM","Maps Link":"https://maps.google.com/?cid=10694792660546611202&g_mp=Cidnb29nbGUubWFwcy5wbGFjZXMudjEuUGxhY2VzLlNlYXJjaFRleHQQAhgEIAA"}},{"type":"Feature","geometry":{"type":"Point","coordinates":[73.8025417,20.0347765]},"properties":{"Taluka":"Nashik","Zone":"Nashik Central","Category":"Mandir / Temple","Name":"Umiya Mataji Mandir,Umiya Nagar, MERI,Nashik","Type":"Hindu Temple","Rating":"4.7","Review Count":"39","Address":"Sn 233/D, Maharashtra State Highway 17, Gorksha Nagar, Sneha Nagar, Nashik, Maharashtra 422004, India","Opening Hours":"Monday: 7:00 AM – 8:00 PM | Tuesday: 7:00 AM – 8:00 PM | Wednesday: 7:00 AM – 8:00 PM | Thursday: 7:00 AM – 8:00 PM | Friday: 7:00 AM – 8:00 PM | Saturday: 7:00 AM – 8:00 PM | Sunday: 7:00 AM – 8:00 PM","Maps Link":"https://maps.google.com/?cid=15669261412097756366&g_mp=Cidnb29nbGUubWFwcy5wbGFjZXMudjEuUGxhY2VzLlNlYXJjaFRleHQQAhgEIAA"}},{"type":"Feature","geometry":{"type":"Point","coordinates":[73.789852,19.9992959]},"properties":{"Taluka":"Nashik","Zone":"Nashik Central","Category":"Mandir / Temple","Name":"Upadhye Ganpati Mandir","Type":"Hindu Temple","Rating":"4.4","Review Count":"5","Address":"XQXQ+PW9, Doodh Bazar, Bhadrakali, Koknipura, Nashik, Maharashtra 422001, India","Maps Link":"https://maps.google.com/?cid=2510643692403909587&g_mp=Cidnb29nbGUubWFwcy5wbGFjZXMudjEuUGxhY2VzLlNlYXJjaFRleHQQAhgEIAA"}},{"type":"Feature","geometry":{"type":"Point","coordinates":[73.7963905,20.0161664]},"properties":{"Taluka":"Nashik","Zone":"Nashik Central","Category":"Mandir / Temple","Name":"Vaishnavi Devi Temple","Type":"Hindu Temple","Rating":"4.5","Review Count":"34","Phone":"095274 08282","Address":"627, Market Yard Rd, A Wing, Kalachowki, Nashik, Maharashtra 422003, India","Opening Hours":"Monday: 8:15 AM – 8:45 PM | Tuesday: 8:15 AM – 8:45 PM | Wednesday: 8:15 AM – 8:45 PM | Thursday: 8:15 AM – 8:45 PM | Friday: 8:15 AM – 8:45 PM | Saturday: 8:15 AM – 8:45 PM | Sunday: 8:15 AM – 8:45 PM","Maps Link":"https://maps.google.com/?cid=11800394887818060951&g_mp=Cidnb29nbGUubWFwcy5wbGFjZXMudjEuUGxhY2VzLlNlYXJjaFRleHQQAhgEIAA"}},{"type":"Feature","geometry":{"type":"Point","coordinates":[73.7600727,20.0128827]},"properties":{"Taluka":"Nashik","Zone":"Nashik Central","Category":"Mandir / Temple","Name":"Varad Vinayak Ganpati Mandir","Type":"Hindu Temple","Rating":"4.5","Review Count":"44","Address":"2 A, S.T. Colony, Gangapur Rd, Shramik Nagar, Uday Nagar, Nashik, Maharashtra 422013, India","Opening Hours":"Monday: 7:30 AM – 9:00 PM | Tuesday: 7:30 AM – 9:00 PM | Wednesday: 7:30 AM – 9:00 PM | Thursday: 7:30 AM – 9:00 PM | Friday: 7:30 AM – 9:00 PM | Saturday: 7:30 AM – 9:00 PM | Sunday: 7:30 AM – 9:00 PM","Maps Link":"https://maps.google.com/?cid=11110522892603238243&g_mp=Cidnb29nbGUubWFwcy5wbGFjZXMudjEuUGxhY2VzLlNlYXJjaFRleHQQAhgEIAA"}},{"type":"Feature","geometry":{"type":"Point","coordinates":[73.8057833,19.9762669]},"properties":{"Taluka":"Nashik","Zone":"Nashik Central","Category":"Mandir / Temple","Name":"VishvaSundari Shri Saptashrungi Mata Mandir","Type":"Hindu Temple","Rating":"3.9","Review Count":"16","Address":"Nath Kutir, P.P. Gurumai, Tagore Nagar, Nashik, Maharashtra 422006, India","Maps Link":"https://maps.google.com/?cid=13995861557058036241&g_mp=Cidnb29nbGUubWFwcy5wbGFjZXMudjEuUGxhY2VzLlNlYXJjaFRleHQQAhgEIAA"}},{"type":"Feature","geometry":{"type":"Point","coordinates":[73.7704192,20.0102482]},"properties":{"Taluka":"Nashik","Zone":"Nashik Central","Category":"Mandir / Temple","Name":"maruti mandir","Review Count":"0","Address":"maruti mandir, P/68, Saptashrungi Colony, Shreerang Nagar, Nashik, Maharashtra 422013, India","Maps Link":"https://maps.google.com/?cid=9653550085373773425&g_mp=Cidnb29nbGUubWFwcy5wbGFjZXMudjEuUGxhY2VzLlNlYXJjaFRleHQQAhgEIAA"}},{"type":"Feature","geometry":{"type":"Point","coordinates":[73.7535636,19.9877902]},"properties":{"Taluka":"Nashik","Zone":"Nashik Central","Category":"Mandir / Temple","Name":"shiv mandir","Type":"Hindu Temple","Rating":"4.5","Review Count":"22","Address":"XQQ3+4C8, Shivshakti Nagar, Nashik, Maharashtra 422008, India","Maps Link":"https://maps.google.com/?cid=729272360026589757&g_mp=Cidnb29nbGUubWFwcy5wbGFjZXMudjEuUGxhY2VzLlNlYXJjaFRleHQQAhgEIAA"}},{"type":"Feature","geometry":{"type":"Point","coordinates":[73.7750889,19.9991426]},"properties":{"Taluka":"Nashik","Zone":"Nashik Central","Category":"Mandir / Temple","Name":"ऐतिहासिक श्री दत्त मंदिर आणि दक्षिण मुखी श्री हनुमान मंदिर","Type":"Place of Worship","Rating":"5","Review Count":"3","Address":"च्या मागे, राजीव गांधी भवन, Racca Colony, टिळकवाडी, Sharanpur, Nashik, Maharashtra 422002, India","Maps Link":"https://maps.google.com/?cid=1809190362656241001&g_mp=Cidnb29nbGUubWFwcy5wbGFjZXMudjEuUGxhY2VzLlNlYXJjaFRleHQQAhgEIAA"}},{"type":"Feature","geometry":{"type":"Point","coordinates":[73.7956771,19.9949967]},"properties":{"Taluka":"Nashik","Zone":"Nashik Central","Category":"Mandir / Temple","Name":"श्री महा मरी माता देवस्थान द्वारका नाशिक","Type":"Hindu Temple","Review Count":"0","Address":"XQVW+X7V, Dwarka, Nashik, Maharashtra 422001, India","Maps Link":"https://maps.google.com/?cid=16734199492303045884&g_mp=Cidnb29nbGUubWFwcy5wbGFjZXMudjEuUGxhY2VzLlNlYXJjaFRleHQQAhgEIAA"}},{"type":"Feature","geometry":{"type":"Point","coordinates":[73.8462406,19.9897589]},"properties":{"Taluka":"Nashik","Zone":"Nashik Central","Category":"Tirtha / Ghat","Name":"Dasak Gangaghat","Type":"Hindu Temple","Rating":"4.3","Review Count":"140","Address":"XRQW+WF5, Jail Rd, Manurgaon, Dasak, Nashik, Maharashtra 422003, India","Opening Hours":"Monday: Open 24 hours | Tuesday: Open 24 hours | Wednesday: Open 24 hours | Thursday: Open 24 hours | Friday: Open 24 hours | Saturday: Open 24 hours | Sunday: Open 24 hours","Maps Link":"https://maps.google.com/?cid=13982927292540992259&g_mp=Cidnb29nbGUubWFwcy5wbGFjZXMudjEuUGxhY2VzLlNlYXJjaFRleHQQAhgEIAA"}},{"type":"Feature","geometry":{"type":"Point","coordinates":[73.7868118,19.9815695]},"properties":{"Taluka":"Nashik","Zone":"Nashik Central","Category":"Ashram / Math","Name":"Trivikram Math Nashik","Type":"Hindu Temple","Rating":"4.8","Review Count":"26","Address":"XQJP+JPF, Deepali Nagar, Nashik, Maharashtra 422009, India","Opening Hours":"Monday: 9:00 AM – 9:00 PM | Tuesday: 9:00 AM – 9:00 PM | Wednesday: 9:00 AM – 9:00 PM | Thursday: 9:00 AM – 9:00 PM | Friday: 9:00 AM – 9:00 PM | Saturday: 9:00 AM – 9:00 PM | Sunday: 9:00 AM – 9:00 PM","Maps Link":"https://maps.google.com/?cid=1276000350135606141&g_mp=Cidnb29nbGUubWFwcy5wbGFjZXMudjEuUGxhY2VzLlNlYXJjaFRleHQQAhgEIAA"}},{"type":"Feature","geometry":{"type":"Point","coordinates":[73.7738125,19.9974375]},"properties":{"Taluka":"Nashik","Zone":"Nashik Central","Category":"Jain Temple","Name":"\"ACHEERA\" , SHANTINATH JAIN TEMPLE","Type":"Place of Worship","Rating":"4.9","Review Count":"7","Address":"Racca Colony, Jejurkar Wadi, Sharanpur, Nashik, Maharashtra 422002, India","Maps Link":"https://maps.google.com/?cid=9445356461475531323&g_mp=Cidnb29nbGUubWFwcy5wbGFjZXMudjEuUGxhY2VzLlNlYXJjaFRleHQQAhgEIAA"}},{"type":"Feature","geometry":{"type":"Point","coordinates":[73.7908461,20.001416]},"properties":{"Taluka":"Nashik","Zone":"Nashik Central","Category":"Jain Temple","Name":"108 Shri Chintamani Parshwanath Shwetambar Jain Derasar Tirth","Type":"Place of Worship","Rating":"4.6","Review Count":"258","Phone":"0253 259 4701","Address":"paras lane, Juni, Tambat Ln, Bhadrakali, Koknipura, Nashik, Maharashtra 422001, India","Opening Hours":"Monday: 6:00 AM – 1:00 PM, 4:30 – 9:00 PM | Tuesday: 6:00 AM – 1:00 PM, 4:30 – 9:00 PM | Wednesday: 6:00 AM – 1:00 PM, 4:30 – 9:00 PM | Thursday: 6:00 AM – 1:00 PM, 4:30 – 9:00 PM | Friday: 6:00 AM – 1:00 PM, 4:30 – 9:00 PM | Saturday: 6:00 AM – 1:00 PM, 4:30 – 9:00 PM | Sunday: 6:00 AM – 1:00 PM, 4:30 – 9:00 PM","Maps Link":"https://maps.google.com/?cid=5220288214654683780&g_mp=Cidnb29nbGUubWFwcy5wbGFjZXMudjEuUGxhY2VzLlNlYXJjaFRleHQQAhgEIAA"}},{"type":"Feature","geometry":{"type":"Point","coordinates":[73.7900816,19.9994483]},"properties":{"Taluka":"Nashik","Zone":"Nashik Central","Category":"Jain Temple","Name":"Digamber Jain Mandir, Shalimar, Nasik","Type":"Place of Worship","Rating":"4.5","Review Count":"20","Address":"XQXR+Q2G, Doodh Bazar Rd, Doodh Bazar, Bhadrakali, Shalimar, Nashik, Maharashtra 422001, India","Maps Link":"https://maps.google.com/?cid=11295024703506772880&g_mp=Cidnb29nbGUubWFwcy5wbGFjZXMudjEuUGxhY2VzLlNlYXJjaFRleHQQAhgEIAA"}},{"type":"Feature","geometry":{"type":"Point","coordinates":[73.788138,19.994277]},"properties":{"Taluka":"Nashik","Zone":"Nashik Central","Category":"Jain Temple","Name":"Jain Mandir","Type":"Place of Worship","Rating":"4.4","Review Count":"90","Address":"XQVQ+P76, Shingada Talav, Ganjmal, Nashik, Maharashtra 422001, India","Opening Hours":"Monday: 7:00 AM – 6:00 PM | Tuesday: 7:00 AM – 6:00 PM | Wednesday: 7:00 AM – 6:00 PM | Thursday: 7:00 AM – 6:00 PM | Friday: 7:00 AM – 6:00 PM | Saturday: 7:00 AM – 6:00 PM | Sunday: 7:00 AM – 6:00 PM","Maps Link":"https://maps.google.com/?cid=12573239011663400444&g_mp=Cidnb29nbGUubWFwcy5wbGFjZXMudjEuUGxhY2VzLlNlYXJjaFRleHQQAhgEIAA"}},{"type":"Feature","geometry":{"type":"Point","coordinates":[73.7729287,19.9991368]},"properties":{"Taluka":"Nashik","Zone":"Nashik Central","Category":"Jain Temple","Name":"Shri 1008 Bhagwan Sambhavnath Jain Temple","Review Count":"0","Address":"XQXF+M72 Shri 1008 Bhagwan Sambhavnath Jain Temple, Sadhu Wasvani Rd, Racca Colony, Jejurkar Wadi, Sharanpur, Nashik, Maharashtra 422002, India","Maps Link":"https://maps.google.com/?cid=2528480790395694721&g_mp=Cidnb29nbGUubWFwcy5wbGFjZXMudjEuUGxhY2VzLlNlYXJjaFRleHQQAhgEIAA"}},{"type":"Feature","geometry":{"type":"Point","coordinates":[73.7897914,19.9975421]},"properties":{"Taluka":"Nashik","Zone":"Nashik Central","Category":"Jain Temple","Name":"Ujjain","Type":"Place of Worship","Rating":"5","Review Count":"5","Address":"XQXQ+2W7, Lokhand Bazar, Koknipura, Nashik, Maharashtra 422001, India","Maps Link":"https://maps.google.com/?cid=8902371667598748503&g_mp=Cidnb29nbGUubWFwcy5wbGFjZXMudjEuUGxhY2VzLlNlYXJjaFRleHQQAhgEIAA"}},{"type":"Feature","geometry":{"type":"Point","coordinates":[73.776736,20.005429]},"properties":{"Taluka":"Nashik","Zone":"Nashik Central","Category":"Other Religious Site","Name":"Bal Ganesh Udyan","Type":"Garden","Rating":"4.4","Review Count":"293","Address":"2Q4G+5MH, Sharanpur Rd, Near Rajiv Gandhi Bhavan, Pandit Colony, Nashik, Maharashtra 422002, India","Maps Link":"https://maps.google.com/?cid=14989896380115462141&g_mp=Cidnb29nbGUubWFwcy5wbGFjZXMudjEuUGxhY2VzLlNlYXJjaFRleHQQAhgEIAA"}},{"type":"Feature","geometry":{"type":"Point","coordinates":[73.7986875,20.0121875]},"properties":{"Taluka":"Nashik","Zone":"Nashik Central","Category":"Other Religious Site","Name":"DADA BHAGWAN NASHIK CENTER","Type":"Hindu Temple","Rating":"4.5","Review Count":"8","Phone":"098226 83945","Address":"2Q6X+VFF, Near Nimani Bus Stand, Panchavati, Nashik, Maharashtra 422003, India","Website":"https://www.dadabhagwan.org/","Opening Hours":"Monday: Closed | Tuesday: Closed | Wednesday: Closed | Thursday: Closed | Friday: Closed | Saturday: Closed | Sunday: 3:00 – 6:00 PM","Maps Link":"https://maps.google.com/?cid=4896710191412711204&g_mp=Cidnb29nbGUubWFwcy5wbGFjZXMudjEuUGxhY2VzLlNlYXJjaFRleHQQAhgEIAA"}},{"type":"Feature","geometry":{"type":"Point","coordinates":[73.7693665,19.9937269]},"properties":{"Taluka":"Nashik","Zone":"Nashik Central","Category":"Other Religious Site","Name":"Dakshinmukhi Hanuman","Type":"Hindu Temple","Rating":"4.7","Review Count":"207","Address":"Vishweshwarya Marg, XQV9+FPX, Untwadi Rd, Patrakar Colony, Parijat Nagar, Nashik, Maharashtra 422002, India","Maps Link":"https://maps.google.com/?cid=8949948271681194013&g_mp=Cidnb29nbGUubWFwcy5wbGFjZXMudjEuUGxhY2VzLlNlYXJjaFRleHQQAhgEIAA"}},{"type":"Feature","geometry":{"type":"Point","coordinates":[73.772786,19.997854]},"properties":{"Taluka":"Nashik","Zone":"Nashik Central","Category":"Other Religious Site","Name":"Ekveera Aai","Type":"Hindu Temple","Rating":"4.3","Review Count":"6","Address":"Near, Kasturba Nagar, Racca Colony, Holaram Colony, Sharanpur, Nashik, Maharashtra 422002, India","Maps Link":"https://maps.google.com/?cid=4700562384091411876&g_mp=Cidnb29nbGUubWFwcy5wbGFjZXMudjEuUGxhY2VzLlNlYXJjaFRleHQQAhgEIAA"}},{"type":"Feature","geometry":{"type":"Point","coordinates":[73.789738,19.993827]},"properties":{"Taluka":"Nashik","Zone":"Nashik Central","Category":"Other Religious Site","Name":"Guru Rohidas Maharaj","Type":"Hindu Temple","Rating":"4","Review Count":"2","Address":"Madhumati Apartment, Pune Rd, Sarda Circle, Koknipura, Nashik, Maharashtra 422001, India","Maps Link":"https://maps.google.com/?cid=6981513598377051438&g_mp=Cidnb29nbGUubWFwcy5wbGFjZXMudjEuUGxhY2VzLlNlYXJjaFRleHQQAhgEIAA"}},{"type":"Feature","geometry":{"type":"Point","coordinates":[73.7864854,19.9943053]},"properties":{"Taluka":"Nashik","Zone":"Nashik Central","Category":"Other Religious Site","Name":"Hindu Seva Samaj Trust","Type":"Hindu Temple","Rating":"4","Review Count":"7","Address":"XQVP+PHH, behind fire brigade office, Shingada Talav, Panchasheel Nagar, Ganjmal, Nashik, Maharashtra 422001, India","Maps Link":"https://maps.google.com/?cid=16555994981752713862&g_mp=Cidnb29nbGUubWFwcy5wbGFjZXMudjEuUGxhY2VzLlNlYXJjaFRleHQQAhgEIAA"}},{"type":"Feature","geometry":{"type":"Point","coordinates":[73.7927344,20.0084473]},"properties":{"Taluka":"Nashik","Zone":"Nashik Central","Category":"Other Religious Site","Name":"Kalsarp Yog Puja - Nashik","Type":"Hindu Temple","Rating":"4","Review Count":"3","Address":"2Q5V+93H, Ramkund, Panchavati, Nashik, Maharashtra 422003, India","Opening Hours":"Monday: Open 24 hours | Tuesday: Open 24 hours | Wednesday: Open 24 hours | Thursday: Open 24 hours | Friday: Open 24 hours | Saturday: Open 24 hours | Sunday: Open 24 hours","Maps Link":"https://maps.google.com/?cid=5673506057116974200&g_mp=Cidnb29nbGUubWFwcy5wbGFjZXMudjEuUGxhY2VzLlNlYXJjaFRleHQQAhgEIAA"}},{"type":"Feature","geometry":{"type":"Point","coordinates":[73.7692877,19.9942949]},"properties":{"Taluka":"Nashik","Zone":"Nashik Central","Category":"Other Religious Site","Name":"Mahadev Ling","Type":"Hindu Temple","Rating":"5","Review Count":"2","Address":"XQV9+PP7, Sharanpur Link Rd, Patrakar Colony, Parijat Nagar, Nashik, Maharashtra 422002, India","Opening Hours":"Monday: Open 24 hours | Tuesday: Open 24 hours | Wednesday: Open 24 hours | Thursday: Open 24 hours | Friday: Open 24 hours | Saturday: Open 24 hours | Sunday: Open 24 hours","Maps Link":"https://maps.google.com/?cid=3745126004782574032&g_mp=Cidnb29nbGUubWFwcy5wbGFjZXMudjEuUGxhY2VzLlNlYXJjaFRleHQQAhgEIAA"}},{"type":"Feature","geometry":{"type":"Point","coordinates":[73.7865253,20.0063445]},"properties":{"Taluka":"Nashik","Zone":"Nashik Central","Category":"Other Religious Site","Name":"Nashik Cha Raja","Type":"Hindu Temple","Rating":"4.9","Review Count":"33","Address":"2Q4P+GJJ, Ghankar Ln, Raviwar Peth, Raviwar Karanja, Panchavati, Nashik, Maharashtra 422001, India","Maps Link":"https://maps.google.com/?cid=13869850371923291976&g_mp=Cidnb29nbGUubWFwcy5wbGFjZXMudjEuUGxhY2VzLlNlYXJjaFRleHQQAhgEIAA"}},{"type":"Feature","geometry":{"type":"Point","coordinates":[73.8144759,19.992483]},"properties":{"Taluka":"Nashik","Zone":"Nashik Central","Category":"Other Religious Site","Name":"Parth Preeti, Nashik","Type":"Hindu Temple","Rating":"5","Review Count":"27","Address":"XRR7+XQX, Dwarka, Nashik, Maharashtra 422011, India","Maps Link":"https://maps.google.com/?cid=13265131198981793755&g_mp=Cidnb29nbGUubWFwcy5wbGFjZXMudjEuUGxhY2VzLlNlYXJjaFRleHQQAhgEIAA"}},{"type":"Feature","geometry":{"type":"Point","coordinates":[73.7900803,19.9993631]},"properties":{"Taluka":"Nashik","Zone":"Nashik Central","Category":"Other Religious Site","Name":"Rakesh bind","Type":"Hindu Temple","Rating":"5","Review Count":"1","Address":"XQXR+P2W, Doodh Bazar, Naikwadi Pura, Koknipura, Nashik, Maharashtra 422001, India","Maps Link":"https://maps.google.com/?cid=17686008292328419743&g_mp=Cidnb29nbGUubWFwcy5wbGFjZXMudjEuUGxhY2VzLlNlYXJjaFRleHQQAhgEIAA"}},{"type":"Feature","geometry":{"type":"Point","coordinates":[73.8290245,19.9561432]},"properties":{"Taluka":"Nashik","Zone":"Nashik Central","Category":"Other Religious Site","Name":"Shree Dutta Prassann","Type":"Hindu Temple","Rating":"4.3","Review Count":"53","Address":"XR4H+FJ2, Nashik Rd, Ghadge Nagar, Gayakhe Colony, Deolali Gaon, Nashik, Maharashtra 422101, India","Opening Hours":"Monday: 5:30 AM – 9:30 PM | Tuesday: 5:30 AM – 9:30 PM | Wednesday: 5:30 AM – 9:30 PM | Thursday: 5:30 AM – 9:30 PM | Friday: 5:30 AM – 9:30 PM | Saturday: 5:30 AM – 9:30 PM | Sunday: 5:30 AM – 9:30 PM","Maps Link":"https://maps.google.com/?cid=8184601387839063629&g_mp=Cidnb29nbGUubWFwcy5wbGFjZXMudjEuUGxhY2VzLlNlYXJjaFRleHQQAhgEIAA"}},{"type":"Feature","geometry":{"type":"Point","coordinates":[73.7960783,19.995197]},"properties":{"Taluka":"Nashik","Zone":"Nashik Central","Category":"Other Religious Site","Name":"Shree Mahamari Mata Devsthan, Dwarka, Nashik","Type":"Hindu Temple","Rating":"3.9","Review Count":"7","Address":"Motha Matang Wada, Dwarka, Nashik, Maharashtra 422001, India","Website":"https://instagram.com/satvachi_aai_mahamari?igshid=MzRlODBiNWFlZA==","Opening Hours":"Monday: 6:00 AM – 11:00 PM | Tuesday: 6:00 AM – 11:00 PM | Wednesday: 6:00 AM – 11:00 PM | Thursday: 6:00 AM – 11:00 PM | Friday: 6:00 AM – 11:00 PM | Saturday: 6:00 AM – 11:00 PM | Sunday: 6:00 AM – 11:00 PM","Maps Link":"https://maps.google.com/?cid=12627776883991056995&g_mp=Cidnb29nbGUubWFwcy5wbGFjZXMudjEuUGxhY2VzLlNlYXJjaFRleHQQAhgEIAA"}},{"type":"Feature","geometry":{"type":"Point","coordinates":[73.8419567,19.9749149]},"properties":{"Taluka":"Nashik","Zone":"Nashik Central","Category":"Other Religious Site","Name":"Shree Mhasoba Maharaj Prasann","Type":"Hindu Temple","Rating":"4.3","Review Count":"97","Address":"XRFR+XQ8, Jail Rd, Mali Colony, Shivaji Nagar, Nashik, Maharashtra 422101, India","Opening Hours":"Monday: Open 24 hours | Tuesday: Open 24 hours | Wednesday: Open 24 hours | Thursday: Open 24 hours | Friday: Open 24 hours | Saturday: Open 24 hours | Sunday: Open 24 hours","Maps Link":"https://maps.google.com/?cid=11086120078439572701&g_mp=Cidnb29nbGUubWFwcy5wbGFjZXMudjEuUGxhY2VzLlNlYXJjaFRleHQQAhgEIAA"}},{"type":"Feature","geometry":{"type":"Point","coordinates":[73.772632,20.0012389]},"properties":{"Taluka":"Nashik","Zone":"Nashik Central","Category":"Other Religious Site","Name":"Shree Siddhivinayak Suprasanna","Type":"Hindu Temple","Rating":"3","Review Count":"1","Address":"2Q2F+F3R, Sharanpur Rd, Kulkarni Colony,Near Kulkarni Garden, Sharanpur, Nashik, Maharashtra 422002, India","Maps Link":"https://maps.google.com/?cid=13541492153097830715&g_mp=Cidnb29nbGUubWFwcy5wbGFjZXMudjEuUGxhY2VzLlNlYXJjaFRleHQQAhgEIAA"}},{"type":"Feature","geometry":{"type":"Point","coordinates":[73.8261824,19.9414148]},"properties":{"Taluka":"Nashik","Zone":"Nashik Central","Category":"Other Religious Site","Name":"Shri Anna Ganapati Navgraha Siddhapeetham Nashik","Type":"Hindu Temple","Rating":"4.6","Review Count":"1845","Phone":"099219 00031","Address":"Shri Anna Ganapati Bridge, WRRG+HF7, Nanekar Mala, Vihitgaon, Nashik, Maharashtra 422102, India","Opening Hours":"Monday: 8:00 AM – 1:00 PM, 4:00 – 8:00 PM | Tuesday: 8:00 AM – 1:00 PM, 4:00 – 8:00 PM | Wednesday: 8:00 AM – 1:00 PM, 4:00 – 8:00 PM | Thursday: 8:00 AM – 1:00 PM, 4:00 – 8:00 PM | Friday: 8:00 AM – 1:00 PM, 4:00 – 8:00 PM | Saturday: 8:00 AM – 1:00 PM, 4:00 – 8:00 PM | Sunday: 8:00 AM – 1:00 PM, 4:00 – 8:00 PM","Maps Link":"https://maps.google.com/?cid=18375309338084500580&g_mp=Cidnb29nbGUubWFwcy5wbGFjZXMudjEuUGxhY2VzLlNlYXJjaFRleHQQAhgEIAA"}},{"type":"Feature","geometry":{"type":"Point","coordinates":[73.8262492,19.941668]},"properties":{"Taluka":"Nashik","Zone":"Nashik Central","Category":"Other Religious Site","Name":"Shri Anna Guruji Pratishthan","Type":"Hindu Temple","Rating":"4.6","Review Count":"47","Address":"Anna Ganapati Bridge, Vihitgaon, WRRG+MF9, Nanekar Mala, Nashik Road, Nashik, Maharashtra 422102, India","Opening Hours":"Monday: Open 24 hours | Tuesday: Open 24 hours | Wednesday: Open 24 hours | Thursday: Open 24 hours | Friday: Open 24 hours | Saturday: Open 24 hours | Sunday: Open 24 hours","Maps Link":"https://maps.google.com/?cid=15023158501674095052&g_mp=Cidnb29nbGUubWFwcy5wbGFjZXMudjEuUGxhY2VzLlNlYXJjaFRleHQQAhgEIAA"}},{"type":"Feature","geometry":{"type":"Point","coordinates":[73.8099913,19.9846457]},"properties":{"Taluka":"Nashik","Zone":"Nashik Central","Category":"Other Religious Site","Name":"Tapovan , nasik","Type":"Hindu Temple","Review Count":"0","Address":"XRM5+VX5, Tapovan Rd, Dwarka, Nashik, Maharashtra 422006, India","Maps Link":"https://maps.google.com/?cid=9881441277097663958&g_mp=Cidnb29nbGUubWFwcy5wbGFjZXMudjEuUGxhY2VzLlNlYXJjaFRleHQQAhgEIAA"}},{"type":"Feature","geometry":{"type":"Point","coordinates":[73.791456,19.981395]},"properties":{"Taluka":"Nashik","Zone":"Nashik Central","Category":"Other Religious Site","Name":"Tribhuvneshvar","Type":"Hindu Temple","Rating":"4.4","Review Count":"97","Address":"XQJR+HH4, Pathardi Rd, Vinay Nagar, Nashik, Maharashtra 422006, India","Maps Link":"https://maps.google.com/?cid=8207134211562416607&g_mp=Cidnb29nbGUubWFwcy5wbGFjZXMudjEuUGxhY2VzLlNlYXJjaFRleHQQAhgEIAA"}},{"type":"Feature","geometry":{"type":"Point","coordinates":[73.7629907,20.0060765]},"properties":{"Taluka":"Nashik","Zone":"Nashik Central","Category":"Other Religious Site","Name":"Yashwant colony","Type":"Hindu Temple","Review Count":"0","Address":"2Q47+C5Q, College Rd, Nashik, Maharashtra 422005, India","Maps Link":"https://maps.google.com/?cid=6565912537891615180&g_mp=Cidnb29nbGUubWFwcy5wbGFjZXMudjEuUGxhY2VzLlNlYXJjaFRleHQQAhgEIAA"}},{"type":"Feature","geometry":{"type":"Point","coordinates":[73.7871217,20.0072784]},"properties":{"Taluka":"Nashik","Zone":"Nashik Central","Category":"Other Religious Site","Name":"नाशिकचा चिंतामणी,नाशिक","Type":"Hindu Temple","Rating":"5","Review Count":"9","Address":"Lonar Ln, Raviwar Peth, Raviwar Karanja, Panchavati, Nashik, Maharashtra 422001, India","Opening Hours":"Monday: Open 24 hours | Tuesday: Open 24 hours | Wednesday: Open 24 hours | Thursday: Open 24 hours | Friday: Open 24 hours | Saturday: Open 24 hours | Sunday: Open 24 hours","Maps Link":"https://maps.google.com/?cid=1037040826538864539&g_mp=Cidnb29nbGUubWFwcy5wbGFjZXMudjEuUGxhY2VzLlNlYXJjaFRleHQQAhgEIAA"}},{"type":"Feature","geometry":{"type":"Point","coordinates":[73.7827713,19.9905036]},"properties":{"Taluka":"Nashik","Zone":"Nashik Central","Category":"Other Religious Site","Name":"श्री औदुंबर भक्त मंडळ न्यास, नाशिक","Type":"Hindu Temple","Rating":"5","Review Count":"4","Address":"XQRM+642, Old Agra Rd, Mumbai Naka, Matoshree Nagar, Nashik, Maharashtra 422002, India","Opening Hours":"Monday: Open 24 hours | Tuesday: Open 24 hours | Wednesday: Open 24 hours | Thursday: Open 24 hours | Friday: Open 24 hours | Saturday: Open 24 hours | Sunday: Open 24 hours","Maps Link":"https://maps.google.com/?cid=14278641063573653812&g_mp=Cidnb29nbGUubWFwcy5wbGFjZXMudjEuUGxhY2VzLlNlYXJjaFRleHQQAhgEIAA"}},{"type":"Feature","geometry":{"type":"Point","coordinates":[73.7659249,20.0011538]},"properties":{"Taluka":"Nashik","Zone":"Nashik Central","Category":"Other Religious Site","Name":"सहजीवन कॉलनी उद्यान","Type":"Hindu Temple","Rating":"4.3","Review Count":"31","Address":"2Q28+F97, Anandwan Colony, Sahjeevan Colony, Nashik, Maharashtra 422005, India","Opening Hours":"Monday: 6:30 AM – 8:30 PM | Tuesday: 6:30 AM – 8:30 PM | Wednesday: 6:30 AM – 8:30 PM | Thursday: 6:30 AM – 8:30 PM | Friday: 6:30 AM – 8:30 PM | Saturday: 6:30 AM – 8:30 PM | Sunday: 6:30 AM – 8:30 PM","Maps Link":"https://maps.google.com/?cid=857181995109794277&g_mp=Cidnb29nbGUubWFwcy5wbGFjZXMudjEuUGxhY2VzLlNlYXJjaFRleHQQAhgEIAA"}},{"type":"Feature","geometry":{"type":"Point","coordinates":[73.8131938,19.9823396]},"properties":{"Taluka":"Nashik","Zone":"Nashik Road","Category":"Mandir / Temple","Name":"Ancient Torneshwar Mahadev Temple","Type":"Hindu Temple","Rating":"5","Review Count":"11","Address":"Torna Society, Old Fame Theater),Shivaji Nagar, Nashik - Pune Rd, in front of Dream City, near Inbox, Samta Nagar, Nashik, Maharashtra 422006, India","Maps Link":"https://maps.google.com/?cid=5622022186860652583&g_mp=Cidnb29nbGUubWFwcy5wbGFjZXMudjEuUGxhY2VzLlNlYXJjaFRleHQQAhgEIAA"}},{"type":"Feature","geometry":{"type":"Point","coordinates":[73.8312191,19.9641807]},"properties":{"Taluka":"Nashik","Zone":"Nashik Road","Category":"Mandir / Temple","Name":"Balaji Mandir, Shikharewadi","Type":"Hindu Temple","Rating":"4.6","Review Count":"97","Address":"XR7J+MFH, Shikherwadi, Nashik, Maharashtra 422101, India","Opening Hours":"Monday: 6:00 AM – 12:00 PM, 4:00 – 9:00 PM | Tuesday: 6:00 AM – 12:00 PM, 4:00 – 9:00 PM | Wednesday: 6:00 AM – 12:00 PM, 4:00 – 9:00 PM | Thursday: 6:00 AM – 12:00 PM, 4:00 – 9:00 PM | Friday: 6:00 AM – 12:00 PM, 4:00 – 9:00 PM | Saturday: 6:00 AM – 12:00 PM, 4:00 – 9:00 PM | Sunday: 6:00 AM – 12:00 PM, 4:00 – 9:00 PM","Maps Link":"https://maps.google.com/?cid=6641194568057229577&g_mp=Cidnb29nbGUubWFwcy5wbGFjZXMudjEuUGxhY2VzLlNlYXJjaFRleHQQAhgEIAA"}},{"type":"Feature","geometry":{"type":"Point","coordinates":[73.8157019,20.0025337]},"properties":{"Taluka":"Nashik","Zone":"Nashik Road","Category":"Mandir / Temple","Name":"Batuk Hanuman Mandir","Type":"Hindu Temple","Rating":"4.8","Review Count":"50","Address":"2R38+278, Tapovan, Nashik, Maharashtra 422003, India","Maps Link":"https://maps.google.com/?cid=12958695539511234677&g_mp=Cidnb29nbGUubWFwcy5wbGFjZXMudjEuUGxhY2VzLlNlYXJjaFRleHQQAhgEIAA"}},{"type":"Feature","geometry":{"type":"Point","coordinates":[73.8627809,19.9340696]},"properties":{"Taluka":"Nashik","Zone":"Nashik Road","Category":"Mandir / Temple","Name":"Chandreshwar Mahadev Mandir","Type":"Hindu Temple","Rating":"4.8","Review Count":"19","Phone":"090111 40014","Address":"WVM7+J4C, Nashik, Maharashtra 422101, India","Maps Link":"https://maps.google.com/?cid=11165903669629634192&g_mp=Cidnb29nbGUubWFwcy5wbGFjZXMudjEuUGxhY2VzLlNlYXJjaFRleHQQAhgEIAA"}},{"type":"Feature","geometry":{"type":"Point","coordinates":[73.8260748,19.9558674]},"properties":{"Taluka":"Nashik","Zone":"Nashik Road","Category":"Mandir / Temple","Name":"Dakshin Mukhi Hanuman Mandir","Type":"Hindu Temple","Rating":"4.7","Review Count":"6","Address":"no.2, Jai Bhavani Rd, near flour mill, Lavate Nagar, Vidya Vihar Society, Nashik Road, Nashik, Maharashtra 422101, India","Maps Link":"https://maps.google.com/?cid=550323761024555489&g_mp=Cidnb29nbGUubWFwcy5wbGFjZXMudjEuUGxhY2VzLlNlYXJjaFRleHQQAhgEIAA"}},{"type":"Feature","geometry":{"type":"Point","coordinates":[73.8225854,19.9714762]},"properties":{"Taluka":"Nashik","Zone":"Nashik Road","Category":"Mandir / Temple","Name":"Dakshin Mukhi Hanuman Mandir","Type":"Hindu Temple","Rating":"4","Review Count":"2","Address":"XRCF+H2W, Near Icchamani Ganapati, Sanjay Gandhi Nagar, Matoshri Nagar, Upnagar, Nashik, Maharashtra 422006, India","Maps Link":"https://maps.google.com/?cid=7937392043452430660&g_mp=Cidnb29nbGUubWFwcy5wbGFjZXMudjEuUGxhY2VzLlNlYXJjaFRleHQQAhgEIAA"}},{"type":"Feature","geometry":{"type":"Point","coordinates":[73.7585781,19.968387]},"properties":{"Taluka":"Nashik","Zone":"Nashik Road","Category":"Mandir / Temple","Name":"Dakshin mukhi hanuman mandir","Type":"Hindu Temple","Rating":"5","Review Count":"2","Address":"XQ95+8CQ, Pelican Park Rd, Uttam Nagar, Nashik, Maharashtra 422009, India","Opening Hours":"Monday: 7:00 AM – 9:45 PM | Tuesday: 7:00 AM – 9:45 PM | Wednesday: 7:00 AM – 9:45 PM | Thursday: 7:00 AM – 9:45 PM | Friday: 7:00 AM – 9:45 PM | Saturday: 7:00 AM – 9:45 PM | Sunday: 7:00 AM – 9:45 PM","Maps Link":"https://maps.google.com/?cid=2535578965734447639&g_mp=Cidnb29nbGUubWFwcy5wbGFjZXMudjEuUGxhY2VzLlNlYXJjaFRleHQQAhgEIAA"}},{"type":"Feature","geometry":{"type":"Point","coordinates":[73.832553,19.9717701]},"properties":{"Taluka":"Nashik","Zone":"Nashik Road","Category":"Mandir / Temple","Name":"Dakshinmukhi Hanuman Mandir","Type":"Hindu Temple","Rating":"4","Review Count":"4","Address":"XRCM+P23, Mangalmurti Nagar, Nashik, Maharashtra 422101, India","Maps Link":"https://maps.google.com/?cid=10360417218023389303&g_mp=Cidnb29nbGUubWFwcy5wbGFjZXMudjEuUGxhY2VzLlNlYXJjaFRleHQQAhgEIAA"}},{"type":"Feature","geometry":{"type":"Point","coordinates":[73.752817,19.9647634]},"properties":{"Taluka":"Nashik","Zone":"Nashik Road","Category":"Mandir / Temple","Name":"Dakshinmukhi Hanuman, Datta, Ganpati, Mahadev Temple","Type":"Hindu Temple","Rating":"4.9","Review Count":"25","Address":"1, Ambad-Trimurti Chowk Link Rd, Jai Hind Colony, Mahajan Nagar, Nashik, Maharashtra 422010, India","Maps Link":"https://maps.google.com/?cid=7347355515101515495&g_mp=Cidnb29nbGUubWFwcy5wbGFjZXMudjEuUGxhY2VzLlNlYXJjaFRleHQQAhgEIAA"}},{"type":"Feature","geometry":{"type":"Point","coordinates":[73.8625691,19.932492]},"properties":{"Taluka":"Nashik","Zone":"Nashik Road","Category":"Mandir / Temple","Name":"Darneshwar Mahadev Temple","Type":"Hindu Temple","Rating":"4.8","Review Count":"67","Address":"Nashikroad, WVJ7+X2W On River Darna, Nashik - Pune Rd, Darneshwar Nagar, Phule Nagar, Palse, Nashik, Palase, Maharashtra 422102, India","Opening Hours":"Monday: Open 24 hours | Tuesday: Open 24 hours | Wednesday: Open 24 hours | Thursday: Open 24 hours | Friday: Open 24 hours | Saturday: Open 24 hours | Sunday: Open 24 hours","Maps Link":"https://maps.google.com/?cid=4015191792569747525&g_mp=Cidnb29nbGUubWFwcy5wbGFjZXMudjEuUGxhY2VzLlNlYXJjaFRleHQQAhgEIAA"}},{"type":"Feature","geometry":{"type":"Point","coordinates":[73.8370858,19.9514768]},"properties":{"Taluka":"Nashik","Zone":"Nashik Road","Category":"Mandir / Temple","Name":"Datt Mandir","Type":"Hindu Temple","Rating":"4.5","Review Count":"179","Address":"Hinduhriday Samrat Shriman Balasaheb Thackeray Marg, Muktidham Mandir Road, XR2P+HRW, near Somani Garden, Anand Nagar, Nashik Road, Nashik, Maharashtra 422101, India","Maps Link":"https://maps.google.com/?cid=11801054898077334653&g_mp=Cidnb29nbGUubWFwcy5wbGFjZXMudjEuUGxhY2VzLlNlYXJjaFRleHQQAhgEIAA"}},{"type":"Feature","geometry":{"type":"Point","coordinates":[73.8344069,19.9564353]},"properties":{"Taluka":"Nashik","Zone":"Nashik Road","Category":"Mandir / Temple","Name":"Datta Mandir Chowk","Type":"Police","Rating":"4.5","Review Count":"2","Address":"Dutta Mandir Chwok, XR4M+HQF, DattaMandir, Deolali Gaon, Nashik, Maharashtra 422101, India","Maps Link":"https://maps.google.com/?cid=15619202366281219390&g_mp=Cidnb29nbGUubWFwcy5wbGFjZXMudjEuUGxhY2VzLlNlYXJjaFRleHQQAhgEIAA"}},{"type":"Feature","geometry":{"type":"Point","coordinates":[73.8357699,19.9553354]},"properties":{"Taluka":"Nashik","Zone":"Nashik Road","Category":"Mandir / Temple","Name":"Datta mandir nashik road","Type":"Apartment Building","Rating":"3","Review Count":"4","Address":"XR4P+48J, Nashik - Pune Rd, DattaMandir, Nashik Road, Nashik, Maharashtra 422101, India","Maps Link":"https://maps.google.com/?cid=11267409083031746972&g_mp=Cidnb29nbGUubWFwcy5wbGFjZXMudjEuUGxhY2VzLlNlYXJjaFRleHQQAhgEIAA"}},{"type":"Feature","geometry":{"type":"Point","coordinates":[73.834373,19.955252]},"properties":{"Taluka":"Nashik","Zone":"Nashik Road","Category":"Mandir / Temple","Name":"DattaMandir","Review Count":"0","Address":"DattaMandir, Nashik Road, Nashik, Maharashtra 422101, India","Maps Link":"https://maps.google.com/?cid=11937456567216165078&g_mp=Cidnb29nbGUubWFwcy5wbGFjZXMudjEuUGxhY2VzLlNlYXJjaFRleHQQAhgEIAA"}},{"type":"Feature","geometry":{"type":"Point","coordinates":[73.8239949,19.9580705]},"properties":{"Taluka":"Nashik","Zone":"Nashik Road","Category":"Mandir / Temple","Name":"Dhumravarna Ganpati Mandir","Type":"Hindu Temple","Rating":"4.8","Review Count":"28","Address":"2, Davkharwadi, Parag Society, Off, Jai Bhavani Rd, Area, Nashik Road, Nashik, Maharashtra 422101, India","Maps Link":"https://maps.google.com/?cid=14395645465564567430&g_mp=Cidnb29nbGUubWFwcy5wbGFjZXMudjEuUGxhY2VzLlNlYXJjaFRleHQQAhgEIAA"}},{"type":"Feature","geometry":{"type":"Point","coordinates":[73.8398893,19.9707686]},"properties":{"Taluka":"Nashik","Zone":"Nashik Road","Category":"Mandir / Temple","Name":"Dutta Mandir","Type":"Hindu Temple","Rating":"4.4","Review Count":"5","Address":"XRCQ+8X2, Jail Rd, Krishna Colony, Ingle Nagar, Nashik Rd, Nashik, Maharashtra 422101, India","Maps Link":"https://maps.google.com/?cid=15763851943938711161&g_mp=Cidnb29nbGUubWFwcy5wbGFjZXMudjEuUGxhY2VzLlNlYXJjaFRleHQQAhgEIAA"}},{"type":"Feature","geometry":{"type":"Point","coordinates":[73.8279334,19.9539713]},"properties":{"Taluka":"Nashik","Zone":"Nashik Road","Category":"Mandir / Temple","Name":"Gajanan Maharaj Mandir","Type":"Apartment Building","Rating":"4.8","Review Count":"4","Address":"XR3H+H5M, Ghadge Nagar, Gayakhe Colony, Nashik Road, Nashik, Maharashtra 422101, India","Maps Link":"https://maps.google.com/?cid=2383939425916534056&g_mp=Cidnb29nbGUubWFwcy5wbGFjZXMudjEuUGxhY2VzLlNlYXJjaFRleHQQAhgEIAA"}},{"type":"Feature","geometry":{"type":"Point","coordinates":[73.8242547,19.9519483]},"properties":{"Taluka":"Nashik","Zone":"Nashik Road","Category":"Mandir / Temple","Name":"Gajanan Maharaj Temple","Type":"Hindu Temple","Rating":"4.2","Review Count":"52","Address":"XR2F+QPC, Jai Bhavani Rd, Gandhi Nagar Airport Area, Nashik Road, Nashik, Maharashtra 422102, India","Maps Link":"https://maps.google.com/?cid=9178756804627631180&g_mp=Cidnb29nbGUubWFwcy5wbGFjZXMudjEuUGxhY2VzLlNlYXJjaFRleHQQAhgEIAA"}},{"type":"Feature","geometry":{"type":"Point","coordinates":[73.8250316,19.9538761]},"properties":{"Taluka":"Nashik","Zone":"Nashik Road","Category":"Mandir / Temple","Name":"Ganesh Mandir","Type":"Hindu Temple","Rating":"3.3","Review Count":"3","Address":"XR3G+H23, Jai Bhavani Rd, Adke Nagar, Nashik Road, Nashik, Maharashtra 422102, India","Maps Link":"https://maps.google.com/?cid=11879524543135342473&g_mp=Cidnb29nbGUubWFwcy5wbGFjZXMudjEuUGxhY2VzLlNlYXJjaFRleHQQAhgEIAA"}},{"type":"Feature","geometry":{"type":"Point","coordinates":[73.8373853,19.9508946]},"properties":{"Taluka":"Nashik","Zone":"Nashik Road","Category":"Mandir / Temple","Name":"Ganesh Mandir","Type":"Hindu Temple","Rating":"5","Review Count":"3","Address":"2, Rajwada Nagar, Nashik Road, Nashik, Maharashtra 422101, India","Opening Hours":"Monday: Open 24 hours | Tuesday: Open 24 hours | Wednesday: Open 24 hours | Thursday: Open 24 hours | Friday: Open 24 hours | Saturday: Open 24 hours | Sunday: Open 24 hours","Maps Link":"https://maps.google.com/?cid=16626296581532269744&g_mp=Cidnb29nbGUubWFwcy5wbGFjZXMudjEuUGxhY2VzLlNlYXJjaFRleHQQAhgEIAA"}},{"type":"Feature","geometry":{"type":"Point","coordinates":[73.8466469,19.947323]},"properties":{"Taluka":"Nashik","Zone":"Nashik Road","Category":"Mandir / Temple","Name":"Hanumaan Mandir","Type":"Hindu Temple","Rating":"4.6","Review Count":"12","Address":"WRWW+WMC, Nashik Rd, Near Sinner Fata, New Railway Colony, Sanbhaji Nagar, Nashik, Maharashtra 422101, India","Maps Link":"https://maps.google.com/?cid=317331432730761043&g_mp=Cidnb29nbGUubWFwcy5wbGFjZXMudjEuUGxhY2VzLlNlYXJjaFRleHQQAhgEIAA"}},{"type":"Feature","geometry":{"type":"Point","coordinates":[73.839522,19.970868]},"properties":{"Taluka":"Nashik","Zone":"Nashik Road","Category":"Mandir / Temple","Name":"Hanuman Mandir","Type":"Hindu Temple","Rating":"5","Review Count":"1","Address":"XRCQ+8RR, Jail Rd, Krishna Colony, Ingle Nagar, Nashik Rd, Nashik, Maharashtra 422101, India","Maps Link":"https://maps.google.com/?cid=5730155563239747843&g_mp=Cidnb29nbGUubWFwcy5wbGFjZXMudjEuUGxhY2VzLlNlYXJjaFRleHQQAhgEIAA"}},{"type":"Feature","geometry":{"type":"Point","coordinates":[73.8355458,19.9707075]},"properties":{"Taluka":"Nashik","Zone":"Nashik Road","Category":"Mandir / Temple","Name":"Hanuman Mandir","Type":"Hindu Temple","Rating":"3","Review Count":"1","Address":"XRCP+76M, Canal Rd, Godavari Soc., Nashik Road, Nashik, Maharashtra 422101, India","Maps Link":"https://maps.google.com/?cid=7755413872024745038&g_mp=Cidnb29nbGUubWFwcy5wbGFjZXMudjEuUGxhY2VzLlNlYXJjaFRleHQQAhgEIAA"}},{"type":"Feature","geometry":{"type":"Point","coordinates":[73.8332775,19.9634301]},"properties":{"Taluka":"Nashik","Zone":"Nashik Road","Category":"Mandir / Temple","Name":"Hanuman Mandir","Type":"Hindu Temple","Rating":"4.7","Review Count":"6","Address":"XR7M+98C, Gandharva Nagari, Rosa Colony, Sane Guruji Nagar, Nashik, Maharashtra 422101, India","Maps Link":"https://maps.google.com/?cid=4848061937364347761&g_mp=Cidnb29nbGUubWFwcy5wbGFjZXMudjEuUGxhY2VzLlNlYXJjaFRleHQQAhgEIAA"}},{"type":"Feature","geometry":{"type":"Point","coordinates":[73.8409499,19.9758669]},"properties":{"Taluka":"Nashik","Zone":"Nashik Road","Category":"Mandir / Temple","Name":"Hanuman Mandir","Type":"Hindu Temple","Rating":"5","Review Count":"2","Address":"XRGR+89W, Old Saikheda Rd, Near Savarkar Garden, Savarkar Nagar, Nashik Road, Nashik, Maharashtra 422101, India","Maps Link":"https://maps.google.com/?cid=4631019690094171108&g_mp=Cidnb29nbGUubWFwcy5wbGFjZXMudjEuUGxhY2VzLlNlYXJjaFRleHQQAhgEIAA"}},{"type":"Feature","geometry":{"type":"Point","coordinates":[73.8544757,19.9360586]},"properties":{"Taluka":"Nashik","Zone":"Nashik Road","Category":"Mandir / Temple","Name":"Hanuman Mandir","Type":"Hindu Temple","Rating":"4.5","Review Count":"18","Address":"Old Chehedi Pamaping Rd, Chehdi, Nashik, Maharashtra 422101, India","Opening Hours":"Monday: 7:00 AM – 9:00 PM | Tuesday: 7:00 AM – 9:00 PM | Wednesday: 7:00 AM – 9:00 PM | Thursday: 7:00 AM – 9:00 PM | Friday: 7:00 AM – 9:00 PM | Saturday: 7:00 AM – 9:00 PM | Sunday: 7:00 AM – 9:00 PM","Maps Link":"https://maps.google.com/?cid=5961815078275072666&g_mp=Cidnb29nbGUubWFwcy5wbGFjZXMudjEuUGxhY2VzLlNlYXJjaFRleHQQAhgEIAA"}},{"type":"Feature","geometry":{"type":"Point","coordinates":[73.8360649,19.9619306]},"properties":{"Taluka":"Nashik","Zone":"Nashik Road","Category":"Mandir / Temple","Name":"Hanuman Mandir","Type":"Place of Worship","Rating":"4","Review Count":"5","Address":"XR6P+QCG, Jail Rd, Phandharkar Nagar Colony, DattaMandir, Sane Guruji Nagar, Nashik, Maharashtra 422101, India","Maps Link":"https://maps.google.com/?cid=11575421428277667120&g_mp=Cidnb29nbGUubWFwcy5wbGFjZXMudjEuUGxhY2VzLlNlYXJjaFRleHQQAhgEIAA"}},{"type":"Feature","geometry":{"type":"Point","coordinates":[73.8437559,19.9919817]},"properties":{"Taluka":"Nashik","Zone":"Nashik Road","Category":"Mandir / Temple","Name":"Hanuman Mandir","Type":"Hindu Temple","Rating":"4","Review Count":"4","Address":"XRRV+QGR, Nandur Naka Rd, Near Sai Nagar, Nandur Gaon, Nandur Naka, Nashik, Maharashtra 422003, India","Opening Hours":"Monday: Open 24 hours | Tuesday: Open 24 hours | Wednesday: Open 24 hours | Thursday: Open 24 hours | Friday: Open 24 hours | Saturday: Open 24 hours | Sunday: Open 24 hours","Maps Link":"https://maps.google.com/?cid=4857167060573610892&g_mp=Cidnb29nbGUubWFwcy5wbGFjZXMudjEuUGxhY2VzLlNlYXJjaFRleHQQAhgEIAA"}},{"type":"Feature","geometry":{"type":"Point","coordinates":[73.8470638,19.9764395]},"properties":{"Taluka":"Nashik","Zone":"Nashik Road","Category":"Mandir / Temple","Name":"Hanuman Mandir","Type":"Hindu Temple","Review Count":"0","Address":"XRGW+HRV, Jail Rd, near MSEB goadown, Hanuman Nagar, Nashik Road, Nashik, Maharashtra 422101, India","Maps Link":"https://maps.google.com/?cid=9947180111682035255&g_mp=Cidnb29nbGUubWFwcy5wbGFjZXMudjEuUGxhY2VzLlNlYXJjaFRleHQQAhgEIAA"}},{"type":"Feature","geometry":{"type":"Point","coordinates":[73.8311371,20.0157997]},"properties":{"Taluka":"Nashik","Zone":"Nashik Road","Category":"Mandir / Temple","Name":"Hanuman Mandir","Type":"Hindu Temple","Rating":"5","Review Count":"2","Address":"2R8J+8F6, Near Agra Road, Dattatray Nagar, Hanuman Nagar, Nashik, Maharashtra 422003, India","Opening Hours":"Monday: 9:00 AM – 8:00 PM | Tuesday: 9:00 AM – 8:00 PM | Wednesday: 9:00 AM – 8:00 PM | Thursday: 9:00 AM – 8:00 PM | Friday: 9:00 AM – 8:00 PM | Saturday: 9:00 AM – 8:00 PM | Sunday: 9:00 AM – 8:00 PM","Maps Link":"https://maps.google.com/?cid=3680351204454497878&g_mp=Cidnb29nbGUubWFwcy5wbGFjZXMudjEuUGxhY2VzLlNlYXJjaFRleHQQAhgEIAA"}},{"type":"Feature","geometry":{"type":"Point","coordinates":[73.8244054,19.9732575]},"properties":{"Taluka":"Nashik","Zone":"Nashik Road","Category":"Mandir / Temple","Name":"Hanuman Mandir","Type":"Hindu Temple","Review Count":"0","Address":"XRFF+8Q2, Gautam Nagar, Upnagar, Nashik, Maharashtra 422006, India","Maps Link":"https://maps.google.com/?cid=17735806793162948648&g_mp=Cidnb29nbGUubWFwcy5wbGFjZXMudjEuUGxhY2VzLlNlYXJjaFRleHQQAhgEIAA"}},{"type":"Feature","geometry":{"type":"Point","coordinates":[73.8434829,19.9849289]},"properties":{"Taluka":"Nashik","Zone":"Nashik Road","Category":"Mandir / Temple","Name":"Hanuman Mandir Dasakgaon","Type":"Hindu Temple","Rating":"4.9","Review Count":"8","Address":"XRMV+X9H, Dasak Gaon, Nashik, Maharashtra 422101, India","Maps Link":"https://maps.google.com/?cid=9816659919014891487&g_mp=Cidnb29nbGUubWFwcy5wbGFjZXMudjEuUGxhY2VzLlNlYXJjaFRleHQQAhgEIAA"}},{"type":"Feature","geometry":{"type":"Point","coordinates":[73.7938185,19.972282]},"properties":{"Taluka":"Nashik","Zone":"Nashik Road","Category":"Mandir / Temple","Name":"Hanuman Mandir Udhyan","Type":"Hindu Temple","Rating":"4","Review Count":"9","Address":"XQCV+WG8, Wadala Gaon, Nashik, Maharashtra 422006, India","Maps Link":"https://maps.google.com/?cid=5266703569036600308&g_mp=Cidnb29nbGUubWFwcy5wbGFjZXMudjEuUGxhY2VzLlNlYXJjaFRleHQQAhgEIAA"}},{"type":"Feature","geometry":{"type":"Point","coordinates":[73.8295408,19.965699]},"properties":{"Taluka":"Nashik","Zone":"Nashik Road","Category":"Mandir / Temple","Name":"Hanuman Temple","Type":"Hindu Temple","Review Count":"0","Address":"Mahatma Gandhi Housing Society, Prakash Nagar, Nashik Road, Nashik, Maharashtra 422101, India","Opening Hours":"Monday: 6:00 AM – 9:00 PM | Tuesday: 6:00 AM – 9:00 PM | Wednesday: 6:00 AM – 9:00 PM | Thursday: 6:00 AM – 9:00 PM | Friday: 6:00 AM – 9:00 PM | Saturday: 6:00 AM – 9:00 PM | Sunday: 6:00 AM – 9:00 PM","Maps Link":"https://maps.google.com/?cid=2665056611120461519&g_mp=Cidnb29nbGUubWFwcy5wbGFjZXMudjEuUGxhY2VzLlNlYXJjaFRleHQQAhgEIAA"}},{"type":"Feature","geometry":{"type":"Point","coordinates":[73.8576771,19.9559746]},"properties":{"Taluka":"Nashik","Zone":"Nashik Road","Category":"Mandir / Temple","Name":"Hanuman mandir, Aswale mala","Type":"Hindu Temple","Rating":"4.9","Review Count":"14","Address":"Aswale Mala, XV45+93M, Eklahara Rd, Nashik Road, Nashik, Maharashtra 422101, India","Maps Link":"https://maps.google.com/?cid=6129175068095935639&g_mp=Cidnb29nbGUubWFwcy5wbGFjZXMudjEuUGxhY2VzLlNlYXJjaFRleHQQAhgEIAA"}},{"type":"Feature","geometry":{"type":"Point","coordinates":[73.8421035,19.9523087]},"properties":{"Taluka":"Nashik","Zone":"Nashik Road","Category":"Mandir / Temple","Name":"Indralokeshwar Mahadev Mandir","Type":"Hindu Temple","Rating":"4.8","Review Count":"4","Address":"Indralok Nagari, XR2R+WRH, Nawle Colony, Nashik Rd, Nashik, Maharashtra 422101, India","Maps Link":"https://maps.google.com/?cid=14995982338003264542&g_mp=Cidnb29nbGUubWFwcy5wbGFjZXMudjEuUGxhY2VzLlNlYXJjaFRleHQQAhgEIAA"}},{"type":"Feature","geometry":{"type":"Point","coordinates":[73.8372042,19.9478707]},"properties":{"Taluka":"Nashik","Zone":"Nashik Road","Category":"Mandir / Temple","Name":"Jay Ambe Mata Mandir","Type":"Hindu Temple","Rating":"1","Review Count":"1","Address":"Mahatma Gandhi Rd, near Court, Rajwada Nagar, Nashik Road, Nashik, Maharashtra 422101, India","Maps Link":"https://maps.google.com/?cid=14877353080331406501&g_mp=Cidnb29nbGUubWFwcy5wbGFjZXMudjEuUGxhY2VzLlNlYXJjaFRleHQQAhgEIAA"}},{"type":"Feature","geometry":{"type":"Point","coordinates":[73.8472719,19.9641889]},"properties":{"Taluka":"Nashik","Zone":"Nashik Road","Category":"Mandir / Temple","Name":"Jay Hanuman Mandir","Type":"Hindu Temple","Rating":"4.1","Review Count":"7","Address":"Near Sinner Fata, XR7W+MWC, Nashik Rd, Nashik, Maharashtra 422101, India","Maps Link":"https://maps.google.com/?cid=8596773509579245938&g_mp=Cidnb29nbGUubWFwcy5wbGFjZXMudjEuUGxhY2VzLlNlYXJjaFRleHQQAhgEIAA"}},{"type":"Feature","geometry":{"type":"Point","coordinates":[73.851681,19.972333]},"properties":{"Taluka":"Nashik","Zone":"Nashik Road","Category":"Mandir / Temple","Name":"Jay Hanuman Mandir","Type":"Hindu Temple","Rating":"4.4","Review Count":"22","Address":"XVC2+WMM, Canal Rd, Hanuman Chowk Panchak, Nashik Rd, Nashik, Maharashtra 422101, India","Maps Link":"https://maps.google.com/?cid=13110287634715118515&g_mp=Cidnb29nbGUubWFwcy5wbGFjZXMudjEuUGxhY2VzLlNlYXJjaFRleHQQAhgEIAA"}},{"type":"Feature","geometry":{"type":"Point","coordinates":[73.8214678,19.8962112]},"properties":{"Taluka":"Nashik","Zone":"Nashik Road","Category":"Mandir / Temple","Name":"Khandoba Temple","Type":"Hindu Temple","Rating":"4.5","Review Count":"299","Address":"VRWC+FHP, Deolali Camp, Devlali, Maharashtra 422401, India","Maps Link":"https://maps.google.com/?cid=8281027086836003180&g_mp=Cidnb29nbGUubWFwcy5wbGFjZXMudjEuUGxhY2VzLlNlYXJjaFRleHQQAhgEIAA"}},{"type":"Feature","geometry":{"type":"Point","coordinates":[73.8338683,19.942135]},"properties":{"Taluka":"Nashik","Zone":"Nashik Road","Category":"Mandir / Temple","Name":"Krishna Mandir","Type":"Hindu Temple","Rating":"5","Review Count":"1","Address":"Babu Genu Road, Devlali Gaon, Nashik, Maharashtra 422102, India","Maps Link":"https://maps.google.com/?cid=12784353558274502722&g_mp=Cidnb29nbGUubWFwcy5wbGFjZXMudjEuUGxhY2VzLlNlYXJjaFRleHQQAhgEIAA"}},{"type":"Feature","geometry":{"type":"Point","coordinates":[73.8405957,19.9731626]},"properties":{"Taluka":"Nashik","Zone":"Nashik Road","Category":"Mandir / Temple","Name":"Krishna Temple","Type":"Hindu Temple","Rating":"3.9","Review Count":"40","Address":"Krishna Temple, Jail Rd, Opposite Manjula Karyalay, Colony, Navrang Colony, Nashik, Maharashtra 422101, India","Opening Hours":"Monday: Open 24 hours | Tuesday: Open 24 hours | Wednesday: Open 24 hours | Thursday: Open 24 hours | Friday: Open 24 hours | Saturday: Open 24 hours | Sunday: Open 24 hours","Maps Link":"https://maps.google.com/?cid=3740369614247264845&g_mp=Cidnb29nbGUubWFwcy5wbGFjZXMudjEuUGxhY2VzLlNlYXJjaFRleHQQAhgEIAA"}},{"type":"Feature","geometry":{"type":"Point","coordinates":[73.835585,19.970879]},"properties":{"Taluka":"Nashik","Zone":"Nashik Road","Category":"Mandir / Temple","Name":"Mahadev Mandir","Type":"Hindu Temple","Rating":"4.5","Review Count":"2","Address":"XRCP+964, Canal Rd, Godavari Soc., Nashik Road, Nashik, Maharashtra 422101, India","Opening Hours":"Monday: 9:00 AM – 8:00 PM | Tuesday: 9:00 AM – 8:00 PM | Wednesday: 9:00 AM – 8:00 PM | Thursday: 9:00 AM – 8:00 PM | Friday: 9:00 AM – 8:00 PM | Saturday: 9:00 AM – 8:00 PM | Sunday: 9:00 AM – 8:00 PM","Maps Link":"https://maps.google.com/?cid=13356990463453973918&g_mp=Cidnb29nbGUubWFwcy5wbGFjZXMudjEuUGxhY2VzLlNlYXJjaFRleHQQAhgEIAA"}},{"type":"Feature","geometry":{"type":"Point","coordinates":[73.8298912,19.876734]},"properties":{"Taluka":"Nashik","Zone":"Nashik Road","Category":"Mandir / Temple","Name":"Mahalakshmi Temple","Type":"Hindu Temple","Rating":"4.4","Review Count":"11","Phone":"087932 97771","Address":"VRGH+MXR, Deolali Camp, Devlali, Maharashtra 422502, India","Maps Link":"https://maps.google.com/?cid=7847109234730550724&g_mp=Cidnb29nbGUubWFwcy5wbGFjZXMudjEuUGxhY2VzLlNlYXJjaFRleHQQAhgEIAA"}},{"type":"Feature","geometry":{"type":"Point","coordinates":[73.8395581,19.970834]},"properties":{"Taluka":"Nashik","Zone":"Nashik Road","Category":"Mandir / Temple","Name":"Mahalaksmi Mandir","Type":"Hindu Temple","Rating":"4","Review Count":"2","Address":"XRCQ+8RM, Jail Rd, Krishna Colony, Ingle Nagar, Nashik Rd, Nashik, Maharashtra 422101, India","Maps Link":"https://maps.google.com/?cid=5295452589395858476&g_mp=Cidnb29nbGUubWFwcy5wbGFjZXMudjEuUGxhY2VzLlNlYXJjaFRleHQQAhgEIAA"}},{"type":"Feature","geometry":{"type":"Point","coordinates":[73.8426055,19.9838002]},"properties":{"Taluka":"Nashik","Zone":"Nashik Road","Category":"Mandir / Temple","Name":"Mahalaxmi Mandir","Type":"Hindu Temple","Rating":"4.2","Review Count":"9","Address":"XRMV+G2H, Dasak Gaon, Nashik, Maharashtra 422101, India","Opening Hours":"Monday: 8:00 AM – 8:30 PM | Tuesday: 8:00 AM – 8:30 PM | Wednesday: 8:00 AM – 8:30 PM | Thursday: 8:00 AM – 8:30 PM | Friday: 8:00 AM – 8:30 PM | Saturday: 8:00 AM – 8:30 PM | Sunday: 8:00 AM – 8:30 PM","Maps Link":"https://maps.google.com/?cid=3408825086896881558&g_mp=Cidnb29nbGUubWFwcy5wbGFjZXMudjEuUGxhY2VzLlNlYXJjaFRleHQQAhgEIAA"}},{"type":"Feature","geometry":{"type":"Point","coordinates":[73.8265622,19.9244126]},"properties":{"Taluka":"Nashik","Zone":"Nashik Road","Category":"Mandir / Temple","Name":"Mahalaxmi mandir & Mahadev mandir","Type":"Hindu Temple","Rating":"4.3","Review Count":"14","Address":"WRFG+QJ7, Lam Rd, Deolali Gaon, Devlali, Maharashtra 422401, India","Maps Link":"https://maps.google.com/?cid=15855525330379648168&g_mp=Cidnb29nbGUubWFwcy5wbGFjZXMudjEuUGxhY2VzLlNlYXJjaFRleHQQAhgEIAA"}},{"type":"Feature","geometry":{"type":"Point","coordinates":[73.8236291,19.9538464]},"properties":{"Taluka":"Nashik","Zone":"Nashik Road","Category":"Mandir / Temple","Name":"Maharudra Hanuman Mandir","Type":"Hindu Temple","Rating":"4.8","Review Count":"9","Address":"XR3F+GFJ, Gandhi Nagar Airport Area, Deolali Gaon, Nashik, Maharashtra 422102, India","Opening Hours":"Monday: 6:00 AM – 9:00 PM | Tuesday: 6:00 AM – 9:00 PM | Wednesday: 6:00 AM – 9:00 PM | Thursday: 6:00 AM – 9:00 PM | Friday: 6:00 AM – 9:00 PM | Saturday: 6:00 AM – 9:00 PM | Sunday: 6:00 AM – 9:00 PM","Maps Link":"https://maps.google.com/?cid=11822108797207892964&g_mp=Cidnb29nbGUubWFwcy5wbGFjZXMudjEuUGxhY2VzLlNlYXJjaFRleHQQAhgEIAA"}},{"type":"Feature","geometry":{"type":"Point","coordinates":[73.8076849,19.9541193]},"properties":{"Taluka":"Nashik","Zone":"Nashik Road","Category":"Mandir / Temple","Name":"Mandir Arty Centre Nasik","Type":"Hindu Temple","Rating":"5","Review Count":"2","Address":"XR35+J3V, Artillery Centre Rd, Lavate Nagar, Bhavani Nagar, Deolali Gaon, Nashik, Maharashtra 422102, India","Opening Hours":"Monday: Open 24 hours | Tuesday: Open 24 hours | Wednesday: Open 24 hours | Thursday: Open 24 hours | Friday: Open 24 hours | Saturday: Open 24 hours | Sunday: Open 24 hours","Maps Link":"https://maps.google.com/?cid=7153124834214320217&g_mp=Cidnb29nbGUubWFwcy5wbGFjZXMudjEuUGxhY2VzLlNlYXJjaFRleHQQAhgEIAA"}},{"type":"Feature","geometry":{"type":"Point","coordinates":[73.8326606,19.953108]},"properties":{"Taluka":"Nashik","Zone":"Nashik Road","Category":"Mandir / Temple","Name":"Mhasoba Mandir","Type":"Hindu Temple","Rating":"3.7","Review Count":"7","Address":"XR3M+63V, Datta Mandir Rd, Dhongade Nagar, Gayakhe Colony, Nashik Road, Nashik, Maharashtra 422101, India","Maps Link":"https://maps.google.com/?cid=4174489250625137816&g_mp=Cidnb29nbGUubWFwcy5wbGFjZXMudjEuUGxhY2VzLlNlYXJjaFRleHQQAhgEIAA"}},{"type":"Feature","geometry":{"type":"Point","coordinates":[73.8340499,19.9419049]},"properties":{"Taluka":"Nashik","Zone":"Nashik Road","Category":"Mandir / Temple","Name":"Munja Maruti Mandir","Type":"Hindu Temple","Rating":"5","Review Count":"2","Address":"WRRM+QJ7, Nashik Rd, Deolali Gaon, Nashik, Maharashtra 422102, India","Maps Link":"https://maps.google.com/?cid=10188077344137013127&g_mp=Cidnb29nbGUubWFwcy5wbGFjZXMudjEuUGxhY2VzLlNlYXJjaFRleHQQAhgEIAA"}},{"type":"Feature","geometry":{"type":"Point","coordinates":[73.8411979,19.9768459]},"properties":{"Taluka":"Nashik","Zone":"Nashik Road","Category":"Mandir / Temple","Name":"Navnath Mandir","Type":"Hindu Temple","Rating":"4.5","Review Count":"14","Address":"XRGR+PFP, Jail Rd, Opp. Dhanalakshmi Co. Op. Bank, Near Navnath, Nashik Road, Nashik, Maharashtra 422101, India","Maps Link":"https://maps.google.com/?cid=6173138120226326247&g_mp=Cidnb29nbGUubWFwcy5wbGFjZXMudjEuUGxhY2VzLlNlYXJjaFRleHQQAhgEIAA"}},{"type":"Feature","geometry":{"type":"Point","coordinates":[73.8250935,19.956769]},"properties":{"Taluka":"Nashik","Zone":"Nashik Road","Category":"Mandir / Temple","Name":"New Omkareshwar Mahadev mandir","Type":"Hindu Temple","Rating":"4.5","Review Count":"2","Address":"XR4G+P24, Sadhguru Nagar, Vidya Vihar Society, Deolali Gaon, Nashik, Maharashtra 422101, India","Maps Link":"https://maps.google.com/?cid=6323990068708755434&g_mp=Cidnb29nbGUubWFwcy5wbGFjZXMudjEuUGxhY2VzLlNlYXJjaFRleHQQAhgEIAA"}},{"type":"Feature","geometry":{"type":"Point","coordinates":[73.8261224,19.9755252]},"properties":{"Taluka":"Nashik","Zone":"Nashik Road","Category":"Mandir / Temple","Name":"Omkareshwar mahadev temple","Type":"Hindu Temple","Rating":"5","Review Count":"1","Address":"XRGG+5HM pagare mala, Shram Nagar, Nashik Road, Nashik, Maharashtra 422006, India","Maps Link":"https://maps.google.com/?cid=10431862175538766866&g_mp=Cidnb29nbGUubWFwcy5wbGFjZXMudjEuUGxhY2VzLlNlYXJjaFRleHQQAhgEIAA"}},{"type":"Feature","geometry":{"type":"Point","coordinates":[73.7915104,19.9804206]},"properties":{"Taluka":"Nashik","Zone":"Nashik Road","Category":"Mandir / Temple","Name":"Panchmukhi Dakshinmukhi Hanuman Mandir","Type":"Hindu Temple","Rating":"5","Review Count":"2","Address":"Shop No 08, Mauli Matching And Telior Centre, Wadala - Pathardi Rd, Vinay Nagar, Nashik, Maharashtra 422006, India","Maps Link":"https://maps.google.com/?cid=1202841533933376225&g_mp=Cidnb29nbGUubWFwcy5wbGFjZXMudjEuUGxhY2VzLlNlYXJjaFRleHQQAhgEIAA"}},{"type":"Feature","geometry":{"type":"Point","coordinates":[73.8266458,19.9529964]},"properties":{"Taluka":"Nashik","Zone":"Nashik Road","Category":"Mandir / Temple","Name":"Ram Mandir","Type":"Hindu Temple","Rating":"4.6","Review Count":"8","Address":"Jeevan Vihar Housing Society, Adke Nagar, Deolali Gaon, XR3G+5MR, Jai Bavani Road, Opposite Jachak Mala Bus Stop, Nashik Road, Adke Nagar, Nashik Road, Nashik, Maharashtra 422101, India","Opening Hours":"Monday: 6:00 – 8:00 PM | Tuesday: 6:00 – 8:00 PM | Wednesday: 6:00 – 8:00 PM | Thursday: 6:00 – 8:00 PM | Friday: 6:00 – 8:00 PM | Saturday: 6:00 – 8:00 PM | Sunday: 6:00 – 8:00 PM","Maps Link":"https://maps.google.com/?cid=1743634447841091075&g_mp=Cidnb29nbGUubWFwcy5wbGFjZXMudjEuUGxhY2VzLlNlYXJjaFRleHQQAhgEIAA"}},{"type":"Feature","geometry":{"type":"Point","coordinates":[73.8299002,19.960505]},"properties":{"Taluka":"Nashik","Zone":"Nashik Road","Category":"Mandir / Temple","Name":"Ram Mandir","Type":"Hindu Temple","Rating":"4.6","Review Count":"7","Address":"XR6H+6X2, Nashik - Shirdi Rd, Birla mandir, Rosa Colony, Shikherwadi, Nashik, Maharashtra 422101, India","Maps Link":"https://maps.google.com/?cid=9262971627718500350&g_mp=Cidnb29nbGUubWFwcy5wbGFjZXMudjEuUGxhY2VzLlNlYXJjaFRleHQQAhgEIAA"}},{"type":"Feature","geometry":{"type":"Point","coordinates":[73.835069,19.9433824]},"properties":{"Taluka":"Nashik","Zone":"Nashik Road","Category":"Mandir / Temple","Name":"Ram Mandir","Type":"Hindu Temple","Rating":"4","Review Count":"6","Address":"WRVP+924, Lam Rd, Deolali Gaon, Nashik, Maharashtra 422101, India","Maps Link":"https://maps.google.com/?cid=4674290310216890935&g_mp=Cidnb29nbGUubWFwcy5wbGFjZXMudjEuUGxhY2VzLlNlYXJjaFRleHQQAhgEIAA"}},{"type":"Feature","geometry":{"type":"Point","coordinates":[73.8324022,19.8882568]},"properties":{"Taluka":"Nashik","Zone":"Nashik Road","Category":"Mandir / Temple","Name":"Renuka Devi Temple","Type":"Hindu Temple","Rating":"4.7","Review Count":"1165","Address":"318, Nehru Road, Deolali Camp, Devlali, Maharashtra 422401, India","Opening Hours":"Monday: Open 24 hours | Tuesday: Open 24 hours | Wednesday: Open 24 hours | Thursday: Open 24 hours | Friday: Open 24 hours | Saturday: Open 24 hours | Sunday: Open 24 hours","Maps Link":"https://maps.google.com/?cid=8789693096445828707&g_mp=Cidnb29nbGUubWFwcy5wbGFjZXMudjEuUGxhY2VzLlNlYXJjaFRleHQQAhgEIAA"}},{"type":"Feature","geometry":{"type":"Point","coordinates":[73.8392959,19.95123]},"properties":{"Taluka":"Nashik","Zone":"Nashik Road","Category":"Mandir / Temple","Name":"Renuka Mata Mandir","Type":"Hindu Temple","Rating":"4.2","Review Count":"26","Address":"XR2Q+FPV, Nashik Rd, Rajwada Nagar, Nashik Road, Nashik, Maharashtra 422101, India","Maps Link":"https://maps.google.com/?cid=11011361225952077949&g_mp=Cidnb29nbGUubWFwcy5wbGFjZXMudjEuUGxhY2VzLlNlYXJjaFRleHQQAhgEIAA"}},{"type":"Feature","geometry":{"type":"Point","coordinates":[73.8239136,19.94269]},"properties":{"Taluka":"Nashik","Zone":"Nashik Road","Category":"Mandir / Temple","Name":"Rokdoba Hanuman Mandir","Type":"Hindu Temple","Rating":"4.7","Review Count":"18","Address":"WRVF+3HF, Gandhi Nagar Airport Area, Deolali Gaon, Nashik, Maharashtra 422102, India","Maps Link":"https://maps.google.com/?cid=10127647741642374151&g_mp=Cidnb29nbGUubWFwcy5wbGFjZXMudjEuUGxhY2VzLlNlYXJjaFRleHQQAhgEIAA"}},{"type":"Feature","geometry":{"type":"Point","coordinates":[73.8208268,19.9520649]},"properties":{"Taluka":"Nashik","Zone":"Nashik Road","Category":"Mandir / Temple","Name":"SAI MANDIR","Type":"Hindu Temple","Rating":"4.6","Review Count":"13","Address":"XR2C+R8G, Jay Bavani Rd, Lonuar Mala, Gandhi Nagar Airport Area, Nashik Road, Nashik, Maharashtra 422102, India","Maps Link":"https://maps.google.com/?cid=981387503011415870&g_mp=Cidnb29nbGUubWFwcy5wbGFjZXMudjEuUGxhY2VzLlNlYXJjaFRleHQQAhgEIAA"}},{"type":"Feature","geometry":{"type":"Point","coordinates":[73.8294274,19.9497915]},"properties":{"Taluka":"Nashik","Zone":"Nashik Road","Category":"Mandir / Temple","Name":"Sai Baba Temple","Type":"Hindu Temple","Rating":"5","Review Count":"1","Address":"WRXH+WQ7, Gulmohar Colony, Anand Nagar, Deolali Gaon, Nashik, Maharashtra 422101, India","Maps Link":"https://maps.google.com/?cid=4376783148317653196&g_mp=Cidnb29nbGUubWFwcy5wbGFjZXMudjEuUGxhY2VzLlNlYXJjaFRleHQQAhgEIAA"}},{"type":"Feature","geometry":{"type":"Point","coordinates":[73.8265264,19.9465827]},"properties":{"Taluka":"Nashik","Zone":"Nashik Road","Category":"Mandir / Temple","Name":"Sai Mandir","Type":"Hindu Temple","Rating":"5","Review Count":"1","Address":"chowk, Jai Bhavani Rd, Aute Nagar, Gandhi Nagar Airport Area, Deolali Gaon, Nashik, Maharashtra 422102, India","Maps Link":"https://maps.google.com/?cid=17367567075637700065&g_mp=Cidnb29nbGUubWFwcy5wbGFjZXMudjEuUGxhY2VzLlNlYXJjaFRleHQQAhgEIAA"}},{"type":"Feature","geometry":{"type":"Point","coordinates":[73.8201954,19.9521247]},"properties":{"Taluka":"Nashik","Zone":"Nashik Road","Category":"Mandir / Temple","Name":"Sai Mandir Green Garden","Type":"Garden","Rating":"4.2","Review Count":"38","Address":"XR2C+R3W, Jay Bavani Rd, Lankar Mala, Gandhi Nagar Airport Area, Nashik Road, Nashik, Maharashtra 422102, India","Maps Link":"https://maps.google.com/?cid=161133767142686498&g_mp=Cidnb29nbGUubWFwcy5wbGFjZXMudjEuUGxhY2VzLlNlYXJjaFRleHQQAhgEIAA"}},{"type":"Feature","geometry":{"type":"Point","coordinates":[73.8211095,19.9670616]},"properties":{"Taluka":"Nashik","Zone":"Nashik Road","Category":"Mandir / Temple","Name":"Sai Mandir Sai Sevak Aarti Halt","Type":"Hindu Temple","Rating":"4.6","Review Count":"10","Address":"Asher Estate, Road, Naka, Upnagar, Nashik, Maharashtra 422101, India","Maps Link":"https://maps.google.com/?cid=1556932431002576876&g_mp=Cidnb29nbGUubWFwcy5wbGFjZXMudjEuUGxhY2VzLlNlYXJjaFRleHQQAhgEIAA"}},{"type":"Feature","geometry":{"type":"Point","coordinates":[73.8342636,19.9462555]},"properties":{"Taluka":"Nashik","Zone":"Nashik Road","Category":"Mandir / Temple","Name":"Saibaba Mandir","Type":"Place of Worship","Rating":"5","Review Count":"1","Address":"WRWM+GMH, Rd, Nashik Road, Nashik, Maharashtra 422101, India","Maps Link":"https://maps.google.com/?cid=17925376126190696217&g_mp=Cidnb29nbGUubWFwcy5wbGFjZXMudjEuUGxhY2VzLlNlYXJjaFRleHQQAhgEIAA"}},{"type":"Feature","geometry":{"type":"Point","coordinates":[73.8365625,19.9744375]},"properties":{"Taluka":"Nashik","Zone":"Nashik Road","Category":"Mandir / Temple","Name":"Samrtheshwar Hanuman Mandir","Type":"Hindu Temple","Rating":"3.7","Review Count":"13","Address":"Narayan Bapu Nager, Nashik, Maharashtra 422101, India","Opening Hours":"Monday: 5:00 AM – 9:00 PM | Tuesday: 5:00 AM – 9:00 PM | Wednesday: 5:00 AM – 9:00 PM | Thursday: 5:00 AM – 9:00 PM | Friday: 5:00 AM – 9:00 PM | Saturday: 5:00 AM – 9:00 PM | Sunday: 5:00 AM – 9:00 PM","Maps Link":"https://maps.google.com/?cid=7537357163421710303&g_mp=Cidnb29nbGUubWFwcy5wbGFjZXMudjEuUGxhY2VzLlNlYXJjaFRleHQQAhgEIAA"}},{"type":"Feature","geometry":{"type":"Point","coordinates":[73.8643001,19.9513614]},"properties":{"Taluka":"Nashik","Zone":"Nashik Road","Category":"Mandir / Temple","Name":"Sankat Mochan Dakshinmukhi Hanuman Mandir","Type":"Hindu Temple","Rating":"5","Review Count":"4","Address":"XV27+GPV, Nashik Rd, Near Sinner Phata, Samangaon, Nashik, Maharashtra 422101, India","Maps Link":"https://maps.google.com/?cid=17707154719150349372&g_mp=Cidnb29nbGUubWFwcy5wbGFjZXMudjEuUGxhY2VzLlNlYXJjaFRleHQQAhgEIAA"}},{"type":"Feature","geometry":{"type":"Point","coordinates":[73.806086,19.9748161]},"properties":{"Taluka":"Nashik","Zone":"Nashik Road","Category":"Mandir / Temple","Name":"Sankat Mochan Hanuman Mandir, Tagor Nagar, Nashik🚩🛕🚩","Type":"Hindu Temple","Rating":"5","Review Count":"2","Address":"Sankat Mochan Colony, Tagore Nagar, Nashik, Maharashtra 422006, India","Maps Link":"https://maps.google.com/?cid=15334558800859444163&g_mp=Cidnb29nbGUubWFwcy5wbGFjZXMudjEuUGxhY2VzLlNlYXJjaFRleHQQAhgEIAA"}},{"type":"Feature","geometry":{"type":"Point","coordinates":[73.8240819,19.956328]},"properties":{"Taluka":"Nashik","Zone":"Nashik Road","Category":"Mandir / Temple","Name":"Santoshi Mata Temple","Type":"Place of Worship","Rating":"4","Review Count":"5","Address":"Siyaram Apartment, Jai Bhavani Rd, Gandhi Nagar Airport Area, Nashik Road, Nashik, Maharashtra 422102, India","Maps Link":"https://maps.google.com/?cid=916947515954798026&g_mp=Cidnb29nbGUubWFwcy5wbGFjZXMudjEuUGxhY2VzLlNlYXJjaFRleHQQAhgEIAA"}},{"type":"Feature","geometry":{"type":"Point","coordinates":[73.832306,19.9577501]},"properties":{"Taluka":"Nashik","Zone":"Nashik Road","Category":"Mandir / Temple","Name":"Shiv Dham Mandir","Type":"Hindu Temple","Rating":"4.8","Review Count":"4","Address":"near BOI, Punjabi Colony, Gayakhe Colony, Nashik Road, Nashik, Maharashtra 422101, India","Opening Hours":"Monday: Open 24 hours | Tuesday: Open 24 hours | Wednesday: Open 24 hours | Thursday: Open 24 hours | Friday: Open 24 hours | Saturday: Open 24 hours | Sunday: Open 24 hours","Maps Link":"https://maps.google.com/?cid=16231093743292931487&g_mp=Cidnb29nbGUubWFwcy5wbGFjZXMudjEuUGxhY2VzLlNlYXJjaFRleHQQAhgEIAA"}},{"type":"Feature","geometry":{"type":"Point","coordinates":[73.8321033,19.9393218]},"properties":{"Taluka":"Nashik","Zone":"Nashik Road","Category":"Mandir / Temple","Name":"Shree Avdhuteshwar Mahadev Mandir","Type":"Hindu Temple","Rating":"5","Review Count":"4","Address":"WRQJ+PRH, Vihitgaon, Nashik, Maharashtra 422102, India","Opening Hours":"Monday: Open 24 hours | Tuesday: Open 24 hours | Wednesday: Open 24 hours | Thursday: Open 24 hours | Friday: Open 24 hours | Saturday: Open 24 hours | Sunday: Open 24 hours","Maps Link":"https://maps.google.com/?cid=11091831337314119482&g_mp=Cidnb29nbGUubWFwcy5wbGFjZXMudjEuUGxhY2VzLlNlYXJjaFRleHQQAhgEIAA"}},{"type":"Feature","geometry":{"type":"Point","coordinates":[73.8371195,19.957329]},"properties":{"Taluka":"Nashik","Zone":"Nashik Road","Category":"Mandir / Temple","Name":"Shree Balaji Mandir","Type":"Place of Worship","Rating":"4.7","Review Count":"6","Address":"XR4P+WRQ, Jail Rd, DattaMandir, Sane Guruji Nagar, Nashik, Maharashtra 422101, India","Maps Link":"https://maps.google.com/?cid=12053311990188361279&g_mp=Cidnb29nbGUubWFwcy5wbGFjZXMudjEuUGxhY2VzLlNlYXJjaFRleHQQAhgEIAA"}},{"type":"Feature","geometry":{"type":"Point","coordinates":[73.835599,19.9419094]},"properties":{"Taluka":"Nashik","Zone":"Nashik Road","Category":"Mandir / Temple","Name":"Shree Datta Guru Mandir MG Road","Type":"Hindu Temple","Rating":"5","Review Count":"1","Address":"WRRP+Q69, Devlali Gaon, Devlali, Nashik, Maharashtra 422101, India","Opening Hours":"Monday: Open 24 hours | Tuesday: Open 24 hours | Wednesday: Open 24 hours | Thursday: Open 24 hours | Friday: Open 24 hours | Saturday: Open 24 hours | Sunday: Open 24 hours","Maps Link":"https://maps.google.com/?cid=9968091925327651509&g_mp=Cidnb29nbGUubWFwcy5wbGFjZXMudjEuUGxhY2VzLlNlYXJjaFRleHQQAhgEIAA"}},{"type":"Feature","geometry":{"type":"Point","coordinates":[73.840617,19.977182]},"properties":{"Taluka":"Nashik","Zone":"Nashik Road","Category":"Mandir / Temple","Name":"Shree Durga Mata Mandir","Type":"Hindu Temple","Rating":"4.6","Review Count":"139","Address":"XRGR+V6H, Old Saikheda Rd, Opp. Chandreshwar Nagar, Nashik Road, Nashik, Maharashtra 422101, India","Opening Hours":"Monday: 6:00 AM – 9:30 PM | Tuesday: 6:00 AM – 9:30 PM | Wednesday: 6:00 AM – 9:30 PM | Thursday: 6:00 AM – 9:30 PM | Friday: 6:00 AM – 9:30 PM | Saturday: 6:00 AM – 9:30 PM | Sunday: 6:00 AM – 9:30 PM","Maps Link":"https://maps.google.com/?cid=17913973042761606315&g_mp=Cidnb29nbGUubWFwcy5wbGFjZXMudjEuUGxhY2VzLlNlYXJjaFRleHQQAhgEIAA"}},{"type":"Feature","geometry":{"type":"Point","coordinates":[73.830813,19.9507547]},"properties":{"Taluka":"Nashik","Zone":"Nashik Road","Category":"Mandir / Temple","Name":"Shree Durga Mata Mandir","Type":"Place of Worship","Rating":"5","Review Count":"4","Phone":"099704 24444","Address":"Taran Talav Rd, XR2J+884, Nashik Rd, Anand Nagar, Nashik Road, Nashik, Maharashtra 422101, India","Opening Hours":"Monday: 5:00 AM – 9:00 PM | Tuesday: 5:00 AM – 9:00 PM | Wednesday: 5:00 AM – 9:00 PM | Thursday: 5:00 AM – 9:00 PM | Friday: 5:00 AM – 9:00 PM | Saturday: 5:00 AM – 9:00 PM | Sunday: 5:00 AM – 9:00 PM","Maps Link":"https://maps.google.com/?cid=3527088035822892143&g_mp=Cidnb29nbGUubWFwcy5wbGFjZXMudjEuUGxhY2VzLlNlYXJjaFRleHQQAhgEIAA"}},{"type":"Feature","geometry":{"type":"Point","coordinates":[73.8157459,19.9886318]},"properties":{"Taluka":"Nashik","Zone":"Nashik Road","Category":"Mandir / Temple","Name":"Shree Gomay Hanuman Mandir Devsthan","Type":"Hindu Temple","Rating":"4.7","Review Count":"171","Address":"Ramdas Swami Mutt, XRQ8+F75, Takli Rd, Samta Nagar, Nashik, Maharashtra 422006, India","Opening Hours":"Monday: 6:00 AM – 7:00 PM | Tuesday: 6:00 AM – 7:00 PM | Wednesday: 6:00 AM – 7:00 PM | Thursday: 6:00 AM – 7:00 PM | Friday: 6:00 AM – 7:00 PM | Saturday: 6:00 AM – 7:00 PM | Sunday: 6:00 AM – 7:00 PM","Maps Link":"https://maps.google.com/?cid=6627201829900132490&g_mp=Cidnb29nbGUubWFwcy5wbGFjZXMudjEuUGxhY2VzLlNlYXJjaFRleHQQAhgEIAA"}},{"type":"Feature","geometry":{"type":"Point","coordinates":[73.8050913,19.9685103]},"properties":{"Taluka":"Nashik","Zone":"Nashik Road","Category":"Mandir / Temple","Name":"Shree Hanuman Mandir","Type":"Hindu Temple","Rating":"4.4","Review Count":"14","Address":"XR94+C24, Nashik Pune Road, Ashoka Jogging Track, DGP Nagar, Nashik, Maharashtra 422006, India","Maps Link":"https://maps.google.com/?cid=10999859550280093686&g_mp=Cidnb29nbGUubWFwcy5wbGFjZXMudjEuUGxhY2VzLlNlYXJjaFRleHQQAhgEIAA"}},{"type":"Feature","geometry":{"type":"Point","coordinates":[73.8422851,19.973835]},"properties":{"Taluka":"Nashik","Zone":"Nashik Road","Category":"Mandir / Temple","Name":"Shree Hanuman Mandir","Type":"Hindu Temple","Rating":"5","Review Count":"1","Address":"XRFR+GWM, Mali Colony, Shivaji Nagar, Ashtvinayak Nagar, Nashik, Maharashtra 422101, India","Maps Link":"https://maps.google.com/?cid=5432583751572969259&g_mp=Cidnb29nbGUubWFwcy5wbGFjZXMudjEuUGxhY2VzLlNlYXJjaFRleHQQAhgEIAA"}},{"type":"Feature","geometry":{"type":"Point","coordinates":[73.8352877,19.9527377]},"properties":{"Taluka":"Nashik","Zone":"Nashik Road","Category":"Mandir / Temple","Name":"Shree Krushna Mandir","Type":"Hindu Temple","Rating":"5","Review Count":"1","Address":"XR3P+34V, near Bytco Point, Gayakhe Colony, Nashik Road, Nashik, Maharashtra 422101, India","Maps Link":"https://maps.google.com/?cid=16787688627032955312&g_mp=Cidnb29nbGUubWFwcy5wbGFjZXMudjEuUGxhY2VzLlNlYXJjaFRleHQQAhgEIAA"}},{"type":"Feature","geometry":{"type":"Point","coordinates":[73.8355869,19.9447906]},"properties":{"Taluka":"Nashik","Zone":"Nashik Road","Category":"Mandir / Temple","Name":"Shree Mhasoba Maharaj Mandir","Type":"Hindu Temple","Rating":"4.3","Review Count":"62","Phone":"098223 56996","Address":"WRVP+W68, Nashik Road, Nashik, Maharashtra 422101, India","Maps Link":"https://maps.google.com/?cid=12238034441003648850&g_mp=Cidnb29nbGUubWFwcy5wbGFjZXMudjEuUGxhY2VzLlNlYXJjaFRleHQQAhgEIAA"}},{"type":"Feature","geometry":{"type":"Point","coordinates":[73.823151,19.957138]},"properties":{"Taluka":"Nashik","Zone":"Nashik Road","Category":"Mandir / Temple","Name":"Shree Mhasoba Maharaj Mandir Devasthan","Type":"Place of Worship","Rating":"5","Review Count":"3","Phone":"098228 52491","Address":"XR4F+V72, Jai Bhavani Rd, Gandhi Nagar Airport Area, Nashik Road, Nashik, Maharashtra 422102, India","Maps Link":"https://maps.google.com/?cid=16027158453058514949&g_mp=Cidnb29nbGUubWFwcy5wbGFjZXMudjEuUGxhY2VzLlNlYXJjaFRleHQQAhgEIAA"}},{"type":"Feature","geometry":{"type":"Point","coordinates":[73.8417528,19.9476608]},"properties":{"Taluka":"Nashik","Zone":"Nashik Road","Category":"Mandir / Temple","Name":"Shree Ram Bhakt Hanuman Mandir","Type":"Hindu Temple","Rating":"4.8","Review Count":"6","Address":"WRXR+3P6, Near Railway Station, P&T Colony, Ambedkar Nagar, Nashik Rd, Nashik, Maharashtra 422101, India","Maps Link":"https://maps.google.com/?cid=15265729485227643611&g_mp=Cidnb29nbGUubWFwcy5wbGFjZXMudjEuUGxhY2VzLlNlYXJjaFRleHQQAhgEIAA"}},{"type":"Feature","geometry":{"type":"Point","coordinates":[73.8346466,19.9419312]},"properties":{"Taluka":"Nashik","Zone":"Nashik Road","Category":"Mandir / Temple","Name":"Shree Renuka Mata Mandir","Type":"Hindu Temple","Rating":"5","Review Count":"8","Address":"WRRM+QVC, Nashik Rd, Deolali Gaon, Nashik, Maharashtra 422101, India","Opening Hours":"Monday: 7:00 AM – 8:00 PM | Tuesday: 7:00 AM – 8:00 PM | Wednesday: 7:00 AM – 8:00 PM | Thursday: 7:00 AM – 8:00 PM | Friday: 7:00 AM – 8:00 PM | Saturday: 7:00 AM – 8:00 PM | Sunday: Closed","Maps Link":"https://maps.google.com/?cid=2122552923116664375&g_mp=Cidnb29nbGUubWFwcy5wbGFjZXMudjEuUGxhY2VzLlNlYXJjaFRleHQQAhgEIAA"}},{"type":"Feature","geometry":{"type":"Point","coordinates":[73.8055019,19.969126]},"properties":{"Taluka":"Nashik","Zone":"Nashik Road","Category":"Mandir / Temple","Name":"Shree Renuka Mata Mandir","Type":"Hindu Temple","Rating":"4.4","Review Count":"29","Phone":"080074 46462","Address":"XR94+M62 Renuka Mata Chowk, Nashik - Pune Rd, DGP Nagar 1, Nashik, Maharashtra 422006, India","Opening Hours":"Monday: Open 24 hours | Tuesday: Open 24 hours | Wednesday: Open 24 hours | Thursday: Open 24 hours | Friday: Open 24 hours | Saturday: Open 24 hours | Sunday: Open 24 hours","Maps Link":"https://maps.google.com/?cid=1960138974724268164&g_mp=Cidnb29nbGUubWFwcy5wbGFjZXMudjEuUGxhY2VzLlNlYXJjaFRleHQQAhgEIAA"}},{"type":"Feature","geometry":{"type":"Point","coordinates":[73.8370167,19.9450099]},"properties":{"Taluka":"Nashik","Zone":"Nashik Road","Category":"Mandir / Temple","Name":"Shree Sai Baba Mandir","Type":"Hindu Temple","Rating":"4.1","Review Count":"21","Address":"WRWP+2R2, LM Road, Rajwada Nagar, Nashik Rd, Nashik, Maharashtra 422101, India","Maps Link":"https://maps.google.com/?cid=2888370257696461433&g_mp=Cidnb29nbGUubWFwcy5wbGFjZXMudjEuUGxhY2VzLlNlYXJjaFRleHQQAhgEIAA"}},{"type":"Feature","geometry":{"type":"Point","coordinates":[73.8329219,19.9451375]},"properties":{"Taluka":"Nashik","Zone":"Nashik Road","Category":"Mandir / Temple","Name":"Shree Shailya Mallikarjuna Mandir","Type":"Hindu Temple","Rating":"4","Review Count":"25","Address":"WRWM+353, LM Road, Nashik Rd, Nashik, Maharashtra 422101, India","Opening Hours":"Monday: 10:00 AM – 6:00 PM | Tuesday: 10:00 AM – 6:00 PM | Wednesday: 10:00 AM – 6:00 PM | Thursday: 10:00 AM – 6:00 PM | Friday: 10:00 AM – 6:00 PM | Saturday: 10:00 AM – 6:00 PM | Sunday: 10:00 AM – 6:00 PM","Maps Link":"https://maps.google.com/?cid=540853155479799411&g_mp=Cidnb29nbGUubWFwcy5wbGFjZXMudjEuUGxhY2VzLlNlYXJjaFRleHQQAhgEIAA"}},{"type":"Feature","geometry":{"type":"Point","coordinates":[73.8262463,19.9802734]},"properties":{"Taluka":"Nashik","Zone":"Nashik Road","Category":"Mandir / Temple","Name":"Shree Veer Hanuman Mandir","Type":"Hindu Temple","Rating":"4","Review Count":"4","Address":"XRJG+4F5, Takali -Jail Road, Near Shelar Farm, Nashik Road, Nashik, Maharashtra 422006, India","Maps Link":"https://maps.google.com/?cid=4825014933364903177&g_mp=Cidnb29nbGUubWFwcy5wbGFjZXMudjEuUGxhY2VzLlNlYXJjaFRleHQQAhgEIAA"}},{"type":"Feature","geometry":{"type":"Point","coordinates":[73.8458238,19.9536898]},"properties":{"Taluka":"Nashik","Zone":"Nashik Road","Category":"Mandir / Temple","Name":"Shree Vitthal Rukhmai Mandir","Type":"Hindu Temple","Rating":"4.6","Review Count":"12","Address":"XR3W+F8G, Odha Rd, Bhor Mala, Nashik Road, Nashik, Maharashtra 422101, India","Maps Link":"https://maps.google.com/?cid=5568016841253214035&g_mp=Cidnb29nbGUubWFwcy5wbGFjZXMudjEuUGxhY2VzLlNlYXJjaFRleHQQAhgEIAA"}},{"type":"Feature","geometry":{"type":"Point","coordinates":[73.8459102,19.9909159]},"properties":{"Taluka":"Nashik","Zone":"Nashik Road","Category":"Mandir / Temple","Name":"Shree datta mandir ( Bhojane Appa )","Type":"Hindu Temple","Rating":"5","Review Count":"11","Phone":"077700 01069","Address":"Nandur , manur, godavari river, Jail Rd, Manurgaon, Dasak, Nashik, Maharashtra 422003, India","Opening Hours":"Monday: 6:00 AM – 9:00 PM | Tuesday: 5:00 AM – 9:00 PM | Wednesday: 6:00 AM – 9:00 PM | Thursday: 5:00 AM – 9:00 PM | Friday: 6:00 AM – 9:00 PM | Saturday: 5:00 AM – 9:00 PM | Sunday: 12:00 – 9:00 PM","Maps Link":"https://maps.google.com/?cid=7364468821694965507&g_mp=Cidnb29nbGUubWFwcy5wbGFjZXMudjEuUGxhY2VzLlNlYXJjaFRleHQQAhgEIAA"}},{"type":"Feature","geometry":{"type":"Point","coordinates":[73.7778149,19.969257]},"properties":{"Taluka":"Nashik","Zone":"Nashik Road","Category":"Mandir / Temple","Name":"Shri Dutta Mandir Devasthan","Type":"Hindu Temple","Rating":"4.2","Review Count":"39","Address":"XQ9H+P44, Rane Nagar Rd, Near Rane Nagar, Rajiv Nagar, Nashik, Maharashtra 422009, India","Maps Link":"https://maps.google.com/?cid=1447467120157292713&g_mp=Cidnb29nbGUubWFwcy5wbGFjZXMudjEuUGxhY2VzLlNlYXJjaFRleHQQAhgEIAA"}},{"type":"Feature","geometry":{"type":"Point","coordinates":[73.8280398,19.9462212]},"properties":{"Taluka":"Nashik","Zone":"Nashik Road","Category":"Mandir / Temple","Name":"Shri Ichhapurti Ganesh Mandir","Type":"Hindu Temple","Rating":"4.7","Review Count":"27","Phone":"082993 06976","Address":"WRWH+GH2, Hari Om Nagar Rd, Hariom Nagar, Deolali Gaon, Nashik, Maharashtra 422102, India","Opening Hours":"Monday: 5:00 AM – 10:00 PM | Tuesday: 5:00 AM – 10:00 PM | Wednesday: 5:00 AM – 10:00 PM | Thursday: 5:00 AM – 10:00 PM | Friday: 5:00 AM – 10:00 PM | Saturday: 5:00 AM – 10:00 PM | Sunday: 5:00 AM – 10:00 PM","Maps Link":"https://maps.google.com/?cid=13452504854090726108&g_mp=Cidnb29nbGUubWFwcy5wbGFjZXMudjEuUGxhY2VzLlNlYXJjaFRleHQQAhgEIAA"}},{"type":"Feature","geometry":{"type":"Point","coordinates":[73.801053,20.0085549]},"properties":{"Taluka":"Nashik","Zone":"Nashik Road","Category":"Mandir / Temple","Name":"Shri Katya Maruti Lambe Hanuman Mandir history","Type":"Hindu Temple","Rating":"4.6","Review Count":"112","Address":"2R52+CCF, Panchavati Rd, Near Kala Ram Mandir, Adgaon Naka, Panchavati, Nashik, Maharashtra 422003, India","Maps Link":"https://maps.google.com/?cid=17620223870090308178&g_mp=Cidnb29nbGUubWFwcy5wbGFjZXMudjEuUGxhY2VzLlNlYXJjaFRleHQQAhgEIAA"}},{"type":"Feature","geometry":{"type":"Point","coordinates":[73.8340876,19.9237632]},"properties":{"Taluka":"Nashik","Zone":"Nashik Road","Category":"Mandir / Temple","Name":"Shri Laxmi Narayan Mandir","Type":"Hindu Temple","Rating":"4.5","Review Count":"17","Phone":"097641 90473","Address":"WRFM+GJ4, Deolali Gaon, Belatgavhan, Maharashtra 422501, India","Maps Link":"https://maps.google.com/?cid=17653745282499099429&g_mp=Cidnb29nbGUubWFwcy5wbGFjZXMudjEuUGxhY2VzLlNlYXJjaFRleHQQAhgEIAA"}},{"type":"Feature","geometry":{"type":"Point","coordinates":[73.8115564,19.9748611]},"properties":{"Taluka":"Nashik","Zone":"Nashik Road","Category":"Mandir / Temple","Name":"Shri Mahabali Hanuman Temple","Type":"Hindu Temple","Rating":"4.7","Review Count":"40","Address":"XRF6+WJV, Nashik - Pune Rd, Gandhinagar, Gandhi Nagar Airport Area, Nashik Road, Nashik, Maharashtra 422006, India","Maps Link":"https://maps.google.com/?cid=15997539004306123807&g_mp=Cidnb29nbGUubWFwcy5wbGFjZXMudjEuUGxhY2VzLlNlYXJjaFRleHQQAhgEIAA"}},{"type":"Feature","geometry":{"type":"Point","coordinates":[73.822211,19.972108]},"properties":{"Taluka":"Nashik","Zone":"Nashik Road","Category":"Mandir / Temple","Name":"Shri Mhasoba Maharaj Mandir","Type":"Hindu Temple","Rating":"5","Review Count":"3","Address":"XRCC+RVW, Takli Rd, Sanjay Gandhi Nagar, Matoshri Nagar, Upnagar, Nashik, Maharashtra 422006, India","Website":"https://www.shrimhasobamaharaj.org/","Maps Link":"https://maps.google.com/?cid=9181661352381480423&g_mp=Cidnb29nbGUubWFwcy5wbGFjZXMudjEuUGxhY2VzLlNlYXJjaFRleHQQAhgEIAA"}},{"type":"Feature","geometry":{"type":"Point","coordinates":[73.8252084,19.9633724]},"properties":{"Taluka":"Nashik","Zone":"Nashik Road","Category":"Mandir / Temple","Name":"Shri Mhasoba Maharaj Mandir Nehru Nagar","Type":"Hindu Temple","Rating":"4.6","Review Count":"38","Address":"XR7G+83W, Nashik - Pune Rd, Near Smart Bazaar Urban Space, Jetvan Nagar, Nashik Rd, Nashik, Maharashtra 422101, India","Maps Link":"https://maps.google.com/?cid=4116985364729859550&g_mp=Cidnb29nbGUubWFwcy5wbGFjZXMudjEuUGxhY2VzLlNlYXJjaFRleHQQAhgEIAA"}},{"type":"Feature","geometry":{"type":"Point","coordinates":[73.7709253,20.008714]},"properties":{"Taluka":"Nashik","Zone":"Nashik Road","Category":"Mandir / Temple","Name":"Shri Mitra mandal Shri dakshinmukhi hanuman mandir","Type":"Hindu Temple","Rating":"4.8","Review Count":"16","Address":"2Q5C+F9M, Gangapur Rd, Old Gangapur Naka, Shreerang Nagar, Nashik, Maharashtra 422013, India","Maps Link":"https://maps.google.com/?cid=11202421618367749747&g_mp=Cidnb29nbGUubWFwcy5wbGFjZXMudjEuUGxhY2VzLlNlYXJjaFRleHQQAhgEIAA"}},{"type":"Feature","geometry":{"type":"Point","coordinates":[73.8320534,19.9484557]},"properties":{"Taluka":"Nashik","Zone":"Nashik Road","Category":"Mandir / Temple","Name":"Shri Narmadeshwar Mahadev Mandir","Type":"Hindu Temple","Rating":"4.8","Review Count":"6","Address":"40/1/100, Gopal Nagar Rd, Indra Gandhi Nagar, Gopal Nagar, Anand Nagar, Nashik Road, Nashik, Maharashtra 422101, India","Opening Hours":"Monday: 6:00 AM – 10:00 PM | Tuesday: 6:00 AM – 10:00 PM | Wednesday: 6:00 AM – 10:00 PM | Thursday: 6:00 AM – 10:00 PM | Friday: 6:00 AM – 10:00 PM | Saturday: 6:00 AM – 10:00 PM | Sunday: 6:00 AM – 10:00 PM","Maps Link":"https://maps.google.com/?cid=12902875529425655776&g_mp=Cidnb29nbGUubWFwcy5wbGFjZXMudjEuUGxhY2VzLlNlYXJjaFRleHQQAhgEIAA"}},{"type":"Feature","geometry":{"type":"Point","coordinates":[73.8226564,19.9714502]},"properties":{"Taluka":"Nashik","Zone":"Nashik Road","Category":"Mandir / Temple","Name":"Shri Swami Samarth Mandir","Type":"Hindu Temple","Rating":"4.2","Review Count":"14","Address":"XRCF+H3M, Near Santoshi Mata Mandir, Sanjay Gandhi Nagar, Matoshri Nagar, Upnagar, Nashik, Maharashtra 422006, India","Maps Link":"https://maps.google.com/?cid=6129344231260358060&g_mp=Cidnb29nbGUubWFwcy5wbGFjZXMudjEuUGxhY2VzLlNlYXJjaFRleHQQAhgEIAA"}},{"type":"Feature","geometry":{"type":"Point","coordinates":[73.8251816,19.9539825]},"properties":{"Taluka":"Nashik","Zone":"Nashik Road","Category":"Mandir / Temple","Name":"Shri Tuljabhavani Mandir Devasthan, Jai Bhavani Road, Nashik Road","Type":"Hindu Temple","Rating":"5","Review Count":"1","Address":"Jachak MalaJai, XR3G+H3V, Jai Bhavani Rd, Adke Nagar, Nashik Road, Nashik, Maharashtra 422102, India","Maps Link":"https://maps.google.com/?cid=151822060866252001&g_mp=Cidnb29nbGUubWFwcy5wbGFjZXMudjEuUGxhY2VzLlNlYXJjaFRleHQQAhgEIAA"}},{"type":"Feature","geometry":{"type":"Point","coordinates":[73.833126,19.9173672]},"properties":{"Taluka":"Nashik","Zone":"Nashik Road","Category":"Mandir / Temple","Name":"Shrimad Rajchandra Swadhyay Mandir Deolali","Type":"Place of Worship","Rating":"4.9","Review Count":"91","Phone":"0253 249 6866","Address":"WR8M+W7R, Lam Rd, Deolali Gaon, Sansari, Maharashtra 422401, India","Website":"http://www.shrimadrajchandradevlali.com/","Maps Link":"https://maps.google.com/?cid=12306102249596571967&g_mp=Cidnb29nbGUubWFwcy5wbGFjZXMudjEuUGxhY2VzLlNlYXJjaFRleHQQAhgEIAA"}},{"type":"Feature","geometry":{"type":"Point","coordinates":[73.8352562,19.9423704]},"properties":{"Taluka":"Nashik","Zone":"Nashik Road","Category":"Mandir / Temple","Name":"Siddheshwar samaj mandir Devlali gaon","Type":"Hindu Temple","Rating":"4","Review Count":"2","Address":"Devlali Gaon, Nashik, Maharashtra 422101, India","Maps Link":"https://maps.google.com/?cid=16281620610587201188&g_mp=Cidnb29nbGUubWFwcy5wbGFjZXMudjEuUGxhY2VzLlNlYXJjaFRleHQQAhgEIAA"}},{"type":"Feature","geometry":{"type":"Point","coordinates":[73.8213283,19.9761134]},"properties":{"Taluka":"Nashik","Zone":"Nashik Road","Category":"Mandir / Temple","Name":"Sri Hanuman Mandir","Type":"Hindu Temple","Rating":"4.3","Review Count":"6","Address":"XRGC+CGW, Unnamed Rd, Ramdas Swami Nagar, Nashik, Maharashtra 422006, India","Maps Link":"https://maps.google.com/?cid=9045438560897194763&g_mp=Cidnb29nbGUubWFwcy5wbGFjZXMudjEuUGxhY2VzLlNlYXJjaFRleHQQAhgEIAA"}},{"type":"Feature","geometry":{"type":"Point","coordinates":[73.8199509,19.9548604]},"properties":{"Taluka":"Nashik","Zone":"Nashik Road","Category":"Mandir / Temple","Name":"Sri Hanuman Mandir","Type":"Hindu Temple","Review Count":"0","Address":"XR3C+X2C, Gandhi Nagar Airport Area, Deolali Gaon, Nashik, Maharashtra 422102, India","Maps Link":"https://maps.google.com/?cid=1824191856296295642&g_mp=Cidnb29nbGUubWFwcy5wbGFjZXMudjEuUGxhY2VzLlNlYXJjaFRleHQQAhgEIAA"}},{"type":"Feature","geometry":{"type":"Point","coordinates":[73.8274443,19.9487447]},"properties":{"Taluka":"Nashik","Zone":"Nashik Road","Category":"Mandir / Temple","Name":"Sundareshwar Mahadev Mandir","Type":"Hindu Temple","Rating":"5","Review Count":"1","Address":"Road Jai, Durga Nagar, Bhavani Nagar, Nashik Road, Nashik, Maharashtra 422102, India","Opening Hours":"Monday: 5:30 AM – 12:00 PM, 4:30 – 8:00 PM | Tuesday: 5:30 AM – 12:00 PM, 4:30 – 8:00 PM | Wednesday: 5:30 AM – 12:00 PM, 4:30 – 8:00 PM | Thursday: 5:30 AM – 12:00 PM, 4:30 – 8:00 PM | Friday: 5:30 AM – 12:00 PM, 4:30 – 8:00 PM | Saturday: 5:30 AM – 12:00 PM, 4:30 – 8:00 PM | Sunday: 5:30 AM – 12:00 PM, 4:30 – 8:00 PM","Maps Link":"https://maps.google.com/?cid=11643265906145442241&g_mp=Cidnb29nbGUubWFwcy5wbGFjZXMudjEuUGxhY2VzLlNlYXJjaFRleHQQAhgEIAA"}},{"type":"Feature","geometry":{"type":"Point","coordinates":[73.8142074,20.001053]},"properties":{"Taluka":"Nashik","Zone":"Nashik Road","Category":"Mandir / Temple","Name":"Swayambhu Hanuman Mandir","Type":"Hindu Temple","Rating":"4.8","Review Count":"5","Address":"2R27+CJ4, Vaishnavi Park, Nashik, Maharashtra 422003, India","Opening Hours":"Monday: 6:00 AM – 7:00 PM | Tuesday: 6:00 AM – 7:00 PM | Wednesday: 6:00 AM – 7:00 PM | Thursday: 6:00 AM – 7:00 PM | Friday: 6:00 AM – 7:00 PM | Saturday: 6:00 AM – 7:00 PM | Sunday: 6:00 AM – 7:00 PM","Maps Link":"https://maps.google.com/?cid=4300244375757228065&g_mp=Cidnb29nbGUubWFwcy5wbGFjZXMudjEuUGxhY2VzLlNlYXJjaFRleHQQAhgEIAA"}},{"type":"Feature","geometry":{"type":"Point","coordinates":[73.7689611,19.9536413]},"properties":{"Taluka":"Nashik","Zone":"Nashik Road","Category":"Mandir / Temple","Name":"Temple Road B","Review Count":"0","Address":"Temple Rd B, Dnyaneshwar Nagar, Pathardi Phata, Nashik, Maharashtra 422009, India","Maps Link":"https://maps.google.com/?cid=2771791025228116701&g_mp=Cidnb29nbGUubWFwcy5wbGFjZXMudjEuUGxhY2VzLlNlYXJjaFRleHQQAhgEIAA"}},{"type":"Feature","geometry":{"type":"Point","coordinates":[73.7685661,19.9542834]},"properties":{"Taluka":"Nashik","Zone":"Nashik Road","Category":"Mandir / Temple","Name":"Temple Road C","Review Count":"0","Address":"Temple Rd C, Pathardi Shivar, Dnyaneshwar Nagar, Pathardi Phata, Nashik, Maharashtra 422009, India","Maps Link":"https://maps.google.com/?cid=7586847077783005046&g_mp=Cidnb29nbGUubWFwcy5wbGFjZXMudjEuUGxhY2VzLlNlYXJjaFRleHQQAhgEIAA"}},{"type":"Feature","geometry":{"type":"Point","coordinates":[73.8097309,20.0193937]},"properties":{"Taluka":"Nashik","Zone":"Nashik Road","Category":"Mandir / Temple","Name":"Tuljabhavani Mandir","Type":"Hindu Temple","Rating":"4.6","Review Count":"21","Address":"2R95+QV5, Gunjal Baba Nagar, Hirawadi, Nashik, Maharashtra 422003, India","Website":"https://shrituljabhavani.org/","Opening Hours":"Monday: Closed | Tuesday: 9:00 AM – 5:00 PM | Wednesday: 9:00 AM – 5:00 PM | Thursday: 9:00 AM – 5:00 PM | Friday: 9:00 AM – 5:00 PM | Saturday: 9:00 AM – 5:00 PM | Sunday: 9:00 AM – 5:00 PM","Maps Link":"https://maps.google.com/?cid=548422072071808304&g_mp=Cidnb29nbGUubWFwcy5wbGFjZXMudjEuUGxhY2VzLlNlYXJjaFRleHQQAhgEIAA"}},{"type":"Feature","geometry":{"type":"Point","coordinates":[73.8344748,19.9431447]},"properties":{"Taluka":"Nashik","Zone":"Nashik Road","Category":"Mandir / Temple","Name":"Vitthal Mandir","Type":"Hindu Temple","Rating":"4.1","Review Count":"11","Address":"WRVM+7Q5, Devlali Gaon, Nashik, Maharashtra 422101, India","Maps Link":"https://maps.google.com/?cid=14982090613382774773&g_mp=Cidnb29nbGUubWFwcy5wbGFjZXMudjEuUGxhY2VzLlNlYXJjaFRleHQQAhgEIAA"}},{"type":"Feature","geometry":{"type":"Point","coordinates":[73.8318824,19.9322682]},"properties":{"Taluka":"Nashik","Zone":"Nashik Road","Category":"Mandir / Temple","Name":"Yogabhyananda Shri Madhavnath Maharaj Mandir Vihitgoan","Type":"Hindu Temple","Rating":"4.8","Review Count":"19","Phone":"098500 90027","Address":"8, Lam Rd, Saubhagaya Nagar, Deolali Gaon, Kothule Mala, Nashik, Maharashtra 422401, India","Website":"http://nathmandirnashik.com/index.php","Maps Link":"https://maps.google.com/?cid=9096752557173120800&g_mp=Cidnb29nbGUubWFwcy5wbGFjZXMudjEuUGxhY2VzLlNlYXJjaFRleHQQAhgEIAA"}},{"type":"Feature","geometry":{"type":"Point","coordinates":[73.8213072,19.9589429]},"properties":{"Taluka":"Nashik","Zone":"Nashik Road","Category":"Mandir / Temple","Name":"khanderao maharaj mandir","Type":"Hindu Temple","Rating":"5","Review Count":"3","Address":"Patole Mala, Jai Bhavani Rd, Ashvin Co-Operative Housing Society, Gandhi Nagar Airport Area, Nashik Road, Nashik, Maharashtra 422102, India","Maps Link":"https://maps.google.com/?cid=4411295181283091793&g_mp=Cidnb29nbGUubWFwcy5wbGFjZXMudjEuUGxhY2VzLlNlYXJjaFRleHQQAhgEIAA"}},{"type":"Feature","geometry":{"type":"Point","coordinates":[73.7836714,19.9862756]},"properties":{"Taluka":"Nashik","Zone":"Nashik Road","Category":"Mandir / Temple","Name":"veerasan hanuman mandir","Type":"Hindu Temple","Rating":"4.8","Review Count":"6","Address":"XQPM+GF7, Agra - Mumbai Hwy, Mumbai Naka, Govind Nagar, Nashik, Maharashtra 422009, India","Maps Link":"https://maps.google.com/?cid=10070522606146403993&g_mp=Cidnb29nbGUubWFwcy5wbGFjZXMudjEuUGxhY2VzLlNlYXJjaFRleHQQAhgEIAA"}},{"type":"Feature","geometry":{"type":"Point","coordinates":[73.8133309,19.935434]},"properties":{"Taluka":"Nashik","Zone":"Nashik Road","Category":"Mandir / Temple","Name":"vitthal rukmini mandir","Type":"Hindu Temple","Rating":"5","Review Count":"1","Address":"WRP7+58G, Vadner Dumala, Nashik, Maharashtra 422102, India","Maps Link":"https://maps.google.com/?cid=11100962096750128390&g_mp=Cidnb29nbGUubWFwcy5wbGFjZXMudjEuUGxhY2VzLlNlYXJjaFRleHQQAhgEIAA"}},{"type":"Feature","geometry":{"type":"Point","coordinates":[73.8472138,19.9507372]},"properties":{"Taluka":"Nashik","Zone":"Nashik Road","Category":"Mandir / Temple","Name":"मुंजाबाबा मंदिर","Type":"Hindu Temple","Rating":"5","Review Count":"2","Phone":"095611 98111","Address":"चिडे मळा ऐकलहरा रोड नाशिकरोड, XR2W+7VW, Bridge Nagar, Nashik, Maharashtra 422101, India","Opening Hours":"Monday: Open 24 hours | Tuesday: Open 24 hours | Wednesday: Open 24 hours | Thursday: Open 24 hours | Friday: Open 24 hours | Saturday: Open 24 hours | Sunday: Open 24 hours","Maps Link":"https://maps.google.com/?cid=11739141942121496675&g_mp=Cidnb29nbGUubWFwcy5wbGFjZXMudjEuUGxhY2VzLlNlYXJjaFRleHQQAhgEIAA"}},{"type":"Feature","geometry":{"type":"Point","coordinates":[73.8229914,19.972961]},"properties":{"Taluka":"Nashik","Zone":"Nashik Road","Category":"Mandir / Temple","Name":"मुंजाबाबा मंदिर","Type":"Place of Worship","Rating":"2.3","Review Count":"4","Phone":"099600 25111","Address":"चिडेमळा, ऐकलहरारोड, XRFF+55Q, Nashik Road, Nashik, Maharashtra 422006, India","Opening Hours":"Monday: 7:00 PM – 12:00 AM | Tuesday: 7:00 PM – 12:00 AM | Wednesday: 7:00 PM – 12:00 AM | Thursday: 7:00 PM – 12:00 AM | Friday: 7:00 PM – 12:00 AM | Saturday: 7:00 PM – 12:00 AM | Sunday: Open 24 hours","Maps Link":"https://maps.google.com/?cid=7958441685349488059&g_mp=Cidnb29nbGUubWFwcy5wbGFjZXMudjEuUGxhY2VzLlNlYXJjaFRleHQQAhgEIAA"}},{"type":"Feature","geometry":{"type":"Point","coordinates":[73.8340916,19.9553969]},"properties":{"Taluka":"Nashik","Zone":"Nashik Road","Category":"Mandir / Temple","Name":"श्री गुरूदेव दत्त मंदिर","Type":"Hindu Temple","Rating":"5","Review Count":"2","Address":"XR4M+5J4, Ghadge Nagar, DattaMandir, Nashik Road, Nashik, Maharashtra 422101, India","Maps Link":"https://maps.google.com/?cid=8542497169509718647&g_mp=Cidnb29nbGUubWFwcy5wbGFjZXMudjEuUGxhY2VzLlNlYXJjaFRleHQQAhgEIAA"}},{"type":"Feature","geometry":{"type":"Point","coordinates":[73.8268665,19.9466263]},"properties":{"Taluka":"Nashik","Zone":"Nashik Road","Category":"Mandir / Temple","Name":"श्री म्हसोबा मंदिर Shri Mhasoba Mandir","Type":"Hindu Temple","Rating":"4.8","Review Count":"5","Address":"WRWG+JPW, Durga Nagar, Bhavani Nagar, Deolali Gaon, Nashik, Maharashtra 422102, India","Opening Hours":"Monday: Open 24 hours | Tuesday: Open 24 hours | Wednesday: Open 24 hours | Thursday: Open 24 hours | Friday: Open 24 hours | Saturday: Open 24 hours | Sunday: Open 24 hours","Maps Link":"https://maps.google.com/?cid=12059614259528983110&g_mp=Cidnb29nbGUubWFwcy5wbGFjZXMudjEuUGxhY2VzLlNlYXJjaFRleHQQAhgEIAA"}},{"type":"Feature","geometry":{"type":"Point","coordinates":[73.8696696,20.0002354]},"properties":{"Taluka":"Nashik","Zone":"Nashik Road","Category":"Mandir / Temple","Name":"श्री श्रीपाद श्रीवल्लभ दत्तात्रेय मंदिर Shripad Shrivallabh Dattatreya Mandir","Type":"Hindu Temple","Rating":"4.7","Review Count":"160","Address":"Madsangavi, Maharashtra 422003, India","Website":"http://shreesadguruadhyatmadnyanpeeth.com/","Opening Hours":"Monday: 5:00 – 11:45 AM, 5:00 – 8:45 PM | Tuesday: 5:00 – 11:45 AM, 5:00 – 8:45 PM | Wednesday: 5:00 – 11:45 AM, 5:00 – 8:45 PM | Thursday: 5:00 – 11:45 AM, 5:00 – 8:45 PM | Friday: 5:00 – 11:45 AM, 5:00 – 8:45 PM | Saturday: 5:00 – 11:45 AM, 5:00 – 8:45 PM | Sunday: 5:00 – 11:45 AM, 5:00 – 8:45 PM","Maps Link":"https://maps.google.com/?cid=17617734059147484758&g_mp=Cidnb29nbGUubWFwcy5wbGFjZXMudjEuUGxhY2VzLlNlYXJjaFRleHQQAhgEIAA"}},{"type":"Feature","geometry":{"type":"Point","coordinates":[73.8253283,19.9568136]},"properties":{"Taluka":"Nashik","Zone":"Nashik Road","Category":"Ashram / Math","Name":"Sadguru Shankar Maharaj Girnar math, Nasik road","Type":"Place of Worship","Rating":"5","Review Count":"4","Address":"27/B/1/26, Sadhguru Nagar, Vidya Vihar Society, Indra Gandhi Nagar, Nashik, Maharashtra 422101, India","Maps Link":"https://maps.google.com/?cid=12313064880609276530&g_mp=Cidnb29nbGUubWFwcy5wbGFjZXMudjEuUGxhY2VzLlNlYXJjaFRleHQQAhgEIAA"}},{"type":"Feature","geometry":{"type":"Point","coordinates":[73.8362144,19.9234852]},"properties":{"Taluka":"Nashik","Zone":"Nashik Road","Category":"Jain Temple","Name":"Kahan Nagar Digambar Jain Mandir Deolali","Type":"Place of Worship","Rating":"4.8","Review Count":"146","Address":"belatgavhan road, WRFP+9FW, Lam Rd, Kahan Nagar Society, Belatgavhan, Maharashtra 422401, India","Maps Link":"https://maps.google.com/?cid=9517902178041434964&g_mp=Cidnb29nbGUubWFwcy5wbGFjZXMudjEuUGxhY2VzLlNlYXJjaFRleHQQAhgEIAA"}},{"type":"Feature","geometry":{"type":"Point","coordinates":[73.8305883,19.9221291]},"properties":{"Taluka":"Nashik","Zone":"Nashik Road","Category":"Jain Temple","Name":"Shree Devlali Jain Shwetamber Tirth Trust","Type":"Place of Worship","Rating":"5","Review Count":"3","Address":"206, Lam Rd, Deolali Gaon, Nashik, Devlali, Maharashtra 422401, India","Opening Hours":"Monday: 6:00 AM – 12:00 PM, 4:00 – 8:00 PM | Tuesday: 6:00 AM – 12:00 PM, 4:00 – 8:00 PM | Wednesday: 6:00 AM – 12:00 PM, 4:00 – 8:00 PM | Thursday: 6:00 AM – 12:00 PM, 4:00 – 8:00 PM | Friday: 6:00 AM – 12:00 PM, 4:00 – 8:00 PM | Saturday: 6:00 AM – 12:00 PM, 4:00 – 8:00 PM | Sunday: 6:00 AM – 12:00 PM, 4:00 – 8:00 PM","Maps Link":"https://maps.google.com/?cid=2784242869824448536&g_mp=Cidnb29nbGUubWFwcy5wbGFjZXMudjEuUGxhY2VzLlNlYXJjaFRleHQQAhgEIAA"}},{"type":"Feature","geometry":{"type":"Point","coordinates":[73.8305601,19.9220822]},"properties":{"Taluka":"Nashik","Zone":"Nashik Road","Category":"Jain Temple","Name":"Shree shantinath jain temple","Type":"Place of Worship","Rating":"4.5","Review Count":"2","Address":"206, Lam Rd, Deolali Gaon, Nashik, Devlali, Maharashtra 422401, India","Maps Link":"https://maps.google.com/?cid=5050104536176407395&g_mp=Cidnb29nbGUubWFwcy5wbGFjZXMudjEuUGxhY2VzLlNlYXJjaFRleHQQAhgEIAA"}},{"type":"Feature","geometry":{"type":"Point","coordinates":[73.8288961,19.9472174]},"properties":{"Taluka":"Nashik","Zone":"Nashik Road","Category":"Jain Temple","Name":"Shri 1008 Munisuvratnath Digambar Jain Mandir","Type":"Place of Worship","Rating":"4.9","Review Count":"23","Address":"Opp Maheshwari Bhavan, Artillery Centre Rd, WRWH+VHJ, Durga Nagar, Bhavani Nagar, Khole Mala, Deolali Gaon, Durga Nagar, Bhavani Nagar, Nashik Road, Nashik, Maharashtra 422102, India","Maps Link":"https://maps.google.com/?cid=13059417592522913201&g_mp=Cidnb29nbGUubWFwcy5wbGFjZXMudjEuUGxhY2VzLlNlYXJjaFRleHQQAhgEIAA"}},{"type":"Feature","geometry":{"type":"Point","coordinates":[73.7951452,19.9944533]},"properties":{"Taluka":"Nashik","Zone":"Nashik Road","Category":"Other Religious Site","Name":"Baleshwar Mahadev","Type":"Hindu Temple","Rating":"4.2","Review Count":"5","Address":"XQVW+Q3J, Wadala Naka, Dwarka, Nashik, Maharashtra 422001, India","Maps Link":"https://maps.google.com/?cid=15444355928223466211&g_mp=Cidnb29nbGUubWFwcy5wbGFjZXMudjEuUGxhY2VzLlNlYXJjaFRleHQQAhgEIAA"}},{"type":"Feature","geometry":{"type":"Point","coordinates":[73.830579,19.9745983]},"properties":{"Taluka":"Nashik","Zone":"Nashik Road","Category":"Other Religious Site","Name":"Bhagur","Type":"Hindu Temple","Rating":"4.3","Review Count":"6","Address":"Barnes School, Road, Laxman Nagar, Nashik Road, Devlali, Bhagur, Maharashtra 422101, India","Maps Link":"https://maps.google.com/?cid=9320318127341080954&g_mp=Cidnb29nbGUubWFwcy5wbGFjZXMudjEuUGxhY2VzLlNlYXJjaFRleHQQAhgEIAA"}},{"type":"Feature","geometry":{"type":"Point","coordinates":[73.7858441,19.9735428]},"properties":{"Taluka":"Nashik","Zone":"Nashik Road","Category":"Other Religious Site","Name":"Chaitradeep Society","Type":"Hindu Temple","Rating":"4.5","Review Count":"195","Address":"XQFM+FQX Modakeshwar temple, 3, Narayan Park, Modakeshwar colony, Indira Nagar, Nashik, Maharashtra 422009, India","Maps Link":"https://maps.google.com/?cid=11863396599945870763&g_mp=Cidnb29nbGUubWFwcy5wbGFjZXMudjEuUGxhY2VzLlNlYXJjaFRleHQQAhgEIAA"}},{"type":"Feature","geometry":{"type":"Point","coordinates":[73.8106645,19.9414243]},"properties":{"Taluka":"Nashik","Zone":"Nashik Road","Category":"Other Religious Site","Name":"Chhatrapati Shivaji Maharaj Statue, Vadner Gate","Type":"Hindu Temple","Rating":"4.7","Review Count":"40","Address":"Wadner Rd, रोड, शिवराज नगर, वडनेर गेट, Nashik, Devlali, Maharashtra 422010, India","Opening Hours":"Monday: Open 24 hours | Tuesday: Open 24 hours | Wednesday: Open 24 hours | Thursday: Open 24 hours | Friday: Open 24 hours | Saturday: Open 24 hours | Sunday: Open 24 hours","Maps Link":"https://maps.google.com/?cid=9825848434290640425&g_mp=Cidnb29nbGUubWFwcy5wbGFjZXMudjEuUGxhY2VzLlNlYXJjaFRleHQQAhgEIAA"}},{"type":"Feature","geometry":{"type":"Point","coordinates":[73.8461736,19.9891968]},"properties":{"Taluka":"Nashik","Zone":"Nashik Road","Category":"Other Religious Site","Name":"Hanuman Murti","Type":"Hindu Temple","Rating":"5","Review Count":"2","Address":"XRQW+MFF, Jail Rd, Manurgaon, Nandur Village, Nashik, Maharashtra 422101, India","Maps Link":"https://maps.google.com/?cid=11142577966607018369&g_mp=Cidnb29nbGUubWFwcy5wbGFjZXMudjEuUGxhY2VzLlNlYXJjaFRleHQQAhgEIAA"}},{"type":"Feature","geometry":{"type":"Point","coordinates":[73.8349219,19.961395]},"properties":{"Taluka":"Nashik","Zone":"Nashik Road","Category":"Other Religious Site","Name":"Shree Gajanan Charitable Trust","Type":"Hindu Temple","Rating":"4.5","Review Count":"34","Address":"Motwani Rd, Lokmanyanagar, DattaMandir, Nashik Road, Nashik, Maharashtra 422101, India","Opening Hours":"Monday: 7:00 AM – 12:00 PM, 5:00 – 9:00 PM | Tuesday: 7:00 AM – 12:00 PM, 5:00 – 9:00 PM | Wednesday: 7:00 AM – 12:00 PM, 5:00 – 9:00 PM | Thursday: 7:00 AM – 12:00 PM, 5:00 – 9:00 PM | Friday: 7:00 AM – 12:00 PM, 5:00 – 9:00 PM | Saturday: 7:00 AM – 12:00 PM, 5:00 – 9:00 PM | Sunday: 7:00 AM – 12:00 PM, 5:00 – 9:00 PM","Maps Link":"https://maps.google.com/?cid=17736559633622740964&g_mp=Cidnb29nbGUubWFwcy5wbGFjZXMudjEuUGxhY2VzLlNlYXJjaFRleHQQAhgEIAA"}},{"type":"Feature","geometry":{"type":"Point","coordinates":[73.8367789,19.951649]},"properties":{"Taluka":"Nashik","Zone":"Nashik Road","Category":"Other Religious Site","Name":"Shree Sai Baba","Type":"Hindu Temple","Rating":"4.9","Review Count":"7","Address":"Near Sinner Fata, XR2P+MP2, Gayakhe Colony, Nashik Rd, Nashik, Maharashtra 422101, India","Opening Hours":"Monday: 8:00 AM – 8:00 PM | Tuesday: 8:00 AM – 8:00 PM | Wednesday: 8:00 AM – 8:00 PM | Thursday: 8:00 AM – 8:00 PM | Friday: 8:00 AM – 8:00 PM | Saturday: 8:00 AM – 8:00 PM | Sunday: 8:00 AM – 8:00 PM","Maps Link":"https://maps.google.com/?cid=16625878682288762990&g_mp=Cidnb29nbGUubWFwcy5wbGFjZXMudjEuUGxhY2VzLlNlYXJjaFRleHQQAhgEIAA"}},{"type":"Feature","geometry":{"type":"Point","coordinates":[73.8414578,19.9758225]},"properties":{"Taluka":"Nashik","Zone":"Nashik Road","Category":"Other Religious Site","Name":"Shree Swami Samarth Kendra","Type":"Hindu Temple","Rating":"4.7","Review Count":"62","Address":"Durwankur Niwas, Jail Rd, Shivshakthi Nagar, Nashik Road, Nashik, Maharashtra 422101, India","Maps Link":"https://maps.google.com/?cid=2239773386772975340&g_mp=Cidnb29nbGUubWFwcy5wbGFjZXMudjEuUGxhY2VzLlNlYXJjaFRleHQQAhgEIAA"}},{"type":"Feature","geometry":{"type":"Point","coordinates":[73.8347942,19.9433051]},"properties":{"Taluka":"Nashik","Zone":"Nashik Road","Category":"Other Religious Site","Name":"Shree dakshin Mukhi Hanuman r","Type":"Hindu Temple","Rating":"4.3","Review Count":"7","Address":"WRVM+8WF, Deolali Gaon, Nashik, Maharashtra 422101, India","Maps Link":"https://maps.google.com/?cid=18233350469738590985&g_mp=Cidnb29nbGUubWFwcy5wbGFjZXMudjEuUGxhY2VzLlNlYXJjaFRleHQQAhgEIAA"}},{"type":"Feature","geometry":{"type":"Point","coordinates":[73.8330886,19.9462257]},"properties":{"Taluka":"Nashik","Zone":"Nashik Road","Category":"Other Religious Site","Name":"Shri Swami Samarth Kendra deolali gaon Nashik road","Type":"Hindu Temple","Rating":"4.5","Review Count":"2","Address":"WRWM+C5X, LM Road, Rd, Nashik Road, Nashik, Maharashtra 422101, India","Maps Link":"https://maps.google.com/?cid=12873191434632481715&g_mp=Cidnb29nbGUubWFwcy5wbGFjZXMudjEuUGxhY2VzLlNlYXJjaFRleHQQAhgEIAA"}},{"type":"Feature","geometry":{"type":"Point","coordinates":[73.8472958,19.9793008]},"properties":{"Taluka":"Nashik","Zone":"Nashik Road","Category":"Other Religious Site","Name":"VIDYUTNAGARI","Type":"Hindu Temple","Rating":"5","Review Count":"2","Address":"घर नं. २७३/१७, रघुरंजन, विद्युतनगरी, सायखेडा रोड, XRHW+9X3, Jail Rd, Hanuman Nagar, Vajreshwari Nagar, Nashik, Maharashtra 422101, India","Maps Link":"https://maps.google.com/?cid=1558677606302104410&g_mp=Cidnb29nbGUubWFwcy5wbGFjZXMudjEuUGxhY2VzLlNlYXJjaFRleHQQAhgEIAA"}},{"type":"Feature","geometry":{"type":"Point","coordinates":[73.8405678,19.9514969]},"properties":{"Taluka":"Nashik","Zone":"Nashik Road","Category":"Other Religious Site","Name":"छत्रपती शिवाजी महाराज स्मारक नाशिक रोड","Type":"Hindu Temple","Rating":"4.3","Review Count":"10","Address":"3 Nashik Road Shivaji Maharaj Putla, Rajwada Nagar, Nashik Road, Nashik, Maharashtra 422101, India","Maps Link":"https://maps.google.com/?cid=16269373411792064505&g_mp=Cidnb29nbGUubWFwcy5wbGFjZXMudjEuUGxhY2VzLlNlYXJjaFRleHQQAhgEIAA"}},{"type":"Feature","geometry":{"type":"Point","coordinates":[73.7389219,19.9891875]},"properties":{"Taluka":"Nashik","Zone":"Satpur","Category":"Mandir / Temple","Name":"Agni Mandir","Type":"Hindu Temple","Rating":"5","Review Count":"1","Address":"XPQQ+MHF, Swarbaba Nagar, Satpur Gaon, Satpur Colony, Nashik, Maharashtra 422010, India","Opening Hours":"Monday: Open 24 hours | Tuesday: Open 24 hours | Wednesday: Open 24 hours | Thursday: Open 24 hours | Friday: Open 24 hours | Saturday: Open 24 hours | Sunday: Open 24 hours","Maps Link":"https://maps.google.com/?cid=2803338526865602268&g_mp=Cidnb29nbGUubWFwcy5wbGFjZXMudjEuUGxhY2VzLlNlYXJjaFRleHQQAhgEIAA"}},{"type":"Feature","geometry":{"type":"Point","coordinates":[73.7377051,19.9727348]},"properties":{"Taluka":"Nashik","Zone":"Satpur","Category":"Mandir / Temple","Name":"Amruteshwar Mahadev temple","Type":"Place of Worship","Rating":"4.3","Review Count":"6","Address":"Laxman Twp, 4B, Kewal Park Rd, DGP Nagar 2, Kamatwade, Satpur, Nashik, Maharashtra 422010, India","Website":"https://youtu.be/VBuG1csMIZU","Opening Hours":"Monday: 6:30 AM – 10:30 PM | Tuesday: 6:30 AM – 10:30 PM | Wednesday: 6:30 AM – 10:30 PM | Thursday: 6:30 AM – 10:30 PM | Friday: 6:30 AM – 10:30 PM | Saturday: 6:30 AM – 10:30 PM | Sunday: 6:30 AM – 10:30 PM","Maps Link":"https://maps.google.com/?cid=168489389622841352&g_mp=Cidnb29nbGUubWFwcy5wbGFjZXMudjEuUGxhY2VzLlNlYXJjaFRleHQQAhgEIAA"}},{"type":"Feature","geometry":{"type":"Point","coordinates":[73.7288844,19.9907549]},"properties":{"Taluka":"Nashik","Zone":"Satpur","Category":"Mandir / Temple","Name":"Amrutmani Ganesh Mandir","Type":"Hindu Temple","Rating":"5","Review Count":"1","Address":"135, MHB Colony, Satpur Colony, Nashik, Maharashtra 422007, India","Maps Link":"https://maps.google.com/?cid=6936304650252693998&g_mp=Cidnb29nbGUubWFwcy5wbGFjZXMudjEuUGxhY2VzLlNlYXJjaFRleHQQAhgEIAA"}},{"type":"Feature","geometry":{"type":"Point","coordinates":[73.7435268,19.96855]},"properties":{"Taluka":"Nashik","Zone":"Satpur","Category":"Mandir / Temple","Name":"Balumama temple &tulja bhavani temple","Type":"Hindu Temple","Rating":"5","Review Count":"6","Phone":"088307 85265","Address":"vanashree colony, Ambad Link Rd, DGP Nagar 2, Mahalakshmi Nagar, MIDC Ambad, Nashik, Maharashtra 422010, India","Opening Hours":"Monday: Open 24 hours | Tuesday: Open 24 hours | Wednesday: Open 24 hours | Thursday: Open 24 hours | Friday: Open 24 hours | Saturday: Open 24 hours | Sunday: Open 24 hours","Maps Link":"https://maps.google.com/?cid=11172969193345229825&g_mp=Cidnb29nbGUubWFwcy5wbGFjZXMudjEuUGxhY2VzLlNlYXJjaFRleHQQAhgEIAA"}},{"type":"Feature","geometry":{"type":"Point","coordinates":[73.7363222,20.0009372]},"properties":{"Taluka":"Nashik","Zone":"Satpur","Category":"Mandir / Temple","Name":"Bhavani Mata Mandir","Type":"Hindu Temple","Rating":"4.2","Review Count":"10","Address":"O/s-13, behind TDK company, MIDC, Satpur Colony, Nashik, Maharashtra 422007, India","Maps Link":"https://maps.google.com/?cid=544598438919841386&g_mp=Cidnb29nbGUubWFwcy5wbGFjZXMudjEuUGxhY2VzLlNlYXJjaFRleHQQAhgEIAA"}},{"type":"Feature","geometry":{"type":"Point","coordinates":[73.7082426,20.011894]},"properties":{"Taluka":"Nashik","Zone":"Satpur","Category":"Mandir / Temple","Name":"Bhoi samaj Mandir Satpur Nashik","Type":"Place of Worship","Rating":"2","Review Count":"2","Address":"2P65+Q7, Shivaji Nagar, Satpur Colony, Nashik, Maharashtra 422012, India","Maps Link":"https://maps.google.com/?cid=498943388122107574&g_mp=Cidnb29nbGUubWFwcy5wbGFjZXMudjEuUGxhY2VzLlNlYXJjaFRleHQQAhgEIAA"}},{"type":"Feature","geometry":{"type":"Point","coordinates":[73.7416264,19.9660655]},"properties":{"Taluka":"Nashik","Zone":"Satpur","Category":"Mandir / Temple","Name":"Chatrapati Shivaji Samaj Mandir","Type":"Hindu Temple","Rating":"3.8","Review Count":"5","Address":"XP8R+CMC, Mahalakshmi Nagar, MIDC Ambad, Nashik, Maharashtra 422010, India","Opening Hours":"Monday: Open 24 hours | Tuesday: Open 24 hours | Wednesday: Open 24 hours | Thursday: Open 24 hours | Friday: Open 24 hours | Saturday: Open 24 hours | Sunday: Open 24 hours","Maps Link":"https://maps.google.com/?cid=14919329405649371633&g_mp=Cidnb29nbGUubWFwcy5wbGFjZXMudjEuUGxhY2VzLlNlYXJjaFRleHQQAhgEIAA"}},{"type":"Feature","geometry":{"type":"Point","coordinates":[73.7160301,19.9887052]},"properties":{"Taluka":"Nashik","Zone":"Satpur","Category":"Mandir / Temple","Name":"Datt mandir","Type":"Hindu Temple","Rating":"4.3","Review Count":"15","Address":"Datt mandir Road, XPQ8+FCJ, Ashok Nagar Rd, Ashoknagar, Shaneshwar Nagar, Nashik, Maharashtra 422012, India","Maps Link":"https://maps.google.com/?cid=10833826268308887312&g_mp=Cidnb29nbGUubWFwcy5wbGFjZXMudjEuUGxhY2VzLlNlYXJjaFRleHQQAhgEIAA"}},{"type":"Feature","geometry":{"type":"Point","coordinates":[73.7205297,19.9697131]},"properties":{"Taluka":"Nashik","Zone":"Satpur","Category":"Mandir / Temple","Name":"Datta Mandir","Type":"Hindu Temple","Rating":"4.4","Review Count":"17","Address":"godavari nagar, Ambad Satpur Link Rd, Bhor Town Ship, Nashik, Maharashtra 422010, India","Maps Link":"https://maps.google.com/?cid=17738736967514221149&g_mp=Cidnb29nbGUubWFwcy5wbGFjZXMudjEuUGxhY2VzLlNlYXJjaFRleHQQAhgEIAA"}},{"type":"Feature","geometry":{"type":"Point","coordinates":[73.7251734,19.9515793]},"properties":{"Taluka":"Nashik","Zone":"Satpur","Category":"Mandir / Temple","Name":"Dattaguru Temple","Type":"Hindu Temple","Rating":"3.8","Review Count":"4","Address":"F-55, MIDC Ambad, Nashik, Maharashtra 422010, India","Opening Hours":"Monday: Open 24 hours | Tuesday: Open 24 hours | Wednesday: Open 24 hours | Thursday: Open 24 hours | Friday: Open 24 hours | Saturday: Open 24 hours | Sunday: Open 24 hours","Maps Link":"https://maps.google.com/?cid=13616582648068320265&g_mp=Cidnb29nbGUubWFwcy5wbGFjZXMudjEuUGxhY2VzLlNlYXJjaFRleHQQAhgEIAA"}},{"type":"Feature","geometry":{"type":"Point","coordinates":[73.7441596,19.9604233]},"properties":{"Taluka":"Nashik","Zone":"Satpur","Category":"Mandir / Temple","Name":"Devi Mandir, Devicha Mala","Type":"Hindu Temple","Rating":"5","Review Count":"1","Address":"Devi Mandir, Devicha Mala, near NMC School, Ambad Khrud, MIDC Ambad, Nashik, Maharashtra 422010, India","Opening Hours":"Monday: Open 24 hours | Tuesday: Open 24 hours | Wednesday: Open 24 hours | Thursday: Open 24 hours | Friday: Open 24 hours | Saturday: Open 24 hours | Sunday: Open 24 hours","Maps Link":"https://maps.google.com/?cid=14597832349193249384&g_mp=Cidnb29nbGUubWFwcy5wbGFjZXMudjEuUGxhY2VzLlNlYXJjaFRleHQQAhgEIAA"}},{"type":"Feature","geometry":{"type":"Point","coordinates":[73.7454925,20.0023306]},"properties":{"Taluka":"Nashik","Zone":"Satpur","Category":"Mandir / Temple","Name":"Durga Mandir Kamgarnagar","Type":"Hindu Temple","Rating":"3.8","Review Count":"4","Address":"2P2W+W5Q, Kamgar Nagar, Satpur Colony, Nashik, Maharashtra 422005, India","Maps Link":"https://maps.google.com/?cid=17602769573416454050&g_mp=Cidnb29nbGUubWFwcy5wbGFjZXMudjEuUGxhY2VzLlNlYXJjaFRleHQQAhgEIAA"}},{"type":"Feature","geometry":{"type":"Point","coordinates":[73.7555655,19.9868945]},"properties":{"Taluka":"Nashik","Zone":"Satpur","Category":"Mandir / Temple","Name":"Durga Mata Mandir, Hedgewar Nagar","Type":"Hindu Temple","Rating":"5","Review Count":"7","Address":"41, Ambad-Trimurti Chowk Link Rd, Hegadewar nagar, Savata Nagar, Nashik, Maharashtra 422008, India","Maps Link":"https://maps.google.com/?cid=15066815826215525626&g_mp=Cidnb29nbGUubWFwcy5wbGFjZXMudjEuUGxhY2VzLlNlYXJjaFRleHQQAhgEIAA"}},{"type":"Feature","geometry":{"type":"Point","coordinates":[73.763881,19.96291]},"properties":{"Taluka":"Nashik","Zone":"Satpur","Category":"Mandir / Temple","Name":"Dwarka Mai Mandir","Type":"Hindu Temple","Rating":"4.5","Review Count":"12","Address":"XQ77+5H6, Telephone Exchange Rd, Ambad, Ashwin Nagar, Nashik, Maharashtra 422009, India","Maps Link":"https://maps.google.com/?cid=10579697601122155244&g_mp=Cidnb29nbGUubWFwcy5wbGFjZXMudjEuUGxhY2VzLlNlYXJjaFRleHQQAhgEIAA"}},{"type":"Feature","geometry":{"type":"Point","coordinates":[73.722917,19.9546976]},"properties":{"Taluka":"Nashik","Zone":"Satpur","Category":"Mandir / Temple","Name":"Ekant Mahadeo Temple","Type":"Hindu Temple","Rating":"5","Review Count":"1","Address":"XP3F+V5F, Datta Nagar Road, Ambedkar Nagar, MIDC Ambad, Nashik, Maharashtra 422010, India","Maps Link":"https://maps.google.com/?cid=200205269662249071&g_mp=Cidnb29nbGUubWFwcy5wbGFjZXMudjEuUGxhY2VzLlNlYXJjaFRleHQQAhgEIAA"}},{"type":"Feature","geometry":{"type":"Point","coordinates":[73.7263538,19.9913041]},"properties":{"Taluka":"Nashik","Zone":"Satpur","Category":"Mandir / Temple","Name":"Gajanan Maharaj Mandir Satpur Colony","Type":"Hindu Temple","Rating":"4.7","Review Count":"6","Address":"442, Satpur Colony Main Rd, Shivaji Garden, MHB Colony, Satpur Colony, Nashik, Maharashtra 422007, India","Maps Link":"https://maps.google.com/?cid=2111963760949690865&g_mp=Cidnb29nbGUubWFwcy5wbGFjZXMudjEuUGxhY2VzLlNlYXJjaFRleHQQAhgEIAA"}},{"type":"Feature","geometry":{"type":"Point","coordinates":[73.750086,19.99048]},"properties":{"Taluka":"Nashik","Zone":"Satpur","Category":"Mandir / Temple","Name":"Ganpati Temple","Type":"Hindu Temple","Review Count":"0","Address":"NR P.F.Office, Bh I.T.I, Gautam Nagar, Satya Colony, Satpur Colony, Nashik, Maharashtra 422005, India","Maps Link":"https://maps.google.com/?cid=210668340138260707&g_mp=Cidnb29nbGUubWFwcy5wbGFjZXMudjEuUGxhY2VzLlNlYXJjaFRleHQQAhgEIAA"}},{"type":"Feature","geometry":{"type":"Point","coordinates":[73.7258384,19.9665997]},"properties":{"Taluka":"Nashik","Zone":"Satpur","Category":"Mandir / Temple","Name":"Ganpati Temple","Type":"Hindu Temple","Rating":"4.4","Review Count":"7","Address":"XP8G+J8P, Chunchale Gaon, Chunchale, Nashik, Maharashtra 422010, India","Opening Hours":"Monday: Open 24 hours | Tuesday: Open 24 hours | Wednesday: Open 24 hours | Thursday: Open 24 hours | Friday: Open 24 hours | Saturday: Open 24 hours | Sunday: Open 24 hours","Maps Link":"https://maps.google.com/?cid=13849479566477803346&g_mp=Cidnb29nbGUubWFwcy5wbGFjZXMudjEuUGxhY2VzLlNlYXJjaFRleHQQAhgEIAA"}},{"type":"Feature","geometry":{"type":"Point","coordinates":[73.8033531,20.0401417]},"properties":{"Taluka":"Nashik","Zone":"Satpur","Category":"Mandir / Temple","Name":"Ganpati mandir","Type":"Hindu Temple","Rating":"5","Review Count":"1","Address":"2RR3+385, Geeta Nagar, Sneha Nagar, Manora, Nashik, Maharashtra 422004, India","Maps Link":"https://maps.google.com/?cid=3682029880259019777&g_mp=Cidnb29nbGUubWFwcy5wbGFjZXMudjEuUGxhY2VzLlNlYXJjaFRleHQQAhgEIAA"}},{"type":"Feature","geometry":{"type":"Point","coordinates":[73.7532347,19.9848981]},"properties":{"Taluka":"Nashik","Zone":"Satpur","Category":"Mandir / Temple","Name":"Hanuman Mandir","Type":"Hindu Temple","Rating":"4.3","Review Count":"13","Address":"XQM3+X75, Satpur Rd, New Nashik, Shivshakti Nagar, Nashik, Maharashtra 422008, India","Maps Link":"https://maps.google.com/?cid=4944779470226647536&g_mp=Cidnb29nbGUubWFwcy5wbGFjZXMudjEuUGxhY2VzLlNlYXJjaFRleHQQAhgEIAA"}},{"type":"Feature","geometry":{"type":"Point","coordinates":[73.7168737,19.9854914]},"properties":{"Taluka":"Nashik","Zone":"Satpur","Category":"Mandir / Temple","Name":"Hanuman Mandir","Type":"Hindu Temple","Rating":"4.4","Review Count":"7","Address":"XPP8+5PX, Ashoknagar, Shaneshwar Nagar, Nashik, Maharashtra 422007, India","Opening Hours":"Monday: 5:00 AM – 10:30 PM | Tuesday: 5:00 AM – 10:30 PM | Wednesday: 5:00 AM – 10:30 PM | Thursday: 5:00 AM – 10:30 PM | Friday: 5:00 AM – 10:30 PM | Saturday: 5:00 AM – 10:30 PM | Sunday: 5:00 AM – 10:30 PM","Maps Link":"https://maps.google.com/?cid=7251663152561852253&g_mp=Cidnb29nbGUubWFwcy5wbGFjZXMudjEuUGxhY2VzLlNlYXJjaFRleHQQAhgEIAA"}},{"type":"Feature","geometry":{"type":"Point","coordinates":[73.7458928,19.9614037]},"properties":{"Taluka":"Nashik","Zone":"Satpur","Category":"Mandir / Temple","Name":"Hanuman Mandir","Type":"Place of Worship","Rating":"4.7","Review Count":"3","Address":"XP6W+H96, Hanuman Chowk,Ambad Chowk, Ambad Village, Nashik, Maharashtra 422010, India","Maps Link":"https://maps.google.com/?cid=965634279091902551&g_mp=Cidnb29nbGUubWFwcy5wbGFjZXMudjEuUGxhY2VzLlNlYXJjaFRleHQQAhgEIAA"}},{"type":"Feature","geometry":{"type":"Point","coordinates":[73.7440958,19.9683602]},"properties":{"Taluka":"Nashik","Zone":"Satpur","Category":"Mandir / Temple","Name":"Hanuman Mandir Garden Vanshree Colony (Dhanaji lagad Udyan)","Type":"Park","Rating":"5","Review Count":"5","Address":"XP9V+8JX, Mahalakshmi Nagar, MIDC Ambad, Nashik, Maharashtra 422010, India","Opening Hours":"Monday: 5:00 AM – 10:00 PM | Tuesday: 5:00 AM – 10:00 PM | Wednesday: 5:00 AM – 10:00 PM | Thursday: 5:00 AM – 10:00 PM | Friday: 5:00 AM – 10:00 PM | Saturday: 5:00 AM – 10:00 PM | Sunday: 5:00 AM – 10:00 PM","Maps Link":"https://maps.google.com/?cid=11009679676781875527&g_mp=Cidnb29nbGUubWFwcy5wbGFjZXMudjEuUGxhY2VzLlNlYXJjaFRleHQQAhgEIAA"}},{"type":"Feature","geometry":{"type":"Point","coordinates":[73.7452219,19.9934118]},"properties":{"Taluka":"Nashik","Zone":"Satpur","Category":"Mandir / Temple","Name":"Hanuman Temple","Type":"Hindu Temple","Rating":"4.9","Review Count":"7","Address":"XPVW+939, MIDC, Satpur Colony, Nashik, Maharashtra 422005, India","Maps Link":"https://maps.google.com/?cid=3354966566619918&g_mp=Cidnb29nbGUubWFwcy5wbGFjZXMudjEuUGxhY2VzLlNlYXJjaFRleHQQAhgEIAA"}},{"type":"Feature","geometry":{"type":"Point","coordinates":[73.7337656,19.9896875]},"properties":{"Taluka":"Nashik","Zone":"Satpur","Category":"Mandir / Temple","Name":"Hindu Temple Satpur","Type":"Hindu Temple","Rating":"4.6","Review Count":"17","Address":"XPQM+VGC, Satpur Gaon, Satpur Colony, Nashik, Maharashtra 422007, India","Opening Hours":"Monday: 6:00 AM – 8:00 PM | Tuesday: 6:00 AM – 8:00 PM | Wednesday: 6:00 AM – 8:00 PM | Thursday: 6:00 AM – 8:00 PM | Friday: 6:00 AM – 8:00 PM | Saturday: 6:00 AM – 8:00 PM | Sunday: 6:00 AM – 8:00 PM","Maps Link":"https://maps.google.com/?cid=225545368975431347&g_mp=Cidnb29nbGUubWFwcy5wbGFjZXMudjEuUGxhY2VzLlNlYXJjaFRleHQQAhgEIAA"}},{"type":"Feature","geometry":{"type":"Point","coordinates":[73.72142,20.011741]},"properties":{"Taluka":"Nashik","Zone":"Satpur","Category":"Mandir / Temple","Name":"Icchapurti Shree Sainath Mandir Seva Mandal","Type":"Hindu Temple","Rating":"3.8","Review Count":"8","Address":"2P6C+MHV, Near Canal Road, Dhurav Nagar, Satpur Colony, Nashik, Maharashtra 422012, India","Maps Link":"https://maps.google.com/?cid=9291301280918361984&g_mp=Cidnb29nbGUubWFwcy5wbGFjZXMudjEuUGxhY2VzLlNlYXJjaFRleHQQAhgEIAA"}},{"type":"Feature","geometry":{"type":"Point","coordinates":[73.7509562,19.960349]},"properties":{"Taluka":"Nashik","Zone":"Satpur","Category":"Mandir / Temple","Name":"Ichha purti Ganesh Mandir","Type":"Hindu Temple","Rating":"5","Review Count":"1","Address":"XQ62+49P, Flora Town, MIDC Ambad, Nashik, Maharashtra 422010, India","Maps Link":"https://maps.google.com/?cid=11241695912171428019&g_mp=Cidnb29nbGUubWFwcy5wbGFjZXMudjEuUGxhY2VzLlNlYXJjaFRleHQQAhgEIAA"}},{"type":"Feature","geometry":{"type":"Point","coordinates":[73.7231024,19.9398541]},"properties":{"Taluka":"Nashik","Zone":"Satpur","Category":"Mandir / Temple","Name":"Jay Hanuman Mandir Bajrangvadi Vilovli Nashik","Type":"Hindu Temple","Rating":"5","Review Count":"1","Address":"WPQF+W6X, Unnamed Road, MIDC Ambad, Vilholi, Maharashtra 422010, India","Maps Link":"https://maps.google.com/?cid=7846830459711538457&g_mp=Cidnb29nbGUubWFwcy5wbGFjZXMudjEuUGxhY2VzLlNlYXJjaFRleHQQAhgEIAA"}},{"type":"Feature","geometry":{"type":"Point","coordinates":[73.7537926,19.9629832]},"properties":{"Taluka":"Nashik","Zone":"Satpur","Category":"Mandir / Temple","Name":"Jay Malhar Temple","Type":"Hindu Temple","Rating":"5","Review Count":"1","Address":"XQ73+5GV, Saigram Nagar, Upendra Nagar Colony, Nashik, Maharashtra 422010, India","Maps Link":"https://maps.google.com/?cid=2219829741514988776&g_mp=Cidnb29nbGUubWFwcy5wbGFjZXMudjEuUGxhY2VzLlNlYXJjaFRleHQQAhgEIAA"}},{"type":"Feature","geometry":{"type":"Point","coordinates":[73.7615894,19.9716257]},"properties":{"Taluka":"Nashik","Zone":"Satpur","Category":"Mandir / Temple","Name":"Jay Santoshi Mata Mandir","Type":"Hindu Temple","Rating":"4.8","Review Count":"5","Address":"XQC6+MJ4, Near Datta Chowk, Laxmi Nagar, Cidco, Nashik, Maharashtra 422009, India","Maps Link":"https://maps.google.com/?cid=15005467983106378841&g_mp=Cidnb29nbGUubWFwcy5wbGFjZXMudjEuUGxhY2VzLlNlYXJjaFRleHQQAhgEIAA"}},{"type":"Feature","geometry":{"type":"Point","coordinates":[73.7323537,19.9439536]},"properties":{"Taluka":"Nashik","Zone":"Satpur","Category":"Mandir / Temple","Name":"Kali Temple","Type":"Hindu Temple","Review Count":"0","Address":"H-143/2, MIDC Ambad, Nashik, Maharashtra 422010, India","Opening Hours":"Monday: 6:00 – 9:00 AM, 5:00 – 6:00 PM | Tuesday: 6:00 – 9:00 AM, 5:00 – 6:00 PM | Wednesday: 6:00 – 9:00 AM, 5:00 – 6:00 PM | Thursday: 6:00 – 9:00 AM, 5:00 – 6:00 PM | Friday: 6:00 – 9:00 AM, 5:00 – 6:00 PM | Saturday: 6:00 – 9:00 AM, 5:00 – 6:00 PM | Sunday: 6:00 – 9:00 AM, 5:00 – 6:00 PM","Maps Link":"https://maps.google.com/?cid=13774007070801656567&g_mp=Cidnb29nbGUubWFwcy5wbGFjZXMudjEuUGxhY2VzLlNlYXJjaFRleHQQAhgEIAA"}},{"type":"Feature","geometry":{"type":"Point","coordinates":[73.7631314,19.9710484]},"properties":{"Taluka":"Nashik","Zone":"Satpur","Category":"Mandir / Temple","Name":"Kalika Mata Mandir","Type":"Hindu Temple","Rating":"4.3","Review Count":"25","Address":"Laxmi Nagar, Prabhat Colony, Nashik, Maharashtra 422009, India","Maps Link":"https://maps.google.com/?cid=5597178348970761214&g_mp=Cidnb29nbGUubWFwcy5wbGFjZXMudjEuUGxhY2VzLlNlYXJjaFRleHQQAhgEIAA"}},{"type":"Feature","geometry":{"type":"Point","coordinates":[73.7323483,19.9439501]},"properties":{"Taluka":"Nashik","Zone":"Satpur","Category":"Mandir / Temple","Name":"Kalika Mata Mandir Shanti nagar","Type":"Hindu Temple","Rating":"3","Review Count":"2","Address":"AH47, Shanti Nagar, MIDC Ambad, Nashik, Maharashtra 422010, India","Maps Link":"https://maps.google.com/?cid=12689183085703893169&g_mp=Cidnb29nbGUubWFwcy5wbGFjZXMudjEuUGxhY2VzLlNlYXJjaFRleHQQAhgEIAA"}},{"type":"Feature","geometry":{"type":"Point","coordinates":[73.7454038,19.9616391]},"properties":{"Taluka":"Nashik","Zone":"Satpur","Category":"Mandir / Temple","Name":"Kanifnath Temple","Type":"Place of Worship","Rating":"4.2","Review Count":"14","Address":"XP6W+M52, M.N.P School,Ambad Chowk, Ambad Village, Nashik, Maharashtra 422010, India","Maps Link":"https://maps.google.com/?cid=478379441214777117&g_mp=Cidnb29nbGUubWFwcy5wbGFjZXMudjEuUGxhY2VzLlNlYXJjaFRleHQQAhgEIAA"}},{"type":"Feature","geometry":{"type":"Point","coordinates":[73.7705755,19.964112]},"properties":{"Taluka":"Nashik","Zone":"Satpur","Category":"Mandir / Temple","Name":"Krishna Temple","Type":"Hindu Temple","Rating":"4.5","Review Count":"51","Address":"XQ7C+J6W, Chetana nagar, Rane Nagar, Nashik, Maharashtra 422009, India","Maps Link":"https://maps.google.com/?cid=6459748646753295639&g_mp=Cidnb29nbGUubWFwcy5wbGFjZXMudjEuUGxhY2VzLlNlYXJjaFRleHQQAhgEIAA"}},{"type":"Feature","geometry":{"type":"Point","coordinates":[73.7096485,20.0136963]},"properties":{"Taluka":"Nashik","Zone":"Satpur","Category":"Mandir / Temple","Name":"Kuber bhandari Mhadav temple shivaji nagar","Type":"Hindu Temple","Rating":"5","Review Count":"1","Address":"2P75+FVC, Shivaji Nagar, Satpur Colony, Nashik, Maharashtra 422012, India","Maps Link":"https://maps.google.com/?cid=8223642355188413355&g_mp=Cidnb29nbGUubWFwcy5wbGFjZXMudjEuUGxhY2VzLlNlYXJjaFRleHQQAhgEIAA"}},{"type":"Feature","geometry":{"type":"Point","coordinates":[73.7211763,19.9903444]},"properties":{"Taluka":"Nashik","Zone":"Satpur","Category":"Mandir / Temple","Name":"Lalbagcha Raja Ganesh Mandir","Type":"Hindu Temple","Rating":"4","Review Count":"11","Address":"XPRC+4FM, MHB Colony, Satpur Colony, Nashik, Maharashtra 422007, India","Opening Hours":"Monday: Open 24 hours | Tuesday: Open 24 hours | Wednesday: Open 24 hours | Thursday: Open 24 hours | Friday: Open 24 hours | Saturday: Open 24 hours | Sunday: Open 24 hours","Maps Link":"https://maps.google.com/?cid=8557316360352024558&g_mp=Cidnb29nbGUubWFwcy5wbGFjZXMudjEuUGxhY2VzLlNlYXJjaFRleHQQAhgEIAA"}},{"type":"Feature","geometry":{"type":"Point","coordinates":[73.7231794,19.990535]},"properties":{"Taluka":"Nashik","Zone":"Satpur","Category":"Mandir / Temple","Name":"M.N.C. Samaj Mandir","Type":"Hindu Temple","Rating":"4.7","Review Count":"6","Address":"XPRF+677, Ashok Nagar Rd, Near New Water Tank, MHB Colony, Satpur Colony, Nashik, Maharashtra 422007, India","Maps Link":"https://maps.google.com/?cid=17222084787725006001&g_mp=Cidnb29nbGUubWFwcy5wbGFjZXMudjEuUGxhY2VzLlNlYXJjaFRleHQQAhgEIAA"}},{"type":"Feature","geometry":{"type":"Point","coordinates":[73.7146549,20.008028]},"properties":{"Taluka":"Nashik","Zone":"Satpur","Category":"Mandir / Temple","Name":"Mahadev Mandir","Type":"Hindu Temple","Rating":"4.5","Review Count":"15","Address":"2P57+6V6, Ahilyabai Holker Garden, Shivaji Nagar, Satpur Colony, Nashik, Maharashtra 422012, India","Maps Link":"https://maps.google.com/?cid=15472302553013288257&g_mp=Cidnb29nbGUubWFwcy5wbGFjZXMudjEuUGxhY2VzLlNlYXJjaFRleHQQAhgEIAA"}},{"type":"Feature","geometry":{"type":"Point","coordinates":[73.7161892,19.9862712]},"properties":{"Taluka":"Nashik","Zone":"Satpur","Category":"Mandir / Temple","Name":"Mahadev Mandir","Type":"Hindu Temple","Rating":"4.9","Review Count":"7","Address":"XPP8+GF4, Ashoknagar, Shaneshwar Nagar, Nashik, Maharashtra 422007, India","Opening Hours":"Monday: 7:00 AM – 9:00 PM | Tuesday: 7:00 AM – 9:00 PM | Wednesday: 7:00 AM – 9:00 PM | Thursday: 7:00 AM – 9:00 PM | Friday: 7:00 AM – 9:00 PM | Saturday: 7:00 AM – 9:00 PM | Sunday: 7:00 AM – 9:00 PM","Maps Link":"https://maps.google.com/?cid=12121469356687878859&g_mp=Cidnb29nbGUubWFwcy5wbGFjZXMudjEuUGxhY2VzLlNlYXJjaFRleHQQAhgEIAA"}},{"type":"Feature","geometry":{"type":"Point","coordinates":[73.7430467,19.9658808]},"properties":{"Taluka":"Nashik","Zone":"Satpur","Category":"Mandir / Temple","Name":"Mahadev Temple","Type":"Hindu Temple","Rating":"3.6","Review Count":"8","Address":"XP8V+963, Swami Nagar, Swarbaba Nagar, Mahalakshmi Nagar, MIDC Ambad, Nashik, Maharashtra 422010, India","Maps Link":"https://maps.google.com/?cid=3547619733587628197&g_mp=Cidnb29nbGUubWFwcy5wbGFjZXMudjEuUGxhY2VzLlNlYXJjaFRleHQQAhgEIAA"}},{"type":"Feature","geometry":{"type":"Point","coordinates":[73.7183769,19.989531]},"properties":{"Taluka":"Nashik","Zone":"Satpur","Category":"Mandir / Temple","Name":"Maharudra Hanuman Mandir","Type":"Hindu Temple","Rating":"4.8","Review Count":"6","Address":"XPQ9+R96, बळवंत नगर, सावरकर नगर, सातपूर कॉलनी, सातपूर, नाशिक, महाराष्ट्र 422012, India","Maps Link":"https://maps.google.com/?cid=11820353619568118047&g_mp=Cidnb29nbGUubWFwcy5wbGFjZXMudjEuUGxhY2VzLlNlYXJjaFRleHQQAhgEIAA"}},{"type":"Feature","geometry":{"type":"Point","coordinates":[73.7426372,19.9671824]},"properties":{"Taluka":"Nashik","Zone":"Satpur","Category":"Mandir / Temple","Name":"Mandir","Type":"Hindu Temple","Review Count":"0","Address":"XP8V+V3C, Mahalakshmi Nagar, MIDC Ambad, Nashik, Maharashtra 422010, India","Maps Link":"https://maps.google.com/?cid=42569678908640058&g_mp=Cidnb29nbGUubWFwcy5wbGFjZXMudjEuUGxhY2VzLlNlYXJjaFRleHQQAhgEIAA"}},{"type":"Feature","geometry":{"type":"Point","coordinates":[73.7417951,19.9432901]},"properties":{"Taluka":"Nashik","Zone":"Satpur","Category":"Mandir / Temple","Name":"Mangirbaba Mandir","Type":"Hindu Temple","Rating":"4.6","Review Count":"7","Address":"WPVR+8P7, MIDC Ambad, Nashik, Maharashtra 422010, India","Maps Link":"https://maps.google.com/?cid=17106837521711484578&g_mp=Cidnb29nbGUubWFwcy5wbGFjZXMudjEuUGxhY2VzLlNlYXJjaFRleHQQAhgEIAA"}},{"type":"Feature","geometry":{"type":"Point","coordinates":[73.7290978,20.0040198]},"properties":{"Taluka":"Nashik","Zone":"Satpur","Category":"Mandir / Temple","Name":"Maruti Mandir","Type":"Hindu Temple","Rating":"4.4","Review Count":"9","Address":"2P3H+JJ5, Someshwar Colony, Satpur Colony, Nashik, Maharashtra 422007, India","Maps Link":"https://maps.google.com/?cid=3686248272322437325&g_mp=Cidnb29nbGUubWFwcy5wbGFjZXMudjEuUGxhY2VzLlNlYXJjaFRleHQQAhgEIAA"}},{"type":"Feature","geometry":{"type":"Point","coordinates":[73.7337394,19.9897749]},"properties":{"Taluka":"Nashik","Zone":"Satpur","Category":"Mandir / Temple","Name":"Maruti Mandir Satpur gaon","Type":"Hindu Temple","Review Count":"0","Address":"Bhandure Ln, Satpur Gaon, Satpur Colony, Nashik, Maharashtra 422007, India","Opening Hours":"Monday: 6:00 AM – 8:00 PM | Tuesday: 6:00 AM – 8:00 PM | Wednesday: 6:00 AM – 8:00 PM | Thursday: 6:00 AM – 8:00 PM | Friday: 6:00 AM – 8:00 PM | Saturday: 6:00 AM – 8:00 PM | Sunday: 6:00 AM – 8:00 PM","Maps Link":"https://maps.google.com/?cid=17647199664488385850&g_mp=Cidnb29nbGUubWFwcy5wbGFjZXMudjEuUGxhY2VzLlNlYXJjaFRleHQQAhgEIAA"}},{"type":"Feature","geometry":{"type":"Point","coordinates":[73.7346304,20.0067241]},"properties":{"Taluka":"Nashik","Zone":"Satpur","Category":"Mandir / Temple","Name":"Maruti Mandir, Sadguru Nagar","Type":"Hindu Temple","Rating":"4.4","Review Count":"17","Address":"2P4M+MVJ, Sadguru Nagar, Satpur Colony, Nashik, Maharashtra 422007, India","Maps Link":"https://maps.google.com/?cid=5492987979473417252&g_mp=Cidnb29nbGUubWFwcy5wbGFjZXMudjEuUGxhY2VzLlNlYXJjaFRleHQQAhgEIAA"}},{"type":"Feature","geometry":{"type":"Point","coordinates":[73.7487182,19.9838907]},"properties":{"Taluka":"Nashik","Zone":"Satpur","Category":"Mandir / Temple","Name":"Mhasoba Maharaj Temple","Type":"Hindu Temple","Rating":"4.3","Review Count":"6","Address":"XPMX+HF4, ITI Ambad Rd, Pandav Nagari, Kamathwade Shiwar, Nashik, Maharashtra 422008, India","Maps Link":"https://maps.google.com/?cid=7650706380570543456&g_mp=Cidnb29nbGUubWFwcy5wbGFjZXMudjEuUGxhY2VzLlNlYXJjaFRleHQQAhgEIAA"}},{"type":"Feature","geometry":{"type":"Point","coordinates":[73.7174554,20.0019566]},"properties":{"Taluka":"Nashik","Zone":"Satpur","Category":"Mandir / Temple","Name":"Mhasoba Temple","Type":"Hindu Temple","Rating":"4.3","Review Count":"9","Address":"2P28+QXP, MIDC, Satpur Colony, Nashik, Maharashtra 422012, India","Maps Link":"https://maps.google.com/?cid=13579036925177731445&g_mp=Cidnb29nbGUubWFwcy5wbGFjZXMudjEuUGxhY2VzLlNlYXJjaFRleHQQAhgEIAA"}},{"type":"Feature","geometry":{"type":"Point","coordinates":[73.7462841,20.0016988]},"properties":{"Taluka":"Nashik","Zone":"Satpur","Category":"Mandir / Temple","Name":"Modakeshwar Ganapti mandir. Ganesh chauk. Kamgar Nagar","Type":"Hindu Temple","Rating":"5","Review Count":"3","Address":"Modakeshwar Ganapti mandir. Ganesh chauk, 2P2W+MGF, Kamgar Nagar, Satpur Colony, Nashik, Maharashtra 422005, India","Maps Link":"https://maps.google.com/?cid=7345120023452404868&g_mp=Cidnb29nbGUubWFwcy5wbGFjZXMudjEuUGxhY2VzLlNlYXJjaFRleHQQAhgEIAA"}},{"type":"Feature","geometry":{"type":"Point","coordinates":[73.7170758,20.0144214]},"properties":{"Taluka":"Nashik","Zone":"Satpur","Category":"Mandir / Temple","Name":"Moraya Ganapati Mandir","Type":"Hindu Temple","Review Count":"0","Address":"2P78+QR8, Dhruv Nagar, Dhurav Nagar, Satpur Colony, Nashik, Maharashtra 422012, India","Maps Link":"https://maps.google.com/?cid=17826699533894056381&g_mp=Cidnb29nbGUubWFwcy5wbGFjZXMudjEuUGxhY2VzLlNlYXJjaFRleHQQAhgEIAA"}},{"type":"Feature","geometry":{"type":"Point","coordinates":[73.7419268,19.9974834]},"properties":{"Taluka":"Nashik","Zone":"Satpur","Category":"Mandir / Temple","Name":"Neelay Dakshin Mukhi Maruti Mandir","Type":"Hindu Temple","Rating":"4.4","Review Count":"25","Address":"XPWR+XQV, opposite neelay inustries, NICE Area, MIDC, Satpur Colony, Nashik, Maharashtra 422007, India","Maps Link":"https://maps.google.com/?cid=5247518891134456224&g_mp=Cidnb29nbGUubWFwcy5wbGFjZXMudjEuUGxhY2VzLlNlYXJjaFRleHQQAhgEIAA"}},{"type":"Feature","geometry":{"type":"Point","coordinates":[73.7070736,19.9896785]},"properties":{"Taluka":"Nashik","Zone":"Satpur","Category":"Mandir / Temple","Name":"Nilkantheshwar Mahadev Mandir","Type":"Hindu Temple","Rating":"4.8","Review Count":"35","Address":"XPQ4+VRG, Ashoknagar, Satpur Colony, Nashik, Maharashtra 422012, India","Opening Hours":"Monday: 6:00 AM – 9:00 PM | Tuesday: 6:00 AM – 9:00 PM | Wednesday: 6:00 AM – 9:00 PM | Thursday: 6:00 AM – 9:00 PM | Friday: 6:00 AM – 9:00 PM | Saturday: 6:00 AM – 9:00 PM | Sunday: 6:00 AM – 9:00 PM","Maps Link":"https://maps.google.com/?cid=13181664888651235591&g_mp=Cidnb29nbGUubWFwcy5wbGFjZXMudjEuUGxhY2VzLlNlYXJjaFRleHQQAhgEIAA"}},{"type":"Feature","geometry":{"type":"Point","coordinates":[73.737406,20.006344]},"properties":{"Taluka":"Nashik","Zone":"Satpur","Category":"Mandir / Temple","Name":"Pawan Ganpati Mandir","Type":"Hindu Temple","Rating":"3.8","Review Count":"29","Address":"16, Ganesh Nagar, Satpur Colony, Nashik, Maharashtra 422007, India","Maps Link":"https://maps.google.com/?cid=962331815212951973&g_mp=Cidnb29nbGUubWFwcy5wbGFjZXMudjEuUGxhY2VzLlNlYXJjaFRleHQQAhgEIAA"}},{"type":"Feature","geometry":{"type":"Point","coordinates":[73.7601533,19.9722605]},"properties":{"Taluka":"Nashik","Zone":"Satpur","Category":"Mandir / Temple","Name":"Pimpleshwar Mahadev Temple Chowk","Type":"Hindu Temple","Rating":"5","Review Count":"5","Address":"N 41-A-C-D-1-20-2, Saibaba Nagar, Cidco, Nashik, Maharashtra 422009, India","Opening Hours":"Monday: Open 24 hours | Tuesday: Open 24 hours | Wednesday: Open 24 hours | Thursday: Open 24 hours | Friday: Open 24 hours | Saturday: Open 24 hours | Sunday: Open 24 hours","Maps Link":"https://maps.google.com/?cid=11142203917228531629&g_mp=Cidnb29nbGUubWFwcy5wbGFjZXMudjEuUGxhY2VzLlNlYXJjaFRleHQQAhgEIAA"}},{"type":"Feature","geometry":{"type":"Point","coordinates":[73.7316936,19.990253]},"properties":{"Taluka":"Nashik","Zone":"Satpur","Category":"Mandir / Temple","Name":"Prachin Vetal Baba Mandir","Type":"Place of Worship","Rating":"2","Review Count":"2","Address":"XPRJ+4M4, Trambakeshwar Rd, Mahadevwadi, MIDC, Satpur Colony, Nashik, Maharashtra 422007, India","Maps Link":"https://maps.google.com/?cid=15886686506095848325&g_mp=Cidnb29nbGUubWFwcy5wbGFjZXMudjEuUGxhY2VzLlNlYXJjaFRleHQQAhgEIAA"}},{"type":"Feature","geometry":{"type":"Point","coordinates":[73.7409773,19.9679077]},"properties":{"Taluka":"Nashik","Zone":"Satpur","Category":"Mandir / Temple","Name":"Radha Krishna Mandir","Type":"Hindu Temple","Rating":"4.8","Review Count":"8","Address":"XP9R+599, Krishna Nagar, MIDC Ambad, Nashik, Maharashtra 422010, India","Maps Link":"https://maps.google.com/?cid=18409398463157933099&g_mp=Cidnb29nbGUubWFwcy5wbGFjZXMudjEuUGxhY2VzLlNlYXJjaFRleHQQAhgEIAA"}},{"type":"Feature","geometry":{"type":"Point","coordinates":[73.7040196,19.9913868]},"properties":{"Taluka":"Nashik","Zone":"Satpur","Category":"Mandir / Temple","Name":"Radha Krushna Mandir","Type":"Hindu Temple","Rating":"4.1","Review Count":"57","Address":"XPR3+HJ2, Radhakrushan Nagar, Ashoknagar, Satpur Colony, Nashik, Maharashtra 422012, India","Maps Link":"https://maps.google.com/?cid=2674363579621044872&g_mp=Cidnb29nbGUubWFwcy5wbGFjZXMudjEuUGxhY2VzLlNlYXJjaFRleHQQAhgEIAA"}},{"type":"Feature","geometry":{"type":"Point","coordinates":[73.723022,20.0142089]},"properties":{"Taluka":"Nashik","Zone":"Satpur","Category":"Mandir / Temple","Name":"Ram Mandir","Type":"Hindu Temple","Rating":"4.2","Review Count":"12","Phone":"095276 18773","Address":"2P7F+M6J, Dhurav Nagar, Satpur Colony, Nashik, Maharashtra 422012, India","Maps Link":"https://maps.google.com/?cid=3653736785819767244&g_mp=Cidnb29nbGUubWFwcy5wbGFjZXMudjEuUGxhY2VzLlNlYXJjaFRleHQQAhgEIAA"}},{"type":"Feature","geometry":{"type":"Point","coordinates":[73.7442289,19.9651207]},"properties":{"Taluka":"Nashik","Zone":"Satpur","Category":"Mandir / Temple","Name":"Ram temple","Type":"Hindu Temple","Rating":"3.3","Review Count":"3","Address":"XP8V+2MX, Swami Nagar, Swarbaba Nagar, Mahalakshmi Nagar, MIDC Ambad, Nashik, Maharashtra 422010, India","Maps Link":"https://maps.google.com/?cid=411270866288672759&g_mp=Cidnb29nbGUubWFwcy5wbGFjZXMudjEuUGxhY2VzLlNlYXJjaFRleHQQAhgEIAA"}},{"type":"Feature","geometry":{"type":"Point","coordinates":[73.7040142,20.0008028]},"properties":{"Taluka":"Nashik","Zone":"Satpur","Category":"Mandir / Temple","Name":"Rameshwar Mahadev Mandir (Garden)","Type":"Hindu Temple","Rating":"5","Review Count":"3","Address":"Rameshwar Nagar, Gangasagar Nagar, 2P23+8JC, near Shramik Nagar, Satpur Colony, Nashik, Maharashtra 422012, India","Maps Link":"https://maps.google.com/?cid=5925922263488291030&g_mp=Cidnb29nbGUubWFwcy5wbGFjZXMudjEuUGxhY2VzLlNlYXJjaFRleHQQAhgEIAA"}},{"type":"Feature","geometry":{"type":"Point","coordinates":[73.7231013,19.9965414]},"properties":{"Taluka":"Nashik","Zone":"Satpur","Category":"Mandir / Temple","Name":"SADGURU KANIFNATH TEMPLE","Type":"Place of Worship","Rating":"5","Review Count":"2","Address":"near Mahindra and Mahindra, Prabudha Nagar, Satpur Colony, Nashik, Maharashtra 422007, India","Maps Link":"https://maps.google.com/?cid=13317782310063565971&g_mp=Cidnb29nbGUubWFwcy5wbGFjZXMudjEuUGxhY2VzLlNlYXJjaFRleHQQAhgEIAA"}},{"type":"Feature","geometry":{"type":"Point","coordinates":[73.7204913,20.0042287]},"properties":{"Taluka":"Nashik","Zone":"Satpur","Category":"Mandir / Temple","Name":"SATMAULI DEVI MANDIR","Type":"Hindu Temple","Rating":"4.5","Review Count":"4","Address":"F-35, MIDC, Satpur Colony, Nashik, Maharashtra 422012, India","Maps Link":"https://maps.google.com/?cid=3604975836871748061&g_mp=Cidnb29nbGUubWFwcy5wbGFjZXMudjEuUGxhY2VzLlNlYXJjaFRleHQQAhgEIAA"}},{"type":"Feature","geometry":{"type":"Point","coordinates":[73.7705528,19.9680018]},"properties":{"Taluka":"Nashik","Zone":"Satpur","Category":"Mandir / Temple","Name":"Sai Baba Temple","Type":"Hindu Temple","Rating":"4.6","Review Count":"1030","Address":"N-3/M/43, Old Cidco, Shanti Nagar, Lekha Nagar, Nashik, Maharashtra 422009, India","Maps Link":"https://maps.google.com/?cid=9341407232992162677&g_mp=Cidnb29nbGUubWFwcy5wbGFjZXMudjEuUGxhY2VzLlNlYXJjaFRleHQQAhgEIAA"}},{"type":"Feature","geometry":{"type":"Point","coordinates":[73.7638775,19.9705225]},"properties":{"Taluka":"Nashik","Zone":"Satpur","Category":"Mandir / Temple","Name":"Sant Namdev Vitthal Mandir ( Bhawan )","Type":"Hindu Temple","Rating":"4","Review Count":"27","Address":"Shree Vitthal Rukmini Datt Mandir, N32-R-3-40-1, Shri Ram Colony, Nashik, Maharashtra 422009, India","Maps Link":"https://maps.google.com/?cid=10021553286872791563&g_mp=Cidnb29nbGUubWFwcy5wbGFjZXMudjEuUGxhY2VzLlNlYXJjaFRleHQQAhgEIAA"}},{"type":"Feature","geometry":{"type":"Point","coordinates":[73.7068301,20.008862]},"properties":{"Taluka":"Nashik","Zone":"Satpur","Category":"Mandir / Temple","Name":"Saptashrungi Mata Mandir","Type":"Hindu Temple","Rating":"4.6","Review Count":"63","Address":"2P54+GPW, Shivaji Nagar, Satpur Colony, Nashik, Maharashtra 422012, India","Maps Link":"https://maps.google.com/?cid=14910604243924441140&g_mp=Cidnb29nbGUubWFwcy5wbGFjZXMudjEuUGxhY2VzLlNlYXJjaFRleHQQAhgEIAA"}},{"type":"Feature","geometry":{"type":"Point","coordinates":[73.7567569,19.968673]},"properties":{"Taluka":"Nashik","Zone":"Satpur","Category":"Mandir / Temple","Name":"Saptashrungi Mata Mandir","Type":"Hindu Temple","Rating":"4.8","Review Count":"11","Address":"XQ94+FP6, Prerna Chowk, Uttam Nagar, Nashik, Maharashtra 422008, India","Maps Link":"https://maps.google.com/?cid=13323986710707986516&g_mp=Cidnb29nbGUubWFwcy5wbGFjZXMudjEuUGxhY2VzLlNlYXJjaFRleHQQAhgEIAA"}},{"type":"Feature","geometry":{"type":"Point","coordinates":[73.7154434,19.9878703]},"properties":{"Taluka":"Nashik","Zone":"Satpur","Category":"Mandir / Temple","Name":"Saptshrungi Temple","Type":"Hindu Temple","Rating":"3.9","Review Count":"15","Phone":"091301 53025","Address":"XPQ8+45W, Ashoknagar, Shaneshwar Nagar, Nashik, Maharashtra 422007, India","Maps Link":"https://maps.google.com/?cid=5223598159704738624&g_mp=Cidnb29nbGUubWFwcy5wbGFjZXMudjEuUGxhY2VzLlNlYXJjaFRleHQQAhgEIAA"}},{"type":"Feature","geometry":{"type":"Point","coordinates":[73.7105249,19.9945376]},"properties":{"Taluka":"Nashik","Zone":"Satpur","Category":"Mandir / Temple","Name":"Satmauli Temple","Type":"Hindu Temple","Rating":"4.3","Review Count":"101","Phone":"070281 72802","Address":"Shop 1, Satmauli Mandir Satmauli Mandir, Shramik Nagar, Nashik, Maharashtra 422012, India","Opening Hours":"Monday: 7:00 AM – 10:00 PM | Tuesday: 7:00 AM – 10:00 PM | Wednesday: 7:00 AM – 10:00 PM | Thursday: 7:00 AM – 10:00 PM | Friday: 7:00 AM – 10:00 PM | Saturday: 7:00 AM – 10:00 PM | Sunday: 7:00 AM – 10:00 PM","Maps Link":"https://maps.google.com/?cid=15394413924660994025&g_mp=Cidnb29nbGUubWFwcy5wbGFjZXMudjEuUGxhY2VzLlNlYXJjaFRleHQQAhgEIAA"}},{"type":"Feature","geometry":{"type":"Point","coordinates":[73.71038,19.9998265]},"properties":{"Taluka":"Nashik","Zone":"Satpur","Category":"Mandir / Temple","Name":"Sevalal Temple Satpur","Type":"Hindu Temple","Rating":"5","Review Count":"3","Address":"XPX6+W5J, Shramik Nagar, Nashik, Maharashtra 422012, India","Opening Hours":"Monday: Open 24 hours | Tuesday: Open 24 hours | Wednesday: Open 24 hours | Thursday: Open 24 hours | Friday: Open 24 hours | Saturday: Open 24 hours | Sunday: Open 24 hours","Maps Link":"https://maps.google.com/?cid=2458162906266860160&g_mp=Cidnb29nbGUubWFwcy5wbGFjZXMudjEuUGxhY2VzLlNlYXJjaFRleHQQAhgEIAA"}},{"type":"Feature","geometry":{"type":"Point","coordinates":[73.7342423,19.9897806]},"properties":{"Taluka":"Nashik","Zone":"Satpur","Category":"Mandir / Temple","Name":"Shani Mandir","Type":"Hindu Temple","Rating":"4.4","Review Count":"25","Address":"XPQM+WM9, Mali Ln, Satpur Gaon, Satpur Colony, Nashik, Maharashtra 422007, India","Maps Link":"https://maps.google.com/?cid=16096831277039236065&g_mp=Cidnb29nbGUubWFwcy5wbGFjZXMudjEuUGxhY2VzLlNlYXJjaFRleHQQAhgEIAA"}},{"type":"Feature","geometry":{"type":"Point","coordinates":[73.7072338,20.0104116]},"properties":{"Taluka":"Nashik","Zone":"Satpur","Category":"Mandir / Temple","Name":"Shani Mandir","Type":"Hindu Temple","Rating":"3.4","Review Count":"9","Address":"2P64+5V9, Unnamed Road, Shivaji Nagar, Satpur Colony, Nashik, Maharashtra 422012, India","Maps Link":"https://maps.google.com/?cid=10090254272986735913&g_mp=Cidnb29nbGUubWFwcy5wbGFjZXMudjEuUGxhY2VzLlNlYXJjaFRleHQQAhgEIAA"}},{"type":"Feature","geometry":{"type":"Point","coordinates":[73.7571859,19.975915]},"properties":{"Taluka":"Nashik","Zone":"Satpur","Category":"Mandir / Temple","Name":"Shani Mandir","Type":"Hindu Temple","Rating":"4.6","Review Count":"55","Address":"XQG4+9V7, Raigad Chowk, Pawan Nagar, Nashik, Maharashtra 422008, India","Maps Link":"https://maps.google.com/?cid=7914239948308136111&g_mp=Cidnb29nbGUubWFwcy5wbGFjZXMudjEuUGxhY2VzLlNlYXJjaFRleHQQAhgEIAA"}},{"type":"Feature","geometry":{"type":"Point","coordinates":[73.7377268,20.0056841]},"properties":{"Taluka":"Nashik","Zone":"Satpur","Category":"Mandir / Temple","Name":"Shani Temple","Type":"Hindu Temple","Rating":"3.7","Review Count":"3","Address":"VX3G+7G Dwarka Nagar area C, Ganesh Nagar, Satpur Colony, Sinnar, Nashik, Maharashtra 422007, India","Maps Link":"https://maps.google.com/?cid=9367024377355126950&g_mp=Cidnb29nbGUubWFwcy5wbGFjZXMudjEuUGxhY2VzLlNlYXJjaFRleHQQAhgEIAA"}},{"type":"Feature","geometry":{"type":"Point","coordinates":[73.7350016,19.9912627]},"properties":{"Taluka":"Nashik","Zone":"Satpur","Category":"Mandir / Temple","Name":"Shantoshi Mata Temple","Type":"Hindu Temple","Rating":"3.5","Review Count":"4","Address":"XPRP+G22, Trambakeshwar Rd, MIDC, Satpur Colony, Nashik, Maharashtra 422007, India","Opening Hours":"Monday: 6:00 AM – 7:00 PM | Tuesday: 6:00 AM – 7:00 PM | Wednesday: 6:00 AM – 7:00 PM | Thursday: 6:00 AM – 7:00 PM | Friday: 6:00 AM – 7:00 PM | Saturday: 6:00 AM – 7:00 PM | Sunday: 6:00 AM – 7:00 PM","Maps Link":"https://maps.google.com/?cid=968326145153261142&g_mp=Cidnb29nbGUubWFwcy5wbGFjZXMudjEuUGxhY2VzLlNlYXJjaFRleHQQAhgEIAA"}},{"type":"Feature","geometry":{"type":"Point","coordinates":[73.7358443,19.9867524]},"properties":{"Taluka":"Nashik","Zone":"Satpur","Category":"Mandir / Temple","Name":"Shiv mandir","Type":"Hindu Temple","Rating":"5","Review Count":"1","Address":"XPPP+JPJ, Mali Ln, Bajrang Nagar, Satpur Gaon, Satpur Colony, Nashik, Maharashtra 422007, India","Maps Link":"https://maps.google.com/?cid=2576116294949716253&g_mp=Cidnb29nbGUubWFwcy5wbGFjZXMudjEuUGxhY2VzLlNlYXJjaFRleHQQAhgEIAA"}},{"type":"Feature","geometry":{"type":"Point","coordinates":[73.7168371,20.0020637]},"properties":{"Taluka":"Nashik","Zone":"Satpur","Category":"Mandir / Temple","Name":"Shivaji Nagar, Karban naka Mhasoba Mandir Javal","Type":"Breakfast Restaurant","Rating":"3.5","Review Count":"13","Address":"2P28+RPG, MIDC, Satpur Colony, Nashik, Maharashtra 422012, India","Opening Hours":"Monday: 1:30 AM – 10:30 PM | Tuesday: 1:30 AM – 10:30 PM | Wednesday: 1:30 AM – 10:30 PM | Thursday: 1:30 AM – 10:30 PM | Friday: 1:30 AM – 10:30 PM | Saturday: 1:30 AM – 10:30 PM | Sunday: Open 24 hours","Maps Link":"https://maps.google.com/?cid=10663954311103554439&g_mp=Cidnb29nbGUubWFwcy5wbGFjZXMudjEuUGxhY2VzLlNlYXJjaFRleHQQAhgEIAA"}},{"type":"Feature","geometry":{"type":"Point","coordinates":[73.7368048,20.0004147]},"properties":{"Taluka":"Nashik","Zone":"Satpur","Category":"Mandir / Temple","Name":"Shree Ayyappa Mandir MIDC Satpur","Type":"Hindu Temple","Rating":"4.6","Review Count":"5","Address":"2P2P+5P7, Trambakeshwar Rd, MIDC, Satpur Colony, Nashik, Maharashtra 422007, India","Maps Link":"https://maps.google.com/?cid=10464695768087462243&g_mp=Cidnb29nbGUubWFwcy5wbGFjZXMudjEuUGxhY2VzLlNlYXJjaFRleHQQAhgEIAA"}},{"type":"Feature","geometry":{"type":"Point","coordinates":[73.720333,19.9858092]},"properties":{"Taluka":"Nashik","Zone":"Satpur","Category":"Mandir / Temple","Name":"Shree Ayyappa Temple Satpur","Type":"Hindu Temple","Rating":"4.6","Review Count":"41","Address":"XPPC+84G, Ashoknagar, Satpur Colony, Nashik, Maharashtra 422007, India","Website":"http://shreeayyappatemple.com/","Opening Hours":"Monday: 5:00 – 8:00 AM, 5:00 – 7:00 PM | Tuesday: 5:00 – 8:00 AM, 5:00 – 7:00 PM | Wednesday: 5:00 – 8:00 AM, 5:00 – 7:00 PM | Thursday: 5:00 – 8:00 AM, 5:00 – 7:00 PM | Friday: 5:00 – 8:00 AM, 5:00 – 7:00 PM | Saturday: 5:00 – 8:00 AM, 5:00 – 7:00 PM | Sunday: 5:00 – 8:00 AM, 5:00 – 7:00 PM","Maps Link":"https://maps.google.com/?cid=12598626019930352152&g_mp=Cidnb29nbGUubWFwcy5wbGFjZXMudjEuUGxhY2VzLlNlYXJjaFRleHQQAhgEIAA"}},{"type":"Feature","geometry":{"type":"Point","coordinates":[73.7322731,19.9936311]},"properties":{"Taluka":"Nashik","Zone":"Satpur","Category":"Mandir / Temple","Name":"Shree Bheemnath Mahadev Mandir","Type":"Hindu Temple","Rating":"5","Review Count":"1","Address":"XPVJ+FW2, MIDC, Satpur Colony, Nashik, Maharashtra 422007, India","Maps Link":"https://maps.google.com/?cid=9820162667224642715&g_mp=Cidnb29nbGUubWFwcy5wbGFjZXMudjEuUGxhY2VzLlNlYXJjaFRleHQQAhgEIAA"}},{"type":"Feature","geometry":{"type":"Point","coordinates":[73.7089696,20.003337]},"properties":{"Taluka":"Nashik","Zone":"Satpur","Category":"Mandir / Temple","Name":"Shree Gajanan Maharaj Mandir","Type":"Hindu Temple","Rating":"4.4","Review Count":"10","Address":"Shivaji Nagar, Satpur Colony, Nashik, Maharashtra 422012, India","Opening Hours":"Monday: Open 24 hours | Tuesday: Open 24 hours | Wednesday: Open 24 hours | Thursday: Open 24 hours | Friday: Open 24 hours | Saturday: Open 24 hours | Sunday: Open 24 hours","Maps Link":"https://maps.google.com/?cid=14781181086134325951&g_mp=Cidnb29nbGUubWFwcy5wbGFjZXMudjEuUGxhY2VzLlNlYXJjaFRleHQQAhgEIAA"}},{"type":"Feature","geometry":{"type":"Point","coordinates":[73.7501103,19.9906574]},"properties":{"Taluka":"Nashik","Zone":"Satpur","Category":"Mandir / Temple","Name":"Shree Ganesh Mandir","Type":"Hindu Temple","Rating":"5","Review Count":"1","Address":"Asthavinayak Colony, ITI Ambad Rd, near PF Office, MIDC, Satpur Colony, Nashik, Maharashtra 422005, India","Maps Link":"https://maps.google.com/?cid=1218195078876584339&g_mp=Cidnb29nbGUubWFwcy5wbGFjZXMudjEuUGxhY2VzLlNlYXJjaFRleHQQAhgEIAA"}},{"type":"Feature","geometry":{"type":"Point","coordinates":[73.7170887,20.0091071]},"properties":{"Taluka":"Nashik","Zone":"Satpur","Category":"Mandir / Temple","Name":"Shree Ganesh Temple","Type":"Hindu Temple","Rating":"5","Review Count":"3","Address":"2P58+JRW, Dharmaji Colony, Shivaji Nagar, Satpur Colony, Nashik, Maharashtra 422012, India","Maps Link":"https://maps.google.com/?cid=6282390206864681943&g_mp=Cidnb29nbGUubWFwcy5wbGFjZXMudjEuUGxhY2VzLlNlYXJjaFRleHQQAhgEIAA"}},{"type":"Feature","geometry":{"type":"Point","coordinates":[73.7579912,19.9789062]},"properties":{"Taluka":"Nashik","Zone":"Satpur","Category":"Mandir / Temple","Name":"Shree Ganpati Mandir","Type":"Hindu Temple","Review Count":"0","Address":"XQH5+H59, Savata Nagar, Nashik, Maharashtra 422008, India","Maps Link":"https://maps.google.com/?cid=18438628365696170976&g_mp=Cidnb29nbGUubWFwcy5wbGFjZXMudjEuUGxhY2VzLlNlYXJjaFRleHQQAhgEIAA"}},{"type":"Feature","geometry":{"type":"Point","coordinates":[73.7343111,20.0068411]},"properties":{"Taluka":"Nashik","Zone":"Satpur","Category":"Mandir / Temple","Name":"Shree Hanuman Mandir","Type":"Hindu Temple","Rating":"4.6","Review Count":"10","Address":"2P4M+PPM, Prakash Chaudhary Marg, Ganesh Nagar, Satpur Colony, Nashik, Maharashtra 422007, India","Maps Link":"https://maps.google.com/?cid=7004635762596293817&g_mp=Cidnb29nbGUubWFwcy5wbGFjZXMudjEuUGxhY2VzLlNlYXJjaFRleHQQAhgEIAA"}},{"type":"Feature","geometry":{"type":"Point","coordinates":[73.710324,19.992183]},"properties":{"Taluka":"Nashik","Zone":"Satpur","Category":"Mandir / Temple","Name":"Shree Icchamani Ganpati Mandir","Type":"Hindu Temple","Rating":"4.8","Review Count":"10","Address":"Sambhaji Nagar, Ashoknagar, Shramik Nagar, XPR6+V4G, Jaswant Nagar, Satpur Colony, Nashik, Maharashtra 422012, India","Maps Link":"https://maps.google.com/?cid=6391452293758212921&g_mp=Cidnb29nbGUubWFwcy5wbGFjZXMudjEuUGxhY2VzLlNlYXJjaFRleHQQAhgEIAA"}},{"type":"Feature","geometry":{"type":"Point","coordinates":[73.7182514,19.9860809]},"properties":{"Taluka":"Nashik","Zone":"Satpur","Category":"Mandir / Temple","Name":"Shree Kalbhairav Mandir","Type":"Hindu Temple","Rating":"4.6","Review Count":"14","Phone":"089753 68913","Address":"XPP9+C8J, Jadav Sankul Rd, Ashoknagar, Satpur Colony, Nashik, Maharashtra 422007, India","Maps Link":"https://maps.google.com/?cid=1834525388818584865&g_mp=Cidnb29nbGUubWFwcy5wbGFjZXMudjEuUGxhY2VzLlNlYXJjaFRleHQQAhgEIAA"}},{"type":"Feature","geometry":{"type":"Point","coordinates":[73.711596,20.009294]},"properties":{"Taluka":"Nashik","Zone":"Satpur","Category":"Mandir / Temple","Name":"Shree Kalika Mata Mandir And Mahadev Mandir","Type":"Hindu Temple","Rating":"4.4","Review Count":"8","Address":"Behind Bawar Tower, Shivaji Nagar, Satpur Colony, Nashik, Maharashtra 422012, India","Maps Link":"https://maps.google.com/?cid=16827236938876492970&g_mp=Cidnb29nbGUubWFwcy5wbGFjZXMudjEuUGxhY2VzLlNlYXJjaFRleHQQAhgEIAA"}},{"type":"Feature","geometry":{"type":"Point","coordinates":[73.7089697,19.9884447]},"properties":{"Taluka":"Nashik","Zone":"Satpur","Category":"Mandir / Temple","Name":"Shree Krishna Mandir","Type":"Hindu Temple","Rating":"4.6","Review Count":"21","Address":"Pawar sankul, XPQ5+9HH, Vishwas Nagar Rd, Ashoknagar, Satpur Colony, Nashik, Maharashtra 422012, India","Maps Link":"https://maps.google.com/?cid=1743788110942190924&g_mp=Cidnb29nbGUubWFwcy5wbGFjZXMudjEuUGxhY2VzLlNlYXJjaFRleHQQAhgEIAA"}},{"type":"Feature","geometry":{"type":"Point","coordinates":[73.7090722,20.0051804]},"properties":{"Taluka":"Nashik","Zone":"Satpur","Category":"Mandir / Temple","Name":"Shree Kuber Bhandari Mahadev Mandir","Type":"Hindu Temple","Rating":"4.6","Review Count":"10","Address":"2P45+3JG, Shivaji Nagar, Satpur Colony, Nashik, Maharashtra 422012, India","Maps Link":"https://maps.google.com/?cid=9484936635401018719&g_mp=Cidnb29nbGUubWFwcy5wbGFjZXMudjEuUGxhY2VzLlNlYXJjaFRleHQQAhgEIAA"}},{"type":"Feature","geometry":{"type":"Point","coordinates":[73.7089881,20.0069269]},"properties":{"Taluka":"Nashik","Zone":"Satpur","Category":"Mandir / Temple","Name":"Shree Mahalaxmi Mandir","Type":"Hindu Temple","Rating":"5","Review Count":"1","Address":"2P45+QHH, Near Dnya Gangal Classes, Shivaji Nagar, Satpur Colony, Nashik, Maharashtra 422012, India","Maps Link":"https://maps.google.com/?cid=9785535591109424563&g_mp=Cidnb29nbGUubWFwcy5wbGFjZXMudjEuUGxhY2VzLlNlYXJjaFRleHQQAhgEIAA"}},{"type":"Feature","geometry":{"type":"Point","coordinates":[73.7477863,19.9721774]},"properties":{"Taluka":"Nashik","Zone":"Satpur","Category":"Mandir / Temple","Name":"Shree Maruti & Mahadev Mandir","Type":"Hindu Temple","Rating":"4.3","Review Count":"6","Address":"XPCX+V4F, ITI Ambad Rd, Near Mauli Lawns, Nandanvan Colony, Khutawad Nagar, Nashik, Maharashtra 422010, India","Maps Link":"https://maps.google.com/?cid=7448854954901790718&g_mp=Cidnb29nbGUubWFwcy5wbGFjZXMudjEuUGxhY2VzLlNlYXJjaFRleHQQAhgEIAA"}},{"type":"Feature","geometry":{"type":"Point","coordinates":[73.744887,19.9797403]},"properties":{"Taluka":"Nashik","Zone":"Satpur","Category":"Mandir / Temple","Name":"Shree Nageshwar Mhadev Mandir","Type":"Hindu Temple","Rating":"4.3","Review Count":"7","Address":"ITI Ambad Rd, Wavre Nagar, Salunkhe Nagar, Nashik, Maharashtra 422008, India","Opening Hours":"Monday: Open 24 hours | Tuesday: Open 24 hours | Wednesday: Open 24 hours | Thursday: Open 24 hours | Friday: Open 24 hours | Saturday: Open 24 hours | Sunday: Open 24 hours","Maps Link":"https://maps.google.com/?cid=13307474965467660754&g_mp=Cidnb29nbGUubWFwcy5wbGFjZXMudjEuUGxhY2VzLlNlYXJjaFRleHQQAhgEIAA"}},{"type":"Feature","geometry":{"type":"Point","coordinates":[73.719683,19.988522]},"properties":{"Taluka":"Nashik","Zone":"Satpur","Category":"Mandir / Temple","Name":"Shree Nilkantheshwar Mahadev Mandir","Type":"Hindu Temple","Rating":"4.7","Review Count":"21","Address":"XPQ9+CV3, Savarkar Nagar, Ashoknagar, Satpur Colony, Nashik, Maharashtra 422007, India","Maps Link":"https://maps.google.com/?cid=14193557579127718879&g_mp=Cidnb29nbGUubWFwcy5wbGFjZXMudjEuUGxhY2VzLlNlYXJjaFRleHQQAhgEIAA"}},{"type":"Feature","geometry":{"type":"Point","coordinates":[73.7377091,20.00617]},"properties":{"Taluka":"Nashik","Zone":"Satpur","Category":"Mandir / Temple","Name":"Shree Pawan Ganpati Mandir Udyan","Type":"Park","Rating":"3","Review Count":"1","Address":"2P4Q+F38, Prakash Chaudhary Marg, Ganesh Nagar, Satpur Colony, Nashik, Maharashtra 422007, India","Maps Link":"https://maps.google.com/?cid=2097047105494532345&g_mp=Cidnb29nbGUubWFwcy5wbGFjZXMudjEuUGxhY2VzLlNlYXJjaFRleHQQAhgEIAA"}},{"type":"Feature","geometry":{"type":"Point","coordinates":[73.7313681,19.9889867]},"properties":{"Taluka":"Nashik","Zone":"Satpur","Category":"Mandir / Temple","Name":"Shree Ram Mandir","Type":"Place of Worship","Rating":"5","Review Count":"1","Address":"XPQJ+HGX, Mahadevwadi, MIDC, Satpur Colony, Nashik, Maharashtra 422007, India","Maps Link":"https://maps.google.com/?cid=3884512075202616660&g_mp=Cidnb29nbGUubWFwcy5wbGFjZXMudjEuUGxhY2VzLlNlYXJjaFRleHQQAhgEIAA"}},{"type":"Feature","geometry":{"type":"Point","coordinates":[73.7311363,20.0052533]},"properties":{"Taluka":"Nashik","Zone":"Satpur","Category":"Mandir / Temple","Name":"Shree Ram Mandir","Type":"Hindu Temple","Rating":"4","Review Count":"4","Address":"2P4J+4F2, Satpur Road, Matale Nagar, Satpur, MIDC, Ganesh Nagar, Nashik, Maharashtra 422007, India","Maps Link":"https://maps.google.com/?cid=3552455133184139686&g_mp=Cidnb29nbGUubWFwcy5wbGFjZXMudjEuUGxhY2VzLlNlYXJjaFRleHQQAhgEIAA"}},{"type":"Feature","geometry":{"type":"Point","coordinates":[73.7438853,20.0022526]},"properties":{"Taluka":"Nashik","Zone":"Satpur","Category":"Mandir / Temple","Name":"Shree Sai Baba Mandir","Type":"Hindu Temple","Rating":"3.8","Review Count":"16","Address":"Shivaji Chowk, Suyojit Garden Rd, Phase 1, Kamgar Nagar, Satpur Colony, Nashik, Maharashtra 422007, India","Maps Link":"https://maps.google.com/?cid=6056170326648789267&g_mp=Cidnb29nbGUubWFwcy5wbGFjZXMudjEuUGxhY2VzLlNlYXJjaFRleHQQAhgEIAA"}},{"type":"Feature","geometry":{"type":"Point","coordinates":[73.766885,19.9709459]},"properties":{"Taluka":"Nashik","Zone":"Satpur","Category":"Mandir / Temple","Name":"Shree Saptashrungi Mata Mandir","Type":"Hindu Temple","Rating":"4.6","Review Count":"7","Address":"XQC8+9QC, Lekha Nagar Bypass Rd, Cidco, Nashik, Maharashtra 422009, India","Maps Link":"https://maps.google.com/?cid=14018276743602999894&g_mp=Cidnb29nbGUubWFwcy5wbGFjZXMudjEuUGxhY2VzLlNlYXJjaFRleHQQAhgEIAA"}},{"type":"Feature","geometry":{"type":"Point","coordinates":[73.765709,19.966288]},"properties":{"Taluka":"Nashik","Zone":"Satpur","Category":"Mandir / Temple","Name":"Shree Shakti Ganesh Mandir","Type":"Hindu Temple","Rating":"4.3","Review Count":"12","Address":"XQ88+G78, Swami Vivekanand Nagar, Cidco, Nashik, Maharashtra 422009, India","Maps Link":"https://maps.google.com/?cid=14782854767373263244&g_mp=Cidnb29nbGUubWFwcy5wbGFjZXMudjEuUGxhY2VzLlNlYXJjaFRleHQQAhgEIAA"}},{"type":"Feature","geometry":{"type":"Point","coordinates":[73.7593602,19.9811636]},"properties":{"Taluka":"Nashik","Zone":"Satpur","Category":"Mandir / Temple","Name":"Shree Shanaishwar Mandir","Type":"Hindu Temple","Rating":"4.1","Review Count":"13","Address":"XQJ5+FP9, CIDCO - Satpur Rd, Patil Nagar, Nashik, Maharashtra 422008, India","Maps Link":"https://maps.google.com/?cid=3699827612073239817&g_mp=Cidnb29nbGUubWFwcy5wbGFjZXMudjEuUGxhY2VzLlNlYXJjaFRleHQQAhgEIAA"}},{"type":"Feature","geometry":{"type":"Point","coordinates":[73.7091041,19.9957914]},"properties":{"Taluka":"Nashik","Zone":"Satpur","Category":"Mandir / Temple","Name":"Shree Shaneshwar Mandir","Type":"Hindu Temple","Rating":"4","Review Count":"2","Address":"XPW5+8J9, Shani Chowk, Near Maruti Mandir, Satpur, Shramik Nagar, Nashik, Maharashtra 422012, India","Maps Link":"https://maps.google.com/?cid=11582176212228436571&g_mp=Cidnb29nbGUubWFwcy5wbGFjZXMudjEuUGxhY2VzLlNlYXJjaFRleHQQAhgEIAA"}},{"type":"Feature","geometry":{"type":"Point","coordinates":[73.7261815,19.988794]},"properties":{"Taluka":"Nashik","Zone":"Satpur","Category":"Mandir / Temple","Name":"Shree Shaneshwar Mandir","Type":"Hindu Temple","Rating":"5","Review Count":"2","Address":"2081, Trambakeshwar Rd, Samta Nagar, Satpur Colony, Nashik, Maharashtra 422007, India","Maps Link":"https://maps.google.com/?cid=9429925003894535203&g_mp=Cidnb29nbGUubWFwcy5wbGFjZXMudjEuUGxhY2VzLlNlYXJjaFRleHQQAhgEIAA"}},{"type":"Feature","geometry":{"type":"Point","coordinates":[73.764083,19.9696499]},"properties":{"Taluka":"Nashik","Zone":"Satpur","Category":"Mandir / Temple","Name":"Shree Siddh Mahalaxmi Mandir","Type":"Place of Worship","Rating":"4.7","Review Count":"6","Address":"XQ97+VJ4, R-3 Sector, Tanaji Chowk, New Nasik, Nashik, Maharashtra 422009, India","Maps Link":"https://maps.google.com/?cid=11220545944266146554&g_mp=Cidnb29nbGUubWFwcy5wbGFjZXMudjEuUGxhY2VzLlNlYXJjaFRleHQQAhgEIAA"}},{"type":"Feature","geometry":{"type":"Point","coordinates":[73.7801435,19.9982667]},"properties":{"Taluka":"Nashik","Zone":"Satpur","Category":"Mandir / Temple","Name":"Shree Siddhha Pavan Ganapati Mandir","Type":"Hindu Temple","Rating":"3","Review Count":"2","Address":"Vyapari, Thakkar Bazar Riksha Stand, XQXJ+832, Thakkar Bazar, Police Staff Colony, Nashik, Maharashtra 422002, India","Maps Link":"https://maps.google.com/?cid=3501570519793597883&g_mp=Cidnb29nbGUubWFwcy5wbGFjZXMudjEuUGxhY2VzLlNlYXJjaFRleHQQAhgEIAA"}},{"type":"Feature","geometry":{"type":"Point","coordinates":[73.7108716,20.0103161]},"properties":{"Taluka":"Nashik","Zone":"Satpur","Category":"Mandir / Temple","Name":"Shree Siddhi Vanayak Ganesh Mandir","Type":"Hindu Temple","Review Count":"0","Address":"No:2, Shiv Shakti Chowk, Shivaji Nagar, Satpur Colony, Nashik, Maharashtra 422012, India","Opening Hours":"Monday: 6:00 AM – 8:30 PM | Tuesday: 6:00 AM – 8:30 PM | Wednesday: 6:00 AM – 8:30 PM | Thursday: 6:00 AM – 8:30 PM | Friday: 6:00 AM – 8:30 PM | Saturday: 6:00 AM – 8:30 PM | Sunday: 6:00 AM – 8:30 PM","Maps Link":"https://maps.google.com/?cid=12941952774743532866&g_mp=Cidnb29nbGUubWFwcy5wbGFjZXMudjEuUGxhY2VzLlNlYXJjaFRleHQQAhgEIAA"}},{"type":"Feature","geometry":{"type":"Point","coordinates":[73.7222428,19.9867624]},"properties":{"Taluka":"Nashik","Zone":"Satpur","Category":"Mandir / Temple","Name":"Shree Siddhivinayak Ganesh Mandir","Type":"Hindu Temple","Rating":"5","Review Count":"6","Address":"XPPC+PV5, Trambakeshwar Rd, Ashoknagar, Satpur Colony, Nashik, Maharashtra 422007, India","Opening Hours":"Monday: 6:30 AM – 10:00 PM | Tuesday: 6:30 AM – 10:00 PM | Wednesday: 6:30 AM – 10:00 PM | Thursday: 6:30 AM – 10:00 PM | Friday: 6:30 AM – 10:00 PM | Saturday: 6:30 AM – 10:00 PM | Sunday: 6:30 AM – 10:00 PM","Maps Link":"https://maps.google.com/?cid=2566086966883873861&g_mp=Cidnb29nbGUubWFwcy5wbGFjZXMudjEuUGxhY2VzLlNlYXJjaFRleHQQAhgEIAA"}},{"type":"Feature","geometry":{"type":"Point","coordinates":[73.716779,19.992127]},"properties":{"Taluka":"Nashik","Zone":"Satpur","Category":"Mandir / Temple","Name":"Shree Siddhivinayak Mandir","Type":"Hindu Temple","Rating":"4.5","Review Count":"11","Address":"Raj Karmachari Vasahat, XPR8+VP2, near Modern School, Ashoknagar, Satpur Colony, Nashik, Maharashtra 422012, India","Maps Link":"https://maps.google.com/?cid=11671530913949793475&g_mp=Cidnb29nbGUubWFwcy5wbGFjZXMudjEuUGxhY2VzLlNlYXJjaFRleHQQAhgEIAA"}},{"type":"Feature","geometry":{"type":"Point","coordinates":[73.7222029,19.972583]},"properties":{"Taluka":"Nashik","Zone":"Satpur","Category":"Mandir / Temple","Name":"Shree Siddhivinayak Mandir","Type":"Hindu Temple","Rating":"3.1","Review Count":"8","Address":"XPFC+2VP, Chunchale Shivar, Satpur Colony, Nashik, Maharashtra 422010, India","Maps Link":"https://maps.google.com/?cid=14682014894019228307&g_mp=Cidnb29nbGUubWFwcy5wbGFjZXMudjEuUGxhY2VzLlNlYXJjaFRleHQQAhgEIAA"}},{"type":"Feature","geometry":{"type":"Point","coordinates":[73.7443027,20.0049632]},"properties":{"Taluka":"Nashik","Zone":"Satpur","Category":"Mandir / Temple","Name":"Shree Vighneshwar Mandir","Type":"Hindu Temple","Rating":"4.4","Review Count":"16","Address":"Kale Nagar 3, Gulmohar Vihar, Satpur Colony, Nashik, Maharashtra 422005, India","Opening Hours":"Monday: 7:00 AM – 8:00 PM | Tuesday: 7:00 AM – 8:00 PM | Wednesday: 7:00 AM – 8:00 PM | Thursday: 7:00 AM – 8:00 PM | Friday: 7:00 AM – 8:00 PM | Saturday: 7:00 AM – 8:00 PM | Sunday: 7:00 AM – 8:00 PM","Maps Link":"https://maps.google.com/?cid=17704603818996733152&g_mp=Cidnb29nbGUubWFwcy5wbGFjZXMudjEuUGxhY2VzLlNlYXJjaFRleHQQAhgEIAA"}},{"type":"Feature","geometry":{"type":"Point","coordinates":[73.750231,19.976174]},"properties":{"Taluka":"Nashik","Zone":"Satpur","Category":"Mandir / Temple","Name":"Shree Vitthal Rukhmai Mandir","Type":"Hindu Temple","Rating":"5","Review Count":"1","Address":"XQG2+F39, Near Ambad Link Road, Kamatwade Gaon, Nashik, Maharashtra 422008, India","Maps Link":"https://maps.google.com/?cid=15919790322255904830&g_mp=Cidnb29nbGUubWFwcy5wbGFjZXMudjEuUGxhY2VzLlNlYXJjaFRleHQQAhgEIAA"}},{"type":"Feature","geometry":{"type":"Point","coordinates":[73.720699,19.99146]},"properties":{"Taluka":"Nashik","Zone":"Satpur","Category":"Mandir / Temple","Name":"Shri Dakshin Mukhi Icchapurti Sai Nath Mandir","Type":"Hindu Temple","Rating":"4.5","Review Count":"21","Address":"XPRC+H7P, Sant Namdeo Maharaj Rd, Yashwanth Nagar, MHB Colony, Satpur Colony, Nashik, Maharashtra 422007, India","Opening Hours":"Monday: 6:00 AM – 9:30 PM | Tuesday: 6:00 AM – 9:30 PM | Wednesday: 6:00 AM – 9:30 PM | Thursday: 6:00 AM – 9:30 PM | Friday: 6:00 AM – 9:30 PM | Saturday: 6:00 AM – 9:30 PM | Sunday: 6:00 AM – 9:30 PM","Maps Link":"https://maps.google.com/?cid=17598244968361296961&g_mp=Cidnb29nbGUubWFwcy5wbGFjZXMudjEuUGxhY2VzLlNlYXJjaFRleHQQAhgEIAA"}},{"type":"Feature","geometry":{"type":"Point","coordinates":[73.708997,20.0068859]},"properties":{"Taluka":"Nashik","Zone":"Satpur","Category":"Mandir / Temple","Name":"Shri Ganesh Shri Krishna Mandir","Type":"Hindu Temple","Rating":"4.3","Review Count":"52","Address":"15, Near Duyanganga Classes, Shivaji Nagar, Satpur Colony, Nashik, Maharashtra 422012, India","Maps Link":"https://maps.google.com/?cid=425961126267006275&g_mp=Cidnb29nbGUubWFwcy5wbGFjZXMudjEuUGxhY2VzLlNlYXJjaFRleHQQAhgEIAA"}},{"type":"Feature","geometry":{"type":"Point","coordinates":[73.7129962,20.006394]},"properties":{"Taluka":"Nashik","Zone":"Satpur","Category":"Mandir / Temple","Name":"Shri Ganesh Temple","Type":"Hindu Temple","Rating":"4.5","Review Count":"6","Address":"2P47+H55, Dhurav Nagar, Satpur Colony, Nashik, Maharashtra 422012, India","Maps Link":"https://maps.google.com/?cid=465327484881033399&g_mp=Cidnb29nbGUubWFwcy5wbGFjZXMudjEuUGxhY2VzLlNlYXJjaFRleHQQAhgEIAA"}},{"type":"Feature","geometry":{"type":"Point","coordinates":[73.7193819,19.9875256]},"properties":{"Taluka":"Nashik","Zone":"Satpur","Category":"Mandir / Temple","Name":"Shri Guru Gorakshnath Mandir, Sawarkar Nagar, Ashok Nagar Road, Satpur","Type":"Hindu Temple","Rating":"4.3","Review Count":"6","Address":"Shri. Krushnarao Dashrath Shitole 490/7,Swatantra sainik CHS, Ashok Nagar Rd, Savarkar Nagar, Ashoknagar, Satpur Colony, Nashik, Maharashtra 422007, India","Maps Link":"https://maps.google.com/?cid=18357270556404130651&g_mp=Cidnb29nbGUubWFwcy5wbGFjZXMudjEuUGxhY2VzLlNlYXJjaFRleHQQAhgEIAA"}},{"type":"Feature","geometry":{"type":"Point","coordinates":[73.761223,19.969625]},"properties":{"Taluka":"Nashik","Zone":"Satpur","Category":"Mandir / Temple","Name":"Shri Khanderao Maharaj Mandir","Type":"Place of Worship","Rating":"4","Review Count":"4","Address":"XQ96+VF5, Dutt Chowk, Matoshree Chowk, Vijay Nagar, Nashik, Maharashtra 422009, India","Maps Link":"https://maps.google.com/?cid=8346929062512461466&g_mp=Cidnb29nbGUubWFwcy5wbGFjZXMudjEuUGxhY2VzLlNlYXJjaFRleHQQAhgEIAA"}},{"type":"Feature","geometry":{"type":"Point","coordinates":[73.758162,19.975815]},"properties":{"Taluka":"Nashik","Zone":"Satpur","Category":"Mandir / Temple","Name":"Shri Radha Krishna Mandir","Type":"Hindu Temple","Rating":"4.6","Review Count":"22","Address":"XQG5+87F, Akshay Chowk, Pawan Nagar, Nashik, Maharashtra 422008, India","Maps Link":"https://maps.google.com/?cid=10027134567108068085&g_mp=Cidnb29nbGUubWFwcy5wbGFjZXMudjEuUGxhY2VzLlNlYXJjaFRleHQQAhgEIAA"}},{"type":"Feature","geometry":{"type":"Point","coordinates":[73.7112236,20.0053607]},"properties":{"Taluka":"Nashik","Zone":"Satpur","Category":"Mandir / Temple","Name":"Shri Ram Temple","Type":"Hindu Temple","Rating":"4.8","Review Count":"11","Phone":"075071 31365","Address":"2P46+4FX, near Aishwarya collection, Near Shivaji Nagar Bus Stop, Shivaji Nagar, Satpur Colony, Nashik, Maharashtra 422012, India","Maps Link":"https://maps.google.com/?cid=17800692166736568263&g_mp=Cidnb29nbGUubWFwcy5wbGFjZXMudjEuUGxhY2VzLlNlYXJjaFRleHQQAhgEIAA"}},{"type":"Feature","geometry":{"type":"Point","coordinates":[73.726182,19.988636]},"properties":{"Taluka":"Nashik","Zone":"Satpur","Category":"Mandir / Temple","Name":"Shri Shani Maharaj Mandir","Type":"Hindu Temple","Review Count":"0","Address":"2086, Samta Nagar, Satpur Colony, Nashik, Maharashtra 422007, India","Maps Link":"https://maps.google.com/?cid=6554653380117472513&g_mp=Cidnb29nbGUubWFwcy5wbGFjZXMudjEuUGxhY2VzLlNlYXJjaFRleHQQAhgEIAA"}},{"type":"Feature","geometry":{"type":"Point","coordinates":[73.7115317,20.0050819]},"properties":{"Taluka":"Nashik","Zone":"Satpur","Category":"Mandir / Temple","Name":"Shri Shiv Sankar Temple","Type":"Hindu Temple","Rating":"4.5","Review Count":"4","Address":"2P46+2JM, SH-27, MIDC, सातपूर कॉलनी, नाशिक, महाराष्ट्र 422012, India","Maps Link":"https://maps.google.com/?cid=16492955633100938088&g_mp=Cidnb29nbGUubWFwcy5wbGFjZXMudjEuUGxhY2VzLlNlYXJjaFRleHQQAhgEIAA"}},{"type":"Feature","geometry":{"type":"Point","coordinates":[73.7214824,19.9914749]},"properties":{"Taluka":"Nashik","Zone":"Satpur","Category":"Mandir / Temple","Name":"Shri Siddheshwar Mahadev Temple","Type":"Hindu Temple","Rating":"3","Review Count":"2","Address":"XPRC+HHQ, MHB Colony, Satpur Colony, Nashik, Maharashtra 422007, India","Maps Link":"https://maps.google.com/?cid=867500748908915108&g_mp=Cidnb29nbGUubWFwcy5wbGFjZXMudjEuUGxhY2VzLlNlYXJjaFRleHQQAhgEIAA"}},{"type":"Feature","geometry":{"type":"Point","coordinates":[73.7259105,19.9883673]},"properties":{"Taluka":"Nashik","Zone":"Satpur","Category":"Mandir / Temple","Name":"Shri Varad Vinayak Mandir","Type":"Hindu Temple","Rating":"4.6","Review Count":"14","Address":"XPQG+89V, Trambakeshwar Rd, Samta Nagar, Satpur Colony, Nashik, Maharashtra 422007, India","Maps Link":"https://maps.google.com/?cid=11456016947416237143&g_mp=Cidnb29nbGUubWFwcy5wbGFjZXMudjEuUGxhY2VzLlNlYXJjaFRleHQQAhgEIAA"}},{"type":"Feature","geometry":{"type":"Point","coordinates":[73.7093831,19.9973721]},"properties":{"Taluka":"Nashik","Zone":"Satpur","Category":"Mandir / Temple","Name":"Shri Vitthal Rukmini And Sant Savta Maharaj Mandir","Type":"Hindu Temple","Rating":"4.5","Review Count":"17","Address":"XPW5+WQR, Shramik Nagar, Nashik, Maharashtra 422012, India","Maps Link":"https://maps.google.com/?cid=14144492302963652784&g_mp=Cidnb29nbGUubWFwcy5wbGFjZXMudjEuUGxhY2VzLlNlYXJjaFRleHQQAhgEIAA"}},{"type":"Feature","geometry":{"type":"Point","coordinates":[73.7599319,19.963296]},"properties":{"Taluka":"Nashik","Zone":"Satpur","Category":"Mandir / Temple","Name":"Shri Vitthal Rukmini Mandir","Type":"Hindu Temple","Rating":"4.5","Review Count":"15","Address":"Sector N52, B-E3, Sinhasta Nagar, Nashik, Maharashtra 422009, India","Maps Link":"https://maps.google.com/?cid=8564363331807304926&g_mp=Cidnb29nbGUubWFwcy5wbGFjZXMudjEuUGxhY2VzLlNlYXJjaFRleHQQAhgEIAA"}},{"type":"Feature","geometry":{"type":"Point","coordinates":[73.7141965,19.9916383]},"properties":{"Taluka":"Nashik","Zone":"Satpur","Category":"Mandir / Temple","Name":"Siddha Hanuman Mandir","Type":"Hindu Temple","Rating":"4.6","Review Count":"29","Address":"XPR7+MM4, Near Savarkar Nagar, Ashoknagar, Satpur Colony, Nashik, Maharashtra 422012, India","Maps Link":"https://maps.google.com/?cid=8489406517116767048&g_mp=Cidnb29nbGUubWFwcy5wbGFjZXMudjEuUGxhY2VzLlNlYXJjaFRleHQQAhgEIAA"}},{"type":"Feature","geometry":{"type":"Point","coordinates":[73.7145362,20.0143686]},"properties":{"Taluka":"Nashik","Zone":"Satpur","Category":"Mandir / Temple","Name":"Sidhivinayak Ganesh Mandir","Type":"Hindu Temple","Rating":"4.6","Review Count":"10","Address":"2P77+PRV, Satpur Gangapur Link Rd, Dhurav Nagar, Satpur Colony, Nashik, Maharashtra 422012, India","Maps Link":"https://maps.google.com/?cid=88444051238057056&g_mp=Cidnb29nbGUubWFwcy5wbGFjZXMudjEuUGxhY2VzLlNlYXJjaFRleHQQAhgEIAA"}},{"type":"Feature","geometry":{"type":"Point","coordinates":[73.765914,19.970854]},"properties":{"Taluka":"Nashik","Zone":"Satpur","Category":"Mandir / Temple","Name":"Someshwsr mahadev temple","Type":"Apartment Complex","Rating":"4.2","Review Count":"25","Address":"N 8/E1, 28/3, E1/28/3, Avdumber Cidco Rd, Shri Ram Colony, Nashik, Maharashtra 422009, India","Maps Link":"https://maps.google.com/?cid=13425660508422720745&g_mp=Cidnb29nbGUubWFwcy5wbGFjZXMudjEuUGxhY2VzLlNlYXJjaFRleHQQAhgEIAA"}},{"type":"Feature","geometry":{"type":"Point","coordinates":[73.758367,19.968435]},"properties":{"Taluka":"Nashik","Zone":"Satpur","Category":"Mandir / Temple","Name":"Sree Ganapati Temple","Type":"Hindu Temple","Rating":"4","Review Count":"1","Address":"XQ95+98H, Pelican Park Rd, Uttam Nagar, Nashik, Maharashtra 422009, India","Maps Link":"https://maps.google.com/?cid=151246748234053390&g_mp=Cidnb29nbGUubWFwcy5wbGFjZXMudjEuUGxhY2VzLlNlYXJjaFRleHQQAhgEIAA"}},{"type":"Feature","geometry":{"type":"Point","coordinates":[73.714032,19.9929609]},"properties":{"Taluka":"Nashik","Zone":"Satpur","Category":"Mandir / Temple","Name":"Tridevta Mandir Seva","Type":"Hindu Temple","Rating":"4.6","Review Count":"14","Address":"Near Mahindra Company Compound,Raj Karmachari Vasahat, XPV7+5JM, Ashoknagar, Satpur Colony, Nashik, Maharashtra 422012, India","Opening Hours":"Monday: 8:00 AM – 7:00 PM | Tuesday: 8:00 AM – 7:00 PM | Wednesday: 8:00 AM – 7:00 PM | Thursday: 8:00 AM – 7:00 PM | Friday: 8:00 AM – 7:00 PM | Saturday: 8:00 AM – 7:00 PM | Sunday: 8:00 AM – 7:00 PM","Maps Link":"https://maps.google.com/?cid=4637237772187682738&g_mp=Cidnb29nbGUubWFwcy5wbGFjZXMudjEuUGxhY2VzLlNlYXJjaFRleHQQAhgEIAA"}},{"type":"Feature","geometry":{"type":"Point","coordinates":[73.709196,20.010643]},"properties":{"Taluka":"Nashik","Zone":"Satpur","Category":"Mandir / Temple","Name":"Tulaja Bhavani Temple","Type":"Hindu Temple","Rating":"4.7","Review Count":"31","Address":"2P65+7M4, Sant Narahari Maharaj Rd, Shivaji Nagar, Satpur Colony, Nashik, Maharashtra 422012, India","Opening Hours":"Monday: 6:00 AM – 9:00 PM | Tuesday: 6:00 AM – 9:00 PM | Wednesday: 6:00 AM – 9:00 PM | Thursday: 6:00 AM – 9:00 PM | Friday: 6:00 AM – 9:00 PM | Saturday: 6:00 AM – 9:00 PM | Sunday: 6:00 AM – 9:00 PM","Maps Link":"https://maps.google.com/?cid=11976610331184872547&g_mp=Cidnb29nbGUubWFwcy5wbGFjZXMudjEuUGxhY2VzLlNlYXJjaFRleHQQAhgEIAA"}},{"type":"Feature","geometry":{"type":"Point","coordinates":[73.7183309,19.9860939]},"properties":{"Taluka":"Nashik","Zone":"Satpur","Category":"Mandir / Temple","Name":"Tulja Bhavani Mata Mandir","Type":"Hindu Temple","Rating":"3.7","Review Count":"9","Address":"Satpur Colony, XPP9+C8P, Trambakeshwar Rd, Ashoknagar, Shaneshwar Nagar, Nashik, Maharashtra 422007, India","Maps Link":"https://maps.google.com/?cid=12022079335184828385&g_mp=Cidnb29nbGUubWFwcy5wbGFjZXMudjEuUGxhY2VzLlNlYXJjaFRleHQQAhgEIAA"}},{"type":"Feature","geometry":{"type":"Point","coordinates":[73.727507,19.9563559]},"properties":{"Taluka":"Nashik","Zone":"Satpur","Category":"Mandir / Temple","Name":"Tulja Bhavani Mata Mandir Dattnager","Type":"Hindu Temple","Rating":"4.3","Review Count":"14","Address":"Shree, XP4H+G2R, Dattanagar, MIDC Ambad, Nashik, Maharashtra 422010, India","Opening Hours":"Monday: 6:00 AM – 9:00 PM | Tuesday: 6:00 AM – 9:00 PM | Wednesday: 6:00 AM – 9:00 PM | Thursday: 6:00 AM – 9:00 PM | Friday: 6:00 AM – 9:00 PM | Saturday: 6:00 AM – 9:00 PM | Sunday: 6:00 AM – 9:00 PM","Maps Link":"https://maps.google.com/?cid=1660864074240198879&g_mp=Cidnb29nbGUubWFwcy5wbGFjZXMudjEuUGxhY2VzLlNlYXJjaFRleHQQAhgEIAA"}},{"type":"Feature","geometry":{"type":"Point","coordinates":[73.7082721,19.9956138]},"properties":{"Taluka":"Nashik","Zone":"Satpur","Category":"Mandir / Temple","Name":"Tulja Bhavani Temple","Type":"Hindu Temple","Rating":"4.1","Review Count":"43","Address":"Shramik Nagar, Nashik, Maharashtra 422007, India","Opening Hours":"Monday: 6:00 AM – 10:00 PM | Tuesday: 6:00 AM – 10:00 PM | Wednesday: 6:00 AM – 10:00 PM | Thursday: 6:00 AM – 10:00 PM | Friday: 6:00 AM – 10:00 PM | Saturday: 6:00 AM – 10:00 PM | Sunday: 6:00 AM – 10:00 PM","Maps Link":"https://maps.google.com/?cid=849287553970937615&g_mp=Cidnb29nbGUubWFwcy5wbGFjZXMudjEuUGxhY2VzLlNlYXJjaFRleHQQAhgEIAA"}},{"type":"Feature","geometry":{"type":"Point","coordinates":[73.7472617,19.9831589]},"properties":{"Taluka":"Nashik","Zone":"Satpur","Category":"Mandir / Temple","Name":"Varadh Vinayak Ganesh Temple","Type":"Hindu Temple","Rating":"4.8","Review Count":"8","Address":"XPMW+7W6, ITI Ambad Rd, Venu Nagar, Chanakya Nagar, Khutawad Nagar, Nashik, Maharashtra 422008, India","Maps Link":"https://maps.google.com/?cid=6508668504877434079&g_mp=Cidnb29nbGUubWFwcy5wbGFjZXMudjEuUGxhY2VzLlNlYXJjaFRleHQQAhgEIAA"}},{"type":"Feature","geometry":{"type":"Point","coordinates":[73.7313851,19.9891613]},"properties":{"Taluka":"Nashik","Zone":"Satpur","Category":"Mandir / Temple","Name":"Vithal Rakhumai Mandir","Type":"Hindu Temple","Rating":"5","Review Count":"1","Address":"XPQJ+MH6, Mahadevwadi, MIDC, Satpur Colony, Nashik, Maharashtra 422007, India","Maps Link":"https://maps.google.com/?cid=4524146208733553344&g_mp=Cidnb29nbGUubWFwcy5wbGFjZXMudjEuUGxhY2VzLlNlYXJjaFRleHQQAhgEIAA"}},{"type":"Feature","geometry":{"type":"Point","coordinates":[73.7112836,20.0113233]},"properties":{"Taluka":"Nashik","Zone":"Satpur","Category":"Mandir / Temple","Name":"Vitthal Rukmini Mandir","Type":"Hindu Temple","Rating":"3.8","Review Count":"43","Address":"ganraj pride building, Nigal Park, Shivaji Nagar, Satpur Colony, Nashik, Maharashtra 422012, India","Opening Hours":"Monday: 6:00 AM – 8:00 PM | Tuesday: 6:00 AM – 8:00 PM | Wednesday: 6:00 AM – 8:00 PM | Thursday: 6:00 AM – 8:00 PM | Friday: 6:00 AM – 8:00 PM | Saturday: 6:00 AM – 8:00 PM | Sunday: 6:00 AM – 8:00 PM","Maps Link":"https://maps.google.com/?cid=8487034527088092063&g_mp=Cidnb29nbGUubWFwcy5wbGFjZXMudjEuUGxhY2VzLlNlYXJjaFRleHQQAhgEIAA"}},{"type":"Feature","geometry":{"type":"Point","coordinates":[73.7065589,20.002254]},"properties":{"Taluka":"Nashik","Zone":"Satpur","Category":"Mandir / Temple","Name":"संत श्री सेवालाल महाराज मंदिर","Type":"Hindu Temple","Rating":"5","Review Count":"5","Address":"2P24+WJ3, Shramik Nagar, Nashik, Maharashtra 422012, India","Maps Link":"https://maps.google.com/?cid=13400961040277455544&g_mp=Cidnb29nbGUubWFwcy5wbGFjZXMudjEuUGxhY2VzLlNlYXJjaFRleHQQAhgEIAA"}},{"type":"Feature","geometry":{"type":"Point","coordinates":[73.71126,20.007469]},"properties":{"Taluka":"Nashik","Zone":"Satpur","Category":"Ashram / Math","Name":"Shree Swami Samarth Math","Type":"Hindu Temple","Rating":"4.6","Review Count":"30","Address":"2P46+XGJ, Shivaji Nagar, Satpur Colony, Nashik, Maharashtra 422012, India","Opening Hours":"Monday: Closed | Tuesday: Closed | Wednesday: Open 24 hours | Thursday: Closed | Friday: Closed | Saturday: Closed | Sunday: Open 24 hours","Maps Link":"https://maps.google.com/?cid=10900586866845001078&g_mp=Cidnb29nbGUubWFwcy5wbGFjZXMudjEuUGxhY2VzLlNlYXJjaFRleHQQAhgEIAA"}},{"type":"Feature","geometry":{"type":"Point","coordinates":[73.7255386,19.989711]},"properties":{"Taluka":"Nashik","Zone":"Satpur","Category":"Jain Temple","Name":"Satpur Jain Sthanak","Type":"Place of Worship","Rating":"4","Review Count":"1","Address":"774, MHB Colony, Satpur Colony, Nashik, Maharashtra 422007, India","Maps Link":"https://maps.google.com/?cid=5356272935457446233&g_mp=Cidnb29nbGUubWFwcy5wbGFjZXMudjEuUGxhY2VzLlNlYXJjaFRleHQQAhgEIAA"}},{"type":"Feature","geometry":{"type":"Point","coordinates":[73.742285,19.944449]},"properties":{"Taluka":"Nashik","Zone":"Satpur","Category":"Buddhist Temple / Stupa","Name":"Akash Gaikwad","Type":"Buddhist Temple","Rating":"5","Review Count":"1","Address":"22, MIDC Ambad, Nashik, Maharashtra 422010, India","Opening Hours":"Monday: Open 24 hours | Tuesday: Open 24 hours | Wednesday: Open 24 hours | Thursday: Open 24 hours | Friday: Open 24 hours | Saturday: Open 24 hours | Sunday: Closed","Maps Link":"https://maps.google.com/?cid=385410239254656389&g_mp=Cidnb29nbGUubWFwcy5wbGFjZXMudjEuUGxhY2VzLlNlYXJjaFRleHQQAhgEIAA"}},{"type":"Feature","geometry":{"type":"Point","coordinates":[73.7264094,19.98864]},"properties":{"Taluka":"Nashik","Zone":"Satpur","Category":"Buddhist Temple / Stupa","Name":"Satpur Colony Buddhist Temple","Type":"Buddhist Temple","Rating":"5","Review Count":"2","Address":"XPQG+FH3, Samta Nagar, Satpur Colony, Nashik, Maharashtra 422007, India","Maps Link":"https://maps.google.com/?cid=12158925907761345736&g_mp=Cidnb29nbGUubWFwcy5wbGFjZXMudjEuUGxhY2VzLlNlYXJjaFRleHQQAhgEIAA"}},{"type":"Feature","geometry":{"type":"Point","coordinates":[73.7205611,19.9968987]},"properties":{"Taluka":"Nashik","Zone":"Satpur","Category":"Buddhist Temple / Stupa","Name":"त्रीरेश्मी बुद्ध विहार प्रबुद्ध नगर सातपूर","Type":"Buddhist Temple","Review Count":"0","Address":"XPWC+Q63, महिंद्र झोपडपट्टी, Prabudha Nagar, Satpur Colony, Nashik, Maharashtra 422012, India","Maps Link":"https://maps.google.com/?cid=16028879276096147622&g_mp=Cidnb29nbGUubWFwcy5wbGFjZXMudjEuUGxhY2VzLlNlYXJjaFRleHQQAhgEIAA"}},{"type":"Feature","geometry":{"type":"Point","coordinates":[73.7656029,19.9718118]},"properties":{"Taluka":"Nashik","Zone":"Satpur","Category":"Other Religious Site","Name":"Hanumaan Chowk","Type":"Hindu Temple","Rating":"4.1","Review Count":"9","Address":"XQC8+P6H, Shri Ram Colony, Nashik, Maharashtra 422009, India","Opening Hours":"Monday: Open 24 hours | Tuesday: Open 24 hours | Wednesday: Open 24 hours | Thursday: Open 24 hours | Friday: Open 24 hours | Saturday: Open 24 hours | Sunday: Open 24 hours","Maps Link":"https://maps.google.com/?cid=16645921576539830422&g_mp=Cidnb29nbGUubWFwcy5wbGFjZXMudjEuUGxhY2VzLlNlYXJjaFRleHQQAhgEIAA"}},{"type":"Feature","geometry":{"type":"Point","coordinates":[73.7293496,19.9597534]},"properties":{"Taluka":"Nashik","Zone":"Satpur","Category":"Other Religious Site","Name":"KAKDEMAHARAJ ASHRUM","Type":"Hindu Temple","Rating":"5","Review Count":"1","Address":"XP5H+WP5, AMBIKANAGAR, behind ANANDVATIK BUILDING, Ambedkar Nagar, MIDC Ambad, Nashik, Maharashtra 422010, India","Opening Hours":"Monday: 6:44 – 11:01 AM | Tuesday: 6:44 – 11:01 AM | Wednesday: 6:44 – 11:01 AM | Thursday: 6:44 – 11:01 AM | Friday: 6:44 – 11:01 AM | Saturday: 6:44 – 11:01 AM | Sunday: 6:44 – 11:01 AM","Maps Link":"https://maps.google.com/?cid=9486478144100954975&g_mp=Cidnb29nbGUubWFwcy5wbGFjZXMudjEuUGxhY2VzLlNlYXJjaFRleHQQAhgEIAA"}},{"type":"Feature","geometry":{"type":"Point","coordinates":[73.7653102,19.9695422]},"properties":{"Taluka":"Nashik","Zone":"Satpur","Category":"Other Religious Site","Name":"SHRI SWAMI SAMARTHA SEVA KENDRA,GANESH CHOWK","Type":"Hindu Temple","Rating":"3.8","Review Count":"11","Address":"XQ98+R47, Veer Sawarkar Marg, श्रावण सेक्टर, MIDC Ambad, Nashik, Maharashtra 422009, India","Opening Hours":"Monday: 8:00 AM – 9:00 PM | Tuesday: 8:00 AM – 9:00 PM | Wednesday: 8:00 AM – 9:00 PM | Thursday: 8:00 AM – 9:00 PM | Friday: 8:00 AM – 9:00 PM | Saturday: 8:00 AM – 9:00 PM | Sunday: 8:00 AM – 9:00 PM","Maps Link":"https://maps.google.com/?cid=9232780187011308222&g_mp=Cidnb29nbGUubWFwcy5wbGFjZXMudjEuUGxhY2VzLlNlYXJjaFRleHQQAhgEIAA"}},{"type":"Feature","geometry":{"type":"Point","coordinates":[73.7509151,19.9973427]},"properties":{"Taluka":"Nashik","Zone":"Satpur","Category":"Other Religious Site","Name":"Satpur Gram Devta Prachin Kalin Devi Madir Khetra","Type":"Place of Worship","Rating":"5","Review Count":"2","Address":"s 13, Plot no o, near Tdk company, MIDC Area, MIDC, Satpur Colony, Nashik, Maharashtra 422005, India","Maps Link":"https://maps.google.com/?cid=5548489041894746014&g_mp=Cidnb29nbGUubWFwcy5wbGFjZXMudjEuUGxhY2VzLlNlYXJjaFRleHQQAhgEIAA"}},{"type":"Feature","geometry":{"type":"Point","coordinates":[73.7225466,19.9905462]},"properties":{"Taluka":"Nashik","Zone":"Satpur","Category":"Other Religious Site","Name":"Satpurcha Raja Sarvajanik ganesh ustav Satpur","Type":"Hindu Temple","Review Count":"0","Address":"1251, MHB Colony, Satpur Colony, Nashik, Maharashtra 422007, India","Maps Link":"https://maps.google.com/?cid=17037130922304390987&g_mp=Cidnb29nbGUubWFwcy5wbGFjZXMudjEuUGxhY2VzLlNlYXJjaFRleHQQAhgEIAA"}},{"type":"Feature","geometry":{"type":"Point","coordinates":[73.7256387,19.9907786]},"properties":{"Taluka":"Nashik","Zone":"Satpur","Category":"Other Religious Site","Name":"Shri Swami Samarth Kendra","Type":"Hindu Temple","Rating":"4.3","Review Count":"23","Phone":"090212 37453","Address":"569, Satpur Colony Main Road, Shivaji Garden, MHB Colony, Satpur Colony, Shivaji Garden, MHB Colony, Satpur Colony, Nashik, Maharashtra 422007, India","Opening Hours":"Monday: 7:00 AM – 8:00 PM | Tuesday: 7:00 AM – 8:00 PM | Wednesday: 7:00 AM – 8:00 PM | Thursday: 7:00 AM – 8:00 PM | Friday: 7:00 AM – 8:00 PM | Saturday: 7:00 AM – 8:00 PM | Sunday: 7:00 AM – 8:00 PM","Maps Link":"https://maps.google.com/?cid=1969001696925346511&g_mp=Cidnb29nbGUubWFwcy5wbGFjZXMudjEuUGxhY2VzLlNlYXJjaFRleHQQAhgEIAA"}},{"type":"Feature","geometry":{"type":"Point","coordinates":[73.7322795,20.0073654]},"properties":{"Taluka":"Nashik","Zone":"Satpur","Category":"Other Religious Site","Name":"Soulmates","Type":"Hindu Temple","Rating":"5","Review Count":"1","Address":"Nigal Tenement, Sadguru Nagar, Satpur Colony, Nashik, Maharashtra 422007, India","Maps Link":"https://maps.google.com/?cid=15416436323696316093&g_mp=Cidnb29nbGUubWFwcy5wbGFjZXMudjEuUGxhY2VzLlNlYXJjaFRleHQQAhgEIAA"}},{"type":"Feature","geometry":{"type":"Point","coordinates":[73.7345243,19.9899974]},"properties":{"Taluka":"Nashik","Zone":"Satpur","Category":"Other Religious Site","Name":"श्री स्वामी समर्थ केंद्र सातपूर गाव","Type":"Hindu Temple","Review Count":"0","Address":"XPQM+XRR, Satpur Gaon, Satpur Colony, Nashik, Maharashtra 422007, India","Opening Hours":"Monday: Open 24 hours | Tuesday: Open 24 hours | Wednesday: Open 24 hours | Thursday: Open 24 hours | Friday: Open 24 hours | Saturday: Open 24 hours | Sunday: Open 24 hours","Maps Link":"https://maps.google.com/?cid=15815944393379963990&g_mp=Cidnb29nbGUubWFwcy5wbGFjZXMudjEuUGxhY2VzLlNlYXJjaFRleHQQAhgEIAA"}},{"type":"Feature","geometry":{"type":"Point","coordinates":[73.7611434,19.970383]},"properties":{"Taluka":"Nashik","Zone":"Cidco / Gangapur","Category":"Mandir / Temple","Name":"Bajrang Mandir","Type":"Hindu Temple","Rating":"5","Review Count":"1","Address":"XQC6+5F2, Dutt Chowk, New Cidco, Nashik, Maharashtra 422009, India","Maps Link":"https://maps.google.com/?cid=9414814840945246992&g_mp=Cidnb29nbGUubWFwcy5wbGFjZXMudjEuUGxhY2VzLlNlYXJjaFRleHQQAhgEIAA"}},{"type":"Feature","geometry":{"type":"Point","coordinates":[73.7583594,19.9693125]},"properties":{"Taluka":"Nashik","Zone":"Cidco / Gangapur","Category":"Mandir / Temple","Name":"Bhole Shankar Mandir","Type":"Hindu Temple","Rating":"3","Review Count":"2","Phone":"098906 62065","Address":"XQ95+P8H, Saibaba Nagar, Cidco, Nashik, Maharashtra 422008, India","Opening Hours":"Monday: 9:00 AM – 7:00 PM | Tuesday: 9:00 AM – 7:00 PM | Wednesday: 9:00 AM – 7:00 PM | Thursday: 9:00 AM – 7:00 PM | Friday: 9:00 AM – 7:00 PM | Saturday: 9:00 AM – 7:00 PM | Sunday: 9:00 AM – 7:00 PM","Maps Link":"https://maps.google.com/?cid=6866302572532710174&g_mp=Cidnb29nbGUubWFwcy5wbGFjZXMudjEuUGxhY2VzLlNlYXJjaFRleHQQAhgEIAA"}},{"type":"Feature","geometry":{"type":"Point","coordinates":[73.7567635,19.9789038]},"properties":{"Taluka":"Nashik","Zone":"Cidco / Gangapur","Category":"Mandir / Temple","Name":"Chaitanya hanuman temple, savata nagar, cidco nashik","Type":"Hindu Temple","Rating":"5","Review Count":"2","Address":"N 42-JE-2-5-4, Savata Nagar, Nashik, Maharashtra 422008, India","Maps Link":"https://maps.google.com/?cid=2249821095657024527&g_mp=Cidnb29nbGUubWFwcy5wbGFjZXMudjEuUGxhY2VzLlNlYXJjaFRleHQQAhgEIAA"}},{"type":"Feature","geometry":{"type":"Point","coordinates":[73.7687891,20.0146189]},"properties":{"Taluka":"Nashik","Zone":"Cidco / Gangapur","Category":"Mandir / Temple","Name":"Datta Mandir","Type":"Hindu Temple","Rating":"4","Review Count":"56","Address":"2Q79+RGV, Swami Vivekanand Rd, Near Power Station, Chovan Colony, Chovon Colony, Sahdev Nagar, Nashik, Maharashtra 422013, India","Maps Link":"https://maps.google.com/?cid=15005432645521344105&g_mp=Cidnb29nbGUubWFwcy5wbGFjZXMudjEuUGxhY2VzLlNlYXJjaFRleHQQAhgEIAA"}},{"type":"Feature","geometry":{"type":"Point","coordinates":[73.8106652,20.0132244]},"properties":{"Taluka":"Nashik","Zone":"Cidco / Gangapur","Category":"Mandir / Temple","Name":"Devi Mandir","Type":"Hindu Temple","Review Count":"0","Address":"2R76+77M, Trimurti Nagar, Adgaon Naka, Vijay Nagar, Nashik, Maharashtra 422003, India","Maps Link":"https://maps.google.com/?cid=10721289356154147531&g_mp=Cidnb29nbGUubWFwcy5wbGFjZXMudjEuUGxhY2VzLlNlYXJjaFRleHQQAhgEIAA"}},{"type":"Feature","geometry":{"type":"Point","coordinates":[73.755755,19.9734128]},"properties":{"Taluka":"Nashik","Zone":"Cidco / Gangapur","Category":"Mandir / Temple","Name":"Ichhapurti Ganesh Temple","Type":"Hindu Temple","Rating":"4.5","Review Count":"6","Address":"Pawan Nagar Road Opposite Karmaveer Bhaurao Hire Vidyalaya, Saibaba Nagar, Cidco, XQF4+986, Rajratna Nagar, Pawan Nagar, Nashik, Maharashtra 422008, India","Opening Hours":"Monday: 6:00 AM – 10:00 PM | Tuesday: 6:00 AM – 10:00 PM | Wednesday: 6:00 AM – 10:00 PM | Thursday: 6:00 AM – 10:00 PM | Friday: 6:00 AM – 10:00 PM | Saturday: 6:00 AM – 10:00 PM | Sunday: 6:00 AM – 10:00 PM","Maps Link":"https://maps.google.com/?cid=5041245420338387614&g_mp=Cidnb29nbGUubWFwcy5wbGFjZXMudjEuUGxhY2VzLlNlYXJjaFRleHQQAhgEIAA"}},{"type":"Feature","geometry":{"type":"Point","coordinates":[73.7571959,19.966763]},"properties":{"Taluka":"Nashik","Zone":"Cidco / Gangapur","Category":"Mandir / Temple","Name":"Jagdamba Mata Mandir","Type":"Hindu Temple","Rating":"5","Review Count":"2","Address":"XQ84+PV4, Sahyadri Chowk, Cidco, Nashik, Maharashtra 422009, India","Maps Link":"https://maps.google.com/?cid=9924829262624881875&g_mp=Cidnb29nbGUubWFwcy5wbGFjZXMudjEuUGxhY2VzLlNlYXJjaFRleHQQAhgEIAA"}},{"type":"Feature","geometry":{"type":"Point","coordinates":[73.7585119,19.9675659]},"properties":{"Taluka":"Nashik","Zone":"Cidco / Gangapur","Category":"Mandir / Temple","Name":"Jai Maa Santoshi Temple","Type":"Hindu Temple","Rating":"4.2","Review Count":"5","Address":"Pandit Nagar, XQ95+2CC, Morwadi Rd, Cidco, Nashik, Maharashtra 422009, India","Opening Hours":"Monday: 9:00 AM – 10:00 PM | Tuesday: 9:00 AM – 10:00 PM | Wednesday: 9:00 AM – 10:00 PM | Thursday: 9:00 AM – 10:00 PM | Friday: 9:00 AM – 10:00 PM | Saturday: 9:00 AM – 10:00 PM | Sunday: 9:00 AM – 10:00 PM","Maps Link":"https://maps.google.com/?cid=1479777971659171024&g_mp=Cidnb29nbGUubWFwcy5wbGFjZXMudjEuUGxhY2VzLlNlYXJjaFRleHQQAhgEIAA"}},{"type":"Feature","geometry":{"type":"Point","coordinates":[73.717441,20.0362227]},"properties":{"Taluka":"Nashik","Zone":"Cidco / Gangapur","Category":"Mandir / Temple","Name":"Janardhan Swami Mandir","Type":"Hindu Temple","Rating":"5","Review Count":"3","Address":"2PP8+FXP, Unnamed Road, Gangapur, Govardhan, Maharashtra 422222, India","Maps Link":"https://maps.google.com/?cid=6812455970897228616&g_mp=Cidnb29nbGUubWFwcy5wbGFjZXMudjEuUGxhY2VzLlNlYXJjaFRleHQQAhgEIAA"}},{"type":"Feature","geometry":{"type":"Point","coordinates":[73.7165576,20.0334544]},"properties":{"Taluka":"Nashik","Zone":"Cidco / Gangapur","Category":"Mandir / Temple","Name":"Kalika Mata Mandir","Type":"Hindu Temple","Rating":"4.8","Review Count":"4","Address":"42, Ahilyadevi Chowk, Gholap Galli, Gangapur, Nashik, Maharashtra 422222, India","Maps Link":"https://maps.google.com/?cid=11451660197475209783&g_mp=Cidnb29nbGUubWFwcy5wbGFjZXMudjEuUGxhY2VzLlNlYXJjaFRleHQQAhgEIAA"}},{"type":"Feature","geometry":{"type":"Point","coordinates":[73.7572247,19.9667833]},"properties":{"Taluka":"Nashik","Zone":"Cidco / Gangapur","Category":"Mandir / Temple","Name":"Khanderao Maharaj Mandir","Type":"Hindu Temple","Rating":"4.3","Review Count":"18","Phone":"088881 39090","Address":"Khanderao Maharaj Chowk, Pandit Nagar, Cidco, Nashik, Maharashtra 422009, India","Maps Link":"https://maps.google.com/?cid=2967000987821874275&g_mp=Cidnb29nbGUubWFwcy5wbGFjZXMudjEuUGxhY2VzLlNlYXJjaFRleHQQAhgEIAA"}},{"type":"Feature","geometry":{"type":"Point","coordinates":[73.7724279,19.9771599]},"properties":{"Taluka":"Nashik","Zone":"Cidco / Gangapur","Category":"Mandir / Temple","Name":"Khanderao Maharaj Mandir","Type":"Hindu Temple","Rating":"4.4","Review Count":"17","Phone":"073044 57776","Address":"Ashokvan Colony, 7/12, NH 3, Old Cidco, Shanti Nagar, Cidco, Nashik, Maharashtra 422009, India","Maps Link":"https://maps.google.com/?cid=11623576947384334079&g_mp=Cidnb29nbGUubWFwcy5wbGFjZXMudjEuUGxhY2VzLlNlYXJjaFRleHQQAhgEIAA"}},{"type":"Feature","geometry":{"type":"Point","coordinates":[73.7461305,20.0150606]},"properties":{"Taluka":"Nashik","Zone":"Cidco / Gangapur","Category":"Mandir / Temple","Name":"Mandir","Review Count":"0","Address":"Mandir, 9, Gangapur Rd, near Navshya Ganpati, Navshya Ganapati Parisar, Ganpati Nagar, Anandvalli, Nashik, Maharashtra 422013, India","Maps Link":"https://maps.google.com/?cid=13078739664623662738&g_mp=Cidnb29nbGUubWFwcy5wbGFjZXMudjEuUGxhY2VzLlNlYXJjaFRleHQQAhgEIAA"}},{"type":"Feature","geometry":{"type":"Point","coordinates":[73.7169332,20.0310991]},"properties":{"Taluka":"Nashik","Zone":"Cidco / Gangapur","Category":"Mandir / Temple","Name":"Marimata Mandir","Type":"Hindu Temple","Rating":"5","Review Count":"2","Address":"2PJ8+CQM, near shri Khandero and Shri Hanuman Mandir, Gangapur, Nashik, Maharashtra 422222, India","Maps Link":"https://maps.google.com/?cid=8069899115191746012&g_mp=Cidnb29nbGUubWFwcy5wbGFjZXMudjEuUGxhY2VzLlNlYXJjaFRleHQQAhgEIAA"}},{"type":"Feature","geometry":{"type":"Point","coordinates":[73.7546845,19.965184]},"properties":{"Taluka":"Nashik","Zone":"Cidco / Gangapur","Category":"Mandir / Temple","Name":"Maruti Mandir","Type":"Hindu Temple","Rating":"4.5","Review Count":"2","Address":"Near, Shivpuri Chowk, New Cidco, Uttam Nagar, Nashik, Maharashtra 422008, India","Maps Link":"https://maps.google.com/?cid=16845219293068836821&g_mp=Cidnb29nbGUubWFwcy5wbGFjZXMudjEuUGxhY2VzLlNlYXJjaFRleHQQAhgEIAA"}},{"type":"Feature","geometry":{"type":"Point","coordinates":[73.767102,19.973164]},"properties":{"Taluka":"Nashik","Zone":"Cidco / Gangapur","Category":"Mandir / Temple","Name":"Om Hareshwar Mahadev Mandir","Type":"Hindu Temple","Rating":"4.6","Review Count":"17","Phone":"086258 32479","Address":"Rana Pratap Chowk, Near Aundumbar Nagar, 29/9/1, Rana Pratap Chowk Rd, near Aundumbar Nagar, Maharanapratap Chowk, Cidco, Nashik, Maharashtra 422009, India","Opening Hours":"Monday: Open 24 hours | Tuesday: Open 24 hours | Wednesday: Open 24 hours | Thursday: Open 24 hours | Friday: Open 24 hours | Saturday: Open 24 hours | Sunday: Open 24 hours","Maps Link":"https://maps.google.com/?cid=3737834233254447427&g_mp=Cidnb29nbGUubWFwcy5wbGFjZXMudjEuUGxhY2VzLlNlYXJjaFRleHQQAhgEIAA"}},{"type":"Feature","geometry":{"type":"Point","coordinates":[73.8067354,20.0125385]},"properties":{"Taluka":"Nashik","Zone":"Cidco / Gangapur","Category":"Mandir / Temple","Name":"Om Narmadeshwar Mahadev ( Shiva Temple)","Type":"Hindu Temple","Rating":"4.9","Review Count":"7","Address":"P-47, Shivam Nagar, Adgaon Naka, Om Nagar, Nashik, Maharashtra 422003, India","Maps Link":"https://maps.google.com/?cid=10171381178475686508&g_mp=Cidnb29nbGUubWFwcy5wbGFjZXMudjEuUGxhY2VzLlNlYXJjaFRleHQQAhgEIAA"}},{"type":"Feature","geometry":{"type":"Point","coordinates":[73.7667916,19.9674133]},"properties":{"Taluka":"Nashik","Zone":"Cidco / Gangapur","Category":"Mandir / Temple","Name":"Om Shree Gurudev Datta Mandir","Type":"Hindu Temple","Rating":"4.8","Review Count":"16","Address":"Ekta Chowk, XQ88+XP7, Swami Vivekanand Nagar, Cidco, Nashik, Maharashtra 422009, India","Maps Link":"https://maps.google.com/?cid=2974155992439953629&g_mp=Cidnb29nbGUubWFwcy5wbGFjZXMudjEuUGxhY2VzLlNlYXJjaFRleHQQAhgEIAA"}},{"type":"Feature","geometry":{"type":"Point","coordinates":[73.7579836,19.9654763]},"properties":{"Taluka":"Nashik","Zone":"Cidco / Gangapur","Category":"Mandir / Temple","Name":"Om Shree Shaneshwar Mandir","Type":"Hindu Temple","Rating":"5","Review Count":"2","Address":"XQ85+55X, Bhadrapad Sector, CIDCO, Morwadi, Nashik, Maharashtra 422009, India","Maps Link":"https://maps.google.com/?cid=17099973842205302324&g_mp=Cidnb29nbGUubWFwcy5wbGFjZXMudjEuUGxhY2VzLlNlYXJjaFRleHQQAhgEIAA"}},{"type":"Feature","geometry":{"type":"Point","coordinates":[73.7223578,20.0295386]},"properties":{"Taluka":"Nashik","Zone":"Cidco / Gangapur","Category":"Mandir / Temple","Name":"Padmavati Mata Temple","Type":"Place of Worship","Rating":"5","Review Count":"21","Address":"2PHC+RW9, Way to Dr Ambedkar Nagar, Gangapur, Nashik, Maharashtra 422222, India","Maps Link":"https://maps.google.com/?cid=9503088786116256210&g_mp=Cidnb29nbGUubWFwcy5wbGFjZXMudjEuUGxhY2VzLlNlYXJjaFRleHQQAhgEIAA"}},{"type":"Feature","geometry":{"type":"Point","coordinates":[73.7601967,20.0153281]},"properties":{"Taluka":"Nashik","Zone":"Cidco / Gangapur","Category":"Mandir / Temple","Name":"Parnerkar Maharaj Mandir","Review Count":"0","Address":"Parnerkar Maharaj Mandir, Gangapur Rd, Pratiksha Society, Purnvad Nagar, Nashik, Maharashtra 422013, India","Maps Link":"https://maps.google.com/?cid=16354688957569925441&g_mp=Cidnb29nbGUubWFwcy5wbGFjZXMudjEuUGxhY2VzLlNlYXJjaFRleHQQAhgEIAA"}},{"type":"Feature","geometry":{"type":"Point","coordinates":[73.705825,19.9986879]},"properties":{"Taluka":"Nashik","Zone":"Cidco / Gangapur","Category":"Mandir / Temple","Name":"Patankar BaBa Devi Mandir, Saptashrungi Chowk, Near New Swami Samarth Kendra, Shramik Nagar, satpur, Nasik 422012","Type":"Hindu Temple","Rating":"5","Review Count":"2","Address":"Shramik Nagar, Nashik, Maharashtra 422007, India","Opening Hours":"Monday: 9:00 AM – 9:00 PM | Tuesday: 9:00 AM – 9:00 PM | Wednesday: 9:00 AM – 9:00 PM | Thursday: 9:00 AM – 9:00 PM | Friday: 9:00 AM – 9:00 PM | Saturday: 9:00 AM – 9:00 PM | Sunday: 9:00 AM – 9:00 PM","Maps Link":"https://maps.google.com/?cid=8131307940106821279&g_mp=Cidnb29nbGUubWFwcy5wbGFjZXMudjEuUGxhY2VzLlNlYXJjaFRleHQQAhgEIAA"}},{"type":"Feature","geometry":{"type":"Point","coordinates":[73.7594563,19.9804353]},"properties":{"Taluka":"Nashik","Zone":"Cidco / Gangapur","Category":"Mandir / Temple","Name":"Radha Krishna Mandir","Type":"Hindu Temple","Rating":"4","Review Count":"16","Address":"JE216-4, Radhe Krishna Mandir Chowk, N 42, Cidco Rd, Naveen Cidco, Savata Nagar, Nashik, Maharashtra 422008, India","Maps Link":"https://maps.google.com/?cid=8724474793570415741&g_mp=Cidnb29nbGUubWFwcy5wbGFjZXMudjEuUGxhY2VzLlNlYXJjaFRleHQQAhgEIAA"}},{"type":"Feature","geometry":{"type":"Point","coordinates":[73.746689,20.0180039]},"properties":{"Taluka":"Nashik","Zone":"Cidco / Gangapur","Category":"Mandir / Temple","Name":"Rameshwar Mahadev Mandir","Type":"Hindu Temple","Rating":"4.3","Review Count":"22","Address":"2P9W+6M4, Gangapur Rd, Near Godavari River, Bajarangnagar, Anandvalli, Nashik, Maharashtra 422013, India","Opening Hours":"Monday: Open 24 hours | Tuesday: Open 24 hours | Wednesday: Open 24 hours | Thursday: Open 24 hours | Friday: Open 24 hours | Saturday: Open 24 hours | Sunday: Open 24 hours","Maps Link":"https://maps.google.com/?cid=5217963149488574426&g_mp=Cidnb29nbGUubWFwcy5wbGFjZXMudjEuUGxhY2VzLlNlYXJjaFRleHQQAhgEIAA"}},{"type":"Feature","geometry":{"type":"Point","coordinates":[73.7541119,19.984289]},"properties":{"Taluka":"Nashik","Zone":"Cidco / Gangapur","Category":"Mandir / Temple","Name":"Rameshwar Mahadev Mandir","Type":"Hindu Temple","Rating":"4.6","Review Count":"10","Address":"XQM3+PJ9, Ambad-Trimurti Chowk Link Rd, Shivshakti Nagar, Nashik, Maharashtra 422008, India","Opening Hours":"Monday: 8:00 AM – 10:00 PM | Tuesday: 8:00 AM – 10:00 PM | Wednesday: 8:00 AM – 10:00 PM | Thursday: 8:00 AM – 10:00 PM | Friday: 8:00 AM – 10:00 PM | Saturday: 8:00 AM – 10:00 PM | Sunday: 8:00 AM – 10:00 PM","Maps Link":"https://maps.google.com/?cid=18327740906627133902&g_mp=Cidnb29nbGUubWFwcy5wbGFjZXMudjEuUGxhY2VzLlNlYXJjaFRleHQQAhgEIAA"}},{"type":"Feature","geometry":{"type":"Point","coordinates":[73.77349,19.9540905]},"properties":{"Taluka":"Nashik","Zone":"Cidco / Gangapur","Category":"Mandir / Temple","Name":"Rameshwar Mahadev Mandir","Type":"Hindu Temple","Rating":"4.8","Review Count":"41","Address":"XQ3F+J9Q, Pathardi Rd, Near Samarth Nagar, Samarth Nagar, Dnyaneshwar Nagar, Indira Nagar, Nashik, Maharashtra 422009, India","Maps Link":"https://maps.google.com/?cid=14112833919435421051&g_mp=Cidnb29nbGUubWFwcy5wbGFjZXMudjEuUGxhY2VzLlNlYXJjaFRleHQQAhgEIAA"}},{"type":"Feature","geometry":{"type":"Point","coordinates":[73.7673396,20.0093055]},"properties":{"Taluka":"Nashik","Zone":"Cidco / Gangapur","Category":"Mandir / Temple","Name":"Renuka Mata Mandir","Type":"Hindu Temple","Rating":"4.4","Review Count":"17","Address":"2Q58+PWG, Gangapur Rd, Union Bank ATM, Shreerang Nagar, Nashik, Maharashtra 422013, India","Maps Link":"https://maps.google.com/?cid=13911694697729252724&g_mp=Cidnb29nbGUubWFwcy5wbGFjZXMudjEuUGxhY2VzLlNlYXJjaFRleHQQAhgEIAA"}},{"type":"Feature","geometry":{"type":"Point","coordinates":[73.7607929,19.974432]},"properties":{"Taluka":"Nashik","Zone":"Cidco / Gangapur","Category":"Mandir / Temple","Name":"Sai Baba Mandir","Type":"Hindu Temple","Rating":"3.6","Review Count":"8","Address":"XQF6+Q8F, Torna Nagar, Cidco, Nashik, Maharashtra 422009, India","Maps Link":"https://maps.google.com/?cid=18120804275373350936&g_mp=Cidnb29nbGUubWFwcy5wbGFjZXMudjEuUGxhY2VzLlNlYXJjaFRleHQQAhgEIAA"}},{"type":"Feature","geometry":{"type":"Point","coordinates":[73.756457,19.980224]},"properties":{"Taluka":"Nashik","Zone":"Cidco / Gangapur","Category":"Mandir / Temple","Name":"Sai Baba Mandir","Type":"Place of Worship","Rating":"4.7","Review Count":"7","Address":"XQJ4+3HP, Pavan Nagar - Uttam Nagar Rd, near Savata Nagar Bus Stop, Savata Nagar, Nashik, Maharashtra 422008, India","Maps Link":"https://maps.google.com/?cid=7479912294083219082&g_mp=Cidnb29nbGUubWFwcy5wbGFjZXMudjEuUGxhY2VzLlNlYXJjaFRleHQQAhgEIAA"}},{"type":"Feature","geometry":{"type":"Point","coordinates":[73.7697605,19.9756696]},"properties":{"Taluka":"Nashik","Zone":"Cidco / Gangapur","Category":"Mandir / Temple","Name":"Sai Baba Mandir","Type":"Point of interest","Rating":"5","Review Count":"1","Address":"N-3, sai baba temple, L-18, Old Cidco, Lekha Nagar, Nashik, Maharashtra 422009, India","Maps Link":"https://maps.google.com/?cid=11164478468709179859&g_mp=Cidnb29nbGUubWFwcy5wbGFjZXMudjEuUGxhY2VzLlNlYXJjaFRleHQQAhgEIAA"}},{"type":"Feature","geometry":{"type":"Point","coordinates":[73.7542783,19.9635462]},"properties":{"Taluka":"Nashik","Zone":"Cidco / Gangapur","Category":"Mandir / Temple","Name":"Sai Baba Mandir Samajik Sabhagruha","Type":"Hindu Temple","Rating":"4.3","Review Count":"3","Address":"XQ73+CP6, Opp. Upendra Nagar, Shravan Sector, New Cidco, Uttam Nagar, Nashik, Maharashtra 422008, India","Maps Link":"https://maps.google.com/?cid=5222096115744587096&g_mp=Cidnb29nbGUubWFwcy5wbGFjZXMudjEuUGxhY2VzLlNlYXJjaFRleHQQAhgEIAA"}},{"type":"Feature","geometry":{"type":"Point","coordinates":[73.7579289,19.9714243]},"properties":{"Taluka":"Nashik","Zone":"Cidco / Gangapur","Category":"Mandir / Temple","Name":"Sai Baba Temple","Type":"Hindu Temple","Rating":"4.6","Review Count":"16","Address":"XQC5+H57, Saibaba Nagar, Cidco, Nashik, Maharashtra 422008, India","Maps Link":"https://maps.google.com/?cid=4890757264853744395&g_mp=Cidnb29nbGUubWFwcy5wbGFjZXMudjEuUGxhY2VzLlNlYXJjaFRleHQQAhgEIAA"}},{"type":"Feature","geometry":{"type":"Point","coordinates":[73.7697601,19.9756705]},"properties":{"Taluka":"Nashik","Zone":"Cidco / Gangapur","Category":"Mandir / Temple","Name":"Sai Baba Temple Om Sai Nath Trust","Type":"Hindu Temple","Rating":"5","Review Count":"1","Address":"Shivaji Chowk, Old Cidco, Shanti Nagar, Lekha Nagar, Nashik, Maharashtra 422009, India","Opening Hours":"Monday: Open 24 hours | Tuesday: Open 24 hours | Wednesday: Open 24 hours | Thursday: Open 24 hours | Friday: Open 24 hours | Saturday: Open 24 hours | Sunday: Open 24 hours","Maps Link":"https://maps.google.com/?cid=13435901706427997378&g_mp=Cidnb29nbGUubWFwcy5wbGFjZXMudjEuUGxhY2VzLlNlYXJjaFRleHQQAhgEIAA"}},{"type":"Feature","geometry":{"type":"Point","coordinates":[73.7697659,19.9756959]},"properties":{"Taluka":"Nashik","Zone":"Cidco / Gangapur","Category":"Mandir / Temple","Name":"Sai Baba Temple Om Sai Nath Trust","Type":"Hindu Temple","Review Count":"0","Address":"N 3/L/40, Juen, Cidco, Nashik, Maharashtra 422009, India","Maps Link":"https://maps.google.com/?cid=12579229565739595668&g_mp=Cidnb29nbGUubWFwcy5wbGFjZXMudjEuUGxhY2VzLlNlYXJjaFRleHQQAhgEIAA"}},{"type":"Feature","geometry":{"type":"Point","coordinates":[73.8071877,20.0345942]},"properties":{"Taluka":"Nashik","Zone":"Cidco / Gangapur","Category":"Mandir / Temple","Name":"Sai Mandir","Type":"Hindu Temple","Rating":"4.7","Review Count":"37","Address":"2RM4+RVP, Dev Raj Sankul Rd, Gayatri Nagar, Pokar Colony, Vaiduwadi, Nashik, Maharashtra 422004, India","Opening Hours":"Monday: Open 24 hours | Tuesday: Open 24 hours | Wednesday: Open 24 hours | Thursday: Open 24 hours | Friday: Open 24 hours | Saturday: Open 24 hours | Sunday: Open 24 hours","Maps Link":"https://maps.google.com/?cid=5117348423436549950&g_mp=Cidnb29nbGUubWFwcy5wbGFjZXMudjEuUGxhY2VzLlNlYXJjaFRleHQQAhgEIAA"}},{"type":"Feature","geometry":{"type":"Point","coordinates":[73.7651379,19.9649753]},"properties":{"Taluka":"Nashik","Zone":"Cidco / Gangapur","Category":"Mandir / Temple","Name":"Sai Temple","Type":"Hindu Temple","Rating":"4.7","Review Count":"3","Address":"Near Dhandai Apartment, Swami Vivekanand Nagar, Shri Ram Colony, Nashik, Maharashtra 422009, India","Opening Hours":"Monday: 4:15 – 9:45 AM | Tuesday: 4:15 – 9:45 AM | Wednesday: 4:15 – 9:45 AM | Thursday: 4:15 – 9:45 AM | Friday: 4:15 – 9:45 AM | Saturday: 4:15 – 9:45 AM | Sunday: 4:15 – 9:45 AM","Maps Link":"https://maps.google.com/?cid=819655959762372262&g_mp=Cidnb29nbGUubWFwcy5wbGFjZXMudjEuUGxhY2VzLlNlYXJjaFRleHQQAhgEIAA"}},{"type":"Feature","geometry":{"type":"Point","coordinates":[73.7800102,20.0058307]},"properties":{"Taluka":"Nashik","Zone":"Cidco / Gangapur","Category":"Mandir / Temple","Name":"Saibaba Mandir","Type":"Hindu Temple","Rating":"4.2","Review Count":"5","Address":"2Q4J+82J, Gangapur Rd, Police Staff Colony, Nashik, Maharashtra 422002, India","Maps Link":"https://maps.google.com/?cid=3668329314035033291&g_mp=Cidnb29nbGUubWFwcy5wbGFjZXMudjEuUGxhY2VzLlNlYXJjaFRleHQQAhgEIAA"}},{"type":"Feature","geometry":{"type":"Point","coordinates":[73.7592799,19.9698259]},"properties":{"Taluka":"Nashik","Zone":"Cidco / Gangapur","Category":"Mandir / Temple","Name":"Saibaba Mandir","Type":"Hindu Temple","Rating":"3.9","Review Count":"23","Address":"XQ95+WPJ, Near Saibaba Chowk, Saibaba Nagar, New Cidco, Nashik, Maharashtra 422008, India","Maps Link":"https://maps.google.com/?cid=5589411789455190635&g_mp=Cidnb29nbGUubWFwcy5wbGFjZXMudjEuUGxhY2VzLlNlYXJjaFRleHQQAhgEIAA"}},{"type":"Feature","geometry":{"type":"Point","coordinates":[73.7638686,19.962888]},"properties":{"Taluka":"Nashik","Zone":"Cidco / Gangapur","Category":"Mandir / Temple","Name":"Saibaba Mandir","Type":"Hindu Temple","Rating":"4.8","Review Count":"13","Address":"XQ77+5G5, Ashwin Nagar, Nashik, Maharashtra 422009, India","Opening Hours":"Monday: 7:00 AM – 9:00 PM | Tuesday: 7:00 AM – 9:00 PM | Wednesday: 7:00 AM – 9:00 PM | Thursday: 7:00 AM – 9:00 PM | Friday: 7:00 AM – 9:00 PM | Saturday: 7:00 AM – 9:00 PM | Sunday: 7:00 AM – 9:00 PM","Maps Link":"https://maps.google.com/?cid=11235612924252286865&g_mp=Cidnb29nbGUubWFwcy5wbGFjZXMudjEuUGxhY2VzLlNlYXJjaFRleHQQAhgEIAA"}},{"type":"Feature","geometry":{"type":"Point","coordinates":[73.7571651,19.9703666]},"properties":{"Taluka":"Nashik","Zone":"Cidco / Gangapur","Category":"Mandir / Temple","Name":"Sankat mochan Hanuman mandir","Type":"Hindu Temple","Review Count":"0","Address":"XQC4+4VV, Rajratna Nagar, Cidco, Nashik, Maharashtra 422008, India","Opening Hours":"Monday: Open 24 hours | Tuesday: Open 24 hours | Wednesday: Open 24 hours | Thursday: Open 24 hours | Friday: Open 24 hours | Saturday: Open 24 hours | Sunday: Open 24 hours","Maps Link":"https://maps.google.com/?cid=13310803819191640847&g_mp=Cidnb29nbGUubWFwcy5wbGFjZXMudjEuUGxhY2VzLlNlYXJjaFRleHQQAhgEIAA"}},{"type":"Feature","geometry":{"type":"Point","coordinates":[73.7571558,19.9703725]},"properties":{"Taluka":"Nashik","Zone":"Cidco / Gangapur","Category":"Mandir / Temple","Name":"Sankat mochan hanuman mandir","Type":"Hindu Temple","Rating":"5","Review Count":"4","Address":"XQC4+4VR, Rajratna Nagar, Cidco, Nashik, Maharashtra 422008, India","Maps Link":"https://maps.google.com/?cid=4357148582289638493&g_mp=Cidnb29nbGUubWFwcy5wbGFjZXMudjEuUGxhY2VzLlNlYXJjaFRleHQQAhgEIAA"}},{"type":"Feature","geometry":{"type":"Point","coordinates":[73.7571417,19.9703492]},"properties":{"Taluka":"Nashik","Zone":"Cidco / Gangapur","Category":"Mandir / Temple","Name":"Sankatmochan Hanuman Mandir","Type":"Hindu Temple","Rating":"5","Review Count":"1","Address":"XQC4+4X6, Rajratna Nagar, Cidco, Nashik, Maharashtra 422008, India","Maps Link":"https://maps.google.com/?cid=16236269807495204652&g_mp=Cidnb29nbGUubWFwcy5wbGFjZXMudjEuUGxhY2VzLlNlYXJjaFRleHQQAhgEIAA"}},{"type":"Feature","geometry":{"type":"Point","coordinates":[73.754567,19.9828449]},"properties":{"Taluka":"Nashik","Zone":"Cidco / Gangapur","Category":"Mandir / Temple","Name":"Sant Dnyaneshwar Mauli Mandir","Type":"Hindu Temple","Rating":"4.5","Review Count":"15","Address":"XQM3+4RP, Trimurti Chowk - Kamatwade Rd, Trimurti Chowk, Durganagar, Nashik, Maharashtra 422008, India","Maps Link":"https://maps.google.com/?cid=12485111495293511278&g_mp=Cidnb29nbGUubWFwcy5wbGFjZXMudjEuUGxhY2VzLlNlYXJjaFRleHQQAhgEIAA"}},{"type":"Feature","geometry":{"type":"Point","coordinates":[73.772865,19.976671]},"properties":{"Taluka":"Nashik","Zone":"Cidco / Gangapur","Category":"Mandir / Temple","Name":"Sant Gajanan Maharaj Mandir","Type":"Hindu Temple","Rating":"4.8","Review Count":"15","Address":"XQGF+M49, Shanti Nagar, Cidco, Nashik, Maharashtra 422009, India","Maps Link":"https://maps.google.com/?cid=2219697527977722046&g_mp=Cidnb29nbGUubWFwcy5wbGFjZXMudjEuUGxhY2VzLlNlYXJjaFRleHQQAhgEIAA"}},{"type":"Feature","geometry":{"type":"Point","coordinates":[73.7590998,19.9732374]},"properties":{"Taluka":"Nashik","Zone":"Cidco / Gangapur","Category":"Mandir / Temple","Name":"Sant sena maharaj mandirnasik","Type":"Hindu Temple","Review Count":"0","Address":"Anushka Apartment Row House, 5, Road, Saibaba Nagar, Anand Nagar, Pawan Nagar, Nashik, Maharashtra 422008, India","Maps Link":"https://maps.google.com/?cid=9018653778609764412&g_mp=Cidnb29nbGUubWFwcy5wbGFjZXMudjEuUGxhY2VzLlNlYXJjaFRleHQQAhgEIAA"}},{"type":"Feature","geometry":{"type":"Point","coordinates":[73.7420502,19.9755139]},"properties":{"Taluka":"Nashik","Zone":"Cidco / Gangapur","Category":"Mandir / Temple","Name":"Santoshi Mata Mandir","Type":"Hindu Temple","Rating":"4.3","Review Count":"7","Address":"XPGR+6R3, Siddhtek Nagar, Nashik, Maharashtra 422010, India","Maps Link":"https://maps.google.com/?cid=9348809431630998507&g_mp=Cidnb29nbGUubWFwcy5wbGFjZXMudjEuUGxhY2VzLlNlYXJjaFRleHQQAhgEIAA"}},{"type":"Feature","geometry":{"type":"Point","coordinates":[73.7476117,20.0142347]},"properties":{"Taluka":"Nashik","Zone":"Cidco / Gangapur","Category":"Mandir / Temple","Name":"Saptashrugi Devi Temple","Type":"Hindu Temple","Rating":"4.3","Review Count":"3","Address":"2P7X+M2X, Anandvalli, Nashik, Maharashtra 422013, India","Maps Link":"https://maps.google.com/?cid=17929951768539684977&g_mp=Cidnb29nbGUubWFwcy5wbGFjZXMudjEuUGxhY2VzLlNlYXJjaFRleHQQAhgEIAA"}},{"type":"Feature","geometry":{"type":"Point","coordinates":[73.7572094,20.0198997]},"properties":{"Taluka":"Nashik","Zone":"Cidco / Gangapur","Category":"Mandir / Temple","Name":"Saptashrungi Mata Mandir","Type":"Hindu Temple","Rating":"3.9","Review Count":"7","Address":"2Q94+XV4, Gangapur Rd, Ayodhya Colony, Pramod Nagar, Nashik, Maharashtra 422013, India","Maps Link":"https://maps.google.com/?cid=13143884638532793662&g_mp=Cidnb29nbGUubWFwcy5wbGFjZXMudjEuUGxhY2VzLlNlYXJjaFRleHQQAhgEIAA"}},{"type":"Feature","geometry":{"type":"Point","coordinates":[73.7180799,20.0354255]},"properties":{"Taluka":"Nashik","Zone":"Cidco / Gangapur","Category":"Mandir / Temple","Name":"Sarvadnya Shree Chakradhar Swami Mandir, Gangapur Nashik","Type":"Hindu Temple","Rating":"5","Review Count":"23","Address":"2PP9+56G, Gangapur, Govardhan, Maharashtra 422222, India","Website":"http://www.sarvadhnya.com/sthandetails.aspx?id=82&name=Gangapur","Opening Hours":"Monday: 7:00 AM – 9:00 PM | Tuesday: 7:00 AM – 9:00 PM | Wednesday: 7:00 AM – 9:00 PM | Thursday: 7:00 AM – 9:00 PM | Friday: 7:00 AM – 9:00 PM | Saturday: 7:00 AM – 9:00 PM | Sunday: Closed","Maps Link":"https://maps.google.com/?cid=17167441708346563816&g_mp=Cidnb29nbGUubWFwcy5wbGFjZXMudjEuUGxhY2VzLlNlYXJjaFRleHQQAhgEIAA"}},{"type":"Feature","geometry":{"type":"Point","coordinates":[73.752416,19.987795]},"properties":{"Taluka":"Nashik","Zone":"Cidco / Gangapur","Category":"Mandir / Temple","Name":"Shani Mandir","Type":"Hindu Temple","Rating":"4.6","Review Count":"47","Address":"XQQ2+4X7, Shivshakti Nagar, Nashik, Maharashtra 422008, India","Maps Link":"https://maps.google.com/?cid=18113995023620769073&g_mp=Cidnb29nbGUubWFwcy5wbGFjZXMudjEuUGxhY2VzLlNlYXJjaFRleHQQAhgEIAA"}},{"type":"Feature","geometry":{"type":"Point","coordinates":[73.7704577,19.9482673]},"properties":{"Taluka":"Nashik","Zone":"Cidco / Gangapur","Category":"Mandir / Temple","Name":"Shani Mandir","Type":"Hindu Temple","Rating":"4.2","Review Count":"38","Address":"WQXC+854, Pathardi Phata-Pathardi Rd, Narhari Nagar, Damodar Nagar, Pathardi Phata, Nashik, Maharashtra 422010, India","Maps Link":"https://maps.google.com/?cid=79442568519926209&g_mp=Cidnb29nbGUubWFwcy5wbGFjZXMudjEuUGxhY2VzLlNlYXJjaFRleHQQAhgEIAA"}},{"type":"Feature","geometry":{"type":"Point","coordinates":[73.76837,19.9754497]},"properties":{"Taluka":"Nashik","Zone":"Cidco / Gangapur","Category":"Mandir / Temple","Name":"Shani Mandir + Navgraha Mandir","Type":"Hindu Temple","Rating":"4.6","Review Count":"61","Phone":"097626 68580","Address":"N-1/210 SHIVAJI CHOWK,OLD CIDCO NASHIK-422009, SHIVAJI CHOWK BUS STOP, Prabhat Colony Road, Lekha Nagar, Nashik, Maharashtra 422009, India","Maps Link":"https://maps.google.com/?cid=10797830130003175177&g_mp=Cidnb29nbGUubWFwcy5wbGFjZXMudjEuUGxhY2VzLlNlYXJjaFRleHQQAhgEIAA"}},{"type":"Feature","geometry":{"type":"Point","coordinates":[73.7748912,19.9760511]},"properties":{"Taluka":"Nashik","Zone":"Cidco / Gangapur","Category":"Mandir / Temple","Name":"Shiv Ganesh Mandir","Type":"Hindu Temple","Rating":"4.2","Review Count":"13","Address":"XQGF+CXC, Agra - Mumbai Hwy, Shanti Nagar, Cidco, Nashik, Maharashtra 422009, India","Maps Link":"https://maps.google.com/?cid=17644914082290309893&g_mp=Cidnb29nbGUubWFwcy5wbGFjZXMudjEuUGxhY2VzLlNlYXJjaFRleHQQAhgEIAA"}},{"type":"Feature","geometry":{"type":"Point","coordinates":[73.7875382,20.0136567]},"properties":{"Taluka":"Nashik","Zone":"Cidco / Gangapur","Category":"Mandir / Temple","Name":"Shivguneshwar Mahadev Mandir","Type":"Hindu Temple","Rating":"4.8","Review Count":"6","Phone":"077090 73060","Address":"2Q7Q+F27, Makhmalabad Rd, Near Ramvadi, Uday Colony, Kranti Nagar, Ram Wadi, Nashik, Maharashtra 422003, India","Maps Link":"https://maps.google.com/?cid=8621219341330855646&g_mp=Cidnb29nbGUubWFwcy5wbGFjZXMudjEuUGxhY2VzLlNlYXJjaFRleHQQAhgEIAA"}},{"type":"Feature","geometry":{"type":"Point","coordinates":[73.7605941,19.9709103]},"properties":{"Taluka":"Nashik","Zone":"Cidco / Gangapur","Category":"Mandir / Temple","Name":"Shivtirth Mahadev Mandir","Type":"Hindu Temple","Rating":"4.4","Review Count":"7","Address":"XQC6+969, Shivtirth Chowk, Datta Chowk, Cidco, Nashik, Maharashtra 422009, India","Maps Link":"https://maps.google.com/?cid=1209374082334560073&g_mp=Cidnb29nbGUubWFwcy5wbGFjZXMudjEuUGxhY2VzLlNlYXJjaFRleHQQAhgEIAA"}},{"type":"Feature","geometry":{"type":"Point","coordinates":[73.7226378,20.0299533]},"properties":{"Taluka":"Nashik","Zone":"Cidco / Gangapur","Category":"Mandir / Temple","Name":"Shree Dakshinmukhi Hanuman Mandir","Type":"Hindu Temple","Rating":"4.7","Review Count":"3","Address":"2PHF+X3J, Gangapur Rd, Near Gangapur Water Fall, Gangapur Gaon, Nashik, Maharashtra 422222, India","Maps Link":"https://maps.google.com/?cid=3483137284819470431&g_mp=Cidnb29nbGUubWFwcy5wbGFjZXMudjEuUGxhY2VzLlNlYXJjaFRleHQQAhgEIAA"}},{"type":"Feature","geometry":{"type":"Point","coordinates":[73.7581809,20.0057079]},"properties":{"Taluka":"Nashik","Zone":"Cidco / Gangapur","Category":"Mandir / Temple","Name":"Shree Datta Mandir","Type":"Hindu Temple","Rating":"4.4","Review Count":"11","Address":"2Q45+77M, Krishi Nagar, Nashik, Maharashtra 422005, India","Maps Link":"https://maps.google.com/?cid=263017737271591824&g_mp=Cidnb29nbGUubWFwcy5wbGFjZXMudjEuUGxhY2VzLlNlYXJjaFRleHQQAhgEIAA"}},{"type":"Feature","geometry":{"type":"Point","coordinates":[73.7829043,19.9905455]},"properties":{"Taluka":"Nashik","Zone":"Cidco / Gangapur","Category":"Mandir / Temple","Name":"Shree Datta Mandir","Type":"Hindu Temple","Rating":"4.9","Review Count":"62","Phone":"098222 24388","Address":"Shri Datta Mandir, Old Agra Rd, near Sakhala's Furniture Mall, Mumbai Naka, Matoshree Nagar, Nashik, Maharashtra 422002, India","Website":"https://shriaudumbernashik.com/","Opening Hours":"Monday: Open 24 hours | Tuesday: Open 24 hours | Wednesday: Open 24 hours | Thursday: Open 24 hours | Friday: Open 24 hours | Saturday: Open 24 hours | Sunday: Open 24 hours","Maps Link":"https://maps.google.com/?cid=10942729776053689308&g_mp=Cidnb29nbGUubWFwcy5wbGFjZXMudjEuUGxhY2VzLlNlYXJjaFRleHQQAhgEIAA"}},{"type":"Feature","geometry":{"type":"Point","coordinates":[73.7492263,19.9876179]},"properties":{"Taluka":"Nashik","Zone":"Cidco / Gangapur","Category":"Mandir / Temple","Name":"Shree Datta Mandir","Type":"Hindu Temple","Rating":"4.6","Review Count":"11","Address":"XPQX+2MX, ITI Ambad Rd, Near Nasandi River, Priyanka Garden, Khutawad Nagar, Nashik, Maharashtra 422008, India","Opening Hours":"Monday: Open 24 hours | Tuesday: Open 24 hours | Wednesday: Open 24 hours | Thursday: Open 24 hours | Friday: Open 24 hours | Saturday: Open 24 hours | Sunday: Open 24 hours","Maps Link":"https://maps.google.com/?cid=12874065672087624424&g_mp=Cidnb29nbGUubWFwcy5wbGFjZXMudjEuUGxhY2VzLlNlYXJjaFRleHQQAhgEIAA"}},{"type":"Feature","geometry":{"type":"Point","coordinates":[73.754761,19.9686379]},"properties":{"Taluka":"Nashik","Zone":"Cidco / Gangapur","Category":"Mandir / Temple","Name":"Shree Datta Mandir","Type":"Hindu Temple","Rating":"3.3","Review Count":"3","Address":"XQ93+FW2, New Cidco, Near Sarveshwar Chowk, Uttam Nagar, Nashik, Maharashtra 422008, India","Maps Link":"https://maps.google.com/?cid=15516089455645254853&g_mp=Cidnb29nbGUubWFwcy5wbGFjZXMudjEuUGxhY2VzLlNlYXJjaFRleHQQAhgEIAA"}},{"type":"Feature","geometry":{"type":"Point","coordinates":[73.7277819,20.023653]},"properties":{"Taluka":"Nashik","Zone":"Cidco / Gangapur","Category":"Mandir / Temple","Name":"Shree Dutta Mandir","Type":"Hindu Temple","Rating":"4.6","Review Count":"8","Phone":"094045 30203","Address":"2PFH+F47, Gangapur Rd, Near Someshwar Waterfall, Someshwar, Gangapur, Nashik, Maharashtra 422222, India","Maps Link":"https://maps.google.com/?cid=15949131387810206928&g_mp=Cidnb29nbGUubWFwcy5wbGFjZXMudjEuUGxhY2VzLlNlYXJjaFRleHQQAhgEIAA"}},{"type":"Feature","geometry":{"type":"Point","coordinates":[73.7600797,20.0128145]},"properties":{"Taluka":"Nashik","Zone":"Cidco / Gangapur","Category":"Mandir / Temple","Name":"Shree Ganesh Mandir","Type":"Hindu Temple","Rating":"5","Review Count":"2","Address":"2Q76+42G, Gangapur Rd, Near Akashwani Kendra, Shramik Nagar, Abhyuday Nagar, Nashik, Maharashtra 422013, India","Opening Hours":"Monday: 5:00 AM – 10:00 PM | Tuesday: 5:00 AM – 10:00 PM | Wednesday: 5:00 AM – 10:00 PM | Thursday: 5:00 AM – 10:00 PM | Friday: 5:00 AM – 10:00 PM | Saturday: 5:00 AM – 10:00 PM | Sunday: 5:00 AM – 10:00 PM","Maps Link":"https://maps.google.com/?cid=13122096547965385688&g_mp=Cidnb29nbGUubWFwcy5wbGFjZXMudjEuUGxhY2VzLlNlYXJjaFRleHQQAhgEIAA"}},{"type":"Feature","geometry":{"type":"Point","coordinates":[73.7570569,19.9832294]},"properties":{"Taluka":"Nashik","Zone":"Cidco / Gangapur","Category":"Mandir / Temple","Name":"Shree Gurudev Datta Mandir","Type":"Hindu Temple","Rating":"4.5","Review Count":"34","Address":"Patil Nagar, Nashik, Maharashtra 422008, India","Opening Hours":"Monday: 7:00 AM – 10:00 PM | Tuesday: 7:00 AM – 10:00 PM | Wednesday: 7:00 AM – 10:00 PM | Thursday: 7:00 AM – 10:00 PM | Friday: 7:00 AM – 10:00 PM | Saturday: 7:00 AM – 10:00 PM | Sunday: 7:00 AM – 10:00 PM","Maps Link":"https://maps.google.com/?cid=11988606580419862581&g_mp=Cidnb29nbGUubWFwcy5wbGFjZXMudjEuUGxhY2VzLlNlYXJjaFRleHQQAhgEIAA"}},{"type":"Feature","geometry":{"type":"Point","coordinates":[73.784618,19.970862]},"properties":{"Taluka":"Nashik","Zone":"Cidco / Gangapur","Category":"Mandir / Temple","Name":"Shree Gurudev Datta Mandir","Type":"Hindu Temple","Rating":"4.6","Review Count":"11","Address":"XQCM+8RX, Near Kumbhanagar Bus Stand, Indira Nagar, Nashik, Maharashtra 422009, India","Maps Link":"https://maps.google.com/?cid=17090704820453067753&g_mp=Cidnb29nbGUubWFwcy5wbGFjZXMudjEuUGxhY2VzLlNlYXJjaFRleHQQAhgEIAA"}},{"type":"Feature","geometry":{"type":"Point","coordinates":[73.7611256,19.9703963]},"properties":{"Taluka":"Nashik","Zone":"Cidco / Gangapur","Category":"Mandir / Temple","Name":"Shree Hanuman Mandir","Type":"Hindu Temple","Rating":"5","Review Count":"1","Address":"XQC6+5F2, Sambhaji Chowk, Datta Chowk, New Cidco, Nashik, Maharashtra 422009, India","Maps Link":"https://maps.google.com/?cid=184505189062581958&g_mp=Cidnb29nbGUubWFwcy5wbGFjZXMudjEuUGxhY2VzLlNlYXJjaFRleHQQAhgEIAA"}},{"type":"Feature","geometry":{"type":"Point","coordinates":[73.7693704,19.9689426]},"properties":{"Taluka":"Nashik","Zone":"Cidco / Gangapur","Category":"Mandir / Temple","Name":"Shree Krishna Gyan Mandir","Type":"Hindu Temple","Rating":"3.9","Review Count":"8","Address":"Shree krishna mandir, atul deary,state bank, XQ99+HPH, Ganesh Chowk, Cidco, Shri Ram Colony, Nashik, Maharashtra 422009, India","Maps Link":"https://maps.google.com/?cid=2446155228748941614&g_mp=Cidnb29nbGUubWFwcy5wbGFjZXMudjEuUGxhY2VzLlNlYXJjaFRleHQQAhgEIAA"}},{"type":"Feature","geometry":{"type":"Point","coordinates":[73.7278996,20.0228218]},"properties":{"Taluka":"Nashik","Zone":"Cidco / Gangapur","Category":"Mandir / Temple","Name":"Shree Laxmi Narayan Mandir","Type":"Hindu Temple","Rating":"4.6","Review Count":"8","Address":"2PFH+45C, Gangapur Rd, Someshwar, Near Shree Ram Janki Mandir, Gangapur, Nashik, Maharashtra 422222, India","Maps Link":"https://maps.google.com/?cid=14983975611276053093&g_mp=Cidnb29nbGUubWFwcy5wbGFjZXMudjEuUGxhY2VzLlNlYXJjaFRleHQQAhgEIAA"}},{"type":"Feature","geometry":{"type":"Point","coordinates":[73.8030208,19.986736]},"properties":{"Taluka":"Nashik","Zone":"Cidco / Gangapur","Category":"Mandir / Temple","Name":"Shree Mahadev mandir","Type":"Hindu Temple","Rating":"5","Review Count":"2","Address":"XRP3+M6R, Nashik Pune Highway, Nasardi Bridge, Harihant Colony, Near City Care Hospital, Dwarka, Nashik, Maharashtra 422011, India","Maps Link":"https://maps.google.com/?cid=10706834594278610923&g_mp=Cidnb29nbGUubWFwcy5wbGFjZXMudjEuUGxhY2VzLlNlYXJjaFRleHQQAhgEIAA"}},{"type":"Feature","geometry":{"type":"Point","coordinates":[73.7588229,19.972254]},"properties":{"Taluka":"Nashik","Zone":"Cidco / Gangapur","Category":"Mandir / Temple","Name":"Shree Mahakali Mata Mandir","Type":"Hindu Temple","Rating":"4.1","Review Count":"14","Address":"XQC5+WG4, Gram Daivat, Cidco, Nashik, Maharashtra 422008, India","Maps Link":"https://maps.google.com/?cid=1007948626472868745&g_mp=Cidnb29nbGUubWFwcy5wbGFjZXMudjEuUGxhY2VzLlNlYXJjaFRleHQQAhgEIAA"}},{"type":"Feature","geometry":{"type":"Point","coordinates":[73.7473439,20.0118962]},"properties":{"Taluka":"Nashik","Zone":"Cidco / Gangapur","Category":"Mandir / Temple","Name":"Shree Mahalaxmi Mandir","Type":"Place of Worship","Rating":"4.8","Review Count":"5","Address":"Cherry Hills, 3, Gangapur Rd, Mandlik Nagar, Kale Nagar, Vivekanand Nagar, Anandvalli, Nashik, Maharashtra 422013, India","Maps Link":"https://maps.google.com/?cid=8586398585196163652&g_mp=Cidnb29nbGUubWFwcy5wbGFjZXMudjEuUGxhY2VzLlNlYXJjaFRleHQQAhgEIAA"}},{"type":"Feature","geometry":{"type":"Point","coordinates":[73.7229181,20.0299523]},"properties":{"Taluka":"Nashik","Zone":"Cidco / Gangapur","Category":"Mandir / Temple","Name":"Shree Nageshwar Mahadev Mandir","Type":"Hindu Temple","Rating":"4.3","Review Count":"7","Address":"Someshwar Dhabdhaba, near Dakshin mukhi Hanuman Mandir, Gangapur, Nashik, Maharashtra 422222, India","Opening Hours":"Monday: Closed | Tuesday: Closed | Wednesday: Open 24 hours | Thursday: Open 24 hours | Friday: Open 24 hours | Saturday: Open 24 hours | Sunday: Open 24 hours","Maps Link":"https://maps.google.com/?cid=8139766725100737071&g_mp=Cidnb29nbGUubWFwcy5wbGFjZXMudjEuUGxhY2VzLlNlYXJjaFRleHQQAhgEIAA"}},{"type":"Feature","geometry":{"type":"Point","coordinates":[73.727842,20.022878]},"properties":{"Taluka":"Nashik","Zone":"Cidco / Gangapur","Category":"Mandir / Temple","Name":"Shree Ram Janki Mandir","Type":"Hindu Temple","Rating":"4.6","Review Count":"10","Address":"2PFH+544, Gangapur Rd, Near Shree Laxmi Narayan Mandir, Someshwar, Gangapur, Nashik, Maharashtra 422222, India","Maps Link":"https://maps.google.com/?cid=16135555736288263674&g_mp=Cidnb29nbGUubWFwcy5wbGFjZXMudjEuUGxhY2VzLlNlYXJjaFRleHQQAhgEIAA"}},{"type":"Feature","geometry":{"type":"Point","coordinates":[73.7670589,20.0140717]},"properties":{"Taluka":"Nashik","Zone":"Cidco / Gangapur","Category":"Mandir / Temple","Name":"Shree Ram Mandir","Type":"Hindu Temple","Rating":"4.7","Review Count":"32","Address":"2Q78+JRF, Gangapur Rd, Opp. Shree Bala Saheb Thakare Smarak, Near Vise Patil Mala, D. K. Nagar, Nashik, Maharashtra 422013, India","Maps Link":"https://maps.google.com/?cid=6976636537193600393&g_mp=Cidnb29nbGUubWFwcy5wbGFjZXMudjEuUGxhY2VzLlNlYXJjaFRleHQQAhgEIAA"}},{"type":"Feature","geometry":{"type":"Point","coordinates":[73.7591936,19.9746769]},"properties":{"Taluka":"Nashik","Zone":"Cidco / Gangapur","Category":"Mandir / Temple","Name":"Shree Ram Mandir","Type":"Hindu Temple","Rating":"4.3","Review Count":"6","Address":"XQF5+VMG, Sri Ram Nagar, Pawan Nagar, Nashik, Maharashtra 422008, India","Maps Link":"https://maps.google.com/?cid=692923801154609692&g_mp=Cidnb29nbGUubWFwcy5wbGFjZXMudjEuUGxhY2VzLlNlYXJjaFRleHQQAhgEIAA"}},{"type":"Feature","geometry":{"type":"Point","coordinates":[73.7703794,19.9752862]},"properties":{"Taluka":"Nashik","Zone":"Cidco / Gangapur","Category":"Mandir / Temple","Name":"Shree Ram Mandir","Type":"Hindu Temple","Rating":"5","Review Count":"23","Phone":"077188 01342","Address":"Shivaji Chowk, Lekha Nagar, Nashik, Maharashtra 422009, India","Maps Link":"https://maps.google.com/?cid=7052076249119911444&g_mp=Cidnb29nbGUubWFwcy5wbGFjZXMudjEuUGxhY2VzLlNlYXJjaFRleHQQAhgEIAA"}},{"type":"Feature","geometry":{"type":"Point","coordinates":[73.7703701,20.0131375]},"properties":{"Taluka":"Nashik","Zone":"Cidco / Gangapur","Category":"Mandir / Temple","Name":"Shri Datta Mandir","Type":"Hindu Temple","Rating":"4.8","Review Count":"4","Address":"Datta Mandir, Opp Sukhatme hospital, Behinde Mai Lele school, 2Q7C+745, Gangapur Rd, Dehmandir Cooperative Housing Society, Nashik, Maharashtra 422013, India","Maps Link":"https://maps.google.com/?cid=13572649095330643474&g_mp=Cidnb29nbGUubWFwcy5wbGFjZXMudjEuUGxhY2VzLlNlYXJjaFRleHQQAhgEIAA"}},{"type":"Feature","geometry":{"type":"Point","coordinates":[73.759344,19.972701]},"properties":{"Taluka":"Nashik","Zone":"Cidco / Gangapur","Category":"Mandir / Temple","Name":"Shri Modakeshwar Ganesh Mandir","Type":"Hindu Temple","Rating":"4.8","Review Count":"4","Address":"XQF5+3PQ, Anand Nagar, Cidco, Nashik, Maharashtra 422008, India","Maps Link":"https://maps.google.com/?cid=5586115021703780627&g_mp=Cidnb29nbGUubWFwcy5wbGFjZXMudjEuUGxhY2VzLlNlYXJjaFRleHQQAhgEIAA"}},{"type":"Feature","geometry":{"type":"Point","coordinates":[73.756891,19.981538]},"properties":{"Taluka":"Nashik","Zone":"Cidco / Gangapur","Category":"Mandir / Temple","Name":"Shri Mrityunjay Mahadev Mandir","Type":"Place of Worship","Rating":"4.3","Review Count":"3","Address":"XQJ4+JQ6, Savata Nagar, Nashik, Maharashtra 422008, India","Maps Link":"https://maps.google.com/?cid=2156258233166049718&g_mp=Cidnb29nbGUubWFwcy5wbGFjZXMudjEuUGxhY2VzLlNlYXJjaFRleHQQAhgEIAA"}},{"type":"Feature","geometry":{"type":"Point","coordinates":[73.7214861,20.0323561]},"properties":{"Taluka":"Nashik","Zone":"Cidco / Gangapur","Category":"Mandir / Temple","Name":"Shri Mumbadevi Temple","Type":"Hindu Temple","Rating":"5","Review Count":"4","Address":"2PJC+WHX, Gangapur, Nashik, Maharashtra 422222, India","Opening Hours":"Monday: 9:00 AM – 5:00 PM | Tuesday: 9:00 AM – 5:00 PM | Wednesday: 9:00 AM – 5:00 PM | Thursday: 9:00 AM – 5:00 PM | Friday: 9:00 AM – 5:00 PM | Saturday: 9:00 AM – 5:00 PM | Sunday: 9:00 AM – 5:00 PM","Maps Link":"https://maps.google.com/?cid=2232761483386968644&g_mp=Cidnb29nbGUubWFwcy5wbGFjZXMudjEuUGxhY2VzLlNlYXJjaFRleHQQAhgEIAA"}},{"type":"Feature","geometry":{"type":"Point","coordinates":[73.7555789,19.9844692]},"properties":{"Taluka":"Nashik","Zone":"Cidco / Gangapur","Category":"Mandir / Temple","Name":"Shri Navsha Maruti Temple Trimurti Chauk","Type":"Hindu Temple","Rating":"4.5","Review Count":"6","Address":"XQM4+Q6P, Trimurti Chowk, Cidco, Shivshakti Nagar, Nashik, Maharashtra 422008, India","Opening Hours":"Monday: Open 24 hours | Tuesday: Open 24 hours | Wednesday: Open 24 hours | Thursday: Open 24 hours | Friday: Open 24 hours | Saturday: Open 24 hours | Sunday: Open 24 hours","Maps Link":"https://maps.google.com/?cid=11150059700405122191&g_mp=Cidnb29nbGUubWFwcy5wbGFjZXMudjEuUGxhY2VzLlNlYXJjaFRleHQQAhgEIAA"}},{"type":"Feature","geometry":{"type":"Point","coordinates":[73.7572074,19.9778063]},"properties":{"Taluka":"Nashik","Zone":"Cidco / Gangapur","Category":"Mandir / Temple","Name":"Shri Ram Mandir","Type":"Hindu Temple","Rating":"4.5","Review Count":"11","Address":"N-42-j-E-1, Raigad Chowk, 4th Scheme, Cidco, Nashik, Maharashtra 422008, India","Opening Hours":"Monday: Open 24 hours | Tuesday: Open 24 hours | Wednesday: Open 24 hours | Thursday: Open 24 hours | Friday: Open 24 hours | Saturday: Open 24 hours | Sunday: Open 24 hours","Maps Link":"https://maps.google.com/?cid=12132670254158744463&g_mp=Cidnb29nbGUubWFwcy5wbGFjZXMudjEuUGxhY2VzLlNlYXJjaFRleHQQAhgEIAA"}},{"type":"Feature","geometry":{"type":"Point","coordinates":[73.7759994,19.9857963]},"properties":{"Taluka":"Nashik","Zone":"Cidco / Gangapur","Category":"Mandir / Temple","Name":"Shri Rudreshwar Mahadev Mandir (श्री रुद्रेश्वर महादेव मंदिर)","Type":"Hindu Temple","Rating":"4.4","Review Count":"8","Address":"Govind Nagar Rd, Radha Vasudev Batavia Nagar, Govind Nagar, Nashik, Maharashtra 422009, India","Maps Link":"https://maps.google.com/?cid=15801275538879517167&g_mp=Cidnb29nbGUubWFwcy5wbGFjZXMudjEuUGxhY2VzLlNlYXJjaFRleHQQAhgEIAA"}},{"type":"Feature","geometry":{"type":"Point","coordinates":[73.749445,20.0161169]},"properties":{"Taluka":"Nashik","Zone":"Cidco / Gangapur","Category":"Mandir / Temple","Name":"Shri Sai Baba Mandir","Type":"Hindu Temple","Rating":"4.6","Review Count":"30","Address":"2P8X+CQW, Chintamani Colony, Shanker Nagar, Savarkar Nagar, Nashik, Maharashtra 422013, India","Opening Hours":"Monday: 7:00 AM – 10:00 PM | Tuesday: 7:00 AM – 10:00 PM | Wednesday: 7:00 AM – 10:00 PM | Thursday: 7:00 AM – 10:00 PM | Friday: 7:00 AM – 10:00 PM | Saturday: 7:00 AM – 10:00 PM | Sunday: 7:00 AM – 10:00 PM","Maps Link":"https://maps.google.com/?cid=6038265165304055516&g_mp=Cidnb29nbGUubWFwcy5wbGFjZXMudjEuUGxhY2VzLlNlYXJjaFRleHQQAhgEIAA"}},{"type":"Feature","geometry":{"type":"Point","coordinates":[73.758184,19.9685343]},"properties":{"Taluka":"Nashik","Zone":"Cidco / Gangapur","Category":"Mandir / Temple","Name":"Shri Samarth Sainath Mandir","Type":"Hindu Temple","Rating":"4.6","Review Count":"27","Address":"N. Naik Road, near V, Pandit Nagar, Cidco, Nashik, Maharashtra 422009, India","Maps Link":"https://maps.google.com/?cid=547251818173746736&g_mp=Cidnb29nbGUubWFwcy5wbGFjZXMudjEuUGxhY2VzLlNlYXJjaFRleHQQAhgEIAA"}},{"type":"Feature","geometry":{"type":"Point","coordinates":[73.7547391,19.9686377]},"properties":{"Taluka":"Nashik","Zone":"Cidco / Gangapur","Category":"Mandir / Temple","Name":"Shri Sarveshwar Mahadev Mandir","Type":"Hindu Temple","Rating":"4.5","Review Count":"20","Phone":"086693 45380","Address":"Near Sarveshwar Chowk, Cidco College, New Cidco, Uttam Nagar, Nashik, Maharashtra 422008, India","Website":"https://instagram.com/shri_sarveshwar_mahadev?igshid=MzRlODBiNWFlZA==","Opening Hours":"Monday: Open 24 hours | Tuesday: Open 24 hours | Wednesday: Open 24 hours | Thursday: Open 24 hours | Friday: Open 24 hours | Saturday: Open 24 hours | Sunday: Open 24 hours","Maps Link":"https://maps.google.com/?cid=5556885989068825682&g_mp=Cidnb29nbGUubWFwcy5wbGFjZXMudjEuUGxhY2VzLlNlYXJjaFRleHQQAhgEIAA"}},{"type":"Feature","geometry":{"type":"Point","coordinates":[73.7182811,20.0351663]},"properties":{"Taluka":"Nashik","Zone":"Cidco / Gangapur","Category":"Mandir / Temple","Name":"Shriram Mandir Goverdhan nashik(Nakil Guruji)","Type":"Hindu Temple","Rating":"5","Review Count":"10","Address":"near mothi holi, Gangapur, Govardhan, Nashik, Maharashtra 422222, India","Maps Link":"https://maps.google.com/?cid=334746036082570895&g_mp=Cidnb29nbGUubWFwcy5wbGFjZXMudjEuUGxhY2VzLlNlYXJjaFRleHQQAhgEIAA"}},{"type":"Feature","geometry":{"type":"Point","coordinates":[73.760464,19.9830669]},"properties":{"Taluka":"Nashik","Zone":"Cidco / Gangapur","Category":"Mandir / Temple","Name":"Siddheshwar Mahadev Mandir","Type":"Hindu Temple","Rating":"4.4","Review Count":"13","Address":"XQM6+65G, near Patil Nagar, New Nashik, Jai Hind Nagar, Jagtap Nagar, Nashik, Maharashtra 422008, India","Opening Hours":"Monday: Open 24 hours | Tuesday: Open 24 hours | Wednesday: Open 24 hours | Thursday: Open 24 hours | Friday: Open 24 hours | Saturday: Open 24 hours | Sunday: Open 24 hours","Maps Link":"https://maps.google.com/?cid=5047429721107599712&g_mp=Cidnb29nbGUubWFwcy5wbGFjZXMudjEuUGxhY2VzLlNlYXJjaFRleHQQAhgEIAA"}},{"type":"Feature","geometry":{"type":"Point","coordinates":[73.7581604,19.9643483]},"properties":{"Taluka":"Nashik","Zone":"Cidco / Gangapur","Category":"Mandir / Temple","Name":"Somwanshiya kshatriya Kasar Samaj Kalika Mandir","Type":"Hindu Temple","Rating":"4.3","Review Count":"7","Address":"XQ75+P7M, Uttam Nagar, Nashik, Maharashtra 422009, India","Opening Hours":"Monday: 6:00 – 9:00 AM, 6:00 – 8:30 PM | Tuesday: 6:00 – 9:00 AM, 6:00 – 8:30 PM | Wednesday: 6:00 – 9:00 AM, 6:00 – 8:30 PM | Thursday: 6:00 – 9:00 AM, 6:00 – 8:30 PM | Friday: 6:00 – 9:00 AM, 6:00 – 8:30 PM | Saturday: 6:00 – 9:00 AM, 6:00 – 8:30 PM | Sunday: 6:00 – 9:00 AM, 6:00 – 8:30 PM","Maps Link":"https://maps.google.com/?cid=17574023231058883075&g_mp=Cidnb29nbGUubWFwcy5wbGFjZXMudjEuUGxhY2VzLlNlYXJjaFRleHQQAhgEIAA"}},{"type":"Feature","geometry":{"type":"Point","coordinates":[73.7539368,19.9680018]},"properties":{"Taluka":"Nashik","Zone":"Cidco / Gangapur","Category":"Mandir / Temple","Name":"Sree SaiBaba Temple","Type":"Hindu Temple","Rating":"4","Review Count":"1","Address":"Ekta Chowk, Uttam Nagar, Cidco, Nashik, Maharashtra 422010, India","Maps Link":"https://maps.google.com/?cid=2487333554573598027&g_mp=Cidnb29nbGUubWFwcy5wbGFjZXMudjEuUGxhY2VzLlNlYXJjaFRleHQQAhgEIAA"}},{"type":"Feature","geometry":{"type":"Point","coordinates":[73.760094,19.979446]},"properties":{"Taluka":"Nashik","Zone":"Cidco / Gangapur","Category":"Mandir / Temple","Name":"Sri Omkareshwar Mahadev Mandir","Type":"Hindu Temple","Rating":"4.6","Review Count":"25","Address":"XQH6+Q2H, Untwadi Road, New Cidco, Patil Nagar, Nashik, Maharashtra 422008, India","Website":"https://www.instagram.com/shri_omkareshwar_mahadev?igsh=MW1hejMxd2VjZHdydA==","Opening Hours":"Monday: 7:00 AM – 9:00 PM | Tuesday: 7:00 AM – 9:00 PM | Wednesday: 7:00 AM – 9:00 PM | Thursday: 7:00 AM – 9:00 PM | Friday: 7:00 AM – 9:00 PM | Saturday: 7:00 AM – 9:00 PM | Sunday: 7:00 AM – 9:00 PM","Maps Link":"https://maps.google.com/?cid=2364343980626837144&g_mp=Cidnb29nbGUubWFwcy5wbGFjZXMudjEuUGxhY2VzLlNlYXJjaFRleHQQAhgEIAA"}},{"type":"Feature","geometry":{"type":"Point","coordinates":[73.7655782,19.9724261]},"properties":{"Taluka":"Nashik","Zone":"Cidco / Gangapur","Category":"Mandir / Temple","Name":"Temple","Type":"Place of Worship","Rating":"5","Review Count":"2","Address":"Rana Pratap Chowk, 29/2/6/15044, Maharanapratap Chowk, Cidco, Nashik, Maharashtra 422009, India","Maps Link":"https://maps.google.com/?cid=6326221779057235653&g_mp=Cidnb29nbGUubWFwcy5wbGFjZXMudjEuUGxhY2VzLlNlYXJjaFRleHQQAhgEIAA"}},{"type":"Feature","geometry":{"type":"Point","coordinates":[73.7171889,20.0360946]},"properties":{"Taluka":"Nashik","Zone":"Cidco / Gangapur","Category":"Mandir / Temple","Name":"Tirth Govardhaneshwar Mahadev Mandir","Type":"Hindu Temple","Rating":"4.6","Review Count":"10","Phone":"088889 00844","Address":"2PP8+CVP, Near Kranti Chowk, Gangapur Gaon, Gangapur, Govardhan, Maharashtra 422222, India","Maps Link":"https://maps.google.com/?cid=11789138743493369426&g_mp=Cidnb29nbGUubWFwcy5wbGFjZXMudjEuUGxhY2VzLlNlYXJjaFRleHQQAhgEIAA"}},{"type":"Feature","geometry":{"type":"Point","coordinates":[73.7670067,19.9773948]},"properties":{"Taluka":"Nashik","Zone":"Cidco / Gangapur","Category":"Mandir / Temple","Name":"Tulja Bhavani Mandir","Type":"Hindu Temple","Rating":"4.5","Review Count":"66","Address":"XQG8+XR2, Prabhat Colony, Nashik, Maharashtra 422009, India","Opening Hours":"Monday: 7:00 AM – 8:30 PM | Tuesday: 7:00 AM – 8:30 PM | Wednesday: 7:00 AM – 8:30 PM | Thursday: 7:00 AM – 8:30 PM | Friday: 7:00 AM – 8:30 PM | Saturday: 7:00 AM – 8:30 PM | Sunday: 7:00 AM – 8:30 PM","Maps Link":"https://maps.google.com/?cid=1909335278087712146&g_mp=Cidnb29nbGUubWFwcy5wbGFjZXMudjEuUGxhY2VzLlNlYXJjaFRleHQQAhgEIAA"}},{"type":"Feature","geometry":{"type":"Point","coordinates":[73.759432,19.9763322]},"properties":{"Taluka":"Nashik","Zone":"Cidco / Gangapur","Category":"Mandir / Temple","Name":"Tulja Bhavani Temple, Shri Ram Nagar, Moti Chowk, Cidco","Type":"Hindu Temple","Rating":"4.3","Review Count":"22","Address":"XQG5+GQM, Torna Nagar, Sri Ram Nagar, Cidco, Nashik, Maharashtra 422008, India","Maps Link":"https://maps.google.com/?cid=13578353746318818270&g_mp=Cidnb29nbGUubWFwcy5wbGFjZXMudjEuUGxhY2VzLlNlYXJjaFRleHQQAhgEIAA"}},{"type":"Feature","geometry":{"type":"Point","coordinates":[73.76952,20.009716]},"properties":{"Taluka":"Nashik","Zone":"Cidco / Gangapur","Category":"Mandir / Temple","Name":"Vighneshwar Mandir","Type":"Hindu Temple","Rating":"4.5","Review Count":"41","Address":"2Q59+VRJ, Gangapur Rd, Saptashrungi Colony, Shreerang Nagar, Nashik, Maharashtra 422013, India","Opening Hours":"Monday: 7:00 AM – 12:00 PM, 5:00 – 9:00 PM | Tuesday: 7:00 AM – 12:00 PM, 5:00 – 9:00 PM | Wednesday: 7:00 AM – 12:00 PM, 5:00 – 9:00 PM | Thursday: 7:00 AM – 12:00 PM, 5:00 – 9:00 PM | Friday: 7:00 AM – 12:00 PM, 5:00 – 9:00 PM | Saturday: 7:00 AM – 12:00 PM, 5:00 – 9:00 PM | Sunday: 7:00 AM – 12:00 PM, 5:00 – 9:00 PM","Maps Link":"https://maps.google.com/?cid=5606358339700177811&g_mp=Cidnb29nbGUubWFwcy5wbGFjZXMudjEuUGxhY2VzLlNlYXJjaFRleHQQAhgEIAA"}},{"type":"Feature","geometry":{"type":"Point","coordinates":[73.7278449,20.0230712]},"properties":{"Taluka":"Nashik","Zone":"Cidco / Gangapur","Category":"Mandir / Temple","Name":"someshwar mandir","Type":"Building","Review Count":"0","Address":"2PCJ+6M4 someshwar mandir, Gangapur Rd, Jalapur, Nashik, Maharashtra 422222, India","Maps Link":"https://maps.google.com/?cid=3231084012632381083&g_mp=Cidnb29nbGUubWFwcy5wbGFjZXMudjEuUGxhY2VzLlNlYXJjaFRleHQQAhgEIAA"}},{"type":"Feature","geometry":{"type":"Point","coordinates":[73.7588974,19.986332]},"properties":{"Taluka":"Nashik","Zone":"Cidco / Gangapur","Category":"Mandir / Temple","Name":"दत्त मंदिर , datt mandir","Type":"Hindu Temple","Rating":"4.6","Review Count":"34","Address":"42, Untwadi Rd, Tidke Nagar, Nashik, Maharashtra 422008, India","Maps Link":"https://maps.google.com/?cid=15750100484620505496&g_mp=Cidnb29nbGUubWFwcy5wbGFjZXMudjEuUGxhY2VzLlNlYXJjaFRleHQQAhgEIAA"}},{"type":"Feature","geometry":{"type":"Point","coordinates":[73.7192886,19.9774648]},"properties":{"Taluka":"Nashik","Zone":"Cidco / Gangapur","Category":"Mandir / Temple","Name":"श्री एकांब्रेश्वर महादेव मंदिर बालाजी नगर","Type":"Hindu Temple","Rating":"3.7","Review Count":"3","Address":"XPG9+XMG, Balaji Nagar, Medage Nagar, Nashik, Maharashtra 422010, India","Maps Link":"https://maps.google.com/?cid=13410339831229101540&g_mp=Cidnb29nbGUubWFwcy5wbGFjZXMudjEuUGxhY2VzLlNlYXJjaFRleHQQAhgEIAA"}},{"type":"Feature","geometry":{"type":"Point","coordinates":[73.7491709,19.9838389]},"properties":{"Taluka":"Nashik","Zone":"Cidco / Gangapur","Category":"Mandir / Temple","Name":"श्री खंडोबा मंदिर","Type":"Hindu Temple","Rating":"4.3","Review Count":"3","Address":"XPMX+GMM, ITI Ambad Rd, Pandav Nagari, Kamathwade Shiwar, Nashik, Maharashtra 422008, India","Opening Hours":"Monday: Open 24 hours | Tuesday: Open 24 hours | Wednesday: Open 24 hours | Thursday: Open 24 hours | Friday: Open 24 hours | Saturday: Open 24 hours | Sunday: Open 24 hours","Maps Link":"https://maps.google.com/?cid=5115824100644897604&g_mp=Cidnb29nbGUubWFwcy5wbGFjZXMudjEuUGxhY2VzLlNlYXJjaFRleHQQAhgEIAA"}},{"type":"Feature","geometry":{"type":"Point","coordinates":[73.7596784,19.9692176]},"properties":{"Taluka":"Nashik","Zone":"Cidco / Gangapur","Category":"Mandir / Temple","Name":"श्री गुरुदेव दत्त मंदिर, संभाजी चौक, विजय नगर, सिडको, नाशिक","Type":"Hindu Temple","Rating":"5","Review Count":"1","Address":"N 41/AF3, 5, Sambhaji Chowk Rd, Saibaba Nagar, Pawan Nagar, Nashik, Maharashtra 422009, India","Maps Link":"https://maps.google.com/?cid=2763672592201298271&g_mp=Cidnb29nbGUubWFwcy5wbGFjZXMudjEuUGxhY2VzLlNlYXJjaFRleHQQAhgEIAA"}},{"type":"Feature","geometry":{"type":"Point","coordinates":[73.7577161,19.98229]},"properties":{"Taluka":"Nashik","Zone":"Cidco / Gangapur","Category":"Mandir / Temple","Name":"श्री वरद गणपती मंदिर","Type":"Association / Organization","Rating":"5","Review Count":"1","Address":"XQJ5+W38, स्वामी विवेकानंद चौक, पाटील नगर, सिडको, नविन, नाशिक, महाराष्ट्र 422008, India","Maps Link":"https://maps.google.com/?cid=17940171041027447055&g_mp=Cidnb29nbGUubWFwcy5wbGFjZXMudjEuUGxhY2VzLlNlYXJjaFRleHQQAhgEIAA"}},{"type":"Feature","geometry":{"type":"Point","coordinates":[73.7644983,19.9725065]},"properties":{"Taluka":"Nashik","Zone":"Cidco / Gangapur","Category":"Jain Temple","Name":"Shri Vardhaman Jain Stanak Cidco","Type":"Place of Worship","Review Count":"0","Address":"XQF7+2Q5, Maharana Pratap Chowk Rd, Laxmi Nagar, Cidco, Nashik, Maharashtra 422009, India","Maps Link":"https://maps.google.com/?cid=13480510337213453103&g_mp=Cidnb29nbGUubWFwcy5wbGFjZXMudjEuUGxhY2VzLlNlYXJjaFRleHQQAhgEIAA"}},{"type":"Feature","geometry":{"type":"Point","coordinates":[73.7487065,19.9770809]},"properties":{"Taluka":"Nashik","Zone":"Cidco / Gangapur","Category":"Buddhist Temple / Stupa","Name":"Dikshabhumi Takshashila Buddha vihar","Type":"Buddhist Temple","Rating":"4.4","Review Count":"23","Address":"VitthalNagar, Saptashrungi Nagar, Kamatwade Gaon, Nashik, Maharashtra 422008, India","Maps Link":"https://maps.google.com/?cid=9692948089693576229&g_mp=Cidnb29nbGUubWFwcy5wbGFjZXMudjEuUGxhY2VzLlNlYXJjaFRleHQQAhgEIAA"}},{"type":"Feature","geometry":{"type":"Point","coordinates":[73.7541289,19.96303]},"properties":{"Taluka":"Nashik","Zone":"Cidco / Gangapur","Category":"Buddhist Temple / Stupa","Name":"Gautami Buddha Vihar","Type":"Buddhist Temple","Rating":"4.5","Review Count":"18","Address":"6th Scheme, Opposite Upendra Nagar, New, Shravan Sector, Cidco, Nashik, Maharashtra 422010, India","Maps Link":"https://maps.google.com/?cid=17351195021677646577&g_mp=Cidnb29nbGUubWFwcy5wbGFjZXMudjEuUGxhY2VzLlNlYXJjaFRleHQQAhgEIAA"}},{"type":"Feature","geometry":{"type":"Point","coordinates":[73.757041,19.984277]},"properties":{"Taluka":"Nashik","Zone":"Cidco / Gangapur","Category":"Other Religious Site","Name":"Audumbar Chowk Cidco Nashik","Type":"Hindu Temple","Review Count":"0","Address":"XQM4+PR7 Datt Mandir, CIDCO - Satpur Rd, opp. Trimurti Chowk Post Office, Savata Nagar, Nashik, Maharashtra 422008, India","Maps Link":"https://maps.google.com/?cid=14264341536452905303&g_mp=Cidnb29nbGUubWFwcy5wbGFjZXMudjEuUGxhY2VzLlNlYXJjaFRleHQQAhgEIAA"}},{"type":"Feature","geometry":{"type":"Point","coordinates":[73.7220745,20.0292182]},"properties":{"Taluka":"Nashik","Zone":"Cidco / Gangapur","Category":"Other Religious Site","Name":"Param Pujya Shankaracharya Dr. Kurtkoti","Type":"Hindu Temple","Rating":"4.9","Review Count":"8","Address":"2PHC+MRP, Gangapur Rd, Near Gangapur Water Fall, Gangapur, Nashik, Maharashtra 422222, India","Maps Link":"https://maps.google.com/?cid=4428160932546275699&g_mp=Cidnb29nbGUubWFwcy5wbGFjZXMudjEuUGxhY2VzLlNlYXJjaFRleHQQAhgEIAA"}},{"type":"Feature","geometry":{"type":"Point","coordinates":[73.7414896,20.0087707]},"properties":{"Taluka":"Nashik","Zone":"Cidco / Gangapur","Category":"Other Religious Site","Name":"RAMESHWAR MAHADEV","Type":"Hindu Temple","Rating":"5","Review Count":"1","Address":"2P5R+JMM, MP, MP Deore Marg, Rameshwar Nagar, Balawant Nagar, Anandvalli, Nashik, Maharashtra 422013, India","Opening Hours":"Monday: 7:00 AM – 9:30 PM | Tuesday: 7:00 AM – 9:30 PM | Wednesday: 7:00 AM – 9:30 PM | Thursday: 7:00 AM – 9:30 PM | Friday: 7:00 AM – 9:30 PM | Saturday: 7:00 AM – 9:30 PM | Sunday: 7:00 AM – 9:30 PM","Maps Link":"https://maps.google.com/?cid=2565379146983728298&g_mp=Cidnb29nbGUubWFwcy5wbGFjZXMudjEuUGxhY2VzLlNlYXJjaFRleHQQAhgEIAA"}},{"type":"Feature","geometry":{"type":"Point","coordinates":[73.7679026,19.9717598]},"properties":{"Taluka":"Nashik","Zone":"Cidco / Gangapur","Category":"Other Religious Site","Name":"SAIBABA ELECTRONICS TV REPAIR SERVICE NASHIK","Type":"Services","Rating":"4.9","Review Count":"45","Phone":"098605 53185","Address":"N9-m-g1 3/2, Rana Pratap Chowk Rd, behind rashmi medical stor, Old Cidco, Nashik, Maharashtra 422009, India","Website":"https://saibabaelectronics.info/","Opening Hours":"Monday: Open 24 hours | Tuesday: Open 24 hours | Wednesday: Open 24 hours | Thursday: Open 24 hours | Friday: Open 24 hours | Saturday: Open 24 hours | Sunday: Open 24 hours","Maps Link":"https://maps.google.com/?cid=536703039340323552&g_mp=Cidnb29nbGUubWFwcy5wbGFjZXMudjEuUGxhY2VzLlNlYXJjaFRleHQQAhgEIAA"}},{"type":"Feature","geometry":{"type":"Point","coordinates":[73.7553672,19.9863764]},"properties":{"Taluka":"Nashik","Zone":"Cidco / Gangapur","Category":"Other Religious Site","Name":"SANHATI KALIBARI TRIMURTI CHOWK","Type":"Hindu Temple","Rating":"5","Review Count":"2","Address":"Hedgewar nagar, CIDCO - Satpur Rd, Shivshakti Nagar, Nashik, Maharashtra 422008, India","Maps Link":"https://maps.google.com/?cid=964712669709428942&g_mp=Cidnb29nbGUubWFwcy5wbGFjZXMudjEuUGxhY2VzLlNlYXJjaFRleHQQAhgEIAA"}},{"type":"Feature","geometry":{"type":"Point","coordinates":[73.7598261,19.9683476]},"properties":{"Taluka":"Nashik","Zone":"Cidco / Gangapur","Category":"Other Religious Site","Name":"Saibaba nagar","Type":"Hindu Temple","Rating":"5","Review Count":"1","Address":"N 41 A- F, Saibaba Nagar, Cidco, Nashik, Maharashtra 422009, India","Maps Link":"https://maps.google.com/?cid=14359019625715642486&g_mp=Cidnb29nbGUubWFwcy5wbGFjZXMudjEuUGxhY2VzLlNlYXJjaFRleHQQAhgEIAA"}},{"type":"Feature","geometry":{"type":"Point","coordinates":[73.7842916,19.9957382]},"properties":{"Taluka":"Nashik","Zone":"Cidco / Gangapur","Category":"Other Religious Site","Name":"Shree Beleshwar Mahadev","Type":"Hindu Temple","Rating":"5","Review Count":"2","Address":"Govind Apartment, ND Patel Rd, Opp.BSNL, Mohan Nagar, Nashik, Maharashtra 422001, India","Maps Link":"https://maps.google.com/?cid=6891327590477650467&g_mp=Cidnb29nbGUubWFwcy5wbGFjZXMudjEuUGxhY2VzLlNlYXJjaFRleHQQAhgEIAA"}},{"type":"Feature","geometry":{"type":"Point","coordinates":[73.7709899,20.006778]},"properties":{"Taluka":"Nashik","Zone":"Cidco / Gangapur","Category":"Other Religious Site","Name":"Shree Jai Maa Jhandewaali","Type":"Hindu Temple","Rating":"5","Review Count":"2","Address":"Avdhooth Suyojit Tower, Gangapur Rd, Near Old Gangapur Naka, Old Gangapur Naka, Patil Colony, Nashik, Maharashtra 422005, India","Opening Hours":"Monday: Open 24 hours | Tuesday: Open 24 hours | Wednesday: Open 24 hours | Thursday: Open 24 hours | Friday: Open 24 hours | Saturday: Open 24 hours | Sunday: Open 24 hours","Maps Link":"https://maps.google.com/?cid=2138620111918387484&g_mp=Cidnb29nbGUubWFwcy5wbGFjZXMudjEuUGxhY2VzLlNlYXJjaFRleHQQAhgEIAA"}},{"type":"Feature","geometry":{"type":"Point","coordinates":[73.760167,19.971619]},"properties":{"Taluka":"Nashik","Zone":"Cidco / Gangapur","Category":"Other Religious Site","Name":"Shree Mahalaxmi Bhavan","Type":"Hindu Temple","Rating":"5","Review Count":"1","Address":"N j -a-2 /3/6 mahalakshmi chok hire school savta nagar, Saibaba Nagar, Cidco, Nashik, Maharashtra 422009, India","Maps Link":"https://maps.google.com/?cid=16012887838579181867&g_mp=Cidnb29nbGUubWFwcy5wbGFjZXMudjEuUGxhY2VzLlNlYXJjaFRleHQQAhgEIAA"}},{"type":"Feature","geometry":{"type":"Point","coordinates":[73.7054338,19.9933842]},"properties":{"Taluka":"Nashik","Zone":"Cidco / Gangapur","Category":"Other Religious Site","Name":"Shree Renuka Mata Sanskruti And Krida Mandal","Type":"Hindu Temple","Rating":"4.4","Review Count":"51","Address":"Radhakrishna Nagar, Satpur, 422012, Shramik Nagar, Jaswant Nagar, Shramik Nagar, Nashik, Maharashtra 422012, India","Opening Hours":"Monday: Open 24 hours | Tuesday: Open 24 hours | Wednesday: Open 24 hours | Thursday: Open 24 hours | Friday: Open 24 hours | Saturday: Open 24 hours | Sunday: Open 24 hours","Maps Link":"https://maps.google.com/?cid=15445999672927940940&g_mp=Cidnb29nbGUubWFwcy5wbGFjZXMudjEuUGxhY2VzLlNlYXJjaFRleHQQAhgEIAA"}},{"type":"Feature","geometry":{"type":"Point","coordinates":[73.7589606,19.9735274]},"properties":{"Taluka":"Nashik","Zone":"Cidco / Gangapur","Category":"Other Religious Site","Name":"Shree Sant Sena Bhavan","Type":"Hindu Temple","Rating":"4.3","Review Count":"9","Address":"Gala no 6, Torana Nagar, sant sena bhavan, Torna Nagar, Cidco, Nashik, Maharashtra 422008, India","Maps Link":"https://maps.google.com/?cid=13103692622281512179&g_mp=Cidnb29nbGUubWFwcy5wbGFjZXMudjEuUGxhY2VzLlNlYXJjaFRleHQQAhgEIAA"}},{"type":"Feature","geometry":{"type":"Point","coordinates":[73.7687453,19.9695322]},"properties":{"Taluka":"Nashik","Zone":"Cidco / Gangapur","Category":"Other Religious Site","Name":"Shree Shaneshwar Prathishthan","Type":"Hindu Temple","Rating":"4","Review Count":"1","Address":"XQ99+RF9, Ayodhya Market, New Nashik, Nashik, Maharashtra 422009, India","Maps Link":"https://maps.google.com/?cid=9685835050694094097&g_mp=Cidnb29nbGUubWFwcy5wbGFjZXMudjEuUGxhY2VzLlNlYXJjaFRleHQQAhgEIAA"}},{"type":"Feature","geometry":{"type":"Point","coordinates":[73.7707914,20.0069134]},"properties":{"Taluka":"Nashik","Zone":"Cidco / Gangapur","Category":"Other Religious Site","Name":"Shree Swami Samarth","Type":"Hindu Temple","Rating":"4.9","Review Count":"7","Address":"2Q4C+Q87, Gangapur Rd, Near Old Gangapur Naka, Shyojit Avdhoot Tower, Nashik, Maharashtra 422005, India","Opening Hours":"Monday: Open 24 hours | Tuesday: Open 24 hours | Wednesday: Open 24 hours | Thursday: Open 24 hours | Friday: Open 24 hours | Saturday: Open 24 hours | Sunday: Open 24 hours","Maps Link":"https://maps.google.com/?cid=17273141896651671640&g_mp=Cidnb29nbGUubWFwcy5wbGFjZXMudjEuUGxhY2VzLlNlYXJjaFRleHQQAhgEIAA"}},{"type":"Feature","geometry":{"type":"Point","coordinates":[73.758866,19.9830783]},"properties":{"Taluka":"Nashik","Zone":"Cidco / Gangapur","Category":"Other Religious Site","Name":"Shree Swami Samarth Kendra - Patil Nagar","Type":"Hindu Temple","Rating":"4.5","Review Count":"50","Address":"Patil Nagar, Nashik, Maharashtra 422008, India","Website":"https://www.facebook.com/ssskendrpatilngr/","Opening Hours":"Monday: 6:00 AM – 9:00 PM | Tuesday: 6:00 AM – 9:00 PM | Wednesday: 6:00 AM – 9:00 PM | Thursday: 6:00 AM – 9:00 PM | Friday: 6:00 AM – 9:00 PM | Saturday: 6:00 AM – 9:00 PM | Sunday: 6:00 AM – 9:00 PM","Maps Link":"https://maps.google.com/?cid=16481421119115796463&g_mp=Cidnb29nbGUubWFwcy5wbGFjZXMudjEuUGxhY2VzLlNlYXJjaFRleHQQAhgEIAA"}},{"type":"Feature","geometry":{"type":"Point","coordinates":[73.765693,20.0190549]},"properties":{"Taluka":"Nashik","Zone":"Cidco / Gangapur","Category":"Other Religious Site","Name":"Shreepad Vallabh Digambar","Type":"Hindu Temple","Rating":"4.7","Review Count":"6","Address":"2Q98+J7G, Gangapur Rd, near Datta Chowk, D. K. Nagar, Nashik, Maharashtra 422013, India","Maps Link":"https://maps.google.com/?cid=15895420674064499272&g_mp=Cidnb29nbGUubWFwcy5wbGFjZXMudjEuUGxhY2VzLlNlYXJjaFRleHQQAhgEIAA"}},{"type":"Feature","geometry":{"type":"Point","coordinates":[73.7505209,19.9635338]},"properties":{"Taluka":"Nashik","Zone":"Cidco / Gangapur","Category":"Other Religious Site","Name":"Shri Swami Samartha Kendra","Type":"Hindu Temple","Rating":"4.7","Review Count":"21","Address":"Maniknagar,, XQ72+C66, Ambad Link Rd, Saigram Nagar, Cidco, Nashik, Maharashtra 422010, India","Maps Link":"https://maps.google.com/?cid=5790195418384726196&g_mp=Cidnb29nbGUubWFwcy5wbGFjZXMudjEuUGxhY2VzLlNlYXJjaFRleHQQAhgEIAA"}},{"type":"Feature","geometry":{"type":"Point","coordinates":[73.7279197,20.020714]},"properties":{"Taluka":"Nashik","Zone":"Cidco / Gangapur","Category":"Other Religious Site","Name":"Someshwar na Rakha Dada","Type":"Hindu Temple","Rating":"1","Review Count":"1","Phone":"070578 20632","Address":"someshwar mandir, Gangapur Rd, opp. Jay Rakha Dada, Jalapur, Nashik, Maharashtra 422222, India","Maps Link":"https://maps.google.com/?cid=188611131595603427&g_mp=Cidnb29nbGUubWFwcy5wbGFjZXMudjEuUGxhY2VzLlNlYXJjaFRleHQQAhgEIAA"}},{"type":"Feature","geometry":{"type":"Point","coordinates":[73.7619255,19.9706753]},"properties":{"Taluka":"Nashik","Zone":"Cidco / Gangapur","Category":"Other Religious Site","Name":"Sri Swami Samarth kendra Datta chowk","Type":"Hindu Temple","Rating":"4.7","Review Count":"84","Address":"XQC6+7QF, Datt Chowk, Vijay Nagar, Nashik, Maharashtra 422009, India","Maps Link":"https://maps.google.com/?cid=11371648362799069349&g_mp=Cidnb29nbGUubWFwcy5wbGFjZXMudjEuUGxhY2VzLlNlYXJjaFRleHQQAhgEIAA"}},{"type":"Feature","geometry":{"type":"Point","coordinates":[73.7564528,19.9822345]},"properties":{"Taluka":"Nashik","Zone":"Cidco / Gangapur","Category":"Other Religious Site","Name":"Swami Enterprises Ashtagandh","Type":"Hindu Temple","Rating":"5","Review Count":"1","Address":"PATIL NAGAR, XQJ4+VHW, Cidco, Nashik, Maharashtra 422008, India","Opening Hours":"Monday: Open 24 hours | Tuesday: Open 24 hours | Wednesday: Open 24 hours | Thursday: Open 24 hours | Friday: Open 24 hours | Saturday: Open 24 hours | Sunday: Open 24 hours","Maps Link":"https://maps.google.com/?cid=18291744401306074527&g_mp=Cidnb29nbGUubWFwcy5wbGFjZXMudjEuUGxhY2VzLlNlYXJjaFRleHQQAhgEIAA"}},{"type":"Feature","geometry":{"type":"Point","coordinates":[73.7454568,19.9790309]},"properties":{"Taluka":"Nashik","Zone":"Cidco / Gangapur","Category":"Other Religious Site","Name":"Swami Samarth Kendra","Type":"Hindu Temple","Rating":"4.5","Review Count":"37","Address":"XPHW+J58, Kartikey Nagar, Nashik, Maharashtra 422008, India","Maps Link":"https://maps.google.com/?cid=12149277035758280213&g_mp=Cidnb29nbGUubWFwcy5wbGFjZXMudjEuUGxhY2VzLlNlYXJjaFRleHQQAhgEIAA"}},{"type":"Feature","geometry":{"type":"Point","coordinates":[73.7538761,19.9852054]},"properties":{"Taluka":"Nashik","Zone":"Cidco / Gangapur","Category":"Other Religious Site","Name":"श्री निलकंठेश्वर महादेव मंदीर.","Type":"Hindu Temple","Rating":"5","Review Count":"2","Address":"CE3/21/3, Unnamed Road, Shivshakti Nagar, Nashik, Maharashtra 422008, India","Maps Link":"https://maps.google.com/?cid=15192942536076348410&g_mp=Cidnb29nbGUubWFwcy5wbGFjZXMudjEuUGxhY2VzLlNlYXJjaFRleHQQAhgEIAA"}},{"type":"Feature","geometry":{"type":"Point","coordinates":[73.7179851,20.0356445]},"properties":{"Taluka":"Nashik","Zone":"Govardhan / Gangapur Dam","Category":"Mandir / Temple","Name":"Baneshwar Mandir Gowardhan","Type":"Hindu Temple","Rating":"3.8","Review Count":"4","Address":"2PP9+755, Unnamed Road, Gangapur, Govardhan, Maharashtra 422222, India","Maps Link":"https://maps.google.com/?cid=131822461123860106&g_mp=Cidnb29nbGUubWFwcy5wbGFjZXMudjEuUGxhY2VzLlNlYXJjaFRleHQQAhgEIAA"}},{"type":"Feature","geometry":{"type":"Point","coordinates":[73.7180037,20.0353693]},"properties":{"Taluka":"Nashik","Zone":"Govardhan / Gangapur Dam","Category":"Mandir / Temple","Name":"Datta Mandir Mahanubhav Sthan, Gangapur","Type":"Hindu Temple","Rating":"4.7","Review Count":"110","Address":"2PP9+46R, Gangapur, Govardhan, Maharashtra 422222, India","Maps Link":"https://maps.google.com/?cid=18230922235138602729&g_mp=Cidnb29nbGUubWFwcy5wbGFjZXMudjEuUGxhY2VzLlNlYXJjaFRleHQQAhgEIAA"}},{"type":"Feature","geometry":{"type":"Point","coordinates":[73.7227986,20.0294749]},"properties":{"Taluka":"Nashik","Zone":"Govardhan / Gangapur Dam","Category":"Mandir / Temple","Name":"Ganpati mandir","Type":"Hindu Temple","Review Count":"0","Address":"Near, Someshwar Dhabdhaba, Gangapur, Nashik, Maharashtra 422222, India","Maps Link":"https://maps.google.com/?cid=6896131439027244521&g_mp=Cidnb29nbGUubWFwcy5wbGFjZXMudjEuUGxhY2VzLlNlYXJjaFRleHQQAhgEIAA"}},{"type":"Feature","geometry":{"type":"Point","coordinates":[73.727677,20.0227879]},"properties":{"Taluka":"Nashik","Zone":"Govardhan / Gangapur Dam","Category":"Mandir / Temple","Name":"Hanuman Mandir","Type":"Hindu Temple","Rating":"4.3","Review Count":"4","Address":"2PFH+437, Canal Wy, Hanuman Nagar, Gangapur, Nashik, Maharashtra 422012, India","Maps Link":"https://maps.google.com/?cid=18362202188767915478&g_mp=Cidnb29nbGUubWFwcy5wbGFjZXMudjEuUGxhY2VzLlNlYXJjaFRleHQQAhgEIAA"}},{"type":"Feature","geometry":{"type":"Point","coordinates":[73.6850416,20.0302732]},"properties":{"Taluka":"Nashik","Zone":"Govardhan / Gangapur Dam","Category":"Mandir / Temple","Name":"Kalika mata mandir savargaon nashik","Type":"Hindu Temple","Rating":"5","Review Count":"1","Address":"2MJM+2J7, Sawargaon, Maharashtra 422222, India","Maps Link":"https://maps.google.com/?cid=141531024056281052&g_mp=Cidnb29nbGUubWFwcy5wbGFjZXMudjEuUGxhY2VzLlNlYXJjaFRleHQQAhgEIAA"}},{"type":"Feature","geometry":{"type":"Point","coordinates":[73.7095365,20.0312504]},"properties":{"Taluka":"Nashik","Zone":"Govardhan / Gangapur Dam","Category":"Mandir / Temple","Name":"Shree Baneshwar Mahadev Mandir","Type":"Hindu Temple","Review Count":"0","Address":"2PJ5+GR3, Gangapur, Govardhan, Maharashtra 422222, India","Maps Link":"https://maps.google.com/?cid=3642491979752360703&g_mp=Cidnb29nbGUubWFwcy5wbGFjZXMudjEuUGxhY2VzLlNlYXJjaFRleHQQAhgEIAA"}},{"type":"Feature","geometry":{"type":"Point","coordinates":[73.7182844,20.035179]},"properties":{"Taluka":"Nashik","Zone":"Govardhan / Gangapur Dam","Category":"Mandir / Temple","Name":"Shree Hanuman mandir","Type":"Hindu Temple","Review Count":"0","Address":"2PP9+38F, near mothi holi, Gangapur, Govardhan, Nashik, Maharashtra 422222, India","Maps Link":"https://maps.google.com/?cid=6626454593421942305&g_mp=Cidnb29nbGUubWFwcy5wbGFjZXMudjEuUGxhY2VzLlNlYXJjaFRleHQQAhgEIAA"}},{"type":"Feature","geometry":{"type":"Point","coordinates":[73.6994698,20.0259753]},"properties":{"Taluka":"Nashik","Zone":"Govardhan / Gangapur Dam","Category":"Mandir / Temple","Name":"Shree Mahadev Mandir","Type":"Hindu Temple","Review Count":"0","Address":"2MGX+9QX, Road, adjacent to Yashwantrao Chavan Open University, Gangapur, Govardhan, Maharashtra 422222, India","Maps Link":"https://maps.google.com/?cid=7222994876221560595&g_mp=Cidnb29nbGUubWFwcy5wbGFjZXMudjEuUGxhY2VzLlNlYXJjaFRleHQQAhgEIAA"}},{"type":"Feature","geometry":{"type":"Point","coordinates":[73.7170784,20.0312869]},"properties":{"Taluka":"Nashik","Zone":"Govardhan / Gangapur Dam","Category":"Mandir / Temple","Name":"Shri Khandero and Shri Hanuman Mandir","Type":"Hindu Temple","Review Count":"0","Address":"2PJ8+GR8, near Electricity Board office, Gangapur, Nashik, Maharashtra 422222, India","Maps Link":"https://maps.google.com/?cid=14675430504762375362&g_mp=Cidnb29nbGUubWFwcy5wbGFjZXMudjEuUGxhY2VzLlNlYXJjaFRleHQQAhgEIAA"}},{"type":"Feature","geometry":{"type":"Point","coordinates":[73.7094312,20.007497]},"properties":{"Taluka":"Nashik","Zone":"Govardhan / Gangapur Dam","Category":"Mandir / Temple","Name":"Shri Mahakali Mandir","Type":"Hindu Temple","Rating":"4","Review Count":"1","Address":"Gangapur Shivar, Survey No.126,Plot No.35, Shivaji Nagar, Satpur Colony, Nashik, Maharashtra 422012, India","Maps Link":"https://maps.google.com/?cid=10050813254044449320&g_mp=Cidnb29nbGUubWFwcy5wbGFjZXMudjEuUGxhY2VzLlNlYXJjaFRleHQQAhgEIAA"}},{"type":"Feature","geometry":{"type":"Point","coordinates":[73.6971417,20.02541]},"properties":{"Taluka":"Nashik","Zone":"Govardhan / Gangapur Dam","Category":"Mandir / Temple","Name":"Shri. Hanuman Mandir","Type":"Hindu Temple","Review Count":"0","Address":"2MGW+5V6, near Ycmou, Vise Mala, Gangapur, Govardhan, Nashik, Maharashtra 422222, India","Maps Link":"https://maps.google.com/?cid=14858493683568872604&g_mp=Cidnb29nbGUubWFwcy5wbGFjZXMudjEuUGxhY2VzLlNlYXJjaFRleHQQAhgEIAA"}},{"type":"Feature","geometry":{"type":"Point","coordinates":[73.7189597,20.0311548]},"properties":{"Taluka":"Nashik","Zone":"Govardhan / Gangapur Dam","Category":"Mandir / Temple","Name":"Shri. Jagdamba mata and Shri. Hanumanji Mandir","Type":"Hindu Temple","Review Count":"0","Address":"2PJ9+FH8, Peth Galli, Gangapur, Nashik, Maharashtra 422222, India","Maps Link":"https://maps.google.com/?cid=7779765431947305475&g_mp=Cidnb29nbGUubWFwcy5wbGFjZXMudjEuUGxhY2VzLlNlYXJjaFRleHQQAhgEIAA"}},{"type":"Feature","geometry":{"type":"Point","coordinates":[73.7181564,20.0305007]},"properties":{"Taluka":"Nashik","Zone":"Govardhan / Gangapur Dam","Category":"Mandir / Temple","Name":"Shri. Vetal Baba Mandir","Type":"Hindu Temple","Review Count":"0","Address":"Near, D N Patil School Rd, Gangapur, Nashik, Maharashtra 422222, India","Opening Hours":"Monday: Open 24 hours | Tuesday: Open 24 hours | Wednesday: Open 24 hours | Thursday: Open 24 hours | Friday: Open 24 hours | Saturday: Open 24 hours | Sunday: Open 24 hours","Maps Link":"https://maps.google.com/?cid=1694333744441775950&g_mp=Cidnb29nbGUubWFwcy5wbGFjZXMudjEuUGxhY2VzLlNlYXJjaFRleHQQAhgEIAA"}},{"type":"Feature","geometry":{"type":"Point","coordinates":[73.7175254,20.0334434]},"properties":{"Taluka":"Nashik","Zone":"Govardhan / Gangapur Dam","Category":"Mandir / Temple","Name":"Shri. Vitthal Rakhumai Mandir","Type":"Hindu Temple","Review Count":"0","Address":"Ahillya Devi Chwok, Gangapur, Govardhan, Maharashtra 422222, India","Opening Hours":"Monday: Open 24 hours | Tuesday: Open 24 hours | Wednesday: Open 24 hours | Thursday: Open 24 hours | Friday: Open 24 hours | Saturday: Open 24 hours | Sunday: Open 24 hours","Maps Link":"https://maps.google.com/?cid=12331281850461054864&g_mp=Cidnb29nbGUubWFwcy5wbGFjZXMudjEuUGxhY2VzLlNlYXJjaFRleHQQAhgEIAA"}},{"type":"Feature","geometry":{"type":"Point","coordinates":[73.7225669,19.9700097]},"properties":{"Taluka":"Nashik","Zone":"Govardhan / Gangapur Dam","Category":"Mandir / Temple","Name":"Vitthal Rukmini Mandir","Type":"Hindu Temple","Rating":"4.5","Review Count":"22","Address":"XPCF+224, Ambad Satpur Link Rd, Near Jadhav Township, Chunchale Shivar, Bhor Town Ship, Nashik, Maharashtra 422010, India","Opening Hours":"Monday: 7:30 AM – 9:00 PM | Tuesday: 7:30 AM – 9:00 PM | Wednesday: 7:30 AM – 9:00 PM | Thursday: 7:30 AM – 9:00 PM | Friday: 7:30 AM – 9:00 PM | Saturday: 7:30 AM – 9:00 PM | Sunday: 7:30 AM – 9:00 PM","Maps Link":"https://maps.google.com/?cid=4337074054994659634&g_mp=Cidnb29nbGUubWFwcy5wbGFjZXMudjEuUGxhY2VzLlNlYXJjaFRleHQQAhgEIAA"}},{"type":"Feature","geometry":{"type":"Point","coordinates":[73.705449,20.0048607]},"properties":{"Taluka":"Nashik","Zone":"Govardhan / Gangapur Dam","Category":"Mandir / Temple","Name":"हनुमान मंदिर Hanuman Tekadi","Type":"Hindu Temple","Rating":"3.7","Review Count":"3","Address":"2P34+W5W, Satpur, Nashik, Maharashtra 422012, India","Opening Hours":"Monday: Open 24 hours | Tuesday: Open 24 hours | Wednesday: Open 24 hours | Thursday: Open 24 hours | Friday: Open 24 hours | Saturday: Open 24 hours | Sunday: Open 24 hours","Maps Link":"https://maps.google.com/?cid=7842226620919371112&g_mp=Cidnb29nbGUubWFwcy5wbGFjZXMudjEuUGxhY2VzLlNlYXJjaFRleHQQAhgEIAA"}},{"type":"Feature","geometry":{"type":"Point","coordinates":[73.7172747,20.0358393]},"properties":{"Taluka":"Nashik","Zone":"Govardhan / Gangapur Dam","Category":"Other Religious Site","Name":"Shree Datta Sankat Mochan Hanuman","Type":"Hindu Temple","Rating":"5","Review Count":"1","Address":"2PP8+8WJ, Near Kranti Chowk, Gangapur Gaon, Gangapur, Govardhan, Maharashtra 422222, India","Maps Link":"https://maps.google.com/?cid=8881216801146405018&g_mp=Cidnb29nbGUubWFwcy5wbGFjZXMudjEuUGxhY2VzLlNlYXJjaFRleHQQAhgEIAA"}},{"type":"Feature","geometry":{"type":"Point","coordinates":[73.7278707,20.0230729]},"properties":{"Taluka":"Nashik","Zone":"Govardhan / Gangapur Dam","Category":"Other Religious Site","Name":"Shree Hanuman Madir","Type":"Hindu Temple","Rating":"4.8","Review Count":"5","Address":"2PFH+64H, Gangapur Rd, Someshwar, Gangapur, Nashik, Maharashtra 422222, India","Maps Link":"https://maps.google.com/?cid=13502779059216974613&g_mp=Cidnb29nbGUubWFwcy5wbGFjZXMudjEuUGxhY2VzLlNlYXJjaFRleHQQAhgEIAA"}},{"type":"Feature","geometry":{"type":"Point","coordinates":[73.7080627,20.0285864]},"properties":{"Taluka":"Nashik","Zone":"Govardhan / Gangapur Dam","Category":"Other Religious Site","Name":"Wonder Zone Trampoline Park | Best Trampoline Park In Nashik","Type":"Amusement Park","Rating":"4.3","Review Count":"1290","Phone":"091301 30120","Address":"Gat No. 9, YCMOU Road Govardhan, Gangapur Rd, near Ashok Astoria, Gangapur, Govardhan, Maharashtra 422222, India","Opening Hours":"Monday: 10:00 AM – 10:00 PM | Tuesday: 10:00 AM – 10:00 PM | Wednesday: 10:00 AM – 10:00 PM | Thursday: 10:00 AM – 10:00 PM | Friday: 10:00 AM – 10:00 PM | Saturday: 10:00 AM – 10:00 PM | Sunday: 10:00 AM – 10:00 PM","Maps Link":"https://maps.google.com/?cid=16469729364324628488&g_mp=Cidnb29nbGUubWFwcy5wbGFjZXMudjEuUGxhY2VzLlNlYXJjaFRleHQQAhgEIAA"}},{"type":"Feature","geometry":{"type":"Point","coordinates":[73.8344595,19.925908]},"properties":{"Taluka":"Nashik","Zone":"Devlali Camp & Deolali Gaon","Category":"Mandir / Temple","Name":"Air Force Mandir","Type":"Hindu Temple","Rating":"4.8","Review Count":"32","Address":"Air Force Station, Kahan Nagar Society, Belatgavhan, Maharashtra 422501, India","Maps Link":"https://maps.google.com/?cid=13560594938617598794&g_mp=Cidnb29nbGUubWFwcy5wbGFjZXMudjEuUGxhY2VzLlNlYXJjaFRleHQQAhgEIAA"}},{"type":"Feature","geometry":{"type":"Point","coordinates":[73.814298,19.877148]},"properties":{"Taluka":"Nashik","Zone":"Devlali Camp & Deolali Gaon","Category":"Mandir / Temple","Name":"Ayyappa Temple","Type":"Hindu Temple","Rating":"4.5","Review Count":"33","Address":"VRG7+VP3, Deolali Camp, Devlali, Maharashtra 422401, India","Maps Link":"https://maps.google.com/?cid=14088315196246329297&g_mp=Cidnb29nbGUubWFwcy5wbGFjZXMudjEuUGxhY2VzLlNlYXJjaFRleHQQAhgEIAA"}},{"type":"Feature","geometry":{"type":"Point","coordinates":[73.8353324,19.9431363]},"properties":{"Taluka":"Nashik","Zone":"Devlali Camp & Deolali Gaon","Category":"Mandir / Temple","Name":"Bhairavnath Mandir","Type":"Place of Worship","Rating":"4.2","Review Count":"5","Address":"WRVP+744, Devlali Gaon, Nashik, Maharashtra 422101, India","Opening Hours":"Monday: 8:00 AM – 9:00 PM | Tuesday: 8:00 AM – 9:00 PM | Wednesday: 8:00 AM – 9:00 PM | Thursday: 8:00 AM – 9:00 PM | Friday: 8:00 AM – 9:00 PM | Saturday: 8:00 AM – 9:00 PM | Sunday: 8:00 AM – 9:00 PM","Maps Link":"https://maps.google.com/?cid=3823798757015043898&g_mp=Cidnb29nbGUubWFwcy5wbGFjZXMudjEuUGxhY2VzLlNlYXJjaFRleHQQAhgEIAA"}},{"type":"Feature","geometry":{"type":"Point","coordinates":[73.8309368,19.9087723]},"properties":{"Taluka":"Nashik","Zone":"Devlali Camp & Deolali Gaon","Category":"Mandir / Temple","Name":"Datta Mandir ( In Memory of Lat.e Shrimati Shantabai Sakharam More. More Bungalow)","Type":"Hindu Temple","Rating":"4.8","Review Count":"4","Address":"Datta Mandir More bungalow, Anand Rd, Anand Road, Indrayani Society, Sansari, Maharashtra 422401, India","Opening Hours":"Monday: Open 24 hours | Tuesday: Open 24 hours | Wednesday: Open 24 hours | Thursday: Open 24 hours | Friday: Open 24 hours | Saturday: Open 24 hours | Sunday: Open 24 hours","Maps Link":"https://maps.google.com/?cid=394502561673269663&g_mp=Cidnb29nbGUubWFwcy5wbGFjZXMudjEuUGxhY2VzLlNlYXJjaFRleHQQAhgEIAA"}},{"type":"Feature","geometry":{"type":"Point","coordinates":[73.8192413,19.9001161]},"properties":{"Taluka":"Nashik","Zone":"Devlali Camp & Deolali Gaon","Category":"Mandir / Temple","Name":"Ganesh Mandir (116 TA Road)","Type":"Hindu Temple","Rating":"5","Review Count":"2","Address":"WR29+2MX, Dhondy Rd, Deolali Camp, Devlali, Maharashtra 422401, India","Maps Link":"https://maps.google.com/?cid=14039695629118445859&g_mp=Cidnb29nbGUubWFwcy5wbGFjZXMudjEuUGxhY2VzLlNlYXJjaFRleHQQAhgEIAA"}},{"type":"Feature","geometry":{"type":"Point","coordinates":[73.8403445,19.9067394]},"properties":{"Taluka":"Nashik","Zone":"Devlali Camp & Deolali Gaon","Category":"Mandir / Temple","Name":"Hanuman Mandir","Type":"Hindu Temple","Rating":"4.2","Review Count":"13","Address":"WR4R+M4X, Sansari, Nashik, Sansari, Maharashtra 422401, India","Maps Link":"https://maps.google.com/?cid=9824746605827859504&g_mp=Cidnb29nbGUubWFwcy5wbGFjZXMudjEuUGxhY2VzLlNlYXJjaFRleHQQAhgEIAA"}},{"type":"Feature","geometry":{"type":"Point","coordinates":[73.8070673,19.8989852]},"properties":{"Taluka":"Nashik","Zone":"Devlali Camp & Deolali Gaon","Category":"Mandir / Temple","Name":"Hanuman Mandir","Type":"Hindu Temple","Rating":"4.9","Review Count":"8","Address":"VRX4+HRW, Unnamed Road, Shingwe Bhaula Village, Devlali, Maharashtra 422401, India","Opening Hours":"Monday: Open 24 hours | Tuesday: Open 24 hours | Wednesday: Open 24 hours | Thursday: Open 24 hours | Friday: Open 24 hours | Saturday: Open 24 hours | Sunday: Open 24 hours","Maps Link":"https://maps.google.com/?cid=243885839348275269&g_mp=Cidnb29nbGUubWFwcy5wbGFjZXMudjEuUGxhY2VzLlNlYXJjaFRleHQQAhgEIAA"}},{"type":"Feature","geometry":{"type":"Point","coordinates":[73.8191668,19.9358222]},"properties":{"Taluka":"Nashik","Zone":"Devlali Camp & Deolali Gaon","Category":"Mandir / Temple","Name":"Hanuman Mandir","Type":"Hindu Temple","Rating":"3.7","Review Count":"3","Address":"WRP9+8MF, Vihitgaon, Nashik, Maharashtra 422401, India","Maps Link":"https://maps.google.com/?cid=11047202725705181200&g_mp=Cidnb29nbGUubWFwcy5wbGFjZXMudjEuUGxhY2VzLlNlYXJjaFRleHQQAhgEIAA"}},{"type":"Feature","geometry":{"type":"Point","coordinates":[73.8046689,19.9039678]},"properties":{"Taluka":"Nashik","Zone":"Devlali Camp & Deolali Gaon","Category":"Mandir / Temple","Name":"Hanuman mandir charanwadi","Type":"Hindu Temple","Rating":"3","Review Count":"1","Address":"WR33+MV9, Deolali Camp, Nashik, Devlali, Maharashtra 422401, India","Maps Link":"https://maps.google.com/?cid=3329981268635631587&g_mp=Cidnb29nbGUubWFwcy5wbGFjZXMudjEuUGxhY2VzLlNlYXJjaFRleHQQAhgEIAA"}},{"type":"Feature","geometry":{"type":"Point","coordinates":[73.8425452,19.9074077]},"properties":{"Taluka":"Nashik","Zone":"Devlali Camp & Deolali Gaon","Category":"Mandir / Temple","Name":"JAY RAM BABA MANDIR","Type":"Hindu Temple","Rating":"5","Review Count":"1","Address":"Sansari Village, Sansari, Maharashtra 422401, India","Maps Link":"https://maps.google.com/?cid=17356766665568356468&g_mp=Cidnb29nbGUubWFwcy5wbGFjZXMudjEuUGxhY2VzLlNlYXJjaFRleHQQAhgEIAA"}},{"type":"Feature","geometry":{"type":"Point","coordinates":[73.7772858,19.8889214]},"properties":{"Taluka":"Nashik","Zone":"Devlali Camp & Deolali Gaon","Category":"Mandir / Temple","Name":"KHANDOBA TEMPLE","Type":"Hindu Temple","Rating":"4.6","Review Count":"20","Address":"VQQG+HW7, Nashik, Devlali, Maharashtra 422010, India","Maps Link":"https://maps.google.com/?cid=17135197552801339592&g_mp=Cidnb29nbGUubWFwcy5wbGFjZXMudjEuUGxhY2VzLlNlYXJjaFRleHQQAhgEIAA"}},{"type":"Feature","geometry":{"type":"Point","coordinates":[73.830763,19.8771581]},"properties":{"Taluka":"Nashik","Zone":"Devlali Camp & Deolali Gaon","Category":"Mandir / Temple","Name":"Khanderao Maharaj Temple","Type":"Hindu Temple","Rating":"4.2","Review Count":"13","Address":"VRGJ+V86, Deolali Camp, Bhagur, Devlali, Maharashtra 422502, India","Opening Hours":"Monday: 5:30 AM – 9:30 PM | Tuesday: 5:30 AM – 9:30 PM | Wednesday: 5:30 AM – 9:30 PM | Thursday: 5:30 AM – 9:30 PM | Friday: 5:30 AM – 9:30 PM | Saturday: 5:30 AM – 9:30 PM | Sunday: 5:30 AM – 9:30 PM","Maps Link":"https://maps.google.com/?cid=7547503605805917832&g_mp=Cidnb29nbGUubWFwcy5wbGFjZXMudjEuUGxhY2VzLlNlYXJjaFRleHQQAhgEIAA"}},{"type":"Feature","geometry":{"type":"Point","coordinates":[73.8308769,19.8771278]},"properties":{"Taluka":"Nashik","Zone":"Devlali Camp & Deolali Gaon","Category":"Mandir / Temple","Name":"Khandoba mandir","Type":"Hindu Temple","Rating":"5","Review Count":"1","Address":"VRGJ+V86, Deolali Camp, Bhagur, Devlali, Maharashtra 422502, India","Maps Link":"https://maps.google.com/?cid=12555325733551812039&g_mp=Cidnb29nbGUubWFwcy5wbGFjZXMudjEuUGxhY2VzLlNlYXJjaFRleHQQAhgEIAA"}},{"type":"Feature","geometry":{"type":"Point","coordinates":[73.8344088,19.9422528]},"properties":{"Taluka":"Nashik","Zone":"Devlali Camp & Deolali Gaon","Category":"Mandir / Temple","Name":"Mahadev Mandir","Type":"Hindu Temple","Rating":"3","Review Count":"2","Address":"WRRM+WQ3, Deolali Gaon, Nashik, Maharashtra 422101, India","Maps Link":"https://maps.google.com/?cid=15634536009226733334&g_mp=Cidnb29nbGUubWFwcy5wbGFjZXMudjEuUGxhY2VzLlNlYXJjaFRleHQQAhgEIAA"}},{"type":"Feature","geometry":{"type":"Point","coordinates":[73.8342049,19.9347947]},"properties":{"Taluka":"Nashik","Zone":"Devlali Camp & Deolali Gaon","Category":"Mandir / Temple","Name":"Mahsoba Temple, Shatrunjay Society","Type":"Hindu Temple","Rating":"4.8","Review Count":"8","Phone":"091305 97245","Address":"shatrunjay society, Lam Rd, Deolali Gaon, Nashik, Maharashtra 422401, India","Maps Link":"https://maps.google.com/?cid=5845006505104140117&g_mp=Cidnb29nbGUubWFwcy5wbGFjZXMudjEuUGxhY2VzLlNlYXJjaFRleHQQAhgEIAA"}},{"type":"Feature","geometry":{"type":"Point","coordinates":[73.830542,19.9010909]},"properties":{"Taluka":"Nashik","Zone":"Devlali Camp & Deolali Gaon","Category":"Mandir / Temple","Name":"Manokameshwar Mahadev Mandir","Type":"Hindu Temple","Rating":"4.9","Review Count":"8","Address":"WR2J+C6M, Near Church, Govati Wada, Deolali Camp, Nashik, Sansari, Maharashtra 422401, India","Maps Link":"https://maps.google.com/?cid=8075804186353589078&g_mp=Cidnb29nbGUubWFwcy5wbGFjZXMudjEuUGxhY2VzLlNlYXJjaFRleHQQAhgEIAA"}},{"type":"Feature","geometry":{"type":"Point","coordinates":[73.846634,19.9195341]},"properties":{"Taluka":"Nashik","Zone":"Devlali Camp & Deolali Gaon","Category":"Mandir / Temple","Name":"Maruti Mandir Belatgavhan","Type":"Hindu Temple","Rating":"4.3","Review Count":"3","Address":"WR9W+RM6, Belatgavhan, Maharashtra 422401, India","Opening Hours":"Monday: Open 24 hours | Tuesday: Open 24 hours | Wednesday: Open 24 hours | Thursday: Open 24 hours | Friday: Open 24 hours | Saturday: Open 24 hours | Sunday: Open 24 hours","Maps Link":"https://maps.google.com/?cid=18103649022382269264&g_mp=Cidnb29nbGUubWFwcy5wbGFjZXMudjEuUGxhY2VzLlNlYXJjaFRleHQQAhgEIAA"}},{"type":"Feature","geometry":{"type":"Point","coordinates":[73.840026,19.9197543]},"properties":{"Taluka":"Nashik","Zone":"Devlali Camp & Deolali Gaon","Category":"Mandir / Temple","Name":"Mhasoba Maharaj and Sati Mata Aasra Mandir","Type":"Hindu Temple","Rating":"4.2","Review Count":"6","Address":"WR9R+W22, Belatgavhan, Maharashtra 422401, India","Opening Hours":"Monday: Closed | Tuesday: Open 24 hours | Wednesday: Open 24 hours | Thursday: Open 24 hours | Friday: Open 24 hours | Saturday: Open 24 hours | Sunday: Open 24 hours","Maps Link":"https://maps.google.com/?cid=7989978505722992615&g_mp=Cidnb29nbGUubWFwcy5wbGFjZXMudjEuUGxhY2VzLlNlYXJjaFRleHQQAhgEIAA"}},{"type":"Feature","geometry":{"type":"Point","coordinates":[73.8329484,19.9166633]},"properties":{"Taluka":"Nashik","Zone":"Devlali Camp & Deolali Gaon","Category":"Mandir / Temple","Name":"N.K. Kothari Hindu Arogya Mandir","Type":"Place of Worship","Review Count":"0","Address":"Kothari Hindu Arogya Mandir, N.K, Lam Rd, opp. Kothari Garden Camp, Deolali Gaon, Nashik, Devlali, Maharashtra 422401, India","Opening Hours":"Monday: Open 24 hours | Tuesday: Open 24 hours | Wednesday: Open 24 hours | Thursday: Open 24 hours | Friday: Open 24 hours | Saturday: Open 24 hours | Sunday: Open 24 hours","Maps Link":"https://maps.google.com/?cid=11804511530821170600&g_mp=Cidnb29nbGUubWFwcy5wbGFjZXMudjEuUGxhY2VzLlNlYXJjaFRleHQQAhgEIAA"}},{"type":"Feature","geometry":{"type":"Point","coordinates":[73.8262827,19.9409541]},"properties":{"Taluka":"Nashik","Zone":"Devlali Camp & Deolali Gaon","Category":"Mandir / Temple","Name":"Navagraha Mandir","Type":"Hindu Temple","Rating":"4.2","Review Count":"13","Address":"WRRG+9GM, Nanekar Mala, Gandhi Nagar Airport Area, Deolali Gaon, Nashik, Maharashtra 422102, India","Opening Hours":"Monday: 7:00 AM – 1:00 PM, 4:00 – 8:00 PM | Tuesday: 7:00 AM – 1:00 PM, 4:00 – 8:00 PM | Wednesday: 7:00 AM – 1:00 PM, 4:00 – 8:00 PM | Thursday: 7:00 AM – 1:00 PM, 4:00 – 8:00 PM | Friday: 7:00 AM – 1:00 PM, 4:00 – 8:00 PM | Saturday: 7:00 AM – 1:00 PM, 4:00 – 8:00 PM | Sunday: 7:00 AM – 1:00 PM, 4:00 – 8:00 PM","Maps Link":"https://maps.google.com/?cid=6349710089160611570&g_mp=Cidnb29nbGUubWFwcy5wbGFjZXMudjEuUGxhY2VzLlNlYXJjaFRleHQQAhgEIAA"}},{"type":"Feature","geometry":{"type":"Point","coordinates":[73.8286078,19.900826]},"properties":{"Taluka":"Nashik","Zone":"Devlali Camp & Deolali Gaon","Category":"Mandir / Temple","Name":"Navgrah shani mandir नवग्रह शनि मंदीर","Type":"Hindu Temple","Rating":"4.6","Review Count":"8","Address":"WR2H+8CQ, Deolali Cantonment, Deolali Camp, Devlali, Nashik, Maharashtra 422401, India","Opening Hours":"Monday: Open 24 hours | Tuesday: Open 24 hours | Wednesday: Open 24 hours | Thursday: Open 24 hours | Friday: Open 24 hours | Saturday: Open 24 hours | Sunday: Open 24 hours","Maps Link":"https://maps.google.com/?cid=8529279440766503802&g_mp=Cidnb29nbGUubWFwcy5wbGFjZXMudjEuUGxhY2VzLlNlYXJjaFRleHQQAhgEIAA"}},{"type":"Feature","geometry":{"type":"Point","coordinates":[73.8552943,19.9304146]},"properties":{"Taluka":"Nashik","Zone":"Devlali Camp & Deolali Gaon","Category":"Mandir / Temple","Name":"Navnath Temple Belatgavhan","Type":"Hindu Temple","Rating":"5","Review Count":"1","Address":"WVJ4+6C, Belatgavhan, Maharashtra 422401, India","Opening Hours":"Monday: 8:00 AM – 8:30 PM | Tuesday: 8:00 AM – 8:30 PM | Wednesday: 8:00 AM – 8:30 PM | Thursday: 8:00 AM – 8:30 PM | Friday: 8:00 AM – 8:30 PM | Saturday: 8:00 AM – 8:30 PM | Sunday: 8:00 AM – 8:30 PM","Maps Link":"https://maps.google.com/?cid=7657239229234663162&g_mp=Cidnb29nbGUubWFwcy5wbGFjZXMudjEuUGxhY2VzLlNlYXJjaFRleHQQAhgEIAA"}},{"type":"Feature","geometry":{"type":"Point","coordinates":[73.8322122,19.9113016]},"properties":{"Taluka":"Nashik","Zone":"Devlali Camp & Deolali Gaon","Category":"Mandir / Temple","Name":"Parsi Fire Temple","Type":"Place of Worship","Rating":"4.5","Review Count":"44","Address":"206, Lam Rd, Deolali Gaon, Nashik, Sansari, Maharashtra 422401, India","Maps Link":"https://maps.google.com/?cid=2844854412898488365&g_mp=Cidnb29nbGUubWFwcy5wbGFjZXMudjEuUGxhY2VzLlNlYXJjaFRleHQQAhgEIAA"}},{"type":"Feature","geometry":{"type":"Point","coordinates":[73.8304185,19.9013822]},"properties":{"Taluka":"Nashik","Zone":"Devlali Camp & Deolali Gaon","Category":"Mandir / Temple","Name":"Pujya Jhulelal mandir","Type":"Hindu Temple","Rating":"4.2","Review Count":"12","Phone":"097301 53123","Address":"Deolali Camp, Sansari, Maharashtra 422401, India","Opening Hours":"Monday: 6:00 AM – 8:00 PM | Tuesday: 6:00 AM – 8:00 PM | Wednesday: 6:00 AM – 8:00 PM | Thursday: 6:00 AM – 8:00 PM | Friday: 6:00 AM – 8:00 PM | Saturday: 6:00 AM – 8:00 PM | Sunday: 6:00 AM – 8:00 PM","Maps Link":"https://maps.google.com/?cid=9997284401939935712&g_mp=Cidnb29nbGUubWFwcy5wbGFjZXMudjEuUGxhY2VzLlNlYXJjaFRleHQQAhgEIAA"}},{"type":"Feature","geometry":{"type":"Point","coordinates":[73.8340033,19.9267854]},"properties":{"Taluka":"Nashik","Zone":"Devlali Camp & Deolali Gaon","Category":"Mandir / Temple","Name":"Shani Temple","Type":"Hindu Temple","Rating":"4.4","Review Count":"16","Address":"WRGM+PJ6, Lam Rd, Kahan Nagar Society, Belatgavhan, Maharashtra 422501, India","Maps Link":"https://maps.google.com/?cid=3417554526180019589&g_mp=Cidnb29nbGUubWFwcy5wbGFjZXMudjEuUGxhY2VzLlNlYXJjaFRleHQQAhgEIAA"}},{"type":"Feature","geometry":{"type":"Point","coordinates":[73.8373149,19.9417449]},"properties":{"Taluka":"Nashik","Zone":"Devlali Camp & Deolali Gaon","Category":"Mandir / Temple","Name":"Shiv Malhar Mandir","Type":"Hindu Temple","Rating":"4.3","Review Count":"10","Address":"near Masjid, Rajwada Nagar, Deolali Gaon, Nashik, Maharashtra 422101, India","Opening Hours":"Monday: 6:00 AM – 12:00 AM | Tuesday: Open 24 hours | Wednesday: 12:00 AM – 5:00 PM | Thursday: Open 24 hours | Friday: Open 24 hours | Saturday: Open 24 hours | Sunday: Open 24 hours","Maps Link":"https://maps.google.com/?cid=1126815971836799239&g_mp=Cidnb29nbGUubWFwcy5wbGFjZXMudjEuUGxhY2VzLlNlYXJjaFRleHQQAhgEIAA"}},{"type":"Feature","geometry":{"type":"Point","coordinates":[73.833263,19.9206839]},"properties":{"Taluka":"Nashik","Zone":"Devlali Camp & Deolali Gaon","Category":"Mandir / Temple","Name":"Shree Bhairavnath Mandir","Type":"Hindu Temple","Rating":"5","Review Count":"10","Address":"WRCM+78C, Lam Rd, Deolali Camp, Belatgavhan, Maharashtra 422401, India","Maps Link":"https://maps.google.com/?cid=10547153340964351074&g_mp=Cidnb29nbGUubWFwcy5wbGFjZXMudjEuUGxhY2VzLlNlYXJjaFRleHQQAhgEIAA"}},{"type":"Feature","geometry":{"type":"Point","coordinates":[73.8067045,19.8986685]},"properties":{"Taluka":"Nashik","Zone":"Devlali Camp & Deolali Gaon","Category":"Mandir / Temple","Name":"Shree Bhairavnath Mandir","Type":"Hindu Temple","Rating":"5","Review Count":"1","Address":"VRX4+FM8, Lam Rd, near Dhondy Road, Shingwe Bhaula Village, Nashik, Devlali, Maharashtra 422401, India","Maps Link":"https://maps.google.com/?cid=18060033523342817594&g_mp=Cidnb29nbGUubWFwcy5wbGFjZXMudjEuUGxhY2VzLlNlYXJjaFRleHQQAhgEIAA"}},{"type":"Feature","geometry":{"type":"Point","coordinates":[73.8106735,19.9348677]},"properties":{"Taluka":"Nashik","Zone":"Devlali Camp & Deolali Gaon","Category":"Mandir / Temple","Name":"Shree Datta Temple (Bramhagiri)","Type":"Hindu Temple","Rating":"4.5","Review Count":"11","Address":"WRM6+W7V, Vadner Dumala, Nashik, Maharashtra 422010, India","Maps Link":"https://maps.google.com/?cid=1727197439979811429&g_mp=Cidnb29nbGUubWFwcy5wbGFjZXMudjEuUGxhY2VzLlNlYXJjaFRleHQQAhgEIAA"}},{"type":"Feature","geometry":{"type":"Point","coordinates":[73.8401098,19.9235079]},"properties":{"Taluka":"Nashik","Zone":"Devlali Camp & Deolali Gaon","Category":"Mandir / Temple","Name":"Shree Dattamandir Belatgavhan","Type":"Hindu Temple","Rating":"4.7","Review Count":"6","Address":"WRFR+C25, Unnamed Road, Belatgavhan, Maharashtra 422401, India","Opening Hours":"Monday: 6:00 AM – 9:00 PM | Tuesday: 6:00 AM – 9:00 PM | Wednesday: 6:00 AM – 9:00 PM | Thursday: 6:00 AM – 9:00 PM | Friday: 6:00 AM – 9:00 PM | Saturday: 6:00 AM – 9:00 PM | Sunday: 6:00 AM – 9:00 PM","Maps Link":"https://maps.google.com/?cid=9348580346084454862&g_mp=Cidnb29nbGUubWFwcy5wbGFjZXMudjEuUGxhY2VzLlNlYXJjaFRleHQQAhgEIAA"}},{"type":"Feature","geometry":{"type":"Point","coordinates":[73.8312755,19.9027542]},"properties":{"Taluka":"Nashik","Zone":"Devlali Camp & Deolali Gaon","Category":"Mandir / Temple","Name":"Shree Durga Mata Mandir","Type":"Hindu Temple","Rating":"5","Review Count":"4","Address":"WR3J+4G2, Deolali Camp, Nashik, Sansari, Maharashtra 422401, India","Maps Link":"https://maps.google.com/?cid=16695504221613417063&g_mp=Cidnb29nbGUubWFwcy5wbGFjZXMudjEuUGxhY2VzLlNlYXJjaFRleHQQAhgEIAA"}},{"type":"Feature","geometry":{"type":"Point","coordinates":[73.8339509,19.9238073]},"properties":{"Taluka":"Nashik","Zone":"Devlali Camp & Deolali Gaon","Category":"Mandir / Temple","Name":"Shree Hanuman Mandir","Type":"Hindu Temple","Rating":"5","Review Count":"1","Address":"WRFM+GHG, Lam Rd, Bhatiya Bus Stop, Kahan Nagar Society, Belatgavhan, Maharashtra 422501, India","Maps Link":"https://maps.google.com/?cid=460134979020383663&g_mp=Cidnb29nbGUubWFwcy5wbGFjZXMudjEuUGxhY2VzLlNlYXJjaFRleHQQAhgEIAA"}},{"type":"Feature","geometry":{"type":"Point","coordinates":[73.8290279,19.901826]},"properties":{"Taluka":"Nashik","Zone":"Devlali Camp & Deolali Gaon","Category":"Mandir / Temple","Name":"Shree Krishna Mandir","Type":"Hindu Temple","Rating":"4.8","Review Count":"6","Address":"near Bus Stop, Deolali Cantonment, Deolali Camp, Nashik, Sansari, Maharashtra 422401, India","Maps Link":"https://maps.google.com/?cid=5615561505585325609&g_mp=Cidnb29nbGUubWFwcy5wbGFjZXMudjEuUGxhY2VzLlNlYXJjaFRleHQQAhgEIAA"}},{"type":"Feature","geometry":{"type":"Point","coordinates":[73.8216373,19.9076629]},"properties":{"Taluka":"Nashik","Zone":"Devlali Camp & Deolali Gaon","Category":"Mandir / Temple","Name":"Shree Ram Mandir","Type":"Hindu Temple","Rating":"4.3","Review Count":"18","Address":"Bunglow, Vidya-Vinay Co Operative Housing Society, 13 A, Lawrence Rd, near Ram Mandir, Deolali Camp, Sansari, Nashik, Maharashtra 422401, India","Maps Link":"https://maps.google.com/?cid=10770660347677363997&g_mp=Cidnb29nbGUubWFwcy5wbGFjZXMudjEuUGxhY2VzLlNlYXJjaFRleHQQAhgEIAA"}},{"type":"Feature","geometry":{"type":"Point","coordinates":[73.8337378,19.8777393]},"properties":{"Taluka":"Nashik","Zone":"Devlali Camp & Deolali Gaon","Category":"Mandir / Temple","Name":"Shree Renuka Mata Mandir","Type":"Hindu Temple","Rating":"4.9","Review Count":"26","Address":"VRHM+3FX, Shani Mandir Rd, Bhagur, Maharashtra 422502, India","Maps Link":"https://maps.google.com/?cid=7733817305957795703&g_mp=Cidnb29nbGUubWFwcy5wbGFjZXMudjEuUGxhY2VzLlNlYXJjaFRleHQQAhgEIAA"}},{"type":"Feature","geometry":{"type":"Point","coordinates":[73.8255087,19.9046088]},"properties":{"Taluka":"Nashik","Zone":"Devlali Camp & Deolali Gaon","Category":"Mandir / Temple","Name":"Shree Saibaba Mandir","Type":"Hindu Temple","Rating":"4.8","Review Count":"6","Address":"WR3G+R6R, Wadner Rd, Deolali Camp, Nashik, Sansari, Maharashtra 422401, India","Maps Link":"https://maps.google.com/?cid=9620046843314963076&g_mp=Cidnb29nbGUubWFwcy5wbGFjZXMudjEuUGxhY2VzLlNlYXJjaFRleHQQAhgEIAA"}},{"type":"Feature","geometry":{"type":"Point","coordinates":[73.8542524,19.9302548]},"properties":{"Taluka":"Nashik","Zone":"Devlali Camp & Deolali Gaon","Category":"Mandir / Temple","Name":"Shree Sangameshwar Mahadev Mandir Devasthan","Type":"Hindu Temple","Rating":"4.5","Review Count":"35","Phone":"090498 20421","Address":"Belatgavhan, Maharashtra 422401, India","Opening Hours":"Monday: 6:00 AM – 8:00 PM | Tuesday: 6:00 AM – 8:00 PM | Wednesday: 6:00 AM – 8:00 PM | Thursday: 6:00 AM – 8:00 PM | Friday: 6:00 AM – 8:00 PM | Saturday: 6:00 AM – 8:00 PM | Sunday: 6:00 AM – 8:00 PM","Maps Link":"https://maps.google.com/?cid=12792312557547721376&g_mp=Cidnb29nbGUubWFwcy5wbGFjZXMudjEuUGxhY2VzLlNlYXJjaFRleHQQAhgEIAA"}},{"type":"Feature","geometry":{"type":"Point","coordinates":[73.8338039,19.8786021]},"properties":{"Taluka":"Nashik","Zone":"Devlali Camp & Deolali Gaon","Category":"Mandir / Temple","Name":"Shree Satva Hanuman Mandir","Type":"Hindu Temple","Rating":"4.8","Review Count":"4","Address":"VRHM+CGV, Gaikwada Galli, Vijay Nagar, Nashik, Bhagur, Maharashtra 422502, India","Opening Hours":"Monday: 6:00 AM – 8:00 PM | Tuesday: 6:00 AM – 8:00 PM | Wednesday: 6:00 AM – 8:00 PM | Thursday: 6:00 AM – 8:00 PM | Friday: 6:00 AM – 8:00 PM | Saturday: 6:00 AM – 8:00 PM | Sunday: 6:00 AM – 8:00 PM","Maps Link":"https://maps.google.com/?cid=682642844757383266&g_mp=Cidnb29nbGUubWFwcy5wbGFjZXMudjEuUGxhY2VzLlNlYXJjaFRleHQQAhgEIAA"}},{"type":"Feature","geometry":{"type":"Point","coordinates":[73.8461702,19.9194687]},"properties":{"Taluka":"Nashik","Zone":"Devlali Camp & Deolali Gaon","Category":"Mandir / Temple","Name":"Shree Vitthal Rakhumai Mandir","Type":"Hindu Temple","Rating":"4.8","Review Count":"4","Address":"WR9W+QFM, Belatgavhan, Maharashtra 422401, India","Maps Link":"https://maps.google.com/?cid=10846694426502789788&g_mp=Cidnb29nbGUubWFwcy5wbGFjZXMudjEuUGxhY2VzLlNlYXJjaFRleHQQAhgEIAA"}},{"type":"Feature","geometry":{"type":"Point","coordinates":[73.8345638,19.9408746]},"properties":{"Taluka":"Nashik","Zone":"Devlali Camp & Deolali Gaon","Category":"Mandir / Temple","Name":"Shri Biroba Mandir","Type":"Hindu Temple","Rating":"4","Review Count":"2","Address":"WRRM+8RW, Devlali Gaon, Nashik, Maharashtra 422102, India","Maps Link":"https://maps.google.com/?cid=3557027276982718246&g_mp=Cidnb29nbGUubWFwcy5wbGFjZXMudjEuUGxhY2VzLlNlYXJjaFRleHQQAhgEIAA"}},{"type":"Feature","geometry":{"type":"Point","coordinates":[73.828766,19.9017018]},"properties":{"Taluka":"Nashik","Zone":"Devlali Camp & Deolali Gaon","Category":"Mandir / Temple","Name":"Shri HANUMAN Temple","Type":"Hindu Temple","Rating":"4.5","Review Count":"15","Address":"WR2H+MGJ, near Bharat Cold Drink, Deolali Cantonment, Deolali Camp, Sansari, Maharashtra 422401, India","Maps Link":"https://maps.google.com/?cid=996212734321946664&g_mp=Cidnb29nbGUubWFwcy5wbGFjZXMudjEuUGxhY2VzLlNlYXJjaFRleHQQAhgEIAA"}},{"type":"Feature","geometry":{"type":"Point","coordinates":[73.828247,19.9030028]},"properties":{"Taluka":"Nashik","Zone":"Devlali Camp & Deolali Gaon","Category":"Mandir / Temple","Name":"Shri Icchapurti Ganesh Mandir Trust","Type":"Hindu Temple","Rating":"4","Review Count":"1","Address":"WR3H+675, Deolali Camp, Nashik, Sansari, Maharashtra 422401, India","Maps Link":"https://maps.google.com/?cid=7869740441748242907&g_mp=Cidnb29nbGUubWFwcy5wbGFjZXMudjEuUGxhY2VzLlNlYXJjaFRleHQQAhgEIAA"}},{"type":"Feature","geometry":{"type":"Point","coordinates":[73.852626,19.933049]},"properties":{"Taluka":"Nashik","Zone":"Devlali Camp & Deolali Gaon","Category":"Mandir / Temple","Name":"Shri Krishna Temple","Type":"Hindu Temple","Rating":"3.3","Review Count":"4","Address":"WVM3+636, Lam Rd, Dhurjad mala, Belatgavhan, Maharashtra 422101, India","Maps Link":"https://maps.google.com/?cid=1574887664407192779&g_mp=Cidnb29nbGUubWFwcy5wbGFjZXMudjEuUGxhY2VzLlNlYXJjaFRleHQQAhgEIAA"}},{"type":"Feature","geometry":{"type":"Point","coordinates":[73.834491,19.940897]},"properties":{"Taluka":"Nashik","Zone":"Devlali Camp & Deolali Gaon","Category":"Mandir / Temple","Name":"Shri Malhar Marthand Devasthan Bhand Bhavan","Type":"Hindu Temple","Rating":"5","Review Count":"1","Address":"WRRM+9Q5, Deolali Gaon, Nashik, Maharashtra 422102, India","Maps Link":"https://maps.google.com/?cid=14825385656385297600&g_mp=Cidnb29nbGUubWFwcy5wbGFjZXMudjEuUGxhY2VzLlNlYXJjaFRleHQQAhgEIAA"}},{"type":"Feature","geometry":{"type":"Point","coordinates":[73.834043,19.923797]},"properties":{"Taluka":"Nashik","Zone":"Devlali Camp & Deolali Gaon","Category":"Mandir / Temple","Name":"Shri Sai Baba Mandir","Type":"Hindu Temple","Rating":"4.3","Review Count":"3","Address":"WRFM+GJ7, Lam Rd, Shree Laxmi Narayan Mandir, Nashik Road, Belatgavhan, Maharashtra 422501, India","Maps Link":"https://maps.google.com/?cid=14367637153297845831&g_mp=Cidnb29nbGUubWFwcy5wbGFjZXMudjEuUGxhY2VzLlNlYXJjaFRleHQQAhgEIAA"}},{"type":"Feature","geometry":{"type":"Point","coordinates":[73.8330443,19.9399821]},"properties":{"Taluka":"Nashik","Zone":"Devlali Camp & Deolali Gaon","Category":"Mandir / Temple","Name":"Shri Varad Ganesh Mandir","Type":"Hindu Temple","Rating":"4.5","Review Count":"2","Address":"WRQM+X6V, Devlali Gaon, Nashik, Maharashtra 422102, India","Maps Link":"https://maps.google.com/?cid=356219288044375163&g_mp=Cidnb29nbGUubWFwcy5wbGFjZXMudjEuUGxhY2VzLlNlYXJjaFRleHQQAhgEIAA"}},{"type":"Feature","geometry":{"type":"Point","coordinates":[73.8251266,19.9361334]},"properties":{"Taluka":"Nashik","Zone":"Devlali Camp & Deolali Gaon","Category":"Mandir / Temple","Name":"Siddheshwar Mahadev Temple","Type":"Hindu Temple","Rating":"5","Review Count":"2","Address":"17/1/33, Yogeshwar Nagar Rd, Shivnagar, Nashik, Maharashtra 422401, India","Opening Hours":"Monday: Open 24 hours | Tuesday: Open 24 hours | Wednesday: Open 24 hours | Thursday: Open 24 hours | Friday: Open 24 hours | Saturday: Open 24 hours | Sunday: Open 24 hours","Maps Link":"https://maps.google.com/?cid=15087062584888984843&g_mp=Cidnb29nbGUubWFwcy5wbGFjZXMudjEuUGxhY2VzLlNlYXJjaFRleHQQAhgEIAA"}},{"type":"Feature","geometry":{"type":"Point","coordinates":[73.8377313,19.9742292]},"properties":{"Taluka":"Nashik","Zone":"Devlali Camp & Deolali Gaon","Category":"Mandir / Temple","Name":"SiddhiVinayak Temple","Type":"Hindu Temple","Rating":"4.3","Review Count":"18","Address":"XRFQ+M3X, MSEB Colony, Shivaji Nagar, Nashik, Maharashtra 422101, India","Maps Link":"https://maps.google.com/?cid=1432885667662617064&g_mp=Cidnb29nbGUubWFwcy5wbGFjZXMudjEuUGxhY2VzLlNlYXJjaFRleHQQAhgEIAA"}},{"type":"Feature","geometry":{"type":"Point","coordinates":[73.822198,19.8961507]},"properties":{"Taluka":"Nashik","Zone":"Devlali Camp & Deolali Gaon","Category":"Mandir / Temple","Name":"Temple Hill Sunrise Point","Type":"Scenic Spot","Rating":"4.7","Review Count":"15","Address":"VRWC+FHP, Deolali Camp, Devlali, Maharashtra 422401, India","Maps Link":"https://maps.google.com/?cid=10707560806297968235&g_mp=Cidnb29nbGUubWFwcy5wbGFjZXMudjEuUGxhY2VzLlNlYXJjaFRleHQQAhgEIAA"}},{"type":"Feature","geometry":{"type":"Point","coordinates":[73.8190906,19.8961614]},"properties":{"Taluka":"Nashik","Zone":"Devlali Camp & Deolali Gaon","Category":"Mandir / Temple","Name":"Temple Hill Sunset Point","Type":"Scenic Spot","Rating":"4.7","Review Count":"6","Address":"VRW9+CJV, Deolali Camp, Devlali, Maharashtra 422401, India","Maps Link":"https://maps.google.com/?cid=16199977090237389653&g_mp=Cidnb29nbGUubWFwcy5wbGFjZXMudjEuUGxhY2VzLlNlYXJjaFRleHQQAhgEIAA"}},{"type":"Feature","geometry":{"type":"Point","coordinates":[73.8223093,19.8970492]},"properties":{"Taluka":"Nashik","Zone":"Devlali Camp & Deolali Gaon","Category":"Mandir / Temple","Name":"Temple Hill Water Fall","Type":"Tourist Attraction","Rating":"4.4","Review Count":"292","Address":"VRWC+RW7, Lam Rd, Near Army Centre, Deolali Camp, Nashik, Devlali, Maharashtra 422401, India","Maps Link":"https://maps.google.com/?cid=10008260167392028829&g_mp=Cidnb29nbGUubWFwcy5wbGFjZXMudjEuUGxhY2VzLlNlYXJjaFRleHQQAhgEIAA"}},{"type":"Feature","geometry":{"type":"Point","coordinates":[73.8226228,19.8974193]},"properties":{"Taluka":"Nashik","Zone":"Devlali Camp & Deolali Gaon","Category":"Mandir / Temple","Name":"Temple Hill Watika (Garden)","Type":"Garden","Rating":"4.5","Review Count":"51","Address":"VRWF+X29, Deolali Camp, Devlali, Maharashtra 422401, India","Opening Hours":"Monday: 5:00 – 8:30 PM | Tuesday: 5:00 – 8:30 PM | Wednesday: 5:00 – 8:30 PM | Thursday: 5:00 – 8:30 PM | Friday: 5:00 – 8:30 PM | Saturday: 5:00 – 8:30 PM | Sunday: 5:00 – 8:30 PM","Maps Link":"https://maps.google.com/?cid=9707924851786072353&g_mp=Cidnb29nbGUubWFwcy5wbGFjZXMudjEuUGxhY2VzLlNlYXJjaFRleHQQAhgEIAA"}},{"type":"Feature","geometry":{"type":"Point","coordinates":[73.8401801,19.9031503]},"properties":{"Taluka":"Nashik","Zone":"Devlali Camp & Deolali Gaon","Category":"Mandir / Temple","Name":"Vetal Baba Mandir","Type":"Hindu Temple","Rating":"5","Review Count":"3","Address":"WR3Q+GQC, Sansari Village, Sansari, Maharashtra 422401, India","Maps Link":"https://maps.google.com/?cid=1158174159048865230&g_mp=Cidnb29nbGUubWFwcy5wbGFjZXMudjEuUGxhY2VzLlNlYXJjaFRleHQQAhgEIAA"}},{"type":"Feature","geometry":{"type":"Point","coordinates":[73.823869,19.9740629]},"properties":{"Taluka":"Nashik","Zone":"Devlali Camp & Deolali Gaon","Category":"Mandir / Temple","Name":"Zulelal Mandir","Type":"Hindu Temple","Rating":"4","Review Count":"2","Address":"XRFF+JGH, Shram Nagar, Upnagar, Nashik, Maharashtra 422006, India","Maps Link":"https://maps.google.com/?cid=8028776469945121535&g_mp=Cidnb29nbGUubWFwcy5wbGFjZXMudjEuUGxhY2VzLlNlYXJjaFRleHQQAhgEIAA"}},{"type":"Feature","geometry":{"type":"Point","coordinates":[73.8280932,19.9464855]},"properties":{"Taluka":"Nashik","Zone":"Devlali Camp & Deolali Gaon","Category":"Mandir / Temple","Name":"महादेव मंदिर","Type":"Hindu Temple","Rating":"4.8","Review Count":"6","Address":"Khole mala, 57, Artillery Centre Rd, Hariom Nagar, Nashik Road, Nashik, Maharashtra 422102, India","Opening Hours":"Monday: Open 24 hours | Tuesday: Open 24 hours | Wednesday: Open 24 hours | Thursday: Open 24 hours | Friday: Open 24 hours | Saturday: Open 24 hours | Sunday: Open 24 hours","Maps Link":"https://maps.google.com/?cid=11930534011384846476&g_mp=Cidnb29nbGUubWFwcy5wbGFjZXMudjEuUGxhY2VzLlNlYXJjaFRleHQQAhgEIAA"}},{"type":"Feature","geometry":{"type":"Point","coordinates":[73.8351417,19.9198334]},"properties":{"Taluka":"Nashik","Zone":"Devlali Camp & Deolali Gaon","Category":"Ashram / Math","Name":"Shrikrishna Mandir Gita Ashram dhurjad mala","Type":"Hindu Temple","Rating":"4.4","Review Count":"13","Phone":"083081 93344","Address":"206, Lam Rd, Dhurjad mala, Belatgavhan, Maharashtra 422401, India","Opening Hours":"Monday: 6:00 AM – 9:00 PM | Tuesday: 6:00 AM – 9:00 PM | Wednesday: 6:00 AM – 9:00 PM | Thursday: 6:00 AM – 9:00 PM | Friday: 6:00 AM – 9:00 PM | Saturday: 6:00 AM – 9:00 PM | Sunday: 6:00 AM – 9:00 PM","Maps Link":"https://maps.google.com/?cid=13169837507251623092&g_mp=Cidnb29nbGUubWFwcy5wbGFjZXMudjEuUGxhY2VzLlNlYXJjaFRleHQQAhgEIAA"}},{"type":"Feature","geometry":{"type":"Point","coordinates":[73.8342491,19.9311245]},"properties":{"Taluka":"Nashik","Zone":"Devlali Camp & Deolali Gaon","Category":"Jain Temple","Name":"Deolali Jain Deraser","Type":"Place of Worship","Rating":"5","Review Count":"1","Address":"WRJM+CMX, Lam Rd, Deolali Gaon, Nashik, Maharashtra 422401, India","Maps Link":"https://maps.google.com/?cid=16239836781668529471&g_mp=Cidnb29nbGUubWFwcy5wbGFjZXMudjEuUGxhY2VzLlNlYXJjaFRleHQQAhgEIAA"}},{"type":"Feature","geometry":{"type":"Point","coordinates":[73.8283154,19.9032679]},"properties":{"Taluka":"Nashik","Zone":"Devlali Camp & Deolali Gaon","Category":"Buddhist Temple / Stupa","Name":"Gyan Mandir (Buddhvihar) Deolali Camp, Nashik","Type":"Buddhist Temple","Rating":"4.8","Review Count":"5","Address":"WR3H+884, Deolali Camp, Sansari, Maharashtra 422401, India","Maps Link":"https://maps.google.com/?cid=17229256894415336093&g_mp=Cidnb29nbGUubWFwcy5wbGFjZXMudjEuUGxhY2VzLlNlYXJjaFRleHQQAhgEIAA"}},{"type":"Feature","geometry":{"type":"Point","coordinates":[73.8448865,19.921847]},"properties":{"Taluka":"Nashik","Zone":"Devlali Camp & Deolali Gaon","Category":"Buddhist Temple / Stupa","Name":"Ramabai Aambedakar Nagar,","Type":"Buddhist Temple","Rating":"3","Review Count":"2","Address":"WRCV+PXJ, Belatgavhan, Maharashtra 422401, India","Maps Link":"https://maps.google.com/?cid=17878736079030057606&g_mp=Cidnb29nbGUubWFwcy5wbGFjZXMudjEuUGxhY2VzLlNlYXJjaFRleHQQAhgEIAA"}},{"type":"Feature","geometry":{"type":"Point","coordinates":[73.8294604,19.9023339]},"properties":{"Taluka":"Nashik","Zone":"Devlali Camp & Deolali Gaon","Category":"Other Religious Site","Name":"Arya Samaj Devlali Camp Nashik","Type":"Hindu Temple","Review Count":"0","Phone":"097681 22333","Address":"946, Main St, Deolali Camp, Sansari, Maharashtra 422401, India","Maps Link":"https://maps.google.com/?cid=6785538825363406304&g_mp=Cidnb29nbGUubWFwcy5wbGFjZXMudjEuUGxhY2VzLlNlYXJjaFRleHQQAhgEIAA"}},{"type":"Feature","geometry":{"type":"Point","coordinates":[73.8283259,19.903042]},"properties":{"Taluka":"Nashik","Zone":"Devlali Camp & Deolali Gaon","Category":"Other Religious Site","Name":"Athrabhuj Wali Ambika Mata","Type":"Hindu Temple","Rating":"5","Review Count":"1","Address":"WR3H+688, Deolali Camp, Nashik, Sansari, Maharashtra 422401, India","Maps Link":"https://maps.google.com/?cid=14677556496581131236&g_mp=Cidnb29nbGUubWFwcy5wbGFjZXMudjEuUGxhY2VzLlNlYXJjaFRleHQQAhgEIAA"}},{"type":"Feature","geometry":{"type":"Point","coordinates":[73.8047227,19.9041645]},"properties":{"Taluka":"Nashik","Zone":"Devlali Camp & Deolali Gaon","Category":"Other Religious Site","Name":"Charanwadi Deolali Camp","Type":"Hindu Temple","Rating":"4.7","Review Count":"3","Address":"WR33+MV9, Charanwadi Shigve, Bhaula, Deolali Camp, Nashik, Devlali, Maharashtra 422401, India","Maps Link":"https://maps.google.com/?cid=13879785317526499063&g_mp=Cidnb29nbGUubWFwcy5wbGFjZXMudjEuUGxhY2VzLlNlYXJjaFRleHQQAhgEIAA"}},{"type":"Feature","geometry":{"type":"Point","coordinates":[73.8431411,19.9237779]},"properties":{"Taluka":"Nashik","Zone":"Devlali Camp & Deolali Gaon","Category":"Other Religious Site","Name":"Deshpande guruji","Type":"Hindu Temple","Rating":"5","Review Count":"2","Address":"WRFV+G76, Belatgavhan, Maharashtra 422401, India","Maps Link":"https://maps.google.com/?cid=12385851395051580334&g_mp=Cidnb29nbGUubWFwcy5wbGFjZXMudjEuUGxhY2VzLlNlYXJjaFRleHQQAhgEIAA"}},{"type":"Feature","geometry":{"type":"Point","coordinates":[73.8113273,19.9035986]},"properties":{"Taluka":"Nashik","Zone":"Devlali Camp & Deolali Gaon","Category":"Other Religious Site","Name":"Sayadhri nagar hillrange deolali camp Nashik","Type":"Hindu Temple","Rating":"5","Review Count":"1","Address":"Sayadhri Nagar, Hill Range, Deolali Camp, Devlali, Maharashtra 422401, India","Maps Link":"https://maps.google.com/?cid=6098437643083559728&g_mp=Cidnb29nbGUubWFwcy5wbGFjZXMudjEuUGxhY2VzLlNlYXJjaFRleHQQAhgEIAA"}},{"type":"Feature","geometry":{"type":"Point","coordinates":[73.825702,19.9206259]},"properties":{"Taluka":"Nashik","Zone":"Devlali Camp & Deolali Gaon","Category":"Other Religious Site","Name":"Shreemad Ajaramar Samavsaran Adarshdham","Type":"Place of Worship","Rating":"5","Review Count":"4","Phone":"099205 95859","Address":"11, Tirupati Homes, Balgruh Rd, Deolali Gaon, Belatgavhan, Maharashtra 422401, India","Website":"http://www.muniadarsh.com/","Opening Hours":"Monday: 8:00 AM – 7:00 PM | Tuesday: 8:00 AM – 7:00 PM | Wednesday: 8:00 AM – 7:00 PM | Thursday: 8:00 AM – 7:00 PM | Friday: 8:00 AM – 7:00 PM | Saturday: 8:00 AM – 7:00 PM | Sunday: 8:00 AM – 7:00 PM","Maps Link":"https://maps.google.com/?cid=6711998896729625538&g_mp=Cidnb29nbGUubWFwcy5wbGFjZXMudjEuUGxhY2VzLlNlYXJjaFRleHQQAhgEIAA"}},{"type":"Feature","geometry":{"type":"Point","coordinates":[73.8300141,19.9015997]},"properties":{"Taluka":"Nashik","Zone":"Devlali Camp & Deolali Gaon","Category":"Other Religious Site","Name":"Siddhivinayak","Type":"Hindu Temple","Rating":"4.3","Review Count":"3","Address":"WR2J+J2J, Near Market, Gavati Wadi, Deolali Camp, Nashik, Sansari, Maharashtra 422401, India","Maps Link":"https://maps.google.com/?cid=15415390548133920319&g_mp=Cidnb29nbGUubWFwcy5wbGFjZXMudjEuUGxhY2VzLlNlYXJjaFRleHQQAhgEIAA"}},{"type":"Feature","geometry":{"type":"Point","coordinates":[73.8304639,19.9032672]},"properties":{"Taluka":"Nashik","Zone":"Devlali Camp & Deolali Gaon","Category":"Other Religious Site","Name":"VIJAY AMARDEEP MITRA MANDAL CHANDICHA GANAPATI SARVAJANIK GANESHUTSAV MANDAL","Type":"Hindu Temple","Rating":"5","Review Count":"3","Address":"Chandicha Ganpati, Deolali Camp, Nashik, Sansari, Maharashtra 422401, India","Maps Link":"https://maps.google.com/?cid=5514048082294305561&g_mp=Cidnb29nbGUubWFwcy5wbGFjZXMudjEuUGxhY2VzLlNlYXJjaFRleHQQAhgEIAA"}},{"type":"Feature","geometry":{"type":"Point","coordinates":[73.787551,19.9708928]},"properties":{"Taluka":"Nashik","Zone":"Indira Nagar / Eklahare","Category":"Mandir / Temple","Name":"Chintamani Ganesh Mandir","Type":"Hindu Temple","Rating":"4.5","Review Count":"11","Address":"pushkar society lic colony, XQCQ+923, ner bappa chowk, Chintamani Colony, rathachakra, Nashik, Maharashtra 422009, India","Maps Link":"https://maps.google.com/?cid=3498842331258283797&g_mp=Cidnb29nbGUubWFwcy5wbGFjZXMudjEuUGxhY2VzLlNlYXJjaFRleHQQAhgEIAA"}},{"type":"Feature","geometry":{"type":"Point","coordinates":[73.7864454,19.9739562]},"properties":{"Taluka":"Nashik","Zone":"Indira Nagar / Eklahare","Category":"Mandir / Temple","Name":"Dakshinmukhi Maruti Mandir","Type":"Hindu Temple","Rating":"4.8","Review Count":"4","Address":"XQFP+HHP, Near Bapu Bunglow Bus Stop, Near Bapu Bunglow, Kala Nagar, Indira Nagar, Nashik, Maharashtra 422009, India","Maps Link":"https://maps.google.com/?cid=17180955558988285943&g_mp=Cidnb29nbGUubWFwcy5wbGFjZXMudjEuUGxhY2VzLlNlYXJjaFRleHQQAhgEIAA"}},{"type":"Feature","geometry":{"type":"Point","coordinates":[73.8575612,19.9589274]},"properties":{"Taluka":"Nashik","Zone":"Indira Nagar / Eklahare","Category":"Mandir / Temple","Name":"Devi Mandir Aswale Mala","Type":"Hindu Temple","Rating":"4.7","Review Count":"6","Address":"XV55+H2F, Nashik, Maharashtra 422101, India","Maps Link":"https://maps.google.com/?cid=2396353945857133138&g_mp=Cidnb29nbGUubWFwcy5wbGFjZXMudjEuUGxhY2VzLlNlYXJjaFRleHQQAhgEIAA"}},{"type":"Feature","geometry":{"type":"Point","coordinates":[73.8524112,19.9768643]},"properties":{"Taluka":"Nashik","Zone":"Indira Nagar / Eklahare","Category":"Mandir / Temple","Name":"Durga Mata Mandir","Type":"Hindu Temple","Rating":"3.9","Review Count":"18","Address":"Borade Nagar, old saikheda road,Panchak, XVG2+PXV, Jail Rd, Samrudha Nagari, Nashik Road, Nashik, Maharashtra 422101, India","Maps Link":"https://maps.google.com/?cid=3776317825096489367&g_mp=Cidnb29nbGUubWFwcy5wbGFjZXMudjEuUGxhY2VzLlNlYXJjaFRleHQQAhgEIAA"}},{"type":"Feature","geometry":{"type":"Point","coordinates":[73.779134,19.964251]},"properties":{"Taluka":"Nashik","Zone":"Indira Nagar / Eklahare","Category":"Mandir / Temple","Name":"Gajanan Maharaj Mandir","Type":"Hindu Temple","Rating":"5","Review Count":"3","Address":"XQ7H+PM2, Near Gajanan Maharaj Mandir, Siemens Colony, Indira Nagar, Nashik, Maharashtra 422009, India","Maps Link":"https://maps.google.com/?cid=18305882724308641396&g_mp=Cidnb29nbGUubWFwcy5wbGFjZXMudjEuUGxhY2VzLlNlYXJjaFRleHQQAhgEIAA"}},{"type":"Feature","geometry":{"type":"Point","coordinates":[73.779652,19.9678195]},"properties":{"Taluka":"Nashik","Zone":"Indira Nagar / Eklahare","Category":"Mandir / Temple","Name":"Ganapati mandir, pathardi phata Nashik","Type":"Hindu Temple","Review Count":"0","Address":"889/1A/20/33, Ekta Colony Rd, Wadala Parisar, Pandav Nagari, Pathardi Phata, Nashik, Maharashtra 422009, India","Maps Link":"https://maps.google.com/?cid=87654875613020329&g_mp=Cidnb29nbGUubWFwcy5wbGFjZXMudjEuUGxhY2VzLlNlYXJjaFRleHQQAhgEIAA"}},{"type":"Feature","geometry":{"type":"Point","coordinates":[73.7943001,19.9895297]},"properties":{"Taluka":"Nashik","Zone":"Indira Nagar / Eklahare","Category":"Mandir / Temple","Name":"Ganesh Temple","Type":"Hindu Temple","Rating":"4.3","Review Count":"13","Address":"XQQV+RP7, General Arun Kumar Vaidya Nagar, General Vaidya Nagar, Nashik, Maharashtra 422011, India","Opening Hours":"Monday: 8:00 AM – 8:45 PM | Tuesday: 8:00 AM – 8:45 PM | Wednesday: 8:00 AM – 8:45 PM | Thursday: 8:00 AM – 8:45 PM | Friday: 8:00 AM – 8:45 PM | Saturday: 8:00 AM – 8:45 PM | Sunday: 8:00 AM – 8:45 PM","Maps Link":"https://maps.google.com/?cid=17898850570895955321&g_mp=Cidnb29nbGUubWFwcy5wbGFjZXMudjEuUGxhY2VzLlNlYXJjaFRleHQQAhgEIAA"}},{"type":"Feature","geometry":{"type":"Point","coordinates":[73.8416925,20.0161798]},"properties":{"Taluka":"Nashik","Zone":"Indira Nagar / Eklahare","Category":"Mandir / Temple","Name":"Ganpati Temple","Type":"Hindu Temple","Review Count":"0","Address":"B wing 804 Garden county, Swami Samarth Nagar, Vrindavan Nagar, Nashik, Maharashtra 422003, India","Maps Link":"https://maps.google.com/?cid=17294560201165710114&g_mp=Cidnb29nbGUubWFwcy5wbGFjZXMudjEuUGxhY2VzLlNlYXJjaFRleHQQAhgEIAA"}},{"type":"Feature","geometry":{"type":"Point","coordinates":[73.786854,19.9738349]},"properties":{"Taluka":"Nashik","Zone":"Indira Nagar / Eklahare","Category":"Mandir / Temple","Name":"Hanuman Mandir","Type":"Hindu Temple","Rating":"4","Review Count":"4","Address":"4, Wadala - Pathardi Rd, Vandana Park, State Bank Colony, Indira Nagar, Nashik, Maharashtra 422009, India","Maps Link":"https://maps.google.com/?cid=16361408967283551762&g_mp=Cidnb29nbGUubWFwcy5wbGFjZXMudjEuUGxhY2VzLlNlYXJjaFRleHQQAhgEIAA"}},{"type":"Feature","geometry":{"type":"Point","coordinates":[73.7819883,19.958692]},"properties":{"Taluka":"Nashik","Zone":"Indira Nagar / Eklahare","Category":"Mandir / Temple","Name":"Hanuman Temple","Type":"Hindu Temple","Rating":"4.5","Review Count":"4","Address":"XQ5J+FQH, Pandav Nagari, Pathardi Phata, Nashik, Maharashtra 422102, India","Maps Link":"https://maps.google.com/?cid=18061435558841758564&g_mp=Cidnb29nbGUubWFwcy5wbGFjZXMudjEuUGxhY2VzLlNlYXJjaFRleHQQAhgEIAA"}},{"type":"Feature","geometry":{"type":"Point","coordinates":[73.8741135,19.9852635]},"properties":{"Taluka":"Nashik","Zone":"Indira Nagar / Eklahare","Category":"Mandir / Temple","Name":"Hanuman Temple","Type":"Hindu Temple","Rating":"4.7","Review Count":"3","Address":"Eklahare gangawadi, XVPF+4J5, Panchak, Eklahare, Maharashtra 422105, India","Maps Link":"https://maps.google.com/?cid=11228863758204587327&g_mp=Cidnb29nbGUubWFwcy5wbGFjZXMudjEuUGxhY2VzLlNlYXJjaFRleHQQAhgEIAA"}},{"type":"Feature","geometry":{"type":"Point","coordinates":[73.877753,19.98247]},"properties":{"Taluka":"Nashik","Zone":"Indira Nagar / Eklahare","Category":"Mandir / Temple","Name":"Hanuman mandir","Type":"Hindu Temple","Rating":"4.5","Review Count":"10","Address":"Hanunman mandir, NTPS Colony, Eklahare, Maharashtra 422105, India","Maps Link":"https://maps.google.com/?cid=12233436457776697281&g_mp=Cidnb29nbGUubWFwcy5wbGFjZXMudjEuUGxhY2VzLlNlYXJjaFRleHQQAhgEIAA"}},{"type":"Feature","geometry":{"type":"Point","coordinates":[73.8541,19.943673]},"properties":{"Taluka":"Nashik","Zone":"Indira Nagar / Eklahare","Category":"Mandir / Temple","Name":"Jadhav mala म्हसोबा मंदिर","Type":"Hindu Temple","Rating":"5","Review Count":"1","Address":"WVV3+FJ9, Nashik Road, Aute Nagar, Nashik, Maharashtra 422101, India","Maps Link":"https://maps.google.com/?cid=15285405324459820404&g_mp=Cidnb29nbGUubWFwcy5wbGFjZXMudjEuUGxhY2VzLlNlYXJjaFRleHQQAhgEIAA"}},{"type":"Feature","geometry":{"type":"Point","coordinates":[73.902506,19.9931463]},"properties":{"Taluka":"Nashik","Zone":"Indira Nagar / Eklahare","Category":"Mandir / Temple","Name":"Janardhan swami mandir Eklaharegoan","Type":"Hindu Temple","Review Count":"0","Address":"XWV3+722, Nashik, Eklahare, Maharashtra 422105, India","Maps Link":"https://maps.google.com/?cid=4236455290919016381&g_mp=Cidnb29nbGUubWFwcy5wbGFjZXMudjEuUGxhY2VzLlNlYXJjaFRleHQQAhgEIAA"}},{"type":"Feature","geometry":{"type":"Point","coordinates":[73.7784342,19.9765122]},"properties":{"Taluka":"Nashik","Zone":"Indira Nagar / Eklahare","Category":"Mandir / Temple","Name":"Jay Bhole Hanuman Mandir","Type":"Hindu Temple","Rating":"4.8","Review Count":"20","Address":"XQGH+J93, Kamod Nagar Colony Rd, Kamod Nagar Ground, Kamod Nagar, Indira Nagar, Nashik, Maharashtra 422009, India","Maps Link":"https://maps.google.com/?cid=10856592572346842999&g_mp=Cidnb29nbGUubWFwcy5wbGFjZXMudjEuUGxhY2VzLlNlYXJjaFRleHQQAhgEIAA"}},{"type":"Feature","geometry":{"type":"Point","coordinates":[73.7836919,19.9681891]},"properties":{"Taluka":"Nashik","Zone":"Indira Nagar / Eklahare","Category":"Mandir / Temple","Name":"KALAVATI AAI MANDIR","Type":"Place of Worship","Rating":"5","Review Count":"1","Address":"XQ9M+7FG, Kala Nagar, Pandav Nagari, Sharda Vihar, Nashik, Maharashtra 422102, India","Maps Link":"https://maps.google.com/?cid=2567924482070925109&g_mp=Cidnb29nbGUubWFwcy5wbGFjZXMudjEuUGxhY2VzLlNlYXJjaFRleHQQAhgEIAA"}},{"type":"Feature","geometry":{"type":"Point","coordinates":[73.7844546,19.9681157]},"properties":{"Taluka":"Nashik","Zone":"Indira Nagar / Eklahare","Category":"Mandir / Temple","Name":"Kala Nagar Cha Raja Devasthan","Type":"Hindu Temple","Rating":"4.3","Review Count":"35","Address":"Nandanvan Row House, Wadala - Pathardi Rd, Kala Nagar, Indira Nagar, Nashik, Maharashtra 422102, India","Maps Link":"https://maps.google.com/?cid=16546211548482418175&g_mp=Cidnb29nbGUubWFwcy5wbGFjZXMudjEuUGxhY2VzLlNlYXJjaFRleHQQAhgEIAA"}},{"type":"Feature","geometry":{"type":"Point","coordinates":[73.8491626,19.9704059]},"properties":{"Taluka":"Nashik","Zone":"Indira Nagar / Eklahare","Category":"Mandir / Temple","Name":"Kalwai Devi Mandir","Type":"Hindu Temple","Rating":"4.3","Review Count":"11","Address":"XRCX+5M7, Jail Rd, near Dhikale Nagar, Nashik Rd, Nashik, Maharashtra 422101, India","Maps Link":"https://maps.google.com/?cid=3256650240283466398&g_mp=Cidnb29nbGUubWFwcy5wbGFjZXMudjEuUGxhY2VzLlNlYXJjaFRleHQQAhgEIAA"}},{"type":"Feature","geometry":{"type":"Point","coordinates":[73.8812897,19.9491266]},"properties":{"Taluka":"Nashik","Zone":"Indira Nagar / Eklahare","Category":"Mandir / Temple","Name":"Kashai mandir","Type":"Hindu Temple","Rating":"5","Review Count":"9","Address":"WVXJ+MG3, Chadegoan Rd, Chadegoan, Nashik, Maharashtra 422105, India","Opening Hours":"Monday: 6:00 AM – 8:00 PM | Tuesday: 6:00 AM – 8:00 PM | Wednesday: 6:00 AM – 8:00 PM | Thursday: 6:00 AM – 8:00 PM | Friday: Closed | Saturday: 6:00 AM – 8:00 PM | Sunday: 6:00 AM – 8:00 PM","Maps Link":"https://maps.google.com/?cid=9627160296369751793&g_mp=Cidnb29nbGUubWFwcy5wbGFjZXMudjEuUGxhY2VzLlNlYXJjaFRleHQQAhgEIAA"}},{"type":"Feature","geometry":{"type":"Point","coordinates":[73.785966,19.979821]},"properties":{"Taluka":"Nashik","Zone":"Indira Nagar / Eklahare","Category":"Mandir / Temple","Name":"Kausalyeshwar mahadev mandir","Type":"Hindu Temple","Rating":"4.9","Review Count":"10","Phone":"094239 68877","Address":"XQJP+4F9, Shri Ram Nagar, Nashik, Maharashtra 422009, India","Maps Link":"https://maps.google.com/?cid=11037102338377958607&g_mp=Cidnb29nbGUubWFwcy5wbGFjZXMudjEuUGxhY2VzLlNlYXJjaFRleHQQAhgEIAA"}},{"type":"Feature","geometry":{"type":"Point","coordinates":[73.8705194,19.9372885]},"properties":{"Taluka":"Nashik","Zone":"Indira Nagar / Eklahare","Category":"Mandir / Temple","Name":"Khanderao Maharaj Mandir","Type":"Hindu Temple","Rating":"4","Review Count":"2","Address":"Khadkhadi Road, Rambhau Borade Mala, Chehedi bk, WVPC+W66, Nashik Road, Nashik, Maharashtra 422101, India","Maps Link":"https://maps.google.com/?cid=1455479388128018937&g_mp=Cidnb29nbGUubWFwcy5wbGFjZXMudjEuUGxhY2VzLlNlYXJjaFRleHQQAhgEIAA"}},{"type":"Feature","geometry":{"type":"Point","coordinates":[73.7806455,19.9739675]},"properties":{"Taluka":"Nashik","Zone":"Indira Nagar / Eklahare","Category":"Mandir / Temple","Name":"Khandoba Maharaj Temple","Type":"Hindu Temple","Rating":"5","Review Count":"1","Address":"XQFJ+H7J, Jakhadi Nagar, Indira Nagar, Nashik, Maharashtra 422009, India","Maps Link":"https://maps.google.com/?cid=5032088113290483970&g_mp=Cidnb29nbGUubWFwcy5wbGFjZXMudjEuUGxhY2VzLlNlYXJjaFRleHQQAhgEIAA"}},{"type":"Feature","geometry":{"type":"Point","coordinates":[73.8728307,19.9686949]},"properties":{"Taluka":"Nashik","Zone":"Indira Nagar / Eklahare","Category":"Mandir / Temple","Name":"Khandoba Temple","Type":"Hindu Temple","Rating":"5","Review Count":"4","Address":"XV9F+F4G, Samangaon, Maharashtra 422105, India","Maps Link":"https://maps.google.com/?cid=2249161097919263314&g_mp=Cidnb29nbGUubWFwcy5wbGFjZXMudjEuUGxhY2VzLlNlYXJjaFRleHQQAhgEIAA"}},{"type":"Feature","geometry":{"type":"Point","coordinates":[73.8524139,19.9768646]},"properties":{"Taluka":"Nashik","Zone":"Indira Nagar / Eklahare","Category":"Mandir / Temple","Name":"Mahadev Mandir","Type":"Hindu Temple","Rating":"4.6","Review Count":"9","Address":"XVG2+PXV, Jail Rd, Samrudha Nagari, Rahul Nagar, Nashik, Maharashtra 422101, India","Maps Link":"https://maps.google.com/?cid=16301559222771158448&g_mp=Cidnb29nbGUubWFwcy5wbGFjZXMudjEuUGxhY2VzLlNlYXJjaFRleHQQAhgEIAA"}},{"type":"Feature","geometry":{"type":"Point","coordinates":[73.8535415,19.9551437]},"properties":{"Taluka":"Nashik","Zone":"Indira Nagar / Eklahare","Category":"Mandir / Temple","Name":"Mahadev mandir bhor mala","Type":"Hindu Temple","Rating":"5","Review Count":"2","Address":"XV43+3C3, Bhor Mala, Nashik Road, Nashik, Maharashtra 422101, India","Maps Link":"https://maps.google.com/?cid=328173032891331390&g_mp=Cidnb29nbGUubWFwcy5wbGFjZXMudjEuUGxhY2VzLlNlYXJjaFRleHQQAhgEIAA"}},{"type":"Feature","geometry":{"type":"Point","coordinates":[73.8347184,19.9766643]},"properties":{"Taluka":"Nashik","Zone":"Indira Nagar / Eklahare","Category":"Mandir / Temple","Name":"Mahakali Mandir","Type":"Hindu Temple","Rating":"4","Review Count":"6","Address":"XRGM+MV8, Old Saikheda Rd, Near Indira Gandhi Statue, Adhav Nagar, Dasak, Nashik, Maharashtra 422101, India","Maps Link":"https://maps.google.com/?cid=14235045847871577726&g_mp=Cidnb29nbGUubWFwcy5wbGFjZXMudjEuUGxhY2VzLlNlYXJjaFRleHQQAhgEIAA"}},{"type":"Feature","geometry":{"type":"Point","coordinates":[73.8471784,19.9604946]},"properties":{"Taluka":"Nashik","Zone":"Indira Nagar / Eklahare","Category":"Mandir / Temple","Name":"Maharishi Valmiki Mandir","Type":"Hindu Temple","Rating":"4.8","Review Count":"12","Phone":"073855 54286","Address":"Gaikwad mala, Gorewadi, XR6W+5VV, Nashik Road, Nashik, Maharashtra 422101, India","Maps Link":"https://maps.google.com/?cid=1614116313031089711&g_mp=Cidnb29nbGUubWFwcy5wbGFjZXMudjEuUGxhY2VzLlNlYXJjaFRleHQQAhgEIAA"}},{"type":"Feature","geometry":{"type":"Point","coordinates":[73.8508835,19.9434313]},"properties":{"Taluka":"Nashik","Zone":"Indira Nagar / Eklahare","Category":"Mandir / Temple","Name":"Mesai mata mandir","Type":"Hindu Temple","Rating":"5","Review Count":"3","Address":"50, NH 160, Aute Nagar, Chehdi, Nashik, Maharashtra 422101, India","Opening Hours":"Monday: Open 24 hours | Tuesday: Open 24 hours | Wednesday: Open 24 hours | Thursday: Open 24 hours | Friday: Open 24 hours | Saturday: Open 24 hours | Sunday: Open 24 hours","Maps Link":"https://maps.google.com/?cid=2113881869646830241&g_mp=Cidnb29nbGUubWFwcy5wbGFjZXMudjEuUGxhY2VzLlNlYXJjaFRleHQQAhgEIAA"}},{"type":"Feature","geometry":{"type":"Point","coordinates":[73.8489318,19.9713653]},"properties":{"Taluka":"Nashik","Zone":"Indira Nagar / Eklahare","Category":"Mandir / Temple","Name":"Mhasoba Mandir","Type":"Hindu Temple","Rating":"4.3","Review Count":"8","Address":"XRCX+GHV, Jail Rd, near Dhikalenagar, Nashik Rd, Nashik, Maharashtra 422101, India","Maps Link":"https://maps.google.com/?cid=8470648057146371930&g_mp=Cidnb29nbGUubWFwcy5wbGFjZXMudjEuUGxhY2VzLlNlYXJjaFRleHQQAhgEIAA"}},{"type":"Feature","geometry":{"type":"Point","coordinates":[73.9014325,19.9915382]},"properties":{"Taluka":"Nashik","Zone":"Indira Nagar / Eklahare","Category":"Mandir / Temple","Name":"Nagdevta Mandir","Type":"Hindu Temple","Rating":"4.3","Review Count":"15","Address":"XWR2+JH7, Nashik, Eklahare, Maharashtra 422105, India","Maps Link":"https://maps.google.com/?cid=6943511684239559235&g_mp=Cidnb29nbGUubWFwcy5wbGFjZXMudjEuUGxhY2VzLlNlYXJjaFRleHQQAhgEIAA"}},{"type":"Feature","geometry":{"type":"Point","coordinates":[73.8484919,19.9713873]},"properties":{"Taluka":"Nashik","Zone":"Indira Nagar / Eklahare","Category":"Mandir / Temple","Name":"Nageshwar Mahadev Mandir","Type":"Hindu Temple","Rating":"3.5","Review Count":"4","Address":"XRCX+H95, Jail Rd, Dhikale Nagar, Nashik, Maharashtra 422101, India","Maps Link":"https://maps.google.com/?cid=3392678778028445689&g_mp=Cidnb29nbGUubWFwcy5wbGFjZXMudjEuUGxhY2VzLlNlYXJjaFRleHQQAhgEIAA"}},{"type":"Feature","geometry":{"type":"Point","coordinates":[73.777828,19.96716]},"properties":{"Taluka":"Nashik","Zone":"Indira Nagar / Eklahare","Category":"Mandir / Temple","Name":"Om Chaitanya Kanifnath Mandir","Type":"Hindu Temple","Rating":"4.8","Review Count":"12","Address":"Plot no. 33, Sr. no. 888, 1A, Near Rajiv Nagar Township, Rane Nagar- Indira Nagar Link Rd, Kanifnath Nagar, Rajiv Nagar, Nashik, Maharashtra 422009, India","Opening Hours":"Monday: 5:00 – 10:00 AM | Tuesday: 5:00 – 10:00 AM | Wednesday: 5:00 – 10:00 AM | Thursday: 5:00 – 10:00 AM | Friday: 5:00 – 10:00 AM | Saturday: 5:00 – 10:00 AM | Sunday: 5:00 – 10:00 AM","Maps Link":"https://maps.google.com/?cid=13392017691895114992&g_mp=Cidnb29nbGUubWFwcy5wbGFjZXMudjEuUGxhY2VzLlNlYXJjaFRleHQQAhgEIAA"}},{"type":"Feature","geometry":{"type":"Point","coordinates":[73.8525656,19.9770753]},"properties":{"Taluka":"Nashik","Zone":"Indira Nagar / Eklahare","Category":"Mandir / Temple","Name":"Omkareshwar mahadev mandir","Type":"Hindu Temple","Rating":"5","Review Count":"5","Address":"Chandra Laxmi Society, Samrudha Nagari, Rahul Nagar, Sri Ram Nagar, Nashik, Maharashtra 422101, India","Maps Link":"https://maps.google.com/?cid=5140093426684639776&g_mp=Cidnb29nbGUubWFwcy5wbGFjZXMudjEuUGxhY2VzLlNlYXJjaFRleHQQAhgEIAA"}},{"type":"Feature","geometry":{"type":"Point","coordinates":[73.7775848,19.9605069]},"properties":{"Taluka":"Nashik","Zone":"Indira Nagar / Eklahare","Category":"Mandir / Temple","Name":"Sai Mandir","Type":"Hindu Temple","Rating":"5","Review Count":"10","Address":"Sai Mandir, Kailash Nagar, Indira Nagar, Nashik, Maharashtra 422009, India","Opening Hours":"Monday: 6:30 AM – 12:00 PM, 4:00 – 8:00 PM | Tuesday: 6:30 AM – 12:00 PM, 4:00 – 8:00 PM | Wednesday: 6:30 AM – 12:00 PM, 4:00 – 8:00 PM | Thursday: 6:00 AM – 12:00 PM, 4:00 – 8:30 PM | Friday: 6:30 AM – 12:00 PM, 4:00 – 8:00 PM | Saturday: 6:30 AM – 12:00 PM, 4:00 – 8:00 PM | Sunday: 6:30 AM – 12:00 PM, 4:00 – 8:00 PM","Maps Link":"https://maps.google.com/?cid=10217417949575431543&g_mp=Cidnb29nbGUubWFwcy5wbGFjZXMudjEuUGxhY2VzLlNlYXJjaFRleHQQAhgEIAA"}},{"type":"Feature","geometry":{"type":"Point","coordinates":[73.8752662,19.9867174]},"properties":{"Taluka":"Nashik","Zone":"Indira Nagar / Eklahare","Category":"Mandir / Temple","Name":"Saptasrungi Devi Mandir","Type":"Hindu Temple","Rating":"5","Review Count":"4","Address":"XVPG+M4J, Gangawadi, Panchak, Eklahare, Nashik, Maharashtra 422105, India","Maps Link":"https://maps.google.com/?cid=14011071701891438196&g_mp=Cidnb29nbGUubWFwcy5wbGFjZXMudjEuUGxhY2VzLlNlYXJjaFRleHQQAhgEIAA"}},{"type":"Feature","geometry":{"type":"Point","coordinates":[73.7907226,19.9806706]},"properties":{"Taluka":"Nashik","Zone":"Indira Nagar / Eklahare","Category":"Mandir / Temple","Name":"Saraswati Temple","Type":"Hindu Temple","Rating":"4.7","Review Count":"3","Address":"XQJR+779, Vani Rd, Shri Ram Nagar, Nashik, Maharashtra 422006, India","Maps Link":"https://maps.google.com/?cid=1965678797034951236&g_mp=Cidnb29nbGUubWFwcy5wbGFjZXMudjEuUGxhY2VzLlNlYXJjaFRleHQQAhgEIAA"}},{"type":"Feature","geometry":{"type":"Point","coordinates":[73.8744468,19.9697009]},"properties":{"Taluka":"Nashik","Zone":"Indira Nagar / Eklahare","Category":"Mandir / Temple","Name":"Shani Mandir","Type":"Hindu Temple","Rating":"3.9","Review Count":"7","Address":"XV9F+VQP, Eklahara Rd, near V.P School, Samangaon, Maharashtra 422105, India","Maps Link":"https://maps.google.com/?cid=4562574044685359490&g_mp=Cidnb29nbGUubWFwcy5wbGFjZXMudjEuUGxhY2VzLlNlYXJjaFRleHQQAhgEIAA"}},{"type":"Feature","geometry":{"type":"Point","coordinates":[73.8994124,19.9962402]},"properties":{"Taluka":"Nashik","Zone":"Indira Nagar / Eklahare","Category":"Mandir / Temple","Name":"Shilapur Hanuman Temple","Type":"Hindu Temple","Rating":"4.4","Review Count":"66","Address":"XVWX+FQV, Maharashtra State Highway 30, Shilapur, Maharashtra 422003, India","Maps Link":"https://maps.google.com/?cid=15917484441937070370&g_mp=Cidnb29nbGUubWFwcy5wbGFjZXMudjEuUGxhY2VzLlNlYXJjaFRleHQQAhgEIAA"}},{"type":"Feature","geometry":{"type":"Point","coordinates":[73.8134743,20.0146737]},"properties":{"Taluka":"Nashik","Zone":"Indira Nagar / Eklahare","Category":"Mandir / Temple","Name":"Shitala Mata Mandir","Type":"Hindu Temple","Rating":"4.9","Review Count":"14","Phone":"096378 18388","Address":"2R77+V99, Panchvati, Nashik, Maharashtra 422003, India","Maps Link":"https://maps.google.com/?cid=16738952535200768620&g_mp=Cidnb29nbGUubWFwcy5wbGFjZXMudjEuUGxhY2VzLlNlYXJjaFRleHQQAhgEIAA"}},{"type":"Feature","geometry":{"type":"Point","coordinates":[73.8740197,19.9862822]},"properties":{"Taluka":"Nashik","Zone":"Indira Nagar / Eklahare","Category":"Mandir / Temple","Name":"Shiv Shankar Temple","Type":"Hindu Temple","Rating":"4.7","Review Count":"20","Address":"XVPF+GJ6, Panchak, Eklahare, Maharashtra 422105, India","Maps Link":"https://maps.google.com/?cid=4401109569976510662&g_mp=Cidnb29nbGUubWFwcy5wbGFjZXMudjEuUGxhY2VzLlNlYXJjaFRleHQQAhgEIAA"}},{"type":"Feature","geometry":{"type":"Point","coordinates":[73.8647184,19.9779117]},"properties":{"Taluka":"Nashik","Zone":"Indira Nagar / Eklahare","Category":"Mandir / Temple","Name":"Shree Bhairavnath Mandir","Type":"Hindu Temple","Rating":"4.4","Review Count":"9","Address":"XVH7+5V8, Panchak, Nashik, Maharashtra 422105, India","Maps Link":"https://maps.google.com/?cid=2137183884312215840&g_mp=Cidnb29nbGUubWFwcy5wbGFjZXMudjEuUGxhY2VzLlNlYXJjaFRleHQQAhgEIAA"}},{"type":"Feature","geometry":{"type":"Point","coordinates":[73.7797077,19.9668586]},"properties":{"Taluka":"Nashik","Zone":"Indira Nagar / Eklahare","Category":"Mandir / Temple","Name":"Shree Dakshin Mukhi Hanuman Mandir","Type":"Hindu Temple","Rating":"2.3","Review Count":"3","Address":"XQ8H+PVW, Near Sarthak Nagar, Pandav Nagari, Indira Nagar, Nashik, Maharashtra 422009, India","Maps Link":"https://maps.google.com/?cid=7497696342476597357&g_mp=Cidnb29nbGUubWFwcy5wbGFjZXMudjEuUGxhY2VzLlNlYXJjaFRleHQQAhgEIAA"}},{"type":"Feature","geometry":{"type":"Point","coordinates":[73.9029734,19.9932467]},"properties":{"Taluka":"Nashik","Zone":"Indira Nagar / Eklahare","Category":"Mandir / Temple","Name":"Shree Ekambreshwar Jagrut Mahadev Mandir eklahare","Type":"Hindu Temple","Rating":"4.5","Review Count":"29","Address":"Eklahare, Maharashtra 422105, India","Website":"https://www.instagram.com/shree_ekambreshwar_mahadev?igsh=Nnh6dWxsaXZwNm54","Opening Hours":"Monday: Open 24 hours | Tuesday: Open 24 hours | Wednesday: Open 24 hours | Thursday: Open 24 hours | Friday: Open 24 hours | Saturday: Open 24 hours | Sunday: Open 24 hours","Maps Link":"https://maps.google.com/?cid=6369359057923392701&g_mp=Cidnb29nbGUubWFwcy5wbGFjZXMudjEuUGxhY2VzLlNlYXJjaFRleHQQAhgEIAA"}},{"type":"Feature","geometry":{"type":"Point","coordinates":[73.8590447,19.966603]},"properties":{"Taluka":"Nashik","Zone":"Indira Nagar / Eklahare","Category":"Mandir / Temple","Name":"Shree Gavli Baba Mandir","Type":"Hindu Temple","Rating":"3.8","Review Count":"4","Address":"XV85+JJV, Eklahara Rd, Near Railway Traction, Nashik, Maharashtra 422101, India","Maps Link":"https://maps.google.com/?cid=6279621378493443758&g_mp=Cidnb29nbGUubWFwcy5wbGFjZXMudjEuUGxhY2VzLlNlYXJjaFRleHQQAhgEIAA"}},{"type":"Feature","geometry":{"type":"Point","coordinates":[73.8663281,19.9769125]},"properties":{"Taluka":"Nashik","Zone":"Indira Nagar / Eklahare","Category":"Mandir / Temple","Name":"Shree Gurudatta Mandir","Type":"Hindu Temple","Rating":"5","Review Count":"3","Address":"XVG8+QG8, Shivasha Colony, Bridge Nagar, Eklahare, Nashik, Maharashtra 422101, India","Opening Hours":"Monday: 6:00 AM – 10:00 PM | Tuesday: 6:00 AM – 10:00 PM | Wednesday: 6:00 AM – 10:00 PM | Thursday: 6:00 AM – 10:00 PM | Friday: 6:00 AM – 10:00 PM | Saturday: 6:00 AM – 10:00 PM | Sunday: 6:00 AM – 10:00 PM","Maps Link":"https://maps.google.com/?cid=8412216451181660088&g_mp=Cidnb29nbGUubWFwcy5wbGFjZXMudjEuUGxhY2VzLlNlYXJjaFRleHQQAhgEIAA"}},{"type":"Feature","geometry":{"type":"Point","coordinates":[73.7765205,19.9700071]},"properties":{"Taluka":"Nashik","Zone":"Indira Nagar / Eklahare","Category":"Mandir / Temple","Name":"Shree Icchapoorti Ganesh Mandir","Type":"Hindu Temple","Rating":"4.1","Review Count":"7","Address":"XQCG+2J2, Vishakha Colony, Rajiv Nagar, Nashik, Maharashtra 422009, India","Maps Link":"https://maps.google.com/?cid=11787905435339695198&g_mp=Cidnb29nbGUubWFwcy5wbGFjZXMudjEuUGxhY2VzLlNlYXJjaFRleHQQAhgEIAA"}},{"type":"Feature","geometry":{"type":"Point","coordinates":[73.7797509,19.9669502]},"properties":{"Taluka":"Nashik","Zone":"Indira Nagar / Eklahare","Category":"Mandir / Temple","Name":"Shree Mahakaleswer Mandir","Type":"Hindu Temple","Rating":"4.9","Review Count":"8","Address":"XQ8H+QWJ, Pathardi Phata Rd, Near Sarthank Nagar, Pandav Nagari, Indira Nagar, Nashik, Maharashtra 422009, India","Maps Link":"https://maps.google.com/?cid=3704919248252857633&g_mp=Cidnb29nbGUubWFwcy5wbGFjZXMudjEuUGxhY2VzLlNlYXJjaFRleHQQAhgEIAA"}},{"type":"Feature","geometry":{"type":"Point","coordinates":[73.872127,19.9680821]},"properties":{"Taluka":"Nashik","Zone":"Indira Nagar / Eklahare","Category":"Mandir / Temple","Name":"Shree Mahalaxmi temple","Type":"Hindu Temple","Rating":"4.2","Review Count":"6","Address":"XV9C+6VJ, Samangaon, Maharashtra 422105, India","Maps Link":"https://maps.google.com/?cid=15164280736754514401&g_mp=Cidnb29nbGUubWFwcy5wbGFjZXMudjEuUGxhY2VzLlNlYXJjaFRleHQQAhgEIAA"}},{"type":"Feature","geometry":{"type":"Point","coordinates":[73.874387,19.969955]},"properties":{"Taluka":"Nashik","Zone":"Indira Nagar / Eklahare","Category":"Mandir / Temple","Name":"Shree Maruti Mandir","Type":"Place of Worship","Rating":"4","Review Count":"4","Address":"XV9F+XQJ, Eklahara Rd, Near Z.P. School, Samangoan, Samangaon, Maharashtra 422105, India","Maps Link":"https://maps.google.com/?cid=5572673332179722054&g_mp=Cidnb29nbGUubWFwcy5wbGFjZXMudjEuUGxhY2VzLlNlYXJjaFRleHQQAhgEIAA"}},{"type":"Feature","geometry":{"type":"Point","coordinates":[73.829447,20.014961]},"properties":{"Taluka":"Nashik","Zone":"Indira Nagar / Eklahare","Category":"Mandir / Temple","Name":"Shree Parismani Ganesh Mandir","Type":"Hindu Temple","Rating":"4.2","Review Count":"13","Address":"2R7H+XQP, Near Amrutdham Road, Dattatray Nagar, Hanuman Nagar, Nashik, Maharashtra 422003, India","Maps Link":"https://maps.google.com/?cid=17234167549822723066&g_mp=Cidnb29nbGUubWFwcy5wbGFjZXMudjEuUGxhY2VzLlNlYXJjaFRleHQQAhgEIAA"}},{"type":"Feature","geometry":{"type":"Point","coordinates":[73.8665855,19.9507113]},"properties":{"Taluka":"Nashik","Zone":"Indira Nagar / Eklahare","Category":"Mandir / Temple","Name":"Shree Rameshwar Mahadev Mandir","Type":"Hindu Temple","Rating":"3.9","Review Count":"14","Address":"XV28+7JP, Chehudi B, Swarajya Nagar, Nashik, Maharashtra 422101, India","Maps Link":"https://maps.google.com/?cid=4768413930257957115&g_mp=Cidnb29nbGUubWFwcy5wbGFjZXMudjEuUGxhY2VzLlNlYXJjaFRleHQQAhgEIAA"}},{"type":"Feature","geometry":{"type":"Point","coordinates":[73.7798766,19.9668635]},"properties":{"Taluka":"Nashik","Zone":"Indira Nagar / Eklahare","Category":"Mandir / Temple","Name":"Shree Riddhi Siddhi Ganesh Mandir","Type":"Hindu Temple","Rating":"4.7","Review Count":"13","Address":"XQ8H+PXR, Ajinkya Mitra Mandal, Pandav Nagari, Sarthak Nagar, Nashik, Maharashtra 422009, India","Maps Link":"https://maps.google.com/?cid=2032905146483142613&g_mp=Cidnb29nbGUubWFwcy5wbGFjZXMudjEuUGxhY2VzLlNlYXJjaFRleHQQAhgEIAA"}},{"type":"Feature","geometry":{"type":"Point","coordinates":[73.783233,19.971998]},"properties":{"Taluka":"Nashik","Zone":"Indira Nagar / Eklahare","Category":"Mandir / Temple","Name":"Shree Saptashrungi Mata Temple","Type":"Hindu Temple","Rating":"3.8","Review Count":"5","Address":"XQCM+Q7X, Indira Nagar, Nashik, Maharashtra 422009, India","Opening Hours":"Monday: Open 24 hours | Tuesday: Open 24 hours | Wednesday: Open 24 hours | Thursday: Open 24 hours | Friday: Open 24 hours | Saturday: Open 24 hours | Sunday: Open 24 hours","Maps Link":"https://maps.google.com/?cid=9719595175016999600&g_mp=Cidnb29nbGUubWFwcy5wbGFjZXMudjEuUGxhY2VzLlNlYXJjaFRleHQQAhgEIAA"}},{"type":"Feature","geometry":{"type":"Point","coordinates":[73.7797619,19.966976]},"properties":{"Taluka":"Nashik","Zone":"Indira Nagar / Eklahare","Category":"Mandir / Temple","Name":"Shree Shaneshwar Mandir","Type":"Hindu Temple","Rating":"4","Review Count":"4","Address":"XQ8H+QWR, Pathardi Rd, Near Sarthak Nagar, Pandav Nagari, Indira Nagar, Nashik, Maharashtra 422009, India","Maps Link":"https://maps.google.com/?cid=4052972937753404179&g_mp=Cidnb29nbGUubWFwcy5wbGFjZXMudjEuUGxhY2VzLlNlYXJjaFRleHQQAhgEIAA"}},{"type":"Feature","geometry":{"type":"Point","coordinates":[73.8744,19.969887]},"properties":{"Taluka":"Nashik","Zone":"Indira Nagar / Eklahare","Category":"Mandir / Temple","Name":"Shree Vittal Rukmini Mandir","Type":"Place of Worship","Rating":"5","Review Count":"1","Address":"XV9F+XQ2, Eklahara Rd, Near ZP School, Samangoan, Samangaon, Maharashtra 422105, India","Maps Link":"https://maps.google.com/?cid=16188906525430429809&g_mp=Cidnb29nbGUubWFwcy5wbGFjZXMudjEuUGxhY2VzLlNlYXJjaFRleHQQAhgEIAA"}},{"type":"Feature","geometry":{"type":"Point","coordinates":[73.7820925,19.9635086]},"properties":{"Taluka":"Nashik","Zone":"Indira Nagar / Eklahare","Category":"Mandir / Temple","Name":"Shri Banglow Shradha Vihar Behind Datt Mandir Near Ashirwad Hospital Indira Nagar Nashik","Type":"Apartment Building","Review Count":"0","Address":"XQ7J+CR4, Shraddha Vihar, Pandav Nagari, Sharda Vihar, Nashik, Maharashtra 422102, India","Maps Link":"https://maps.google.com/?cid=14258336363199189784&g_mp=Cidnb29nbGUubWFwcy5wbGFjZXMudjEuUGxhY2VzLlNlYXJjaFRleHQQAhgEIAA"}},{"type":"Feature","geometry":{"type":"Point","coordinates":[73.8454745,19.9786779]},"properties":{"Taluka":"Nashik","Zone":"Indira Nagar / Eklahare","Category":"Mandir / Temple","Name":"Shri Ganesh Mandir","Type":"Cultural Center","Rating":"4","Review Count":"54","Address":"Jail Rd Hanuman Nagar, Ganesh Nagar, Sant Dynaneshwar Nagar, Nashik Road, Nashik, Maharashtra 422101, India","Maps Link":"https://maps.google.com/?cid=7895077857996815133&g_mp=Cidnb29nbGUubWFwcy5wbGFjZXMudjEuUGxhY2VzLlNlYXJjaFRleHQQAhgEIAA"}},{"type":"Feature","geometry":{"type":"Point","coordinates":[73.7798689,19.971272]},"properties":{"Taluka":"Nashik","Zone":"Indira Nagar / Eklahare","Category":"Mandir / Temple","Name":"Shri Gopalkrishna Temple","Type":"Hindu Temple","Rating":"4.3","Review Count":"8","Address":"XQCH+GW5, Indira Nagar Rd, Near Indira Nagar Police Station, Indira Nagar, Nashik, Maharashtra 422009, India","Maps Link":"https://maps.google.com/?cid=5600468271277818282&g_mp=Cidnb29nbGUubWFwcy5wbGFjZXMudjEuUGxhY2VzLlNlYXJjaFRleHQQAhgEIAA"}},{"type":"Feature","geometry":{"type":"Point","coordinates":[73.7899632,19.979741]},"properties":{"Taluka":"Nashik","Zone":"Indira Nagar / Eklahare","Category":"Mandir / Temple","Name":"Shri Sita Ram Temple","Type":"Hindu Temple","Rating":"4.7","Review Count":"12","Address":"XQHQ+VXW, Shri Ram Nagar, Nashik, Maharashtra 422006, India","Maps Link":"https://maps.google.com/?cid=1380064920977395029&g_mp=Cidnb29nbGUubWFwcy5wbGFjZXMudjEuUGxhY2VzLlNlYXJjaFRleHQQAhgEIAA"}},{"type":"Feature","geometry":{"type":"Point","coordinates":[73.8621649,19.9771096]},"properties":{"Taluka":"Nashik","Zone":"Indira Nagar / Eklahare","Category":"Mandir / Temple","Name":"Shri. Panchvruksha Mahadev Mandir","Type":"Hindu Temple","Rating":"4","Review Count":"1","Address":"XVG6+RVV, Pawar Wadi, Nashik, Maharashtra 422101, India","Opening Hours":"Monday: 5:30 AM – 10:00 PM | Tuesday: 5:30 AM – 10:00 PM | Wednesday: 5:30 AM – 10:00 PM | Thursday: 5:30 AM – 10:00 PM | Friday: 5:30 AM – 10:00 PM | Saturday: 5:30 AM – 10:00 PM | Sunday: 5:30 AM – 10:00 PM","Maps Link":"https://maps.google.com/?cid=14694095453904535908&g_mp=Cidnb29nbGUubWFwcy5wbGFjZXMudjEuUGxhY2VzLlNlYXJjaFRleHQQAhgEIAA"}},{"type":"Feature","geometry":{"type":"Point","coordinates":[73.8628154,19.946196]},"properties":{"Taluka":"Nashik","Zone":"Indira Nagar / Eklahare","Category":"Mandir / Temple","Name":"Sidheshwar Mahadev Mandir","Type":"Hindu Temple","Rating":"5","Review Count":"3","Address":"Nashik - Pune Rd, Chehdi, Nashik, Maharashtra 422101, India","Opening Hours":"Monday: Open 24 hours | Tuesday: Open 24 hours | Wednesday: Open 24 hours | Thursday: Open 24 hours | Friday: Open 24 hours | Saturday: Open 24 hours | Sunday: Open 24 hours","Maps Link":"https://maps.google.com/?cid=16408880260918814745&g_mp=Cidnb29nbGUubWFwcy5wbGFjZXMudjEuUGxhY2VzLlNlYXJjaFRleHQQAhgEIAA"}},{"type":"Feature","geometry":{"type":"Point","coordinates":[73.7825211,19.9654381]},"properties":{"Taluka":"Nashik","Zone":"Indira Nagar / Eklahare","Category":"Mandir / Temple","Name":"Sree Ganesh Temple","Type":"Place of Worship","Rating":"5","Review Count":"3","Address":"XQ8M+52C, Shraddha Vihar, Pandav Nagari, Indira Nagar, Nashik, Maharashtra 422102, India","Maps Link":"https://maps.google.com/?cid=18026465330746085793&g_mp=Cidnb29nbGUubWFwcy5wbGFjZXMudjEuUGxhY2VzLlNlYXJjaFRleHQQAhgEIAA"}},{"type":"Feature","geometry":{"type":"Point","coordinates":[73.8899566,19.9370868]},"properties":{"Taluka":"Nashik","Zone":"Indira Nagar / Eklahare","Category":"Mandir / Temple","Name":"Tulja bhavani temple","Type":"Hindu Temple","Review Count":"0","Address":"WVPQ+RXP, Nashik, Babhaleshwar, Maharashtra 422001, India","Maps Link":"https://maps.google.com/?cid=6796432629808065740&g_mp=Cidnb29nbGUubWFwcy5wbGFjZXMudjEuUGxhY2VzLlNlYXJjaFRleHQQAhgEIAA"}},{"type":"Feature","geometry":{"type":"Point","coordinates":[73.785658,19.971396]},"properties":{"Taluka":"Nashik","Zone":"Indira Nagar / Eklahare","Category":"Mandir / Temple","Name":"Vitthal Rakhumai Mandir","Type":"Hindu Temple","Rating":"4.5","Review Count":"20","Address":"XQCP+H73, Indira Nagar, Nashik, Maharashtra 422009, India","Maps Link":"https://maps.google.com/?cid=10597418658480303441&g_mp=Cidnb29nbGUubWFwcy5wbGFjZXMudjEuUGxhY2VzLlNlYXJjaFRleHQQAhgEIAA"}},{"type":"Feature","geometry":{"type":"Point","coordinates":[73.8554017,19.9743742]},"properties":{"Taluka":"Nashik","Zone":"Indira Nagar / Eklahare","Category":"Mandir / Temple","Name":"Wagheshwari Devi Mandir","Type":"Hindu Temple","Rating":"4.7","Review Count":"23","Address":"XVF4+P5R, Wagheshwari Nagar, Nashik, Maharashtra 422101, India","Maps Link":"https://maps.google.com/?cid=1297200007156036605&g_mp=Cidnb29nbGUubWFwcy5wbGFjZXMudjEuUGxhY2VzLlNlYXJjaFRleHQQAhgEIAA"}},{"type":"Feature","geometry":{"type":"Point","coordinates":[73.7781305,19.9678894]},"properties":{"Taluka":"Nashik","Zone":"Indira Nagar / Eklahare","Category":"Mandir / Temple","Name":"dwarkamai sai mandir","Type":"Hindu Temple","Review Count":"0","Address":"Pooja Park, Rane Nagar- Indira Nagar Link Rd, Kanifnath Nagar, Rajiv Nagar, Nashik, Maharashtra 422009, India","Maps Link":"https://maps.google.com/?cid=8722521486819508158&g_mp=Cidnb29nbGUubWFwcy5wbGFjZXMudjEuUGxhY2VzLlNlYXJjaFRleHQQAhgEIAA"}},{"type":"Feature","geometry":{"type":"Point","coordinates":[73.8821594,19.9333086]},"properties":{"Taluka":"Nashik","Zone":"Indira Nagar / Eklahare","Category":"Mandir / Temple","Name":"जुने भैरवनाथ मंदिर","Type":"Hindu Temple","Rating":"5","Review Count":"1","Address":"Old Bhairoba Road, Palse, WVMJ+8VF, Tal, Dist, Nashik, Palase, Maharashtra 422102, India","Opening Hours":"Monday: Open 24 hours | Tuesday: Open 24 hours | Wednesday: Open 24 hours | Thursday: Open 24 hours | Friday: Open 24 hours | Saturday: Open 24 hours | Sunday: Open 24 hours","Maps Link":"https://maps.google.com/?cid=12995168444055222187&g_mp=Cidnb29nbGUubWFwcy5wbGFjZXMudjEuUGxhY2VzLlNlYXJjaFRleHQQAhgEIAA"}},{"type":"Feature","geometry":{"type":"Point","coordinates":[73.9051821,19.9750801]},"properties":{"Taluka":"Nashik","Zone":"Indira Nagar / Eklahare","Category":"Mandir / Temple","Name":"रक्षेश्वर महादेव मंदिर ऐकलहरे गाव","Type":"Hindu Temple","Rating":"4.1","Review Count":"17","Address":"XWG4+23M, Eklahare, Maharashtra 422105, India","Opening Hours":"Monday: Open 24 hours | Tuesday: Open 24 hours | Wednesday: Open 24 hours | Thursday: Open 24 hours | Friday: Open 24 hours | Saturday: Open 24 hours | Sunday: Open 24 hours","Maps Link":"https://maps.google.com/?cid=5781275096149725635&g_mp=Cidnb29nbGUubWFwcy5wbGFjZXMudjEuUGxhY2VzLlNlYXJjaFRleHQQAhgEIAA"}},{"type":"Feature","geometry":{"type":"Point","coordinates":[73.8900589,19.9985313]},"properties":{"Taluka":"Nashik","Zone":"Indira Nagar / Eklahare","Category":"Mandir / Temple","Name":"श्री एकांब्रेश्वर महादेव मंदिर. Shree Ekambreshwar Mahadev Mandir","Type":"Hindu Temple","Rating":"5","Review Count":"1","Address":"XVXR+C27, Azad Nagar, Shilapur, Nashik, Maharashtra 422003, India","Opening Hours":"Monday: Open 24 hours | Tuesday: Open 24 hours | Wednesday: Open 24 hours | Thursday: Open 24 hours | Friday: Open 24 hours | Saturday: Open 24 hours | Sunday: Open 24 hours","Maps Link":"https://maps.google.com/?cid=5951569504103073628&g_mp=Cidnb29nbGUubWFwcy5wbGFjZXMudjEuUGxhY2VzLlNlYXJjaFRleHQQAhgEIAA"}},{"type":"Feature","geometry":{"type":"Point","coordinates":[73.8509624,19.975099]},"properties":{"Taluka":"Nashik","Zone":"Indira Nagar / Eklahare","Category":"Mandir / Temple","Name":"श्री कुंदकेश्वर महादेव मंदिर","Type":"Hindu Temple","Rating":"5","Review Count":"2","Address":"XVG2+29P, Sri Ram Nagar, Nashik, Maharashtra 422101, India","Maps Link":"https://maps.google.com/?cid=222823772662351668&g_mp=Cidnb29nbGUubWFwcy5wbGFjZXMudjEuUGxhY2VzLlNlYXJjaFRleHQQAhgEIAA"}},{"type":"Feature","geometry":{"type":"Point","coordinates":[73.8691296,19.9514154]},"properties":{"Taluka":"Nashik","Zone":"Indira Nagar / Eklahare","Category":"Mandir / Temple","Name":"श्री दत्त मंदिर दत्त सेवा महानुभाव आश्रम","Type":"Hindu Temple","Review Count":"0","Address":"XV29+HM6, भारत नगर, नाशिक, महाराष्ट्र 422101, India","Maps Link":"https://maps.google.com/?cid=4413785987975143945&g_mp=Cidnb29nbGUubWFwcy5wbGFjZXMudjEuUGxhY2VzLlNlYXJjaFRleHQQAhgEIAA"}},{"type":"Feature","geometry":{"type":"Point","coordinates":[73.856097,19.9758398]},"properties":{"Taluka":"Nashik","Zone":"Indira Nagar / Eklahare","Category":"Mandir / Temple","Name":"श्री विठ्ठल रखुमाई देवस्थान श्री क्षेत्र (कैवल्यधाम)","Type":"Hindu Temple","Rating":"4.4","Review Count":"25","Address":"श्री विठ्ठल रखुमाई मंदिर कैवल्यधाम हिंदशक्ती नगर पवारवाडी पंचक, Nashik Road, जेलरोड, Nashik, Maharashtra 422101, India","Opening Hours":"Monday: 6:00 AM – 8:00 PM | Tuesday: 6:00 AM – 8:00 PM | Wednesday: 6:00 AM – 8:00 PM | Thursday: 6:00 AM – 8:00 PM | Friday: 6:00 AM – 8:00 PM | Saturday: 6:00 AM – 8:00 PM | Sunday: 6:00 AM – 8:00 PM","Maps Link":"https://maps.google.com/?cid=64109682383539369&g_mp=Cidnb29nbGUubWFwcy5wbGFjZXMudjEuUGxhY2VzLlNlYXJjaFRleHQQAhgEIAA"}},{"type":"Feature","geometry":{"type":"Point","coordinates":[73.7816621,19.9788105]},"properties":{"Taluka":"Nashik","Zone":"Indira Nagar / Eklahare","Category":"Mandir / Temple","Name":"श्री सद्गुरु शंकर महाराज मंदिर, इंदिरानगर, नाशिक","Type":"Hindu Temple","Rating":"4.9","Review Count":"17","Phone":"073501 34067","Address":"Jogging Track, State Bank Colony, Indira Nagar, Nashik, Maharashtra 422009, India","Opening Hours":"Monday: Open 24 hours | Tuesday: Open 24 hours | Wednesday: Open 24 hours | Thursday: Open 24 hours | Friday: Open 24 hours | Saturday: Open 24 hours | Sunday: Open 24 hours","Maps Link":"https://maps.google.com/?cid=10324025515109378147&g_mp=Cidnb29nbGUubWFwcy5wbGFjZXMudjEuUGxhY2VzLlNlYXJjaFRleHQQAhgEIAA"}},{"type":"Feature","geometry":{"type":"Point","coordinates":[73.8563587,19.9770325]},"properties":{"Taluka":"Nashik","Zone":"Indira Nagar / Eklahare","Category":"Mandir / Temple","Name":"श्रीमंत कैवल्येश्वर महादेव मंदिर (कैवल्यधाम)","Type":"Hindu Temple","Review Count":"0","Address":"XVG4+RG9, Jail Rd, Hindshakti Nagar, Pawar Wadi, Nashik, Maharashtra 422101, India","Opening Hours":"Monday: Open 24 hours | Tuesday: Open 24 hours | Wednesday: Open 24 hours | Thursday: Open 24 hours | Friday: Open 24 hours | Saturday: Open 24 hours | Sunday: Open 24 hours","Maps Link":"https://maps.google.com/?cid=13716159042310461490&g_mp=Cidnb29nbGUubWFwcy5wbGFjZXMudjEuUGxhY2VzLlNlYXJjaFRleHQQAhgEIAA"}},{"type":"Feature","geometry":{"type":"Point","coordinates":[73.9054699,19.9961161]},"properties":{"Taluka":"Nashik","Zone":"Indira Nagar / Eklahare","Category":"Ashram / Math","Name":"Tatoba Hrishi Math","Type":"Place of Worship","Rating":"3","Review Count":"1","Address":"XWW4+C5X, Odha, Maharashtra 422105, India","Opening Hours":"Monday: Open 24 hours | Tuesday: Open 24 hours | Wednesday: Open 24 hours | Thursday: Open 24 hours | Friday: Open 24 hours | Saturday: Open 24 hours | Sunday: Open 24 hours","Maps Link":"https://maps.google.com/?cid=15037531393062811991&g_mp=Cidnb29nbGUubWFwcy5wbGFjZXMudjEuUGxhY2VzLlNlYXJjaFRleHQQAhgEIAA"}},{"type":"Feature","geometry":{"type":"Point","coordinates":[73.9043386,19.9923683]},"properties":{"Taluka":"Nashik","Zone":"Indira Nagar / Eklahare","Category":"Buddhist Temple / Stupa","Name":"Buddha vihar","Type":"Buddhist Temple","Rating":"5","Review Count":"2","Address":"XWR3+XQJ, Eklahare, Maharashtra 422105, India","Maps Link":"https://maps.google.com/?cid=16476319301867341180&g_mp=Cidnb29nbGUubWFwcy5wbGFjZXMudjEuUGxhY2VzLlNlYXJjaFRleHQQAhgEIAA"}},{"type":"Feature","geometry":{"type":"Point","coordinates":[73.9040144,19.9918676]},"properties":{"Taluka":"Nashik","Zone":"Indira Nagar / Eklahare","Category":"Buddhist Temple / Stupa","Name":"Jeevan Dharay","Type":"Buddhist Temple","Review Count":"0","Address":"XWR3+PJM, Eklahare, Maharashtra 422105, India","Maps Link":"https://maps.google.com/?cid=14633787310494688984&g_mp=Cidnb29nbGUubWFwcy5wbGFjZXMudjEuUGxhY2VzLlNlYXJjaFRleHQQAhgEIAA"}},{"type":"Feature","geometry":{"type":"Point","coordinates":[73.8780217,19.9763669]},"properties":{"Taluka":"Nashik","Zone":"Indira Nagar / Eklahare","Category":"Buddhist Temple / Stupa","Name":"आनंद बोधी बुद्ध विहार , सिध्दार्थनगर","Type":"Buddhist Temple","Rating":"4.3","Review Count":"15","Address":"XVGH+G6R, Sidharth Nagar, Eklahare, Maharashtra 422105, India","Maps Link":"https://maps.google.com/?cid=3949322492087497116&g_mp=Cidnb29nbGUubWFwcy5wbGFjZXMudjEuUGxhY2VzLlNlYXJjaFRleHQQAhgEIAA"}},{"type":"Feature","geometry":{"type":"Point","coordinates":[73.8625602,19.9322011]},"properties":{"Taluka":"Nashik","Zone":"Indira Nagar / Eklahare","Category":"Other Religious Site","Name":"Dameshwar","Type":"Hindu Temple","Review Count":"0","Address":"WVJ7+V2M, Fulenagar, Nashik, Palase, Maharashtra 422102, India","Maps Link":"https://maps.google.com/?cid=4469300406467122593&g_mp=Cidnb29nbGUubWFwcy5wbGFjZXMudjEuUGxhY2VzLlNlYXJjaFRleHQQAhgEIAA"}},{"type":"Feature","geometry":{"type":"Point","coordinates":[73.7796889,19.976294]},"properties":{"Taluka":"Nashik","Zone":"Indira Nagar / Eklahare","Category":"Other Religious Site","Name":"Ichapurti Ganesh Udyan Kamod Nagar","Type":"Garden","Rating":"3.9","Review Count":"77","Address":"Rd, Kamod Nagar, Indira Nagar, Nashik, Maharashtra 422009, India","Opening Hours":"Monday: 6:00 AM – 10:00 PM | Tuesday: 6:00 AM – 10:00 PM | Wednesday: 6:00 AM – 10:00 PM | Thursday: 6:00 AM – 10:00 PM | Friday: 6:00 AM – 10:00 PM | Saturday: 6:00 AM – 10:00 PM | Sunday: 6:00 AM – 10:00 PM","Maps Link":"https://maps.google.com/?cid=5056055271528482292&g_mp=Cidnb29nbGUubWFwcy5wbGFjZXMudjEuUGxhY2VzLlNlYXJjaFRleHQQAhgEIAA"}},{"type":"Feature","geometry":{"type":"Point","coordinates":[73.8634206,19.9780856]},"properties":{"Taluka":"Nashik","Zone":"Indira Nagar / Eklahare","Category":"Other Religious Site","Name":"Kashi Vishweshwaraya","Type":"Hindu Temple","Rating":"4.2","Review Count":"18","Address":"Sai Kheda Rd, near Bhairavnath Nagar, Panchak, Nashik, Maharashtra 422105, India","Maps Link":"https://maps.google.com/?cid=13488380947354706630&g_mp=Cidnb29nbGUubWFwcy5wbGFjZXMudjEuUGxhY2VzLlNlYXJjaFRleHQQAhgEIAA"}},{"type":"Feature","geometry":{"type":"Point","coordinates":[73.9067479,19.9828825]},"properties":{"Taluka":"Nashik","Zone":"Indira Nagar / Eklahare","Category":"Other Religious Site","Name":"Munjaba Mala Eklahare","Type":"Hindu Temple","Review Count":"0","Address":"XWM4+5M5, Eklahare, Maharashtra 422105, India","Maps Link":"https://maps.google.com/?cid=6348819531375028048&g_mp=Cidnb29nbGUubWFwcy5wbGFjZXMudjEuUGxhY2VzLlNlYXJjaFRleHQQAhgEIAA"}},{"type":"Feature","geometry":{"type":"Point","coordinates":[73.8857898,19.9781976]},"properties":{"Taluka":"Nashik","Zone":"Indira Nagar / Eklahare","Category":"Other Religious Site","Name":"Pandit Ji","Type":"Hindu Temple","Review Count":"0","Address":"XVHP+896, NTPS Colony, Eklahare, Maharashtra 422105, India","Maps Link":"https://maps.google.com/?cid=10361836735424196178&g_mp=Cidnb29nbGUubWFwcy5wbGFjZXMudjEuUGxhY2VzLlNlYXJjaFRleHQQAhgEIAA"}},{"type":"Feature","geometry":{"type":"Point","coordinates":[73.7836838,19.9681904]},"properties":{"Taluka":"Nashik","Zone":"Indira Nagar / Eklahare","Category":"Other Religious Site","Name":"Parmarth Niketan Nashik Indiranagar","Type":"Hindu Temple","Rating":"4.8","Review Count":"45","Address":"Survey No: 106/1 to 1067 (1/1 to 1/4, 2/1 to 2/3, 3/1 to 3/2), Parmarth Niketan Ground Floor, Behind Sabji Market, Kala Nagar, Indira Nagar, Nashik, Maharashtra 422102, India","Opening Hours":"Monday: 7:30 AM – 9:28 PM | Tuesday: 7:30 AM – 9:28 PM | Wednesday: 7:30 AM – 9:28 PM | Thursday: 7:30 AM – 9:28 PM | Friday: 7:30 AM – 9:28 PM | Saturday: 7:30 AM – 9:28 PM | Sunday: 7:00 AM – 6:30 AM","Maps Link":"https://maps.google.com/?cid=8617993201944962592&g_mp=Cidnb29nbGUubWFwcy5wbGFjZXMudjEuUGxhY2VzLlNlYXJjaFRleHQQAhgEIAA"}},{"type":"Feature","geometry":{"type":"Point","coordinates":[73.7817449,19.9752864]},"properties":{"Taluka":"Nashik","Zone":"Indira Nagar / Eklahare","Category":"Other Religious Site","Name":"SHREE SAI JALARAM AGARBATTI - INDIRA NAGAR (NASHIK)","Type":"Store","Rating":"5","Review Count":"18","Phone":"098509 60051","Address":"Shop no. 2, Ashish Park, apartments, Mahila Bank Rd, opp. Gajanan Maharaj Mandir Road, Indira Nagar, Nashik, Maharashtra 422009, India","Website":"https://www.shreesaijalaramagarbatti.com/","Opening Hours":"Monday: 9:00 AM – 9:00 PM | Tuesday: 9:00 AM – 9:00 PM | Wednesday: 9:00 AM – 9:00 PM | Thursday: 9:00 AM – 9:00 PM | Friday: 9:00 AM – 9:00 PM | Saturday: 9:00 AM – 9:00 PM | Sunday: 9:00 AM – 9:00 PM","Maps Link":"https://maps.google.com/?cid=15583661509227557274&g_mp=Cidnb29nbGUubWFwcy5wbGFjZXMudjEuUGxhY2VzLlNlYXJjaFRleHQQAhgEIAA"}},{"type":"Feature","geometry":{"type":"Point","coordinates":[73.7802702,19.9729571]},"properties":{"Taluka":"Nashik","Zone":"Indira Nagar / Eklahare","Category":"Other Religious Site","Name":"Shree Maharudra Hanuman","Type":"Hindu Temple","Rating":"5","Review Count":"6","Address":"XQFJ+54J, Gajanan Maharaj Mandir Rd, Maharudra Colony, Jakhadi Nagar, Indira Nagar, Nashik, Maharashtra 422009, India","Maps Link":"https://maps.google.com/?cid=3525617838161620055&g_mp=Cidnb29nbGUubWFwcy5wbGFjZXMudjEuUGxhY2VzLlNlYXJjaFRleHQQAhgEIAA"}},{"type":"Feature","geometry":{"type":"Point","coordinates":[73.8617296,19.9443544]},"properties":{"Taluka":"Nashik","Zone":"Indira Nagar / Eklahare","Category":"Other Religious Site","Name":"Shree Ram Niwas","Type":"Place of Worship","Rating":"1","Review Count":"1","Address":"Chehedi Gaon Mala, Road, Satpute Mala, Nashik, Maharashtra 422101, India","Maps Link":"https://maps.google.com/?cid=9258842911832795477&g_mp=Cidnb29nbGUubWFwcy5wbGFjZXMudjEuUGxhY2VzLlNlYXJjaFRleHQQAhgEIAA"}},{"type":"Feature","geometry":{"type":"Point","coordinates":[73.7864083,19.9726685]},"properties":{"Taluka":"Nashik","Zone":"Indira Nagar / Eklahare","Category":"Other Religious Site","Name":"Shree Swami Samartha Kendra","Type":"Hindu Temple","Rating":"4.7","Review Count":"185","Address":"Parab Nagar, Indira Nagar, Nashik, Maharashtra 422009, India","Maps Link":"https://maps.google.com/?cid=8651206538558599723&g_mp=Cidnb29nbGUubWFwcy5wbGFjZXMudjEuUGxhY2VzLlNlYXJjaFRleHQQAhgEIAA"}},{"type":"Feature","geometry":{"type":"Point","coordinates":[73.5319793,19.9320948]},"properties":{"Taluka":"Trimbakeshwar","Zone":"Trimbakeshwar Town","Category":"Mandir / Temple","Name":"Aadi Tryambakeshwar Puratan June Mahadev mahadev mandir(original traymbakeshwar) अष्टकौशल महंत श्री देवराज पुरी जी महाराज","Type":"Hindu Temple","Rating":"4.4","Review Count":"38","Address":"422212, Trimbak, Maharashtra 422212, India","Website":"https://www.instagram.com/mul_june_mahadev_trimbakeshwar?igsh=Z2hlZWFiOXpybHVn","Opening Hours":"Monday: 5:30 AM – 9:00 PM | Tuesday: 5:30 AM – 9:00 PM | Wednesday: 5:30 AM – 9:00 PM | Thursday: 5:30 AM – 9:00 PM | Friday: 5:30 AM – 9:00 PM | Saturday: 5:30 AM – 9:00 PM | Sunday: 5:30 AM – 9:00 PM","Maps Link":"https://maps.google.com/?cid=6847247475267097624&g_mp=Cidnb29nbGUubWFwcy5wbGFjZXMudjEuUGxhY2VzLlNlYXJjaFRleHQQAhgEIAA"}},{"type":"Feature","geometry":{"type":"Point","coordinates":[73.531618,19.9330235]},"properties":{"Taluka":"Trimbakeshwar","Zone":"Trimbakeshwar Town","Category":"Mandir / Temple","Name":"Ancient Maruti Temple","Type":"Hindu Temple","Rating":"4.5","Review Count":"11","Address":"246, Trimbak, Maharashtra 422212, India","Opening Hours":"Monday: 5:00 AM – 9:00 PM | Tuesday: 5:00 AM – 9:00 PM | Wednesday: 5:00 AM – 9:00 PM | Thursday: 5:00 AM – 9:00 PM | Friday: 5:00 AM – 9:00 PM | Saturday: 5:00 AM – 9:00 PM | Sunday: 5:00 AM – 9:00 PM","Maps Link":"https://maps.google.com/?cid=1341444412705361528&g_mp=Cidnb29nbGUubWFwcy5wbGFjZXMudjEuUGxhY2VzLlNlYXJjaFRleHQQAhgEIAA"}},{"type":"Feature","geometry":{"type":"Point","coordinates":[73.5305899,19.9372491]},"properties":{"Taluka":"Trimbakeshwar","Zone":"Trimbakeshwar Town","Category":"Mandir / Temple","Name":"Annpurna Devi Temple, Trimbakeshwar","Type":"Hindu Temple","Rating":"4.6","Review Count":"160","Address":"WGPJ+V6W, Trimbak, Maharashtra 422212, India","Opening Hours":"Monday: 6:01 AM – 9:01 PM | Tuesday: 6:01 AM – 9:01 PM | Wednesday: 6:01 AM – 9:01 PM | Thursday: 6:01 AM – 9:01 PM | Friday: 6:01 AM – 9:01 PM | Saturday: 6:01 AM – 9:01 PM | Sunday: 6:01 AM – 9:01 PM","Maps Link":"https://maps.google.com/?cid=4148568070214519804&g_mp=Cidnb29nbGUubWFwcy5wbGFjZXMudjEuUGxhY2VzLlNlYXJjaFRleHQQAhgEIAA"}},{"type":"Feature","geometry":{"type":"Point","coordinates":[73.5277594,19.9329454]},"properties":{"Taluka":"Trimbakeshwar","Zone":"Trimbakeshwar Town","Category":"Mandir / Temple","Name":"Ashwini Kumar Mandir Trimbakeshwar","Type":"Hindu Temple","Rating":"5","Review Count":"1","Address":"WGMH+538, Trimbak, Maharashtra 422212, India","Opening Hours":"Monday: Open 24 hours | Tuesday: Open 24 hours | Wednesday: Open 24 hours | Thursday: Open 24 hours | Friday: Open 24 hours | Saturday: Open 24 hours | Sunday: Open 24 hours","Maps Link":"https://maps.google.com/?cid=7358186312517389967&g_mp=Cidnb29nbGUubWFwcy5wbGFjZXMudjEuUGxhY2VzLlNlYXJjaFRleHQQAhgEIAA"}},{"type":"Feature","geometry":{"type":"Point","coordinates":[73.5281281,19.9335003]},"properties":{"Taluka":"Trimbakeshwar","Zone":"Trimbakeshwar Town","Category":"Mandir / Temple","Name":"Bhagwati Mandir, Teli Len, Trimbakeshwar","Type":"Hindu Temple","Rating":"5","Review Count":"1","Address":"WGMH+C72, Trimbak, Maharashtra 422212, India","Maps Link":"https://maps.google.com/?cid=478614791671332143&g_mp=Cidnb29nbGUubWFwcy5wbGFjZXMudjEuUGxhY2VzLlNlYXJjaFRleHQQAhgEIAA"}},{"type":"Feature","geometry":{"type":"Point","coordinates":[73.5225651,19.9296811]},"properties":{"Taluka":"Trimbakeshwar","Zone":"Trimbakeshwar Town","Category":"Mandir / Temple","Name":"Bramha Savitri Mandir","Type":"Hindu Temple","Rating":"4.6","Review Count":"63","Address":"WGHF+V2G, Way to Brahmagiri, Trimbak, Maharashtra 422212, India","Maps Link":"https://maps.google.com/?cid=16173730768075509634&g_mp=Cidnb29nbGUubWFwcy5wbGFjZXMudjEuUGxhY2VzLlNlYXJjaFRleHQQAhgEIAA"}},{"type":"Feature","geometry":{"type":"Point","coordinates":[73.5153164,19.8970605]},"properties":{"Taluka":"Trimbakeshwar","Zone":"Trimbakeshwar Town","Category":"Mandir / Temple","Name":"Bramhagiri Ganesh Temple In River","Type":"Hindu Temple","Rating":"4.3","Review Count":"25","Address":"VGW8+R4G, Dhadoshi, Maharashtra 422212, India","Maps Link":"https://maps.google.com/?cid=7677702879036461022&g_mp=Cidnb29nbGUubWFwcy5wbGFjZXMudjEuUGxhY2VzLlNlYXJjaFRleHQQAhgEIAA"}},{"type":"Feature","geometry":{"type":"Point","coordinates":[73.51807,19.9152706]},"properties":{"Taluka":"Trimbakeshwar","Zone":"Trimbakeshwar Town","Category":"Mandir / Temple","Name":"Bramhagiri Mandir","Type":"Hindu Temple","Rating":"4.7","Review Count":"159","Address":"WG89+464, Metghar Killa, Maharashtra 422212, India","Maps Link":"https://maps.google.com/?cid=16820596856126014656&g_mp=Cidnb29nbGUubWFwcy5wbGFjZXMudjEuUGxhY2VzLlNlYXJjaFRleHQQAhgEIAA"}},{"type":"Feature","geometry":{"type":"Point","coordinates":[73.5311451,19.9321608]},"properties":{"Taluka":"Trimbakeshwar","Zone":"Trimbakeshwar Town","Category":"Mandir / Temple","Name":"East Gate, Trimbakeshwar Mahadev Mandir","Type":"Hindu Temple","Rating":"4","Review Count":"1","Address":"WGJJ+VF6, Trimbak, Maharashtra 422212, India","Maps Link":"https://maps.google.com/?cid=3356497668178597591&g_mp=Cidnb29nbGUubWFwcy5wbGFjZXMudjEuUGxhY2VzLlNlYXJjaFRleHQQAhgEIAA"}},{"type":"Feature","geometry":{"type":"Point","coordinates":[73.5166049,19.9280588]},"properties":{"Taluka":"Trimbakeshwar","Zone":"Trimbakeshwar Town","Category":"Mandir / Temple","Name":"Ganga Dwar ( Ganga Godavari) Mandir","Type":"Hindu Temple","Rating":"4.6","Review Count":"699","Address":"WGH8+6JH, Ganga Dwar Rd, Trimbak, Metghar Killa, Maharashtra 422212, India","Maps Link":"https://maps.google.com/?cid=14851210459197212928&g_mp=Cidnb29nbGUubWFwcy5wbGFjZXMudjEuUGxhY2VzLlNlYXJjaFRleHQQAhgEIAA"}},{"type":"Feature","geometry":{"type":"Point","coordinates":[73.5282119,19.9326322]},"properties":{"Taluka":"Trimbakeshwar","Zone":"Trimbakeshwar Town","Category":"Mandir / Temple","Name":"Indhraleshvar mahadev mandir","Type":"Hindu Temple","Rating":"4.4","Review Count":"13","Address":"Trimbak, Maharashtra 422212, India","Maps Link":"https://maps.google.com/?cid=8599782094084427438&g_mp=Cidnb29nbGUubWFwcy5wbGFjZXMudjEuUGxhY2VzLlNlYXJjaFRleHQQAhgEIAA"}},{"type":"Feature","geometry":{"type":"Point","coordinates":[73.5446159,19.9394628]},"properties":{"Taluka":"Trimbakeshwar","Zone":"Trimbakeshwar Town","Category":"Mandir / Temple","Name":"Kalsarp Dosh Puja Best Pandit Trimbakeshwar Temple","Type":"Astrologer","Rating":"4.9","Review Count":"511","Phone":"079722 39462","Address":"Room no. 18, Shree ganpat mahipat gulave, Trimbak Ring Road, Gulve Wadi, Trimbak, Maharashtra 422212, India","Website":"https://trimbakeshwartemplepanditji.com/","Opening Hours":"Monday: Open 24 hours | Tuesday: Open 24 hours | Wednesday: Open 24 hours | Thursday: Open 24 hours | Friday: Open 24 hours | Saturday: Open 24 hours | Sunday: Open 24 hours","Maps Link":"https://maps.google.com/?cid=8344647858698375715&g_mp=Cidnb29nbGUubWFwcy5wbGFjZXMudjEuUGxhY2VzLlNlYXJjaFRleHQQAhgEIAA"}},{"type":"Feature","geometry":{"type":"Point","coordinates":[73.529756,19.9325371]},"properties":{"Taluka":"Trimbakeshwar","Zone":"Trimbakeshwar Town","Category":"Mandir / Temple","Name":"Laxmi Narayan Mandir trimbak","Type":"Hindu Temple","Rating":"4.4","Review Count":"20","Address":"WGMH+2W6, Trimbak, Maharashtra 422212, India","Maps Link":"https://maps.google.com/?cid=808834054364683521&g_mp=Cidnb29nbGUubWFwcy5wbGFjZXMudjEuUGxhY2VzLlNlYXJjaFRleHQQAhgEIAA"}},{"type":"Feature","geometry":{"type":"Point","coordinates":[73.5277477,19.938835]},"properties":{"Taluka":"Trimbakeshwar","Zone":"Trimbakeshwar Town","Category":"Mandir / Temple","Name":"Nilkantheshwar Mahadev Temple","Type":"Hindu Temple","Rating":"4.6","Review Count":"113","Address":"Unnamed Road, WGQH+G3Q, Trimbak, Maharashtra 422212, India","Opening Hours":"Monday: Open 24 hours | Tuesday: Open 24 hours | Wednesday: Open 24 hours | Thursday: Open 24 hours | Friday: Open 24 hours | Saturday: Open 24 hours | Sunday: Open 24 hours","Maps Link":"https://maps.google.com/?cid=536221133859846185&g_mp=Cidnb29nbGUubWFwcy5wbGFjZXMudjEuUGxhY2VzLlNlYXJjaFRleHQQAhgEIAA"}},{"type":"Feature","geometry":{"type":"Point","coordinates":[73.5232906,19.9328964]},"properties":{"Taluka":"Trimbakeshwar","Zone":"Trimbakeshwar Town","Category":"Mandir / Temple","Name":"Nivruttinath Maharaj Samadhi Mandir, Trimbakeshwar","Type":"Hindu Temple","Rating":"4.7","Review Count":"628","Phone":"098811 21877","Address":"Nivrutti Nath Rd, Trimbak, Maharashtra 422212, India","Website":"http://nivruttinathmaharajsansthan.com/","Opening Hours":"Monday: 9:00 AM – 7:00 PM | Tuesday: 9:00 AM – 7:00 PM | Wednesday: 9:00 AM – 7:00 PM | Thursday: 9:00 AM – 7:00 PM | Friday: 9:00 AM – 7:00 PM | Saturday: 9:00 AM – 7:00 PM | Sunday: 9:00 AM – 7:00 PM","Maps Link":"https://maps.google.com/?cid=608087596561486912&g_mp=Cidnb29nbGUubWFwcy5wbGFjZXMudjEuUGxhY2VzLlNlYXJjaFRleHQQAhgEIAA"}},{"type":"Feature","geometry":{"type":"Point","coordinates":[73.5307907,19.9325264]},"properties":{"Taluka":"Trimbakeshwar","Zone":"Trimbakeshwar Town","Category":"Mandir / Temple","Name":"North gate,Trimbakeshwar jyotirlinga temple","Type":"Hindu Temple","Rating":"4.7","Review Count":"17","Address":"WGJJ+VG6, Vadholi, Trimbak, Maharashtra 422212, India","Maps Link":"https://maps.google.com/?cid=7138179911717944721&g_mp=Cidnb29nbGUubWFwcy5wbGFjZXMudjEuUGxhY2VzLlNlYXJjaFRleHQQAhgEIAA"}},{"type":"Feature","geometry":{"type":"Point","coordinates":[73.528769,19.930445]},"properties":{"Taluka":"Trimbakeshwar","Zone":"Trimbakeshwar Town","Category":"Mandir / Temple","Name":"Parashuram Mandir","Type":"Hindu Temple","Rating":"4.6","Review Count":"99","Address":"WGJH+FJR panchali parshuram mandir, 94, Main Rd, Panch Aali, Trimbak, Maharashtra 422212, India","Maps Link":"https://maps.google.com/?cid=450866659555026802&g_mp=Cidnb29nbGUubWFwcy5wbGFjZXMudjEuUGxhY2VzLlNlYXJjaFRleHQQAhgEIAA"}},{"type":"Feature","geometry":{"type":"Point","coordinates":[73.5314935,19.9299629]},"properties":{"Taluka":"Trimbakeshwar","Zone":"Trimbakeshwar Town","Category":"Mandir / Temple","Name":"Pay parking for Jyotirling Trimbakeshwar temple","Type":"Transportation Service","Rating":"4.4","Review Count":"14","Address":"WGHJ+XHQ, Trimbakeshwar Rd, Anjaneri, Nashik, Maharashtra 422212, India","Opening Hours":"Monday: 8:00 AM – 8:00 PM | Tuesday: 8:00 AM – 8:00 PM | Wednesday: 8:00 AM – 8:00 PM | Thursday: 8:00 AM – 8:00 PM | Friday: 8:00 AM – 8:00 PM | Saturday: 8:00 AM – 8:00 PM | Sunday: 8:00 AM – 8:00 PM","Maps Link":"https://maps.google.com/?cid=3309306381829411171&g_mp=Cidnb29nbGUubWFwcy5wbGFjZXMudjEuUGxhY2VzLlNlYXJjaFRleHQQAhgEIAA"}},{"type":"Feature","geometry":{"type":"Point","coordinates":[73.5304596,19.9322292]},"properties":{"Taluka":"Trimbakeshwar","Zone":"Trimbakeshwar Town","Category":"Mandir / Temple","Name":"Pitra Dosh Puja in Trimbakeshwar Temple Nashik | Pandit Ankit Guruji","Rating":"4.9","Review Count":"122","Phone":"0788 787 8949","Address":"Shop No 398, Teli Galli, near Samarth Dresses, Trimbak, Maharashtra 422212, India","Website":"https://pitradoshpujaintrimbakeshwar.com/","Opening Hours":"Monday: Open 24 hours | Tuesday: Open 24 hours | Wednesday: Open 24 hours | Thursday: Open 24 hours | Friday: Open 24 hours | Saturday: Open 24 hours | Sunday: Open 24 hours","Maps Link":"https://maps.google.com/?cid=12483228737320659903&g_mp=Cidnb29nbGUubWFwcy5wbGFjZXMudjEuUGxhY2VzLlNlYXJjaFRleHQQAhgEIAA"}},{"type":"Feature","geometry":{"type":"Point","coordinates":[73.5283487,19.933345]},"properties":{"Taluka":"Trimbakeshwar","Zone":"Trimbakeshwar Town","Category":"Mandir / Temple","Name":"Purohit Sangh Trimbakeshwar Temple","Type":"Association / Organization","Rating":"4.6","Review Count":"31","Phone":"088051 71100","Address":"Shri Ganga Godavari Mandir 1st Floor, Kushavart Tirth Chowk Trimbakeshwar, Trimbak, Maharashtra 422212, India","Website":"http://purohitsangh.org/","Opening Hours":"Monday: Open 24 hours | Tuesday: Open 24 hours | Wednesday: Open 24 hours | Thursday: Open 24 hours | Friday: Open 24 hours | Saturday: Open 24 hours | Sunday: Open 24 hours","Maps Link":"https://maps.google.com/?cid=9449274874160728144&g_mp=Cidnb29nbGUubWFwcy5wbGFjZXMudjEuUGxhY2VzLlNlYXJjaFRleHQQAhgEIAA"}},{"type":"Feature","geometry":{"type":"Point","coordinates":[73.5306879,19.9374338]},"properties":{"Taluka":"Trimbakeshwar","Zone":"Trimbakeshwar Town","Category":"Mandir / Temple","Name":"SHRI BHAIRAVNATH TEMPLE","Type":"Hindu Temple","Rating":"4.7","Review Count":"12","Address":"WGPJ+X7G, Annapurna Mandir Rd, Trimbak, Maharashtra 422212, India","Maps Link":"https://maps.google.com/?cid=14160424142966113740&g_mp=Cidnb29nbGUubWFwcy5wbGFjZXMudjEuUGxhY2VzLlNlYXJjaFRleHQQAhgEIAA"}},{"type":"Feature","geometry":{"type":"Point","coordinates":[73.5283519,19.9333512]},"properties":{"Taluka":"Trimbakeshwar","Zone":"Trimbakeshwar Town","Category":"Mandir / Temple","Name":"Satya Narayan mandir Trimbakeshwar","Type":"Hindu Temple","Rating":"4.4","Review Count":"31","Address":"Kushavarta Kund, Trimbak, Maharashtra 422212, India","Website":"https://www.facebook.com/KalsarpaPitrudosh?mibextid=ZbWKwL","Maps Link":"https://maps.google.com/?cid=12664299901040510540&g_mp=Cidnb29nbGUubWFwcy5wbGFjZXMudjEuUGxhY2VzLlNlYXJjaFRleHQQAhgEIAA"}},{"type":"Feature","geometry":{"type":"Point","coordinates":[73.5180308,19.9147726]},"properties":{"Taluka":"Trimbakeshwar","Zone":"Trimbakeshwar Town","Category":"Mandir / Temple","Name":"Shree Chakradhar Swami Mandir, Bhramagiri Mountain","Type":"Hindu Temple","Rating":"4.2","Review Count":"72","Phone":"070306 44359","Address":"WG79+W62, Metghar Killa, Maharashtra 422212, India","Opening Hours":"Monday: 5:00 AM – 8:00 PM | Tuesday: 5:00 AM – 8:00 PM | Wednesday: 5:00 AM – 8:00 PM | Thursday: 5:00 AM – 8:00 PM | Friday: 5:00 AM – 8:00 PM | Saturday: 5:00 AM – 8:00 PM | Sunday: 5:00 AM – 8:00 PM","Maps Link":"https://maps.google.com/?cid=446089058439885795&g_mp=Cidnb29nbGUubWFwcy5wbGFjZXMudjEuUGxhY2VzLlNlYXJjaFRleHQQAhgEIAA"}},{"type":"Feature","geometry":{"type":"Point","coordinates":[73.5268573,19.9327606]},"properties":{"Taluka":"Trimbakeshwar","Zone":"Trimbakeshwar Town","Category":"Mandir / Temple","Name":"Shri Ballaleshwar Temple, Trimbak","Type":"Hindu Temple","Rating":"4.8","Review Count":"42","Address":"Trimbak, Maharashtra 422212, India","Opening Hours":"Monday: 6:00 AM – 9:00 PM | Tuesday: 6:00 AM – 9:00 PM | Wednesday: 6:00 AM – 9:00 PM | Thursday: 6:00 AM – 9:00 PM | Friday: 6:00 AM – 9:00 PM | Saturday: 6:00 AM – 9:00 PM | Sunday: 6:00 AM – 9:00 PM","Maps Link":"https://maps.google.com/?cid=16258732422952546528&g_mp=Cidnb29nbGUubWFwcy5wbGFjZXMudjEuUGxhY2VzLlNlYXJjaFRleHQQAhgEIAA"}},{"type":"Feature","geometry":{"type":"Point","coordinates":[73.5277652,19.9329695]},"properties":{"Taluka":"Trimbakeshwar","Zone":"Trimbakeshwar Town","Category":"Mandir / Temple","Name":"Shri Ganga Godawari Temple, Trimbak","Type":"Hindu Temple","Rating":"4.4","Review Count":"91","Address":"WGMH+54J, Trimbak, Maharashtra 422212, India","Opening Hours":"Monday: 6:00 AM – 9:00 PM | Tuesday: 6:00 AM – 9:00 PM | Wednesday: 6:00 AM – 9:00 PM | Thursday: 6:00 AM – 9:00 PM | Friday: 6:00 AM – 9:00 PM | Saturday: 6:00 AM – 9:00 PM | Sunday: 6:00 AM – 9:00 PM","Maps Link":"https://maps.google.com/?cid=15832561562301305437&g_mp=Cidnb29nbGUubWFwcy5wbGFjZXMudjEuUGxhY2VzLlNlYXJjaFRleHQQAhgEIAA"}},{"type":"Feature","geometry":{"type":"Point","coordinates":[73.5303237,19.9318232]},"properties":{"Taluka":"Trimbakeshwar","Zone":"Trimbakeshwar Town","Category":"Mandir / Temple","Name":"Shri Gaytri Mata Mandir","Type":"Hindu Temple","Rating":"4.4","Review Count":"42","Address":"Trimbak, Maharashtra 422212, India","Website":"https://www.facebook.com/Trimbakeshwar-Jyotirling-Mandir-109865148315375/","Opening Hours":"Monday: 9:00 AM – 5:00 PM | Tuesday: 9:00 AM – 5:00 PM | Wednesday: 9:00 AM – 5:00 PM | Thursday: 9:00 AM – 5:00 PM | Friday: 9:00 AM – 5:00 PM | Saturday: 9:00 AM – 5:00 PM | Sunday: 9:00 AM – 5:00 PM","Maps Link":"https://maps.google.com/?cid=11181374271753620075&g_mp=Cidnb29nbGUubWFwcy5wbGFjZXMudjEuUGxhY2VzLlNlYXJjaFRleHQQAhgEIAA"}},{"type":"Feature","geometry":{"type":"Point","coordinates":[73.5299103,19.9302721]},"properties":{"Taluka":"Trimbakeshwar","Zone":"Trimbakeshwar Town","Category":"Mandir / Temple","Name":"Shri Rameshwar Mandir Tryambakeshwar","Type":"Hindu Temple","Rating":"1","Review Count":"2","Address":"WGJH+4X3, Trimbak, Maharashtra 422212, India","Maps Link":"https://maps.google.com/?cid=15212735532993153733&g_mp=Cidnb29nbGUubWFwcy5wbGFjZXMudjEuUGxhY2VzLlNlYXJjaFRleHQQAhgEIAA"}},{"type":"Feature","geometry":{"type":"Point","coordinates":[73.5312836,19.9351239]},"properties":{"Taluka":"Trimbakeshwar","Zone":"Trimbakeshwar Town","Category":"Mandir / Temple","Name":"Trimbakeshwar Jyotirling Mandir parking","Type":"Hindu Temple","Rating":"4.6","Review Count":"80","Address":"417, Satyanarayan Temple Main Rd, Trimbak, Maharashtra 422212, India","Maps Link":"https://maps.google.com/?cid=4420307476734388212&g_mp=Cidnb29nbGUubWFwcy5wbGFjZXMudjEuUGxhY2VzLlNlYXJjaFRleHQQAhgEIAA"}},{"type":"Feature","geometry":{"type":"Point","coordinates":[73.5307705,19.9322376]},"properties":{"Taluka":"Trimbakeshwar","Zone":"Trimbakeshwar Town","Category":"Mandir / Temple","Name":"Trimbakeshwar Mandir - Pandit Ganesh Shastri Guruji","Type":"Hindu Temple","Rating":"4.8","Review Count":"28","Phone":"079729 67304","Address":"Trimbakeshwar Tirth, Trimbak, Maharashtra 422212, India","Website":"https://trimbakeshwarguruji.com/","Opening Hours":"Monday: 4:00 AM – 11:00 PM | Tuesday: 4:00 AM – 11:00 PM | Wednesday: 4:00 AM – 11:00 PM | Thursday: 4:00 AM – 11:00 PM | Friday: 4:00 AM – 11:00 PM | Saturday: 4:00 AM – 11:00 PM | Sunday: 4:00 AM – 11:00 PM","Maps Link":"https://maps.google.com/?cid=13909229384360175088&g_mp=Cidnb29nbGUubWFwcy5wbGFjZXMudjEuUGxhY2VzLlNlYXJjaFRleHQQAhgEIAA"}},{"type":"Feature","geometry":{"type":"Point","coordinates":[73.5307028,19.9321302]},"properties":{"Taluka":"Trimbakeshwar","Zone":"Trimbakeshwar Town","Category":"Mandir / Temple","Name":"Trimbakeshwar Mandir Kaal Sarp Puja Pandit Vishnu Shastri","Rating":"4.8","Review Count":"36","Address":"Trimbakeshwar Temple, Trimbak, Maharashtra 422212, India","Website":"https://trimbakeshwarpuja.pro/","Opening Hours":"Monday: 5:30 AM – 9:30 PM | Tuesday: 5:30 AM – 9:30 PM | Wednesday: 5:30 AM – 9:30 PM | Thursday: 5:30 AM – 9:30 PM | Friday: 5:30 AM – 9:30 PM | Saturday: 5:30 AM – 9:30 PM | Sunday: 5:30 AM – 9:30 PM","Maps Link":"https://maps.google.com/?cid=2385006451164182865&g_mp=Cidnb29nbGUubWFwcy5wbGFjZXMudjEuUGxhY2VzLlNlYXJjaFRleHQQAhgEIAA"}},{"type":"Feature","geometry":{"type":"Point","coordinates":[73.5410385,19.9343159]},"properties":{"Taluka":"Trimbakeshwar","Zone":"Trimbakeshwar Town","Category":"Mandir / Temple","Name":"Trimbakeshwar Mandir Pandit - Pandit Vinay Shastri - Kaal Sarp Dosh Puja, Narayan Nagbali, Pitra Dosh Puja","Rating":"4.8","Review Count":"4","Phone":"091096 95176","Address":"Krishna Vila, Kailash Raja Nagar, opp. Laxmi Nivas, behind Swami Samarth Kendra, Trimbak, Maharashtra 422212, India","Website":"https://trimbakeshwarmandirpandit.com/","Opening Hours":"Monday: Open 24 hours | Tuesday: Open 24 hours | Wednesday: Open 24 hours | Thursday: Open 24 hours | Friday: Open 24 hours | Saturday: Open 24 hours | Sunday: Open 24 hours","Maps Link":"https://maps.google.com/?cid=9572577516978855679&g_mp=Cidnb29nbGUubWFwcy5wbGFjZXMudjEuUGxhY2VzLlNlYXJjaFRleHQQAhgEIAA"}},{"type":"Feature","geometry":{"type":"Point","coordinates":[73.530943,19.9326486]},"properties":{"Taluka":"Trimbakeshwar","Zone":"Trimbakeshwar Town","Category":"Mandir / Temple","Name":"Trimbakeshwar Mandir Pandit Anurag Shastri","Type":"Hindu Temple","Rating":"5","Review Count":"1","Phone":"087882 13494","Address":"Trimbak, Maharashtra 422212, India","Website":"https://trimbakeshwar-mandir.com/","Opening Hours":"Monday: Open 24 hours | Tuesday: Open 24 hours | Wednesday: Open 24 hours | Thursday: Open 24 hours | Friday: Open 24 hours | Saturday: Open 24 hours | Sunday: Open 24 hours","Maps Link":"https://maps.google.com/?cid=17921836128162154872&g_mp=Cidnb29nbGUubWFwcy5wbGFjZXMudjEuUGxhY2VzLlNlYXJjaFRleHQQAhgEIAA"}},{"type":"Feature","geometry":{"type":"Point","coordinates":[73.5308043,19.9322434]},"properties":{"Taluka":"Trimbakeshwar","Zone":"Trimbakeshwar Town","Category":"Mandir / Temple","Name":"Trimbakeshwar Mandir Puja Vidhi - Pandit Yadnesh Shastri","Type":"Hindu Temple","Rating":"4.9","Review Count":"9","Address":"Trimbak, Maharashtra 422212, India","Opening Hours":"Monday: Open 24 hours | Tuesday: Open 24 hours | Wednesday: Open 24 hours | Thursday: Open 24 hours | Friday: Open 24 hours | Saturday: Open 24 hours | Sunday: Open 24 hours","Maps Link":"https://maps.google.com/?cid=10632917028289321930&g_mp=Cidnb29nbGUubWFwcy5wbGFjZXMudjEuUGxhY2VzLlNlYXJjaFRleHQQAhgEIAA"}},{"type":"Feature","geometry":{"type":"Point","coordinates":[73.5363557,19.9373638]},"properties":{"Taluka":"Trimbakeshwar","Zone":"Trimbakeshwar Town","Category":"Mandir / Temple","Name":"Trimbakeshwar Temple Dosh Nivaran Kendra","Type":"Hindu Temple","Rating":"5","Review Count":"2","Phone":"077700 54230","Address":"Trimbak, Maharashtra 422212, India","Website":"https://trimbakeshwardoshnivarankendra.com/","Opening Hours":"Monday: Open 24 hours | Tuesday: Open 24 hours | Wednesday: Open 24 hours | Thursday: Open 24 hours | Friday: Open 24 hours | Saturday: Open 24 hours | Sunday: Open 24 hours","Maps Link":"https://maps.google.com/?cid=16888128449559365358&g_mp=Cidnb29nbGUubWFwcy5wbGFjZXMudjEuUGxhY2VzLlNlYXJjaFRleHQQAhgEIAA"}},{"type":"Feature","geometry":{"type":"Point","coordinates":[73.5308025,19.9322468]},"properties":{"Taluka":"Trimbakeshwar","Zone":"Trimbakeshwar Town","Category":"Mandir / Temple","Name":"Trimbakeshwar Temple Guruji - Pandit Anoopanand Shastri","Type":"Hindu Temple","Rating":"4.8","Review Count":"110","Phone":"086299 84465","Address":"Kameshwari Ashram, Trimbak, Maharashtra 422212, India","Website":"https://trimbakeshwartempleguruji.com/","Opening Hours":"Monday: Open 24 hours | Tuesday: Open 24 hours | Wednesday: Open 24 hours | Thursday: Open 24 hours | Friday: Open 24 hours | Saturday: Open 24 hours | Sunday: Open 24 hours","Maps Link":"https://maps.google.com/?cid=16103661516343193639&g_mp=Cidnb29nbGUubWFwcy5wbGFjZXMudjEuUGxhY2VzLlNlYXJjaFRleHQQAhgEIAA"}},{"type":"Feature","geometry":{"type":"Point","coordinates":[73.53058,19.93246]},"properties":{"Taluka":"Trimbakeshwar","Zone":"Trimbakeshwar Town","Category":"Mandir / Temple","Name":"Trimbakeshwar Temple Nashik | Pandit for Kaal Sarp Puja and Pitra Dosh Pooja","Rating":"5","Review Count":"23","Phone":"070300 01783","Address":"near Trambakraj Fool Bhandar, Aher, Trimbak, Maharashtra 422212, India","Website":"https://trimbakeshwarnashik.com/","Opening Hours":"Monday: 9:00 AM – 9:00 PM | Tuesday: 9:00 AM – 9:00 PM | Wednesday: 9:00 AM – 9:00 PM | Thursday: 9:00 AM – 9:00 PM | Friday: 9:00 AM – 9:00 PM | Saturday: 9:00 AM – 9:00 PM | Sunday: 9:00 AM – 9:00 PM","Maps Link":"https://maps.google.com/?cid=15540385192981173279&g_mp=Cidnb29nbGUubWFwcy5wbGFjZXMudjEuUGxhY2VzLlNlYXJjaFRleHQQAhgEIAA"}},{"type":"Feature","geometry":{"type":"Point","coordinates":[73.5485007,19.9447868]},"properties":{"Taluka":"Trimbakeshwar","Zone":"Trimbakeshwar Town","Category":"Mandir / Temple","Name":"Trimbakeshwar Temple Pooja Pandit Raj Shastri","Rating":"5","Review Count":"23","Phone":"082081 81745","Address":"Arjunneshwaer Ashram, Trimbak, Maharashtra 422212, India","Website":"https://trimbakeshwartemplepooja.com/","Opening Hours":"Monday: Open 24 hours | Tuesday: Open 24 hours | Wednesday: Open 24 hours | Thursday: Open 24 hours | Friday: Open 24 hours | Saturday: Open 24 hours | Sunday: Open 24 hours","Maps Link":"https://maps.google.com/?cid=5699189854555118455&g_mp=Cidnb29nbGUubWFwcy5wbGFjZXMudjEuUGxhY2VzLlNlYXJjaFRleHQQAhgEIAA"}},{"type":"Feature","geometry":{"type":"Point","coordinates":[73.5396028,19.9392504]},"properties":{"Taluka":"Trimbakeshwar","Zone":"Trimbakeshwar Town","Category":"Mandir / Temple","Name":"Trimbakeshwar Temple Puja - Pandit Vedshree Guruji","Rating":"5","Review Count":"4","Address":"Kameshwaranand Giri Aashram, Road, opposite Petrol Pump, Trimbak, Maharashtra 422212, India","Website":"https://trimbakeshwartemplepuja.in/","Opening Hours":"Monday: Open 24 hours | Tuesday: Open 24 hours | Wednesday: Open 24 hours | Thursday: Open 24 hours | Friday: Open 24 hours | Saturday: Open 24 hours | Sunday: Open 24 hours","Maps Link":"https://maps.google.com/?cid=15557707963026368181&g_mp=Cidnb29nbGUubWFwcy5wbGFjZXMudjEuUGxhY2VzLlNlYXJjaFRleHQQAhgEIAA"}},{"type":"Feature","geometry":{"type":"Point","coordinates":[73.5437042,19.9417806]},"properties":{"Taluka":"Trimbakeshwar","Zone":"Trimbakeshwar Town","Category":"Mandir / Temple","Name":"Trimbakeshwar Temple Puja Pandit - Kaal Sarp Dosh Puja | Pitra Dosh Puja | Narayan Nagbali Puja","Rating":"4.8","Review Count":"16","Address":"Shri Ram Janki Aashram, behind Maruti Suzuki Sales and Service, Trimbak, Maharashtra 422212, India","Website":"https://trimbakeshwartemplepooja.in/","Opening Hours":"Monday: Open 24 hours | Tuesday: Open 24 hours | Wednesday: Open 24 hours | Thursday: Open 24 hours | Friday: Open 24 hours | Saturday: Open 24 hours | Sunday: Open 24 hours","Maps Link":"https://maps.google.com/?cid=1977752317318718513&g_mp=Cidnb29nbGUubWFwcy5wbGFjZXMudjEuUGxhY2VzLlNlYXJjaFRleHQQAhgEIAA"}},{"type":"Feature","geometry":{"type":"Point","coordinates":[73.5306402,19.9326092]},"properties":{"Taluka":"Trimbakeshwar","Zone":"Trimbakeshwar Town","Category":"Mandir / Temple","Name":"Trimbakeshwar Temple Puja Pandit Saurabh Guruji","Type":"Hindu Temple","Rating":"4.9","Review Count":"85","Phone":"086003 81406","Address":"Trimbak, Maharashtra 422212, India","Website":"https://trimbakeshwartemplepujaguruji.in/","Opening Hours":"Monday: Open 24 hours | Tuesday: Open 24 hours | Wednesday: Open 24 hours | Thursday: Open 24 hours | Friday: Open 24 hours | Saturday: Open 24 hours | Sunday: Open 24 hours","Maps Link":"https://maps.google.com/?cid=15047993276572218934&g_mp=Cidnb29nbGUubWFwcy5wbGFjZXMudjEuUGxhY2VzLlNlYXJjaFRleHQQAhgEIAA"}},{"type":"Feature","geometry":{"type":"Point","coordinates":[73.5363557,19.9373638]},"properties":{"Taluka":"Trimbakeshwar","Zone":"Trimbakeshwar Town","Category":"Mandir / Temple","Name":"Trimbakeshwar Temple Pujari","Type":"Hindu Temple","Rating":"4.4","Review Count":"12","Phone":"083086 29617","Address":"Trimbak, Maharashtra 422212, India","Website":"https://trimbakeshwartemplepujari.com/","Opening Hours":"Monday: Open 24 hours | Tuesday: Open 24 hours | Wednesday: Open 24 hours | Thursday: Open 24 hours | Friday: Open 24 hours | Saturday: Open 24 hours | Sunday: Open 24 hours","Maps Link":"https://maps.google.com/?cid=2980016719702633680&g_mp=Cidnb29nbGUubWFwcy5wbGFjZXMudjEuUGxhY2VzLlNlYXJjaFRleHQQAhgEIAA"}},{"type":"Feature","geometry":{"type":"Point","coordinates":[73.5307063,19.9318797]},"properties":{"Taluka":"Trimbakeshwar","Zone":"Trimbakeshwar Town","Category":"Mandir / Temple","Name":"Trimbakeshwar mandir kaal sarp puja vishnu shastri","Rating":"4.8","Review Count":"8","Address":"Trimbakeshwar jyotirling temple, Trimbak, Maharashtra 422212, India","Opening Hours":"Monday: Open 24 hours | Tuesday: Open 24 hours | Wednesday: Open 24 hours | Thursday: Open 24 hours | Friday: Open 24 hours | Saturday: Open 24 hours | Sunday: Open 24 hours","Maps Link":"https://maps.google.com/?cid=15294834036732260108&g_mp=Cidnb29nbGUubWFwcy5wbGFjZXMudjEuUGxhY2VzLlNlYXJjaFRleHQQAhgEIAA"}},{"type":"Feature","geometry":{"type":"Point","coordinates":[73.5307836,19.9321789]},"properties":{"Taluka":"Trimbakeshwar","Zone":"Trimbakeshwar Town","Category":"Mandir / Temple","Name":"Trimbakeshwar temple🛕Alok Shastri guruji TRIMBAKESHWAR","Rating":"5","Review Count":"21","Phone":"095798 37352","Address":"RH212/3, कैलास राजा नगर, स्वामी समर्थ केंद्राजवळ, त्र्यंबकेश्वर, नाशिक, पिन कोड:, Trimbak, Maharashtra 422212, India","Website":"https://pitradoshkaalsarptrimbakeshwar.com/","Opening Hours":"Monday: Open 24 hours | Tuesday: Open 24 hours | Wednesday: Open 24 hours | Thursday: Open 24 hours | Friday: Open 24 hours | Saturday: Open 24 hours | Sunday: Open 24 hours","Maps Link":"https://maps.google.com/?cid=7493547838813381076&g_mp=Cidnb29nbGUubWFwcy5wbGFjZXMudjEuUGxhY2VzLlNlYXJjaFRleHQQAhgEIAA"}},{"type":"Feature","geometry":{"type":"Point","coordinates":[73.5410609,19.9365589]},"properties":{"Taluka":"Trimbakeshwar","Zone":"Trimbakeshwar Town","Category":"Mandir / Temple","Name":"Trisandeshwar Mahadev Mandir","Type":"Hindu Temple","Rating":"4.2","Review Count":"10","Address":"WGPR+JCF, Trimbak, Maharashtra 422212, India","Opening Hours":"Monday: Open 24 hours | Tuesday: Open 24 hours | Wednesday: Open 24 hours | Thursday: Open 24 hours | Friday: Open 24 hours | Saturday: Open 24 hours | Sunday: Open 24 hours","Maps Link":"https://maps.google.com/?cid=12004363439820058920&g_mp=Cidnb29nbGUubWFwcy5wbGFjZXMudjEuUGxhY2VzLlNlYXJjaFRleHQQAhgEIAA"}},{"type":"Feature","geometry":{"type":"Point","coordinates":[73.530326,19.9316026]},"properties":{"Taluka":"Trimbakeshwar","Zone":"Trimbakeshwar Town","Category":"Mandir / Temple","Name":"गौतमेश्वर महादेव मंदिर","Type":"Hindu Temple","Rating":"4.6","Review Count":"9","Address":"Shop No 01, At Post Tryambkeshwar, near Gautam Kund Nashik, Trimbak, Maharashtra 422212, India","Maps Link":"https://maps.google.com/?cid=4452971460561217418&g_mp=Cidnb29nbGUubWFwcy5wbGFjZXMudjEuUGxhY2VzLlNlYXJjaFRleHQQAhgEIAA"}},{"type":"Feature","geometry":{"type":"Point","coordinates":[73.5655236,19.9501275]},"properties":{"Taluka":"Trimbakeshwar","Zone":"Trimbakeshwar Town","Category":"Mandir / Temple","Name":"सिद्धपीठ श्री मच्छिंद्रनाथ महाराज तपोभूमी मंदिर अंजनेरी त्र्यंबकेश्वर","Type":"Hindu Temple","Rating":"5","Review Count":"12","Address":"Siddhapeeth Shri Machhindranath Maharaj Tapobhoomi Temple. Tupadevi Phata, Anjaneri Trimbakeshwar Tupadevi Phata, Anjaneri Trimbakeshwar Trimbakeshwar, Anjaneri, Maharashtra 422213, India","Opening Hours":"Monday: 7:00 AM – 7:00 PM | Tuesday: 7:00 AM – 7:00 PM | Wednesday: 7:00 AM – 7:00 PM | Thursday: 7:00 AM – 7:00 PM | Friday: 7:00 AM – 7:00 PM | Saturday: 7:00 AM – 7:00 PM | Sunday: 7:00 AM – 7:00 PM","Maps Link":"https://maps.google.com/?cid=17778881663746006271&g_mp=Cidnb29nbGUubWFwcy5wbGFjZXMudjEuUGxhY2VzLlNlYXJjaFRleHQQAhgEIAA"}},{"type":"Feature","geometry":{"type":"Point","coordinates":[73.5303042,19.9320053]},"properties":{"Taluka":"Trimbakeshwar","Zone":"Trimbakeshwar Town","Category":"Tirtha / Ghat","Name":"Shree Trimbakeshwar Jal Kund (Amrit Kund)","Type":"Hindu Temple","Rating":"4.5","Review Count":"21","Address":"WGJJ+R43 त्रयंबकेश्वर मंदिर, जल कुंड, Nashik, Trimbak, Maharashtra 422212, India","Maps Link":"https://maps.google.com/?cid=4105840895239578528&g_mp=Cidnb29nbGUubWFwcy5wbGFjZXMudjEuUGxhY2VzLlNlYXJjaFRleHQQAhgEIAA"}},{"type":"Feature","geometry":{"type":"Point","coordinates":[73.526923,19.946213]},"properties":{"Taluka":"Trimbakeshwar","Zone":"Trimbakeshwar Town","Category":"Ashram / Math","Name":"Anand Ashram","Type":"Hindu Temple","Rating":"3.5","Review Count":"2","Address":"WGWG+FQM, Trimbak, Maharashtra 422212, India","Maps Link":"https://maps.google.com/?cid=12099567266001164369&g_mp=Cidnb29nbGUubWFwcy5wbGFjZXMudjEuUGxhY2VzLlNlYXJjaFRleHQQAhgEIAA"}},{"type":"Feature","geometry":{"type":"Point","coordinates":[73.5301481,19.9372424]},"properties":{"Taluka":"Trimbakeshwar","Zone":"Trimbakeshwar Town","Category":"Ashram / Math","Name":"Annapurna Ashram","Type":"Place of Worship","Rating":"4.7","Review Count":"10","Address":"WGPJ+V3R, Trimbak, Maharashtra 422212, India","Maps Link":"https://maps.google.com/?cid=5406795100163264374&g_mp=Cidnb29nbGUubWFwcy5wbGFjZXMudjEuUGxhY2VzLlNlYXJjaFRleHQQAhgEIAA"}},{"type":"Feature","geometry":{"type":"Point","coordinates":[73.5465517,19.9420282]},"properties":{"Taluka":"Trimbakeshwar","Zone":"Trimbakeshwar Town","Category":"Ashram / Math","Name":"Aum WaheGuru Rishi Ashram","Type":"Place of Worship","Rating":"4.7","Review Count":"36","Phone":"073870 79455","Address":"WGRW+RJ7, Trimbak, Maharashtra 422212, India","Maps Link":"https://maps.google.com/?cid=15551509230382567091&g_mp=Cidnb29nbGUubWFwcy5wbGFjZXMudjEuUGxhY2VzLlNlYXJjaFRleHQQAhgEIAA"}},{"type":"Feature","geometry":{"type":"Point","coordinates":[73.531589,19.9300266]},"properties":{"Taluka":"Trimbakeshwar","Zone":"Trimbakeshwar Town","Category":"Ashram / Math","Name":"Guru Gangeshwar Dham & Ashram","Type":"Place of Worship","Rating":"4.3","Review Count":"16","Address":"WGHJ+J8C Backside Of Gurugangeshwar Dham, Trimbak Ring Road, Trimbak, Maharashtra 422212, India","Maps Link":"https://maps.google.com/?cid=13346395213267705411&g_mp=Cidnb29nbGUubWFwcy5wbGFjZXMudjEuUGxhY2VzLlNlYXJjaFRleHQQAhgEIAA"}},{"type":"Feature","geometry":{"type":"Point","coordinates":[73.5323355,19.9319545]},"properties":{"Taluka":"Trimbakeshwar","Zone":"Trimbakeshwar Town","Category":"Ashram / Math","Name":"Guru Gorakshnath Math, Trimbakeskwar","Type":"Hindu Temple","Rating":"4.5","Review Count":"70","Address":"WGJJ+QWP, Trimbak Ring Road, Trimbak, Maharashtra 422212, India","Maps Link":"https://maps.google.com/?cid=2686596794048386331&g_mp=Cidnb29nbGUubWFwcy5wbGFjZXMudjEuUGxhY2VzLlNlYXJjaFRleHQQAhgEIAA"}},{"type":"Feature","geometry":{"type":"Point","coordinates":[73.5250602,19.9368322]},"properties":{"Taluka":"Trimbakeshwar","Zone":"Trimbakeshwar Town","Category":"Ashram / Math","Name":"Jay shri ram ashram ( Ashok maharj karale)","Type":"Place of Worship","Rating":"4","Review Count":"4","Phone":"077985 97016","Address":"WGPG+P5C, Trimbak, Maharashtra 422212, India","Maps Link":"https://maps.google.com/?cid=3278787959241680967&g_mp=Cidnb29nbGUubWFwcy5wbGFjZXMudjEuUGxhY2VzLlNlYXJjaFRleHQQAhgEIAA"}},{"type":"Feature","geometry":{"type":"Point","coordinates":[73.5344865,19.9365991]},"properties":{"Taluka":"Trimbakeshwar","Zone":"Trimbakeshwar Town","Category":"Ashram / Math","Name":"Kaundinyashram Chandwadkar Guruji","Type":"Place of Worship","Rating":"4.2","Review Count":"10","Address":"121,122/23, opposite Ashirvad palace, Shri Krishna Nagar, Trimbak, Maharashtra 422212, India","Maps Link":"https://maps.google.com/?cid=12118954887157999284&g_mp=Cidnb29nbGUubWFwcy5wbGFjZXMudjEuUGxhY2VzLlNlYXJjaFRleHQQAhgEIAA"}},{"type":"Feature","geometry":{"type":"Point","coordinates":[73.528271,19.943401]},"properties":{"Taluka":"Trimbakeshwar","Zone":"Trimbakeshwar Town","Category":"Ashram / Math","Name":"Navnath Datta Ashram Tryambakeshwar","Type":"Hindu Temple","Rating":"4.3","Review Count":"4","Address":"WGVH+98, Trimbak, Maharashtra 422212, India","Maps Link":"https://maps.google.com/?cid=2649961637364417210&g_mp=Cidnb29nbGUubWFwcy5wbGFjZXMudjEuUGxhY2VzLlNlYXJjaFRleHQQAhgEIAA"}},{"type":"Feature","geometry":{"type":"Point","coordinates":[73.5412547,19.9365107]},"properties":{"Taluka":"Trimbakeshwar","Zone":"Trimbakeshwar Town","Category":"Ashram / Math","Name":"Sadguru dham Ashram","Type":"Place of Worship","Rating":"4.3","Review Count":"18","Address":"WGPR+JG2, Trimbak Ring Road, Gulve Wadi, Trimbak, Maharashtra 422212, India","Maps Link":"https://maps.google.com/?cid=8635485056586318589&g_mp=Cidnb29nbGUubWFwcy5wbGFjZXMudjEuUGxhY2VzLlNlYXJjaFRleHQQAhgEIAA"}},{"type":"Feature","geometry":{"type":"Point","coordinates":[73.543507,19.939751]},"properties":{"Taluka":"Trimbakeshwar","Zone":"Trimbakeshwar Town","Category":"Ashram / Math","Name":"Shree Guru Karshni Ashram","Type":"Place of Worship","Rating":"4.7","Review Count":"21","Address":"WGQV+WC2, Trimbak Ring Road, Gulve Wadi, Trimbak, Maharashtra 422212, India","Maps Link":"https://maps.google.com/?cid=10636512132493688841&g_mp=Cidnb29nbGUubWFwcy5wbGFjZXMudjEuUGxhY2VzLlNlYXJjaFRleHQQAhgEIAA"}},{"type":"Feature","geometry":{"type":"Point","coordinates":[73.5253844,19.9401125]},"properties":{"Taluka":"Trimbakeshwar","Zone":"Trimbakeshwar Town","Category":"Ashram / Math","Name":"Shri Datt Digambar Ashram","Type":"Hindu Temple","Rating":"5","Review Count":"2","Address":"WGRG+25R, Trimbak, Maharashtra 422212, India","Opening Hours":"Monday: Open 24 hours | Tuesday: Open 24 hours | Wednesday: Open 24 hours | Thursday: Open 24 hours | Friday: Open 24 hours | Saturday: Open 24 hours | Sunday: Open 24 hours","Maps Link":"https://maps.google.com/?cid=10472326404908493831&g_mp=Cidnb29nbGUubWFwcy5wbGFjZXMudjEuUGxhY2VzLlNlYXJjaFRleHQQAhgEIAA"}},{"type":"Feature","geometry":{"type":"Point","coordinates":[73.5436487,19.9412209]},"properties":{"Taluka":"Trimbakeshwar","Zone":"Trimbakeshwar Town","Category":"Ashram / Math","Name":"Shri Ram Janki Aashram Purani Lanka Chitrakoot.","Type":"Place of Worship","Rating":"3.8","Review Count":"24","Address":"WGRV+FFJ, Trimbak, Maharashtra 422212, India","Opening Hours":"Monday: Open 24 hours | Tuesday: Open 24 hours | Wednesday: Open 24 hours | Thursday: Open 24 hours | Friday: Open 24 hours | Saturday: Open 24 hours | Sunday: Open 24 hours","Maps Link":"https://maps.google.com/?cid=13915233508651524163&g_mp=Cidnb29nbGUubWFwcy5wbGFjZXMudjEuUGxhY2VzLlNlYXJjaFRleHQQAhgEIAA"}},{"type":"Feature","geometry":{"type":"Point","coordinates":[73.524252,19.9343641]},"properties":{"Taluka":"Trimbakeshwar","Zone":"Trimbakeshwar Town","Category":"Ashram / Math","Name":"Shri Santa Janardhan Swami Ashram","Type":"Apartment Building","Rating":"1.5","Review Count":"2","Phone":"070663 55178","Address":"WGMF+PPR, Trimbak, Maharashtra 422212, India","Maps Link":"https://maps.google.com/?cid=10344285913300331781&g_mp=Cidnb29nbGUubWFwcy5wbGFjZXMudjEuUGxhY2VzLlNlYXJjaFRleHQQAhgEIAA"}},{"type":"Feature","geometry":{"type":"Point","coordinates":[73.5413415,19.9397929]},"properties":{"Taluka":"Trimbakeshwar","Zone":"Trimbakeshwar Town","Category":"Ashram / Math","Name":"Shrimahant Swami Kameshwarandgiriji Maharaj Ashram","Type":"Hindu Temple","Rating":"3.7","Review Count":"3","Address":"Shrimahant Swami Kameshwarandgiriji Maharaj Ashram, WGQR+WG8, near PWD Guest house, opposite to Bharat Petrol pump, Trimbak, Maharashtra 422212, India","Opening Hours":"Monday: 6:00 AM – 9:00 PM | Tuesday: 6:00 AM – 9:00 PM | Wednesday: 6:00 AM – 9:00 PM | Thursday: 6:00 AM – 9:00 PM | Friday: 6:00 AM – 9:00 PM | Saturday: 6:00 AM – 9:00 PM | Sunday: 6:00 AM – 9:00 PM","Maps Link":"https://maps.google.com/?cid=8470561846391509166&g_mp=Cidnb29nbGUubWFwcy5wbGFjZXMudjEuUGxhY2VzLlNlYXJjaFRleHQQAhgEIAA"}},{"type":"Feature","geometry":{"type":"Point","coordinates":[73.5477497,19.9457509]},"properties":{"Taluka":"Trimbakeshwar","Zone":"Trimbakeshwar Town","Category":"Ashram / Math","Name":"Trimbkeshwar Arjuneshwar Mahadev Ashram","Type":"Hindu Temple","Rating":"4.7","Review Count":"18","Phone":"093590 31049","Address":"Arjuneshwar Mahadev Ashram, Trimbak, Pegalwadi Tryambak, Maharashtra 422212, India","Website":"https://kalsarpdoshpujaguruji.com/","Opening Hours":"Monday: Open 24 hours | Tuesday: Open 24 hours | Wednesday: Open 24 hours | Thursday: Open 24 hours | Friday: Open 24 hours | Saturday: Open 24 hours | Sunday: Open 24 hours","Maps Link":"https://maps.google.com/?cid=3118084573982381227&g_mp=Cidnb29nbGUubWFwcy5wbGFjZXMudjEuUGxhY2VzLlNlYXJjaFRleHQQAhgEIAA"}},{"type":"Feature","geometry":{"type":"Point","coordinates":[73.5363557,19.9373638]},"properties":{"Taluka":"Trimbakeshwar","Zone":"Trimbakeshwar Town","Category":"Ashram / Math","Name":"Trimbkeswar kamswaranand ashram","Type":"Community Center","Rating":"5","Review Count":"1","Address":"WGPP+WGX, Trimbak, Maharashtra 422212, India","Website":"https://pujatrambkeswarkaalsarp.com/","Opening Hours":"Monday: Open 24 hours | Tuesday: Open 24 hours | Wednesday: Open 24 hours | Thursday: Open 24 hours | Friday: Open 24 hours | Saturday: Open 24 hours | Sunday: Open 24 hours","Maps Link":"https://maps.google.com/?cid=5523067825384762240&g_mp=Cidnb29nbGUubWFwcy5wbGFjZXMudjEuUGxhY2VzLlNlYXJjaFRleHQQAhgEIAA"}},{"type":"Feature","geometry":{"type":"Point","coordinates":[73.5321556,19.932285]},"properties":{"Taluka":"Trimbakeshwar","Zone":"Trimbakeshwar Town","Category":"Other Religious Site","Name":"Ahilya-Godavari Sangam Sthal","Type":"Hindu Temple","Rating":"3.8","Review Count":"20","Address":"WGJJ+WV6, Trimbak, Maharashtra 422212, India","Maps Link":"https://maps.google.com/?cid=8658041895489695795&g_mp=Cidnb29nbGUubWFwcy5wbGFjZXMudjEuUGxhY2VzLlNlYXJjaFRleHQQAhgEIAA"}},{"type":"Feature","geometry":{"type":"Point","coordinates":[73.5438269,19.9378105]},"properties":{"Taluka":"Trimbakeshwar","Zone":"Trimbakeshwar Town","Category":"Other Religious Site","Name":"Akhil Bhartiya Shree Swami Samarth Gurupeeth, Trimbakeshwar","Type":"Non-Profit Organization","Rating":"4.8","Review Count":"4208","Address":"behind Govt Rest House, Trimbak, Maharashtra 422212, India","Website":"http://www.dindoripranit.org/","Opening Hours":"Monday: 6:00 AM – 8:00 PM | Tuesday: 6:00 AM – 8:00 PM | Wednesday: 6:00 AM – 8:00 PM | Thursday: 6:00 AM – 8:00 PM | Friday: 6:00 AM – 8:00 PM | Saturday: 6:00 AM – 8:00 PM | Sunday: 6:00 AM – 8:00 PM","Maps Link":"https://maps.google.com/?cid=4291450362474386053&g_mp=Cidnb29nbGUubWFwcy5wbGFjZXMudjEuUGxhY2VzLlNlYXJjaFRleHQQAhgEIAA"}},{"type":"Feature","geometry":{"type":"Point","coordinates":[73.525654,19.9308439]},"properties":{"Taluka":"Trimbakeshwar","Zone":"Trimbakeshwar Town","Category":"Other Religious Site","Name":"Ashirwad dharmshala Ramprasad maharaj KawadeTrimbakeshwar","Type":"Place of Worship","Rating":"4.3","Review Count":"38","Address":"ashirwad ashram, Gadhai, Trimbak, Maharashtra 422212, India","Maps Link":"https://maps.google.com/?cid=4290456726618956131&g_mp=Cidnb29nbGUubWFwcy5wbGFjZXMudjEuUGxhY2VzLlNlYXJjaFRleHQQAhgEIAA"}},{"type":"Feature","geometry":{"type":"Point","coordinates":[73.5181582,19.9152804]},"properties":{"Taluka":"Trimbakeshwar","Zone":"Trimbakeshwar Town","Category":"Other Religious Site","Name":"Barav At Brahmagiri","Type":"Hindu Temple","Rating":"4.4","Review Count":"7","Address":"WG89+477, Metghar Killa, Maharashtra 422212, India","Maps Link":"https://maps.google.com/?cid=7240095210272424839&g_mp=Cidnb29nbGUubWFwcy5wbGFjZXMudjEuUGxhY2VzLlNlYXJjaFRleHQQAhgEIAA"}},{"type":"Feature","geometry":{"type":"Point","coordinates":[73.5236296,19.9150704]},"properties":{"Taluka":"Trimbakeshwar","Zone":"Trimbakeshwar Town","Category":"Other Religious Site","Name":"Bramhagiri Hill","Type":"Tourist Attraction","Rating":"4.6","Review Count":"150","Address":"WG8F+2FC, Metghar Killa, Maharashtra 422212, India","Maps Link":"https://maps.google.com/?cid=3200598129239421049&g_mp=Cidnb29nbGUubWFwcy5wbGFjZXMudjEuUGxhY2VzLlNlYXJjaFRleHQQAhgEIAA"}},{"type":"Feature","geometry":{"type":"Point","coordinates":[73.5228812,19.9184354]},"properties":{"Taluka":"Trimbakeshwar","Zone":"Trimbakeshwar Town","Category":"Other Religious Site","Name":"Bramhagiri Top Lake","Type":"Tourist Attraction","Rating":"4.6","Review Count":"14","Address":"WG9F+95C, Trimbakeshwar, Metghar Killa, Maharashtra 422212, India","Opening Hours":"Monday: 5:30 AM – 8:00 PM | Tuesday: 5:30 AM – 8:00 PM | Wednesday: 5:30 AM – 8:00 PM | Thursday: 5:30 AM – 8:00 PM | Friday: 5:30 AM – 8:00 PM | Saturday: 5:30 AM – 8:00 PM | Sunday: 5:30 AM – 8:00 PM","Maps Link":"https://maps.google.com/?cid=18398408131843248029&g_mp=Cidnb29nbGUubWFwcy5wbGFjZXMudjEuUGxhY2VzLlNlYXJjaFRleHQQAhgEIAA"}},{"type":"Feature","geometry":{"type":"Point","coordinates":[73.51726,19.9226414]},"properties":{"Taluka":"Trimbakeshwar","Zone":"Trimbakeshwar Town","Category":"Other Religious Site","Name":"Bramhagiri last point","Type":"Tourist Attraction","Rating":"4.7","Review Count":"51","Address":"WGC8+QVQ, Metghar Killa, Maharashtra 422212, India","Maps Link":"https://maps.google.com/?cid=15760355152697637257&g_mp=Cidnb29nbGUubWFwcy5wbGFjZXMudjEuUGxhY2VzLlNlYXJjaFRleHQQAhgEIAA"}},{"type":"Feature","geometry":{"type":"Point","coordinates":[73.5596091,19.9418725]},"properties":{"Taluka":"Trimbakeshwar","Zone":"Trimbakeshwar Town","Category":"Other Religious Site","Name":"Dev Bappa Mauli Dham","Type":"Hindu Temple","Rating":"4.4","Review Count":"612","Address":"WHR5+PRX, Pegalwadi, Maharashtra 422213, India","Opening Hours":"Monday: 7:00 – 10:00 AM, 4:00 – 5:00 PM | Tuesday: Closed | Wednesday: Closed | Thursday: 7:00 – 10:00 AM, 4:00 – 5:00 PM | Friday: 7:00 – 10:00 AM, 4:00 – 5:00 PM | Saturday: 7:00 – 10:00 AM, 4:00 – 5:00 PM | Sunday: 7:00 – 10:00 AM, 4:00 – 5:00 PM","Maps Link":"https://maps.google.com/?cid=60103157046262785&g_mp=Cidnb29nbGUubWFwcy5wbGFjZXMudjEuUGxhY2VzLlNlYXJjaFRleHQQAhgEIAA"}},{"type":"Feature","geometry":{"type":"Point","coordinates":[73.5308403,19.9322689]},"properties":{"Taluka":"Trimbakeshwar","Zone":"Trimbakeshwar Town","Category":"Other Religious Site","Name":"Kaal Sarp Dosh Puja - ramachandra guruji Trimbakeshwar","Rating":"5","Review Count":"36","Phone":"075886 61523","Address":"TRIMBAKESHWAR mandir, Trimbak, Maharashtra 422212, India","Website":"https://kaalsarppujantrimbkeshwartrust.com/","Opening Hours":"Monday: Open 24 hours | Tuesday: Open 24 hours | Wednesday: Open 24 hours | Thursday: Open 24 hours | Friday: Open 24 hours | Saturday: Open 24 hours | Sunday: Open 24 hours","Maps Link":"https://maps.google.com/?cid=14630036814309945550&g_mp=Cidnb29nbGUubWFwcy5wbGFjZXMudjEuUGxhY2VzLlNlYXJjaFRleHQQAhgEIAA"}},{"type":"Feature","geometry":{"type":"Point","coordinates":[73.527677,19.9325897]},"properties":{"Taluka":"Trimbakeshwar","Zone":"Trimbakeshwar Town","Category":"Other Religious Site","Name":"Kedareshwar mahadev","Type":"Hindu Temple","Rating":"4.8","Review Count":"29","Address":"Tirthraj Niwas, near Kushavart Kund, Trimbakeshwar, Trimbak, Maharashtra 422212, India","Maps Link":"https://maps.google.com/?cid=18120901787428713475&g_mp=Cidnb29nbGUubWFwcy5wbGFjZXMudjEuUGxhY2VzLlNlYXJjaFRleHQQAhgEIAA"}},{"type":"Feature","geometry":{"type":"Point","coordinates":[73.5319887,19.9319211]},"properties":{"Taluka":"Trimbakeshwar","Zone":"Trimbakeshwar Town","Category":"Other Religious Site","Name":"Mahanubhav Panth Shree Chakradhar Swami sthan Tryambakeshwar","Type":"Hindu Temple","Rating":"4.8","Review Count":"5","Address":"WGJJ+QQ9, Trimbak, Maharashtra 422212, India","Maps Link":"https://maps.google.com/?cid=9937624855467922173&g_mp=Cidnb29nbGUubWFwcy5wbGFjZXMudjEuUGxhY2VzLlNlYXJjaFRleHQQAhgEIAA"}},{"type":"Feature","geometry":{"type":"Point","coordinates":[73.5283248,19.933036]},"properties":{"Taluka":"Trimbakeshwar","Zone":"Trimbakeshwar Town","Category":"Other Religious Site","Name":"Pandit Jitendra Somnath Thanpathak","Type":"Hindu Temple","Rating":"5","Review Count":"13","Phone":"098501 29478","Address":"WGMH+688, Trimbak, Maharashtra 422212, India","Website":"https://www.trimbakeshwar.org/panditji-detail/MTW","Opening Hours":"Monday: 7:00 AM – 5:00 PM | Tuesday: 7:00 AM – 5:00 PM | Wednesday: 7:00 AM – 5:00 PM | Thursday: 7:00 AM – 5:00 PM | Friday: 7:00 AM – 5:00 PM | Saturday: 7:00 AM – 5:00 PM | Sunday: 7:00 AM – 5:00 PM","Maps Link":"https://maps.google.com/?cid=2241938799709478092&g_mp=Cidnb29nbGUubWFwcy5wbGFjZXMudjEuUGxhY2VzLlNlYXJjaFRleHQQAhgEIAA"}},{"type":"Feature","geometry":{"type":"Point","coordinates":[73.5282693,19.9328292]},"properties":{"Taluka":"Trimbakeshwar","Zone":"Trimbakeshwar Town","Category":"Other Religious Site","Name":"Pitrudosh,Rahu Kal Sarpa Shanti,Trimbakeshwar,Ulhas Daji Aaradhi Guruji","Type":"Hindu Temple","Rating":"5","Review Count":"4","Address":"Kusharwarta Chowk, Main Rd, Trimbak, Maharashtra 422212, India","Opening Hours":"Monday: Open 24 hours | Tuesday: Open 24 hours | Wednesday: 6:00 AM – 8:00 PM | Thursday: 6:00 AM – 8:00 PM | Friday: 6:00 AM – 8:00 PM | Saturday: 6:00 AM – 8:00 PM | Sunday: 6:00 AM – 8:00 PM","Maps Link":"https://maps.google.com/?cid=13420675032515998590&g_mp=Cidnb29nbGUubWFwcy5wbGFjZXMudjEuUGxhY2VzLlNlYXJjaFRleHQQAhgEIAA"}},{"type":"Feature","geometry":{"type":"Point","coordinates":[73.5274493,19.9322363]},"properties":{"Taluka":"Trimbakeshwar","Zone":"Trimbakeshwar Town","Category":"Other Religious Site","Name":"RAHUL THETE GURUJI Shriram Bhawan Trimbakeshwar","Type":"Place of Worship","Rating":"5","Review Count":"25","Phone":"077748 13672","Address":"S.No. 472, H.No 189, behind Kushavart Tirth, Trimbak, Maharashtra 422212, India","Website":"http://rahultheteguruji.com/","Opening Hours":"Monday: 6:00 AM – 11:00 PM | Tuesday: 6:00 AM – 11:00 PM | Wednesday: 6:00 AM – 11:00 PM | Thursday: 6:00 AM – 11:00 PM | Friday: 6:00 AM – 11:00 PM | Saturday: 6:00 AM – 11:00 PM | Sunday: 6:00 AM – 11:00 PM","Maps Link":"https://maps.google.com/?cid=14602261109413492331&g_mp=Cidnb29nbGUubWFwcy5wbGFjZXMudjEuUGxhY2VzLlNlYXJjaFRleHQQAhgEIAA"}},{"type":"Feature","geometry":{"type":"Point","coordinates":[73.5475565,19.9367849]},"properties":{"Taluka":"Trimbakeshwar","Zone":"Trimbakeshwar Town","Category":"Other Religious Site","Name":"Satyanand Yogdarshan Peeth","Rating":"5","Review Count":"14","Address":"Ring Road, Gulve Wadi, Trimbak, Maharashtra 422212, India","Opening Hours":"Monday: 6:00 AM – 6:00 PM | Tuesday: 6:00 AM – 6:00 PM | Wednesday: 6:00 AM – 6:00 PM | Thursday: 6:00 AM – 6:00 PM | Friday: 6:00 AM – 6:00 PM | Saturday: 6:00 AM – 6:00 PM | Sunday: 6:00 AM – 6:00 PM","Maps Link":"https://maps.google.com/?cid=18279987746647411562&g_mp=Cidnb29nbGUubWFwcy5wbGFjZXMudjEuUGxhY2VzLlNlYXJjaFRleHQQAhgEIAA"}},{"type":"Feature","geometry":{"type":"Point","coordinates":[73.5310744,19.9332255]},"properties":{"Taluka":"Trimbakeshwar","Zone":"Trimbakeshwar Town","Category":"Other Religious Site","Name":"Shree Ganpati Devidas Shikhare","Rating":"4.8","Review Count":"24","Phone":"077450 33163","Address":"Shree Swami Samarth Niwas, 562 Kamla Niwas, shiwaji chowk, in front of Trimbakeshwar Temple, Trimbak, Maharashtra 422212, India","Website":"http://www.shikhareguruji.in/","Opening Hours":"Monday: 6:00 AM – 9:00 PM | Tuesday: 6:00 AM – 9:00 PM | Wednesday: 6:00 AM – 9:00 PM | Thursday: 6:00 AM – 9:00 PM | Friday: 6:00 – 9:00 AM | Saturday: 6:00 AM – 9:00 PM | Sunday: 6:00 AM – 9:00 PM","Maps Link":"https://maps.google.com/?cid=17386961449733704367&g_mp=Cidnb29nbGUubWFwcy5wbGFjZXMudjEuUGxhY2VzLlNlYXJjaFRleHQQAhgEIAA"}},{"type":"Feature","geometry":{"type":"Point","coordinates":[73.5371529,19.9369373]},"properties":{"Taluka":"Trimbakeshwar","Zone":"Trimbakeshwar Town","Category":"Other Religious Site","Name":"Shri Gajanan Maharaj Sansthan,Trimbkeshwar","Type":"Hindu Temple","Rating":"4.6","Review Count":"8209","Address":"Jawahar Road, Trimbak, Maharashtra 422212, India","Website":"https://www.gajananmaharaj.org/","Opening Hours":"Monday: Open 24 hours | Tuesday: Open 24 hours | Wednesday: Open 24 hours | Thursday: Open 24 hours | Friday: Open 24 hours | Saturday: Open 24 hours | Sunday: Open 24 hours","Maps Link":"https://maps.google.com/?cid=2516590030187382857&g_mp=Cidnb29nbGUubWFwcy5wbGFjZXMudjEuUGxhY2VzLlNlYXJjaFRleHQQAhgEIAA"}},{"type":"Feature","geometry":{"type":"Point","coordinates":[73.5276277,19.9327461]},"properties":{"Taluka":"Trimbakeshwar","Zone":"Trimbakeshwar Town","Category":"Other Religious Site","Name":"Thirtharaj Kushavarta","Type":"Hindu Temple","Rating":"4.5","Review Count":"149","Address":"WGMH+33R, Triambakeshwar, Nashik, Trimbak, Maharashtra 422212, India","Maps Link":"https://maps.google.com/?cid=114409552262802092&g_mp=Cidnb29nbGUubWFwcy5wbGFjZXMudjEuUGxhY2VzLlNlYXJjaFRleHQQAhgEIAA"}},{"type":"Feature","geometry":{"type":"Point","coordinates":[73.5363557,19.9373638]},"properties":{"Taluka":"Trimbakeshwar","Zone":"Trimbakeshwar Town","Category":"Other Religious Site","Name":"Triambakeshwar maharashtra","Type":"Hindu Temple","Rating":"5","Review Count":"5","Address":"WGPP+WGX, Trimbak, Maharashtra 422212, India","Maps Link":"https://maps.google.com/?cid=17911897481688825200&g_mp=Cidnb29nbGUubWFwcy5wbGFjZXMudjEuUGxhY2VzLlNlYXJjaFRleHQQAhgEIAA"}},{"type":"Feature","geometry":{"type":"Point","coordinates":[73.5398919,19.9395302]},"properties":{"Taluka":"Trimbakeshwar","Zone":"Trimbakeshwar Town","Category":"Other Religious Site","Name":"Trimbakeshwar","Type":"Hindu Temple","Rating":"5","Review Count":"2","Address":"Kameshwaranand Giri Aasram, opp. bhrat petrol pump, Trimbak, Maharashtra 422212, India","Maps Link":"https://maps.google.com/?cid=11285904599019231350&g_mp=Cidnb29nbGUubWFwcy5wbGFjZXMudjEuUGxhY2VzLlNlYXJjaFRleHQQAhgEIAA"}},{"type":"Feature","geometry":{"type":"Point","coordinates":[73.528518,19.933298]},"properties":{"Taluka":"Trimbakeshwar","Zone":"Trimbakeshwar Town","Category":"Other Religious Site","Name":"Trimbakeshwar","Type":"Hindu Temple","Rating":"5","Review Count":"1","Address":"At Post, Shop No 01, near Kuhawatta Kund, Trimbak, Maharashtra 422212, India","Maps Link":"https://maps.google.com/?cid=5626078417625686479&g_mp=Cidnb29nbGUubWFwcy5wbGFjZXMudjEuUGxhY2VzLlNlYXJjaFRleHQQAhgEIAA"}},{"type":"Feature","geometry":{"type":"Point","coordinates":[73.5363557,19.9373638]},"properties":{"Taluka":"Trimbakeshwar","Zone":"Trimbakeshwar Town","Category":"Other Religious Site","Name":"Trimbakeshwar Nashik","Type":"Hindu Temple","Rating":"4.6","Review Count":"138","Address":"WGPP+WGX, Trimbak, Maharashtra 422212, India","Website":"https://trimbakeshwarpoojabooking.co.in/","Opening Hours":"Monday: Open 24 hours | Tuesday: Open 24 hours | Wednesday: Open 24 hours | Thursday: Open 24 hours | Friday: Open 24 hours | Saturday: Open 24 hours | Sunday: Open 24 hours","Maps Link":"https://maps.google.com/?cid=931425856730457430&g_mp=Cidnb29nbGUubWFwcy5wbGFjZXMudjEuUGxhY2VzLlNlYXJjaFRleHQQAhgEIAA"}},{"type":"Feature","geometry":{"type":"Point","coordinates":[73.5307834,19.9325462]},"properties":{"Taluka":"Trimbakeshwar","Zone":"Trimbakeshwar Town","Category":"Other Religious Site","Name":"Trimbakeshwar Paid Darshan Tickets","Type":"Hindu Temple","Rating":"3.3","Review Count":"36","Address":"WGJJ+VG6, Vadholi, Trimbak, Maharashtra 422212, India","Website":"https://trimbakeshwartrust.com/","Maps Link":"https://maps.google.com/?cid=14148958240832365458&g_mp=Cidnb29nbGUubWFwcy5wbGFjZXMudjEuUGxhY2VzLlNlYXJjaFRleHQQAhgEIAA"}},{"type":"Feature","geometry":{"type":"Point","coordinates":[73.5482999,19.9448621]},"properties":{"Taluka":"Trimbakeshwar","Zone":"Trimbakeshwar Town","Category":"Other Religious Site","Name":"Trimbakeshwar Ramji shastri","Type":"Hindu Temple","Rating":"4.9","Review Count":"26","Phone":"092268 88585","Address":"Arjuneshwar mahadev Ashram, Trimbak, Maharashtra 422212, India","Website":"https://pandit-ramji.vercel.app/","Opening Hours":"Monday: Open 24 hours | Tuesday: Open 24 hours | Wednesday: Open 24 hours | Thursday: Open 24 hours | Friday: Open 24 hours | Saturday: Open 24 hours | Sunday: Open 24 hours","Maps Link":"https://maps.google.com/?cid=3980507579673164876&g_mp=Cidnb29nbGUubWFwcy5wbGFjZXMudjEuUGxhY2VzLlNlYXJjaFRleHQQAhgEIAA"}},{"type":"Feature","geometry":{"type":"Point","coordinates":[73.5309574,19.9320259]},"properties":{"Taluka":"Trimbakeshwar","Zone":"Trimbakeshwar Town","Category":"Other Religious Site","Name":"Trishul Idol Trimbakeshwar","Type":"Hindu Temple","Rating":"4","Review Count":"4","Address":"Trimbakeshwar Temple, Trimbak, Maharashtra 422212, India","Maps Link":"https://maps.google.com/?cid=13391539069310361698&g_mp=Cidnb29nbGUubWFwcy5wbGFjZXMudjEuUGxhY2VzLlNlYXJjaFRleHQQAhgEIAA"}},{"type":"Feature","geometry":{"type":"Point","coordinates":[73.5210255,19.9198073]},"properties":{"Taluka":"Trimbakeshwar","Zone":"Trimbakeshwar Town","Category":"Other Religious Site","Name":"Waterfall on godavari river bramhagiri","Type":"Tourist Attraction","Rating":"4.6","Review Count":"48","Address":"WG9C+WCC Bramhagiri Mountain, Trimbak, Metghar Killa, Maharashtra 422212, India","Opening Hours":"Monday: Open 24 hours | Tuesday: Open 24 hours | Wednesday: Open 24 hours | Thursday: Open 24 hours | Friday: Open 24 hours | Saturday: Open 24 hours | Sunday: Open 24 hours","Maps Link":"https://maps.google.com/?cid=16027569023095672509&g_mp=Cidnb29nbGUubWFwcy5wbGFjZXMudjEuUGxhY2VzLlNlYXJjaFRleHQQAhgEIAA"}},{"type":"Feature","geometry":{"type":"Point","coordinates":[73.5347289,19.9377827]},"properties":{"Taluka":"Trimbakeshwar","Zone":"Trimbakeshwar Town","Category":"Other Religious Site","Name":"कृष्णा माधवराव लोहगावकर","Type":"Place of Worship","Rating":"4.5","Review Count":"12","Address":"WGQM+4V9, Trimbak, Maharashtra 422212, India","Maps Link":"https://maps.google.com/?cid=235381083746050396&g_mp=Cidnb29nbGUubWFwcy5wbGFjZXMudjEuUGxhY2VzLlNlYXJjaFRleHQQAhgEIAA"}},{"type":"Feature","geometry":{"type":"Point","coordinates":[73.529011,19.9330963]},"properties":{"Taluka":"Trimbakeshwar","Zone":"Trimbakeshwar Town","Category":"Other Religious Site","Name":"कृष्णा मेकर्स त्र्यंबकेश्वर","Type":"Hindu Temple","Review Count":"0","Address":"Nivrutinatha mandir road, cokimatha, Trimbak, Maharashtra 422212, India","Opening Hours":"Monday: 9:00 AM – 7:00 PM | Tuesday: 9:00 AM – 7:00 PM | Wednesday: 9:00 AM – 7:00 PM | Thursday: 9:00 AM – 7:00 PM | Friday: 9:00 AM – 7:00 PM | Saturday: 9:00 AM – 7:00 PM | Sunday: 9:00 AM – 7:00 PM","Maps Link":"https://maps.google.com/?cid=11132471395025671726&g_mp=Cidnb29nbGUubWFwcy5wbGFjZXMudjEuUGxhY2VzLlNlYXJjaFRleHQQAhgEIAA"}},{"type":"Feature","geometry":{"type":"Point","coordinates":[73.52642,19.9596595]},"properties":{"Taluka":"Trimbakeshwar","Zone":"Trimbakeshwar Town","Category":"Other Religious Site","Name":"देवराहाबाबा चरण शक्तिधाम त्र्यंबकेश्वर","Type":"Hindu Temple","Rating":"5","Review Count":"3","Phone":"094203 65606","Address":"Pimplad Trimbak, Nashik, Pimplad Trimbak, Maharashtra 422212, India","Opening Hours":"Monday: Open 24 hours | Tuesday: Open 24 hours | Wednesday: Open 24 hours | Thursday: Open 24 hours | Friday: Open 24 hours | Saturday: Open 24 hours | Sunday: Open 24 hours","Maps Link":"https://maps.google.com/?cid=5967917224960280024&g_mp=Cidnb29nbGUubWFwcy5wbGFjZXMudjEuUGxhY2VzLlNlYXJjaFRleHQQAhgEIAA"}},{"type":"Feature","geometry":{"type":"Point","coordinates":[73.5194306,19.9167301]},"properties":{"Taluka":"Trimbakeshwar","Zone":"Trimbakeshwar Town","Category":"Other Religious Site","Name":"ब्रह्मगिरी पर्वत","Type":"Hindu Temple","Rating":"4.6","Review Count":"50","Address":"WG89+MQV, Metghar Killa, Maharashtra 422212, India","Maps Link":"https://maps.google.com/?cid=10627468223077419408&g_mp=Cidnb29nbGUubWFwcy5wbGFjZXMudjEuUGxhY2VzLlNlYXJjaFRleHQQAhgEIAA"}},{"type":"Feature","geometry":{"type":"Point","coordinates":[73.5306617,19.9328667]},"properties":{"Taluka":"Trimbakeshwar","Zone":"Trimbakeshwar Town","Category":"Other Religious Site","Name":"रामशिव पुजा केंद्र (कालसर्प दोष तथा पितृदोष निवारण केंद्र) Ramshiv Pooja Kendra (Pitrudosh And Kalsarp Pooja Trimbakeshwar)","Rating":"4.9","Review Count":"394","Phone":"081495 18478","Address":"Tirthraj, 563 / B, Ground Floor, Ramshiv Pooja Kendra, opposite Sri Trimbakeshwar Jyotirlinga Mandir, Trimbak, Maharashtra 422212, India","Website":"https://ramshiv-pooja-kendra.grexa.site/","Opening Hours":"Monday: Open 24 hours | Tuesday: Open 24 hours | Wednesday: Open 24 hours | Thursday: Open 24 hours | Friday: Open 24 hours | Saturday: Open 24 hours | Sunday: Open 24 hours","Maps Link":"https://maps.google.com/?cid=4549527754844307496&g_mp=Cidnb29nbGUubWFwcy5wbGFjZXMudjEuUGxhY2VzLlNlYXJjaFRleHQQAhgEIAA"}},{"type":"Feature","geometry":{"type":"Point","coordinates":[73.5404571,19.9346341]},"properties":{"Taluka":"Trimbakeshwar","Zone":"Trimbakeshwar Town","Category":"Other Religious Site","Name":"शेखर कुलकर्णी गुरुजी","Type":"Hindu Temple","Rating":"4.6","Review Count":"38","Phone":"098509 96037","Address":"Shrikrupa\" KailasRaja Nagar. Ring Road, near Swami Samarth Mandir, Trimbakeshwar, Nashik, Trimbak, Maharashtra 422212, India","Opening Hours":"Monday: 6:00 AM – 9:00 PM | Tuesday: 6:00 AM – 9:00 PM | Wednesday: 6:00 AM – 9:00 PM | Thursday: 6:00 AM – 9:00 PM | Friday: 6:00 AM – 9:00 PM | Saturday: 6:00 AM – 9:00 PM | Sunday: 6:00 AM – 9:00 PM","Maps Link":"https://maps.google.com/?cid=13709711435184704901&g_mp=Cidnb29nbGUubWFwcy5wbGFjZXMudjEuUGxhY2VzLlNlYXJjaFRleHQQAhgEIAA"}},{"type":"Feature","geometry":{"type":"Point","coordinates":[73.5243824,19.9317014]},"properties":{"Taluka":"Trimbakeshwar","Zone":"Trimbakeshwar Town","Category":"Other Religious Site","Name":"श्री पंचायती अखाड़ा निर्मल श्री त्र्यंबकेश्वर नाशिक","Type":"Hindu Temple","Rating":"5","Review Count":"3","Address":"WGJF+MQJ, Trimbak, Maharashtra 422212, India","Opening Hours":"Monday: 6:00 AM – 10:00 PM | Tuesday: 6:00 AM – 10:00 PM | Wednesday: 6:00 AM – 10:00 PM | Thursday: 6:00 AM – 10:00 PM | Friday: 6:00 AM – 10:00 PM | Saturday: 6:00 AM – 10:00 PM | Sunday: 6:00 AM – 10:00 PM","Maps Link":"https://maps.google.com/?cid=186000797409535295&g_mp=Cidnb29nbGUubWFwcy5wbGFjZXMudjEuUGxhY2VzLlNlYXJjaFRleHQQAhgEIAA"}},{"type":"Feature","geometry":{"type":"Point","coordinates":[73.5259081,19.9302833]},"properties":{"Taluka":"Trimbakeshwar","Zone":"Anjaneri / Pilgrim Road Corridor","Category":"Mandir / Temple","Name":"Bhuvaneshwari Temple","Type":"Hindu Temple","Rating":"4.6","Review Count":"7","Address":"Trimbak Ring Rd Trimbak Nashik Maharashtra 422212 Republic of, Trimbak, Maharashtra 422212, India","Maps Link":"https://maps.google.com/?cid=5136835319127240321&g_mp=Cidnb29nbGUubWFwcy5wbGFjZXMudjEuUGxhY2VzLlNlYXJjaFRleHQQAhgEIAA"}},{"type":"Feature","geometry":{"type":"Point","coordinates":[73.528041,19.9388948]},"properties":{"Taluka":"Trimbakeshwar","Zone":"Anjaneri / Pilgrim Road Corridor","Category":"Mandir / Temple","Name":"Dattatrey Mandir","Type":"Hindu Temple","Rating":"4.7","Review Count":"10","Address":"Nilambika Mata Mandir, Nilparvat Rd, Trimbak, Maharashtra 422212, India","Maps Link":"https://maps.google.com/?cid=18188149234291384680&g_mp=Cidnb29nbGUubWFwcy5wbGFjZXMudjEuUGxhY2VzLlNlYXJjaFRleHQQAhgEIAA"}},{"type":"Feature","geometry":{"type":"Point","coordinates":[73.5286145,19.9318153]},"properties":{"Taluka":"Trimbakeshwar","Zone":"Anjaneri / Pilgrim Road Corridor","Category":"Mandir / Temple","Name":"Ek mukhi datta mandir","Type":"Hindu Temple","Rating":"4.4","Review Count":"8","Address":"WGJH+PCH, Trimbak, Maharashtra 422212, India","Maps Link":"https://maps.google.com/?cid=6216951453860039710&g_mp=Cidnb29nbGUubWFwcy5wbGFjZXMudjEuUGxhY2VzLlNlYXJjaFRleHQQAhgEIAA"}},{"type":"Feature","geometry":{"type":"Point","coordinates":[73.585191,19.953454]},"properties":{"Taluka":"Trimbakeshwar","Zone":"Anjaneri / Pilgrim Road Corridor","Category":"Mandir / Temple","Name":"Ganpati Mandir, Anjaneri","Type":"Hindu Temple","Rating":"4.7","Review Count":"6","Address":"XH3P+93P, Anjaneri, Maharashtra 422213, India","Maps Link":"https://maps.google.com/?cid=17481043957123845176&g_mp=Cidnb29nbGUubWFwcy5wbGFjZXMudjEuUGxhY2VzLlNlYXJjaFRleHQQAhgEIAA"}},{"type":"Feature","geometry":{"type":"Point","coordinates":[73.5204756,19.9201392]},"properties":{"Taluka":"Trimbakeshwar","Zone":"Anjaneri / Pilgrim Road Corridor","Category":"Mandir / Temple","Name":"Gomukh Temple","Type":"Hindu Temple","Rating":"4.6","Review Count":"110","Address":"Bramhagiri Mountain, Trimbak, Metghar Killa, Maharashtra 422212, India","Maps Link":"https://maps.google.com/?cid=7098182509410579812&g_mp=Cidnb29nbGUubWFwcy5wbGFjZXMudjEuUGxhY2VzLlNlYXJjaFRleHQQAhgEIAA"}},{"type":"Feature","geometry":{"type":"Point","coordinates":[73.5158388,19.9307017]},"properties":{"Taluka":"Trimbakeshwar","Zone":"Anjaneri / Pilgrim Road Corridor","Category":"Mandir / Temple","Name":"Gorakshnath cave Temple","Type":"Hindu Temple","Rating":"4.8","Review Count":"25","Address":"WGJ8+78P, Ganga Dwar Rd, Trimbak, Metghar Killa, Maharashtra 422212, India","Maps Link":"https://maps.google.com/?cid=4373357212130307659&g_mp=Cidnb29nbGUubWFwcy5wbGFjZXMudjEuUGxhY2VzLlNlYXJjaFRleHQQAhgEIAA"}},{"type":"Feature","geometry":{"type":"Point","coordinates":[73.585307,19.9530735]},"properties":{"Taluka":"Trimbakeshwar","Zone":"Anjaneri / Pilgrim Road Corridor","Category":"Mandir / Temple","Name":"Kartik Swami Mandir, Anjaneri","Type":"Hindu Temple","Rating":"4.5","Review Count":"11","Address":"XH3P+64F, Anjaneri, Maharashtra 422213, India","Maps Link":"https://maps.google.com/?cid=705725400230297543&g_mp=Cidnb29nbGUubWFwcy5wbGFjZXMudjEuUGxhY2VzLlNlYXJjaFRleHQQAhgEIAA"}},{"type":"Feature","geometry":{"type":"Point","coordinates":[73.5325945,19.9380699]},"properties":{"Taluka":"Trimbakeshwar","Zone":"Anjaneri / Pilgrim Road Corridor","Category":"Mandir / Temple","Name":"Mahadevi Temple","Type":"Hindu Temple","Rating":"4.7","Review Count":"15","Address":"Shri Mahadevi Temple, Trimbak, Maharashtra 422212, India","Maps Link":"https://maps.google.com/?cid=9628044732756518806&g_mp=Cidnb29nbGUubWFwcy5wbGFjZXMudjEuUGxhY2VzLlNlYXJjaFRleHQQAhgEIAA"}},{"type":"Feature","geometry":{"type":"Point","coordinates":[73.5377911,19.9383873]},"properties":{"Taluka":"Trimbakeshwar","Zone":"Anjaneri / Pilgrim Road Corridor","Category":"Mandir / Temple","Name":"Pitra Dosh Puja Trimbakeshwar Temple Nashik | Pandit Pradyumn Guruji","Rating":"4.8","Review Count":"57","Phone":"070303 00082","Address":"opposite Sarvadnya Tyre &services, Trimbak, Maharashtra 422212, India","Website":"https://pitradoshpujatrimbakeshwar.com/","Maps Link":"https://maps.google.com/?cid=5390426724201119676&g_mp=Cidnb29nbGUubWFwcy5wbGFjZXMudjEuUGxhY2VzLlNlYXJjaFRleHQQAhgEIAA"}},{"type":"Feature","geometry":{"type":"Point","coordinates":[73.5905591,19.9696402]},"properties":{"Taluka":"Trimbakeshwar","Zone":"Anjaneri / Pilgrim Road Corridor","Category":"Mandir / Temple","Name":"Shiv Temple","Type":"Hindu Temple","Rating":"5","Review Count":"3","Address":"XH9R+V63, Trimbakeshwar Road, near Hanuman Tekdi, Beje Phata, Anjaneri, Nashik, Maharashtra 422213, India","Opening Hours":"Monday: Open 24 hours | Tuesday: Open 24 hours | Wednesday: Open 24 hours | Thursday: Open 24 hours | Friday: Open 24 hours | Saturday: Open 24 hours | Sunday: Open 24 hours","Maps Link":"https://maps.google.com/?cid=4475714373535678104&g_mp=Cidnb29nbGUubWFwcy5wbGFjZXMudjEuUGxhY2VzLlNlYXJjaFRleHQQAhgEIAA"}},{"type":"Feature","geometry":{"type":"Point","coordinates":[73.5852735,19.9509286]},"properties":{"Taluka":"Trimbakeshwar","Zone":"Anjaneri / Pilgrim Road Corridor","Category":"Mandir / Temple","Name":"Shri Shani Maharaj Temple, Santdham Anjaneri.","Type":"Hindu Temple","Rating":"5","Review Count":"5","Address":"XH2P+94C, NH 848, Anjaneri, Maharashtra 422213, India","Maps Link":"https://maps.google.com/?cid=17066149166755647611&g_mp=Cidnb29nbGUubWFwcy5wbGFjZXMudjEuUGxhY2VzLlNlYXJjaFRleHQQAhgEIAA"}},{"type":"Feature","geometry":{"type":"Point","coordinates":[73.5363557,19.9373638]},"properties":{"Taluka":"Trimbakeshwar","Zone":"Anjaneri / Pilgrim Road Corridor","Category":"Mandir / Temple","Name":"Trambakeshwar Mahadev Temple","Type":"Hindu Temple","Rating":"4.1","Review Count":"39","Address":"WGPP+WGX, Trimbak, Maharashtra 422212, India","Maps Link":"https://maps.google.com/?cid=2094960550940830986&g_mp=Cidnb29nbGUubWFwcy5wbGFjZXMudjEuUGxhY2VzLlNlYXJjaFRleHQQAhgEIAA"}},{"type":"Feature","geometry":{"type":"Point","coordinates":[73.5372701,19.9385831]},"properties":{"Taluka":"Trimbakeshwar","Zone":"Anjaneri / Pilgrim Road Corridor","Category":"Mandir / Temple","Name":"Trimbakeshwar Kalsarp Pooja Booking | Trimbakeshwar Temple Pooja Cost | Narayan Nagbali Pooja","Rating":"5","Review Count":"10","Phone":"077700 06583","Address":"Bharat Petrol Pump, near Shiv car washing services, Trimbak, Maharashtra 422212, India","Website":"https://trimbakeshwarmandirbooking.com/","Maps Link":"https://maps.google.com/?cid=6657789892868863746&g_mp=Cidnb29nbGUubWFwcy5wbGFjZXMudjEuUGxhY2VzLlNlYXJjaFRleHQQAhgEIAA"}},{"type":"Feature","geometry":{"type":"Point","coordinates":[73.5717203,19.9220723]},"properties":{"Taluka":"Trimbakeshwar","Zone":"Anjaneri / Pilgrim Road Corridor","Category":"Mandir / Temple","Name":"माता अंजनी आणि बाल हनुमान मंदिर हनुमान जन्मस्थान","Type":"Hindu Temple","Review Count":"0","Address":"WHCC+RMF, Anjaneri, Maharashtra 422213, India","Maps Link":"https://maps.google.com/?cid=2222821760231293784&g_mp=Cidnb29nbGUubWFwcy5wbGFjZXMudjEuUGxhY2VzLlNlYXJjaFRleHQQAhgEIAA"}},{"type":"Feature","geometry":{"type":"Point","coordinates":[73.5540311,19.9302658]},"properties":{"Taluka":"Trimbakeshwar","Zone":"Anjaneri / Pilgrim Road Corridor","Category":"Mandir / Temple","Name":"श्री साईंबाबा मंदिर","Type":"Hindu Temple","Rating":"4.7","Review Count":"29","Address":"Trimbakeshwar, WHJ3+4J2, Pegalwadi, Pegalwadi Tryambak, Maharashtra 422213, India","Maps Link":"https://maps.google.com/?cid=14447760566902649509&g_mp=Cidnb29nbGUubWFwcy5wbGFjZXMudjEuUGxhY2VzLlNlYXJjaFRleHQQAhgEIAA"}},{"type":"Feature","geometry":{"type":"Point","coordinates":[73.7101417,19.9802628]},"properties":{"Taluka":"Trimbakeshwar","Zone":"Anjaneri / Pilgrim Road Corridor","Category":"Mandir / Temple","Name":"श्री हमुमान मंदिर , Pimpalgaon bahula trimbak rode","Type":"Hindu Temple","Rating":"5","Review Count":"1","Address":"श्री हमुमान मंदिर, Trambakeshwar Rd, Pimpalgaon Bahula, Nashik, Maharashtra 422213, India","Opening Hours":"Monday: 5:00 AM – 9:00 PM | Tuesday: 5:00 AM – 9:00 PM | Wednesday: 5:00 AM – 9:00 PM | Thursday: 5:00 AM – 9:00 PM | Friday: 5:00 AM – 9:00 PM | Saturday: 5:00 AM – 9:00 PM | Sunday: 5:00 AM – 9:00 PM","Maps Link":"https://maps.google.com/?cid=9787711359675860294&g_mp=Cidnb29nbGUubWFwcy5wbGFjZXMudjEuUGxhY2VzLlNlYXJjaFRleHQQAhgEIAA"}},{"type":"Feature","geometry":{"type":"Point","coordinates":[73.5188985,19.9306727]},"properties":{"Taluka":"Trimbakeshwar","Zone":"Anjaneri / Pilgrim Road Corridor","Category":"Tirtha / Ghat","Name":"Sri Ram Kund","Type":"Hindu Temple","Rating":"4.4","Review Count":"57","Address":"WGJ9+7H6, Ganga Dwar Rd, Metghar Killa, Maharashtra 422212, India","Maps Link":"https://maps.google.com/?cid=3283179477533380890&g_mp=Cidnb29nbGUubWFwcy5wbGFjZXMudjEuUGxhY2VzLlNlYXJjaFRleHQQAhgEIAA"}},{"type":"Feature","geometry":{"type":"Point","coordinates":[73.579964,19.934629]},"properties":{"Taluka":"Trimbakeshwar","Zone":"Anjaneri / Pilgrim Road Corridor","Category":"Jain Temple","Name":"Anjaneri or Anjangiri Jain cave temple","Type":"Place of Worship","Rating":"4.6","Review Count":"51","Address":"WHMH+VX4, Anjannary Hanuman Janmabhumi Rd, Anjaneri, Maharashtra 422213, India","Opening Hours":"Monday: 6:00 AM – 6:00 PM | Tuesday: 6:00 AM – 6:00 PM | Wednesday: 6:00 AM – 6:00 PM | Thursday: 6:00 AM – 6:00 PM | Friday: 6:00 AM – 6:00 PM | Saturday: 6:00 AM – 6:00 PM | Sunday: 6:00 AM – 6:00 PM","Maps Link":"https://maps.google.com/?cid=440718689829872117&g_mp=Cidnb29nbGUubWFwcy5wbGFjZXMudjEuUGxhY2VzLlNlYXJjaFRleHQQAhgEIAA"}},{"type":"Feature","geometry":{"type":"Point","coordinates":[73.5784372,19.9268465]},"properties":{"Taluka":"Trimbakeshwar","Zone":"Anjaneri / Pilgrim Road Corridor","Category":"Jain Temple","Name":"Jain Temple Anjangiri Arahanath Bhagavan Cave","Type":"Place of Worship","Rating":"4.5","Review Count":"51","Phone":"088053 55339","Address":"WHGH+P9M, Nashik, Anjaneri, Maharashtra 422213, India","Opening Hours":"Monday: Open 24 hours | Tuesday: Open 24 hours | Wednesday: Open 24 hours | Thursday: Open 24 hours | Friday: Open 24 hours | Saturday: Open 24 hours | Sunday: Open 24 hours","Maps Link":"https://maps.google.com/?cid=2601392179290740313&g_mp=Cidnb29nbGUubWFwcy5wbGFjZXMudjEuUGxhY2VzLlNlYXJjaFRleHQQAhgEIAA"}},{"type":"Feature","geometry":{"type":"Point","coordinates":[73.5853355,19.9503631]},"properties":{"Taluka":"Trimbakeshwar","Zone":"Anjaneri / Pilgrim Road Corridor","Category":"Jain Temple","Name":"Shree 1008 Chintamani Parshvanath Digambar Jain Mandir, Anjangiri","Type":"Place of Worship","Rating":"4.7","Review Count":"208","Phone":"098111 75768","Address":"Nashik Trimbak Road, Anjaneri, Nashik, Anjaneri, Maharashtra 422213, India","Website":"https://vardhmanvacations.com/jain-temples-tour-india/mangi-tungi-jain-yatra.html","Opening Hours":"Monday: Open 24 hours | Tuesday: Open 24 hours | Wednesday: Open 24 hours | Thursday: Open 24 hours | Friday: Open 24 hours | Saturday: Open 24 hours | Sunday: Open 24 hours","Maps Link":"https://maps.google.com/?cid=4429017588152205580&g_mp=Cidnb29nbGUubWFwcy5wbGFjZXMudjEuUGxhY2VzLlNlYXJjaFRleHQQAhgEIAA"}},{"type":"Feature","geometry":{"type":"Point","coordinates":[73.5784677,19.9270057]},"properties":{"Taluka":"Trimbakeshwar","Zone":"Anjaneri / Pilgrim Road Corridor","Category":"Other Religious Site","Name":"Anahat Akhada Anjaneri Parvat","Type":"Hindu Temple","Rating":"4.6","Review Count":"12","Address":"WHGH+R94, Anjaneri, Maharashtra 422213, India","Maps Link":"https://maps.google.com/?cid=12213474668749709139&g_mp=Cidnb29nbGUubWFwcy5wbGFjZXMudjEuUGxhY2VzLlNlYXJjaFRleHQQAhgEIAA"}},{"type":"Feature","geometry":{"type":"Point","coordinates":[73.59091,19.947088]},"properties":{"Taluka":"Trimbakeshwar","Zone":"Anjaneri / Pilgrim Road Corridor","Category":"Other Religious Site","Name":"Anjaneri","Type":"Hindu Temple","Review Count":"0","Address":"WHWR+V98, Anjaneri, Maharashtra 422213, India","Maps Link":"https://maps.google.com/?cid=622462098667829655&g_mp=Cidnb29nbGUubWFwcy5wbGFjZXMudjEuUGxhY2VzLlNlYXJjaFRleHQQAhgEIAA"}},{"type":"Feature","geometry":{"type":"Point","coordinates":[73.5767237,19.9282684]},"properties":{"Taluka":"Trimbakeshwar","Zone":"Anjaneri / Pilgrim Road Corridor","Category":"Other Religious Site","Name":"Anjaneri Mountain","Type":"Hindu Temple","Rating":"4.6","Review Count":"195","Address":"Unnamed Road,, WHHG+8M5, Anjaneri, Maharashtra 422213, India","Opening Hours":"Monday: Closed | Tuesday: Closed | Wednesday: Closed | Thursday: Open 24 hours | Friday: Open 24 hours | Saturday: Closed | Sunday: Closed","Maps Link":"https://maps.google.com/?cid=1821928322484860224&g_mp=Cidnb29nbGUubWFwcy5wbGFjZXMudjEuUGxhY2VzLlNlYXJjaFRleHQQAhgEIAA"}},{"type":"Feature","geometry":{"type":"Point","coordinates":[73.5778893,19.9259703]},"properties":{"Taluka":"Trimbakeshwar","Zone":"Anjaneri / Pilgrim Road Corridor","Category":"Other Religious Site","Name":"Hanuman Gufa","Type":"Place of Worship","Rating":"4.8","Review Count":"33","Address":"WHGH+95J, Anjannary Hanuman Janmabhumi Rd, Anjaneri, Maharashtra 422213, India","Opening Hours":"Monday: 7:00 AM – 5:00 PM | Tuesday: 7:00 AM – 5:00 PM | Wednesday: 7:00 AM – 5:00 PM | Thursday: 7:00 AM – 5:00 PM | Friday: 7:00 AM – 5:00 PM | Saturday: 7:00 AM – 5:00 PM | Sunday: 7:00 AM – 5:00 PM","Maps Link":"https://maps.google.com/?cid=6400189038653784940&g_mp=Cidnb29nbGUubWFwcy5wbGFjZXMudjEuUGxhY2VzLlNlYXJjaFRleHQQAhgEIAA"}},{"type":"Feature","geometry":{"type":"Point","coordinates":[73.582781,19.9607519]},"properties":{"Taluka":"Trimbakeshwar","Zone":"Anjaneri / Pilgrim Road Corridor","Category":"Other Religious Site","Name":"Hanuman Tekdi","Type":"Hindu Temple","Rating":"5","Review Count":"3","Address":"XH6M+842, NH 848, Anjaneri, Maharashtra 422213, India","Opening Hours":"Monday: Open 24 hours | Tuesday: Open 24 hours | Wednesday: Open 24 hours | Thursday: Open 24 hours | Friday: Open 24 hours | Saturday: Open 24 hours | Sunday: Open 24 hours","Maps Link":"https://maps.google.com/?cid=337431172448216341&g_mp=Cidnb29nbGUubWFwcy5wbGFjZXMudjEuUGxhY2VzLlNlYXJjaFRleHQQAhgEIAA"}},{"type":"Feature","geometry":{"type":"Point","coordinates":[73.5422688,19.9346467]},"properties":{"Taluka":"Trimbakeshwar","Zone":"Anjaneri / Pilgrim Road Corridor","Category":"Other Religious Site","Name":"Kailash Raja Nagar trimbakeshwar Mahadev niwas","Type":"Hindu Temple","Rating":"5","Review Count":"2","Phone":"098220 78029","Address":"WGMR+VVG, Trimbak, Maharashtra 422212, India","Website":"https://www.youtube.com/@acharyaashokchaturvedi4699","Opening Hours":"Monday: Open 24 hours | Tuesday: Open 24 hours | Wednesday: Open 24 hours | Thursday: Open 24 hours | Friday: Open 24 hours | Saturday: Open 24 hours | Sunday: Open 24 hours","Maps Link":"https://maps.google.com/?cid=5099480798530234291&g_mp=Cidnb29nbGUubWFwcy5wbGFjZXMudjEuUGxhY2VzLlNlYXJjaFRleHQQAhgEIAA"}},{"type":"Feature","geometry":{"type":"Point","coordinates":[73.6035182,19.9263468]},"properties":{"Taluka":"Trimbakeshwar","Zone":"Anjaneri / Pilgrim Road Corridor","Category":"Other Religious Site","Name":"Prati kedarnath","Type":"Hindu Temple","Rating":"4.6","Review Count":"18","Address":"WJG3+GCC, Vadholi, Maharashtra 422213, India","Opening Hours":"Monday: 9:30 AM – 5:30 PM | Tuesday: 9:30 AM – 5:30 PM | Wednesday: 9:30 AM – 5:30 PM | Thursday: 9:30 AM – 5:30 PM | Friday: 9:30 AM – 5:30 PM | Saturday: 9:30 AM – 5:30 PM | Sunday: 9:30 AM – 5:30 PM","Maps Link":"https://maps.google.com/?cid=9147413254607668074&g_mp=Cidnb29nbGUubWFwcy5wbGFjZXMudjEuUGxhY2VzLlNlYXJjaFRleHQQAhgEIAA"}},{"type":"Feature","geometry":{"type":"Point","coordinates":[73.5268379,19.9328967]},"properties":{"Taluka":"Trimbakeshwar","Zone":"Anjaneri / Pilgrim Road Corridor","Category":"Other Religious Site","Name":"dighe guruji trambakeshwar","Rating":"4.6","Review Count":"37","Address":"pitruchaya building, WGMG+5P4, behind kushavarth kund, near ballaleshwar mandir, Trimbak, Maharashtra 422212, India","Maps Link":"https://maps.google.com/?cid=10033452603302994230&g_mp=Cidnb29nbGUubWFwcy5wbGFjZXMudjEuUGxhY2VzLlNlYXJjaFRleHQQAhgEIAA"}},{"type":"Feature","geometry":{"type":"Point","coordinates":[73.5780207,19.9278328]},"properties":{"Taluka":"Trimbakeshwar","Zone":"Anjaneri / Pilgrim Road Corridor","Category":"Other Religious Site","Name":"hanuman ji footprint lake","Type":"Hindu Temple","Rating":"4.5","Review Count":"93","Address":"WHHH+46J, Anahat Akhada Rd, Anjaneri, Maharashtra 422213, India","Maps Link":"https://maps.google.com/?cid=11601813190065735666&g_mp=Cidnb29nbGUubWFwcy5wbGFjZXMudjEuUGxhY2VzLlNlYXJjaFRleHQQAhgEIAA"}},{"type":"Feature","geometry":{"type":"Point","coordinates":[73.577615,19.9296553]},"properties":{"Taluka":"Trimbakeshwar","Zone":"Anjaneri / Pilgrim Road Corridor","Category":"Other Religious Site","Name":"अंजनी माता ध्यान मन्दिर","Type":"Hindu Temple","Rating":"4.8","Review Count":"5","Address":"अंजनेरी, WHHH+V29, पर्वत, Anjaneri, Maharashtra 422213, India","Maps Link":"https://maps.google.com/?cid=14316342286419524820&g_mp=Cidnb29nbGUubWFwcy5wbGFjZXMudjEuUGxhY2VzLlNlYXJjaFRleHQQAhgEIAA"}},{"type":"Feature","geometry":{"type":"Point","coordinates":[73.5917862,19.9469275]},"properties":{"Taluka":"Trimbakeshwar","Zone":"Anjaneri / Pilgrim Road Corridor","Category":"Other Religious Site","Name":"श्री चक्रधर स्वामी महाराज वस्तीस्थान अंजनेरी त्र्यंबकेश्वर नाशिक Shree Chakradhar Swami Sthan Trumbakeshwar Nashik","Type":"Hindu Temple","Rating":"5","Review Count":"11","Address":"WHWR+R92, Anjaneri, Maharashtra 422213, India","Opening Hours":"Monday: 7:00 AM – 9:00 PM | Tuesday: 7:00 AM – 9:00 PM | Wednesday: 7:00 AM – 9:00 PM | Thursday: 7:00 AM – 9:00 PM | Friday: 7:00 AM – 9:00 PM | Saturday: 7:00 AM – 9:00 PM | Sunday: Closed","Maps Link":"https://maps.google.com/?cid=7332875337579013690&g_mp=Cidnb29nbGUubWFwcy5wbGFjZXMudjEuUGxhY2VzLlNlYXJjaFRleHQQAhgEIAA"}}]}