{"type":"FeatureCollection","features":[{"type":"Feature","properties":{"name":"MITRA office - Div Comm office","sourceFolder":"Routes / VIP routes.kmz / VIP routes / VIP 1 : Takli sangam Ghat (VIP) direct movement","source":"Mobility plan Nashik KMZ (NTKMA)"},"geometry":{"type":"LineString","coordinates":[[73.84093943710754,19.95776283237138],[73.84140221116931,19.9576571376242],[73.841402303122,19.95749738462869],[73.84131636330866,19.95699672849302],[73.84122383657729,19.95652401809824],[73.84110734476072,19.95606976151127],[73.84101159867258,19.95570991748563],[73.84097415098374,19.95551090136898]]}},{"type":"Feature","properties":{"name":"Pune to MITRA office route","sourceFolder":"Routes / VIP routes.kmz / VIP routes / VIP 1 : Takli sangam Ghat (VIP) direct movement","source":"Mobility plan Nashik KMZ (NTKMA)"},"geometry":{"type":"LineString","coordinates":[[73.84096958931043,19.95551322031382],[73.84072386809584,19.95463958719029],[73.84060578349504,19.95397889200711],[73.84047917545223,19.95345719072586],[73.84020752164645,19.95302921330652],[73.83979075436176,19.95247816183068],[73.84089326741041,19.95184210055131],[73.84164684544072,19.95141913607392],[73.84247995692097,19.95132526669599],[73.84348696069581,19.95113078799718],[73.84413710802963,19.95099397172184],[73.84464974061547,19.95077772464042],[73.84524980141794,19.95037616773099],[73.84576665701505,19.94964693528899],[73.8461522854153,19.94895308059438],[73.84627108457508,19.94861414027638],[73.84631853021749,19.94824046478182],[73.84653041841078,19.94784024316837],[73.8470929068854,19.94705144360132],[73.84852757168406,19.9458325846863],[73.85115820879305,19.9431302148963],[73.85316692187635,19.94116120515537],[73.85352337600149,19.94075071725769],[73.85482954291614,19.93938851931674],[73.85572435020836,19.9385112493739],[73.8567497113881,19.93767124255036],[73.85880977542966,19.93669267212266],[73.86012186291251,19.93600629234614],[73.86079535622086,19.93534781289392],[73.86179486779545,19.93415774465871],[73.86262350579804,19.93329423652568],[73.86331871774983,19.93253131992207],[73.86396950401537,19.93191650047622],[73.86451949516551,19.9316254687248],[73.86619199988864,19.93075804458131],[73.8676182115592,19.93010899986032],[73.868887128202,19.92951596766648],[73.87002932663914,19.92903828508136],[73.87115304750792,19.9285596099307],[73.87167579469308,19.9283185161875],[73.87409951522778,19.9273061043703],[73.8752892604258,19.9267775073668],[73.8760195397445,19.926376832014],[73.87683212264945,19.92576380084486],[73.87823799866831,19.92454144023893],[73.88180567151707,19.92162283889945],[73.88261261395809,19.92108506398017],[73.88373150179497,19.92052515941483],[73.88462007908892,19.92011488258014],[73.88736123320872,19.91917256437995],[73.88858170489766,19.91863982205069],[73.89118665549742,19.91763257087108],[73.89583350622625,19.91617660842055],[73.89689039524477,19.91586203606969],[73.89768908444015,19.91552456511147],[73.89977742652029,19.91407427201964],[73.90334957316328,19.91168461194217],[73.91288654745037,19.9049604203779],[73.91641463872544,19.90264211872797],[73.91815479292168,19.90133899614266],[73.9225787091682,19.8983601379945]]}},{"type":"Feature","properties":{"name":"MITRA office to Takli Sangam (VIP) ghat","sourceFolder":"Routes / VIP routes.kmz / VIP routes / VIP 1 : Takli sangam Ghat (VIP) direct movement","source":"Mobility plan Nashik KMZ (NTKMA)"},"geometry":{"type":"LineString","coordinates":[[73.81519864412077,19.98972090730133],[73.8168717448475,19.98835528398627],[73.817349355607,19.988002889974],[73.81752829906246,19.98594410454535],[73.81757589178383,19.98517915892108],[73.81737053203068,19.98485794908327],[73.81692594224268,19.98483106732542],[73.81623513785954,19.98463944896269],[73.81346426805104,19.98302195044312],[73.81092817358136,19.98142789402128],[73.80771463390822,19.97955375920878],[73.80774899260385,19.97944395258485],[73.80874047056214,19.97847765733611],[73.81000904567831,19.97708901841665],[73.81148496545752,19.97549078393788],[73.81677810038805,19.97041573101329],[73.81820521260204,19.96935841443169],[73.81981561873518,19.96797977523762],[73.82135867444703,19.96667690154845],[73.82202161406978,19.96612302414358],[73.82336582959243,19.96510544097617],[73.82526505203435,19.9636447505632],[73.82776953542638,19.96167756721929],[73.828621423346,19.96101593175078],[73.83029633270789,19.95974364207189],[73.83095872081378,19.95924035418521],[73.8329870193741,19.95763982070757],[73.83439951373462,19.9566207445957],[73.83843974743276,19.95342426253009],[73.83961250633438,19.95259486157984],[73.83989037991459,19.95271504666327],[73.84008640229834,19.9529860906827],[73.84032213427204,19.95330194950118],[73.84045567240521,19.95354376431689],[73.84052334917479,19.95391331120187],[73.84063257262899,19.95451550203988],[73.84068991759888,19.95477936542775],[73.84080137104125,19.95521196472829],[73.84086622433878,19.9554662410889],[73.84088815454426,19.95553470129582]]}},{"type":"Feature","properties":{"name":"VIP route 1 : Rest house to Takli Sangam (VIP) ghat","sourceFolder":"Routes / VIP routes.kmz / VIP routes / VIP 1 : Takli sangam Ghat (VIP) direct movement","source":"Mobility plan Nashik KMZ (NTKMA)"},"geometry":{"type":"LineString","coordinates":[[73.77840208726593,19.99337640676108],[73.77814935034566,19.99290986458201],[73.77683910147692,19.99301009790429],[73.77631075293064,19.99290944742452],[73.77569854700002,19.99309306180495],[73.77459476294098,19.99295089769785],[73.77307497254505,19.99270866207923],[73.77228474464162,19.99265013949257],[73.7715352086529,19.99250445302788],[73.77075687313005,19.99250524170921],[73.77046798468791,19.99250816194716],[73.76967895869157,19.99266174366296],[73.76937266082169,19.99276063181554],[73.76926030318029,19.99316896651957],[73.76923938246443,19.9934879181307],[73.76841404080102,19.99331465933999],[73.76822624185954,19.99277846719554],[73.7679697360416,19.99236508549457],[73.76750189339926,19.99223315106361],[73.76700100436774,19.9921007906278],[73.76632993749834,19.99200221351698],[73.76556751098379,19.99189710184751],[73.7651871327599,19.99180083619913],[73.76436610497548,19.99133921489903],[73.76340880147104,19.99083950027134],[73.7636790337088,19.99063676297777],[73.76404068311459,19.99036385535743],[73.76427966507791,19.9902300141968],[73.76454223457824,19.99006893543983],[73.76468407518692,19.98997729301783],[73.7653226817524,19.98979828890701],[73.76554685257646,19.98973165116781],[73.76621898400333,19.98942041729723],[73.76641564454047,19.98933236434758],[73.76675506704835,19.98917175944106],[73.76716808872021,19.98897807490279],[73.76779208172174,19.98864258304209],[73.76824483043436,19.9883867628795],[73.7688287905844,19.98806448694793],[73.76930041109509,19.98776236714883],[73.76999463031851,19.98728002657412],[73.77040532035778,19.98706957344473],[73.77086414566831,19.98682362924951],[73.77178205640473,19.98630234529039],[73.7723161585553,19.98595030000755],[73.77290557198822,19.98554635066902],[73.77362036030635,19.98511877731101],[73.77431338989759,19.98471604212297],[73.77519363594384,19.98356260901379],[73.77572050072686,19.98279421393087],[73.7765630490108,19.98180307142153],[73.77680197348073,19.981527160424],[73.77752833412335,19.98068242545008],[73.77808829492963,19.98037992396636],[73.77889473980791,19.97995754085716],[73.77955049802445,19.97987934410869],[73.78026946505662,19.97961008811051],[73.78092672775189,19.97936832914357],[73.78198210014423,19.97904057575054],[73.78404996096792,19.97846333769046],[73.78551676854526,19.9780444068667],[73.78663221197255,19.97764583134491],[73.7881104230263,19.9771382904935],[73.78859803058286,19.97696764319419],[73.78916396905758,19.97658282853113],[73.78966050357333,19.97606437431946],[73.79007442117202,19.97507558205666],[73.79062372952852,19.9737568170901],[73.79095087702464,19.97342266260171],[73.79136459009318,19.97305117581741],[73.7918504763142,19.97278622878041],[73.79209568040832,19.97272025541547],[73.79339484765669,19.97263991759179],[73.79433456304496,19.97259557812213],[73.79522078701937,19.97248873502164],[73.79618444956392,19.97238818980848],[73.7965820413411,19.97230657720032],[73.79717626134239,19.9720900599679],[73.79748053971107,19.97184088738044],[73.79763434106874,19.97170330735362],[73.7978717775927,19.97130285727813],[73.79801933863499,19.97080176727283],[73.79811754938116,19.97003944744865],[73.79823012486726,19.96923290241626],[73.79840924341305,19.9685700901242],[73.79866195918535,19.96839873103482],[73.79895814407926,19.96834984210543],[73.79987780732199,19.96845643028685],[73.80059386700646,19.96907728057054],[73.80096133600122,19.96945449191186],[73.80128029575748,19.96984120344382],[73.80165773163824,19.97064428288769],[73.80212511874772,19.97209965775041],[73.80244597717343,19.97282790510863],[73.8029944199883,19.97472746273038],[73.80325949238127,19.97531205635656],[73.80397112926487,19.97655294485819],[73.80437808662444,19.97718272882616],[73.80482837054116,19.97755370031006],[73.80577760874152,19.97833776656632],[73.806821650783,19.97908993188917],[73.80775407714192,19.97957852187993],[73.80932045852752,19.98048852872109],[73.81055170216523,19.98120734998718],[73.81098920878497,19.98146302256363],[73.8119009719066,19.98204051095903],[73.81273214089475,19.98256247110477],[73.81334889674935,19.9829477826968],[73.81432823513987,19.98352440573842],[73.81567112138313,19.98430978342762],[73.81623559104273,19.9846365641623],[73.81691865416565,19.98482894206519],[73.81736694866584,19.98485796416325],[73.81757332050739,19.98518127833563],[73.81752941399392,19.98591541018778],[73.81747026826814,19.98662329219033],[73.81737638112948,19.98768229221193],[73.81734759927011,19.98800149009541],[73.81712446564349,19.98816837892992],[73.81664649338376,19.98853864332625],[73.81584947468178,19.98918821615629],[73.81520402403493,19.9897187948291]]}},{"type":"Feature","properties":{"name":"VIP route 1 : Takali Sangam ghat (VIP) to Pune road Direct movement","sourceFolder":"Routes / VIP routes.kmz / VIP routes / VIP 1 : Takli sangam Ghat (VIP) direct movement","source":"Mobility plan Nashik KMZ (NTKMA)"},"geometry":{"type":"LineString","coordinates":[[73.81519977442063,19.98971564584717],[73.81690425092165,19.98833430018196],[73.8173506276336,19.98800791420571],[73.81753283954828,19.98595454292374],[73.81757589178383,19.98517915892108],[73.81736825568802,19.98485287062897],[73.8169234765145,19.98483876414772],[73.81622958754892,19.98463981972786],[73.81352915288133,19.98306234340659],[73.81077684484939,19.98133152953699],[73.80771285246513,19.9795496898415],[73.80775045592847,19.97943713670657],[73.80874318160807,19.97847457186898],[73.81092956632105,19.9760939641562],[73.81144668351713,19.97553485114647],[73.81678959002765,19.97040733941457],[73.81820644911855,19.96936154321053],[73.82078809710362,19.96715009732845],[73.8218134819618,19.96630614432716],[73.82200904581876,19.96613560120518],[73.82531859403365,19.96360291157372],[73.82869351976794,19.9609573506782],[73.83074945777537,19.95940230039235],[73.83297286532704,19.95765087308614],[73.83438838796492,19.95662654718578],[73.83843974743276,19.95342426253009],[73.83979055777573,19.9524671656507],[73.84165006643038,19.95141793254383],[73.84247846513843,19.95132558582737],[73.84413939011323,19.9509924349748],[73.84465025012152,19.9507762675947],[73.84524980141794,19.95037616773099],[73.84577034947213,19.94964210999245],[73.84614829751038,19.9489606868801],[73.84626889250231,19.94861894855939],[73.84631490772574,19.94824859507603],[73.84653041841078,19.94784024316837],[73.8470929068854,19.94705144360132],[73.84852757168406,19.9458325846863],[73.85115820879305,19.9431302148963],[73.85316692187635,19.94116120515537],[73.85352337600149,19.94075071725769],[73.85482954291614,19.93938851931674],[73.85572435020836,19.9385112493739],[73.8567497113881,19.93767124255036],[73.85880977542966,19.93669267212266],[73.86012186291251,19.93600629234614],[73.86079535622086,19.93534781289392],[73.86179486779545,19.93415774465871],[73.86262350579804,19.93329423652568],[73.86331871774983,19.93253131992207],[73.86396950401537,19.93191650047622],[73.86451949516551,19.9316254687248],[73.86619199988864,19.93075804458131],[73.86760025385506,19.93011886235735],[73.868887128202,19.92951596766648],[73.86999980096556,19.92904822410325],[73.87116172110228,19.92855420874539],[73.87169618635681,19.9283080441297],[73.87339134887341,19.92760234092433],[73.87529425189571,19.92677728895217],[73.87601337141388,19.92637785124175],[73.87683976820756,19.92576069207044],[73.87823799866831,19.92454144023893],[73.88178846247912,19.92163648345516],[73.88260826402323,19.92108577278621],[73.88373808825888,19.92052165583639],[73.88461213445086,19.9201189698573],[73.88551650726852,19.91980624903924],[73.88735805299429,19.91917213811013],[73.8885822563089,19.91863821869511],[73.89115921543343,19.91763962601181],[73.89583426007032,19.91617287721473],[73.89688942205203,19.91586362495947],[73.8976806100351,19.91552788968889],[73.89977742652029,19.91407427201964],[73.90334957316328,19.91168461194217],[73.91288654745037,19.9049604203779],[73.91641463872544,19.90264211872797],[73.91815479292168,19.90133899614266],[73.9225787091682,19.8983601379945]]}},{"type":"Feature","properties":{"name":"VIP route 1 via Indiranagar : Dindori road to Govt resthouse","sourceFolder":"Routes / VIP routes.kmz / VIP routes / VIP 1 : Takli sangam Ghat (VIP) direct movement","source":"Mobility plan Nashik KMZ (NTKMA)"},"geometry":{"type":"LineString","coordinates":[[73.77842305447298,19.99337055984471],[73.77816394994241,19.99289594623355],[73.77770762457563,19.99292993278852],[73.77685199193341,19.99298953078889],[73.77631286963874,19.99289525144789],[73.77569605586936,19.99307875846909],[73.77308513458777,19.99269639066344],[73.7722871966776,19.99263462699545],[73.77153987502898,19.9924887050853],[73.77085127379127,19.99248738977614],[73.77047501380343,19.99249199976194],[73.76967800494951,19.99264858699596],[73.76936285639475,19.99274828114273],[73.76924781118454,19.99316494984787],[73.76922872889547,19.99347278517693],[73.76842255891613,19.99330553288924],[73.76829504537454,19.99293878022009],[73.76823633482942,19.99277250620963],[73.76797447273016,19.99235798422434],[73.76730838621107,19.99216925949234],[73.76700255486813,19.99209284474527],[73.7655728641407,19.99188914097339],[73.765193346301,19.99179438902182],[73.76463857749175,19.99148400634503],[73.76437821159818,19.9913336554018],[73.76382763179348,19.99105008622114],[73.76342339015146,19.99083703843159],[73.76404706999833,19.9903716029608],[73.76468946721386,19.98998486487513],[73.76526824948108,19.98982139170782],[73.76555030751157,19.98973488019159],[73.76586263842151,19.98959331721124],[73.76599441966913,19.98953201635425],[73.76655504950828,19.98927509997471],[73.76688471473717,19.9891216376927],[73.76718213958299,19.98898303711735],[73.76759551977139,19.98875670601462],[73.76806606623646,19.98849533433994],[73.76856642158465,19.98821942750341],[73.7686744016298,19.98816097777709],[73.7688616837586,19.98805877070527],[73.76910182416293,19.98790130554491],[73.76933393873759,19.9877553256127],[73.7693906477159,19.98771191012338],[73.76985727181383,19.98739622260364],[73.77000106814954,19.98728893356979],[73.77032368888433,19.98712678687185],[73.77078222856773,19.98687959017367],[73.77128539136973,19.98659599707173],[73.77170713035713,19.98635273632241],[73.77178784822782,19.98630727985264],[73.77215642488865,19.98606664728324],[73.77291276394365,19.9855562719993],[73.77322929448536,19.9853608174489],[73.7738440828782,19.98500117835828],[73.77432468081344,19.98472081924841],[73.7749456640363,19.98390307757614],[73.77526235865537,19.98348381156916],[73.77542020110076,19.98325226796794],[73.77572576260889,19.98280113157444],[73.77633608003421,19.98208768479363],[73.77682734580421,19.98152555411041],[73.77697162820664,19.98134922425395],[73.77753895390174,19.9806891159282],[73.77808569392826,19.98039790991272],[73.7785528974026,19.98015199255965],[73.77889658432537,19.97996612954066],[73.77955087496642,19.97988576426387],[73.77968353732265,19.97974460222715],[73.77937908512315,19.97933900445669],[73.77919094947134,19.97908793814165],[73.77887695705252,19.97871228078394],[73.7780499037034,19.97777930493077],[73.77753312866615,19.97719344770456],[73.77741339582384,19.9770577699475],[73.77668253959811,19.97629958657852],[73.77636563980295,19.97597037802042],[73.77575101208065,19.97527401915933],[73.77519325531841,19.97458582362607],[73.77431415978353,19.97373574646204],[73.77394803942106,19.97319882407636],[73.7737259972596,19.97287031226846],[73.773333172677,19.97251374541025],[73.77303337370701,19.97223996454945],[73.77194237498328,19.97132332270703],[73.7713926290768,19.97085796813656],[73.77108301330288,19.97059719469756],[73.77081846074097,19.97032380481979],[73.77070151022198,19.9702028748783],[73.77031715517997,19.96976325815496],[73.76973855539133,19.96907318562512],[73.76941507962961,19.96870057162466],[73.76743873027891,19.96617747648496],[73.76709077640803,19.96575986026874],[73.76667618992174,19.96526608892208],[73.76635464107392,19.96487746662833],[73.76597279609217,19.96441655225705],[73.76558904406062,19.96393508920244],[73.76527236908944,19.96356113941192],[73.76484738347642,19.96306752042733],[73.76463952689359,19.96281924007427],[73.76424120693612,19.96236139435978],[73.76349163082345,19.9615718855338],[73.76324079317288,19.96132187166639],[73.76266938000009,19.96079279714347],[73.76238704671086,19.96053767267208],[73.76185283616783,19.96005306133059],[73.76164552118169,19.95987315054301],[73.76110151648369,19.9594157528646],[73.76065585836646,19.95902333492585],[73.76020110326283,19.95863989644874],[73.75976730303482,19.95827509098388],[73.75920165964824,19.95779316474811],[73.75878574307973,19.95744177151942],[73.75857228085002,19.95724577030498],[73.7583703419147,19.95706912034292],[73.75823088839114,19.95694939364761],[73.7583154890022,19.95686897910833],[73.75861505669363,19.95662009010034],[73.75896781866848,19.95691597118669],[73.75913854942175,19.9570595120403],[73.75953505212937,19.95740996047541],[73.76012024385128,19.9579020898662],[73.76035664433662,19.95808535781079],[73.76076777343638,19.95842406146571],[73.76107202075907,19.9586912341396],[73.76145995425182,19.95903098748983],[73.76169095770592,19.95923471700343],[73.7621442509645,19.95963175277527],[73.7629096134002,19.9603197430855],[73.7633602850344,19.96072481468725],[73.76380642077082,19.96114526004075],[73.76431218364546,19.96171717594148],[73.76501657895359,19.96253791766702],[73.76535076459582,19.96292952923769],[73.76559674261142,19.96321702559153],[73.7663218264869,19.9640604616213],[73.76711140341047,19.96498008802119],[73.76802347228691,19.96603679186986],[73.76854855432586,19.96673387294709],[73.76939037998838,19.96784849214727],[73.76972950854677,19.96829258870469],[73.77055927623371,19.96941250111347],[73.77085745734144,19.96982203769286],[73.77109319329954,19.97014331117655],[73.77143088907768,19.97049695884062],[73.77163898457015,19.97068578290627],[73.77206718930434,19.97107654737029],[73.77257414259496,19.97150350391231],[73.77301572420751,19.9718735118421],[73.77348774847519,19.97225211944103],[73.77386324736146,19.97260183363994],[73.77447058827919,19.97321255859611],[73.77510972645553,19.9739488789239],[73.7757691528697,19.97467742523904],[73.77614365628497,19.97510210319413],[73.7764854434979,19.97548018711151],[73.77667006170628,19.97568540516982],[73.77699914444123,19.97606533753968],[73.77850553955182,19.97780160007093],[73.77876747373234,19.97810682779077],[73.77916252238246,19.97857582158361],[73.77931195538015,19.97875776171868],[73.77969741516003,19.9792335921153],[73.7799758422505,19.97957730920558],[73.78062679019521,19.98036646112174],[73.78133626197818,19.98122320730723],[73.78144450645132,19.98134872795012],[73.7817256472394,19.98170428370049],[73.78203541065699,19.98216337860014],[73.78217217922243,19.98236878138587],[73.78254869411688,19.9830783167002],[73.78289022496449,19.98389400951481],[73.78323413610684,19.98459469498922],[73.78350366588175,19.9851024084781],[73.78373744815975,19.98553643953394],[73.78388951630001,19.98576380548242],[73.78412255200169,19.98615631263207],[73.7844612702154,19.98667759441161],[73.78493180654917,19.98727022980713],[73.78530343230317,19.98761107796145],[73.78571122228452,19.987923376431],[73.78660383599825,19.98844822769709],[73.78710741642443,19.98872224291595],[73.78810035696809,19.98925918327898],[73.78875163879121,19.98959963699876],[73.79002218190477,19.99026371137325],[73.7909724417037,19.99076799399235],[73.79177209464396,19.99119391325013],[73.79254676704043,19.99159413360285],[73.79320577026186,19.99193474086887],[73.79383361161868,19.99228103668454],[73.79444250665314,19.99262045134646],[73.79510883533693,19.99296418505518],[73.79537991837417,19.99311213928826],[73.79573853031106,19.99330724918049],[73.79599551107475,19.99344744651026],[73.79660398716794,19.99377477940815],[73.79757858327595,19.99429962340445],[73.7986183078865,19.99483747321474],[73.79919464682484,19.99513149313875],[73.79951973953034,19.99528232253177],[73.79972008027816,19.9953765579322],[73.80047221546711,19.99575408401886],[73.80063294066305,19.99583497596046],[73.80136093731267,19.99635521800197],[73.80152610853585,19.99649397078657],[73.8018091530691,19.99672740981418],[73.80192112786929,19.9968180693475],[73.80208673212584,19.9969790967432],[73.80227751508696,19.99717002132616],[73.80237387524126,19.99730545567216],[73.80260359086638,19.99763152273033],[73.80285151583765,19.99807253649671],[73.80309210867901,19.99866251731461],[73.80325300253037,19.99930112043215],[73.80331034762742,19.99958773187767],[73.80334900270536,19.9999652598718],[73.8033569048047,20.00004382296646],[73.80334912954977,20.00058789508979],[73.80334526777739,20.00084247905646],[73.8033264729215,20.00134278872853],[73.80332001349055,20.00150070124476],[73.80330213983238,20.00174519603772],[73.8032456162783,20.00252342338644],[73.80322191485088,20.00303083352216],[73.80320697985584,20.00333325304068],[73.80320463763536,20.00337123933547],[73.80320386096288,20.00354546705551],[73.80320631312458,20.00374190870368],[73.80322008171736,20.00396350230359],[73.80324556917832,20.00429917481082],[73.80328072418179,20.00447014922081],[73.80333359999638,20.00476140729744],[73.80335526980086,20.00488658485639],[73.80348161054395,20.00537809202313],[73.80361124252332,20.00573279500133],[73.8037235765122,20.0060071041134],[73.80393238781517,20.00646254822074],[73.80413249563398,20.00681159272654],[73.804309616964,20.00709409780411],[73.80440632782242,20.00725184072928],[73.80462298998096,20.00753321791268],[73.8047781830857,20.00775305735751],[73.80507713801937,20.00808248079012],[73.80535200605696,20.00836454931664],[73.80568230274906,20.00867347343448],[73.80611768128368,20.00902864551279],[73.80648812552306,20.00928724359633],[73.80682670289792,20.00950011743482],[73.80685775032285,20.00951468075294],[73.80738637444333,20.00979146305451],[73.80763600175901,20.0099036976361],[73.80789741211781,20.01001717326828],[73.80845284976031,20.01022110064692],[73.81035534870135,20.01086446940539],[73.81071856672158,20.01097860735135],[73.81105419337095,20.01108680559575],[73.81180803656544,20.01134436621681],[73.8121622908762,20.01147389594905],[73.81244179378314,20.01157879445651],[73.81268694149773,20.01168170874961],[73.81352722967307,20.01204456564712],[73.81364511415111,20.01209970419163],[73.81440035523612,20.01243779316068],[73.81488491423187,20.01265417863305],[73.81514375744644,20.01277015396665],[73.81613909330666,20.01322177188515],[73.81747037037712,20.01378087228666],[73.81796419260753,20.01396920250592],[73.8180834129586,20.01400957422511],[73.81818761819085,20.01404352126832],[73.81850397087486,20.01414784358483],[73.81903376913723,20.01429843049822],[73.81963230771532,20.01450255884334],[73.82176907825804,20.01516349352377],[73.82255411327695,20.01541298595734],[73.82301305214027,20.01555999474044],[73.82396729277777,20.01587662156025],[73.8247135350095,20.01615213220381],[73.82614788448181,20.01673218549194],[73.8265630315243,20.01692216208252],[73.82689600863448,20.01708133929393],[73.8275399162757,20.01739496613813],[73.82814312760502,20.01767521621993],[73.82861661268085,20.01789471953539],[73.82911252372818,20.01812853104924],[73.83046828542885,20.01878670944127],[73.83097947271195,20.01903684167081],[73.8316038465718,20.01938733957121],[73.83144174727569,20.02031496642594],[73.8311281000916,20.0211907598562],[73.83093405047067,20.02172414817065],[73.83054711851379,20.02255806234792],[73.83017026591209,20.02336494257841],[73.82944247921061,20.02471252626044],[73.82903568773357,20.02518440270152],[73.82726785074838,20.02694500241004],[73.8267284871571,20.02732190026332],[73.82614616472343,20.02765290842696],[73.8246938735543,20.02835023980779],[73.82261299362514,20.02940586999802],[73.82169598509726,20.02964782156121],[73.82132700421485,20.02974514220941],[73.82057873246461,20.0299430320155],[73.81859894375782,20.03070601746794],[73.81608734352217,20.03116396221274],[73.81339994425335,20.03160807060791],[73.81302434923462,20.03171434187932],[73.81225987524854,20.03186250557621],[73.81183172070945,20.03192220619749],[73.81098904818984,20.03203935468185],[73.81060485197739,20.03209482074893],[73.8090331717674,20.03225301887266],[73.80830211374487,20.03232971986289],[73.80643989249573,20.03257258393724],[73.80547481183734,20.03267657575008],[73.80438695852409,20.0327966884355],[73.80312764946426,20.03293271531638],[73.80368944904076,20.03521672600629],[73.80481305151261,20.03983575774719],[73.80510804830546,20.04098694016836],[73.80527864893126,20.04162490342096],[73.80560312896282,20.04382452176237],[73.80599908204363,20.04679812784392],[73.80623898209933,20.04816439926615],[73.80624520840519,20.04877661365506],[73.80580533724867,20.05051618926688],[73.80505266635106,20.05235966201311],[73.8049686814822,20.05278256076567],[73.8050102463243,20.05297569550394],[73.80513736674935,20.05335699349346],[73.80526558247531,20.0536143615805],[73.8053583437141,20.05400423007486],[73.80554058995044,20.05445295941172],[73.80565941495048,20.05507372520885],[73.80580543922392,20.05692513449773],[73.80581386086644,20.05707747040681],[73.8057794278129,20.05821577609878],[73.80579505538354,20.05929452603088],[73.80572817814397,20.06007065300295],[73.80564360944757,20.06120912864668],[73.8056408482443,20.06199180690414],[73.80553764547032,20.06304073240952],[73.80555615897497,20.06339729464431],[73.80557917136538,20.06479574711356],[73.80558243643702,20.0651411485484],[73.80571296076938,20.06689780252077],[73.80577518941931,20.0674874210712],[73.80581214271777,20.06769452350306],[73.80587984717697,20.06792069013535],[73.80616321949994,20.06854471089881],[73.80622326892511,20.06896846720586],[73.80622767183603,20.0692749272321],[73.80587696763202,20.07039151413363],[73.8058508709354,20.07070375225489],[73.80593716217466,20.07145912836913],[73.80604049684051,20.07211041167044],[73.80605722464719,20.0726828506063],[73.80599399878673,20.07324259402942],[73.80574166191556,20.07418025739925],[73.80567825469605,20.07447157325595],[73.80558127077317,20.07498402038581],[73.80551051934528,20.07549161507941],[73.80541444117695,20.07614816169409],[73.8054245407502,20.07738209291632],[73.80540175100467,20.07771615982365],[73.8053060999198,20.07854937894492],[73.80509750730481,20.07890259849974],[73.80465433589178,20.07964229183726],[73.80427277747361,20.0802836808604],[73.8040272465169,20.08143641523195],[73.80420119396805,20.08279625970867],[73.80431791027581,20.08335738352168],[73.80451823037528,20.08440051520259],[73.80462317822803,20.08501266637479],[73.80496621937496,20.08686113179873],[73.8052224479557,20.08850664196569],[73.80555478981566,20.0905234046405],[73.80585078864276,20.09213305462927],[73.8060925054451,20.09340110475009],[73.80625251274058,20.09434614217048],[73.80640885098215,20.09531529058187]]}},{"type":"Feature","properties":{"name":"VIP route 1 via Indiranagar : Peth road to Govt Resthouse","sourceFolder":"Routes / VIP routes.kmz / VIP routes / VIP 1 : Takli sangam Ghat (VIP) direct movement","source":"Mobility plan Nashik KMZ (NTKMA)"},"geometry":{"type":"LineString","coordinates":[[73.778380682068,19.99338130418147],[73.77813647669281,19.99292458390062],[73.77684408916329,19.99302829267464],[73.77628820864774,19.99294341568872],[73.77571298346017,19.99312066709386],[73.77483807835702,19.99300717430056],[73.77297786451409,19.99271868005417],[73.77227618199771,19.99266550004428],[73.77152726873653,19.99251970931254],[73.77046286282484,19.99251971172401],[73.76967324471458,19.99267879398885],[73.7693802288083,19.99277195827449],[73.76927249002618,19.99317431539782],[73.76924858398282,19.99349985276822],[73.76840719586744,19.99332312205344],[73.7682191622479,19.9927852974679],[73.76795835885213,19.99237459236359],[73.76699744664684,19.99211134526127],[73.76555868826328,19.99190763766404],[73.76517803815668,19.99181125453623],[73.76464607889477,19.99150549231826],[73.76338616562224,19.9908418804137],[73.76403084805338,19.99035676975289],[73.76468019292462,19.98996787487306],[73.76554074387711,19.98972230895776],[73.76715835664481,19.98896913145897],[73.76883155274342,19.98805221885169],[73.76947725705712,19.98762793129763],[73.76998702579354,19.98726968952599],[73.77076292215993,19.9868636540331],[73.77180055009227,19.98627697915768],[73.77292655525233,19.98551766044053],[73.77364173859445,19.98508444176127],[73.77431174072402,19.9847012095901],[73.77461201955913,19.98430870062445],[73.77519635789047,19.98353751469558],[73.77571175431049,19.98278995963593],[73.77647739762766,19.98188290350659],[73.77703716761951,19.98122565867557],[73.77751338812057,19.98067448815892],[73.77810422604729,19.9803544066505],[73.77889746000677,19.9799402277283],[73.77955439564002,19.97986870644185],[73.77967798707317,19.97973855732963],[73.77919154744305,19.97908921738366],[73.77885372290297,19.9786856205321],[73.77835290062194,19.97812346522446],[73.77788453160233,19.97758830503964],[73.77741762412488,19.97706229172485],[73.77636278041034,19.97596958548747],[73.77575108664097,19.97527372881775],[73.77519581772468,19.97458859095423],[73.77431119946858,19.9737334265346],[73.77372627909173,19.9728720562178],[73.77303504298456,19.97224190276215],[73.77222234249376,19.97155933828732],[73.77108449402878,19.97059760195196],[73.7707030178054,19.97020422430013],[73.77028411084748,19.96972413137728],[73.76973849616212,19.96907449970583],[73.76941285112359,19.96870018826669],[73.76744959551125,19.96619125465173],[73.76719131169517,19.96588230306873],[73.76703344839994,19.96568915381041],[73.76682055908286,19.965437792394],[73.76660381588779,19.96518265226032],[73.76638403235941,19.96491051871272],[73.7659809146081,19.96442549029742],[73.76561145607349,19.96396072798069],[73.76525762743952,19.96354465145924],[73.7648554157079,19.96307573185998],[73.7646586462546,19.96284164779778],[73.76411144304826,19.96221834262104],[73.76373077820655,19.96181554776463],[73.76346530629513,19.96154486979238],[73.76317061254824,19.9612517415385],[73.76240347549995,19.96054955611215],[73.761859393054,19.96006096243031],[73.76164436164701,19.95987257531612],[73.76108081998133,19.95940012820979],[73.76074492510314,19.95909840989783],[73.7599884784486,19.9584621011046],[73.75952606634073,19.9580701683377],[73.7591336053924,19.95773874075569],[73.75880072015836,19.9574535465282],[73.75849758198487,19.95717819811944],[73.75823012741085,19.95694930497609],[73.75831123748503,19.95687327065696],[73.75861581136891,19.95662040304968],[73.75912913011982,19.95705053523136],[73.75960265374192,19.95746896658948],[73.76011940773161,19.95790069270505],[73.76036214116444,19.95808938698215],[73.76078254311926,19.95843551571479],[73.76155740924905,19.95911658768035],[73.76206813835313,19.95956425674071],[73.76334901191682,19.96071326700886],[73.76380537272674,19.96114504798786],[73.76437816032123,19.96178968434899],[73.76543396898985,19.9630278362928],[73.76801884037208,19.96603501294721],[73.76975741786043,19.96832923662626],[73.77051719481956,19.96935707863184],[73.7710955763402,19.97014662605608],[73.77144063005392,19.97050694806178],[73.77207380127226,19.97108053743217],[73.77303881511327,19.97189255077028],[73.77348842072819,19.97225343566541],[73.77385018170257,19.97258884446457],[73.77447923176447,19.97322237801589],[73.77515588502074,19.97400311001704],[73.77569753799295,19.97459636939005],[73.7761570360282,19.97511771678351],[73.77661175998304,19.97561868551861],[73.7769838367033,19.97604910943989],[73.7773604253803,19.97648298206049],[73.77819928722107,19.97744517334413],[73.77867786797883,19.9779980460958],[73.77897022322676,19.97834454179756],[73.77932778801242,19.97877707442946],[73.78001989148275,19.97963259701398],[73.78133741717174,19.98122513483759],[73.78145886909304,19.98136423455374],[73.78173019839923,19.98170829828065],[73.78194442808707,19.98202660050442],[73.78217387804818,19.98237150913127],[73.78254869411688,19.9830783167002],[73.78289502008805,19.98390470444195],[73.78307644865158,19.9842722516295],[73.78325247610204,19.98463404673743],[73.78349828419296,19.98509113444688],[73.78373858757233,19.98553982827195],[73.78389564578363,19.98577189456703],[73.78412089726562,19.98615486718031],[73.78446486213453,19.98668222655419],[73.78493272460621,19.98727072026762],[73.78530053896229,19.98760805413182],[73.78571122228452,19.987923376431],[73.78663518103716,19.98846687908946],[73.78813209112093,19.98927632461226],[73.79004991900793,19.99027797564734],[73.79179930278846,19.99120822225236],[73.79324690368855,19.99195609104933],[73.79444815904908,19.9926226875423],[73.79510799948812,19.99296335317644],[73.79595832743736,19.99342763904354],[73.79758478945126,19.99430230661317],[73.79846037173031,19.9947552401199],[73.7991580700635,19.99511454650577],[73.7997382015059,19.9953844840132],[73.80064036789689,19.99583882902079],[73.80136195147425,19.99635802808404],[73.80194817423846,19.99684080850567],[73.80228031528348,19.99717456539953],[73.80259842564409,19.99762490996446],[73.80285526731255,19.99807757352043],[73.80309386633111,19.99866487063481],[73.80325810744962,19.99931613012391],[73.80331138244718,19.99959379674997],[73.80335777967989,20.0000482223891],[73.8033459376836,20.00086086126363],[73.80332075666182,20.00150128648885],[73.8032413884677,20.00258818587012],[73.80322477209383,20.00299025182159],[73.80320305576902,20.00339733289708],[73.80320549353203,20.00374770132902],[73.8032272506177,20.00407834081766],[73.80324713260988,20.00430391063999],[73.8032839893991,20.00449211545136],[73.80335581390253,20.00488892245223],[73.80348284545197,20.00538729509758],[73.80361205444787,20.00573409807456],[73.80373159110431,20.00603020074167],[73.80393161235325,20.00646128489408],[73.8041446629927,20.00683032399279],[73.80440813928656,20.00725302351479],[73.8046315716891,20.00754645496986],[73.80477959992024,20.00775485103719],[73.80509870683204,20.00810827959939],[73.80536697732894,20.00838040345984],[73.80569952841212,20.00868895712899],[73.80613149937416,20.00903883278779],[73.80648822596558,20.00928514478931],[73.80682670289792,20.00950011743482],[73.80685856309182,20.00951503586729],[73.80739964604797,20.00979713155709],[73.80789558478439,20.01001747977773],[73.80845059277719,20.01021884599443],[73.81025359637658,20.01083043458941],[73.8110514262361,20.01108536295308],[73.81192457350953,20.01138356423692],[73.8124517275731,20.01158390387253],[73.81299500496299,20.01181168594613],[73.81353736656699,20.01204905734032],[73.81379906830772,20.01217035556869],[73.81510938971223,20.01275543593938],[73.81613870118404,20.01321864201208],[73.81748768537086,20.01378799774549],[73.81796909549342,20.01397159678232],[73.81850187094588,20.01414796144115],[73.81904693686216,20.01430317225507],[73.81964981244414,20.01450775624771],[73.82031965712729,20.01471241734275],[73.82199345272241,20.01523430630279],[73.82249647716459,20.0153952902281],[73.82305951811075,20.01557436772989],[73.82396957212852,20.01587843026806],[73.82473938403466,20.01616223958957],[73.8261579800172,20.01673582529673],[73.82666122713192,20.016968278212],[73.82756027928092,20.01740592856573],[73.8283080739657,20.01775098162742],[73.82914533869152,20.01814186919372],[73.83099059006518,20.01904243348643],[73.83160525430924,20.01938709757211],[73.83144174727569,20.02031496642594],[73.83110478908394,20.02125484702215],[73.83093110240948,20.0217342915272],[73.83055331091107,20.02254241259983],[73.83017329297074,20.02336011501087],[73.82944023559477,20.02471849151966],[73.82903714336692,20.02518365137288],[73.82727199219576,20.02694299953895],[73.82672824920483,20.0273222204661],[73.82614913542169,20.02765155683555],[73.82471144021233,20.02834169355147],[73.82261117945703,20.02940687317636],[73.82131051965398,20.02974975044416],[73.82056418558868,20.02994741772562],[73.81859894375782,20.03070601746794],[73.81608734352217,20.03116396221274],[73.81340365396517,20.03160618675678],[73.81302322363288,20.03171370868092],[73.81226013454543,20.03186305671269],[73.81059025487905,20.03209581102224],[73.80829804250597,20.03232922242811],[73.80644015170412,20.03257299356891],[73.80304285570075,20.03294168749179],[73.79944363840669,20.0332890563176],[73.79916148049233,20.033432600741],[73.79903529771467,20.03408210949502],[73.79740916040959,20.03415274806436],[73.79619645890602,20.03410464781964],[73.79522424059351,20.03403972689353],[73.79521846313968,20.03419822278206],[73.79481777976495,20.03614886052093],[73.7944577256409,20.03859063020387],[73.79404480934316,20.04120912392696],[73.79373879619288,20.04278965755731],[73.79344495445176,20.04342326738738],[73.79243933921201,20.04553020395772],[73.7910362423505,20.04802720240251],[73.7892670890303,20.05108771455009],[73.78833998781752,20.05267527010971],[73.7873285998128,20.0544064569501],[73.78700434253469,20.05497812248521],[73.78610010192973,20.05649168887168],[73.7832653881092,20.06136700533235],[73.78293467885818,20.06190323940015],[73.78246570067635,20.06272011756652],[73.7817790610705,20.06396999732899],[73.78137879102366,20.06478215130692],[73.78097894251948,20.06570336347986],[73.78050405022195,20.06702029113702],[73.78010012280157,20.06813929824018],[73.77937645306685,20.06994784536716],[73.77919910890601,20.07052728102275],[73.77875911182943,20.0721267224062],[73.7785923920946,20.07307488542038],[73.77863625303841,20.07383715761314],[73.77877825890798,20.07426253667985],[73.77991333757065,20.07596390467331],[73.78013394716328,20.07628452137924],[73.78034656494462,20.07721936960928],[73.78012267876038,20.07842092206781],[73.77993995037926,20.07956260053306],[73.77973057162595,20.08071285669805],[73.779410424529,20.08180757022123],[73.77920930431647,20.08221959672099],[73.77902499504376,20.08249184166375],[73.77818630556008,20.08379378272861],[73.77778198641485,20.08441049491275],[73.77753102945049,20.08498038371853],[73.77653339961549,20.08808265019108],[73.77572541643322,20.09070696753163],[73.77546530438838,20.09126908720851],[73.77494620448812,20.09179209351947],[73.77445268899753,20.09250322543564],[73.77427021361751,20.09279808590821],[73.77333720712281,20.09473883696758],[73.77222827216913,20.09688464760507],[73.77186604370344,20.09777081678317],[73.77163138780914,20.0985658341002],[73.77149428381183,20.09903597673875],[73.77139329077056,20.09931287785732],[73.77103239552791,20.10000549212054],[73.77045924510212,20.10083042804152],[73.76822190183535,20.10366755011435],[73.7679829093259,20.10395869876191],[73.76780340328753,20.10408541305242],[73.76677222155874,20.10467476748388],[73.76593601353602,20.10540986384105],[73.76446075032244,20.10769921219909],[73.76408084564034,20.10840074162482],[73.76335786414162,20.11100327287782],[73.7630571990039,20.11209160831677],[73.76270446909733,20.11351975968034],[73.76262369779619,20.11467445794752],[73.76264531187017,20.11527920206803],[73.76271996023675,20.11568679615739],[73.76268336814634,20.11705233593296],[73.76270226429787,20.11743749737941]]}},{"type":"Feature","properties":{"name":"VIP route 1 via Indiranagar : Ozar airport to Govt resthouse","sourceFolder":"Routes / VIP routes.kmz / VIP routes / VIP 1 : Takli sangam Ghat (VIP) direct movement","source":"Mobility plan Nashik KMZ (NTKMA)"},"geometry":{"type":"LineString","coordinates":[[73.77835886379584,19.99338962323999],[73.77813173077011,19.99293623711833],[73.77755109559631,19.99298000972417],[73.77684323353108,19.9930359785921],[73.77628754593938,19.99295163487652],[73.77582684099431,19.99309487603306],[73.77571288760801,19.99312885334865],[73.77477160571277,19.99300771038333],[73.77429091028752,19.99293324288459],[73.77371061552259,19.99284467795102],[73.77322803904877,19.99276756965849],[73.7729751534408,19.99272805281907],[73.77227110581642,19.9926765778661],[73.77152550649727,19.99252668415345],[73.77046331938473,19.99252673846628],[73.77008346510442,19.99260623251624],[73.76967212976767,19.99269018869404],[73.76938548053336,19.99278005947188],[73.7692828342873,19.99317129774512],[73.76925457356887,19.9935104500964],[73.76917013097176,19.99349197032009],[73.76839990942415,19.99332793175051],[73.76821159230184,19.99278828384644],[73.76795229563216,19.99237994859165],[73.76699470563022,19.99211747065602],[73.76631618015196,19.99202125550267],[73.76555274990021,19.99191196054942],[73.76517682866486,19.99181821467928],[73.76441831810614,19.9913952822939],[73.76378417755845,19.99106042468868],[73.76336949159186,19.99084061513078],[73.76372663250483,19.99057732037391],[73.76401752675676,19.99035680050918],[73.76467540206772,19.98996400455352],[73.76487210882338,19.98990840415904],[73.76532554009091,19.98977724229252],[73.76553619950027,19.98971707728909],[73.76599818332949,19.98950227225488],[73.7669644939735,19.98905030900152],[73.7670914847339,19.98899287717697],[73.76715025487414,19.9889649729069],[73.76877996920653,19.98807166647964],[73.76882580828389,19.9880468979637],[73.7690061384446,19.98792756369371],[73.76932017925823,19.98772264185929],[73.76977863125643,19.98740795399991],[73.76997989306743,19.9872658767358],[73.77014049546074,19.98718219274075],[73.77076154712273,19.98685571526763],[73.771048734695,19.98669205095581],[73.77160886354883,19.98637654260166],[73.77178794364532,19.98627672261544],[73.77225318899204,19.98596466002181],[73.77296755788029,19.98548068290226],[73.77351057025177,19.985157891569],[73.77406521900652,19.98482951212882],[73.77430246270973,19.98469704273641],[73.77435034280694,19.98463809792947],[73.77462189200234,19.98428377364375],[73.77511787177912,19.9836297749584],[73.77532761430834,19.98333610760419],[73.77552424675005,19.98304786313052],[73.77570333172547,19.98278787089115],[73.77576270488785,19.98272004559006],[73.77617441181557,19.98223134405737],[73.77667085358397,19.98164256114573],[73.77711945616078,19.98111939684047],[73.77733187134552,19.98087120322188],[73.77750734005947,19.9806711366026],[73.77786881657788,19.98047330079845],[73.7783299322279,19.98022467148193],[73.77860865318739,19.98008094147019],[73.77889179178963,19.97993117840005],[73.77916399097008,19.97990204392034],[73.77954979155999,19.97986045888717],[73.77967350447392,19.97973231611123],[73.77948186344129,19.97947690308327],[73.77919461693759,19.97909267066414],[73.77886117644921,19.97869391597655],[73.77862950041606,19.97843226382902],[73.77840456250526,19.97818047473379],[73.77823481302764,19.97798723590532],[73.77790940494049,19.97761926874427],[73.77750220079346,19.97715875014728],[73.77716638361692,19.97680104112913],[73.7769005691048,19.97652589367068],[73.7763668096868,19.97597214480753],[73.7761384561922,19.97571329862059],[73.77574997649937,19.97527320975914],[73.77549540961414,19.9749582400095],[73.77519527544997,19.97458847277214],[73.77480043889592,19.97420618642635],[73.77431128807889,19.97373323075761],[73.77405737961745,19.9733589252227],[73.7737270339572,19.97287088675394],[73.77307634649364,19.9722776797595],[73.7726022209348,19.97187782914155],[73.77253079064991,19.97181862145993],[73.77186535501679,19.97125816776895],[73.77174732215094,19.97115844665922],[73.7714230075894,19.97088307566156],[73.77108277332911,19.97059594289001],[73.77070749055291,19.97020825691875],[73.7705351227691,19.97001129138155],[73.77033944365793,19.96978853505864],[73.7700870181372,19.96948818124879],[73.76976002927394,19.96910123859112],[73.76948749727217,19.96878517306698],[73.76941724087193,19.96870436573464],[73.76916949978238,19.96838902308318],[73.76887963961154,19.96801766990823],[73.76843288284704,19.96744767403004],[73.76812511342663,19.96705508277097],[73.76746221036032,19.96620709790835],[73.7673290546892,19.96604488173018],[73.76703939103932,19.96569796395098],[73.76667694231735,19.96526775097844],[73.76634503026992,19.96486567478286],[73.76586665090312,19.96428213589343],[73.76559533924726,19.96394150631246],[73.76524925411073,19.96353457079868],[73.76485658455034,19.96307686404243],[73.76436191512984,19.96249808297906],[73.76385320727749,19.96195137801876],[73.76346461539927,19.96154533138128],[73.76336188039022,19.96144078002633],[73.76316561685982,19.96125148860876],[73.76232376336401,19.96047812510237],[73.76192813731,19.96012279795563],[73.7616566135272,19.95988227035378],[73.76108124652721,19.95940007098212],[73.76082130899637,19.95916827206588],[73.7606970995466,19.95905954676961],[73.76004579930414,19.95851019285851],[73.7597865983859,19.95829087894208],[73.75933833824112,19.95791092760953],[73.75911473225781,19.95771922910234],[73.75878787270278,19.95744270458987],[73.75864028669855,19.95730772532248],[73.75837607279304,19.95707474105876],[73.75823076811265,19.95694958407986],[73.7583207285065,19.95686551309094],[73.75853213970639,19.95668901917146],[73.75861540465658,19.95661963817211],[73.75899199163776,19.95693615594406],[73.7592957248711,19.95719800023632],[73.75954327507195,19.95741764860205],[73.75983638573706,19.95766416059037],[73.76007105396192,19.95786177443006],[73.76032011625712,19.95805742356092],[73.76067240564085,19.95834575810693],[73.76076255667658,19.95841988162418],[73.76128924803088,19.95888084400613],[73.76147523426157,19.95904307116761],[73.76189386320166,19.9594126147167],[73.76206453813232,19.95956123536576],[73.76232451871326,19.95979470146486],[73.7626533889464,19.96008874869073],[73.76301979766382,19.96041797786988],[73.76315599473556,19.96054113210296],[73.76332555336063,19.96069393468063],[73.76370552770136,19.9610489898899],[73.76379919560857,19.96113969218309],[73.76392145002484,19.96127617900088],[73.76442202816818,19.96184085044176],[73.76462923211018,19.96208631458289],[73.76503393589971,19.96255918298329],[73.76530495372914,19.96287621361225],[73.7656767893228,19.96331002920501],[73.76599126709978,19.963674069941],[73.76656703253805,19.96434626875251],[73.76684932788346,19.96467468809878],[73.76733668750846,19.96523983486515],[73.76755633039149,19.96549686817718],[73.76800070033417,19.96601280575504],[73.76819555864951,19.96626743986097],[73.76838568314156,19.96651838534373],[73.76874437833025,19.96699119600087],[73.76906156431195,19.96741150013728],[73.76937305224628,19.96782320155593],[73.76973855117139,19.96830415129944],[73.76995541514417,19.96859633505466],[73.77024202018585,19.96898725578661],[73.77050053406505,19.96933278988248],[73.77083275031289,19.96978888200693],[73.77109325426099,19.97014237542596],[73.7714344508533,19.97049984880351],[73.77176696714673,19.97080207556426],[73.77205951705945,19.97106960855262],[73.77227230399242,19.9712487862957],[73.77268758902439,19.97159672035355],[73.77304791656371,19.9719000672671],[73.77348272949021,19.97224969968768],[73.77376258634736,19.97250750316745],[73.77408081274729,19.97282022089072],[73.77441526084907,19.97315606153993],[73.77445768140672,19.97319842517626],[73.77463596619236,19.97340168837417],[73.77509145516765,19.97392643031242],[73.77559456153617,19.97448579240773],[73.77584326271177,19.97476142092121],[73.7759582449047,19.97488922598042],[73.77666534432966,19.97568144660234],[73.77758304034661,19.97673773687627],[73.77799627313631,19.97721560374755],[73.77842110944563,19.97770258772657],[73.77851068025828,19.97780245165577],[73.77931289884013,19.9787560175547],[73.7799459762302,19.97954550804157],[73.78006072877656,19.97967894951633],[73.78133987219837,19.98122876387525],[73.7814516136636,19.98135529751088],[73.7817213579284,19.98169509255291],[73.7819120884221,19.98198359482575],[73.78211482194396,19.98227961534803],[73.78217760516993,19.9823785426589],[73.78232216342413,19.98265106055281],[73.7825482305323,19.98307782449216],[73.78288854390077,19.98389287736153],[73.78323371995916,19.98459514285774],[73.7837383798909,19.98553960983195],[73.78388284080945,19.9857550112113],[73.78412004326445,19.98615096883965],[73.78446183402168,19.98667674423951],[73.7849234820182,19.98725970688817],[73.78530118005426,19.98760372531339],[73.78571122228452,19.987923376431],[73.78643862449213,19.98835261671758],[73.78670467647896,19.9885063357999],[73.78699433414108,19.98866562141692],[73.7877676553242,19.98907852416758],[73.78812067319119,19.98927324184504],[73.78884363891325,19.98964898892446],[73.79001575974956,19.99025896345498],[73.79034596177071,19.99043718752471],[73.79112013990687,19.99084863685267],[73.79179424008262,19.99120782520002],[73.79249134181896,19.99156695926712],[73.79270087741288,19.9916726888564],[73.79318669938453,19.99192413591087],[73.79359655788429,19.99214708923936],[73.79380498630844,19.99226270456698],[73.79443988715846,19.99262206562096],[73.79504804208406,19.9929309197128],[73.79537628068704,19.99310832886064],[73.79573155145191,19.99330675782009],[73.79598798519821,19.99344406175761],[73.79681085374469,19.9938854821321],[73.79758226263755,19.99429952574809],[73.79829449760797,19.99467113230859],[73.79905753688531,19.99506374770401],[73.79962843669054,19.99533269353644],[73.80013463887707,19.99558539827872],[73.80063664955487,19.99583706522458],[73.80117174040657,19.9962193104132],[73.80134991409413,19.99634729657627],[73.8014936736928,19.99646756217471],[73.80190795474905,19.99680970873618],[73.80195463280806,19.99685113683953],[73.8020982578708,19.99699131281312],[73.80226667511712,19.99716107948959],[73.80237426199486,19.9973057812213],[73.80260790687859,19.99763625357685],[73.80281363799598,19.99800220391059],[73.80284881696898,19.99806831267428],[73.80298591961409,19.99840284851355],[73.80309501149675,19.99866943366133],[73.80321344363192,19.99913848652935],[73.80325362112463,19.99930390077087],[73.80330671946841,19.99956937688872],[73.8033429366745,19.99988773622585],[73.80335868161735,20.00004689484994],[73.80335306685036,20.00032271964689],[73.80334958946382,20.00077327789836],[73.8033375432396,20.00103911125504],[73.80332604875812,20.00139183655269],[73.80332085878415,20.00149274613579],[73.80329206485281,20.00187174359522],[73.80324237056327,20.00256785524711],[73.80322649548437,20.0029846524993],[73.80320354969827,20.0033984778942],[73.80320882311901,20.00380110769525],[73.80324351466534,20.00428757419548],[73.80329332455193,20.00453723601364],[73.80335661795331,20.00488609676955],[73.80347680423944,20.00536462072919],[73.80362268724073,20.00576733460621],[73.8037333707614,20.00603080324621],[73.80393164541474,20.00645912984305],[73.80409046601855,20.00673907024761],[73.80433270343259,20.00713373600385],[73.80440177821559,20.00724452369712],[73.8046126948834,20.00752187618972],[73.80477467081305,20.00774880207114],[73.80510197063597,20.00810910242662],[73.80535170413195,20.00836385684406],[73.80566813232808,20.00866051817598],[73.80601144749981,20.00894264813484],[73.80611210251364,20.00902544359283],[73.80646695757193,20.00927422588988],[73.80682670289792,20.00950011743482],[73.80685680490315,20.00951403213987],[73.807387140494,20.00979119167778],[73.8075350386545,20.00985623027529],[73.8079096540741,20.01002212649379],[73.80839237307305,20.01019836882633],[73.80908950243293,20.01043485293731],[73.81023354407647,20.01082326770947],[73.81101464571695,20.01107293966147],[73.81169504609248,20.01130662194109],[73.81182820863981,20.01134891113991],[73.81199325460514,20.01140922121244],[73.81243032413859,20.0115743591802],[73.8127093853323,20.0116899243763],[73.81348584688139,20.0120264116817],[73.81362661398005,20.01209012567305],[73.81397033903707,20.01224469056662],[73.81416237890946,20.0123324462161],[73.81443970853394,20.012455784575],[73.81506197565423,20.0127336938],[73.8161452965871,20.01322282681668],[73.8169913783289,20.0135769764215],[73.81746956584809,20.01377964392346],[73.81795625449543,20.01396669388564],[73.81808285254672,20.01400932991309],[73.81816284813117,20.01403559484018],[73.81850697208385,20.0141488577478],[73.8190027926737,20.01429059071971],[73.81946685195183,20.01444661206328],[73.81976954326227,20.01454370284946],[73.82068275148643,20.01482700566743],[73.82127613880607,20.01501117294656],[73.82220406408686,20.01530025564386],[73.8229499335364,20.01553935759638],[73.82397114746239,20.01587664403146],[73.82495571964671,20.01624615033414],[73.8262294410848,20.01676846699807],[73.82759882187622,20.01741957339854],[73.82910810025838,20.01812534479346],[73.83079719067365,20.01894660032537],[73.83160344405277,20.01938737169791],[73.83319086406316,20.02032537293113],[73.83634262021576,20.02224244264806],[73.83715042664777,20.02270856225208],[73.8397364946114,20.02423180035723],[73.84036744163772,20.02463352881533],[73.84110319084442,20.02507144162667],[73.84182697566406,20.02545171356952],[73.8425038125699,20.02577269571206],[73.8433971467961,20.02611869864804],[73.84420847286209,20.02642409130531],[73.84464680654955,20.02656056697299],[73.84763700824655,20.02743741318844],[73.84887705105218,20.02784005509096],[73.84975243621624,20.02811787724451],[73.85297625292004,20.02922538111189],[73.8532779421002,20.02933731963932],[73.85422830994469,20.02969449626731],[73.85536822322766,20.03015070396288],[73.85583074898804,20.03035772070432],[73.85602249828558,20.03045225236833],[73.85742395977702,20.03138104701959],[73.85860091837776,20.03221540885837],[73.85949218719836,20.03282741004693],[73.8600292299252,20.03323359690473],[73.8619787442266,20.0346028219232],[73.8633615004356,20.03558092857146],[73.86378427411225,20.03586132846243],[73.86415179002907,20.03612385120496],[73.86719694541549,20.03810520857785],[73.86935032758308,20.0395049228737],[73.86979835298824,20.0398050667091],[73.87055632219726,20.04046169582407],[73.87158302927085,20.04156138689267],[73.87447304933323,20.04469451414267],[73.87658965420087,20.04696975647723],[73.87745888569214,20.04793834589205],[73.87800275170655,20.04856571943437],[73.88114301045862,20.0518927738182],[73.88176678957255,20.0526594236212],[73.88262790656688,20.05362392163141],[73.88344581885504,20.05455736882301],[73.88474207846953,20.05601513000423],[73.88609491172127,20.05735180478183],[73.88826666371021,20.05951695328293],[73.88958565167958,20.06093811877134],[73.89033718710282,20.06170614550227],[73.8953556942412,20.06623360482655],[73.90012860496483,20.06964292737231],[73.90186558120712,20.07075819030958],[73.90341406447352,20.07181377893951],[73.90401565241717,20.0723871187606],[73.9031764208143,20.07404832579298],[73.90236993707428,20.07533470697791],[73.90180022202976,20.07606449042416],[73.90139981205681,20.07672919949425],[73.9007347979296,20.07819334904247],[73.89991288643792,20.08004524039359],[73.89931354403453,20.08088167571381],[73.89761532253429,20.08287983462476],[73.89691823585451,20.08386742463262],[73.89628480530781,20.08459816517745],[73.89417211684366,20.08718132723321],[73.89385349914892,20.08814910656082],[73.89366381658395,20.08908376204884],[73.89344522740302,20.09007808863666],[73.89315590499935,20.09089389388586],[73.89284765662816,20.09164309583209],[73.89265100520595,20.09179706773101],[73.89232719211904,20.0919579127509],[73.89190652179285,20.09216778635661],[73.89164995285344,20.09226532328598],[73.89122035234571,20.09268725190374],[73.89093005250659,20.09300793311914],[73.89057576463598,20.09327936455842],[73.89035728975537,20.09344282048196],[73.89018459704091,20.09365123471119],[73.89014048777017,20.09379563985626],[73.8900689778173,20.09506279881729],[73.88998771278769,20.09650688599614],[73.889787111288,20.09987461615247],[73.88982533421778,20.10023450718278],[73.89004077159757,20.10161902086872],[73.89018626755178,20.10259464170676],[73.8904501428757,20.10433747245537],[73.89042658656851,20.10450008334398],[73.89030582271235,20.10490559900136],[73.890134880708,20.10542596239818],[73.89012677542048,20.10561459026297],[73.89070175131809,20.10776259210907],[73.8908702496538,20.10824471833892],[73.89126533913122,20.10989936801973],[73.89130757826287,20.11046136819399],[73.89121724690297,20.11168780974645],[73.89112577145275,20.1127120088122],[73.89132691458285,20.11275337666197],[73.8923473483343,20.11286305731612],[73.89322892532563,20.11289810672057],[73.89371029932263,20.11294105014355]]}},{"type":"Feature","properties":{"name":"VIP route 1 via Indiranagar : Takali Sangam ghat (VIP) to Ch. Sambhajinagar road","sourceFolder":"Routes / VIP routes.kmz / VIP routes / VIP 1 : Takli sangam Ghat (VIP) direct movement","source":"Mobility plan Nashik KMZ (NTKMA)"},"geometry":{"type":"LineString","coordinates":[[73.77834161942803,19.99338950573428],[73.77812507393521,19.99294232166327],[73.77733162239848,19.99300582417536],[73.77684130147777,19.99304377717819],[73.77628780317318,19.99295704594743],[73.77571352215796,19.99313538082465],[73.77516303591075,19.99306379070693],[73.77488672442692,19.9930314932885],[73.77437350925958,19.99295273428676],[73.77401895825196,19.99289973221037],[73.77365708273658,19.99284423689565],[73.7732749789244,19.99278156128131],[73.77297046626143,19.99273506759116],[73.77236675547645,19.99269185678112],[73.77226523817914,19.9926841943838],[73.77152238863926,19.99253448422791],[73.7704661976619,19.99253315577023],[73.7699747356459,19.99263592726404],[73.76967230409906,19.99269784919315],[73.76939050625225,19.99278517382974],[73.7692910665221,19.99317537349303],[73.7692618826286,19.99352091045378],[73.76839372600364,19.99333247059942],[73.76827973226173,19.99300833865259],[73.76820273629777,19.99279403714043],[73.7680688674823,19.99257792106054],[73.76794729777338,19.99238679891833],[73.76771391191467,19.99232121099836],[73.76699473098431,19.99212509229794],[73.76631570987165,19.9920284405391],[73.76555398745579,19.99191860042544],[73.76517031990691,19.99182483138647],[73.76432272081072,19.99135310608422],[73.7635435402781,19.9909392892587],[73.76335843736969,19.99084059420977],[73.7635248432762,19.99071712281979],[73.76391018550679,19.99042895965245],[73.7640061673303,19.99035573367572],[73.76434220239602,19.99015572179644],[73.76466748705859,19.98995947656034],[73.76500370588933,19.98986417891317],[73.76553466705724,19.98970689190877],[73.76594551934767,19.9895194578983],[73.76635875441889,19.98932662825598],[73.76689428934226,19.98907683282841],[73.76714606482109,19.98895885579335],[73.7677901543611,19.98860286588941],[73.768817801223,19.98804107047886],[73.76937876679408,19.98767055719768],[73.76997166422271,19.98726399967781],[73.7705554178592,19.98695285189123],[73.77074293083948,19.98685625756345],[73.77099698958212,19.9867130466409],[73.77155679410401,19.98639917166774],[73.77178355639771,19.98626815204359],[73.77219677521983,19.98599262072493],[73.77268043765106,19.98566620199094],[73.7729537150576,19.98548035922716],[73.77356690992829,19.98511682450232],[73.77389429128105,19.98491823623882],[73.77405583815553,19.98482479345893],[73.77423298998755,19.98472502640959],[73.7742970462027,19.98468881188427],[73.77480185903266,19.98403186610234],[73.77504331286333,19.98371063323686],[73.77517599234228,19.98353393080083],[73.77526822672905,19.98340469161359],[73.77543628342934,19.98316081336439],[73.77552783559157,19.98302713266458],[73.77569137849402,19.9827883082421],[73.77608045700634,19.98232966827547],[73.77674028425513,19.98154872268109],[73.7771345994569,19.98109003389668],[73.77749804831492,19.98066890202205],[73.77774497139916,19.98053118881365],[73.77817394746937,19.98029953787195],[73.7783830988818,19.98018637829382],[73.77853349616281,19.98010967307962],[73.77870334730943,19.98002162322836],[73.77888965745792,19.97992486668642],[73.77913295960673,19.979898744393],[73.77954913910831,19.97985289620438],[73.77966775785836,19.97972558122211],[73.77940998059772,19.97937707361418],[73.77918232202217,19.97907720351785],[73.77895212497666,19.9788034094317],[73.77862741212006,19.97842992836692],[73.77834565606625,19.97811384453485],[73.7779331483505,19.97764525864785],[73.77757974216989,19.97724601807639],[73.7772324290544,19.97686864217465],[73.77672572092321,19.97634516508267],[73.7764751159713,19.97608391551847],[73.77636414592415,19.97596827077115],[73.77575247554513,19.97527457067942],[73.7751959518345,19.97458880621293],[73.77474214802159,19.97415043247084],[73.77430994771183,19.97373132780449],[73.77409442072565,19.97341363215723],[73.77381310624834,19.97299829244171],[73.77372631864851,19.97287048053707],[73.7733075471698,19.97248935080687],[73.77307442919759,19.9722765415533],[73.77273889435007,19.97199216597406],[73.77238276991946,19.97169271603803],[73.7721649201839,19.97150939796671],[73.77142247918746,19.97088321847581],[73.77107939225375,19.97059405349852],[73.7709043935382,19.97041118781342],[73.77070360059142,19.97020475391464],[73.77043985384346,19.96990291518991],[73.77022526766201,19.96965091108701],[73.7698072008126,19.96915496679506],[73.76960299110297,19.96891804730803],[73.7694218799784,19.96870928274334],[73.76904126693498,19.96822379907292],[73.7686452799163,19.96771833945426],[73.76812562817933,19.96705576180861],[73.7674483305039,19.96618998794118],[73.76708721458864,19.96575370100336],[73.7666183944586,19.96519715069855],[73.76644746592908,19.96498855433895],[73.7662944268461,19.96480309935464],[73.76599325018172,19.96443904463291],[73.76566330668476,19.96402829828218],[73.76553930255005,19.96387644335343],[73.76532272833282,19.9636214062093],[73.76493038891456,19.96316365813728],[73.76465859332272,19.96284157549488],[73.76442000072082,19.96256879523036],[73.76414515948291,19.96225854685832],[73.76383701809426,19.96193322782054],[73.76357268851964,19.96165584197609],[73.76342592735331,19.96150491968564],[73.76316929344662,19.9612540943623],[73.76283107860434,19.9609452310493],[73.76225228889906,19.96041370193186],[73.76188072322468,19.96007850021537],[73.76127627697467,19.95956355622086],[73.76092539034916,19.95926156353941],[73.76059420953396,19.95897338744118],[73.76030962878963,19.95873382257883],[73.7597366057161,19.95824953068119],[73.75935839434194,19.9579296679768],[73.75885607746157,19.95749621998362],[73.75850723507841,19.95719012546857],[73.75823160409782,19.9569503291229],[73.75831835359865,19.95686602221123],[73.75861513052205,19.95662099730088],[73.75911150951951,19.9570390517782],[73.7595549696432,19.95742699779888],[73.7599324553879,19.95774059793544],[73.76013755519003,19.95791531290854],[73.76060728465639,19.95829157183821],[73.76079609226701,19.95844656866711],[73.7612239649022,19.95882242734402],[73.76202075847627,19.95952357655748],[73.76246991194864,19.95992205791188],[73.76281326086075,19.96023328494682],[73.76313553647492,19.9605225628638],[73.76332667960529,19.96069262512208],[73.76379955151636,19.96113955496321],[73.76441952137436,19.96184005494355],[73.76461217054151,19.96206276945282],[73.7649511568417,19.96246132006958],[73.76538018174314,19.96296421184739],[73.76562242693717,19.96324671477212],[73.76591732474522,19.96358942171036],[73.76628237803476,19.96401574445387],[73.76655282436049,19.96433017307232],[73.76703733545659,19.96489290249318],[73.76742406102413,19.96534226159307],[73.76774850233743,19.96571850817713],[73.768015063482,19.96603054514224],[73.76830520789008,19.96641107528488],[73.76855813157923,19.96674394449939],[73.76879161828093,19.9670550701823],[73.76921091436883,19.967609287013],[73.76952738308363,19.96802666858053],[73.76973053212474,19.96829299836926],[73.77020205454629,19.96893306217403],[73.77051334532399,19.96935134996075],[73.77073128962091,19.96964873995078],[73.77109425554232,19.9701436741921],[73.77143740446309,19.97050252754707],[73.77173083403197,19.97076929829909],[73.77185561583386,19.97088372921431],[73.77207528789167,19.97108350998728],[73.77238184416751,19.97134073714293],[73.77255861302844,19.97148800800085],[73.77281362954577,19.97170348310645],[73.7729902222281,19.97185125620773],[73.7731916844197,19.97201464685917],[73.77348030293541,19.97224791159973],[73.77361395705424,19.97236990166281],[73.77383890014492,19.97257937251885],[73.77427679636742,19.97301661394552],[73.77445513491595,19.97319586242562],[73.77470901713622,19.97348595944414],[73.77505128098257,19.97388029642228],[73.77515844533858,19.9740030242663],[73.77546850896022,19.97434558417666],[73.77566934322839,19.97456769598572],[73.7758777300031,19.97480090462085],[73.776102128134,19.97505241413418],[73.77632372962465,19.97529878179589],[73.77658379693021,19.97558802115277],[73.77697115583676,19.97603343240427],[73.77753755313847,19.97668670860984],[73.77804316404023,19.97726769381604],[73.7782064715297,19.9774555851028],[73.77842233738441,19.97770457468955],[73.77881313342314,19.97815807914577],[73.77924684499261,19.9786791342473],[73.77961839713103,19.97913770625295],[73.77987646545658,19.97945672207747],[73.78005277117104,19.97967139876553],[73.78057524574885,19.98030084192951],[73.78083765252026,19.98061961524598],[73.78133254457356,19.98121823935766],[73.78144492367552,19.98134908756163],[73.78171850475223,19.98169361950583],[73.78190495134159,19.98197153112338],[73.78210592540027,19.98226791642158],[73.78217048410019,19.98236572507757],[73.78254869411688,19.9830783167002],[73.78282241558806,19.98373375772744],[73.78288612132555,19.9838850044074],[73.78310948994657,19.98434151463507],[73.78325513807451,19.98463643386449],[73.78354653167513,19.98518259194017],[73.78373829633846,19.98553934889548],[73.78387936845381,19.98574807591858],[73.78412473461627,19.98615821255531],[73.78445763080046,19.98667162507911],[73.78492548295529,19.98726133735764],[73.78529827957387,19.98760474737902],[73.78571122228452,19.987923376431],[73.7866169325146,19.98845731924432],[73.78800082331308,19.98920455934194],[73.78811809613852,19.98926960152794],[73.78920200967433,19.9898351017592],[73.79001784414238,19.99026009015908],[73.79122921931958,19.99090602741836],[73.7917472079408,19.99118211443896],[73.79210136932373,19.99136374719115],[73.79255519748315,19.99159861426089],[73.79322083592517,19.99194139640977],[73.79375590106409,19.99223650255634],[73.79444278850411,19.99262178486601],[73.79506126679155,19.99293775040747],[73.79574201750277,19.99331125726204],[73.79597925738605,19.99344030389645],[73.79726713666254,19.99413132170474],[73.79758797230885,19.99430452232478],[73.79857643581249,19.9948163296969],[73.7990405512746,19.99505296258292],[73.79941007997601,19.99523029696606],[73.79973284174767,19.99538300959105],[73.79999096066094,19.99551182288709],[73.80063440213256,19.99583463003685],[73.80089465832008,19.9960221217985],[73.8013543255626,19.99635010522424],[73.8019135398457,19.99681402829972],[73.80194090029768,19.99683681193027],[73.80227799979002,19.99717045894705],[73.80245282266617,19.99741693643986],[73.80260034547265,19.99762737086744],[73.8028527316368,19.99807373855015],[73.80309287612863,19.99866234698753],[73.80325375476085,19.99930041321527],[73.80330615264981,19.99956604358692],[73.80334857784806,19.99994877981039],[73.80335697884661,20.00003827538298],[73.80334988562834,20.00061885025818],[73.80334845315711,20.00077082897158],[73.80333071633648,20.00122967455065],[73.80332083038492,20.00148778848233],[73.80327800804749,20.00207229476275],[73.80324479214008,20.00253687326979],[73.80322645513776,20.00296544375697],[73.80320597779145,20.0033597677399],[73.80320425308044,20.00338953704464],[73.80320627670066,20.00369259104507],[73.8032067169503,20.00375100081683],[73.80322831721423,20.00407575809881],[73.80324497652322,20.00428540765466],[73.80331280108666,20.00464268796539],[73.80335515103596,20.00488234029402],[73.80348256295159,20.00538639898422],[73.80361537394958,20.00574616900186],[73.80373134742247,20.00602749429382],[73.80393235451186,20.00646058793419],[73.80407233544766,20.00670708256349],[73.80422691187266,20.00696006974018],[73.80440564119067,20.00724977982503],[73.80461738949833,20.00752457486727],[73.80477683361559,20.00775097149454],[73.80509698049495,20.00810512137615],[73.80535339870596,20.00836558949668],[73.80567495023067,20.00866672363145],[73.80581566992981,20.00878258850169],[73.80610788259402,20.00902122782117],[73.80647137030704,20.00927646038715],[73.80682670289792,20.00950011743482],[73.80685705562345,20.00951466106334],[73.80738003463765,20.00978783564668],[73.80757127917552,20.00987315291864],[73.80790130564685,20.01001864992093],[73.8085980231617,20.01026943026805],[73.80943707125307,20.01055323530142],[73.81033087093464,20.01085630702384],[73.81097785007304,20.01106065073179],[73.81169150500945,20.01130443638167],[73.8118217796137,20.01134773669649],[73.81235932250263,20.01154817238525],[73.81257394345441,20.0116338731377],[73.81265539185252,20.01166847137811],[73.81336108485357,20.01197251157516],[73.81354303373291,20.01205224298379],[73.81385963911693,20.01219619550949],[73.81409516963906,20.01230188686654],[73.81454614788801,20.01250342069907],[73.81492310918195,20.01267142756027],[73.81507031794699,20.0127385657336],[73.81537553715202,20.01287391947532],[73.8160764708992,20.01319344135768],[73.81689602925647,20.0135373282534],[73.81732233864864,20.01371734539492],[73.81749131253697,20.01378902240109],[73.8179619373705,20.01396931032075],[73.8181357801311,20.01402607038767],[73.81850041034548,20.0141467532905],[73.81898105807892,20.01428406388552],[73.81904088837531,20.01430184683843],[73.81933584953312,20.01440145556942],[73.8204934746757,20.0147676316843],[73.82139035412352,20.01504716099278],[73.82223596243982,20.0153110144236],[73.82295120818863,20.01554081253697],[73.82327860401732,20.0156481220992],[73.82394360126465,20.01586918742352],[73.82425014085808,20.01598102456778],[73.82455512350529,20.0160939372124],[73.82469841945269,20.0161480058428],[73.82498068780994,20.01625643905329],[73.82556734593351,20.01649749524924],[73.82594002667855,20.01664701370795],[73.82614683449547,20.01673189505369],[73.8267183144356,20.01699590306907],[73.8270660114764,20.0171642276544],[73.82761889598369,20.0174320502119],[73.82823329532593,20.01771497154422],[73.82908645619575,20.01811525262039],[73.82996246969348,20.01853920049519],[73.83071811929007,20.01890925165389],[73.83098140966541,20.01904217206336],[73.83123560092372,20.01918466252646],[73.83160280810708,20.01938714852247],[73.83193066804373,20.01957970181926],[73.83245053607844,20.01988692154394],[73.83319720632903,20.02032921919606],[73.83482031079828,20.02131490247111],[73.83583768483862,20.02193756572915],[73.83640533242577,20.02227918025921],[73.8373405244671,20.02281820017298],[73.8397364946114,20.02423180035723],[73.84031244003037,20.02459872336459],[73.84111221222534,20.02507534586374],[73.8417982668955,20.02543325063166],[73.84200845266572,20.02553638951406],[73.84207878073182,20.02515167520774],[73.84211145109997,20.02379770726266],[73.84212766934341,20.02360592763788],[73.84239850108979,20.02196343865805],[73.8425885775878,20.02098814984897],[73.84268623263866,20.02068207303822],[73.84286141724355,20.01941122131841],[73.84295145449848,20.01877282154306],[73.84304394092862,20.01715886197434],[73.84317645411441,20.01588016219871],[73.84327075318708,20.01540167730366],[73.84364457720007,20.01403540530093],[73.8438388232321,20.01328408251682],[73.8438454794622,20.01224759202723],[73.84388493509601,20.01149054466119],[73.84385062139702,20.01042327111097],[73.84398420889399,20.00728597645569],[73.84399965942187,20.00665468731914],[73.8440203576757,20.00615372112645],[73.84409250168952,20.00450567516687],[73.84415114703718,20.00312893152259],[73.84421186253809,20.00150204489989],[73.84423791199436,20.00017035410237],[73.84426793030663,19.99966087414852],[73.84433108949817,19.99832090838744],[73.84437254869368,19.99741100015282],[73.84439839019414,19.99712106239075],[73.84544345388389,19.99731860425293],[73.84735732892678,19.99761512677435],[73.84920795543196,19.99785887752953],[73.85085724614558,19.99826491213607],[73.85153753341415,19.99836115466106],[73.85342633162725,19.99850286316233],[73.85520084186862,19.99871327652322],[73.85590883983426,19.99884551112405],[73.85685036911674,19.99903165945109],[73.85766729306954,19.99914679852681],[73.85887944675727,19.99936238271087],[73.85962688948834,19.99950003331302],[73.86064427592964,19.99960460320002],[73.86260255694957,19.99974723108845],[73.86409339485886,19.99985607457403],[73.86545246357421,19.99997211921201],[73.8661466725379,20.00010437129997],[73.86800661136115,20.00051652171413],[73.86892350243734,20.0007255462939],[73.8696131568521,20.00084991826568],[73.87020227807899,20.00084962572198],[73.87087066940711,20.00074689230399],[73.87146765971625,20.00067002466627],[73.87174382174612,20.00064709740128],[73.87221748529501,20.00064320517046],[73.8729656515736,20.00070098765386],[73.87346297420532,20.00078292273523],[73.87399346731729,20.00085147879577],[73.87460005721059,20.00098300580453],[73.87504726705468,20.00105880149018],[73.87527292387796,20.00113567541487],[73.87571077384554,20.00128146269877],[73.87618322651419,20.00144581027486],[73.87638965328222,20.00149611424908],[73.87867727064337,20.00177654060739],[73.87905338279697,20.00180841217606],[73.87971754423579,20.00182326880408],[73.88017019639183,20.00181438062321],[73.88086052817347,20.00178860948362],[73.88162696805273,20.0017715979411],[73.88205848161175,20.00172572755855],[73.88256515000606,20.0016530904913],[73.8840093231536,20.00131225631474],[73.88683251497827,20.00062319737618],[73.88738968430634,20.00049076090701],[73.88883568264806,20.00016340593789],[73.8893615734648,20.00004086824232],[73.89021925195141,19.99974190803782],[73.89146858233879,19.99927495266783],[73.89284300186578,19.99877298791698],[73.89309124782001,19.99868548814383],[73.89333534022212,19.99857590193395],[73.89401485737241,19.99821745890892],[73.89427880629395,19.99803099095598],[73.89480580926431,19.99761257051301],[73.89542785040797,19.99717096293131],[73.89586576830978,19.99702651520695],[73.89630951704599,19.99691084191302],[73.89756543846548,19.99661029753224],[73.89813898866754,19.99648215002516],[73.89860184982263,19.99640450285081],[73.89942671325568,19.99646863643686],[73.90056151860605,19.99655900481993],[73.90241906857308,19.99673819001328],[73.90303439226147,19.99679912428422],[73.90414735240458,19.9969438221868],[73.90537782045733,19.99708588575948],[73.90608441031198,19.99711428713963],[73.90653984200965,19.99710883015881],[73.90762674779725,19.99709659046864],[73.90816011379837,19.99723535089885],[73.90925754299258,19.99764509403542],[73.91028271034195,19.99803799970033],[73.91048301561808,19.9981058702828],[73.91088018052827,19.99821762619379],[73.91139318474104,19.99819166848305],[73.91201761431957,19.99801142064561],[73.91227639685788,19.99791865751299],[73.91297222736085,19.99771027679895],[73.91324390539614,19.9976319155191],[73.91446349066078,19.9974293956712],[73.91522927424073,19.99737177903263],[73.91610760985415,19.99734135740729],[73.91628179549258,19.99733421678684],[73.91647649268805,19.99736974984685],[73.91722710650605,19.99754190374776],[73.9174036854923,19.99760034627574],[73.91783050494834,19.99780591375085],[73.91884055638033,19.9983617751521],[73.91980851762659,19.99895188443565],[73.92058850837078,19.99943690991007],[73.92157340842088,19.99990294840624],[73.92213125591009,20.00005713045525],[73.92250213980037,20.00012482419287],[73.92293936290326,20.00008962199539],[73.92454785633863,19.99981159911129],[73.92546161108798,19.99964179761449]]}},{"type":"Feature","properties":{"name":"VIP route 1 via Indiranagar : Trimbak road to Govt resthouse","sourceFolder":"Routes / VIP routes.kmz / VIP routes / VIP 1 : Takli sangam Ghat (VIP) direct movement","source":"Mobility plan Nashik KMZ (NTKMA)"},"geometry":{"type":"LineString","coordinates":[[73.77833423785822,19.99338905293874],[73.77811722927353,19.99295192354235],[73.77684160710035,19.99305243459114],[73.77628934741472,19.99296460732441],[73.77571568602087,19.99314248156643],[73.77534244349688,19.99309567181109],[73.77488051666465,19.99303836843907],[73.77430078024922,19.99294925730572],[73.77364144901506,19.99285019150727],[73.77297292470774,19.99274207606047],[73.77250499908025,19.99270870751255],[73.77226275443859,19.9926911937326],[73.77151970537516,19.99254305489659],[73.77086319062384,19.99254205523449],[73.77046863382739,19.99254106393081],[73.77006541423773,19.99262496063243],[73.76968236011066,19.99270300276526],[73.76947158027785,19.99276641594596],[73.76939785905263,19.9927898301747],[73.76929937465519,19.99317821264567],[73.7692692444741,19.99352850086847],[73.76896999011572,19.99346565117536],[73.76862726253258,19.9933897040506],[73.76838637696916,19.99333992919399],[73.76819627642293,19.99280056812684],[73.768136461127,19.99270445583054],[73.7679440987822,19.99239513183042],[73.76767622000185,19.99231803358021],[73.76760250104539,19.99229949027798],[73.76719838530273,19.99218850465019],[73.76698829413863,19.99213287542168],[73.76647967613842,19.9920593893596],[73.76630628108697,19.99203596067395],[73.76581005257538,19.99196177237952],[73.76555047892005,19.99192662805188],[73.76516224397811,19.99183188817706],[73.76476620893821,19.99161164878824],[73.76436544369787,19.99138817577725],[73.76357586769102,19.99096685458375],[73.76334375602397,19.99083883144668],[73.76367975549559,19.99059149242676],[73.7639995713161,19.99034953454725],[73.76446244650379,19.99007277207356],[73.76466492350794,19.98995179541814],[73.76511014853857,19.98982334561202],[73.76552858871334,19.98970043169363],[73.7658744726937,19.98954260209285],[73.76649123617555,19.98925675065868],[73.76714064958215,19.9889502297682],[73.76747522511677,19.98876572884322],[73.76788743770551,19.98853742980886],[73.7686327033681,19.98813098677484],[73.76881544600504,19.98802951931539],[73.76918334352523,19.98778918668987],[73.76953117807572,19.98755405040788],[73.76996505414365,19.98725158906665],[73.77074869290622,19.98684300823071],[73.77112651103538,19.98662978303271],[73.77177950173723,19.98625970178204],[73.772634506198,19.98568659031551],[73.77294391507039,19.98547681533247],[73.77335891072937,19.98522979963619],[73.77370154179967,19.98502392711582],[73.77396327760391,19.98486924416305],[73.77429033258993,19.98467800653422],[73.77441673971117,19.98451889650484],[73.774823830545,19.98399007482226],[73.77525251134577,19.98341051908296],[73.77547366300061,19.9830885288605],[73.77568588597751,19.98278198351882],[73.77593506863464,19.98248731304658],[73.77660960496031,19.98169132596753],[73.77706582905878,19.98115997119094],[73.77749461374049,19.98066128055829],[73.7779762095121,19.98039572014903],[73.77889235571017,19.97991221566834],[73.77940303409198,19.97986049760109],[73.77954111775915,19.97984293283288],[73.77966155067315,19.97971608530277],[73.77939977652613,19.979364328271],[73.77918999580054,19.97908675916932],[73.7788577627471,19.97869158864818],[73.77811292801641,19.97784904384291],[73.7776602352148,19.97733702636781],[73.77742524180482,19.97707395814669],[73.77703903044028,19.97667000205767],[73.77677117570924,19.97639094025384],[73.77636731011788,19.97597385783851],[73.77576809962538,19.97529264059528],[73.77541511970199,19.97486136094744],[73.77519458851408,19.97458753472566],[73.77431340621496,19.97373629664912],[73.77372858471877,19.97287095339697],[73.7729908702743,19.97220205577716],[73.77208636457075,19.97144366749388],[73.77107824304193,19.97059129508441],[73.77090487677745,19.97041175255461],[73.77070764191451,19.97020877428334],[73.77017094240618,19.96958915986285],[73.76979713435199,19.9691436684344],[73.76941615505545,19.9687045698352],[73.76892101262816,19.96807274294064],[73.76828678094843,19.96725963902336],[73.76755636262487,19.96632711803066],[73.767049063725,19.96570768708433],[73.766724154994,19.9653251782809],[73.76661412282508,19.96519247150485],[73.76634319463625,19.96486460661188],[73.7657110134882,19.96408404604194],[73.76540583444594,19.96371812420935],[73.7649238486606,19.96315465928055],[73.76468581533139,19.96287622167225],[73.76437564585758,19.96251847106057],[73.76416700597754,19.96228427884936],[73.76399614120297,19.96210130953448],[73.76373352463561,19.96182125287153],[73.76322192587848,19.96130246619155],[73.7630431341897,19.96113804157274],[73.76287393826698,19.96098386122619],[73.76276130592235,19.96088213121033],[73.76228461786542,19.9604448053831],[73.76192514425348,19.96011970803054],[73.76163165976509,19.95986416837662],[73.76143792604435,19.95969911469426],[73.76107581760836,19.95939401894015],[73.76076199805217,19.9591174289807],[73.76020108662134,19.95863938274341],[73.75969464904382,19.95821203430697],[73.75921657535281,19.95780751724045],[73.75895886076484,19.9575875774423],[73.75853581984646,19.9572140503196],[73.75823169651234,19.95694861717503],[73.75746456121874,19.95630345009145],[73.75705145360426,19.95596872546747],[73.75686981329865,19.95579990163408],[73.75650760044802,19.95545711471329],[73.75636644123932,19.95532830083885],[73.75602575500629,19.95498825190527],[73.7558565744278,19.95482138058436],[73.75568753007762,19.95465936072649],[73.75546774705806,19.95440753164698],[73.75525246413397,19.95417293220837],[73.7550212802917,19.95393172648652],[73.7548337759615,19.95370458096694],[73.75467439886816,19.9535418777825],[73.7544399828364,19.95328586936004],[73.75360536906992,19.95239153864292],[73.7532045744316,19.95204078945531],[73.7532045744316,19.95204078945531],[73.7516762014074,19.95081755108546],[73.75093620522506,19.95024784536469],[73.74999659317746,19.94949939835366],[73.74948562812196,19.94909374390379],[73.74816799101424,19.94796138441533],[73.74758230455659,19.94743113473487],[73.74647548834963,19.94641353318092],[73.74539233042645,19.94537662818944],[73.74495112520188,19.94496077739223],[73.74456549335247,19.94456759796651],[73.74398937391459,19.94398868471131],[73.74181167682293,19.9462553236344],[73.74033116391907,19.94755344256271],[73.73768427378701,19.95020337370465],[73.73674558540814,19.95121573038039],[73.73631368953023,19.95166971941882],[73.73589098974811,19.95248210861168],[73.73544386463547,19.95340182954919],[73.73534842354826,19.95378060984302],[73.73522805017187,19.95422702743455],[73.73520364019576,19.95514443334082],[73.73521271301074,19.95569895853726],[73.73522487649905,19.95788906163196],[73.7351704650337,19.96149879805014],[73.73518324948307,19.96240850599518],[73.73517928631986,19.96324711726812],[73.73479475921447,19.96336681364353],[73.73455481190274,19.96347840686179],[73.73421816944483,19.96374591823958],[73.73368334005374,19.9644569525452],[73.73338494720488,19.96487152794659],[73.73316724958073,19.96524278267369],[73.73229638345632,19.96683286671869],[73.73162820644764,19.96803515609386],[73.73109378824242,19.96901177212887],[73.73039577882933,19.9702101553433],[73.72878467448638,19.9728292559325],[73.72855954884852,19.97313718749395],[73.72792002161069,19.97411649108442],[73.72779264993432,19.97432613613896],[73.72731702058415,19.97550448865692],[73.7271689010561,19.97586447506796],[73.72613081558373,19.97857281930616],[73.72573645122536,19.97945357263093],[73.72554165511913,19.9798858879828],[73.72520703925053,19.98074351734158],[73.72484924112787,19.98181426427378],[73.72465157607505,19.9824750471572],[73.72454489852575,19.98280751370104],[73.72414036759962,19.9841056338413],[73.72361533574298,19.98579796954281],[73.72303559009957,19.98555171554641],[73.72232729758728,19.98516706666595],[73.72120330240972,19.98470603068531],[73.72001807154169,19.98419838495718],[73.71952462583866,19.98399112553341],[73.71936535489719,19.98393308706732],[73.71911095303123,19.98380394706398],[73.7186119657507,19.98351076124893],[73.7182953070593,19.98331882545875],[73.71819855246387,19.98323288429721],[73.717577650743,19.98271014595227],[73.71720327378505,19.98239783451811],[73.71703396498667,19.98224327795871],[73.71690355662271,19.98214476301229],[73.716838403112,19.98209325353081],[73.71660416916313,19.98199792349997],[73.71625107175352,19.98186119286338],[73.71590864825562,19.98177460187942],[73.71509858942288,19.98160791226688],[73.71494673261768,19.98157553204905],[73.7147242835588,19.98153607182174],[73.71424807574171,19.98149881096717],[73.71403291439337,19.98152234062203],[73.71311374101704,19.98163932668533],[73.71288857117757,19.98165775158646],[73.71268776057666,19.9816633931589],[73.71251855570044,19.98162353026838],[73.71237324503257,19.98155714199829],[73.71220235671619,19.98144989582703],[73.71155122721737,19.98100970686939],[73.71121882985373,19.9807622691735],[73.71032930636451,19.98006345471805],[73.70988676138995,19.97975802148462],[73.70944249312177,19.97956371324623],[73.70880742530838,19.97943815902127],[73.70794644299893,19.97932959586092],[73.70757890812847,19.97929257456256],[73.70721694001111,19.97927473760268],[73.70684797709151,19.97925114757367],[73.70563504098592,19.9791346546111],[73.70495864741356,19.97905504203658],[73.70449389295068,19.97902882904792],[73.70390452734931,19.97900149213856],[73.7033936320611,19.9789822649023],[73.70264502108961,19.97895833870736],[73.70232228858488,19.97895585202901],[73.70208598623405,19.97894636103384],[73.70162308821212,19.97889413043492],[73.70140066647657,19.97883285574762],[73.70098270255473,19.97873401485474],[73.7004387658825,19.97859743016267],[73.70006988343395,19.97849888507275],[73.69950020107362,19.97839150513598],[73.6986598959493,19.97826316101989],[73.69741759886305,19.97810212977369],[73.69693278929873,19.97803904763294],[73.69530403070928,19.97778459872425],[73.69486641648636,19.97771867800298],[73.69458250463873,19.97762787282877],[73.69420251992038,19.97747352163861],[73.69384166542666,19.97734256457556],[73.6935646923809,19.97721879240963],[73.69332773362765,19.97711638851881],[73.69297718736902,19.97693191546317],[73.69260824861573,19.97673710274997],[73.69193962263968,19.97621450142983],[73.69153406394514,19.97588202917701],[73.69135759777556,19.97574128960184],[73.69060566790044,19.97543696095828],[73.69020647730434,19.97528115947442],[73.68983739469616,19.97514158904186],[73.68909383462233,19.97487672672812],[73.68828394792962,19.97459358112783],[73.68794741842845,19.9744770925226],[73.68694119477213,19.97411920384218],[73.68605200623117,19.97381402203314],[73.68576240640958,19.97369871946178],[73.6841331434791,19.97311055325472],[73.68331244059745,19.97284907472357],[73.68246193004546,19.97257530284596],[73.68173416824011,19.97237698555631],[73.68136449141875,19.97226756004541],[73.68098535395728,19.97216044073684],[73.68041709698183,19.97202837715982],[73.67951057223024,19.97181263564426],[73.67897997597167,19.97168787039482],[73.67831057574377,19.97153404239872],[73.67799039642343,19.9714508328788],[73.67774871797236,19.97137479498174],[73.67752943128657,19.97130549290288],[73.67719172674258,19.97119252528112],[73.67681790334055,19.97107513163093],[73.6756165341197,19.97069946183019],[73.67521059237188,19.97056644257353],[73.67463270146585,19.97037541505716],[73.6737503199787,19.97011362683697],[73.67226304401854,19.96963840636336],[73.67167352626355,19.96946389988574],[73.67070277433932,19.96916606450237],[73.6703708206467,19.96906216787076],[73.67001219284928,19.96894873302442],[73.66880181456388,19.96856327314602],[73.66818069150952,19.96836200126286],[73.66727568946585,19.96808408646609],[73.66712785153919,19.96803420899279],[73.66685390619566,19.96786724882697],[73.66668502408348,19.96777662387539],[73.66608145026707,19.96740113696195],[73.66575637357967,19.96723793398541],[73.66536487126662,19.96713478474316],[73.66520629987191,19.96709054095916],[73.66492258305857,19.96705040875373],[73.66477116028598,19.9670263331681],[73.6643364674081,19.96696100769064],[73.66349018609938,19.9668302721078],[73.66298176573127,19.96672709563646],[73.66282619413934,19.96667282750228],[73.66221964148568,19.96644792801472],[73.66174975894968,19.9662853718293],[73.66121101835692,19.96610190072118],[73.66102614642982,19.96605024041182],[73.66059311323913,19.96596836302215],[73.65956260802704,19.96585295590948],[73.65875586285972,19.96576151141771],[73.65695051200238,19.96563811166232],[73.65596841531985,19.96557289393908],[73.65523892190673,19.96552217065913],[73.65474909606779,19.96549178816419],[73.65437256746594,19.96546432455316],[73.65422298366809,19.96545134290754],[73.65392224083932,19.96542935309082],[73.6536548339942,19.96541642053406],[73.6533159548286,19.96538440571178],[73.65315270967996,19.96536232768532],[73.65293974267061,19.96534291636657],[73.65199240485984,19.96524879851847],[73.651138822616,19.96515123209964],[73.65006480347944,19.96501263575599],[73.64954391219175,19.96485659889469],[73.6486404800268,19.96456793384905],[73.64805692706261,19.96436555020299],[73.64788161267913,19.96430667581374],[73.64761126543942,19.96415393661137],[73.6469935347376,19.96379269673922],[73.64591817659738,19.963099409595],[73.6453856869107,19.96276787090013],[73.64466831256989,19.96231298201953],[73.64421706473539,19.96202110565245],[73.64393815340344,19.96183359415273],[73.64335364487444,19.96146607392237],[73.64314831807391,19.96133792190565],[73.64244766218891,19.96091158808115],[73.64212091365414,19.96072681725939],[73.6419523534546,19.96062915139106],[73.64163651962771,19.96044615360012],[73.64157295694078,19.96041281195299]]}},{"type":"Feature","properties":{"name":"VIP route 1 via Indiranagar : Ganagpur road to Govt. Resthouse","sourceFolder":"Routes / VIP routes.kmz / VIP routes / VIP 1 : Takli sangam Ghat (VIP) direct movement","source":"Mobility plan Nashik KMZ (NTKMA)"},"geometry":{"type":"LineString","coordinates":[[73.77832413991942,19.99339163670709],[73.77817216862847,19.99307560681112],[73.77811482631823,19.99295796994957],[73.77801056979142,19.99296513462663],[73.77760298252002,19.99299946959982],[73.77732421288711,19.99302102526302],[73.77695023743011,19.99304937079227],[73.77684034671077,19.99305712707553],[73.77666259875407,19.99303034574933],[73.77629204097376,19.99297110993313],[73.77616803528252,19.99300675821027],[73.77571596606677,19.99314843593981],[73.77562069792968,19.99313607761361],[73.77543058562136,19.99311073359004],[73.77514641355467,19.99307631451312],[73.77487365906227,19.99304190434517],[73.7745651535049,19.99299460711476],[73.77417814516102,19.99293479551632],[73.77379985862964,19.99287804490396],[73.77361351658509,19.99284992779933],[73.77316591395952,19.99277658831626],[73.77297133514276,19.99274556137452],[73.77266137113558,19.99272318062195],[73.77226152729563,19.99269530955474],[73.7720313812624,19.99265060149883],[73.7715194727237,19.99254766399818],[73.77105426180387,19.99254654197947],[73.77047460282229,19.99254594613559],[73.77027856396576,19.99258756785274],[73.76994375918828,19.99265436677004],[73.76968865232894,19.99270620494114],[73.76949736025152,19.99276515358322],[73.76940280562378,19.99279694048282],[73.76930652962523,19.99317686006713],[73.76927897855627,19.9934629422996],[73.76927365937509,19.99353655292593],[73.7688938188288,19.9934554718755],[73.76857740985335,19.99338435093817],[73.76838480264318,19.99334610856431],[73.76819169672892,19.99280166442367],[73.76801321080595,19.99251794322636],[73.76794036829065,19.99239921693858],[73.76757340490127,19.99229569971546],[73.76713815761288,19.99217743702003],[73.76698570059817,19.99213645216204],[73.76646556350126,19.99206442611643],[73.76580630065418,19.99196669416353],[73.76554933717654,19.99193132806006],[73.7653610299628,19.99188571812799],[73.76515768480819,19.99183557373421],[73.76485950901291,19.99166805963288],[73.76412303955516,19.99126368400337],[73.76378872178051,19.99108592430911],[73.76344193730169,19.99089819918079],[73.76333484932341,19.9908376109192],[73.76354818627206,19.99068044451777],[73.7636797465451,19.990586084601],[73.76399668207625,19.99034508971916],[73.7642180824971,19.990214127972],[73.76451709551348,19.99003527478105],[73.7646591811557,19.98994921600536],[73.765054725584,19.98983495329595],[73.76538768163353,19.98973679253258],[73.76552703503187,19.98969476265788],[73.76597972954441,19.98948847219661],[73.76605892688623,19.9894496586922],[73.76655102516871,19.98922205876992],[73.76674016110958,19.98913207502049],[73.76713905411683,19.98894470636797],[73.76784607037769,19.98855398730099],[73.76815310137528,19.98838481084532],[73.76850921283147,19.98819048891646],[73.7688088915703,19.98802643901718],[73.76916554131894,19.98779540257986],[73.76944601843725,19.98760574323765],[73.76968129646882,19.98744269009615],[73.76996093295307,19.9872483684516],[73.77046422182373,19.98698455012758],[73.7707394673278,19.98684251852135],[73.7708997052088,19.98675255750312],[73.77136175513135,19.986488950022],[73.7717722900122,19.9862552302064],[73.77208326567464,19.98605012448367],[73.7723770023164,19.98585403596372],[73.77264582963258,19.98567392556335],[73.77275451588389,19.98559939976672],[73.77294237439948,19.98547135019041],[73.77344633760934,19.98517285751229],[73.77378542648454,19.98496813061173],[73.77428512287543,19.98467523517957],[73.77438593989147,19.98454662580871],[73.7746971237249,19.98414884471617],[73.77489813944715,19.98388060122256],[73.7751108098234,19.98359183930167],[73.77525331217522,19.98340132144362],[73.77544587803054,19.98311998302409],[73.77567971421412,19.98278187840155],[73.77599724023788,19.98240371573603],[73.77602352102032,19.98237278818164],[73.77645736548398,19.98186346560271],[73.77681539364113,19.98144342361443],[73.77698441657824,19.98124480550686],[73.77729916432548,19.98087905056685],[73.77748978283363,19.9806578179534],[73.7779591823595,19.98040113533392],[73.77820457934934,19.98026804111255],[73.77827936440605,19.98022934192353],[73.77862244308379,19.98004885852931],[73.77889003553256,19.97990733208297],[73.77931006655653,19.97986289421865],[73.77953718571452,19.97983735152924],[73.77965692407405,19.97971014055013],[73.77943567210167,19.97941332944812],[73.77929034770636,19.97922014316734],[73.7791983624417,19.97909797078076],[73.77896140530818,19.97881452437107],[73.77885410724772,19.97868906517566],[73.77862627142666,19.97842797846886],[73.77835195436121,19.97812130913231],[73.7780632046324,19.97779326475057],[73.77775876237085,19.97744873691389],[73.77743975861242,19.97709102248123],[73.77714135825146,19.97677585756835],[73.77682323170637,19.97644447466482],[73.77648103992401,19.97609038808734],[73.7763755021416,19.97598084288779],[73.77616126818016,19.97574017529783],[73.77575196772159,19.97527494702563],[73.77519335138679,19.97458479862312],[73.77473031248924,19.9741398479851],[73.77431212476436,19.97373489079097],[73.77372580167587,19.97287113987962],[73.7732081473168,19.97239740763395],[73.77299215109286,19.97220348368538],[73.77243176557919,19.97173613377318],[73.77185018867587,19.97124659106763],[73.77107626610437,19.97058963292708],[73.77071195783311,19.97021425756806],[73.77019394076936,19.9696167410658],[73.7698147725633,19.96916656920553],[73.76944520398521,19.96873708492223],[73.76919399636212,19.96841978342873],[73.76854547669126,19.96759011395945],[73.7679682153048,19.96685170698489],[73.76764544165373,19.96644126798318],[73.76737516530756,19.96610210321564],[73.76710367131692,19.96577309909628],[73.7668317095144,19.96544989315498],[73.76622146630578,19.96471760820111],[73.76589650627733,19.96431904548578],[73.76564038457663,19.96399958791976],[73.76528041494197,19.96357229067817],[73.76501431620112,19.96325778375197],[73.7647055279147,19.9629004270575],[73.7641046982672,19.96221665825469],[73.76360751254171,19.96169393510001],[73.76311111792285,19.96119860027927],[73.76277840718932,19.96089151269518],[73.76240306511065,19.9605488436863],[73.76186804173386,19.96006817328561],[73.76153487430192,19.95978062386484],[73.76104501592216,19.95936569686423],[73.76076452868013,19.95911508834664],[73.76039021279708,19.95879894784146],[73.7596395748101,19.95816633692489],[73.75879649911815,19.95744827595309],[73.75852654234366,19.95720578205577],[73.75816005709771,19.95688673355833],[73.75735940163032,19.95621805461117],[73.7570548525365,19.95597255874175],[73.75655545088472,19.95550314636147],[73.75630144819574,19.95526096980272],[73.75568985497496,19.95465867867448],[73.75525680394635,19.95417752135559],[73.75503003892024,19.95393952365184],[73.75483610860655,19.95370910996844],[73.754391697958,19.95323320632972],[73.75374107472656,19.95253728301017],[73.75360369364819,19.95239062069581],[73.75326935865235,19.95209948087177],[73.75300846643793,19.95188291577965],[73.75249980491255,19.95147622736409],[73.75194789712135,19.95103464159133],[73.75171612965659,19.95084977759188],[73.75121829900843,19.95046682643816],[73.7503955815113,19.9498152427709],[73.74970400976893,19.94926776773113],[73.74949148068714,19.94909679506998],[73.74905804942793,19.94872502361555],[73.74853775375581,19.94827835382133],[73.7481635167287,19.94795550153072],[73.74781308812409,19.94763838921808],[73.74743691584406,19.9472967245889],[73.74663102180142,19.94655813856934],[73.74626798104107,19.94621510467588],[73.74558500170009,19.94556153308802],[73.74499315663252,19.94500145343475],[73.74471539382861,19.9447201019576],[73.74398985587612,19.9439881765677],[73.74181167682293,19.9462553236344],[73.74033116391907,19.94755344256271],[73.73767595117212,19.95021276901745],[73.73725618355888,19.95066578726637],[73.73631571692667,19.95166868504012],[73.73590766715829,19.95245016069551],[73.7354462260147,19.95339854053097],[73.73536712614899,19.95370673280769],[73.73522843513696,19.95422289176033],[73.73520492965596,19.95514611732038],[73.73521092058681,19.95563060110015],[73.73522378812805,19.9578875453995],[73.73520631192234,19.95919338838064],[73.73518197589509,19.96073159042519],[73.7351687676643,19.96150966479502],[73.7351841916149,19.96242535487572],[73.7351790415556,19.96324757633501],[73.73479335762647,19.96336634964038],[73.73455937823539,19.96347693730567],[73.73421492771168,19.96374787634797],[73.73373234316658,19.96439225572323],[73.73338447432488,19.96487074924633],[73.7332757473035,19.96506196371694],[73.73317133192312,19.96523695638055],[73.73279479270974,19.96592451821963],[73.7323975179537,19.96664886147597],[73.73230931166015,19.96681000505083],[73.73195778104336,19.96744154057876],[73.73157001193806,19.96813937974898],[73.73115762983186,19.9688933730993],[73.73087416260351,19.96938586596658],[73.73064921599271,19.96977520872625],[73.73037963699969,19.97023796299239],[73.73008701873536,19.97071158494207],[73.7298133938213,19.97115661919707],[73.72948105210158,19.97169493956138],[73.72914685195707,19.97223944573043],[73.72878048305084,19.97283547967101],[73.72866683146852,19.97299177513077],[73.72855620670177,19.97313981769576],[73.72823152869651,19.97364040137353],[73.72794649370887,19.97407618667563],[73.72779439090799,19.9743211297573],[73.72755896837744,19.97490408066212],[73.72731965523332,19.97549680852893],[73.72721046984256,19.97576594245838],[73.72702948062819,19.97622374830071],[73.7268552051669,19.97668483701206],[73.72661865230349,19.97730000230197],[73.72636754766536,19.97795323159263],[73.72614020254888,19.97855556532025],[73.72585537715406,19.97918799845248],[73.72557477247155,19.97981299098098],[73.72552276057736,19.97993220260346],[73.72520830699659,19.98074213006977],[73.7249292650727,19.98157340477678],[73.72484321468366,19.98183599203852],[73.72468064505415,19.98238415576384],[73.72451120483699,19.98291622171827],[73.72433702950117,19.98347635628017],[73.72414402101884,19.98409627477561],[73.72393773828638,19.98475641734947],[73.72361745144617,19.98579711280481],[73.72303595641318,19.98555156697104],[73.72233103919261,19.98516992414038],[73.72118916622335,19.98469944331729],[73.72039742522361,19.98436190832766],[73.71977607305364,19.98409645006338],[73.71953770767081,19.98399478949123],[73.71936849278035,19.9839350742101],[73.71909279463371,19.98379501751802],[73.71864862506163,19.98353166668162],[73.7182987998971,19.9833209265359],[73.71738699419014,19.98392016852603],[73.71709347906055,19.98413958985222],[73.71636082662867,19.98493627619885],[73.7160458914553,19.98534092190591],[73.7157418879242,19.98569338606225],[73.71561433370002,19.98590073137798],[73.71513453909633,19.98662826194918],[73.71493722699833,19.98694472891649],[73.7138618994962,19.98871135112282],[73.7130480996093,19.99003704455262],[73.71281918748558,19.9903793186251],[73.71245414842333,19.99093367924369],[73.7121769838803,19.99146002919538],[73.71184333884014,19.9920738826177],[73.71171205996161,19.99234278275835],[73.71144722177016,19.99330173475094],[73.71147484779505,19.99428968607736],[73.71148257717904,19.99449872881971],[73.711499666854,19.99657575333666],[73.71147804941866,19.99882123634526],[73.7114529031331,20.00029647286709],[73.71144212735231,20.00199598998383],[73.7114400456505,20.00291836813037],[73.71143756096617,20.00324187937725],[73.71142086455978,20.00393696933987],[73.71146116167579,20.00482953174728],[73.71151150120083,20.00515494570385],[73.71169141146689,20.00613637010712],[73.71194664409326,20.00672959530863],[73.71242672904958,20.00745445838313],[73.71285905285202,20.00811625068947],[73.71330615604771,20.00886518160095],[73.71373319268696,20.0095637475218],[73.7139521262552,20.00992572847019],[73.71412967876435,20.01023964062966],[73.71485339628217,20.01173578302659],[73.71500016790344,20.01208671681628],[73.71511823303125,20.01258679201521],[73.71527486566485,20.0128583942157],[73.71571827641827,20.01362409623329],[73.71614971629354,20.01433307339503],[73.71676944522058,20.01541719709937],[73.71700697593681,20.01583528250574],[73.71716333068771,20.01607981390373],[73.71774621296179,20.0171186940616],[73.71833981719057,20.01817497791056],[73.71858256663656,20.01863031542948],[73.71884564121751,20.01916809231176],[73.71902848586832,20.01961748364436],[73.7193649497118,20.02037530333544],[73.71962622407163,20.02090264019575],[73.7198788647865,20.02133181528639],[73.72002748664941,20.02154027622095],[73.72049854657067,20.02199823824998],[73.7209294207879,20.02245181187361],[73.72111385212949,20.02274830239739],[73.72115413378677,20.02289439928074],[73.72113507530787,20.02335386969762],[73.72118778297529,20.02384816449646],[73.7213673660668,20.02408636403362],[73.72160241244633,20.02429753806899],[73.72173968088731,20.02451941465221],[73.72130850522645,20.02481793397835],[73.72048489242867,20.02539805075387],[73.72014504840288,20.02558703838593],[73.7198098279487,20.02585311165216],[73.71944237392795,20.02615695073672],[73.7189588189879,20.02660676103766],[73.71848848028466,20.02709696561174],[73.71829989418667,20.02731638166064],[73.7175683995121,20.02826588500745],[73.71691404658979,20.02909570279548],[73.7166787503929,20.02933223415261],[73.71626683766077,20.0296666782692],[73.71593495188293,20.0298851986157],[73.71567177074019,20.02998210311856],[73.71560554316888,20.03000241265018],[73.71519643032927,20.03007420220715],[73.7149785040443,20.03008898758271],[73.71461479193286,20.03006593850414],[73.71400454271657,20.02998571664213],[73.7133844139962,20.02988871519553],[73.71239297016885,20.02972782094599],[73.7112454748042,20.0295425303403],[73.71004422331316,20.02937346367958],[73.70939709287238,20.02929288339081],[73.70905962047564,20.02927140435905],[73.70794622333761,20.02923132163272],[73.70768066984034,20.02922766871136],[73.70687197060197,20.02926838646361],[73.70638722182721,20.02930274072948],[73.70590261582744,20.02935075499044],[73.70531058638825,20.02941423931174],[73.70417628497233,20.02956986862086],[73.70316312720216,20.02970931602928],[73.70236204559805,20.02980335798372],[73.70208195737709,20.02986102157307],[73.70165026981073,20.03003506326264],[73.70135691598779,20.03018926305695],[73.70104152170177,20.03041859728684],[73.70096390523608,20.03048912147045],[73.70064466090179,20.03089148201895],[73.70039214082186,20.03121463582659],[73.70024102627443,20.03137419622728],[73.69995767190898,20.03158053456397],[73.69971860287659,20.03167968143687],[73.69882675511708,20.0318715146548],[73.69795586733086,20.03203610128831],[73.69736732801871,20.0321596483792],[73.6950724646683,20.03259656255248],[73.69368699123258,20.0328336125721],[73.69307694098701,20.03293119779745],[73.69095853917888,20.0332746562841],[73.69074182948742,20.03331912396984],[73.6899032883162,20.03343411490691],[73.6896030470261,20.03347777337607],[73.68946760629301,20.0335340969867],[73.68936538185935,20.03368044248046],[73.68933804741164,20.03405555485042],[73.68934435494076,20.03462238482239],[73.68934987709551,20.03557315209685],[73.68934825326498,20.03619489960295],[73.68931273574498,20.03691174353818],[73.68927763169424,20.03738132123244],[73.68909118803626,20.03911806803335],[73.68898321636827,20.04004811953462],[73.68883889103402,20.04096096876751],[73.68873187488113,20.04151199655961],[73.6885569504643,20.04197361962931],[73.68807433116127,20.04285181760391],[73.68775129726697,20.043394572605],[73.68764545357104,20.04358560130261],[73.68722314231029,20.04432367887123],[73.68695217338451,20.04481207116164],[73.68662596704064,20.04535752651142],[73.6862948058849,20.04592609505943],[73.68611232136794,20.04626903615545],[73.68598303446382,20.04653847112018],[73.68588629295803,20.04684713889113],[73.68577537662418,20.04731451743314],[73.68569067492854,20.04767630397331],[73.68550514278579,20.0485158933211],[73.6853764505663,20.04909641880584],[73.68520404210375,20.04988042887009],[73.68507537753469,20.05043669619128],[73.68493175296287,20.05106244793481],[73.68485215436198,20.05140989873688],[73.68465151593412,20.05228095953225],[73.68447706144784,20.05302887324788],[73.68432913292932,20.05366761995377],[73.68410460938244,20.05457145738024],[73.68387233346269,20.05560900706768],[73.68375130703528,20.05616616341291],[73.68355981321906,20.05697457956538],[73.68333069090352,20.05797801277458],[73.68306599696477,20.05908517409794],[73.68285947691447,20.06000326969446],[73.68278408706978,20.06038008373158],[73.68275608879692,20.06061112197069],[73.68274289270555,20.06079973370635],[73.68273968820183,20.0611196134472],[73.68275857649665,20.06145040075522],[73.68278144229961,20.06161553512828],[73.68310876364625,20.06315611634621],[73.68325162709604,20.06374523461327],[73.6833885502121,20.06436961635343],[73.6835598105764,20.06514913607444],[73.6837358206188,20.06592421344725],[73.68378680140289,20.06615398845464],[73.68401187965215,20.06718379988367],[73.68404993754105,20.06741871907128],[73.68407862404761,20.0676907807413],[73.68407001102794,20.06809054060101],[73.68404766959826,20.06836833819155],[73.68402451292212,20.06855478246259],[73.68395182193899,20.06888611347658],[73.68386796051615,20.06918110965609],[73.68373265032588,20.06965163946991],[73.68369781943935,20.06976739307507],[73.68357842190915,20.06988401063659],[73.68337397229111,20.06997734830561],[73.68297611949271,20.07004930542093],[73.68270744077459,20.07009211978085],[73.68225298888687,20.07012667069829],[73.68167456960488,20.07016949412002],[73.68084101445322,20.0702223263767],[73.68016216441687,20.07025535286019],[73.67984020985357,20.07026649380352],[73.67822659604046,20.07038517372752],[73.67744953301204,20.07044245606711],[73.6766100906066,20.0704849775714],[73.6757771042166,20.07054862469752],[73.67554283790402,20.07056462174379],[73.67459612071417,20.07062945972851],[73.67367724230627,20.07069324686186],[73.67321554784843,20.07072414466323],[73.67226797929875,20.07079391735693],[73.67143284346493,20.07084440086712],[73.67049250835079,20.07089800031633],[73.66974018041888,20.07094575704086],[73.66954452013323,20.07096061793575],[73.66855441969753,20.07102505515001],[73.6670420940498,20.0711212509292],[73.66662846757293,20.07114836124497],[73.66592005287104,20.07118766027168],[73.66541112213564,20.07124724316874],[73.66462053981662,20.07130601940651],[73.66393921070127,20.07133990798039],[73.6634824991081,20.07136159263041],[73.66319038785535,20.07139400486044],[73.66311388924115,20.07141574112659],[73.66297231757282,20.07153837706575],[73.6628267949134,20.07173999700386],[73.6624854590515,20.07233516326647]]}},{"type":"Feature","properties":{"name":"VIP route 1 via Indiranagar : Mumbai road to Govt resthouse","sourceFolder":"Routes / VIP routes.kmz / VIP routes / VIP 1 : Takli sangam Ghat (VIP) direct movement","source":"Mobility plan Nashik KMZ (NTKMA)"},"geometry":{"type":"LineString","coordinates":[[73.7784362173816,19.99336560371426],[73.77816889768955,19.99288334728326],[73.77685555975101,19.99298069108829],[73.77631458690712,19.99288608805216],[73.77569661638843,19.99307103625025],[73.77500181071598,19.992969257841],[73.77309782262114,19.9926909882739],[73.77269040159999,19.99265982623326],[73.7722957440742,19.99262705334533],[73.77179177404592,19.9925331429478],[73.77154074009276,19.99248400632112],[73.77093946992372,19.99248189293722],[73.7704774944561,19.99248546543468],[73.77004171883614,19.99257090448761],[73.7696765503955,19.99264419213994],[73.76935729569469,19.99274238245704],[73.7692385816998,19.99316488631207],[73.76922241610016,19.99346388525836],[73.76890846315017,19.99340007103775],[73.76842916855293,19.99329984280268],[73.76832434750811,19.99300129329055],[73.76824388069174,19.99277080649674],[73.76797909935968,19.99235345089821],[73.76777358443562,19.99229339739385],[73.76739323063127,19.99218726702963],[73.76700445278199,19.99208657090566],[73.76650614806881,19.99201584741627],[73.76601844495623,19.99194386121431],[73.76557667736691,19.99188257850727],[73.76519943302696,19.99178929081747],[73.7643974549014,19.99133492710387],[73.76414430456101,19.99120574242994],[73.7634356916862,19.99083590244669],[73.76367428303745,19.99065589142251],[73.76404669744568,19.99037921112029],[73.7644654833534,19.99012375027527],[73.76463368946779,19.99002428946767],[73.76468894596496,19.98998920375731],[73.7651384616534,19.98986251897262],[73.7652904576733,19.98981980909228],[73.7655480543972,19.9897391394764],[73.7657884139086,19.98963232856544],[73.7661365521737,19.98947138031992],[73.76636308473228,19.9893676186351],[73.76659487705506,19.98926233205463],[73.76686314243351,19.98913666010382],[73.7670808599218,19.98903591415406],[73.76718434271372,19.98898806003221],[73.76748262794314,19.98882236541564],[73.76773464485056,19.98868579299921],[73.76808010531548,19.98849322607817],[73.76843809622352,19.98829548505589],[73.76887110565315,19.98805986732531],[73.76907980481784,19.98792158041631],[73.76933697034191,19.9877591185874],[73.76939092787244,19.98771865147642],[73.76968889118481,19.987516310545],[73.76981713648146,19.98743135259086],[73.76988785987248,19.98738426042592],[73.77000391469225,19.98729405874881],[73.7702845563894,19.98715213381621],[73.77045006165352,19.98706474079261],[73.770684215109,19.98693700937546],[73.77076139838975,19.98689688713],[73.77086229315097,19.98684032674801],[73.77093132575402,19.98680128697775],[73.77124906914685,19.98662247922291],[73.7715510973719,19.98644797167553],[73.77179047604336,19.98631064916103],[73.7720626783844,19.9861339991806],[73.7723083994717,19.98597042898377],[73.7727516153483,19.98567103210972],[73.77292019141159,19.98555828724843],[73.77318557395199,19.98539299228193],[73.77333082122392,19.9853078640146],[73.77373579749758,19.98507066282192],[73.77406228256386,19.98487908399971],[73.77432968900172,19.98472359608477],[73.77444058034737,19.98457450370306],[73.77469211940318,19.98424752396598],[73.77489754181373,19.98397523768372],[73.77509177374715,19.98371801988259],[73.77519647823397,19.98357960953689],[73.7752770528,19.98346955861872],[73.77548763941857,19.98316566663903],[73.77572309806139,19.98281433177567],[73.77607566318507,19.98240062006091],[73.7761824061999,19.98227268210786],[73.77652202343418,19.98188279203787],[73.77668541607972,19.98169821478981],[73.7768755737458,19.98147776638898],[73.77717593623902,19.98111838328548],[73.77754120248784,19.98069317700092],[73.77771934960816,19.98060016966842],[73.77812624098318,19.98038305175606],[73.77863551514817,19.98011279150407],[73.77889913566169,19.97996974900293],[73.77916183103258,19.97993792049541],[73.77955290645653,19.97989128875766],[73.77968859284222,19.97975008475113],[73.77937542111074,19.97933103615997],[73.77919267484899,19.9790914073714],[73.77894865260339,19.97879788882678],[73.778864868048,19.9786998906882],[73.77865982739337,19.97846708506559],[73.77836292684616,19.97813380954048],[73.77794773928207,19.97766103142778],[73.77762976692784,19.97730258762718],[73.77741062273913,19.97705825670795],[73.77707089531746,19.97670249285079],[73.77664370893135,19.97626048973876],[73.77636719407326,19.97597341497495],[73.77582527500981,19.97535843323282],[73.7757495092685,19.9752714512006],[73.77535431872266,19.97478390922551],[73.77519404050808,19.97458516079958],[73.77478332731275,19.97418849872807],[73.77431332152341,19.97373359771605],[73.77372703569526,19.97287098222205],[73.77320805983005,19.97239844660558],[73.77298805286955,19.97220147715107],[73.77264734665538,19.97191519946139],[73.7724235113685,19.97172741399983],[73.77196511566486,19.9713421667034],[73.7715213259863,19.97096731884021],[73.77107986773882,19.97059379283922],[73.7707027454614,19.97020441437001],[73.7703299617216,19.96977616756297],[73.76976418304497,19.96910566273264],[73.76941205150536,19.96869488608714],[73.76921878237681,19.96845102803273],[73.76882427500284,19.96794702728595],[73.76832178355804,19.96730462479508],[73.76793660444872,19.96681255012708],[73.76760546073132,19.96639027453213],[73.7674400562407,19.96618045607956],[73.76712384618895,19.96579992330668],[73.76663936471593,19.96521990455833],[73.76639703803923,19.96492739129452],[73.76597279929462,19.96441256703637],[73.76556557289369,19.96390650262436],[73.76496453923437,19.963203468431],[73.7646344096922,19.96281687538888],[73.76428055024653,19.96241041180718],[73.76405914788504,19.96216936006451],[73.76378641260892,19.96188047053611],[73.76358705228355,19.96167016085575],[73.76340489290912,19.96148853103905],[73.76316609218617,19.96124962043734],[73.76265957494257,19.9607867004957],[73.7620573160053,19.9602385851286],[73.76162604869317,19.95985989832992],[73.76108490515526,19.95940317736956],[73.7607357644666,19.95909039816508],[73.76036168196224,19.95877545191507],[73.75997192953818,19.95844795711087],[73.75939157237828,19.95795629575394],[73.75885891649945,19.9575011269857],[73.75851170260925,19.95719291036413],[73.7582319179846,19.95694879734381],[73.75792155179536,19.95668737401186],[73.75749412538259,19.95632981475039],[73.75718000558976,19.9560734915928],[73.75705735587815,19.95597445595943],[73.75637798393488,19.95533741864233],[73.75568778693612,19.95465792534069],[73.75545458556188,19.95439564464386],[73.75526956926556,19.95419085749456],[73.75507881451638,19.95399073834232],[73.75501942268527,19.95392977527522],[73.75483316085645,19.95370371849383],[73.7546756144118,19.95354165219877],[73.75419953898759,19.95302726200603],[73.75360632364918,19.95239418097256],[73.75320141549919,19.95203976576703],[73.7523860539645,19.9513853425997],[73.75161261060917,19.95076767339923],[73.7512592834587,19.95049749055921],[73.75092726447531,19.95023791737579],[73.75032822689398,19.94976251406052],[73.74961930227218,19.94919889661394],[73.74948458941839,19.94909302885615],[73.74913429717809,19.94879029071691],[73.74822028678138,19.94800523309702],[73.74754492229152,19.94739532844834],[73.74740954234497,19.94727213755697],[73.74680255789023,19.9467148763231],[73.74594404648269,19.94590625862999],[73.74532726962231,19.94531706240875],[73.74503103141728,19.94503759454714],[73.74478688114561,19.9447920435274],[73.7441849432706,19.94418494177312],[73.74397491766237,19.94397246737881],[73.74280131421962,19.94276481141211],[73.74184260429232,19.94214632898882],[73.74136585207599,19.94187185803645],[73.74098706132682,19.94155261174583],[73.74029545363979,19.94095150431161],[73.73987787661004,19.94053454040396],[73.73822623768935,19.93879932811739],[73.73796878041952,19.93855223176911],[73.73722394773912,19.93786126432685],[73.73651297112698,19.93719787191686],[73.7359947455878,19.93677801106152],[73.73519715474018,19.93628959129596],[73.73336275883408,19.93568222044404],[73.73234485207254,19.93530132605023],[73.73156295154445,19.93492624775477],[73.72997286123311,19.93414074613047],[73.72869848139989,19.9335037511728],[73.72818745899991,19.93328657949593],[73.72597658478647,19.93248762556327],[73.7251827821491,19.9322414729871],[73.72486355622483,19.93212773610506],[73.72432597287005,19.93187816898789],[73.72407411267548,19.93173027316811],[73.72350355693605,19.93133458308204],[73.72275093429482,19.93071045624507],[73.72201378214373,19.93013474449957],[73.72147049456733,19.92973126205893],[73.72113211645582,19.92945826488398],[73.72014575358219,19.92867357362789],[73.71930414608471,19.92800205125385],[73.71883557354295,19.92762951379064],[73.71855178576531,19.92737394220644],[73.71821443754065,19.92704213549092],[73.71788389777491,19.92670298819431],[73.71744399573194,19.92609222993166],[73.71702132805568,19.92538215813701],[73.71614141439782,19.92387078224879],[73.71558768041038,19.92292780653252],[73.7154948211514,19.92275720474859],[73.71497031690892,19.92186851059269],[73.71479360418513,19.92156332241006],[73.7144017551367,19.92088371891672],[73.71406703285025,19.92033396104519],[73.71369152817715,19.91968575879489],[73.71346172604915,19.91929630803302],[73.71286947701745,19.91824659393429],[73.71236653457544,19.91745300738247],[73.71197014214093,19.91696921675311],[73.71159858865977,19.91657882355238],[73.71069016112065,19.91571325697986],[73.70898213058558,19.91397622740772]]}},{"type":"Feature","properties":{"name":"VIP route 1 : Deolali station to Nandini sangam ghat","sourceFolder":"Routes / VIP routes.kmz / VIP routes / VIP 1 : Takli sangam Ghat (VIP) direct movement","source":"Mobility plan Nashik KMZ (NTKMA)"},"geometry":{"type":"LineString","coordinates":[[73.835891654895,19.89769279946647],[73.8360436013756,19.89816102432443],[73.83604594116132,19.89849916906624],[73.83595955262669,19.89882122051154],[73.83569982086782,19.89894358613843],[73.8353213784831,19.89910734237199],[73.83505017402119,19.89923692861503],[73.83461757383083,19.89928499759522],[73.834600157765,19.89928499897424],[73.8337716404542,19.89934888882748],[73.8328701989419,19.89950181831186],[73.83284909371825,19.89958536757539],[73.83277395255638,19.90027563167317],[73.83272825177092,19.90070095482709],[73.83250225836353,19.90097491127823],[73.83208921100041,19.90142385751847],[73.83210383830512,19.90169072042973],[73.8322161885643,19.90180214613721],[73.83257872824487,19.90229446808182],[73.83281455353654,19.90260099257751],[73.83283738915857,19.90284222815862],[73.83286907820425,19.90334452129155],[73.83290634616688,19.90403552571266],[73.8329537301206,19.90487400019578],[73.83298989424257,19.90608871298511],[73.83303959714932,19.90786358532525],[73.8330659897329,19.90871168471303],[73.83313598447246,19.91044689883952],[73.83315071747732,19.91113758014795],[73.83321246921244,19.91248470208155],[73.83326891553902,19.91384840898993],[73.8333455750179,19.91524643490584],[73.83340129791452,19.91627246263342],[73.83352140950858,19.91832652608885],[73.83362401268563,19.91974175039348],[73.83369776112592,19.9209731186663],[73.83383346927512,19.92285923184782],[73.8338992842812,19.92399139306354],[73.83402132960668,19.9256976896251],[73.8341136197315,19.92727599256801],[73.83421603051158,19.92905006325296],[73.83438154331016,19.93135720229577],[73.83448635712122,19.9333680994127],[73.83451149530828,19.93387208572679],[73.83457866010689,19.93496262679586],[73.83466590924543,19.93652334933018],[73.83468039020495,19.93739763852721],[73.83452555131707,19.93738308564342],[73.83355253469252,19.93731244860304],[73.83253556610119,19.93722141670121],[73.8317494008263,19.93717522511243],[73.83143899785536,19.93717323967462],[73.83092955491283,19.93724800663923],[73.83075918587451,19.93729780530207],[73.83091125721279,19.93765279208583],[73.83131184165704,19.93809567840981],[73.83167873602221,19.93854490569236],[73.83196129370329,19.93891655822248],[73.83196914549659,19.93934700877658],[73.83195008867634,19.93960950828575],[73.83190471154172,19.94002110692869],[73.83184120668692,19.9404466748813],[73.83152813257814,19.94143666982304],[73.8314419376786,19.94168126826678],[73.83134451918687,19.94199950501199],[73.83101995227916,19.94231719554657],[73.8307409617545,19.94244153865512],[73.83040101991013,19.94257341198895],[73.82976536427023,19.94261472367338],[73.82870889804805,19.9426149137261],[73.8284844791808,19.94261862199051],[73.82823697514237,19.94319999480084],[73.82782047667179,19.94402432609678],[73.8276130062872,19.94441510365417],[73.82731491304675,19.9450518650242],[73.82699371185481,19.94631708565167],[73.82687276983644,19.94664998467815],[73.82666455170457,19.94675766819901],[73.82657838823835,19.94702166449547],[73.82650335959266,19.9474582613514],[73.82635540363277,19.94824115200162],[73.82621874839067,19.94898856362023],[73.82610307410502,19.94960444379718],[73.82596550480767,19.9502286487214],[73.82576496546642,19.95086912237205],[73.82555435523736,19.95153421127748],[73.82539804627393,19.95225590104781],[73.82529229422033,19.95271811897429],[73.82499613749094,19.95379445298823],[73.82476238191006,19.95474060066831],[73.82465875715775,19.95512431523633],[73.82447596677929,19.95619367032539],[73.8242302489128,19.95737330521528],[73.8241494112146,19.95775469155656],[73.82395118213118,19.95820349021449],[73.82361631770095,19.95889008777668],[73.82324636452896,19.95970497055325],[73.82282053733759,19.96042135258719],[73.82225026371812,19.9615321060297],[73.82175251216196,19.96251991059757],[73.82119379041475,19.96357780282095],[73.82094392152054,19.96415683346438],[73.82048153903287,19.96508261293582],[73.82016733463425,19.96559833819205],[73.81961923454767,19.96657237360694],[73.81941464266411,19.96734768811288],[73.81920293159727,19.96823787244746],[73.8191109539482,19.96858837717062],[73.8185101091554,19.96910084106063],[73.81820158363884,19.96936253872184],[73.81709951341789,19.97018089965283],[73.8167872585271,19.97040939566161],[73.81509522880451,19.97203183756026],[73.81390739982078,19.97316771891683],[73.81253640494091,19.97448776875562],[73.81191813106983,19.97507770295027],[73.81150151398305,19.97548023135702],[73.81085926011019,19.9761718723087],[73.81015581847656,19.97693512496195],[73.80919799137304,19.97797758878304],[73.80872552267498,19.97849241283622],[73.80775413470558,19.9794315706148],[73.80771123859323,19.97955500077655],[73.8081173660135,19.9797874927949],[73.80880622236367,19.98018488225144],[73.80947035516216,19.98057269984535],[73.81024726759188,19.98102541821595],[73.81096115638,19.98144578407221],[73.8115245260217,19.98180114864053],[73.81265977229448,19.98251300098452],[73.81320762430852,19.98285996673728],[73.81368844836464,19.98314753199687],[73.81463409856562,19.98370728564903],[73.81494770219615,19.98388778255034],[73.81584113238809,19.98441155997471],[73.8162290345008,19.98463690036352],[73.81691178818481,19.98483456807569],[73.81736639042661,19.9848533336989],[73.81757434125974,19.98517938775673],[73.81752959816082,19.98595588044696],[73.81734769036541,19.98800512836312],[73.81701795128956,19.98825191453148],[73.81687518294063,19.98836002512241],[73.81520495858548,19.98971657479144]]}},{"type":"Feature","properties":{"name":"VIP route Ram Kund Route 2 : Via Chopra lawns","sourceFolder":"Routes / VIP routes.kmz / VIP routes / Ram Kund","source":"Mobility plan Nashik KMZ (NTKMA)"},"geometry":{"type":"LineString","coordinates":[[73.77836520462037,19.9934412644581],[73.77822798572547,19.99304827858879],[73.77815937659233,19.99291011934111],[73.77651228579491,19.99298551604912],[73.77605130416482,19.99301819189911],[73.77557207004466,19.99305093749488],[73.77503493316932,19.99300591589843],[73.77261235650964,19.99258013427243],[73.77228887680668,19.9926429726453],[73.77211623636026,19.99303257404583],[73.77211574140851,19.9930426130574],[73.7719245947997,19.99348280081633],[73.77190195419008,19.99351937791078],[73.77182535384775,19.99385381846966],[73.77165748158635,19.99410413662988],[73.77165083709676,19.9943564946786],[73.77148353070542,19.99452980627834],[73.76935968811264,19.99467283960475],[73.76938681874026,19.99511924264251],[73.76946444521103,19.99556264289069],[73.76950408366702,19.99608763196024],[73.7693423838356,19.99674545769237],[73.76934239239176,19.99675028887789],[73.76917592847285,19.99776594662199],[73.76916521184279,19.99778298155821],[73.76903681825907,19.99839571621391],[73.76891741016281,19.9988650158637],[73.7688613108551,19.99957324767199],[73.76903620521891,20.00043739276299],[73.7692185669743,20.00092404601188],[73.76949371294587,20.00124588064441],[73.76985284721717,20.00176658393893],[73.76985219432085,20.0017799852184],[73.76985604674057,20.00184727775035],[73.77021972080462,20.00315381741442],[73.77053544907538,20.00423472128288],[73.77053525849601,20.00425185572282],[73.77081837909658,20.00518240264714],[73.77099175805198,20.0057767401387],[73.77100056217593,20.00579644035825],[73.7712369205566,20.00688056768413],[73.77159015737028,20.00777289966955],[73.77194866438906,20.00854528643747],[73.77232218082304,20.00918674641545],[73.77287303880509,20.00956436111001],[73.7729001119955,20.00959317429912],[73.77377717756022,20.01020473121999],[73.77483929534183,20.01094491021736],[73.77527683809397,20.01128237690764],[73.77605686291164,20.01154117774049],[73.7770471237156,20.01202632567709],[73.77790480244329,20.0118364193554],[73.77864366782079,20.01180509737327],[73.77965989002017,20.01171926985398],[73.78151102763431,20.01148369846337],[73.78247773251695,20.01149228725037],[73.7840496508167,20.01134080164988],[73.78531138080739,20.01134094724273],[73.78584884982264,20.0113829568092],[73.7866064181488,20.01132714833475],[73.78691714944917,20.01121270463761],[73.7874882320625,20.01111468183615],[73.78827126198104,20.01100138882966],[73.78857584806035,20.01104173919551],[73.78918202715127,20.01146162382545],[73.78976245424656,20.01181931095158],[73.79046663475452,20.01238624459654],[73.79119226726769,20.01068388523954],[73.79161027838393,20.01004518389944],[73.79186563420916,20.0095967959378]]}},{"type":"Feature","properties":{"name":"VIP route Ram Kund Route 1 : Via Holkar bridge","sourceFolder":"Routes / VIP routes.kmz / VIP routes / Ram Kund","source":"Mobility plan Nashik KMZ (NTKMA)"},"geometry":{"type":"LineString","coordinates":[[73.79185838154429,20.00958710149029],[73.79129934155768,20.00919383541715],[73.79061738281102,20.00843041516886],[73.79005627313101,20.00777563361668],[73.78960759542515,20.00677682903377],[73.78843692537885,20.00596856658458],[73.7874560861034,20.00522677826853],[73.78721470597138,20.00476467507881],[73.78704800052199,20.00418856446881],[73.78585341915165,20.00449173826174],[73.7842382913351,20.00475714126698],[73.78404050049272,20.00475077684533],[73.78332555401897,20.00274775245755],[73.78260104871845,20.00056750490221],[73.7817312399186,19.99838842278162],[73.78140196139803,19.99741099964799],[73.78173099480513,19.99691833526294],[73.78190314672838,19.99652775689863],[73.7821520811661,19.99595569159517],[73.78232266158243,19.99527587475442],[73.78264928826314,19.99421985903095],[73.78279944635614,19.99391159623799],[73.78261206559529,19.99356044237992],[73.77985290815813,19.99339423134126]]}},{"type":"Feature","properties":{"name":"Nandini Sangam VIP ghat","sourceFolder":"Routes / VIP routes.kmz","source":"Mobility plan Nashik KMZ (NTKMA)"},"geometry":{"type":"Point","coordinates":[73.82085509456161,19.99003184612416]}},{"type":"Feature","properties":{"name":"Takli Sangam ghat (VIP)","sourceFolder":"Routes / VIP routes.kmz","source":"Mobility plan Nashik KMZ (NTKMA)"},"geometry":{"type":"LineString","coordinates":[[73.82232843967707,19.98940971278183],[73.82202768226327,19.98955058709516],[73.82192028389977,19.98960519192826],[73.82168107936273,19.98972781414774],[73.82085682656876,19.99014224012388],[73.82081536530731,19.9902008216142],[73.82026680910924,19.99059017807327],[73.8200899023147,19.99073222023311],[73.81989313740519,19.99078767457619],[73.81988754495458,19.99079071614736],[73.81989114181302,19.99079156036611]]}},{"type":"Feature","properties":{"name":"Ram Kund","sourceFolder":"Routes / VIP routes.kmz","source":"Mobility plan Nashik KMZ (NTKMA)"},"geometry":{"type":"Point","coordinates":[73.7924753371554,20.00805938089849]}},{"type":"Feature","properties":{"name":"Government Resthouse","sourceFolder":"Routes / VIP routes.kmz","source":"Mobility plan Nashik KMZ (NTKMA)"},"geometry":{"type":"Point","coordinates":[73.77907252397443,19.9938801572091]}}]}
