{"type":"FeatureCollection","features":[{"type":"Feature","properties":{"Name":"AP 25 AQ 9538","routeId":547,"fill-opacity":0.03,"stroke-width":1,"stroke-opacity":0.5,"locationConfidence":"verified","locationSource":"NMC waste collection vehicle tracking export, 30 Aug 2026 (RTI)"},"geometry":{"type":"Polygon","coordinates":[[[73.801403,19.986357],[73.801535,19.986078],[73.801786,19.985756],[73.802643,19.984816],[73.803366,19.983988],[73.804474,19.982729],[73.805785,19.981348],[73.807218,19.979818],[73.807901,19.979082],[73.808585,19.978346],[73.809597,19.977278],[73.81023,19.976616],[73.810863,19.975955],[73.81119,19.975614],[73.812036,19.974729],[73.811922,19.974718],[73.809193,19.974179],[73.807915,19.972693],[73.807398,19.971273],[73.806726,19.969336],[73.806528,19.969048],[73.806157,19.968674],[73.804515,19.967309],[73.804278,19.96747],[73.802486,19.96743],[73.802458,19.968008],[73.799663,19.968238],[73.799352,19.968255],[73.798939,19.968287],[73.798419,19.968435],[73.798217,19.969068],[73.798184,19.96933],[73.798038,19.970499],[73.798038,19.9705],[73.798023,19.970617],[73.797809,19.971312],[73.797786,19.971394],[73.797782,19.9714],[73.797772,19.971433],[73.79751,19.971797],[73.797486,19.97183],[73.797041,19.972175],[73.79649,19.972381],[73.795895,19.972462],[73.793945,19.972614],[73.793009,19.972687],[73.792083,19.972761],[73.791888,19.972813],[73.791469,19.973012],[73.790762,19.973478],[73.790449,19.974097],[73.790159,19.974818],[73.790093,19.97498],[73.790082,19.975008],[73.790081,19.975009],[73.789746,19.975839],[73.789626,19.976039],[73.789505,19.976239],[73.789205,19.976594],[73.789107,19.976469],[73.787924,19.975004],[73.78697,19.974257],[73.786441,19.973804],[73.786385,19.973758],[73.78637,19.973743],[73.786266,19.973654],[73.785735,19.973076],[73.78573,19.97307],[73.785719,19.973059],[73.784816,19.97207],[73.784725,19.972078],[73.784611,19.972089],[73.781742,19.972351],[73.781783,19.973716],[73.781856,19.975403],[73.781857,19.975414],[73.781557,19.975356],[73.781094,19.975284],[73.780482,19.975295],[73.780363,19.975296],[73.779033,19.975327],[73.77722,19.975394],[73.776976,19.975154],[73.776716,19.975159],[73.776327,19.975497],[73.778138,19.977537],[73.778505,19.977941],[73.779065,19.978591],[73.779438,19.979016],[73.779646,19.979249],[73.780111,19.979768],[73.780185,19.979851],[73.780533,19.980336],[73.781436,19.981296],[73.781658,19.981589],[73.782148,19.982464],[73.782756,19.983659],[73.782892,19.983947],[73.78334,19.984898],[73.783727,19.98581],[73.784381,19.985221],[73.784826,19.985048],[73.785282,19.985052],[73.786114,19.985367],[73.787325,19.985408],[73.787687,19.985314],[73.788094,19.985104],[73.78835,19.984972],[73.788874,19.984855],[73.789411,19.984838],[73.789835,19.984955],[73.790498,19.98533],[73.792304,19.985251],[73.792755,19.985371],[73.793826,19.986123],[73.795051,19.986836],[73.795692,19.986609],[73.797213,19.986303],[73.797405,19.986252],[73.799635,19.986951],[73.799773,19.987019],[73.800561,19.986844],[73.8007,19.986545],[73.801403,19.986357]]]}},{"type":"Feature","properties":{"Name":"AP 25 AR 4660","routeId":552,"fill-opacity":0.03,"stroke-width":1,"stroke-opacity":0.5,"locationConfidence":"verified","locationSource":"NMC waste collection vehicle tracking export, 30 Aug 2026 (RTI)"},"geometry":{"type":"Polygon","coordinates":[[[73.801403,19.986357],[73.801535,19.986078],[73.801786,19.985756],[73.802643,19.984816],[73.803366,19.983988],[73.804474,19.982729],[73.805785,19.981348],[73.807218,19.979818],[73.807901,19.979082],[73.808585,19.978346],[73.809597,19.977278],[73.81023,19.976616],[73.810863,19.975955],[73.81119,19.975614],[73.812036,19.974729],[73.811922,19.974718],[73.809193,19.974179],[73.807915,19.972693],[73.807398,19.971273],[73.806726,19.969336],[73.806528,19.969048],[73.806157,19.968674],[73.804515,19.967309],[73.804278,19.96747],[73.802486,19.96743],[73.802458,19.968008],[73.799663,19.968238],[73.799352,19.968255],[73.798939,19.968287],[73.798419,19.968435],[73.798217,19.969068],[73.798184,19.96933],[73.798038,19.970499],[73.798038,19.9705],[73.798023,19.970617],[73.797809,19.971312],[73.797786,19.971394],[73.797782,19.9714],[73.797772,19.971433],[73.79751,19.971797],[73.797486,19.97183],[73.797041,19.972175],[73.79649,19.972381],[73.795895,19.972462],[73.793945,19.972614],[73.793009,19.972687],[73.792083,19.972761],[73.791888,19.972813],[73.791469,19.973012],[73.790762,19.973478],[73.790449,19.974097],[73.790159,19.974818],[73.790093,19.97498],[73.790082,19.975008],[73.790081,19.975009],[73.789746,19.975839],[73.789626,19.976039],[73.789505,19.976239],[73.789205,19.976594],[73.789107,19.976469],[73.787924,19.975004],[73.78697,19.974257],[73.786441,19.973804],[73.786385,19.973758],[73.78637,19.973743],[73.786266,19.973654],[73.785735,19.973076],[73.78573,19.97307],[73.785719,19.973059],[73.784816,19.97207],[73.784725,19.972078],[73.784611,19.972089],[73.781742,19.972351],[73.781783,19.973716],[73.781856,19.975403],[73.781857,19.975414],[73.781557,19.975356],[73.781094,19.975284],[73.780482,19.975295],[73.780363,19.975296],[73.779033,19.975327],[73.77722,19.975394],[73.776976,19.975154],[73.776716,19.975159],[73.776327,19.975497],[73.778138,19.977537],[73.778505,19.977941],[73.779065,19.978591],[73.779438,19.979016],[73.779646,19.979249],[73.780111,19.979768],[73.780185,19.979851],[73.780533,19.980336],[73.781436,19.981296],[73.781658,19.981589],[73.782148,19.982464],[73.782756,19.983659],[73.782892,19.983947],[73.78334,19.984898],[73.783727,19.98581],[73.784381,19.985221],[73.784826,19.985048],[73.785282,19.985052],[73.786114,19.985367],[73.787325,19.985408],[73.787687,19.985314],[73.788094,19.985104],[73.78835,19.984972],[73.788874,19.984855],[73.789411,19.984838],[73.789835,19.984955],[73.790498,19.98533],[73.792304,19.985251],[73.792755,19.985371],[73.793826,19.986123],[73.795051,19.986836],[73.795692,19.986609],[73.797213,19.986303],[73.797405,19.986252],[73.799635,19.986951],[73.799773,19.987019],[73.800561,19.986844],[73.8007,19.986545],[73.801403,19.986357]]]}},{"type":"Feature","properties":{"Name":"MH 15  GL 0616","routeId":32,"fill-opacity":0.03,"stroke-width":1,"stroke-opacity":0.5,"locationConfidence":"verified","locationSource":"NMC waste collection vehicle tracking export, 30 Aug 2026 (RTI)"},"geometry":{"type":"Polygon","coordinates":[[[73.798648,20.001627],[73.79848,20.001136],[73.798096,20.000693],[73.798061,20.000652],[73.797792,20.000218],[73.797523,19.999784],[73.797389,19.999521],[73.797353,19.999457],[73.796929,19.998666],[73.796929,19.998665],[73.796703,19.99835],[73.79667,19.998279],[73.796613,19.998194],[73.796591,19.998106],[73.796566,19.998053],[73.79652,19.997857],[73.796198,19.997753],[73.795877,19.997653],[73.795748,19.997547],[73.795699,19.997473],[73.795481,19.997215],[73.795344,19.997092],[73.795031,19.99691],[73.794862,19.996876],[73.794349,19.996793],[73.794347,19.997107],[73.794342,19.997158],[73.794338,19.997436],[73.794303,19.997608],[73.794297,19.997681],[73.794215,19.998117],[73.794157,19.998402],[73.794161,19.998444],[73.794165,19.998486],[73.794009,19.998505],[73.794004,19.998507],[73.793113,19.998611],[73.793148,19.998844],[73.792831,19.998917],[73.792352,19.998961],[73.792035,19.998995],[73.791507,19.99903],[73.791127,19.99906],[73.790949,19.999067],[73.790843,19.99912],[73.790737,19.999172],[73.790503,19.999241],[73.79027,19.999311],[73.790017,19.999372],[73.789039,19.999427],[73.788873,19.999971],[73.788729,19.999877],[73.788703,19.99982],[73.788682,19.999801],[73.788654,19.999711],[73.788618,19.999631],[73.788589,19.999507],[73.788503,19.999351],[73.788482,19.999346],[73.787635,19.999153],[73.787237,19.999082],[73.786489,19.998962],[73.786496,19.998941],[73.78649,19.99894],[73.786563,19.998704],[73.786848,19.997995],[73.787233,19.998018],[73.787244,19.997786],[73.787245,19.997763],[73.787058,19.997776],[73.787063,19.997763],[73.787174,19.997457],[73.787176,19.997454],[73.787322,19.997052],[73.787473,19.99678],[73.787514,19.996697],[73.787599,19.996578],[73.78766,19.996482],[73.787773,19.996335],[73.787798,19.996301],[73.78792,19.996145],[73.788174,19.995816],[73.788189,19.995801],[73.788246,19.995729],[73.788967,19.995096],[73.788976,19.995089],[73.788976,19.995088],[73.789966,19.994563],[73.790759,19.994328],[73.790491,19.994288],[73.789996,19.994181],[73.788512,19.993861],[73.788146,19.993798],[73.78778,19.993735],[73.787625,19.993679],[73.786671,19.993418],[73.786492,19.993374],[73.785962,19.993315],[73.784838,19.993397],[73.78393,19.99347],[73.783567,19.9935],[73.782695,19.993573],[73.782591,19.993574],[73.782459,19.994181],[73.782287,19.994916],[73.782115,19.99565],[73.781927,19.996056],[73.781739,19.996462],[73.781612,19.996688],[73.781604,19.996704],[73.781254,19.99733],[73.782005,19.999458],[73.782267,20.000146],[73.782461,20.000643],[73.782799,20.001531],[73.783105,20.002333],[73.783405,20.003167],[73.783574,20.00357],[73.783705,20.004001],[73.784185,20.005392],[73.784276,20.00562],[73.784701,20.006669],[73.784778,20.006852],[73.784816,20.006844],[73.785579,20.006685],[73.786309,20.00654],[73.786359,20.006719],[73.787271,20.006719],[73.787624,20.006688],[73.787704,20.007039],[73.787679,20.007435],[73.787663,20.007864],[73.787663,20.007865],[73.787761,20.008137],[73.7881,20.00816],[73.788101,20.008163],[73.788158,20.008732],[73.78821,20.008899],[73.788379,20.009364],[73.788399,20.009479],[73.788498,20.010045],[73.790025,20.009383],[73.790384,20.008927],[73.790433,20.008471],[73.791165,20.007886],[73.792004,20.007378],[73.79218,20.006732],[73.792656,20.005864],[73.79291,20.004669],[73.793484,20.003648],[73.793995,20.002739],[73.795253,20.002052],[73.796063,20.001638],[73.79759,20.001638],[73.798648,20.001627]]]}},{"type":"Feature","properties":{"Name":"MH 15 DU 0944","routeId":692,"fill-opacity":0.03,"stroke-width":1,"stroke-opacity":0.5,"locationConfidence":"verified","locationSource":"NMC waste collection vehicle tracking export, 30 Aug 2026 (RTI)"},"geometry":{"type":"Polygon","coordinates":[[[73.7937,19.94297],[73.79577,19.94312],[73.79683,19.94321],[73.79796,19.94307],[73.7979,19.94498],[73.79783,19.94714],[73.79772,19.95053],[73.79631,19.95092],[73.79443,19.95144],[73.79191,19.95213],[73.78927,19.95305],[73.78633,19.95406],[73.78533,19.95394],[73.78392,19.95386],[73.78126,19.95383],[73.78051,19.95383],[73.77816,19.95388],[73.77756,19.9539],[73.77595,19.95413],[73.77628,19.95509],[73.77639,19.95543],[73.77695,19.95711],[73.77698,19.95721],[73.77722,19.95829],[73.77741,19.95916],[73.77785,19.96069],[73.77838,19.96241],[73.77983,19.96528],[73.77771,19.96559],[73.77807,19.96824],[73.77574,19.96736],[73.77466,19.96697],[73.77478,19.96732],[73.77452,19.96739],[73.77343,19.96701],[73.77325,19.96659],[73.77324,19.96644],[73.77286,19.96635],[73.77258,19.96629],[73.77156,19.96622],[73.7715,19.96622],[73.77133,19.96621],[73.77131,19.9662],[73.77045,19.96615],[73.76977,19.96609],[73.76959,19.96608],[73.76758,19.96592],[73.7683,19.96683],[73.76909,19.96792],[73.76992,19.9688],[73.77052,19.96962],[73.77119,19.97041],[73.77202,19.97105],[73.77249,19.97146],[73.77282,19.97175],[73.77397,19.9727],[73.77571,19.97473],[73.77633,19.9755],[73.77814,19.97754],[73.77851,19.97794],[73.77906,19.97859],[73.77944,19.97902],[73.77965,19.97925],[73.78011,19.97977],[73.78019,19.97985],[73.78053,19.98034],[73.78144,19.9813],[73.78166,19.98159],[73.78215,19.98246],[73.78276,19.98366],[73.78289,19.98395],[73.78334,19.9849],[73.78373,19.98581],[73.78389,19.98601],[73.78391,19.98609],[73.78367,19.98617],[73.78329,19.98614],[73.7828,19.9858],[73.78259,19.98565],[73.78232,19.98545],[73.78213,19.98541],[73.78191,19.98542],[73.78168,19.9855],[73.78132,19.98577],[73.78094,19.98597],[73.7805,19.98616],[73.78004,19.98626],[73.77951,19.98639],[73.77925,19.98648],[73.77889,19.98653],[73.77862,19.9866],[73.77851,19.98687],[73.77851,19.98717],[73.77838,19.98754],[73.77815,19.9877],[73.77762,19.98788],[73.77724,19.98793],[73.77662,19.98803],[73.77597,19.98806],[73.77548,19.98793],[73.77518,19.98798],[73.77483,19.98804],[73.77456,19.98836],[73.77426,19.98905],[73.7742,19.98945],[73.77431,19.98978],[73.77443,19.99012],[73.77438,19.99053],[73.77426,19.99063],[73.77418,19.99075],[73.77341,19.9911],[73.77256,19.99143],[73.77232,19.99155],[73.77199,19.99167],[73.77167,19.99164],[73.77136,19.99166],[73.77114,19.99173],[73.77097,19.99181],[73.77072,19.99187],[73.77042,19.99179],[73.77027,19.99171],[73.76993,19.99161],[73.76933,19.99167],[73.76874,19.99159],[73.76781,19.99142],[73.76773,19.9914],[73.76751,19.99136],[73.7672,19.99115],[73.76706,19.99101],[73.76595,19.99062],[73.76546,19.99053],[73.76468,19.99036],[73.76433,19.99036],[73.76392,19.9903],[73.76373,19.99028],[73.76343,19.99021],[73.76302,19.99012],[73.76269,19.99014],[73.7626,19.99014],[73.76215,19.99023],[73.7617,19.99024],[73.7615,19.9902],[73.76093,19.98996],[73.76058,19.98981],[73.76025,19.98937],[73.76007,19.98899],[73.75981,19.98872],[73.75882,19.98832],[73.75747,19.98833],[73.7571,19.98838],[73.75683,19.98849],[73.75639,19.98886],[73.75625,19.98907],[73.75528,19.98917],[73.75425,19.9893],[73.75374,19.98925],[73.75349,19.98923],[73.75253,19.98956],[73.75203,19.9896],[73.75171,19.98957],[73.75112,19.98949],[73.75092,19.98948],[73.75054,19.98939],[73.75,19.98904],[73.74972,19.98885],[73.7495,19.98855],[73.74925,19.98832],[73.74898,19.98831],[73.74832,19.98849],[73.74777,19.98854],[73.74736,19.98857],[73.74651,19.98862],[73.74537,19.98914],[73.74526,19.98912],[73.74516,19.98907],[73.74441,19.98853],[73.74379,19.98805],[73.74337,19.98775],[73.74336,19.98774],[73.74324,19.98771],[73.74308,19.98766],[73.74293,19.98772],[73.74271,19.98777],[73.74239,19.9882],[73.74216,19.98841],[73.74214,19.98842],[73.74191,19.98849],[73.74156,19.98849],[73.74112,19.98849],[73.74032,19.98846],[73.73998,19.98841],[73.73962,19.98841],[73.73889,19.98843],[73.73798,19.98837],[73.73725,19.98827],[73.73671,19.98807],[73.73645,19.98781],[73.73644,19.98772],[73.73643,19.98756],[73.73645,19.98739],[73.73653,19.98706],[73.73642,19.98698],[73.73637,19.98691],[73.73624,19.98695],[73.73609,19.98698],[73.73576,19.98717],[73.7354,19.98745],[73.73459,19.98783],[73.7335,19.98817],[73.73323,19.98824],[73.73305,19.98831],[73.73265,19.98843],[73.73248,19.98846],[73.7323,19.98852],[73.73167,19.98869],[73.73163,19.9887],[73.73134,19.98867],[73.73106,19.98851],[73.73045,19.98825],[73.73037,19.98821],[73.73036,19.98821],[73.73039,19.98809],[73.73013,19.98799],[73.72945,19.98781],[73.72867,19.98761],[73.72811,19.9873],[73.72756,19.98699],[73.72743,19.98678],[73.72737,19.98591],[73.72736,19.98571],[73.72744,19.9853],[73.72802,19.98498],[73.72833,19.98493],[73.72865,19.98473],[73.72849,19.98441],[73.72782,19.98409],[73.7268,19.98421],[73.72617,19.98413],[73.72528,19.98378],[73.72495,19.98352],[73.72449,19.98324],[73.72414,19.98431],[73.72381,19.9854],[73.72381,19.98549],[73.72378,19.98568],[73.7235,19.98591],[73.7216,19.98509],[73.71969,19.98426],[73.71797,19.98335],[73.71786,19.98309],[73.71746,19.9827],[73.71722,19.98247],[73.71727,19.98188],[73.71709,19.98168],[73.71709,19.98148],[73.71717,19.98139],[73.71779,19.98132],[73.71815,19.98122],[73.71836,19.981],[73.71838,19.98083],[73.71819,19.98021],[73.71774,19.97968],[73.71791,19.97925],[73.71801,19.97909],[73.71789,19.97861],[73.71788,19.97808],[73.71795,19.97773],[73.71795,19.9773],[73.7179,19.97712],[73.71787,19.9764],[73.71781,19.97621],[73.71773,19.97599],[73.7178,19.97589],[73.71805,19.97577],[73.71797,19.97568],[73.71788,19.97559],[73.71766,19.97533],[73.71721,19.97442],[73.71714,19.97236],[73.71696,19.97206],[73.71669,19.97161],[73.71632,19.97099],[73.71594,19.97063],[73.71506,19.96958],[73.71469,19.96916],[73.71442,19.96874],[73.71387,19.96852],[73.71419,19.96831],[73.71402,19.96821],[73.71332,19.96783],[73.71268,19.96749],[73.71186,19.96741],[73.7103,19.96751],[73.71029,19.96693],[73.71031,19.96665],[73.71047,19.96491],[73.71019,19.96291],[73.71013,19.96244],[73.70962,19.96022],[73.70893,19.95697],[73.70884,19.95527],[73.70864,19.95114],[73.70839,19.94585],[73.7083,19.94441],[73.7089,19.94379],[73.7099,19.94277],[73.71019,19.94196],[73.71153,19.94086],[73.71174,19.94113],[73.71217,19.94087],[73.71247,19.94069],[73.7129,19.94064],[73.71535,19.94035],[73.71725,19.94103],[73.72015,19.94206],[73.72169,19.94261],[73.72333,19.94276],[73.72399,19.94291],[73.72563,19.94349],[73.72638,19.94278],[73.72782,19.94211],[73.72899,19.94157],[73.72917,19.94131],[73.72976,19.94177],[73.73008,19.94143],[73.73201,19.94046],[73.73204,19.93872],[73.73206,19.93727],[73.73114,19.93481],[73.73111,19.93465],[73.73101,19.93126],[73.73096,19.92909],[73.7309,19.92698],[73.73075,19.92465],[73.73057,19.92196],[73.73052,19.92111],[73.73154,19.92065],[73.73239,19.92001],[73.73239,19.91893],[73.73247,19.91796],[73.73295,19.91793],[73.73348,19.91789],[73.73405,19.9178],[73.73462,19.91772],[73.73476,19.9177],[73.73494,19.91768],[73.73786,19.91735],[73.74081,19.91701],[73.74111,19.91698],[73.74143,19.91698],[73.74165,19.91705],[73.74218,19.91719],[73.74223,19.91721],[73.74229,19.91723],[73.74257,19.91685],[73.74271,19.91671],[73.7442,19.91655],[73.74449,19.91653],[73.74459,19.9164],[73.74476,19.91622],[73.74488,19.91612],[73.74515,19.91605],[73.74629,19.91595],[73.74832,19.91589],[73.74932,19.91584],[73.75051,19.91574],[73.75324,19.91556],[73.75547,19.91544],[73.75553,19.91629],[73.75735,19.91628],[73.75829,19.91575],[73.76043,19.91546],[73.76142,19.9154],[73.76204,19.91585],[73.76303,19.91716],[73.76338,19.91758],[73.76436,19.91816],[73.76445,19.91884],[73.76305,19.91978],[73.76279,19.92078],[73.76253,19.92138],[73.76282,19.92166],[73.76364,19.9222],[73.76414,19.92292],[73.76492,19.92342],[73.76586,19.92348],[73.76766,19.92319],[73.76809,19.9234],[73.76848,19.92416],[73.76895,19.92478],[73.76919,19.92495],[73.76973,19.92513],[73.77021,19.92505],[73.77072,19.92434],[73.77118,19.9231],[73.77134,19.92294],[73.77122,19.92275],[73.77098,19.91989],[73.77075,19.91712],[73.77072,19.91652],[73.77236,19.91659],[73.77417,19.91667],[73.77575,19.91673],[73.77581,19.91664],[73.77593,19.91646],[73.77609,19.91621],[73.77626,19.91596],[73.77692,19.91613],[73.7776,19.91633],[73.77796,19.91643],[73.77838,19.91651],[73.77856,19.91654],[73.77874,19.91658],[73.77886,19.91486],[73.77896,19.91341],[73.77904,19.91213],[73.7791,19.9117],[73.77921,19.91081],[73.77926,19.91055],[73.77955,19.90903],[73.77965,19.90855],[73.78028,19.90578],[73.78136,19.90601],[73.78143,19.90603],[73.78196,19.90614],[73.78245,19.90624],[73.78262,19.90628],[73.78262,19.90581],[73.78273,19.90591],[73.78298,19.90616],[73.78312,19.90631],[73.78326,19.90645],[73.78366,19.90685],[73.78393,19.90712],[73.7841,19.90729],[73.78428,19.90746],[73.78439,19.90757],[73.78467,19.90785],[73.78481,19.90799],[73.78493,19.90812],[73.78501,19.90819],[73.78507,19.90825],[73.78513,19.90832],[73.78516,19.90835],[73.78529,19.90848],[73.78539,19.90855],[73.7855,19.90864],[73.78556,19.9087],[73.78568,19.90879],[73.78596,19.90902],[73.78612,19.90916],[73.78649,19.90946],[73.78678,19.9097],[73.78692,19.90981],[73.78722,19.91009],[73.78905,19.9116],[73.79028,19.9126],[73.79078,19.91302],[73.79091,19.91313],[73.79106,19.91326],[73.79117,19.91335],[73.79133,19.91349],[73.79143,19.91356],[73.79147,19.9136],[73.79151,19.91363],[73.79155,19.91366],[73.79167,19.91376],[73.79178,19.91386],[73.79183,19.91389],[73.79185,19.91391],[73.79189,19.91394],[73.79198,19.91402],[73.79206,19.91408],[73.7922,19.9142],[73.79234,19.91431],[73.79241,19.91438],[73.79273,19.91463],[73.79316,19.91499],[73.79348,19.91525],[73.79391,19.91561],[73.79395,19.91564],[73.79407,19.91605],[73.7942,19.91648],[73.79421,19.91652],[73.79437,19.91665],[73.79484,19.91701],[73.79543,19.91728],[73.79605,19.91757],[73.79678,19.91786],[73.7973,19.91805],[73.79755,19.91818],[73.79784,19.91845],[73.79826,19.91882],[73.79847,19.91901],[73.79918,19.91992],[73.79854,19.92056],[73.7986,19.92179],[73.79865,19.9229],[73.7948,19.92325],[73.79479,19.92325],[73.7937,19.92346],[73.79397,19.92622],[73.79405,19.92708],[73.79403,19.92708],[73.79324,19.92708],[73.79181,19.92723],[73.79102,19.9273],[73.79091,19.92737],[73.79038,19.92769],[73.7901,19.92796],[73.78989,19.92913],[73.78978,19.92957],[73.78966,19.92996],[73.78969,19.93134],[73.78971,19.93272],[73.78974,19.93426],[73.78972,19.93635],[73.7897,19.93715],[73.78961,19.93884],[73.78953,19.94009],[73.78941,19.94176],[73.78936,19.94239],[73.79069,19.94275],[73.7937,19.94297]]]}},{"type":"Feature","properties":{"Name":"MH 15 ES 2606","routeId":635,"fill-opacity":0.03,"stroke-width":1,"stroke-opacity":0.5,"locationConfidence":"verified","locationSource":"NMC waste collection vehicle tracking export, 30 Aug 2026 (RTI)"},"geometry":{"type":"Polygon","coordinates":[[[73.771136,19.99173],[73.77122,19.991692],[73.771287,19.99168],[73.771357,19.991656],[73.771447,19.991651],[73.771587,19.991625],[73.771674,19.991636],[73.771707,19.991633],[73.771982,19.991658],[73.772515,19.99144],[73.773366,19.991119],[73.773407,19.991104],[73.773499,19.991061],[73.774151,19.990734],[73.77426,19.990632],[73.774343,19.990512],[73.774413,19.990187],[73.774308,19.989776],[73.774249,19.989604],[73.774191,19.989479],[73.774195,19.98945],[73.774258,19.98906],[73.77426,19.989055],[73.77426,19.989054],[73.774274,19.989021],[73.774539,19.988389],[73.77456,19.988357],[73.774728,19.988101],[73.774828,19.988037],[73.77528,19.987943],[73.775368,19.987945],[73.77548,19.987926],[73.775645,19.987972],[73.775976,19.988061],[73.776691,19.988013],[73.777626,19.987871],[73.778127,19.987707],[73.778384,19.987537],[73.778508,19.987171],[73.778508,19.986865],[73.778624,19.986601],[73.778893,19.98653],[73.779249,19.986477],[73.779512,19.986388],[73.77964,19.986345],[73.780543,19.986139],[73.780588,19.98612],[73.781097,19.985885],[73.781514,19.9856],[73.781734,19.98545],[73.781897,19.985421],[73.781909,19.985416],[73.781922,19.985416],[73.782071,19.985389],[73.782322,19.985452],[73.782594,19.985651],[73.783031,19.985951],[73.783294,19.986142],[73.783668,19.986168],[73.78391,19.986091],[73.783894,19.986013],[73.783727,19.98581],[73.78338,19.984996],[73.782892,19.983947],[73.782148,19.982464],[73.781658,19.981589],[73.781436,19.981296],[73.781003,19.980859],[73.780533,19.980336],[73.780111,19.979768],[73.779438,19.979016],[73.77923,19.978783],[73.779065,19.978591],[73.778138,19.977537],[73.777771,19.977133],[73.77707,19.976339],[73.776409,19.975599],[73.776327,19.975497],[73.775709,19.974727],[73.77505,19.974002],[73.774417,19.973233],[73.77397,19.972697],[73.773111,19.972],[73.772823,19.971752],[73.771189,19.970406],[73.770524,19.969617],[73.769918,19.968799],[73.76909,19.96792],[73.768858,19.968112],[73.769079,19.968832],[73.768564,19.969201],[73.768545,19.969215],[73.767069,19.969444],[73.766599,19.969517],[73.766236,19.969576],[73.766234,19.969574],[73.766223,19.969576],[73.765708,19.969039],[73.764966,19.969702],[73.764724,19.969442],[73.7644,19.969678],[73.764224,19.969491],[73.763945,19.969685],[73.764284,19.97002],[73.764486,19.97022],[73.764092,19.970586],[73.764121,19.970618],[73.764128,19.970626],[73.76357,19.971109],[73.763439,19.971226],[73.763823,19.971601],[73.764233,19.972001],[73.764287,19.972054],[73.764298,19.972064],[73.764935,19.972688],[73.764714,19.972916],[73.764749,19.973055],[73.762297,19.973348],[73.762259,19.973114],[73.760323,19.973308],[73.760299,19.973117],[73.759928,19.97315],[73.759982,19.973532],[73.759418,19.973617],[73.759578,19.974536],[73.759637,19.974532],[73.75966,19.974822],[73.759554,19.974829],[73.759557,19.975241],[73.759623,19.975659],[73.760125,19.976558],[73.760146,19.976593],[73.760145,19.976594],[73.759643,19.977684],[73.759793,19.978262],[73.759889,19.97854],[73.760113,19.979132],[73.76028,19.979683],[73.760327,19.979937],[73.760458,19.980602],[73.760657,19.981713],[73.760665,19.981758],[73.760474,19.98178],[73.760535,19.982438],[73.760181,19.982474],[73.760326,19.983412],[73.760378,19.983806],[73.760387,19.983863],[73.760749,19.983731],[73.760913,19.984416],[73.760929,19.985249],[73.760658,19.986181],[73.760874,19.987738],[73.76105,19.989014],[73.761637,19.989406],[73.762453,19.990152],[73.762551,19.990146],[73.762603,19.990136],[73.762647,19.990141],[73.763014,19.990118],[73.763041,19.990116],[73.763377,19.990197],[73.763428,19.990212],[73.763563,19.990244],[73.763918,19.990296],[73.764675,19.990358],[73.765851,19.990586],[73.765949,19.990621],[73.766049,19.99064],[73.766636,19.990857],[73.76706,19.991014],[73.767214,19.991164],[73.76728,19.991207],[73.767521,19.991334],[73.767735,19.991399],[73.768361,19.991506],[73.769346,19.991672],[73.769757,19.991617],[73.769822,19.991621],[73.769842,19.991619],[73.769896,19.991625],[73.770005,19.991631],[73.770042,19.991642],[73.770183,19.991658],[73.770322,19.991737],[73.770403,19.991778],[73.770717,19.991869],[73.771136,19.99173]]]}},{"type":"Feature","properties":{"Name":"MH 15 ES 2950","routeId":550,"fill-opacity":0.03,"stroke-width":1,"stroke-opacity":0.5,"locationConfidence":"verified","locationSource":"NMC waste collection vehicle tracking export, 30 Aug 2026 (RTI)"},"geometry":{"type":"Polygon","coordinates":[[[73.80318,20.00013],[73.80315,19.99957],[73.80302,19.999],[73.80255,19.9979],[73.8023,19.99736],[73.80193,19.99687],[73.80113,19.99628],[73.79956,19.99542],[73.7977,19.9944],[73.79583,19.99339],[73.79453,19.99265],[73.79322,19.99191],[73.79205,19.99133],[73.79089,19.99076],[73.79023,19.99038],[73.78874,19.98952],[73.78699,19.98859],[73.78544,19.98782],[73.78447,19.98682],[73.78389,19.98601],[73.78392,19.98609],[73.78402,19.98662],[73.78395,19.98676],[73.78388,19.98691],[73.78366,19.98768],[73.78355,19.98835],[73.78336,19.98864],[73.783,19.98887],[73.78293,19.98916],[73.78294,19.98965],[73.78294,19.99005],[73.78296,19.99064],[73.78296,19.99118],[73.78295,19.99159],[73.78294,19.99173],[73.78292,19.99187],[73.78285,19.99221],[73.78282,19.9924],[73.78274,19.9928],[73.7827,19.99299],[73.78269,19.99303],[73.78259,19.99355],[73.78259,19.99357],[73.78393,19.99347],[73.78451,19.99342],[73.78516,19.99337],[73.78596,19.99332],[73.78636,19.99334],[73.78649,19.99337],[73.78652,19.99338],[73.78667,19.99342],[73.78708,19.99352],[73.78763,19.99368],[73.78778,19.99374],[73.78841,19.99383],[73.79,19.99418],[73.79076,19.99433],[73.78997,19.99456],[73.78898,19.99509],[73.78897,19.9951],[73.78856,19.99546],[73.78819,19.9958],[73.78792,19.99615],[73.78777,19.99634],[73.7876,19.99658],[73.78747,19.99678],[73.7873,19.99713],[73.78717,19.99746],[73.78706,19.99776],[73.78724,19.99776],[73.78725,19.99776],[73.78724,19.99779],[73.78724,19.99802],[73.78723,19.99802],[73.78723,19.99805],[73.78685,19.99799],[73.78671,19.99835],[73.7865,19.99894],[73.78684,19.99901],[73.78724,19.99908],[73.78763,19.99915],[73.78848,19.99931],[73.7885,19.99935],[73.78855,19.99936],[73.78859,19.99951],[73.78859,19.99952],[73.78865,19.99971],[73.7887,19.99982],[73.78887,19.99997],[73.78904,19.99943],[73.79002,19.99937],[73.7905,19.99924],[73.79084,19.99912],[73.79095,19.99907],[73.79151,19.99903],[73.79169,19.99902],[73.7922,19.99898],[73.79235,19.99896],[73.79276,19.99892],[73.79315,19.99884],[73.79311,19.99861],[73.79401,19.9985],[73.79416,19.99844],[73.79416,19.9984],[73.79415,19.99835],[73.7943,19.99761],[73.79434,19.99716],[73.79435,19.99679],[73.79435,19.99677],[73.79486,19.99688],[73.79498,19.9969],[73.7952,19.99696],[73.79534,19.99709],[73.79536,19.9971],[73.79548,19.99721],[73.7956,19.99733],[73.7957,19.99747],[73.79579,19.99758],[73.79588,19.99765],[73.7962,19.99775],[73.79652,19.99785],[73.79652,19.99786],[73.79653,19.99786],[73.79659,19.99811],[73.79667,19.99828],[73.79693,19.99867],[73.79726,19.99927],[73.79739,19.99952],[73.79779,20.00022],[73.7981,20.00069],[73.79826,20.00088],[73.79848,20.00114],[73.79865,20.00163],[73.80008,20.00163],[73.80162,20.00163],[73.80314,20.00173],[73.80318,20.00039],[73.80318,20.00013]]]}},{"type":"Feature","properties":{"Name":"MH 15 FV  0818","routeId":219,"fill-opacity":0.03,"stroke-width":1,"stroke-opacity":0.5,"locationConfidence":"verified","locationSource":"NMC waste collection vehicle tracking export, 30 Aug 2026 (RTI)"},"geometry":{"type":"Polygon","coordinates":[[[73.765837,19.96339],[73.762815,19.964818],[73.76153,19.963343],[73.760935,19.964104],[73.761863,19.966841],[73.764266,19.968578],[73.766265,19.970481],[73.770072,19.968673],[73.768002,19.965889],[73.765837,19.96339]]]}},{"type":"Feature","properties":{"Name":"MH 15 FV 0541","routeId":454,"fill-opacity":0.03,"stroke-width":1,"stroke-opacity":0.5,"locationConfidence":"verified","locationSource":"NMC waste collection vehicle tracking export, 30 Aug 2026 (RTI)"},"geometry":{"type":"Polygon","coordinates":[[[73.7937,19.94297],[73.79577,19.94312],[73.79683,19.94321],[73.79796,19.94307],[73.7979,19.94498],[73.79783,19.94714],[73.79772,19.95053],[73.79631,19.95092],[73.79443,19.95144],[73.79191,19.95213],[73.78927,19.95305],[73.78633,19.95406],[73.78533,19.95394],[73.78392,19.95386],[73.78126,19.95383],[73.78051,19.95383],[73.77816,19.95388],[73.77756,19.9539],[73.77595,19.95413],[73.77628,19.95509],[73.77639,19.95543],[73.77695,19.95711],[73.77698,19.95721],[73.77722,19.95829],[73.77741,19.95916],[73.77785,19.96069],[73.77838,19.96241],[73.77983,19.96528],[73.77771,19.96559],[73.77807,19.96824],[73.77574,19.96736],[73.77466,19.96697],[73.77478,19.96732],[73.77452,19.96739],[73.77343,19.96701],[73.77325,19.96659],[73.77324,19.96644],[73.77286,19.96635],[73.77258,19.96629],[73.77156,19.96622],[73.7715,19.96622],[73.77133,19.96621],[73.77131,19.9662],[73.77045,19.96615],[73.76977,19.96609],[73.76959,19.96608],[73.76758,19.96592],[73.7683,19.96683],[73.76909,19.96792],[73.76992,19.9688],[73.77052,19.96962],[73.77119,19.97041],[73.77202,19.97105],[73.77249,19.97146],[73.77282,19.97175],[73.77397,19.9727],[73.77571,19.97473],[73.77633,19.9755],[73.77814,19.97754],[73.77851,19.97794],[73.77906,19.97859],[73.77944,19.97902],[73.77965,19.97925],[73.78011,19.97977],[73.78019,19.97985],[73.78053,19.98034],[73.78144,19.9813],[73.78166,19.98159],[73.78215,19.98246],[73.78276,19.98366],[73.78289,19.98395],[73.78334,19.9849],[73.78373,19.98581],[73.78389,19.98601],[73.78391,19.98609],[73.78367,19.98617],[73.78329,19.98614],[73.7828,19.9858],[73.78259,19.98565],[73.78232,19.98545],[73.78213,19.98541],[73.78191,19.98542],[73.78168,19.9855],[73.78132,19.98577],[73.78094,19.98597],[73.7805,19.98616],[73.78004,19.98626],[73.77951,19.98639],[73.77925,19.98648],[73.77889,19.98653],[73.77862,19.9866],[73.77851,19.98687],[73.77851,19.98717],[73.77838,19.98754],[73.77815,19.9877],[73.77762,19.98788],[73.77724,19.98793],[73.77662,19.98803],[73.77597,19.98806],[73.77548,19.98793],[73.77518,19.98798],[73.77483,19.98804],[73.77456,19.98836],[73.77426,19.98905],[73.7742,19.98945],[73.77431,19.98978],[73.77443,19.99012],[73.77438,19.99053],[73.77426,19.99063],[73.77418,19.99075],[73.77341,19.9911],[73.77256,19.99143],[73.77232,19.99155],[73.77199,19.99167],[73.77167,19.99164],[73.77136,19.99166],[73.77114,19.99173],[73.77097,19.99181],[73.77072,19.99187],[73.77042,19.99179],[73.77027,19.99171],[73.76993,19.99161],[73.76933,19.99167],[73.76874,19.99159],[73.76781,19.99142],[73.76773,19.9914],[73.76751,19.99136],[73.7672,19.99115],[73.76706,19.99101],[73.76595,19.99062],[73.76546,19.99053],[73.76468,19.99036],[73.76433,19.99036],[73.76392,19.9903],[73.76373,19.99028],[73.76343,19.99021],[73.76302,19.99012],[73.76269,19.99014],[73.7626,19.99014],[73.76215,19.99023],[73.7617,19.99024],[73.7615,19.9902],[73.76093,19.98996],[73.76058,19.98981],[73.76025,19.98937],[73.76007,19.98899],[73.75981,19.98872],[73.75882,19.98832],[73.75747,19.98833],[73.7571,19.98838],[73.75683,19.98849],[73.75639,19.98886],[73.75625,19.98907],[73.75528,19.98917],[73.75425,19.9893],[73.75374,19.98925],[73.75349,19.98923],[73.75253,19.98956],[73.75203,19.9896],[73.75171,19.98957],[73.75112,19.98949],[73.75092,19.98948],[73.75054,19.98939],[73.75,19.98904],[73.74972,19.98885],[73.7495,19.98855],[73.74925,19.98832],[73.74898,19.98831],[73.74832,19.98849],[73.74777,19.98854],[73.74736,19.98857],[73.74651,19.98862],[73.74537,19.98914],[73.74526,19.98912],[73.74516,19.98907],[73.74441,19.98853],[73.74379,19.98805],[73.74337,19.98775],[73.74336,19.98774],[73.74324,19.98771],[73.74308,19.98766],[73.74293,19.98772],[73.74271,19.98777],[73.74239,19.9882],[73.74216,19.98841],[73.74214,19.98842],[73.74191,19.98849],[73.74156,19.98849],[73.74112,19.98849],[73.74032,19.98846],[73.73998,19.98841],[73.73962,19.98841],[73.73889,19.98843],[73.73798,19.98837],[73.73725,19.98827],[73.73671,19.98807],[73.73645,19.98781],[73.73644,19.98772],[73.73643,19.98756],[73.73645,19.98739],[73.73653,19.98706],[73.73642,19.98698],[73.73637,19.98691],[73.73624,19.98695],[73.73609,19.98698],[73.73576,19.98717],[73.7354,19.98745],[73.73459,19.98783],[73.7335,19.98817],[73.73323,19.98824],[73.73305,19.98831],[73.73265,19.98843],[73.73248,19.98846],[73.7323,19.98852],[73.73167,19.98869],[73.73163,19.9887],[73.73134,19.98867],[73.73106,19.98851],[73.73045,19.98825],[73.73037,19.98821],[73.73036,19.98821],[73.73039,19.98809],[73.73013,19.98799],[73.72945,19.98781],[73.72867,19.98761],[73.72811,19.9873],[73.72756,19.98699],[73.72743,19.98678],[73.72737,19.98591],[73.72736,19.98571],[73.72744,19.9853],[73.72802,19.98498],[73.72833,19.98493],[73.72865,19.98473],[73.72849,19.98441],[73.72782,19.98409],[73.7268,19.98421],[73.72617,19.98413],[73.72528,19.98378],[73.72495,19.98352],[73.72449,19.98324],[73.72414,19.98431],[73.72381,19.9854],[73.72381,19.98549],[73.72378,19.98568],[73.7235,19.98591],[73.7216,19.98509],[73.71969,19.98426],[73.71797,19.98335],[73.71786,19.98309],[73.71746,19.9827],[73.71722,19.98247],[73.71727,19.98188],[73.71709,19.98168],[73.71709,19.98148],[73.71717,19.98139],[73.71779,19.98132],[73.71815,19.98122],[73.71836,19.981],[73.71838,19.98083],[73.71819,19.98021],[73.71774,19.97968],[73.71791,19.97925],[73.71801,19.97909],[73.71789,19.97861],[73.71788,19.97808],[73.71795,19.97773],[73.71795,19.9773],[73.7179,19.97712],[73.71787,19.9764],[73.71781,19.97621],[73.71773,19.97599],[73.7178,19.97589],[73.71805,19.97577],[73.71797,19.97568],[73.71788,19.97559],[73.71766,19.97533],[73.71721,19.97442],[73.71714,19.97236],[73.71696,19.97206],[73.71669,19.97161],[73.71632,19.97099],[73.71594,19.97063],[73.71506,19.96958],[73.71469,19.96916],[73.71442,19.96874],[73.71387,19.96852],[73.71419,19.96831],[73.71402,19.96821],[73.71332,19.96783],[73.71268,19.96749],[73.71186,19.96741],[73.7103,19.96751],[73.71029,19.96693],[73.71031,19.96665],[73.71047,19.96491],[73.71019,19.96291],[73.71013,19.96244],[73.70962,19.96022],[73.70893,19.95697],[73.70884,19.95527],[73.70864,19.95114],[73.70839,19.94585],[73.7083,19.94441],[73.7089,19.94379],[73.7099,19.94277],[73.71019,19.94196],[73.71153,19.94086],[73.71174,19.94113],[73.71217,19.94087],[73.71247,19.94069],[73.7129,19.94064],[73.71535,19.94035],[73.71725,19.94103],[73.72015,19.94206],[73.72169,19.94261],[73.72333,19.94276],[73.72399,19.94291],[73.72563,19.94349],[73.72638,19.94278],[73.72782,19.94211],[73.72899,19.94157],[73.72917,19.94131],[73.72976,19.94177],[73.73008,19.94143],[73.73201,19.94046],[73.73204,19.93872],[73.73206,19.93727],[73.73114,19.93481],[73.73111,19.93465],[73.73101,19.93126],[73.73096,19.92909],[73.7309,19.92698],[73.73075,19.92465],[73.73057,19.92196],[73.73052,19.92111],[73.73154,19.92065],[73.73239,19.92001],[73.73239,19.91893],[73.73247,19.91796],[73.73295,19.91793],[73.73348,19.91789],[73.73405,19.9178],[73.73462,19.91772],[73.73476,19.9177],[73.73494,19.91768],[73.73786,19.91735],[73.74081,19.91701],[73.74111,19.91698],[73.74143,19.91698],[73.74165,19.91705],[73.74218,19.91719],[73.74223,19.91721],[73.74229,19.91723],[73.74257,19.91685],[73.74271,19.91671],[73.7442,19.91655],[73.74449,19.91653],[73.74459,19.9164],[73.74476,19.91622],[73.74488,19.91612],[73.74515,19.91605],[73.74629,19.91595],[73.74832,19.91589],[73.74932,19.91584],[73.75051,19.91574],[73.75324,19.91556],[73.75547,19.91544],[73.75553,19.91629],[73.75735,19.91628],[73.75829,19.91575],[73.76043,19.91546],[73.76142,19.9154],[73.76204,19.91585],[73.76303,19.91716],[73.76338,19.91758],[73.76436,19.91816],[73.76445,19.91884],[73.76305,19.91978],[73.76279,19.92078],[73.76253,19.92138],[73.76282,19.92166],[73.76364,19.9222],[73.76414,19.92292],[73.76492,19.92342],[73.76586,19.92348],[73.76766,19.92319],[73.76809,19.9234],[73.76848,19.92416],[73.76895,19.92478],[73.76919,19.92495],[73.76973,19.92513],[73.77021,19.92505],[73.77072,19.92434],[73.77118,19.9231],[73.77134,19.92294],[73.77122,19.92275],[73.77098,19.91989],[73.77075,19.91712],[73.77072,19.91652],[73.77236,19.91659],[73.77417,19.91667],[73.77575,19.91673],[73.77581,19.91664],[73.77593,19.91646],[73.77609,19.91621],[73.77626,19.91596],[73.77692,19.91613],[73.7776,19.91633],[73.77796,19.91643],[73.77838,19.91651],[73.77856,19.91654],[73.77874,19.91658],[73.77886,19.91486],[73.77896,19.91341],[73.77904,19.91213],[73.7791,19.9117],[73.77921,19.91081],[73.77926,19.91055],[73.77955,19.90903],[73.77965,19.90855],[73.78028,19.90578],[73.78136,19.90601],[73.78143,19.90603],[73.78196,19.90614],[73.78245,19.90624],[73.78262,19.90628],[73.78262,19.90581],[73.78273,19.90591],[73.78298,19.90616],[73.78312,19.90631],[73.78326,19.90645],[73.78366,19.90685],[73.78393,19.90712],[73.7841,19.90729],[73.78428,19.90746],[73.78439,19.90757],[73.78467,19.90785],[73.78481,19.90799],[73.78493,19.90812],[73.78501,19.90819],[73.78507,19.90825],[73.78513,19.90832],[73.78516,19.90835],[73.78529,19.90848],[73.78539,19.90855],[73.7855,19.90864],[73.78556,19.9087],[73.78568,19.90879],[73.78596,19.90902],[73.78612,19.90916],[73.78649,19.90946],[73.78678,19.9097],[73.78692,19.90981],[73.78722,19.91009],[73.78905,19.9116],[73.79028,19.9126],[73.79078,19.91302],[73.79091,19.91313],[73.79106,19.91326],[73.79117,19.91335],[73.79133,19.91349],[73.79143,19.91356],[73.79147,19.9136],[73.79151,19.91363],[73.79155,19.91366],[73.79167,19.91376],[73.79178,19.91386],[73.79183,19.91389],[73.79185,19.91391],[73.79189,19.91394],[73.79198,19.91402],[73.79206,19.91408],[73.7922,19.9142],[73.79234,19.91431],[73.79241,19.91438],[73.79273,19.91463],[73.79316,19.91499],[73.79348,19.91525],[73.79391,19.91561],[73.79395,19.91564],[73.79407,19.91605],[73.7942,19.91648],[73.79421,19.91652],[73.79437,19.91665],[73.79484,19.91701],[73.79543,19.91728],[73.79605,19.91757],[73.79678,19.91786],[73.7973,19.91805],[73.79755,19.91818],[73.79784,19.91845],[73.79826,19.91882],[73.79847,19.91901],[73.79918,19.91992],[73.79854,19.92056],[73.7986,19.92179],[73.79865,19.9229],[73.7948,19.92325],[73.79479,19.92325],[73.7937,19.92346],[73.79397,19.92622],[73.79405,19.92708],[73.79403,19.92708],[73.79324,19.92708],[73.79181,19.92723],[73.79102,19.9273],[73.79091,19.92737],[73.79038,19.92769],[73.7901,19.92796],[73.78989,19.92913],[73.78978,19.92957],[73.78966,19.92996],[73.78969,19.93134],[73.78971,19.93272],[73.78974,19.93426],[73.78972,19.93635],[73.7897,19.93715],[73.78961,19.93884],[73.78953,19.94009],[73.78941,19.94176],[73.78936,19.94239],[73.79069,19.94275],[73.7937,19.94297]]]}},{"type":"Feature","properties":{"Name":"MH 15 FV 0689","routeId":737,"fill-opacity":0.03,"stroke-width":1,"stroke-opacity":0.5,"locationConfidence":"verified","locationSource":"NMC waste collection vehicle tracking export, 30 Aug 2026 (RTI)"},"geometry":{"type":"Polygon","coordinates":[[[73.759889,19.968009],[73.759983,19.967972],[73.760655,19.967587],[73.760878,19.967462],[73.761194,19.967282],[73.76146,19.967136],[73.762138,19.966575],[73.762298,19.966469],[73.762401,19.966387],[73.76301,19.965993],[73.763103,19.965931],[73.764081,19.965274],[73.765014,19.964609],[73.76586,19.964077],[73.766005,19.963994],[73.765365,19.963236],[73.764475,19.962236],[73.763586,19.961235],[73.762264,19.960054],[73.760941,19.958923],[73.759538,19.95772],[73.75852,19.95688],[73.757876,19.956317],[73.757068,19.955569],[73.755978,19.954489],[73.755906,19.954411],[73.755268,19.953723],[73.754558,19.952957],[73.753015,19.951554],[73.752806,19.951381],[73.751631,19.950413],[73.750543,19.949538],[73.749455,19.948663],[73.747735,19.947101],[73.746008,19.94556],[73.74446,19.944106],[73.744192,19.943799],[73.743924,19.943492],[73.743054,19.942825],[73.742066,19.94221],[73.741078,19.941594],[73.739701,19.940233],[73.738568,19.93895],[73.737797,19.938278],[73.737025,19.937607],[73.736304,19.936933],[73.735749,19.936503],[73.735018,19.936131],[73.734079,19.935867],[73.734024,19.935851],[73.732338,19.93523],[73.731113,19.934651],[73.731139,19.934814],[73.732058,19.937271],[73.732037,19.938715],[73.732011,19.940457],[73.730081,19.94143],[73.729761,19.941774],[73.729172,19.941309],[73.728992,19.941568],[73.72782,19.942112],[73.726383,19.942784],[73.725633,19.943485],[73.723989,19.942913],[73.72333,19.942756],[73.721686,19.942607],[73.720146,19.942059],[73.71725,19.941028],[73.715354,19.940353],[73.712897,19.940639],[73.712472,19.940688],[73.712173,19.940869],[73.711741,19.941132],[73.711526,19.940861],[73.710192,19.94196],[73.709896,19.942773],[73.708896,19.943791],[73.708297,19.944409],[73.708385,19.945851],[73.708638,19.951139],[73.708841,19.955267],[73.708927,19.956974],[73.709623,19.960225],[73.710133,19.962441],[73.710193,19.962906],[73.710468,19.964913],[73.71031,19.966651],[73.710285,19.966927],[73.710305,19.967514],[73.711856,19.96741],[73.71268,19.967488],[73.713318,19.967833],[73.714018,19.968212],[73.71419,19.968306],[73.714191,19.968306],[73.714579,19.968127],[73.714848,19.968022],[73.715121,19.967905],[73.715189,19.96789],[73.715202,19.967885],[73.716078,19.967696],[73.716244,19.96766],[73.71796,19.967435],[73.719675,19.966951],[73.720987,19.966574],[73.720999,19.966571],[73.721121,19.966556],[73.721597,19.966493],[73.722604,19.966363],[73.723535,19.966171],[73.724547,19.965961],[73.724736,19.965633],[73.724748,19.965269],[73.724841,19.965193],[73.724937,19.965408],[73.725032,19.96559],[73.72527,19.965746],[73.725334,19.965726],[73.725818,19.965582],[73.726176,19.96537],[73.726517,19.965122],[73.726586,19.965071],[73.726694,19.965014],[73.726696,19.965014],[73.727344,19.96493],[73.728484,19.964866],[73.729843,19.96448],[73.72993,19.964453],[73.730124,19.9644],[73.730321,19.964344],[73.731589,19.963996],[73.732051,19.963869],[73.732316,19.963794],[73.732319,19.963793],[73.732487,19.963745],[73.733182,19.963547],[73.733183,19.963546],[73.733644,19.963446],[73.734327,19.963429],[73.734989,19.96317],[73.735053,19.963115],[73.735141,19.963393],[73.735575,19.963265],[73.735651,19.963764],[73.735661,19.963826],[73.735829,19.964927],[73.736062,19.965529],[73.736467,19.966132],[73.736668,19.966238],[73.737087,19.966889],[73.73722,19.967061],[73.737748,19.967736],[73.737854,19.966828],[73.738841,19.966828],[73.738841,19.966756],[73.738842,19.966756],[73.738843,19.966756],[73.739296,19.966728],[73.739324,19.966693],[73.739329,19.966672],[73.739341,19.966672],[73.739349,19.966661],[73.739883,19.966659],[73.739831,19.966243],[73.739327,19.966234],[73.739327,19.966224],[73.739322,19.966155],[73.738743,19.966189],[73.738729,19.966011],[73.738729,19.966009],[73.738888,19.966003],[73.739858,19.965951],[73.739615,19.965387],[73.739614,19.965387],[73.740714,19.96533],[73.741671,19.965281],[73.741661,19.965022],[73.74324,19.965038],[73.744161,19.965063],[73.745067,19.965081],[73.745043,19.964513],[73.744987,19.964281],[73.744766,19.963379],[73.746285,19.963432],[73.74647,19.963438],[73.74647,19.963439],[73.746471,19.963439],[73.746489,19.963627],[73.746686,19.963637],[73.746606,19.962657],[73.746606,19.962655],[73.747039,19.96264],[73.747048,19.962639],[73.747052,19.962731],[73.748941,19.962722],[73.749049,19.963011],[73.74905,19.963012],[73.749122,19.963206],[73.749302,19.96349],[73.750458,19.963506],[73.750481,19.963084],[73.751093,19.96306],[73.751094,19.962673],[73.75136,19.962647],[73.752051,19.962653],[73.752074,19.962723],[73.752738,19.96276],[73.752729,19.963127],[73.752731,19.963127],[73.753862,19.963139],[73.754351,19.961558],[73.755883,19.961777],[73.755884,19.961777],[73.757207,19.962824],[73.756363,19.963808],[73.755759,19.964593],[73.755828,19.964911],[73.755896,19.96523],[73.755948,19.965479],[73.755993,19.965689],[73.758029,19.965348],[73.758049,19.965344],[73.758076,19.965697],[73.758079,19.965706],[73.758216,19.966118],[73.758161,19.966815],[73.758161,19.966823],[73.75816,19.966824],[73.757955,19.967325],[73.758125,19.967264],[73.758615,19.968252],[73.758442,19.96833],[73.758549,19.968543],[73.7595,19.968141],[73.759889,19.968009]]]}},{"type":"Feature","properties":{"Name":"MH 15 FV 0690","routeId":441,"fill-opacity":0.03,"stroke-width":1,"stroke-opacity":0.5,"locationConfidence":"verified","locationSource":"NMC waste collection vehicle tracking export, 30 Aug 2026 (RTI)"},"geometry":{"type":"Polygon","coordinates":[[[73.771136,19.99173],[73.77122,19.991692],[73.771287,19.99168],[73.771357,19.991656],[73.771447,19.991651],[73.771587,19.991625],[73.771674,19.991636],[73.771707,19.991633],[73.771982,19.991658],[73.772515,19.99144],[73.773366,19.991119],[73.773407,19.991104],[73.773499,19.991061],[73.774151,19.990734],[73.77426,19.990632],[73.774343,19.990512],[73.774413,19.990187],[73.774308,19.989776],[73.774249,19.989604],[73.774191,19.989479],[73.774195,19.98945],[73.774258,19.98906],[73.77426,19.989055],[73.77426,19.989054],[73.774274,19.989021],[73.774539,19.988389],[73.77456,19.988357],[73.774728,19.988101],[73.774828,19.988037],[73.77528,19.987943],[73.775368,19.987945],[73.77548,19.987926],[73.775645,19.987972],[73.775976,19.988061],[73.776691,19.988013],[73.777626,19.987871],[73.778127,19.987707],[73.778384,19.987537],[73.778508,19.987171],[73.778508,19.986865],[73.778624,19.986601],[73.778893,19.98653],[73.779249,19.986477],[73.779512,19.986388],[73.77964,19.986345],[73.780543,19.986139],[73.780588,19.98612],[73.781097,19.985885],[73.781514,19.9856],[73.781734,19.98545],[73.781897,19.985421],[73.781909,19.985416],[73.781922,19.985416],[73.782071,19.985389],[73.782322,19.985452],[73.782594,19.985651],[73.783031,19.985951],[73.783294,19.986142],[73.783668,19.986168],[73.78391,19.986091],[73.783894,19.986013],[73.783727,19.98581],[73.78338,19.984996],[73.782892,19.983947],[73.782148,19.982464],[73.781658,19.981589],[73.781436,19.981296],[73.781003,19.980859],[73.780533,19.980336],[73.780111,19.979768],[73.779438,19.979016],[73.77923,19.978783],[73.779065,19.978591],[73.778138,19.977537],[73.777771,19.977133],[73.77707,19.976339],[73.776409,19.975599],[73.776327,19.975497],[73.775709,19.974727],[73.77505,19.974002],[73.774417,19.973233],[73.77397,19.972697],[73.773111,19.972],[73.772823,19.971752],[73.771189,19.970406],[73.770524,19.969617],[73.769918,19.968799],[73.76909,19.96792],[73.768858,19.968112],[73.769079,19.968832],[73.768564,19.969201],[73.768545,19.969215],[73.767069,19.969444],[73.766599,19.969517],[73.766236,19.969576],[73.766234,19.969574],[73.766223,19.969576],[73.765708,19.969039],[73.764966,19.969702],[73.764724,19.969442],[73.7644,19.969678],[73.764224,19.969491],[73.763945,19.969685],[73.764284,19.97002],[73.764486,19.97022],[73.764092,19.970586],[73.764121,19.970618],[73.764128,19.970626],[73.76357,19.971109],[73.763439,19.971226],[73.763823,19.971601],[73.764233,19.972001],[73.764287,19.972054],[73.764298,19.972064],[73.764935,19.972688],[73.764714,19.972916],[73.764749,19.973055],[73.762297,19.973348],[73.762259,19.973114],[73.760323,19.973308],[73.760299,19.973117],[73.759928,19.97315],[73.759982,19.973532],[73.759418,19.973617],[73.759578,19.974536],[73.759637,19.974532],[73.75966,19.974822],[73.759554,19.974829],[73.759557,19.975241],[73.759623,19.975659],[73.760125,19.976558],[73.760146,19.976593],[73.760145,19.976594],[73.759643,19.977684],[73.759793,19.978262],[73.759889,19.97854],[73.760113,19.979132],[73.76028,19.979683],[73.760327,19.979937],[73.760458,19.980602],[73.760657,19.981713],[73.760665,19.981758],[73.760474,19.98178],[73.760535,19.982438],[73.760181,19.982474],[73.760326,19.983412],[73.760378,19.983806],[73.760387,19.983863],[73.760749,19.983731],[73.760913,19.984416],[73.760929,19.985249],[73.760658,19.986181],[73.760874,19.987738],[73.76105,19.989014],[73.761637,19.989406],[73.762453,19.990152],[73.762551,19.990146],[73.762603,19.990136],[73.762647,19.990141],[73.763014,19.990118],[73.763041,19.990116],[73.763377,19.990197],[73.763428,19.990212],[73.763563,19.990244],[73.763918,19.990296],[73.764675,19.990358],[73.765851,19.990586],[73.765949,19.990621],[73.766049,19.99064],[73.766636,19.990857],[73.76706,19.991014],[73.767214,19.991164],[73.76728,19.991207],[73.767521,19.991334],[73.767735,19.991399],[73.768361,19.991506],[73.769346,19.991672],[73.769757,19.991617],[73.769822,19.991621],[73.769842,19.991619],[73.769896,19.991625],[73.770005,19.991631],[73.770042,19.991642],[73.770183,19.991658],[73.770322,19.991737],[73.770403,19.991778],[73.770717,19.991869],[73.771136,19.99173]]]}},{"type":"Feature","properties":{"Name":"MH 15 FV 0691","routeId":732,"fill-opacity":0.03,"stroke-width":1,"stroke-opacity":0.5,"locationConfidence":"verified","locationSource":"NMC waste collection vehicle tracking export, 30 Aug 2026 (RTI)"},"geometry":{"type":"Polygon","coordinates":[[[73.759889,19.968009],[73.759983,19.967972],[73.760655,19.967587],[73.760878,19.967462],[73.761194,19.967282],[73.76146,19.967136],[73.762138,19.966575],[73.762298,19.966469],[73.762401,19.966387],[73.76301,19.965993],[73.763103,19.965931],[73.764081,19.965274],[73.765014,19.964609],[73.76586,19.964077],[73.766005,19.963994],[73.765365,19.963236],[73.764475,19.962236],[73.763586,19.961235],[73.762264,19.960054],[73.760941,19.958923],[73.759538,19.95772],[73.75852,19.95688],[73.757876,19.956317],[73.757068,19.955569],[73.755978,19.954489],[73.755906,19.954411],[73.755268,19.953723],[73.754558,19.952957],[73.753015,19.951554],[73.752806,19.951381],[73.751631,19.950413],[73.750543,19.949538],[73.749455,19.948663],[73.747735,19.947101],[73.746008,19.94556],[73.74446,19.944106],[73.744192,19.943799],[73.743924,19.943492],[73.743054,19.942825],[73.742066,19.94221],[73.741078,19.941594],[73.739701,19.940233],[73.738568,19.93895],[73.737797,19.938278],[73.737025,19.937607],[73.736304,19.936933],[73.735749,19.936503],[73.735018,19.936131],[73.734079,19.935867],[73.734024,19.935851],[73.732338,19.93523],[73.731113,19.934651],[73.731139,19.934814],[73.732058,19.937271],[73.732037,19.938715],[73.732011,19.940457],[73.730081,19.94143],[73.729761,19.941774],[73.729172,19.941309],[73.728992,19.941568],[73.72782,19.942112],[73.726383,19.942784],[73.725633,19.943485],[73.723989,19.942913],[73.72333,19.942756],[73.721686,19.942607],[73.720146,19.942059],[73.71725,19.941028],[73.715354,19.940353],[73.712897,19.940639],[73.712472,19.940688],[73.712173,19.940869],[73.711741,19.941132],[73.711526,19.940861],[73.710192,19.94196],[73.709896,19.942773],[73.708896,19.943791],[73.708297,19.944409],[73.708385,19.945851],[73.708638,19.951139],[73.708841,19.955267],[73.708927,19.956974],[73.709623,19.960225],[73.710133,19.962441],[73.710193,19.962906],[73.710468,19.964913],[73.71031,19.966651],[73.710285,19.966927],[73.710305,19.967514],[73.711856,19.96741],[73.71268,19.967488],[73.713318,19.967833],[73.714018,19.968212],[73.71419,19.968306],[73.714191,19.968306],[73.714579,19.968127],[73.714848,19.968022],[73.715121,19.967905],[73.715189,19.96789],[73.715202,19.967885],[73.716078,19.967696],[73.716244,19.96766],[73.71796,19.967435],[73.719675,19.966951],[73.720987,19.966574],[73.720999,19.966571],[73.721121,19.966556],[73.721597,19.966493],[73.722604,19.966363],[73.723535,19.966171],[73.724547,19.965961],[73.724736,19.965633],[73.724748,19.965269],[73.724841,19.965193],[73.724937,19.965408],[73.725032,19.96559],[73.72527,19.965746],[73.725334,19.965726],[73.725818,19.965582],[73.726176,19.96537],[73.726517,19.965122],[73.726586,19.965071],[73.726694,19.965014],[73.726696,19.965014],[73.727344,19.96493],[73.728484,19.964866],[73.729843,19.96448],[73.72993,19.964453],[73.730124,19.9644],[73.730321,19.964344],[73.731589,19.963996],[73.732051,19.963869],[73.732316,19.963794],[73.732319,19.963793],[73.732487,19.963745],[73.733182,19.963547],[73.733183,19.963546],[73.733644,19.963446],[73.734327,19.963429],[73.734989,19.96317],[73.735053,19.963115],[73.735141,19.963393],[73.735575,19.963265],[73.735651,19.963764],[73.735661,19.963826],[73.735829,19.964927],[73.736062,19.965529],[73.736467,19.966132],[73.736668,19.966238],[73.737087,19.966889],[73.73722,19.967061],[73.737748,19.967736],[73.737854,19.966828],[73.738841,19.966828],[73.738841,19.966756],[73.738842,19.966756],[73.738843,19.966756],[73.739296,19.966728],[73.739324,19.966693],[73.739329,19.966672],[73.739341,19.966672],[73.739349,19.966661],[73.739883,19.966659],[73.739831,19.966243],[73.739327,19.966234],[73.739327,19.966224],[73.739322,19.966155],[73.738743,19.966189],[73.738729,19.966011],[73.738729,19.966009],[73.738888,19.966003],[73.739858,19.965951],[73.739615,19.965387],[73.739614,19.965387],[73.740714,19.96533],[73.741671,19.965281],[73.741661,19.965022],[73.74324,19.965038],[73.744161,19.965063],[73.745067,19.965081],[73.745043,19.964513],[73.744987,19.964281],[73.744766,19.963379],[73.746285,19.963432],[73.74647,19.963438],[73.74647,19.963439],[73.746471,19.963439],[73.746489,19.963627],[73.746686,19.963637],[73.746606,19.962657],[73.746606,19.962655],[73.747039,19.96264],[73.747048,19.962639],[73.747052,19.962731],[73.748941,19.962722],[73.749049,19.963011],[73.74905,19.963012],[73.749122,19.963206],[73.749302,19.96349],[73.750458,19.963506],[73.750481,19.963084],[73.751093,19.96306],[73.751094,19.962673],[73.75136,19.962647],[73.752051,19.962653],[73.752074,19.962723],[73.752738,19.96276],[73.752729,19.963127],[73.752731,19.963127],[73.753862,19.963139],[73.754351,19.961558],[73.755883,19.961777],[73.755884,19.961777],[73.757207,19.962824],[73.756363,19.963808],[73.755759,19.964593],[73.755828,19.964911],[73.755896,19.96523],[73.755948,19.965479],[73.755993,19.965689],[73.758029,19.965348],[73.758049,19.965344],[73.758076,19.965697],[73.758079,19.965706],[73.758216,19.966118],[73.758161,19.966815],[73.758161,19.966823],[73.75816,19.966824],[73.757955,19.967325],[73.758125,19.967264],[73.758615,19.968252],[73.758442,19.96833],[73.758549,19.968543],[73.7595,19.968141],[73.759889,19.968009]]]}},{"type":"Feature","properties":{"Name":"MH 15 FV 0692","routeId":440,"fill-opacity":0.03,"stroke-width":1,"stroke-opacity":0.5,"locationConfidence":"verified","locationSource":"NMC waste collection vehicle tracking export, 30 Aug 2026 (RTI)"},"geometry":{"type":"Polygon","coordinates":[[[73.726028,19.954366],[73.726647,19.958935],[73.729812,19.959054],[73.731168,19.959387],[73.731905,19.962361],[73.730335,19.96279],[73.730882,19.96467],[73.736212,19.963623],[73.735689,19.959244],[73.734261,19.959006],[73.731215,19.956603],[73.726742,19.953629],[73.726028,19.954366]]]}},{"type":"Feature","properties":{"Name":"MH 15 FV 0693","routeId":448,"fill-opacity":0.03,"stroke-width":1,"stroke-opacity":0.5,"locationConfidence":"verified","locationSource":"NMC waste collection vehicle tracking export, 30 Aug 2026 (RTI)"},"geometry":{"type":"Polygon","coordinates":[[[73.762148,19.990229],[73.762453,19.990152],[73.761637,19.989406],[73.76105,19.989014],[73.760874,19.987738],[73.760658,19.986181],[73.760929,19.985249],[73.760913,19.984416],[73.760749,19.983731],[73.760387,19.983863],[73.760386,19.983863],[73.760378,19.983806],[73.760181,19.982474],[73.760535,19.982438],[73.760474,19.98178],[73.760665,19.981758],[73.760327,19.979937],[73.760304,19.979821],[73.760169,19.979324],[73.759889,19.97854],[73.759802,19.978297],[73.759793,19.978262],[73.759643,19.977684],[73.760145,19.976594],[73.760125,19.976558],[73.759884,19.976154],[73.759623,19.975659],[73.759557,19.975241],[73.759554,19.974829],[73.759553,19.974822],[73.75966,19.974822],[73.759637,19.974532],[73.759578,19.974536],[73.759418,19.973617],[73.758687,19.973717],[73.758742,19.974291],[73.757926,19.974392],[73.757034,19.974503],[73.75579,19.974658],[73.755796,19.974715],[73.75584,19.975086],[73.754899,19.975171],[73.754706,19.975184],[73.754768,19.975972],[73.7526,19.976074],[73.752528,19.976077],[73.752485,19.975718],[73.751357,19.975791],[73.751348,19.975281],[73.751489,19.975293],[73.751466,19.975068],[73.751441,19.975069],[73.750884,19.975098],[73.750883,19.975097],[73.750856,19.975098],[73.750771,19.974975],[73.750452,19.975023],[73.750053,19.975055],[73.750016,19.975055],[73.749938,19.975064],[73.749684,19.975064],[73.749696,19.974885],[73.749691,19.974792],[73.749505,19.974466],[73.749505,19.974464],[73.749479,19.974203],[73.749345,19.974199],[73.749283,19.974072],[73.749016,19.97412],[73.749339,19.975522],[73.749554,19.975909],[73.749766,19.976181],[73.750066,19.976653],[73.750068,19.976656],[73.749672,19.97676],[73.749071,19.976918],[73.748932,19.976918],[73.748806,19.9772],[73.748876,19.977751],[73.748881,19.97791],[73.748889,19.977983],[73.748889,19.97814],[73.7489,19.978459],[73.748905,19.978458],[73.74893,19.978544],[73.748995,19.97868],[73.749259,19.979007],[73.749582,19.979233],[73.749722,19.979362],[73.749752,19.979385],[73.749867,19.979495],[73.749942,19.979564],[73.750155,19.979714],[73.750188,19.980018],[73.750624,19.980565],[73.750869,19.981053],[73.7507,19.981306],[73.75081,19.981866],[73.751017,19.982381],[73.751284,19.982566],[73.75174,19.982609],[73.751895,19.983024],[73.752184,19.983165],[73.752554,19.983146],[73.752835,19.983744],[73.753683,19.984125],[73.753575,19.984423],[73.752711,19.984422],[73.752678,19.98472],[73.751878,19.984722],[73.751981,19.985229],[73.752624,19.984979],[73.752774,19.985212],[73.753615,19.984544],[73.754057,19.984933],[73.754392,19.985307],[73.755182,19.986215],[73.754986,19.986714],[73.754942,19.987039],[73.755148,19.987233],[73.75546,19.987411],[73.755598,19.987556],[73.755936,19.988365],[73.756149,19.988602],[73.756393,19.988856],[73.756559,19.988686],[73.756769,19.98854],[73.756833,19.988486],[73.756867,19.988472],[73.756918,19.988436],[73.757057,19.988393],[73.757096,19.988376],[73.757118,19.988373],[73.757197,19.988348],[73.757347,19.988327],[73.75747,19.988327],[73.758059,19.988324],[73.758816,19.988324],[73.759295,19.988487],[73.759631,19.98863],[73.75971,19.988678],[73.759861,19.988771],[73.760072,19.988988],[73.760228,19.989319],[73.760582,19.989806],[73.760928,19.989956],[73.761498,19.990204],[73.761696,19.99024],[73.762148,19.990229]]]}},{"type":"Feature","properties":{"Name":"MH 15 FV 0694","routeId":423,"fill-opacity":0.03,"stroke-width":1,"stroke-opacity":0.5,"locationConfidence":"verified","locationSource":"NMC waste collection vehicle tracking export, 30 Aug 2026 (RTI)"},"geometry":{"type":"Polygon","coordinates":[[[73.799822,19.99539],[73.797247,19.99419],[73.797247,19.993565],[73.798084,19.992184],[73.799769,19.990187],[73.800294,19.988635],[73.801228,19.987274],[73.802043,19.986457],[73.803996,19.986618],[73.804704,19.987072],[73.806045,19.987909],[73.806367,19.988352],[73.806088,19.989784],[73.80538,19.990056],[73.803481,19.990238],[73.802977,19.99055],[73.802987,19.993051],[73.802751,19.993333],[73.800219,19.993686],[73.800166,19.994755],[73.799822,19.99539]]]}},{"type":"Feature","properties":{"Name":"MH 15 FV 0695","routeId":442,"fill-opacity":0.03,"stroke-width":1,"stroke-opacity":0.5,"locationConfidence":"verified","locationSource":"NMC waste collection vehicle tracking export, 30 Aug 2026 (RTI)"},"geometry":{"type":"Polygon","coordinates":[[[73.802855,20.000487],[73.801874,19.998197],[73.800238,19.996382],[73.798721,19.99549],[73.798989,19.99317],[73.80232,19.991831],[73.806186,19.991475],[73.810291,19.991594],[73.81505,19.990969],[73.815109,19.992099],[73.810856,19.994776],[73.812076,19.995877],[73.812403,19.997899],[73.807882,19.998197],[73.807793,20.000338],[73.802855,20.000487]]]}},{"type":"Feature","properties":{"Name":"MH 15 FV 0696","routeId":232,"fill-opacity":0.03,"stroke-width":1,"stroke-opacity":0.5,"locationConfidence":"verified","locationSource":"NMC waste collection vehicle tracking export, 30 Aug 2026 (RTI)"},"geometry":{"type":"Polygon","coordinates":[[[73.797497,20.001542],[73.801113,20.001352],[73.803778,20.0014],[73.803731,19.998973],[73.80335,19.997402],[73.801161,19.995451],[73.798306,19.994023],[73.794641,19.991977],[73.789359,19.989169],[73.787074,19.988075],[73.785314,19.986933],[73.78479,19.985886],[73.782887,19.986837],[73.783363,19.988075],[73.784885,19.989312],[73.787027,19.990882],[73.78855,19.992215],[73.789882,19.993738],[73.788502,19.99469],[73.786884,19.996593],[73.78579,19.999258],[73.787408,19.999496],[73.787931,19.997497],[73.79012,19.995356],[73.792024,19.996022],[73.794784,19.996403],[73.795974,19.998021],[73.797497,20.001542]]]}},{"type":"Feature","properties":{"Name":"MH 15 FV 0697","routeId":428,"fill-opacity":0.03,"stroke-width":1,"stroke-opacity":0.5,"locationConfidence":"verified","locationSource":"NMC waste collection vehicle tracking export, 30 Aug 2026 (RTI)"},"geometry":{"type":"Polygon","coordinates":[[[73.796711,19.980891],[73.799028,19.980629],[73.800809,19.980689],[73.802655,19.980568],[73.805702,19.979923],[73.806968,19.979399],[73.806775,19.979076],[73.806345,19.978572],[73.80465,19.97716],[73.803685,19.975728],[73.802891,19.973792],[73.802526,19.972784],[73.802075,19.972361],[73.80199,19.971574],[73.801517,19.970283],[73.801153,19.969497],[73.800101,19.969376],[73.7989,19.969436],[73.799071,19.968972],[73.798749,19.968831],[73.798556,19.969416],[73.798385,19.971272],[73.798385,19.971856],[73.798363,19.973893],[73.798234,19.975849],[73.797784,19.977483],[73.797848,19.977967],[73.798921,19.978269],[73.798964,19.978673],[73.798299,19.978854],[73.79787,19.979116],[73.797419,19.97952],[73.796797,19.979863],[73.796732,19.98071],[73.796711,19.980891]]]}},{"type":"Feature","properties":{"Name":"MH 15 FV 0698","routeId":429,"fill-opacity":0.03,"stroke-width":1,"stroke-opacity":0.5,"locationConfidence":"verified","locationSource":"NMC waste collection vehicle tracking export, 30 Aug 2026 (RTI)"},"geometry":{"type":"Polygon","coordinates":[[[73.775421,19.953831],[73.776343,19.957489],[73.777503,19.961594],[73.778812,19.964628],[73.780626,19.96781],[73.782113,19.969208],[73.782797,19.968643],[73.78244,19.965669],[73.784076,19.962457],[73.782768,19.958947],[73.781043,19.953236],[73.775421,19.953831]]]}},{"type":"Feature","properties":{"Name":"MH 15 FV 0699","routeId":430,"fill-opacity":0.03,"stroke-width":1,"stroke-opacity":0.5,"locationConfidence":"verified","locationSource":"NMC waste collection vehicle tracking export, 30 Aug 2026 (RTI)"},"geometry":{"type":"Polygon","coordinates":[[[73.772421,19.971322],[73.773869,19.97228],[73.777968,19.971009],[73.781197,19.969739],[73.782345,19.969275],[73.782173,19.968579],[73.779953,19.96512],[73.777592,19.965312],[73.77667,19.965655],[73.777002,19.967651],[73.773365,19.966462],[73.769181,19.966623],[73.76888,19.967591],[73.771455,19.970566],[73.772088,19.97108],[73.772421,19.971322]]]}},{"type":"Feature","properties":{"Name":"MH 15 FV 0701","routeId":435,"fill-opacity":0.03,"stroke-width":1,"stroke-opacity":0.5,"locationConfidence":"verified","locationSource":"NMC waste collection vehicle tracking export, 30 Aug 2026 (RTI)"},"geometry":{"type":"Polygon","coordinates":[[[73.79287,19.985287],[73.795187,19.985247],[73.796046,19.985428],[73.796282,19.986114],[73.796647,19.986517],[73.798363,19.98688],[73.798728,19.986719],[73.799157,19.985993],[73.799157,19.985267],[73.799028,19.984138],[73.799286,19.983775],[73.799973,19.983694],[73.800166,19.98323],[73.800015,19.982121],[73.799436,19.981698],[73.798878,19.981355],[73.798213,19.980931],[73.797634,19.980952],[73.796904,19.981557],[73.796582,19.981698],[73.796046,19.981355],[73.795145,19.981395],[73.793213,19.981819],[73.792763,19.982404],[73.792913,19.982928],[73.793299,19.983553],[73.792934,19.984259],[73.79287,19.984884],[73.792849,19.985166],[73.79287,19.985287]]]}},{"type":"Feature","properties":{"Name":"MH 15 FV 0703","routeId":425,"fill-opacity":0.03,"stroke-width":1,"stroke-opacity":0.5,"locationConfidence":"verified","locationSource":"NMC waste collection vehicle tracking export, 30 Aug 2026 (RTI)"},"geometry":{"type":"Polygon","coordinates":[[[73.792033,19.983331],[73.792849,19.982041],[73.796239,19.981012],[73.796926,19.98071],[73.798857,19.975607],[73.798749,19.971776],[73.799028,19.968751],[73.798707,19.9675],[73.798149,19.966431],[73.797569,19.965645],[73.796861,19.965564],[73.796668,19.966129],[73.797076,19.967541],[73.797376,19.969154],[73.796668,19.971695],[73.794501,19.972159],[73.792012,19.972361],[73.792098,19.973248],[73.791625,19.975466],[73.791432,19.97718],[73.79154,19.979358],[73.791797,19.981032],[73.79184,19.982908],[73.792119,19.983351],[73.792033,19.983331]]]}},{"type":"Feature","properties":{"Name":"MH 15 FV 0705","routeId":452,"fill-opacity":0.03,"stroke-width":1,"stroke-opacity":0.5,"locationConfidence":"verified","locationSource":"NMC waste collection vehicle tracking export, 30 Aug 2026 (RTI)"},"geometry":{"type":"Polygon","coordinates":[[[73.792441,19.99168],[73.793396,19.992153],[73.793739,19.992163],[73.793128,19.988988],[73.793203,19.988856],[73.795037,19.989451],[73.795381,19.989492],[73.795466,19.988554],[73.795177,19.98683],[73.792087,19.985449],[73.790359,19.98558],[73.789083,19.985156],[73.788021,19.985317],[73.787109,19.98568],[73.786368,19.98562],[73.784695,19.985731],[73.784308,19.986195],[73.784963,19.987213],[73.786712,19.988453],[73.788868,19.989542],[73.79155,19.990964],[73.792441,19.99168]]]}},{"type":"Feature","properties":{"Name":"MH 15 FV 0706","routeId":453,"fill-opacity":0.03,"stroke-width":1,"stroke-opacity":0.5,"locationConfidence":"verified","locationSource":"NMC waste collection vehicle tracking export, 30 Aug 2026 (RTI)"},"geometry":{"type":"Polygon","coordinates":[[[73.784102,19.983456],[73.79244,19.980772],[73.790384,19.976546],[73.791583,19.972662],[73.78987,19.969236],[73.783759,19.970549],[73.780561,19.971863],[73.780619,19.977117],[73.777592,19.978716],[73.77999,19.982085],[73.783074,19.988253],[73.786158,19.990937],[73.789299,19.992193],[73.790384,19.989395],[73.785815,19.986711],[73.784102,19.983456]]]}},{"type":"Feature","properties":{"Name":"MH 15 FV 0708","routeId":431,"fill-opacity":0.03,"stroke-width":1,"stroke-opacity":0.5,"locationConfidence":"verified","locationSource":"NMC waste collection vehicle tracking export, 30 Aug 2026 (RTI)"},"geometry":{"type":"Polygon","coordinates":[[[73.799758,19.986779],[73.801389,19.986376],[73.803535,19.983815],[73.806088,19.981315],[73.807547,19.979479],[73.807268,19.979096],[73.80641,19.979056],[73.802698,19.980024],[73.798728,19.980407],[73.795917,19.980931],[73.795509,19.982605],[73.795488,19.983129],[73.796582,19.983129],[73.797612,19.982061],[73.7989,19.982303],[73.799458,19.983593],[73.799028,19.984259],[73.799157,19.986054],[73.799758,19.986779]]]}},{"type":"Feature","properties":{"Name":"MH 15 FV 0709","routeId":445,"fill-opacity":0.03,"stroke-width":1,"stroke-opacity":0.5,"locationConfidence":"verified","locationSource":"NMC waste collection vehicle tracking export, 30 Aug 2026 (RTI)"},"geometry":{"type":"Polygon","coordinates":[[[73.81643,19.968909],[73.811119,19.973763],[73.804609,19.967424],[73.7961,19.966225],[73.78702,19.967196],[73.788733,19.974962],[73.782965,19.97679],[73.778111,19.979302],[73.78148,19.984042],[73.784336,19.988896],[73.790903,19.98804],[73.798327,19.987869],[73.801925,19.98804],[73.805351,19.9833],[73.809977,19.978617],[73.814317,19.974163],[73.818486,19.970508],[73.81643,19.968909]]]}},{"type":"Feature","properties":{"Name":"MH 15 FV 0710","routeId":438,"fill-opacity":0.03,"stroke-width":1,"stroke-opacity":0.5,"locationConfidence":"verified","locationSource":"NMC waste collection vehicle tracking export, 30 Aug 2026 (RTI)"},"geometry":{"type":"Polygon","coordinates":[[[73.777163,19.975708],[73.78197,19.975849],[73.782098,19.975123],[73.781948,19.972643],[73.784673,19.972361],[73.784802,19.971614],[73.784866,19.971272],[73.786089,19.971009],[73.786175,19.970505],[73.785918,19.968872],[73.784952,19.968851],[73.782442,19.969376],[73.780918,19.969477],[73.779373,19.970122],[73.776433,19.971393],[73.774073,19.971816],[73.773623,19.972401],[73.776283,19.975144],[73.777163,19.975708]]]}},{"type":"Feature","properties":{"Name":"MH 15 FV 0711","routeId":626,"fill-opacity":0.03,"stroke-width":1,"stroke-opacity":0.5,"locationConfidence":"verified","locationSource":"NMC waste collection vehicle tracking export, 30 Aug 2026 (RTI)"},"geometry":{"type":"Polygon","coordinates":[[[73.782195,19.953252],[73.774343,19.953549],[73.776425,19.96039],[73.779637,19.96741],[73.774402,19.965625],[73.767383,19.964257],[73.765777,19.96509],[73.769941,19.970265],[73.773867,19.974489],[73.777198,19.977403],[73.778447,19.975916],[73.777555,19.974489],[73.785586,19.972823],[73.787608,19.96973],[73.793557,19.969135],[73.799446,19.969551],[73.799506,19.967112],[73.791891,19.965744],[73.789512,19.960271],[73.783504,19.960926],[73.782195,19.953252]]]}},{"type":"Feature","properties":{"Name":"MH 15 FV 0712","routeId":736,"fill-opacity":0.03,"stroke-width":1,"stroke-opacity":0.5,"locationConfidence":"verified","locationSource":"NMC waste collection vehicle tracking export, 30 Aug 2026 (RTI)"},"geometry":{"type":"Polygon","coordinates":[[[73.759889,19.968009],[73.759983,19.967972],[73.760655,19.967587],[73.760878,19.967462],[73.761194,19.967282],[73.76146,19.967136],[73.762138,19.966575],[73.762298,19.966469],[73.762401,19.966387],[73.76301,19.965993],[73.763103,19.965931],[73.764081,19.965274],[73.765014,19.964609],[73.76586,19.964077],[73.766005,19.963994],[73.765365,19.963236],[73.764475,19.962236],[73.763586,19.961235],[73.762264,19.960054],[73.760941,19.958923],[73.759538,19.95772],[73.75852,19.95688],[73.757876,19.956317],[73.757068,19.955569],[73.755978,19.954489],[73.755906,19.954411],[73.755268,19.953723],[73.754558,19.952957],[73.753015,19.951554],[73.752806,19.951381],[73.751631,19.950413],[73.750543,19.949538],[73.749455,19.948663],[73.747735,19.947101],[73.746008,19.94556],[73.74446,19.944106],[73.744192,19.943799],[73.743924,19.943492],[73.743054,19.942825],[73.742066,19.94221],[73.741078,19.941594],[73.739701,19.940233],[73.738568,19.93895],[73.737797,19.938278],[73.737025,19.937607],[73.736304,19.936933],[73.735749,19.936503],[73.735018,19.936131],[73.734079,19.935867],[73.734024,19.935851],[73.732338,19.93523],[73.731113,19.934651],[73.731139,19.934814],[73.732058,19.937271],[73.732037,19.938715],[73.732011,19.940457],[73.730081,19.94143],[73.729761,19.941774],[73.729172,19.941309],[73.728992,19.941568],[73.72782,19.942112],[73.726383,19.942784],[73.725633,19.943485],[73.723989,19.942913],[73.72333,19.942756],[73.721686,19.942607],[73.720146,19.942059],[73.71725,19.941028],[73.715354,19.940353],[73.712897,19.940639],[73.712472,19.940688],[73.712173,19.940869],[73.711741,19.941132],[73.711526,19.940861],[73.710192,19.94196],[73.709896,19.942773],[73.708896,19.943791],[73.708297,19.944409],[73.708385,19.945851],[73.708638,19.951139],[73.708841,19.955267],[73.708927,19.956974],[73.709623,19.960225],[73.710133,19.962441],[73.710193,19.962906],[73.710468,19.964913],[73.71031,19.966651],[73.710285,19.966927],[73.710305,19.967514],[73.711856,19.96741],[73.71268,19.967488],[73.713318,19.967833],[73.714018,19.968212],[73.71419,19.968306],[73.714191,19.968306],[73.714579,19.968127],[73.714848,19.968022],[73.715121,19.967905],[73.715189,19.96789],[73.715202,19.967885],[73.716078,19.967696],[73.716244,19.96766],[73.71796,19.967435],[73.719675,19.966951],[73.720987,19.966574],[73.720999,19.966571],[73.721121,19.966556],[73.721597,19.966493],[73.722604,19.966363],[73.723535,19.966171],[73.724547,19.965961],[73.724736,19.965633],[73.724748,19.965269],[73.724841,19.965193],[73.724937,19.965408],[73.725032,19.96559],[73.72527,19.965746],[73.725334,19.965726],[73.725818,19.965582],[73.726176,19.96537],[73.726517,19.965122],[73.726586,19.965071],[73.726694,19.965014],[73.726696,19.965014],[73.727344,19.96493],[73.728484,19.964866],[73.729843,19.96448],[73.72993,19.964453],[73.730124,19.9644],[73.730321,19.964344],[73.731589,19.963996],[73.732051,19.963869],[73.732316,19.963794],[73.732319,19.963793],[73.732487,19.963745],[73.733182,19.963547],[73.733183,19.963546],[73.733644,19.963446],[73.734327,19.963429],[73.734989,19.96317],[73.735053,19.963115],[73.735141,19.963393],[73.735575,19.963265],[73.735651,19.963764],[73.735661,19.963826],[73.735829,19.964927],[73.736062,19.965529],[73.736467,19.966132],[73.736668,19.966238],[73.737087,19.966889],[73.73722,19.967061],[73.737748,19.967736],[73.737854,19.966828],[73.738841,19.966828],[73.738841,19.966756],[73.738842,19.966756],[73.738843,19.966756],[73.739296,19.966728],[73.739324,19.966693],[73.739329,19.966672],[73.739341,19.966672],[73.739349,19.966661],[73.739883,19.966659],[73.739831,19.966243],[73.739327,19.966234],[73.739327,19.966224],[73.739322,19.966155],[73.738743,19.966189],[73.738729,19.966011],[73.738729,19.966009],[73.738888,19.966003],[73.739858,19.965951],[73.739615,19.965387],[73.739614,19.965387],[73.740714,19.96533],[73.741671,19.965281],[73.741661,19.965022],[73.74324,19.965038],[73.744161,19.965063],[73.745067,19.965081],[73.745043,19.964513],[73.744987,19.964281],[73.744766,19.963379],[73.746285,19.963432],[73.74647,19.963438],[73.74647,19.963439],[73.746471,19.963439],[73.746489,19.963627],[73.746686,19.963637],[73.746606,19.962657],[73.746606,19.962655],[73.747039,19.96264],[73.747048,19.962639],[73.747052,19.962731],[73.748941,19.962722],[73.749049,19.963011],[73.74905,19.963012],[73.749122,19.963206],[73.749302,19.96349],[73.750458,19.963506],[73.750481,19.963084],[73.751093,19.96306],[73.751094,19.962673],[73.75136,19.962647],[73.752051,19.962653],[73.752074,19.962723],[73.752738,19.96276],[73.752729,19.963127],[73.752731,19.963127],[73.753862,19.963139],[73.754351,19.961558],[73.755883,19.961777],[73.755884,19.961777],[73.757207,19.962824],[73.756363,19.963808],[73.755759,19.964593],[73.755828,19.964911],[73.755896,19.96523],[73.755948,19.965479],[73.755993,19.965689],[73.758029,19.965348],[73.758049,19.965344],[73.758076,19.965697],[73.758079,19.965706],[73.758216,19.966118],[73.758161,19.966815],[73.758161,19.966823],[73.75816,19.966824],[73.757955,19.967325],[73.758125,19.967264],[73.758615,19.968252],[73.758442,19.96833],[73.758549,19.968543],[73.7595,19.968141],[73.759889,19.968009]]]}},{"type":"Feature","properties":{"Name":"MH 15 FV 0713","routeId":627,"fill-opacity":0.03,"stroke-width":1,"stroke-opacity":0.5,"locationConfidence":"verified","locationSource":"NMC waste collection vehicle tracking export, 30 Aug 2026 (RTI)"},"geometry":{"type":"Polygon","coordinates":[[[73.780836,19.982409],[73.784227,19.987882],[73.789224,19.991035],[73.796957,19.99508],[73.801418,19.997875],[73.80243,20.001861],[73.806296,20.002099],[73.809984,20.000671],[73.811531,20.002396],[73.812899,20.001683],[73.810758,19.998589],[73.810103,19.994842],[73.813256,19.993652],[73.816587,19.991689],[73.818312,19.988596],[73.81629,19.987108],[73.808497,19.986276],[73.801954,19.98461],[73.79196,19.984075],[73.785119,19.984431],[73.782799,19.98116],[73.780836,19.982409]]]}},{"type":"Feature","properties":{"Name":"MH 15 FV 0714","routeId":447,"fill-opacity":0.03,"stroke-width":1,"stroke-opacity":0.5,"locationConfidence":"verified","locationSource":"NMC waste collection vehicle tracking export, 30 Aug 2026 (RTI)"},"geometry":{"type":"Polygon","coordinates":[[[73.818061,19.967209],[73.824248,19.970124],[73.828531,19.973812],[73.826805,19.976013],[73.819013,19.974883],[73.818537,19.983925],[73.822047,19.981605],[73.828233,19.978869],[73.827817,19.98214],[73.826687,19.988803],[73.822285,19.989993],[73.816395,19.988684],[73.809911,19.985531],[73.805628,19.987078],[73.801226,19.990944],[73.799501,19.9938],[73.802832,19.99612],[73.80075,19.997607],[73.795397,19.994276],[73.798847,19.989041],[73.801345,19.984282],[73.805628,19.977798],[73.812826,19.971254],[73.818061,19.967209]]]}},{"type":"Feature","properties":{"Name":"MH 15 FV 0763","routeId":462,"fill-opacity":0.03,"stroke-width":1,"stroke-opacity":0.5,"locationConfidence":"verified","locationSource":"NMC waste collection vehicle tracking export, 30 Aug 2026 (RTI)"},"geometry":{"type":"Polygon","coordinates":[[[73.777713,19.965587],[73.778877,19.965409],[73.779828,19.965282],[73.778382,19.962413],[73.777956,19.961043],[73.777853,19.960689],[73.777411,19.959164],[73.777378,19.959052],[73.777215,19.958292],[73.776951,19.957113],[73.776278,19.955094],[73.775953,19.954129],[73.77756,19.953902],[73.778159,19.953885],[73.780086,19.953831],[73.78118,19.953834],[73.781265,19.953834],[73.783542,19.953841],[73.783891,19.953857],[73.783921,19.953857],[73.783993,19.953861],[73.785092,19.953909],[73.785332,19.953939],[73.785516,19.95395],[73.786387,19.954042],[73.78927,19.953046],[73.791823,19.952164],[73.791908,19.952135],[73.794429,19.951437],[73.796312,19.950915],[73.797718,19.950526],[73.797829,19.947144],[73.797898,19.944978],[73.797959,19.943072],[73.796833,19.943206],[73.795767,19.943124],[73.793698,19.942966],[73.790769,19.942753],[73.790742,19.942745],[73.790661,19.942739],[73.789361,19.942387],[73.789408,19.941761],[73.78953,19.940086],[73.789609,19.938838],[73.789701,19.937154],[73.789721,19.936352],[73.789737,19.934263],[73.78971,19.932715],[73.789686,19.931336],[73.789661,19.929957],[73.789779,19.929568],[73.789887,19.92913],[73.79009,19.927994],[73.790124,19.927958],[73.79013,19.927927],[73.790338,19.927727],[73.79038,19.927686],[73.790909,19.92737],[73.791008,19.927308],[73.791014,19.927308],[73.791024,19.927302],[73.791809,19.927225],[73.793163,19.927085],[73.79326,19.927085],[73.79333,19.927078],[73.794035,19.927078],[73.794048,19.927078],[73.793967,19.926225],[73.793704,19.923458],[73.794789,19.923252],[73.794797,19.923251],[73.798651,19.922895],[73.798598,19.921789],[73.798541,19.920596],[73.79854,19.920564],[73.799178,19.91992],[73.79918,19.919917],[73.798468,19.919013],[73.798257,19.918822],[73.797842,19.918452],[73.797546,19.918181],[73.7973,19.918051],[73.796779,19.917855],[73.796049,19.917567],[73.795431,19.917284],[73.794836,19.917006],[73.794369,19.916652],[73.794214,19.916522],[73.794201,19.916477],[73.794072,19.916048],[73.793967,19.915691],[73.793954,19.915641],[73.793912,19.915606],[73.793478,19.91525],[73.793162,19.914991],[73.792729,19.914633],[73.792413,19.914375],[73.792337,19.914312],[73.792218,19.914214],[73.792141,19.914151],[73.792057,19.914081],[73.79198,19.914018],[73.791889,19.913941],[73.791846,19.913906],[73.791826,19.913892],[73.791784,19.913857],[73.791741,19.913823],[73.791707,19.913794],[73.791665,19.913759],[73.79163,19.913731],[73.791546,19.913661],[73.79151,19.913633],[73.791468,19.913598],[73.791426,19.913563],[73.791392,19.913535],[73.791273,19.913437],[73.791175,19.913353],[73.791063,19.913262],[73.790912,19.913131],[73.790776,19.913023],[73.790277,19.912604],[73.78905,19.911596],[73.78722,19.910094],[73.786915,19.90981],[73.786783,19.9097],[73.786493,19.909463],[73.786116,19.909159],[73.785957,19.909023],[73.785677,19.908795],[73.785564,19.908702],[73.785497,19.908644],[73.785385,19.908554],[73.785295,19.908482],[73.785164,19.908351],[73.78513,19.908317],[73.785065,19.908253],[73.785005,19.908192],[73.784934,19.908119],[73.784877,19.908064],[73.784795,19.90798],[73.784724,19.90791],[73.784655,19.907839],[73.784563,19.907749],[73.784388,19.907575],[73.784278,19.907462],[73.784102,19.907288],[73.783934,19.907119],[73.78366,19.906846],[73.783262,19.906447],[73.783122,19.906307],[73.782975,19.906159],[73.782725,19.905911],[73.78262,19.905813],[73.78262,19.906272],[73.782565,19.906261],[73.782544,19.906256],[73.782513,19.906255],[73.782491,19.90625],[73.7824,19.906229],[73.782369,19.906224],[73.781963,19.906137],[73.78143,19.906025],[73.781357,19.906007],[73.780278,19.90578],[73.779645,19.908548],[73.779553,19.909027],[73.779258,19.91055],[73.779208,19.910809],[73.779101,19.911702],[73.779044,19.912128],[73.778958,19.913409],[73.77886,19.914864],[73.778744,19.916584],[73.778558,19.916537],[73.778383,19.91651],[73.777959,19.916433],[73.777604,19.916329],[73.776925,19.916125],[73.776259,19.915957],[73.776095,19.916206],[73.775932,19.916456],[73.775815,19.916638],[73.775756,19.916723],[73.775729,19.916733],[73.774168,19.916666],[73.772359,19.916588],[73.770716,19.916518],[73.770752,19.917123],[73.77098,19.919892],[73.771216,19.922746],[73.771345,19.922937],[73.771182,19.923095],[73.770716,19.924342],[73.770205,19.925052],[73.76973,19.925131],[73.769187,19.92495],[73.768945,19.924777],[73.768478,19.924157],[73.768089,19.923398],[73.767664,19.923194],[73.765856,19.923484],[73.764916,19.923422],[73.764137,19.922924],[73.763645,19.922202],[73.762825,19.921656],[73.762535,19.921377],[73.762786,19.920784],[73.763054,19.919776],[73.76445,19.918837],[73.764355,19.918161],[73.763377,19.917579],[73.763025,19.917155],[73.76204,19.915845],[73.761415,19.915402],[73.760435,19.915462],[73.758286,19.915746],[73.757351,19.916275],[73.755531,19.916295],[73.755474,19.915436],[73.753237,19.915562],[73.75051,19.915737],[73.749317,19.915839],[73.748318,19.915888],[73.746292,19.915951],[73.745146,19.916048],[73.744884,19.916117],[73.744763,19.91622],[73.744587,19.916399],[73.744494,19.916529],[73.744197,19.916551],[73.742711,19.91671],[73.742574,19.91685],[73.742285,19.917229],[73.742227,19.917206],[73.742182,19.917187],[73.741653,19.917051],[73.741434,19.916976],[73.741114,19.916981],[73.740815,19.917015],[73.737863,19.917349],[73.734939,19.91768],[73.73476,19.9177],[73.734621,19.917723],[73.734049,19.9178],[73.733484,19.91789],[73.73295,19.917932],[73.73247,19.917959],[73.73239,19.918932],[73.73239,19.920006],[73.731539,19.920646],[73.730516,19.921111],[73.730571,19.921958],[73.730747,19.924653],[73.730899,19.926983],[73.730964,19.929094],[73.731008,19.931264],[73.731113,19.934651],[73.732338,19.93523],[73.734079,19.935867],[73.735018,19.936131],[73.735749,19.936503],[73.736304,19.936933],[73.737025,19.937607],[73.737797,19.938278],[73.738568,19.93895],[73.739701,19.940233],[73.741078,19.941594],[73.742066,19.94221],[73.743054,19.942825],[73.743924,19.943492],[73.744192,19.943799],[73.74446,19.944106],[73.746008,19.94556],[73.747735,19.947101],[73.749455,19.948663],[73.750543,19.949538],[73.751631,19.950413],[73.752806,19.951381],[73.753015,19.951554],[73.754558,19.952957],[73.755268,19.953723],[73.755906,19.954411],[73.757068,19.955569],[73.75852,19.95688],[73.759538,19.95772],[73.760941,19.958923],[73.762264,19.960054],[73.763586,19.961235],[73.764475,19.962236],[73.765365,19.963236],[73.766005,19.963994],[73.766722,19.964766],[73.767578,19.965919],[73.769766,19.966093],[73.771311,19.966204],[73.771495,19.966216],[73.772582,19.966287],[73.772623,19.96629],[73.773238,19.966443],[73.773238,19.966444],[73.77325,19.966588],[73.773432,19.967009],[73.774516,19.967389],[73.77478,19.967313],[73.774663,19.966966],[73.775735,19.967356],[73.778066,19.968239],[73.777669,19.965597],[73.777714,19.965591],[73.777713,19.965587]]]}},{"type":"Feature","properties":{"Name":"MH 15 FV 0764","routeId":240,"fill-opacity":0.03,"stroke-width":1,"stroke-opacity":0.5,"locationConfidence":"verified","locationSource":"NMC waste collection vehicle tracking export, 30 Aug 2026 (RTI)"},"geometry":{"type":"Polygon","coordinates":[[[73.776177,19.974566],[73.771151,19.979078],[73.771799,19.985416],[73.770314,19.986787],[73.770523,19.989147],[73.773626,19.988957],[73.773302,19.987168],[73.771437,19.987149],[73.771532,19.986673],[73.77492,19.984522],[73.776881,19.982199],[73.778347,19.980524],[73.778708,19.97765],[73.776177,19.974566]]]}},{"type":"Feature","properties":{"Name":"MH 15 FV 0765","routeId":455,"fill-opacity":0.03,"stroke-width":1,"stroke-opacity":0.5,"locationConfidence":"verified","locationSource":"NMC waste collection vehicle tracking export, 30 Aug 2026 (RTI)"},"geometry":{"type":"Polygon","coordinates":[[[73.77845,19.977059],[73.777871,19.976555],[73.777592,19.975991],[73.777807,19.975668],[73.778515,19.975628],[73.778923,19.975607],[73.779309,19.975547],[73.779588,19.975285],[73.779824,19.975063],[73.780167,19.975144],[73.780296,19.975628],[73.780403,19.975849],[73.780575,19.976091],[73.780875,19.97589],[73.781068,19.975587],[73.781497,19.975587],[73.781798,19.975749],[73.781927,19.976071],[73.781884,19.97714],[73.781841,19.977483],[73.780832,19.977664],[73.781025,19.977846],[73.781734,19.97833],[73.781412,19.978794],[73.780854,19.978915],[73.780189,19.978975],[73.78051,19.979278],[73.781197,19.979318],[73.781476,19.9795],[73.781776,19.979399],[73.782678,19.980024],[73.783214,19.979842],[73.783708,19.979621],[73.784652,19.979116],[73.783965,19.978592],[73.784072,19.978209],[73.786411,19.977463],[73.786862,19.977967],[73.787076,19.979217],[73.787785,19.979116],[73.789115,19.979116],[73.790038,19.979157],[73.79051,19.978995],[73.790939,19.979258],[73.791368,19.980387],[73.791175,19.980831],[73.788493,19.980972],[73.786798,19.981093],[73.785639,19.980871],[73.785253,19.980528],[73.784952,19.980286],[73.783965,19.980649],[73.784094,19.981254],[73.783278,19.981375],[73.782635,19.981557],[73.781948,19.981496],[73.781025,19.979822],[73.780382,19.979782],[73.779588,19.979298],[73.779266,19.978713],[73.779631,19.978411],[73.779438,19.978148],[73.778858,19.977806],[73.778408,19.977301],[73.77845,19.977059]]]}},{"type":"Feature","properties":{"Name":"MH 15 FV 0766","routeId":738,"fill-opacity":0.03,"stroke-width":1,"stroke-opacity":0.5,"locationConfidence":"verified","locationSource":"NMC waste collection vehicle tracking export, 30 Aug 2026 (RTI)"},"geometry":{"type":"Polygon","coordinates":[[[73.759889,19.968009],[73.759983,19.967972],[73.760655,19.967587],[73.760878,19.967462],[73.761194,19.967282],[73.76146,19.967136],[73.762138,19.966575],[73.762298,19.966469],[73.762401,19.966387],[73.76301,19.965993],[73.763103,19.965931],[73.764081,19.965274],[73.765014,19.964609],[73.76586,19.964077],[73.766005,19.963994],[73.765365,19.963236],[73.764475,19.962236],[73.763586,19.961235],[73.762264,19.960054],[73.760941,19.958923],[73.759538,19.95772],[73.75852,19.95688],[73.757876,19.956317],[73.757068,19.955569],[73.755978,19.954489],[73.755906,19.954411],[73.755268,19.953723],[73.754558,19.952957],[73.753015,19.951554],[73.752806,19.951381],[73.751631,19.950413],[73.750543,19.949538],[73.749455,19.948663],[73.747735,19.947101],[73.746008,19.94556],[73.74446,19.944106],[73.744192,19.943799],[73.743924,19.943492],[73.743054,19.942825],[73.742066,19.94221],[73.741078,19.941594],[73.739701,19.940233],[73.738568,19.93895],[73.737797,19.938278],[73.737025,19.937607],[73.736304,19.936933],[73.735749,19.936503],[73.735018,19.936131],[73.734079,19.935867],[73.734024,19.935851],[73.732338,19.93523],[73.731113,19.934651],[73.731139,19.934814],[73.732058,19.937271],[73.732037,19.938715],[73.732011,19.940457],[73.730081,19.94143],[73.729761,19.941774],[73.729172,19.941309],[73.728992,19.941568],[73.72782,19.942112],[73.726383,19.942784],[73.725633,19.943485],[73.723989,19.942913],[73.72333,19.942756],[73.721686,19.942607],[73.720146,19.942059],[73.71725,19.941028],[73.715354,19.940353],[73.712897,19.940639],[73.712472,19.940688],[73.712173,19.940869],[73.711741,19.941132],[73.711526,19.940861],[73.710192,19.94196],[73.709896,19.942773],[73.708896,19.943791],[73.708297,19.944409],[73.708385,19.945851],[73.708638,19.951139],[73.708841,19.955267],[73.708927,19.956974],[73.709623,19.960225],[73.710133,19.962441],[73.710193,19.962906],[73.710468,19.964913],[73.71031,19.966651],[73.710285,19.966927],[73.710305,19.967514],[73.711856,19.96741],[73.71268,19.967488],[73.713318,19.967833],[73.714018,19.968212],[73.71419,19.968306],[73.714191,19.968306],[73.714579,19.968127],[73.714848,19.968022],[73.715121,19.967905],[73.715189,19.96789],[73.715202,19.967885],[73.716078,19.967696],[73.716244,19.96766],[73.71796,19.967435],[73.719675,19.966951],[73.720987,19.966574],[73.720999,19.966571],[73.721121,19.966556],[73.721597,19.966493],[73.722604,19.966363],[73.723535,19.966171],[73.724547,19.965961],[73.724736,19.965633],[73.724748,19.965269],[73.724841,19.965193],[73.724937,19.965408],[73.725032,19.96559],[73.72527,19.965746],[73.725334,19.965726],[73.725818,19.965582],[73.726176,19.96537],[73.726517,19.965122],[73.726586,19.965071],[73.726694,19.965014],[73.726696,19.965014],[73.727344,19.96493],[73.728484,19.964866],[73.729843,19.96448],[73.72993,19.964453],[73.730124,19.9644],[73.730321,19.964344],[73.731589,19.963996],[73.732051,19.963869],[73.732316,19.963794],[73.732319,19.963793],[73.732487,19.963745],[73.733182,19.963547],[73.733183,19.963546],[73.733644,19.963446],[73.734327,19.963429],[73.734989,19.96317],[73.735053,19.963115],[73.735141,19.963393],[73.735575,19.963265],[73.735651,19.963764],[73.735661,19.963826],[73.735829,19.964927],[73.736062,19.965529],[73.736467,19.966132],[73.736668,19.966238],[73.737087,19.966889],[73.73722,19.967061],[73.737748,19.967736],[73.737854,19.966828],[73.738841,19.966828],[73.738841,19.966756],[73.738842,19.966756],[73.738843,19.966756],[73.739296,19.966728],[73.739324,19.966693],[73.739329,19.966672],[73.739341,19.966672],[73.739349,19.966661],[73.739883,19.966659],[73.739831,19.966243],[73.739327,19.966234],[73.739327,19.966224],[73.739322,19.966155],[73.738743,19.966189],[73.738729,19.966011],[73.738729,19.966009],[73.738888,19.966003],[73.739858,19.965951],[73.739615,19.965387],[73.739614,19.965387],[73.740714,19.96533],[73.741671,19.965281],[73.741661,19.965022],[73.74324,19.965038],[73.744161,19.965063],[73.745067,19.965081],[73.745043,19.964513],[73.744987,19.964281],[73.744766,19.963379],[73.746285,19.963432],[73.74647,19.963438],[73.74647,19.963439],[73.746471,19.963439],[73.746489,19.963627],[73.746686,19.963637],[73.746606,19.962657],[73.746606,19.962655],[73.747039,19.96264],[73.747048,19.962639],[73.747052,19.962731],[73.748941,19.962722],[73.749049,19.963011],[73.74905,19.963012],[73.749122,19.963206],[73.749302,19.96349],[73.750458,19.963506],[73.750481,19.963084],[73.751093,19.96306],[73.751094,19.962673],[73.75136,19.962647],[73.752051,19.962653],[73.752074,19.962723],[73.752738,19.96276],[73.752729,19.963127],[73.752731,19.963127],[73.753862,19.963139],[73.754351,19.961558],[73.755883,19.961777],[73.755884,19.961777],[73.757207,19.962824],[73.756363,19.963808],[73.755759,19.964593],[73.755828,19.964911],[73.755896,19.96523],[73.755948,19.965479],[73.755993,19.965689],[73.758029,19.965348],[73.758049,19.965344],[73.758076,19.965697],[73.758079,19.965706],[73.758216,19.966118],[73.758161,19.966815],[73.758161,19.966823],[73.75816,19.966824],[73.757955,19.967325],[73.758125,19.967264],[73.758615,19.968252],[73.758442,19.96833],[73.758549,19.968543],[73.7595,19.968141],[73.759889,19.968009]]]}},{"type":"Feature","properties":{"Name":"MH 15 FV 0783","routeId":421,"fill-opacity":0.03,"stroke-width":1,"stroke-opacity":0.5,"locationConfidence":"verified","locationSource":"NMC waste collection vehicle tracking export, 30 Aug 2026 (RTI)"},"geometry":{"type":"Polygon","coordinates":[[[73.817782,19.976515],[73.82422,19.97593],[73.824606,19.977584],[73.826602,19.977322],[73.827717,19.976414],[73.828275,19.974418],[73.827481,19.97353],[73.823254,19.972764],[73.823211,19.971534],[73.822975,19.970283],[73.82304,19.9699],[73.820186,19.969194],[73.817997,19.969457],[73.817246,19.970082],[73.817761,19.970626],[73.817954,19.972482],[73.817697,19.975043],[73.817697,19.97597],[73.817782,19.976515]]]}},{"type":"Feature","properties":{"Name":"MH 15 FV 0794","routeId":424,"fill-opacity":0.03,"stroke-width":1,"stroke-opacity":0.5,"locationConfidence":"verified","locationSource":"NMC waste collection vehicle tracking export, 30 Aug 2026 (RTI)"},"geometry":{"type":"Polygon","coordinates":[[[73.806517,19.979096],[73.807611,19.9796],[73.809564,19.977443],[73.811238,19.975708],[73.810251,19.975023],[73.807783,19.972724],[73.807139,19.970586],[73.806689,19.969093],[73.805037,19.967742],[73.803062,19.967702],[73.801281,19.96863],[73.801088,19.970082],[73.801174,19.971554],[73.803041,19.976192],[73.804951,19.978411],[73.805959,19.979157],[73.806517,19.979096]]]}},{"type":"Feature","properties":{"Name":"MH 15 FV 0795","routeId":739,"fill-opacity":0.03,"stroke-width":1,"stroke-opacity":0.5,"locationConfidence":"verified","locationSource":"NMC waste collection vehicle tracking export, 30 Aug 2026 (RTI)"},"geometry":{"type":"Polygon","coordinates":[[[73.759889,19.968009],[73.759983,19.967972],[73.760655,19.967587],[73.760878,19.967462],[73.761194,19.967282],[73.76146,19.967136],[73.762138,19.966575],[73.762298,19.966469],[73.762401,19.966387],[73.76301,19.965993],[73.763103,19.965931],[73.764081,19.965274],[73.765014,19.964609],[73.76586,19.964077],[73.766005,19.963994],[73.765365,19.963236],[73.764475,19.962236],[73.763586,19.961235],[73.762264,19.960054],[73.760941,19.958923],[73.759538,19.95772],[73.75852,19.95688],[73.757876,19.956317],[73.757068,19.955569],[73.755978,19.954489],[73.755906,19.954411],[73.755268,19.953723],[73.754558,19.952957],[73.753015,19.951554],[73.752806,19.951381],[73.751631,19.950413],[73.750543,19.949538],[73.749455,19.948663],[73.747735,19.947101],[73.746008,19.94556],[73.74446,19.944106],[73.744192,19.943799],[73.743924,19.943492],[73.743054,19.942825],[73.742066,19.94221],[73.741078,19.941594],[73.739701,19.940233],[73.738568,19.93895],[73.737797,19.938278],[73.737025,19.937607],[73.736304,19.936933],[73.735749,19.936503],[73.735018,19.936131],[73.734079,19.935867],[73.734024,19.935851],[73.732338,19.93523],[73.731113,19.934651],[73.731139,19.934814],[73.732058,19.937271],[73.732037,19.938715],[73.732011,19.940457],[73.730081,19.94143],[73.729761,19.941774],[73.729172,19.941309],[73.728992,19.941568],[73.72782,19.942112],[73.726383,19.942784],[73.725633,19.943485],[73.723989,19.942913],[73.72333,19.942756],[73.721686,19.942607],[73.720146,19.942059],[73.71725,19.941028],[73.715354,19.940353],[73.712897,19.940639],[73.712472,19.940688],[73.712173,19.940869],[73.711741,19.941132],[73.711526,19.940861],[73.710192,19.94196],[73.709896,19.942773],[73.708896,19.943791],[73.708297,19.944409],[73.708385,19.945851],[73.708638,19.951139],[73.708841,19.955267],[73.708927,19.956974],[73.709623,19.960225],[73.710133,19.962441],[73.710193,19.962906],[73.710468,19.964913],[73.71031,19.966651],[73.710285,19.966927],[73.710305,19.967514],[73.711856,19.96741],[73.71268,19.967488],[73.713318,19.967833],[73.714018,19.968212],[73.71419,19.968306],[73.714191,19.968306],[73.714579,19.968127],[73.714848,19.968022],[73.715121,19.967905],[73.715189,19.96789],[73.715202,19.967885],[73.716078,19.967696],[73.716244,19.96766],[73.71796,19.967435],[73.719675,19.966951],[73.720987,19.966574],[73.720999,19.966571],[73.721121,19.966556],[73.721597,19.966493],[73.722604,19.966363],[73.723535,19.966171],[73.724547,19.965961],[73.724736,19.965633],[73.724748,19.965269],[73.724841,19.965193],[73.724937,19.965408],[73.725032,19.96559],[73.72527,19.965746],[73.725334,19.965726],[73.725818,19.965582],[73.726176,19.96537],[73.726517,19.965122],[73.726586,19.965071],[73.726694,19.965014],[73.726696,19.965014],[73.727344,19.96493],[73.728484,19.964866],[73.729843,19.96448],[73.72993,19.964453],[73.730124,19.9644],[73.730321,19.964344],[73.731589,19.963996],[73.732051,19.963869],[73.732316,19.963794],[73.732319,19.963793],[73.732487,19.963745],[73.733182,19.963547],[73.733183,19.963546],[73.733644,19.963446],[73.734327,19.963429],[73.734989,19.96317],[73.735053,19.963115],[73.735141,19.963393],[73.735575,19.963265],[73.735651,19.963764],[73.735661,19.963826],[73.735829,19.964927],[73.736062,19.965529],[73.736467,19.966132],[73.736668,19.966238],[73.737087,19.966889],[73.73722,19.967061],[73.737748,19.967736],[73.737854,19.966828],[73.738841,19.966828],[73.738841,19.966756],[73.738842,19.966756],[73.738843,19.966756],[73.739296,19.966728],[73.739324,19.966693],[73.739329,19.966672],[73.739341,19.966672],[73.739349,19.966661],[73.739883,19.966659],[73.739831,19.966243],[73.739327,19.966234],[73.739327,19.966224],[73.739322,19.966155],[73.738743,19.966189],[73.738729,19.966011],[73.738729,19.966009],[73.738888,19.966003],[73.739858,19.965951],[73.739615,19.965387],[73.739614,19.965387],[73.740714,19.96533],[73.741671,19.965281],[73.741661,19.965022],[73.74324,19.965038],[73.744161,19.965063],[73.745067,19.965081],[73.745043,19.964513],[73.744987,19.964281],[73.744766,19.963379],[73.746285,19.963432],[73.74647,19.963438],[73.74647,19.963439],[73.746471,19.963439],[73.746489,19.963627],[73.746686,19.963637],[73.746606,19.962657],[73.746606,19.962655],[73.747039,19.96264],[73.747048,19.962639],[73.747052,19.962731],[73.748941,19.962722],[73.749049,19.963011],[73.74905,19.963012],[73.749122,19.963206],[73.749302,19.96349],[73.750458,19.963506],[73.750481,19.963084],[73.751093,19.96306],[73.751094,19.962673],[73.75136,19.962647],[73.752051,19.962653],[73.752074,19.962723],[73.752738,19.96276],[73.752729,19.963127],[73.752731,19.963127],[73.753862,19.963139],[73.754351,19.961558],[73.755883,19.961777],[73.755884,19.961777],[73.757207,19.962824],[73.756363,19.963808],[73.755759,19.964593],[73.755828,19.964911],[73.755896,19.96523],[73.755948,19.965479],[73.755993,19.965689],[73.758029,19.965348],[73.758049,19.965344],[73.758076,19.965697],[73.758079,19.965706],[73.758216,19.966118],[73.758161,19.966815],[73.758161,19.966823],[73.75816,19.966824],[73.757955,19.967325],[73.758125,19.967264],[73.758615,19.968252],[73.758442,19.96833],[73.758549,19.968543],[73.7595,19.968141],[73.759889,19.968009]]]}},{"type":"Feature","properties":{"Name":"MH 15 FV 0816","routeId":222,"fill-opacity":0.03,"stroke-width":1,"stroke-opacity":0.5,"locationConfidence":"verified","locationSource":"NMC waste collection vehicle tracking export, 30 Aug 2026 (RTI)"},"geometry":{"type":"Polygon","coordinates":[[[73.754866,19.961815],[73.749441,19.962707],[73.744658,19.964206],[73.744516,19.96724],[73.744944,19.969953],[73.747835,19.97006],[73.750726,19.968204],[73.750191,19.965634],[73.753974,19.965741],[73.754866,19.961815]]]}},{"type":"Feature","properties":{"Name":"MH 15 FV 0817","routeId":225,"fill-opacity":0.03,"stroke-width":1,"stroke-opacity":0.5,"locationConfidence":"verified","locationSource":"NMC waste collection vehicle tracking export, 30 Aug 2026 (RTI)"},"geometry":{"type":"Polygon","coordinates":[[[73.774368,19.983629],[73.768348,19.98539],[73.765778,19.987389],[73.766135,19.989292],[73.768658,19.991315],[73.772013,19.991553],[73.774249,19.990553],[73.774582,19.988031],[73.771941,19.986818],[73.775082,19.984414],[73.774368,19.983629]]]}},{"type":"Feature","properties":{"Name":"MH 15 FV 0820","routeId":781,"fill-opacity":0.03,"stroke-width":1,"stroke-opacity":0.5,"locationConfidence":"verified","locationSource":"NMC waste collection vehicle tracking export, 30 Aug 2026 (RTI)"},"geometry":{"type":"Polygon","coordinates":[[[73.78373,19.98581],[73.78334,19.9849],[73.78289,19.98395],[73.78276,19.98366],[73.78215,19.98246],[73.78166,19.98159],[73.78144,19.9813],[73.78053,19.98034],[73.78019,19.97985],[73.78011,19.97977],[73.77965,19.97925],[73.77944,19.97902],[73.77906,19.97859],[73.77851,19.97794],[73.77814,19.97754],[73.77633,19.9755],[73.77571,19.97473],[73.77397,19.9727],[73.77282,19.97175],[73.77249,19.97146],[73.77202,19.97105],[73.77119,19.97041],[73.77052,19.96962],[73.76992,19.9688],[73.76909,19.96792],[73.7683,19.96683],[73.76758,19.96592],[73.76959,19.96608],[73.76977,19.96609],[73.77045,19.96615],[73.77131,19.9662],[73.77133,19.96621],[73.7715,19.96622],[73.77156,19.96622],[73.77258,19.96629],[73.77286,19.96635],[73.77324,19.96644],[73.77325,19.96659],[73.77343,19.96701],[73.77452,19.96739],[73.77478,19.96732],[73.77466,19.96697],[73.77574,19.96736],[73.77807,19.96824],[73.77771,19.96559],[73.77983,19.96528],[73.77838,19.96241],[73.77785,19.96069],[73.77741,19.95916],[73.77722,19.95829],[73.77698,19.95721],[73.77695,19.95711],[73.77639,19.95543],[73.77628,19.95509],[73.77595,19.95413],[73.77756,19.9539],[73.77816,19.95388],[73.78051,19.95383],[73.78126,19.95383],[73.78389,19.95386],[73.78399,19.95386],[73.78533,19.95394],[73.78633,19.95406],[73.78516,19.95445],[73.78312,19.95514],[73.78194,19.95553],[73.78193,19.95553],[73.78167,19.95605],[73.78167,19.95606],[73.7818,19.95768],[73.78199,19.95831],[73.78208,19.95861],[73.78211,19.95868],[73.78238,19.95929],[73.78257,19.95972],[73.78306,19.96083],[73.78307,19.96083],[73.78312,19.96082],[73.78352,19.96178],[73.78382,19.96253],[73.78413,19.96298],[73.78399,19.96319],[73.78403,19.96322],[73.78463,19.96365],[73.78464,19.96365],[73.78465,19.96366],[73.78631,19.96288],[73.79247,19.96005],[73.79291,19.95976],[73.79592,19.95783],[73.79725,19.95868],[73.79766,19.95964],[73.79774,19.96041],[73.79781,19.96117],[73.79798,19.96282],[73.798,19.96294],[73.798,19.96295],[73.79817,19.96463],[73.79822,19.96512],[73.79831,19.96594],[73.80114,19.96542],[73.80118,19.96576],[73.80129,19.96667],[73.80094,19.96739],[73.8006,19.9681],[73.80057,19.96816],[73.80246,19.96801],[73.80249,19.96743],[73.80428,19.96747],[73.80452,19.96731],[73.80616,19.96867],[73.80653,19.96905],[73.80673,19.96934],[73.8074,19.97127],[73.80792,19.97269],[73.80919,19.97418],[73.81192,19.97472],[73.81204,19.97473],[73.81243,19.97432],[73.81283,19.97391],[73.81371,19.97306],[73.81458,19.97222],[73.81665,19.97051],[73.81842,19.96904],[73.81921,19.96933],[73.81926,19.96934],[73.81928,19.96935],[73.81994,19.96945],[73.81993,19.96962],[73.82086,19.96991],[73.82151,19.97016],[73.82202,19.97052],[73.82229,19.97082],[73.82244,19.97102],[73.82284,19.97159],[73.82288,19.97167],[73.82303,19.97212],[73.82302,19.97247],[73.82294,19.97292],[73.82534,19.97331],[73.82596,19.97341],[73.82628,19.97349],[73.82695,19.97371],[73.82734,19.97385],[73.82754,19.97389],[73.82774,19.97394],[73.82781,19.97469],[73.82798,19.97669],[73.82813,19.97771],[73.82821,19.97834],[73.82821,19.97836],[73.8283,19.97961],[73.82829,19.97966],[73.82822,19.97988],[73.8282,19.97992],[73.82793,19.98007],[73.82696,19.98048],[73.82606,19.98082],[73.82605,19.98083],[73.82509,19.98135],[73.82394,19.98197],[73.82375,19.98208],[73.82291,19.98252],[73.8221,19.98294],[73.82208,19.98294],[73.82211,19.98675],[73.82161,19.98696],[73.82222,19.98846],[73.82197,19.98855],[73.82197,19.98875],[73.8222,19.98905],[73.82234,19.98967],[73.82081,19.9906],[73.81907,19.9917],[73.81797,19.99252],[73.81699,19.99342],[73.81617,19.99419],[73.81578,19.99513],[73.81611,19.9956],[73.81611,19.99741],[73.8159,19.99844],[73.81559,19.99964],[73.81509,19.99997],[73.81398,19.99969],[73.8125,19.99969],[73.81076,19.99997],[73.80796,20.00148],[73.80708,20.00176],[73.80504,20.00194],[73.80314,20.00173],[73.80162,20.00163],[73.80008,20.00163],[73.79865,20.00163],[73.79848,20.00114],[73.79826,20.00088],[73.7981,20.00069],[73.79779,20.00022],[73.79739,19.99952],[73.79726,19.99927],[73.79693,19.99867],[73.79667,19.99828],[73.79659,19.99811],[73.79653,19.99786],[73.79652,19.99786],[73.79652,19.99785],[73.7962,19.99775],[73.79588,19.99765],[73.79579,19.99758],[73.79575,19.99755],[73.7957,19.99747],[73.7956,19.99733],[73.79548,19.99721],[73.79536,19.9971],[73.79534,19.99709],[73.7952,19.99696],[73.79498,19.9969],[73.79486,19.99688],[73.79435,19.99677],[73.79435,19.99679],[73.79434,19.99716],[73.7943,19.99761],[73.79415,19.99835],[73.79416,19.9984],[73.79416,19.99844],[73.79401,19.9985],[73.79311,19.99861],[73.79315,19.99884],[73.79276,19.99892],[73.79235,19.99896],[73.7922,19.99898],[73.79169,19.99902],[73.79151,19.99903],[73.79095,19.99907],[73.79084,19.99912],[73.7905,19.99924],[73.79002,19.99937],[73.78904,19.99943],[73.78887,19.99997],[73.7887,19.99982],[73.78868,19.9998],[73.78865,19.99971],[73.78859,19.99952],[73.78859,19.99951],[73.78855,19.99936],[73.7885,19.99935],[73.78848,19.99931],[73.78763,19.99915],[73.78724,19.99908],[73.78684,19.99901],[73.7865,19.99894],[73.78671,19.99835],[73.78685,19.99799],[73.78723,19.99805],[73.78723,19.99802],[73.78724,19.99802],[73.78724,19.99779],[73.78725,19.99776],[73.78724,19.99776],[73.78706,19.99776],[73.78717,19.99746],[73.7873,19.99713],[73.78747,19.99678],[73.7876,19.99658],[73.78777,19.99634],[73.78792,19.99615],[73.78819,19.9958],[73.78856,19.99546],[73.78897,19.9951],[73.78898,19.99509],[73.78997,19.99456],[73.79076,19.99433],[73.79,19.99418],[73.78841,19.99383],[73.78778,19.99374],[73.78763,19.99368],[73.78708,19.99352],[73.78667,19.99342],[73.78652,19.99338],[73.78649,19.99337],[73.78636,19.99334],[73.78596,19.99332],[73.78516,19.99337],[73.78451,19.99342],[73.78393,19.99347],[73.78259,19.99357],[73.78259,19.99355],[73.78269,19.99303],[73.7827,19.99299],[73.78274,19.9928],[73.78282,19.9924],[73.78285,19.99221],[73.78292,19.99187],[73.78294,19.99173],[73.78295,19.99159],[73.78296,19.99118],[73.78296,19.99064],[73.78294,19.99005],[73.78294,19.98965],[73.78293,19.98916],[73.783,19.98887],[73.78336,19.98864],[73.78355,19.98835],[73.78366,19.98768],[73.78388,19.98691],[73.78395,19.98676],[73.78402,19.98662],[73.78391,19.98609],[73.78389,19.98601],[73.78373,19.98581]]]}},{"type":"Feature","properties":{"Name":"MH 15 FV 0821","routeId":227,"fill-opacity":0.03,"stroke-width":1,"stroke-opacity":0.5,"locationConfidence":"verified","locationSource":"NMC waste collection vehicle tracking export, 30 Aug 2026 (RTI)"},"geometry":{"type":"Polygon","coordinates":[[[73.754104,19.964684],[73.749018,19.964475],[73.749166,19.966439],[73.74637,19.966557],[73.746281,19.970067],[73.746846,19.97206],[73.750356,19.971644],[73.754996,19.970484],[73.754342,19.96739],[73.754104,19.964684]]]}},{"type":"Feature","properties":{"Name":"MH 15 FV 0822","routeId":224,"fill-opacity":0.03,"stroke-width":1,"stroke-opacity":0.5,"locationConfidence":"verified","locationSource":"NMC waste collection vehicle tracking export, 30 Aug 2026 (RTI)"},"geometry":{"type":"Polygon","coordinates":[[[73.777713,19.965587],[73.778877,19.965409],[73.779828,19.965282],[73.778382,19.962413],[73.777956,19.961043],[73.777853,19.960689],[73.777411,19.959164],[73.777378,19.959052],[73.777215,19.958292],[73.776951,19.957113],[73.776278,19.955094],[73.775953,19.954129],[73.77756,19.953902],[73.778159,19.953885],[73.780086,19.953831],[73.78118,19.953834],[73.781265,19.953834],[73.783542,19.953841],[73.783891,19.953857],[73.783921,19.953857],[73.783993,19.953861],[73.785092,19.953909],[73.785332,19.953939],[73.785516,19.95395],[73.786387,19.954042],[73.78927,19.953046],[73.791823,19.952164],[73.791908,19.952135],[73.794429,19.951437],[73.796312,19.950915],[73.797718,19.950526],[73.797829,19.947144],[73.797898,19.944978],[73.797959,19.943072],[73.796833,19.943206],[73.795767,19.943124],[73.793698,19.942966],[73.790769,19.942753],[73.790742,19.942745],[73.790661,19.942739],[73.789361,19.942387],[73.789408,19.941761],[73.78953,19.940086],[73.789609,19.938838],[73.789701,19.937154],[73.789721,19.936352],[73.789737,19.934263],[73.78971,19.932715],[73.789686,19.931336],[73.789661,19.929957],[73.789779,19.929568],[73.789887,19.92913],[73.79009,19.927994],[73.790124,19.927958],[73.79013,19.927927],[73.790338,19.927727],[73.79038,19.927686],[73.790909,19.92737],[73.791008,19.927308],[73.791014,19.927308],[73.791024,19.927302],[73.791809,19.927225],[73.793163,19.927085],[73.79326,19.927085],[73.79333,19.927078],[73.794035,19.927078],[73.794048,19.927078],[73.793967,19.926225],[73.793704,19.923458],[73.794789,19.923252],[73.794797,19.923251],[73.798651,19.922895],[73.798598,19.921789],[73.798541,19.920596],[73.79854,19.920564],[73.799178,19.91992],[73.79918,19.919917],[73.798468,19.919013],[73.798257,19.918822],[73.797842,19.918452],[73.797546,19.918181],[73.7973,19.918051],[73.796779,19.917855],[73.796049,19.917567],[73.795431,19.917284],[73.794836,19.917006],[73.794369,19.916652],[73.794214,19.916522],[73.794201,19.916477],[73.794072,19.916048],[73.793967,19.915691],[73.793954,19.915641],[73.793912,19.915606],[73.793478,19.91525],[73.793162,19.914991],[73.792729,19.914633],[73.792413,19.914375],[73.792337,19.914312],[73.792218,19.914214],[73.792141,19.914151],[73.792057,19.914081],[73.79198,19.914018],[73.791889,19.913941],[73.791846,19.913906],[73.791826,19.913892],[73.791784,19.913857],[73.791741,19.913823],[73.791707,19.913794],[73.791665,19.913759],[73.79163,19.913731],[73.791546,19.913661],[73.79151,19.913633],[73.791468,19.913598],[73.791426,19.913563],[73.791392,19.913535],[73.791273,19.913437],[73.791175,19.913353],[73.791063,19.913262],[73.790912,19.913131],[73.790776,19.913023],[73.790277,19.912604],[73.78905,19.911596],[73.78722,19.910094],[73.786915,19.90981],[73.786783,19.9097],[73.786493,19.909463],[73.786116,19.909159],[73.785957,19.909023],[73.785677,19.908795],[73.785564,19.908702],[73.785497,19.908644],[73.785385,19.908554],[73.785295,19.908482],[73.785164,19.908351],[73.78513,19.908317],[73.785065,19.908253],[73.785005,19.908192],[73.784934,19.908119],[73.784877,19.908064],[73.784795,19.90798],[73.784724,19.90791],[73.784655,19.907839],[73.784563,19.907749],[73.784388,19.907575],[73.784278,19.907462],[73.784102,19.907288],[73.783934,19.907119],[73.78366,19.906846],[73.783262,19.906447],[73.783122,19.906307],[73.782975,19.906159],[73.782725,19.905911],[73.78262,19.905813],[73.78262,19.906272],[73.782565,19.906261],[73.782544,19.906256],[73.782513,19.906255],[73.782491,19.90625],[73.7824,19.906229],[73.782369,19.906224],[73.781963,19.906137],[73.78143,19.906025],[73.781357,19.906007],[73.780278,19.90578],[73.779645,19.908548],[73.779553,19.909027],[73.779258,19.91055],[73.779208,19.910809],[73.779101,19.911702],[73.779044,19.912128],[73.778958,19.913409],[73.77886,19.914864],[73.778744,19.916584],[73.778558,19.916537],[73.778383,19.91651],[73.777959,19.916433],[73.777604,19.916329],[73.776925,19.916125],[73.776259,19.915957],[73.776095,19.916206],[73.775932,19.916456],[73.775815,19.916638],[73.775756,19.916723],[73.775729,19.916733],[73.774168,19.916666],[73.772359,19.916588],[73.770716,19.916518],[73.770752,19.917123],[73.77098,19.919892],[73.771216,19.922746],[73.771345,19.922937],[73.771182,19.923095],[73.770716,19.924342],[73.770205,19.925052],[73.76973,19.925131],[73.769187,19.92495],[73.768945,19.924777],[73.768478,19.924157],[73.768089,19.923398],[73.767664,19.923194],[73.765856,19.923484],[73.764916,19.923422],[73.764137,19.922924],[73.763645,19.922202],[73.762825,19.921656],[73.762535,19.921377],[73.762786,19.920784],[73.763054,19.919776],[73.76445,19.918837],[73.764355,19.918161],[73.763377,19.917579],[73.763025,19.917155],[73.76204,19.915845],[73.761415,19.915402],[73.760435,19.915462],[73.758286,19.915746],[73.757351,19.916275],[73.755531,19.916295],[73.755474,19.915436],[73.753237,19.915562],[73.75051,19.915737],[73.749317,19.915839],[73.748318,19.915888],[73.746292,19.915951],[73.745146,19.916048],[73.744884,19.916117],[73.744763,19.91622],[73.744587,19.916399],[73.744494,19.916529],[73.744197,19.916551],[73.742711,19.91671],[73.742574,19.91685],[73.742285,19.917229],[73.742227,19.917206],[73.742182,19.917187],[73.741653,19.917051],[73.741434,19.916976],[73.741114,19.916981],[73.740815,19.917015],[73.737863,19.917349],[73.734939,19.91768],[73.73476,19.9177],[73.734621,19.917723],[73.734049,19.9178],[73.733484,19.91789],[73.73295,19.917932],[73.73247,19.917959],[73.73239,19.918932],[73.73239,19.920006],[73.731539,19.920646],[73.730516,19.921111],[73.730571,19.921958],[73.730747,19.924653],[73.730899,19.926983],[73.730964,19.929094],[73.731008,19.931264],[73.731113,19.934651],[73.732338,19.93523],[73.734079,19.935867],[73.735018,19.936131],[73.735749,19.936503],[73.736304,19.936933],[73.737025,19.937607],[73.737797,19.938278],[73.738568,19.93895],[73.739701,19.940233],[73.741078,19.941594],[73.742066,19.94221],[73.743054,19.942825],[73.743924,19.943492],[73.744192,19.943799],[73.74446,19.944106],[73.746008,19.94556],[73.747735,19.947101],[73.749455,19.948663],[73.750543,19.949538],[73.751631,19.950413],[73.752806,19.951381],[73.753015,19.951554],[73.754558,19.952957],[73.755268,19.953723],[73.755906,19.954411],[73.757068,19.955569],[73.75852,19.95688],[73.759538,19.95772],[73.760941,19.958923],[73.762264,19.960054],[73.763586,19.961235],[73.764475,19.962236],[73.765365,19.963236],[73.766005,19.963994],[73.766722,19.964766],[73.767578,19.965919],[73.769766,19.966093],[73.771311,19.966204],[73.771495,19.966216],[73.772582,19.966287],[73.772623,19.96629],[73.773238,19.966443],[73.773238,19.966444],[73.77325,19.966588],[73.773432,19.967009],[73.774516,19.967389],[73.77478,19.967313],[73.774663,19.966966],[73.775735,19.967356],[73.778066,19.968239],[73.777669,19.965597],[73.777714,19.965591],[73.777713,19.965587]]]}},{"type":"Feature","properties":{"Name":"MH 15 FV 0823","routeId":220,"fill-opacity":0.03,"stroke-width":1,"stroke-opacity":0.5,"locationConfidence":"verified","locationSource":"NMC waste collection vehicle tracking export, 30 Aug 2026 (RTI)"},"geometry":{"type":"Polygon","coordinates":[[[73.75885,19.977017],[73.75963,19.980748],[73.764542,19.980653],[73.766388,19.983793],[73.77029,19.983127],[73.76951,19.978178],[73.765608,19.976998],[73.759897,19.976503],[73.75885,19.977017]]]}},{"type":"Feature","properties":{"Name":"MH 15 FV 0824","routeId":226,"fill-opacity":0.03,"stroke-width":1,"stroke-opacity":0.5,"locationConfidence":"verified","locationSource":"NMC waste collection vehicle tracking export, 30 Aug 2026 (RTI)"},"geometry":{"type":"Polygon","coordinates":[[[73.745967,19.979095],[73.745962,19.978912],[73.745998,19.978908],[73.747157,19.978758],[73.747126,19.978631],[73.747156,19.978625],[73.747916,19.978484],[73.748889,19.978459],[73.748889,19.97814],[73.748881,19.97791],[73.748806,19.9772],[73.748932,19.976918],[73.749071,19.976918],[73.750066,19.976653],[73.749893,19.9764],[73.749602,19.975996],[73.749554,19.975909],[73.749463,19.975792],[73.749339,19.975522],[73.749059,19.974363],[73.748997,19.974124],[73.749016,19.97412],[73.749283,19.974072],[73.749297,19.97407],[73.749345,19.974199],[73.749477,19.97418],[73.749479,19.974203],[73.749505,19.974464],[73.749702,19.974791],[73.749696,19.974885],[73.749704,19.975055],[73.750016,19.975055],[73.750384,19.975014],[73.750771,19.974975],[73.750883,19.975097],[73.751441,19.975069],[73.751466,19.975068],[73.751489,19.975293],[73.751348,19.975281],[73.751357,19.975791],[73.752485,19.975718],[73.752529,19.976077],[73.7526,19.976074],[73.754386,19.975989],[73.754768,19.975972],[73.754657,19.974859],[73.754441,19.973217],[73.754285,19.97228],[73.75405,19.9716],[73.753933,19.971259],[73.753795,19.970859],[73.753579,19.969897],[73.753552,19.969712],[73.753486,19.969259],[73.753358,19.968376],[73.753293,19.967831],[73.753252,19.966479],[73.753256,19.966422],[73.753316,19.965643],[73.754309,19.96549],[73.755081,19.965342],[73.755093,19.965394],[73.755895,19.96523],[73.755828,19.964911],[73.755759,19.964593],[73.756363,19.963808],[73.757207,19.962824],[73.755883,19.961777],[73.754351,19.961558],[73.753862,19.963139],[73.753573,19.963148],[73.752731,19.963127],[73.752729,19.963127],[73.752738,19.96276],[73.75205,19.962722],[73.752051,19.962653],[73.75136,19.962647],[73.751094,19.962673],[73.751093,19.96306],[73.750481,19.963084],[73.750458,19.963506],[73.750458,19.963507],[73.749302,19.96349],[73.749122,19.963206],[73.749122,19.963205],[73.74905,19.963012],[73.749049,19.963011],[73.748941,19.962722],[73.747052,19.962731],[73.747048,19.962639],[73.747039,19.96264],[73.746606,19.962657],[73.746686,19.963637],[73.74649,19.963641],[73.746489,19.963627],[73.74647,19.963439],[73.746285,19.963432],[73.744767,19.963383],[73.745041,19.964475],[73.745043,19.964513],[73.745067,19.965081],[73.744161,19.965063],[73.743749,19.965055],[73.741661,19.965022],[73.741671,19.965281],[73.739615,19.965387],[73.739866,19.965962],[73.738888,19.966003],[73.738729,19.966011],[73.738743,19.966189],[73.739322,19.966154],[73.739327,19.966224],[73.739831,19.966242],[73.739831,19.966243],[73.739883,19.966659],[73.739389,19.966671],[73.739341,19.966672],[73.739324,19.966693],[73.739314,19.966727],[73.739296,19.966728],[73.739289,19.966737],[73.738843,19.966756],[73.738842,19.966756],[73.738841,19.966756],[73.738841,19.966828],[73.737898,19.966828],[73.737748,19.967736],[73.737748,19.967743],[73.737115,19.966926],[73.737,19.966778],[73.736668,19.966238],[73.736467,19.966132],[73.736451,19.966123],[73.736062,19.965529],[73.735837,19.964981],[73.735829,19.964927],[73.735661,19.963826],[73.735651,19.963764],[73.735575,19.963265],[73.735141,19.963393],[73.735031,19.963154],[73.734989,19.96317],[73.73493,19.96322],[73.734301,19.963445],[73.733968,19.963445],[73.733644,19.963446],[73.733183,19.963546],[73.732319,19.963793],[73.732316,19.963794],[73.732051,19.963869],[73.732055,19.963882],[73.732186,19.964328],[73.732303,19.964613],[73.733392,19.964919],[73.733433,19.965162],[73.733784,19.966951],[73.734481,19.967777],[73.735226,19.968288],[73.735384,19.968508],[73.735449,19.968872],[73.735466,19.969129],[73.735543,19.969266],[73.73607,19.96942],[73.736324,19.969308],[73.737188,19.969436],[73.737252,19.969445],[73.737948,19.969788],[73.738241,19.969924],[73.738289,19.969956],[73.738902,19.97037],[73.7391,19.970404],[73.7391,19.970405],[73.739269,19.970778],[73.739581,19.9716],[73.739636,19.971933],[73.739712,19.972395],[73.740171,19.972734],[73.741199,19.97325],[73.741354,19.973329],[73.741448,19.973445],[73.741532,19.973549],[73.741796,19.974244],[73.741785,19.975423],[73.742123,19.97588],[73.742171,19.975965],[73.742483,19.976498],[73.742779,19.97686],[73.742801,19.976888],[73.743241,19.977637],[73.743241,19.977638],[73.74334,19.978017],[73.743341,19.978048],[73.743349,19.978252],[73.743467,19.978511],[73.743682,19.978659],[73.743696,19.978878],[73.743821,19.979077],[73.744429,19.9792],[73.744486,19.97928],[73.74524,19.979186],[73.745967,19.979095]]]}},{"type":"Feature","properties":{"Name":"MH 15 FV 0825","routeId":221,"fill-opacity":0.03,"stroke-width":1,"stroke-opacity":0.5,"locationConfidence":"verified","locationSource":"NMC waste collection vehicle tracking export, 30 Aug 2026 (RTI)"},"geometry":{"type":"Polygon","coordinates":[[[73.759889,19.968009],[73.759983,19.967972],[73.760655,19.967587],[73.760878,19.967462],[73.761194,19.967282],[73.76146,19.967136],[73.762138,19.966575],[73.762298,19.966469],[73.762401,19.966387],[73.76301,19.965993],[73.763103,19.965931],[73.764081,19.965274],[73.765014,19.964609],[73.76586,19.964077],[73.766005,19.963994],[73.765365,19.963236],[73.764475,19.962236],[73.763586,19.961235],[73.762264,19.960054],[73.760941,19.958923],[73.759538,19.95772],[73.75852,19.95688],[73.757876,19.956317],[73.757068,19.955569],[73.755978,19.954489],[73.755906,19.954411],[73.755268,19.953723],[73.754558,19.952957],[73.753015,19.951554],[73.752806,19.951381],[73.751631,19.950413],[73.750543,19.949538],[73.749455,19.948663],[73.747735,19.947101],[73.746008,19.94556],[73.74446,19.944106],[73.744192,19.943799],[73.743924,19.943492],[73.743054,19.942825],[73.742066,19.94221],[73.741078,19.941594],[73.739701,19.940233],[73.738568,19.93895],[73.737797,19.938278],[73.737025,19.937607],[73.736304,19.936933],[73.735749,19.936503],[73.735018,19.936131],[73.734079,19.935867],[73.734024,19.935851],[73.732338,19.93523],[73.731113,19.934651],[73.731139,19.934814],[73.732058,19.937271],[73.732037,19.938715],[73.732011,19.940457],[73.730081,19.94143],[73.729761,19.941774],[73.729172,19.941309],[73.728992,19.941568],[73.72782,19.942112],[73.726383,19.942784],[73.725633,19.943485],[73.723989,19.942913],[73.72333,19.942756],[73.721686,19.942607],[73.720146,19.942059],[73.71725,19.941028],[73.715354,19.940353],[73.712897,19.940639],[73.712472,19.940688],[73.712173,19.940869],[73.711741,19.941132],[73.711526,19.940861],[73.710192,19.94196],[73.709896,19.942773],[73.708896,19.943791],[73.708297,19.944409],[73.708385,19.945851],[73.708638,19.951139],[73.708841,19.955267],[73.708927,19.956974],[73.709623,19.960225],[73.710133,19.962441],[73.710193,19.962906],[73.710468,19.964913],[73.71031,19.966651],[73.710285,19.966927],[73.710305,19.967514],[73.711856,19.96741],[73.71268,19.967488],[73.713318,19.967833],[73.714018,19.968212],[73.71419,19.968306],[73.714191,19.968306],[73.714579,19.968127],[73.714848,19.968022],[73.715121,19.967905],[73.715189,19.96789],[73.715202,19.967885],[73.716078,19.967696],[73.716244,19.96766],[73.71796,19.967435],[73.719675,19.966951],[73.720987,19.966574],[73.720999,19.966571],[73.721121,19.966556],[73.721597,19.966493],[73.722604,19.966363],[73.723535,19.966171],[73.724547,19.965961],[73.724736,19.965633],[73.724748,19.965269],[73.724841,19.965193],[73.724937,19.965408],[73.725032,19.96559],[73.72527,19.965746],[73.725334,19.965726],[73.725818,19.965582],[73.726176,19.96537],[73.726517,19.965122],[73.726586,19.965071],[73.726694,19.965014],[73.726696,19.965014],[73.727344,19.96493],[73.728484,19.964866],[73.729843,19.96448],[73.72993,19.964453],[73.730124,19.9644],[73.730321,19.964344],[73.731589,19.963996],[73.732051,19.963869],[73.732316,19.963794],[73.732319,19.963793],[73.732487,19.963745],[73.733182,19.963547],[73.733183,19.963546],[73.733644,19.963446],[73.734327,19.963429],[73.734989,19.96317],[73.735053,19.963115],[73.735141,19.963393],[73.735575,19.963265],[73.735651,19.963764],[73.735661,19.963826],[73.735829,19.964927],[73.736062,19.965529],[73.736467,19.966132],[73.736668,19.966238],[73.737087,19.966889],[73.73722,19.967061],[73.737748,19.967736],[73.737854,19.966828],[73.738841,19.966828],[73.738841,19.966756],[73.738842,19.966756],[73.738843,19.966756],[73.739296,19.966728],[73.739324,19.966693],[73.739329,19.966672],[73.739341,19.966672],[73.739349,19.966661],[73.739883,19.966659],[73.739831,19.966243],[73.739327,19.966234],[73.739327,19.966224],[73.739322,19.966155],[73.738743,19.966189],[73.738729,19.966011],[73.738729,19.966009],[73.738888,19.966003],[73.739858,19.965951],[73.739615,19.965387],[73.739614,19.965387],[73.740714,19.96533],[73.741671,19.965281],[73.741661,19.965022],[73.74324,19.965038],[73.744161,19.965063],[73.745067,19.965081],[73.745043,19.964513],[73.744987,19.964281],[73.744766,19.963379],[73.746285,19.963432],[73.74647,19.963438],[73.74647,19.963439],[73.746471,19.963439],[73.746489,19.963627],[73.746686,19.963637],[73.746606,19.962657],[73.746606,19.962655],[73.747039,19.96264],[73.747048,19.962639],[73.747052,19.962731],[73.748941,19.962722],[73.749049,19.963011],[73.74905,19.963012],[73.749122,19.963206],[73.749302,19.96349],[73.750458,19.963506],[73.750481,19.963084],[73.751093,19.96306],[73.751094,19.962673],[73.75136,19.962647],[73.752051,19.962653],[73.752074,19.962723],[73.752738,19.96276],[73.752729,19.963127],[73.752731,19.963127],[73.753862,19.963139],[73.754351,19.961558],[73.755883,19.961777],[73.755884,19.961777],[73.757207,19.962824],[73.756363,19.963808],[73.755759,19.964593],[73.755828,19.964911],[73.755896,19.96523],[73.755948,19.965479],[73.755993,19.965689],[73.758029,19.965348],[73.758049,19.965344],[73.758076,19.965697],[73.758079,19.965706],[73.758216,19.966118],[73.758161,19.966815],[73.758161,19.966823],[73.75816,19.966824],[73.757955,19.967325],[73.758125,19.967264],[73.758615,19.968252],[73.758442,19.96833],[73.758549,19.968543],[73.7595,19.968141],[73.759889,19.968009]]]}},{"type":"Feature","properties":{"Name":"MH 15 FV 0848","routeId":231,"fill-opacity":0.03,"stroke-width":1,"stroke-opacity":0.5,"locationConfidence":"verified","locationSource":"NMC waste collection vehicle tracking export, 30 Aug 2026 (RTI)"},"geometry":{"type":"Polygon","coordinates":[[[73.776691,19.955397],[73.768315,19.969864],[73.783639,19.988519],[73.795346,19.996038],[73.800902,19.997406],[73.802939,19.994967],[73.801987,19.990089],[73.813647,19.977597],[73.82483,19.97379],[73.823164,19.965343],[73.811981,19.967484],[73.784498,19.965224],[73.781405,19.954873],[73.776691,19.955397]]]}},{"type":"Feature","properties":{"Name":"MH 15 FV 0849","routeId":459,"fill-opacity":0.03,"stroke-width":1,"stroke-opacity":0.5,"locationConfidence":"verified","locationSource":"NMC waste collection vehicle tracking export, 30 Aug 2026 (RTI)"},"geometry":{"type":"Polygon","coordinates":[[[73.803444,19.985967],[73.802201,19.98621],[73.800579,19.986954],[73.799656,19.98711],[73.799282,19.986979],[73.798474,19.986689],[73.798042,19.98655],[73.797381,19.986362],[73.796132,19.986605],[73.795737,19.986682],[73.795072,19.986905],[73.79491,19.986887],[73.794278,19.986509],[73.793861,19.986281],[73.793248,19.985851],[73.792751,19.985499],[73.792299,19.985428],[73.79062,19.985501],[73.789584,19.985075],[73.789373,19.984998],[73.788889,19.985008],[73.788206,19.985129],[73.787691,19.985395],[73.787413,19.985447],[73.787329,19.985486],[73.786655,19.985515],[73.786198,19.985483],[73.785738,19.985404],[73.785226,19.985217],[73.784888,19.985197],[73.784734,19.985187],[73.784078,19.985762],[73.783894,19.986013],[73.784467,19.986816],[73.78544,19.987818],[73.786995,19.988594],[73.787179,19.988686],[73.788582,19.989387],[73.790233,19.990378],[73.790889,19.990755],[73.792053,19.991332],[73.793217,19.991909],[73.794526,19.992647],[73.795835,19.993385],[73.797697,19.994403],[73.799559,19.99542],[73.801131,19.99628],[73.801928,19.996871],[73.802297,19.997359],[73.80255,19.9979],[73.802803,19.998442],[73.803022,19.999001],[73.803154,19.999569],[73.803184,19.999696],[73.803184,20.000134],[73.803205,20.00055],[73.803141,20.001728],[73.805035,20.001935],[73.807085,20.001756],[73.807955,20.001476],[73.810761,19.999972],[73.812503,19.999692],[73.813979,19.999687],[73.815086,19.999967],[73.815586,19.999636],[73.815902,19.998445],[73.816108,19.997408],[73.81611,19.995598],[73.81578,19.995133],[73.816174,19.994187],[73.816987,19.993417],[73.817969,19.992524],[73.819069,19.991699],[73.820812,19.990601],[73.822341,19.989666],[73.822201,19.989052],[73.821974,19.988746],[73.821604,19.988735],[73.821111,19.98871],[73.820705,19.988352],[73.820414,19.988031],[73.820008,19.987557],[73.819678,19.98741],[73.819416,19.987363],[73.818707,19.987486],[73.818356,19.987575],[73.817947,19.987725],[73.81776,19.988233],[73.817352,19.988508],[73.816632,19.988763],[73.816032,19.988859],[73.81487,19.989126],[73.814467,19.989213],[73.813926,19.989221],[73.813611,19.989097],[73.813539,19.988863],[73.813316,19.988746],[73.812879,19.988815],[73.812544,19.988917],[73.812167,19.989144],[73.811715,19.989488],[73.811153,19.989748],[73.810736,19.989715],[73.810482,19.989333],[73.810317,19.989064],[73.809138,19.988456],[73.808498,19.988387],[73.80798,19.988303],[73.807675,19.988082],[73.807055,19.987714],[73.806714,19.987513],[73.806163,19.98743],[73.80607,19.98713],[73.805953,19.986792],[73.805699,19.986531],[73.8054,19.986506],[73.804647,19.986414],[73.804298,19.98631],[73.803444,19.985967]]]}},{"type":"Feature","properties":{"Name":"MH 15 FV 0851","routeId":475,"fill-opacity":0.03,"stroke-width":1,"stroke-opacity":0.5,"locationConfidence":"verified","locationSource":"NMC waste collection vehicle tracking export, 30 Aug 2026 (RTI)"},"geometry":{"type":"Polygon","coordinates":[[[73.797773,19.993141],[73.796196,19.992416],[73.793589,19.99175],[73.79316,19.990812],[73.792913,19.989754],[73.792988,19.98923],[73.793288,19.988695],[73.794694,19.988453],[73.794951,19.987576],[73.79508,19.986971],[73.795574,19.986527],[73.797795,19.986427],[73.799726,19.987243],[73.801024,19.987536],[73.800488,19.988705],[73.799264,19.990964],[73.79846,19.992284],[73.797956,19.99297],[73.797773,19.993141]]]}},{"type":"Feature","properties":{"Name":"MH 15 FV 0852","routeId":241,"fill-opacity":0.03,"stroke-width":1,"stroke-opacity":0.5,"locationConfidence":"verified","locationSource":"NMC waste collection vehicle tracking export, 30 Aug 2026 (RTI)"},"geometry":{"type":"Polygon","coordinates":[[[73.815072,19.990186],[73.811538,19.987688],[73.810646,19.982334],[73.81136,19.980335],[73.815,19.980835],[73.817106,19.976088],[73.824816,19.974803],[73.825173,19.97748],[73.81989,19.978729],[73.81989,19.982441],[73.825387,19.980228],[73.826243,19.982477],[73.82221,19.98601],[73.818998,19.989472],[73.815072,19.990186]]]}},{"type":"Feature","properties":{"Name":"MH 15 FV 0853","routeId":237,"fill-opacity":0.03,"stroke-width":1,"stroke-opacity":0.5,"locationConfidence":"verified","locationSource":"NMC waste collection vehicle tracking export, 30 Aug 2026 (RTI)"},"geometry":{"type":"Polygon","coordinates":[[[73.756342,19.95388],[73.755271,19.954736],[73.756877,19.956771],[73.753879,19.958948],[73.752987,19.965123],[73.758341,19.964266],[73.763373,19.963053],[73.766907,19.966265],[73.770155,19.970441],[73.771618,19.96912],[73.768441,19.965765],[73.76448,19.961232],[73.760018,19.957092],[73.756342,19.95388]]]}},{"type":"Feature","properties":{"Name":"MH 15 FV 0854","routeId":472,"fill-opacity":0.03,"stroke-width":1,"stroke-opacity":0.5,"locationConfidence":"verified","locationSource":"NMC waste collection vehicle tracking export, 30 Aug 2026 (RTI)"},"geometry":{"type":"Polygon","coordinates":[[[73.805884,19.985852],[73.806624,19.986981],[73.807075,19.987697],[73.80833,19.987899],[73.808974,19.987203],[73.809768,19.986618],[73.810186,19.985812],[73.810251,19.984168],[73.810326,19.982666],[73.81038,19.98195],[73.810487,19.981183],[73.808191,19.979873],[73.806227,19.980518],[73.803052,19.984057],[73.803674,19.98561],[73.805702,19.985751],[73.805884,19.985852]]]}},{"type":"Feature","properties":{"Name":"MH 15 FV 0855","routeId":641,"fill-opacity":0.03,"stroke-width":1,"stroke-opacity":0.5,"locationConfidence":"verified","locationSource":"NMC waste collection vehicle tracking export, 30 Aug 2026 (RTI)"},"geometry":{"type":"Polygon","coordinates":[[[73.782633,19.9847],[73.7813,19.994218],[73.789914,19.998073],[73.7971,19.998025],[73.801954,20.001737],[73.805237,20.001975],[73.811281,19.999595],[73.810139,19.992409],[73.813661,19.985557],[73.810329,19.97799],[73.804619,19.97937],[73.799289,19.985699],[73.78939,19.983367],[73.782633,19.9847]]]}},{"type":"Feature","properties":{"Name":"MH 15 FV 0856","routeId":238,"fill-opacity":0.03,"stroke-width":1,"stroke-opacity":0.5,"locationConfidence":"verified","locationSource":"NMC waste collection vehicle tracking export, 30 Aug 2026 (RTI)"},"geometry":{"type":"Polygon","coordinates":[[[73.753001,19.965201],[73.75262,19.967104],[73.755571,19.967009],[73.756284,19.969626],[73.758949,19.969293],[73.759806,19.973719],[73.761234,19.975527],[73.765897,19.977621],[73.768991,19.976289],[73.767278,19.974338],[73.763185,19.970293],[73.7619,19.966914],[73.76052,19.965962],[73.757617,19.967437],[73.756284,19.963868],[73.753001,19.965201]]]}},{"type":"Feature","properties":{"Name":"MH 15 FV 0857","routeId":458,"fill-opacity":0.03,"stroke-width":1,"stroke-opacity":0.5,"locationConfidence":"verified","locationSource":"NMC waste collection vehicle tracking export, 30 Aug 2026 (RTI)"},"geometry":{"type":"Polygon","coordinates":[[[73.821609,19.986956],[73.822111,19.986746],[73.822084,19.982945],[73.822096,19.982939],[73.82291,19.982522],[73.823753,19.982075],[73.823939,19.981969],[73.825093,19.98135],[73.82605,19.980828],[73.826057,19.980825],[73.82696,19.980478],[73.827926,19.980065],[73.828195,19.97992],[73.828221,19.979879],[73.828288,19.979659],[73.828297,19.97961],[73.82821,19.978361],[73.828209,19.978344],[73.828132,19.977711],[73.827981,19.976694],[73.827807,19.974691],[73.827741,19.973935],[73.82754,19.973894],[73.827338,19.973852],[73.826951,19.973713],[73.826281,19.973487],[73.825956,19.973415],[73.825344,19.973312],[73.822943,19.972922],[73.822943,19.972921],[73.823016,19.972465],[73.823027,19.97212],[73.822882,19.971666],[73.822842,19.971595],[73.822444,19.97102],[73.822292,19.970819],[73.822023,19.970516],[73.821505,19.970164],[73.820861,19.969914],[73.819933,19.969616],[73.819941,19.969455],[73.81994,19.969455],[73.819277,19.969346],[73.81926,19.96934],[73.819205,19.96933],[73.818421,19.969044],[73.816651,19.970506],[73.814579,19.972217],[73.813705,19.973062],[73.812832,19.973906],[73.812434,19.974318],[73.812036,19.974729],[73.811517,19.975273],[73.81119,19.975614],[73.810863,19.975955],[73.81023,19.976616],[73.809597,19.977278],[73.807901,19.979082],[73.807218,19.979818],[73.805785,19.981348],[73.804474,19.982729],[73.802643,19.984816],[73.801786,19.985756],[73.801535,19.986078],[73.801403,19.986357],[73.802201,19.98621],[73.802736,19.9861],[73.803444,19.985967],[73.803531,19.985854],[73.804178,19.986112],[73.804963,19.986286],[73.805684,19.986359],[73.805836,19.986448],[73.805963,19.986605],[73.80611,19.986843],[73.806306,19.98716],[73.806439,19.987293],[73.806647,19.987372],[73.80697,19.987446],[73.807152,19.98755],[73.807523,19.987833],[73.807932,19.988139],[73.808153,19.98824],[73.80856,19.988257],[73.809012,19.988238],[73.809264,19.988284],[73.810061,19.988648],[73.810655,19.988919],[73.81071,19.98919],[73.810933,19.989556],[73.811011,19.989622],[73.81123,19.989576],[73.811547,19.989407],[73.812491,19.988806],[73.813068,19.988646],[73.813695,19.988621],[73.813871,19.988711],[73.813984,19.988911],[73.814076,19.988995],[73.814776,19.988959],[73.815356,19.988853],[73.815695,19.988818],[73.815943,19.988762],[73.816414,19.988655],[73.816626,19.988644],[73.817455,19.988162],[73.817678,19.987868],[73.817678,19.987606],[73.81778,19.987436],[73.818042,19.987464],[73.818384,19.987434],[73.819064,19.987308],[73.819544,19.98723],[73.819966,19.98738],[73.820453,19.987817],[73.820726,19.987884],[73.820903,19.988227],[73.821965,19.98855],[73.822225,19.988459],[73.821609,19.986956]]]}},{"type":"Feature","properties":{"Name":"MH 15 FV 0858","routeId":248,"fill-opacity":0.03,"stroke-width":1,"stroke-opacity":0.5,"locationConfidence":"verified","locationSource":"NMC waste collection vehicle tracking export, 30 Aug 2026 (RTI)"},"geometry":{"type":"Polygon","coordinates":[[[73.78255,19.984376],[73.780842,19.994195],[73.786819,19.995903],[73.789442,20.000599],[73.796578,19.997976],[73.802982,19.998647],[73.811093,19.997367],[73.809813,19.988401],[73.80164,19.985657],[73.791089,19.983522],[73.78255,19.984376]]]}},{"type":"Feature","properties":{"Name":"MH 15 FV 0859","routeId":233,"fill-opacity":0.03,"stroke-width":1,"stroke-opacity":0.5,"locationConfidence":"verified","locationSource":"NMC waste collection vehicle tracking export, 30 Aug 2026 (RTI)"},"geometry":{"type":"Polygon","coordinates":[[[73.801235,19.999425],[73.804947,19.999996],[73.804519,19.995713],[73.801806,19.989717],[73.805518,19.98472],[73.812514,19.976296],[73.810087,19.97287],[73.805375,19.967016],[73.800379,19.966017],[73.787815,19.96616],[73.773253,19.965589],[73.771825,19.972442],[73.776536,19.97801],[73.785245,19.975868],[73.788529,19.980437],[73.781105,19.984149],[73.783675,19.988717],[73.789386,19.992144],[73.796238,19.99557],[73.801235,19.999425]]]}},{"type":"Feature","properties":{"Name":"MH 15 FV 0860","routeId":239,"fill-opacity":0.03,"stroke-width":1,"stroke-opacity":0.5,"locationConfidence":"verified","locationSource":"NMC waste collection vehicle tracking export, 30 Aug 2026 (RTI)"},"geometry":{"type":"Polygon","coordinates":[[[73.759889,19.968009],[73.759983,19.967972],[73.760655,19.967587],[73.760878,19.967462],[73.761194,19.967282],[73.76146,19.967136],[73.762138,19.966575],[73.762298,19.966469],[73.762401,19.966387],[73.76301,19.965993],[73.763103,19.965931],[73.764081,19.965274],[73.765014,19.964609],[73.76586,19.964077],[73.766005,19.963994],[73.765365,19.963236],[73.764475,19.962236],[73.763586,19.961235],[73.762264,19.960054],[73.760941,19.958923],[73.759538,19.95772],[73.75852,19.95688],[73.757876,19.956317],[73.757068,19.955569],[73.755978,19.954489],[73.755906,19.954411],[73.755268,19.953723],[73.754558,19.952957],[73.753015,19.951554],[73.752806,19.951381],[73.751631,19.950413],[73.750543,19.949538],[73.749455,19.948663],[73.747735,19.947101],[73.746008,19.94556],[73.74446,19.944106],[73.744192,19.943799],[73.743924,19.943492],[73.743054,19.942825],[73.742066,19.94221],[73.741078,19.941594],[73.739701,19.940233],[73.738568,19.93895],[73.737797,19.938278],[73.737025,19.937607],[73.736304,19.936933],[73.735749,19.936503],[73.735018,19.936131],[73.734079,19.935867],[73.734024,19.935851],[73.732338,19.93523],[73.731113,19.934651],[73.731139,19.934814],[73.732058,19.937271],[73.732037,19.938715],[73.732011,19.940457],[73.730081,19.94143],[73.729761,19.941774],[73.729172,19.941309],[73.728992,19.941568],[73.72782,19.942112],[73.726383,19.942784],[73.725633,19.943485],[73.723989,19.942913],[73.72333,19.942756],[73.721686,19.942607],[73.720146,19.942059],[73.71725,19.941028],[73.715354,19.940353],[73.712897,19.940639],[73.712472,19.940688],[73.712173,19.940869],[73.711741,19.941132],[73.711526,19.940861],[73.710192,19.94196],[73.709896,19.942773],[73.708896,19.943791],[73.708297,19.944409],[73.708385,19.945851],[73.708638,19.951139],[73.708841,19.955267],[73.708927,19.956974],[73.709623,19.960225],[73.710133,19.962441],[73.710193,19.962906],[73.710468,19.964913],[73.71031,19.966651],[73.710285,19.966927],[73.710305,19.967514],[73.711856,19.96741],[73.71268,19.967488],[73.713318,19.967833],[73.714018,19.968212],[73.71419,19.968306],[73.714191,19.968306],[73.714579,19.968127],[73.714848,19.968022],[73.715121,19.967905],[73.715189,19.96789],[73.715202,19.967885],[73.716078,19.967696],[73.716244,19.96766],[73.71796,19.967435],[73.719675,19.966951],[73.720987,19.966574],[73.720999,19.966571],[73.721121,19.966556],[73.721597,19.966493],[73.722604,19.966363],[73.723535,19.966171],[73.724547,19.965961],[73.724736,19.965633],[73.724748,19.965269],[73.724841,19.965193],[73.724937,19.965408],[73.725032,19.96559],[73.72527,19.965746],[73.725334,19.965726],[73.725818,19.965582],[73.726176,19.96537],[73.726517,19.965122],[73.726586,19.965071],[73.726694,19.965014],[73.726696,19.965014],[73.727344,19.96493],[73.728484,19.964866],[73.729843,19.96448],[73.72993,19.964453],[73.730124,19.9644],[73.730321,19.964344],[73.731589,19.963996],[73.732051,19.963869],[73.732316,19.963794],[73.732319,19.963793],[73.732487,19.963745],[73.733182,19.963547],[73.733183,19.963546],[73.733644,19.963446],[73.734327,19.963429],[73.734989,19.96317],[73.735053,19.963115],[73.735141,19.963393],[73.735575,19.963265],[73.735651,19.963764],[73.735661,19.963826],[73.735829,19.964927],[73.736062,19.965529],[73.736467,19.966132],[73.736668,19.966238],[73.737087,19.966889],[73.73722,19.967061],[73.737748,19.967736],[73.737854,19.966828],[73.738841,19.966828],[73.738841,19.966756],[73.738842,19.966756],[73.738843,19.966756],[73.739296,19.966728],[73.739324,19.966693],[73.739329,19.966672],[73.739341,19.966672],[73.739349,19.966661],[73.739883,19.966659],[73.739831,19.966243],[73.739327,19.966234],[73.739327,19.966224],[73.739322,19.966155],[73.738743,19.966189],[73.738729,19.966011],[73.738729,19.966009],[73.738888,19.966003],[73.739858,19.965951],[73.739615,19.965387],[73.739614,19.965387],[73.740714,19.96533],[73.741671,19.965281],[73.741661,19.965022],[73.74324,19.965038],[73.744161,19.965063],[73.745067,19.965081],[73.745043,19.964513],[73.744987,19.964281],[73.744766,19.963379],[73.746285,19.963432],[73.74647,19.963438],[73.74647,19.963439],[73.746471,19.963439],[73.746489,19.963627],[73.746686,19.963637],[73.746606,19.962657],[73.746606,19.962655],[73.747039,19.96264],[73.747048,19.962639],[73.747052,19.962731],[73.748941,19.962722],[73.749049,19.963011],[73.74905,19.963012],[73.749122,19.963206],[73.749302,19.96349],[73.750458,19.963506],[73.750481,19.963084],[73.751093,19.96306],[73.751094,19.962673],[73.75136,19.962647],[73.752051,19.962653],[73.752074,19.962723],[73.752738,19.96276],[73.752729,19.963127],[73.752731,19.963127],[73.753862,19.963139],[73.754351,19.961558],[73.755883,19.961777],[73.755884,19.961777],[73.757207,19.962824],[73.756363,19.963808],[73.755759,19.964593],[73.755828,19.964911],[73.755896,19.96523],[73.755948,19.965479],[73.755993,19.965689],[73.758029,19.965348],[73.758049,19.965344],[73.758076,19.965697],[73.758079,19.965706],[73.758216,19.966118],[73.758161,19.966815],[73.758161,19.966823],[73.75816,19.966824],[73.757955,19.967325],[73.758125,19.967264],[73.758615,19.968252],[73.758442,19.96833],[73.758549,19.968543],[73.7595,19.968141],[73.759889,19.968009]]]}},{"type":"Feature","properties":{"Name":"MH 15 FV 0861","routeId":451,"fill-opacity":0.03,"stroke-width":1,"stroke-opacity":0.5,"locationConfidence":"verified","locationSource":"NMC waste collection vehicle tracking export, 30 Aug 2026 (RTI)"},"geometry":{"type":"Polygon","coordinates":[[[73.803,20.0017],[73.8107,19.9982],[73.8188,19.9916],[73.821,19.9853],[73.8243,19.9774],[73.8259,19.9717],[73.8184,19.9681],[73.8149,19.9683],[73.8068,19.9767],[73.7926,19.9786],[73.7928,19.9719],[73.7828,19.9771],[73.7835,19.9846],[73.781,19.9903],[73.783,19.9951],[73.7913,19.9971],[73.7985,19.9983],[73.803,20.0017]]]}},{"type":"Feature","properties":{"Name":"MH 15 FV 0862","routeId":236,"fill-opacity":0.03,"stroke-width":1,"stroke-opacity":0.5,"locationConfidence":"verified","locationSource":"NMC waste collection vehicle tracking export, 30 Aug 2026 (RTI)"},"geometry":{"type":"Polygon","coordinates":[[[73.77111,19.971701],[73.776592,19.978097],[73.782703,19.986263],[73.792297,19.985007],[73.810457,19.981752],[73.810743,19.977012],[73.799721,19.967132],[73.790584,19.970959],[73.784416,19.966333],[73.77111,19.971701]]]}},{"type":"Feature","properties":{"Name":"MH 15 FV 0871","routeId":422,"fill-opacity":0.03,"stroke-width":1,"stroke-opacity":0.5,"locationConfidence":"verified","locationSource":"NMC waste collection vehicle tracking export, 30 Aug 2026 (RTI)"},"geometry":{"type":"Polygon","coordinates":[[[73.80259,19.993525],[73.802086,19.991186],[73.802043,19.989955],[73.808384,19.988887],[73.809156,19.989219],[73.809671,19.989845],[73.812804,19.989824],[73.813448,19.990288],[73.813308,19.990833],[73.813984,19.991135],[73.815272,19.991206],[73.815637,19.991518],[73.814574,19.992456],[73.811892,19.993555],[73.811377,19.993041],[73.809564,19.992496],[73.807762,19.992768],[73.805487,19.99296],[73.803535,19.993373],[73.80259,19.993525]]]}},{"type":"Feature","properties":{"Name":"MH 15 FV 0872","routeId":437,"fill-opacity":0.03,"stroke-width":1,"stroke-opacity":0.5,"locationConfidence":"verified","locationSource":"NMC waste collection vehicle tracking export, 30 Aug 2026 (RTI)"},"geometry":{"type":"Polygon","coordinates":[[[73.788682,19.997351],[73.78892,19.998333],[73.790466,19.998243],[73.791031,19.996251],[73.790823,19.994734],[73.7924,19.994466],[73.794303,19.994555],[73.79701,19.994823],[73.798378,19.995477],[73.800073,19.996251],[73.801144,19.996875],[73.80162,19.996072],[73.799954,19.995031],[73.798259,19.993901],[73.796534,19.993098],[73.793411,19.991432],[73.792994,19.992681],[73.793262,19.993574],[73.789931,19.993603],[73.789128,19.994347],[73.789752,19.99512],[73.789752,19.996875],[73.788682,19.997351]]]}},{"type":"Feature","properties":{"Name":"MH 15 FV 0879","routeId":444,"fill-opacity":0.03,"stroke-width":1,"stroke-opacity":0.5,"locationConfidence":"verified","locationSource":"NMC waste collection vehicle tracking export, 30 Aug 2026 (RTI)"},"geometry":{"type":"Polygon","coordinates":[[[73.788133,19.990077],[73.793797,19.991837],[73.798413,19.993598],[73.802363,19.995692],[73.80379,19.998309],[73.804219,20.001879],[73.797461,20.001688],[73.795462,19.998309],[73.793892,19.994835],[73.789799,19.995169],[73.784374,19.993122],[73.788133,19.990077]]]}},{"type":"Feature","properties":{"Name":"MH 15 FV 0936","routeId":450,"fill-opacity":0.03,"stroke-width":1,"stroke-opacity":0.5,"locationConfidence":"verified","locationSource":"NMC waste collection vehicle tracking export, 30 Aug 2026 (RTI)"},"geometry":{"type":"Polygon","coordinates":[[[73.799791,19.9949],[73.795954,19.992788],[73.792356,19.990944],[73.788459,19.988922],[73.788013,19.991242],[73.789917,19.994751],[73.791106,19.997517],[73.794378,19.996922],[73.798988,19.995852],[73.799791,19.9949]]]}},{"type":"Feature","properties":{"Name":"MH 15 FV 0985","routeId":546,"fill-opacity":0.03,"stroke-width":1,"stroke-opacity":0.5,"locationConfidence":"verified","locationSource":"NMC waste collection vehicle tracking export, 30 Aug 2026 (RTI)"},"geometry":{"type":"Polygon","coordinates":[[[73.78373,19.98581],[73.78334,19.9849],[73.78289,19.98395],[73.78276,19.98366],[73.78215,19.98246],[73.78166,19.98159],[73.78144,19.9813],[73.78053,19.98034],[73.78019,19.97985],[73.78011,19.97977],[73.77965,19.97925],[73.77944,19.97902],[73.77906,19.97859],[73.77851,19.97794],[73.77814,19.97754],[73.77633,19.9755],[73.77571,19.97473],[73.77397,19.9727],[73.77282,19.97175],[73.77249,19.97146],[73.77202,19.97105],[73.77119,19.97041],[73.77052,19.96962],[73.76992,19.9688],[73.76909,19.96792],[73.7683,19.96683],[73.76758,19.96592],[73.76959,19.96608],[73.76977,19.96609],[73.77045,19.96615],[73.77131,19.9662],[73.77133,19.96621],[73.7715,19.96622],[73.77156,19.96622],[73.77258,19.96629],[73.77286,19.96635],[73.77324,19.96644],[73.77325,19.96659],[73.77343,19.96701],[73.77452,19.96739],[73.77478,19.96732],[73.77466,19.96697],[73.77574,19.96736],[73.77807,19.96824],[73.77771,19.96559],[73.77983,19.96528],[73.77838,19.96241],[73.77785,19.96069],[73.77741,19.95916],[73.77722,19.95829],[73.77698,19.95721],[73.77695,19.95711],[73.77639,19.95543],[73.77628,19.95509],[73.77595,19.95413],[73.77756,19.9539],[73.77816,19.95388],[73.78051,19.95383],[73.78126,19.95383],[73.78389,19.95386],[73.78399,19.95386],[73.78533,19.95394],[73.78633,19.95406],[73.78516,19.95445],[73.78312,19.95514],[73.78194,19.95553],[73.78193,19.95553],[73.78167,19.95605],[73.78167,19.95606],[73.7818,19.95768],[73.78199,19.95831],[73.78208,19.95861],[73.78211,19.95868],[73.78238,19.95929],[73.78257,19.95972],[73.78306,19.96083],[73.78307,19.96083],[73.78312,19.96082],[73.78352,19.96178],[73.78382,19.96253],[73.78413,19.96298],[73.78399,19.96319],[73.78403,19.96322],[73.78463,19.96365],[73.78464,19.96365],[73.78465,19.96366],[73.78631,19.96288],[73.79247,19.96005],[73.79291,19.95976],[73.79592,19.95783],[73.79725,19.95868],[73.79766,19.95964],[73.79774,19.96041],[73.79781,19.96117],[73.79798,19.96282],[73.798,19.96294],[73.798,19.96295],[73.79817,19.96463],[73.79822,19.96512],[73.79831,19.96594],[73.80114,19.96542],[73.80118,19.96576],[73.80129,19.96667],[73.80094,19.96739],[73.8006,19.9681],[73.80057,19.96816],[73.80246,19.96801],[73.80249,19.96743],[73.80428,19.96747],[73.80452,19.96731],[73.80616,19.96867],[73.80653,19.96905],[73.80673,19.96934],[73.8074,19.97127],[73.80792,19.97269],[73.80919,19.97418],[73.81192,19.97472],[73.81204,19.97473],[73.81243,19.97432],[73.81283,19.97391],[73.81371,19.97306],[73.81458,19.97222],[73.81665,19.97051],[73.81842,19.96904],[73.81921,19.96933],[73.81926,19.96934],[73.81928,19.96935],[73.81994,19.96945],[73.81993,19.96962],[73.82086,19.96991],[73.82151,19.97016],[73.82202,19.97052],[73.82229,19.97082],[73.82244,19.97102],[73.82284,19.97159],[73.82288,19.97167],[73.82303,19.97212],[73.82302,19.97247],[73.82294,19.97292],[73.82534,19.97331],[73.82596,19.97341],[73.82628,19.97349],[73.82695,19.97371],[73.82734,19.97385],[73.82754,19.97389],[73.82774,19.97394],[73.82781,19.97469],[73.82798,19.97669],[73.82813,19.97771],[73.82821,19.97834],[73.82821,19.97836],[73.8283,19.97961],[73.82829,19.97966],[73.82822,19.97988],[73.8282,19.97992],[73.82793,19.98007],[73.82696,19.98048],[73.82606,19.98082],[73.82605,19.98083],[73.82509,19.98135],[73.82394,19.98197],[73.82375,19.98208],[73.82291,19.98252],[73.8221,19.98294],[73.82208,19.98294],[73.82211,19.98675],[73.82161,19.98696],[73.82222,19.98846],[73.82197,19.98855],[73.82197,19.98875],[73.8222,19.98905],[73.82234,19.98967],[73.82081,19.9906],[73.81907,19.9917],[73.81797,19.99252],[73.81699,19.99342],[73.81617,19.99419],[73.81578,19.99513],[73.81611,19.9956],[73.81611,19.99741],[73.8159,19.99844],[73.81559,19.99964],[73.81509,19.99997],[73.81398,19.99969],[73.8125,19.99969],[73.81076,19.99997],[73.80796,20.00148],[73.80708,20.00176],[73.80504,20.00194],[73.80314,20.00173],[73.80162,20.00163],[73.80008,20.00163],[73.79865,20.00163],[73.79848,20.00114],[73.79826,20.00088],[73.7981,20.00069],[73.79779,20.00022],[73.79739,19.99952],[73.79726,19.99927],[73.79693,19.99867],[73.79667,19.99828],[73.79659,19.99811],[73.79653,19.99786],[73.79652,19.99786],[73.79652,19.99785],[73.7962,19.99775],[73.79588,19.99765],[73.79579,19.99758],[73.79575,19.99755],[73.7957,19.99747],[73.7956,19.99733],[73.79548,19.99721],[73.79536,19.9971],[73.79534,19.99709],[73.7952,19.99696],[73.79498,19.9969],[73.79486,19.99688],[73.79435,19.99677],[73.79435,19.99679],[73.79434,19.99716],[73.7943,19.99761],[73.79415,19.99835],[73.79416,19.9984],[73.79416,19.99844],[73.79401,19.9985],[73.79311,19.99861],[73.79315,19.99884],[73.79276,19.99892],[73.79235,19.99896],[73.7922,19.99898],[73.79169,19.99902],[73.79151,19.99903],[73.79095,19.99907],[73.79084,19.99912],[73.7905,19.99924],[73.79002,19.99937],[73.78904,19.99943],[73.78887,19.99997],[73.7887,19.99982],[73.78868,19.9998],[73.78865,19.99971],[73.78859,19.99952],[73.78859,19.99951],[73.78855,19.99936],[73.7885,19.99935],[73.78848,19.99931],[73.78763,19.99915],[73.78724,19.99908],[73.78684,19.99901],[73.7865,19.99894],[73.78671,19.99835],[73.78685,19.99799],[73.78723,19.99805],[73.78723,19.99802],[73.78724,19.99802],[73.78724,19.99779],[73.78725,19.99776],[73.78724,19.99776],[73.78706,19.99776],[73.78717,19.99746],[73.7873,19.99713],[73.78747,19.99678],[73.7876,19.99658],[73.78777,19.99634],[73.78792,19.99615],[73.78819,19.9958],[73.78856,19.99546],[73.78897,19.9951],[73.78898,19.99509],[73.78997,19.99456],[73.79076,19.99433],[73.79,19.99418],[73.78841,19.99383],[73.78778,19.99374],[73.78763,19.99368],[73.78708,19.99352],[73.78667,19.99342],[73.78652,19.99338],[73.78649,19.99337],[73.78636,19.99334],[73.78596,19.99332],[73.78516,19.99337],[73.78451,19.99342],[73.78393,19.99347],[73.78259,19.99357],[73.78259,19.99355],[73.78269,19.99303],[73.7827,19.99299],[73.78274,19.9928],[73.78282,19.9924],[73.78285,19.99221],[73.78292,19.99187],[73.78294,19.99173],[73.78295,19.99159],[73.78296,19.99118],[73.78296,19.99064],[73.78294,19.99005],[73.78294,19.98965],[73.78293,19.98916],[73.783,19.98887],[73.78336,19.98864],[73.78355,19.98835],[73.78366,19.98768],[73.78388,19.98691],[73.78395,19.98676],[73.78402,19.98662],[73.78391,19.98609],[73.78389,19.98601],[73.78373,19.98581]]]}},{"type":"Feature","properties":{"Name":"MH 15 FV 1038","routeId":235,"fill-opacity":0.03,"stroke-width":1,"stroke-opacity":0.5,"locationConfidence":"verified","locationSource":"NMC waste collection vehicle tracking export, 30 Aug 2026 (RTI)"},"geometry":{"type":"Polygon","coordinates":[[[73.803444,19.985967],[73.802201,19.98621],[73.800579,19.986954],[73.799656,19.98711],[73.799282,19.986979],[73.798474,19.986689],[73.798042,19.98655],[73.797381,19.986362],[73.796132,19.986605],[73.795737,19.986682],[73.795072,19.986905],[73.79491,19.986887],[73.794278,19.986509],[73.793861,19.986281],[73.793248,19.985851],[73.792751,19.985499],[73.792299,19.985428],[73.79062,19.985501],[73.789584,19.985075],[73.789373,19.984998],[73.788889,19.985008],[73.788206,19.985129],[73.787691,19.985395],[73.787413,19.985447],[73.787329,19.985486],[73.786655,19.985515],[73.786198,19.985483],[73.785738,19.985404],[73.785226,19.985217],[73.784888,19.985197],[73.784734,19.985187],[73.784078,19.985762],[73.783894,19.986013],[73.784467,19.986816],[73.78544,19.987818],[73.786995,19.988594],[73.787179,19.988686],[73.788582,19.989387],[73.790233,19.990378],[73.790889,19.990755],[73.792053,19.991332],[73.793217,19.991909],[73.794526,19.992647],[73.795835,19.993385],[73.797697,19.994403],[73.799559,19.99542],[73.801131,19.99628],[73.801928,19.996871],[73.802297,19.997359],[73.80255,19.9979],[73.802803,19.998442],[73.803022,19.999001],[73.803154,19.999569],[73.803184,19.999696],[73.803184,20.000134],[73.803205,20.00055],[73.803141,20.001728],[73.805035,20.001935],[73.807085,20.001756],[73.807955,20.001476],[73.810761,19.999972],[73.812503,19.999692],[73.813979,19.999687],[73.815086,19.999967],[73.815586,19.999636],[73.815902,19.998445],[73.816108,19.997408],[73.81611,19.995598],[73.81578,19.995133],[73.816174,19.994187],[73.816987,19.993417],[73.817969,19.992524],[73.819069,19.991699],[73.820812,19.990601],[73.822341,19.989666],[73.822201,19.989052],[73.821974,19.988746],[73.821604,19.988735],[73.821111,19.98871],[73.820705,19.988352],[73.820414,19.988031],[73.820008,19.987557],[73.819678,19.98741],[73.819416,19.987363],[73.818707,19.987486],[73.818356,19.987575],[73.817947,19.987725],[73.81776,19.988233],[73.817352,19.988508],[73.816632,19.988763],[73.816032,19.988859],[73.81487,19.989126],[73.814467,19.989213],[73.813926,19.989221],[73.813611,19.989097],[73.813539,19.988863],[73.813316,19.988746],[73.812879,19.988815],[73.812544,19.988917],[73.812167,19.989144],[73.811715,19.989488],[73.811153,19.989748],[73.810736,19.989715],[73.810482,19.989333],[73.810317,19.989064],[73.809138,19.988456],[73.808498,19.988387],[73.80798,19.988303],[73.807675,19.988082],[73.807055,19.987714],[73.806714,19.987513],[73.806163,19.98743],[73.80607,19.98713],[73.805953,19.986792],[73.805699,19.986531],[73.8054,19.986506],[73.804647,19.986414],[73.804298,19.98631],[73.803444,19.985967]]]}},{"type":"Feature","properties":{"Name":"MH 15 FV 1051","routeId":234,"fill-opacity":0.03,"stroke-width":1,"stroke-opacity":0.5,"locationConfidence":"verified","locationSource":"NMC waste collection vehicle tracking export, 30 Aug 2026 (RTI)"},"geometry":{"type":"Polygon","coordinates":[[[73.803444,19.985967],[73.802201,19.98621],[73.800579,19.986954],[73.799656,19.98711],[73.799282,19.986979],[73.798474,19.986689],[73.798042,19.98655],[73.797381,19.986362],[73.796132,19.986605],[73.795737,19.986682],[73.795072,19.986905],[73.79491,19.986887],[73.794278,19.986509],[73.793861,19.986281],[73.793248,19.985851],[73.792751,19.985499],[73.792299,19.985428],[73.79062,19.985501],[73.789584,19.985075],[73.789373,19.984998],[73.788889,19.985008],[73.788206,19.985129],[73.787691,19.985395],[73.787413,19.985447],[73.787329,19.985486],[73.786655,19.985515],[73.786198,19.985483],[73.785738,19.985404],[73.785226,19.985217],[73.784888,19.985197],[73.784734,19.985187],[73.784078,19.985762],[73.783894,19.986013],[73.784467,19.986816],[73.78544,19.987818],[73.786995,19.988594],[73.787179,19.988686],[73.788582,19.989387],[73.790233,19.990378],[73.790889,19.990755],[73.792053,19.991332],[73.793217,19.991909],[73.794526,19.992647],[73.795835,19.993385],[73.797697,19.994403],[73.799559,19.99542],[73.801131,19.99628],[73.801928,19.996871],[73.802297,19.997359],[73.80255,19.9979],[73.802803,19.998442],[73.803022,19.999001],[73.803154,19.999569],[73.803184,19.999696],[73.803184,20.000134],[73.803205,20.00055],[73.803141,20.001728],[73.805035,20.001935],[73.807085,20.001756],[73.807955,20.001476],[73.810761,19.999972],[73.812503,19.999692],[73.813979,19.999687],[73.815086,19.999967],[73.815586,19.999636],[73.815902,19.998445],[73.816108,19.997408],[73.81611,19.995598],[73.81578,19.995133],[73.816174,19.994187],[73.816987,19.993417],[73.817969,19.992524],[73.819069,19.991699],[73.820812,19.990601],[73.822341,19.989666],[73.822201,19.989052],[73.821974,19.988746],[73.821604,19.988735],[73.821111,19.98871],[73.820705,19.988352],[73.820414,19.988031],[73.820008,19.987557],[73.819678,19.98741],[73.819416,19.987363],[73.818707,19.987486],[73.818356,19.987575],[73.817947,19.987725],[73.81776,19.988233],[73.817352,19.988508],[73.816632,19.988763],[73.816032,19.988859],[73.81487,19.989126],[73.814467,19.989213],[73.813926,19.989221],[73.813611,19.989097],[73.813539,19.988863],[73.813316,19.988746],[73.812879,19.988815],[73.812544,19.988917],[73.812167,19.989144],[73.811715,19.989488],[73.811153,19.989748],[73.810736,19.989715],[73.810482,19.989333],[73.810317,19.989064],[73.809138,19.988456],[73.808498,19.988387],[73.80798,19.988303],[73.807675,19.988082],[73.807055,19.987714],[73.806714,19.987513],[73.806163,19.98743],[73.80607,19.98713],[73.805953,19.986792],[73.805699,19.986531],[73.8054,19.986506],[73.804647,19.986414],[73.804298,19.98631],[73.803444,19.985967]]]}},{"type":"Feature","properties":{"Name":"MH 15 FV 1058","routeId":476,"fill-opacity":0.03,"stroke-width":1,"stroke-opacity":0.5,"locationConfidence":"verified","locationSource":"NMC waste collection vehicle tracking export, 30 Aug 2026 (RTI)"},"geometry":{"type":"Polygon","coordinates":[[[73.803444,19.985967],[73.802201,19.98621],[73.800579,19.986954],[73.799656,19.98711],[73.799282,19.986979],[73.798474,19.986689],[73.798042,19.98655],[73.797381,19.986362],[73.796132,19.986605],[73.795737,19.986682],[73.795072,19.986905],[73.79491,19.986887],[73.794278,19.986509],[73.793861,19.986281],[73.793248,19.985851],[73.792751,19.985499],[73.792299,19.985428],[73.79062,19.985501],[73.789584,19.985075],[73.789373,19.984998],[73.788889,19.985008],[73.788206,19.985129],[73.787691,19.985395],[73.787413,19.985447],[73.787329,19.985486],[73.786655,19.985515],[73.786198,19.985483],[73.785738,19.985404],[73.785226,19.985217],[73.784888,19.985197],[73.784734,19.985187],[73.784078,19.985762],[73.783894,19.986013],[73.784467,19.986816],[73.78544,19.987818],[73.786995,19.988594],[73.787179,19.988686],[73.788582,19.989387],[73.790233,19.990378],[73.790889,19.990755],[73.792053,19.991332],[73.793217,19.991909],[73.794526,19.992647],[73.795835,19.993385],[73.797697,19.994403],[73.799559,19.99542],[73.801131,19.99628],[73.801928,19.996871],[73.802297,19.997359],[73.80255,19.9979],[73.802803,19.998442],[73.803022,19.999001],[73.803154,19.999569],[73.803184,19.999696],[73.803184,20.000134],[73.803205,20.00055],[73.803141,20.001728],[73.805035,20.001935],[73.807085,20.001756],[73.807955,20.001476],[73.810761,19.999972],[73.812503,19.999692],[73.813979,19.999687],[73.815086,19.999967],[73.815586,19.999636],[73.815902,19.998445],[73.816108,19.997408],[73.81611,19.995598],[73.81578,19.995133],[73.816174,19.994187],[73.816987,19.993417],[73.817969,19.992524],[73.819069,19.991699],[73.820812,19.990601],[73.822341,19.989666],[73.822201,19.989052],[73.821974,19.988746],[73.821604,19.988735],[73.821111,19.98871],[73.820705,19.988352],[73.820414,19.988031],[73.820008,19.987557],[73.819678,19.98741],[73.819416,19.987363],[73.818707,19.987486],[73.818356,19.987575],[73.817947,19.987725],[73.81776,19.988233],[73.817352,19.988508],[73.816632,19.988763],[73.816032,19.988859],[73.81487,19.989126],[73.814467,19.989213],[73.813926,19.989221],[73.813611,19.989097],[73.813539,19.988863],[73.813316,19.988746],[73.812879,19.988815],[73.812544,19.988917],[73.812167,19.989144],[73.811715,19.989488],[73.811153,19.989748],[73.810736,19.989715],[73.810482,19.989333],[73.810317,19.989064],[73.809138,19.988456],[73.808498,19.988387],[73.80798,19.988303],[73.807675,19.988082],[73.807055,19.987714],[73.806714,19.987513],[73.806163,19.98743],[73.80607,19.98713],[73.805953,19.986792],[73.805699,19.986531],[73.8054,19.986506],[73.804647,19.986414],[73.804298,19.98631],[73.803444,19.985967]]]}},{"type":"Feature","properties":{"Name":"MH 15 FV 1059","routeId":230,"fill-opacity":0.03,"stroke-width":1,"stroke-opacity":0.5,"locationConfidence":"verified","locationSource":"NMC waste collection vehicle tracking export, 30 Aug 2026 (RTI)"},"geometry":{"type":"Polygon","coordinates":[[[73.767126,19.965397],[73.768982,19.967919],[73.773789,19.972488],[73.778453,19.975105],[73.783783,19.978627],[73.792254,19.982719],[73.798107,19.979816],[73.804056,19.975771],[73.807387,19.970632],[73.803342,19.967158],[73.797441,19.965111],[73.793063,19.964397],[73.791873,19.967015],[73.785877,19.967633],[73.779975,19.967967],[73.772647,19.964968],[73.767126,19.965397]]]}},{"type":"Feature","properties":{"Name":"MH 15 FV 1238","routeId":470,"fill-opacity":0.03,"stroke-width":1,"stroke-opacity":0.5,"locationConfidence":"verified","locationSource":"NMC waste collection vehicle tracking export, 30 Aug 2026 (RTI)"},"geometry":{"type":"Polygon","coordinates":[[[73.791297,19.975167],[73.792008,19.980048],[73.792676,19.985331],[73.785636,19.985321],[73.784841,19.980841],[73.790772,19.980346],[73.788338,19.975854],[73.791297,19.975167]]]}},{"type":"Feature","properties":{"Name":"MH 15 FV 8284","routeId":449,"fill-opacity":0.03,"stroke-width":1,"stroke-opacity":0.5,"locationConfidence":"verified","locationSource":"NMC waste collection vehicle tracking export, 30 Aug 2026 (RTI)"},"geometry":{"type":"Polygon","coordinates":[[[73.802562,20.000854],[73.805596,20.000557],[73.810236,19.999545],[73.809819,19.996988],[73.802978,19.996571],[73.799171,19.994073],[73.79471,19.991812],[73.790129,19.989314],[73.785668,19.986756],[73.782813,19.981521],[73.780552,19.982532],[73.783169,19.987708],[73.787571,19.990504],[73.789297,19.994013],[73.786977,19.996333],[73.785489,19.999427],[73.790546,20.000557],[73.792985,19.995322],[73.796673,19.995025],[73.799528,19.996571],[73.801313,19.998356],[73.802562,20.000854]]]}},{"type":"Feature","properties":{"Name":"MH 15 GA 7291","routeId":229,"fill-opacity":0.03,"stroke-width":1,"stroke-opacity":0.5,"locationConfidence":"verified","locationSource":"NMC waste collection vehicle tracking export, 30 Aug 2026 (RTI)"},"geometry":{"type":"Polygon","coordinates":[[[73.789626,19.976039],[73.790081,19.975009],[73.790093,19.97498],[73.790449,19.974097],[73.790541,19.973868],[73.790762,19.973478],[73.791469,19.973012],[73.791689,19.972867],[73.791888,19.972813],[73.791982,19.972769],[73.792083,19.972761],[73.792093,19.972758],[73.793009,19.972687],[73.794091,19.972601],[73.79649,19.972381],[73.797041,19.972175],[73.79751,19.971797],[73.797782,19.9714],[73.797809,19.971312],[73.798038,19.9705],[73.798133,19.969736],[73.798217,19.969068],[73.798217,19.969067],[73.798419,19.968435],[73.798888,19.968281],[73.799352,19.968255],[73.80037,19.968176],[73.800588,19.968131],[73.800601,19.968105],[73.800944,19.967389],[73.801288,19.966673],[73.801177,19.965758],[73.801135,19.965418],[73.798309,19.965938],[73.798224,19.96512],[73.798173,19.964631],[73.797998,19.962953],[73.797997,19.962943],[73.797984,19.962821],[73.797814,19.961169],[73.797736,19.960406],[73.797657,19.959644],[73.797246,19.958676],[73.795923,19.957833],[73.792912,19.959756],[73.792466,19.960046],[73.792465,19.960047],[73.786307,19.962883],[73.784649,19.963662],[73.784635,19.963652],[73.784635,19.963653],[73.784031,19.963219],[73.783988,19.963189],[73.784134,19.962984],[73.783822,19.962528],[73.783822,19.962527],[73.783516,19.961784],[73.783118,19.960819],[73.783069,19.960826],[73.783059,19.960827],[73.782573,19.959719],[73.78238,19.959288],[73.782108,19.958681],[73.782078,19.958613],[73.781992,19.958309],[73.781797,19.957682],[73.781667,19.956057],[73.781666,19.956051],[73.781934,19.955534],[73.781941,19.955532],[73.783115,19.955138],[73.78516,19.954453],[73.786326,19.954063],[73.785332,19.953939],[73.783993,19.953861],[73.783891,19.953857],[73.781265,19.953834],[73.78051,19.953832],[73.778159,19.953885],[73.77756,19.953902],[73.775953,19.954129],[73.776278,19.955094],[73.776391,19.955431],[73.776951,19.957113],[73.776983,19.957209],[73.777215,19.958292],[73.777411,19.959164],[73.777853,19.960689],[73.778382,19.962413],[73.779828,19.965282],[73.777714,19.965591],[73.778066,19.968239],[73.775736,19.967358],[73.774665,19.966966],[73.774784,19.967323],[73.774516,19.967389],[73.773432,19.967009],[73.773426,19.967007],[73.77325,19.966588],[73.773238,19.966444],[73.772863,19.96635],[73.772582,19.966287],[73.771559,19.96622],[73.771495,19.966216],[73.771326,19.966205],[73.771311,19.966204],[73.77045,19.966148],[73.769766,19.966093],[73.769586,19.96608],[73.767578,19.965919],[73.768301,19.966829],[73.76909,19.96792],[73.769918,19.968799],[73.770524,19.969617],[73.771189,19.970406],[73.772024,19.97105],[73.772487,19.971463],[73.772823,19.971752],[73.77397,19.972697],[73.775709,19.974727],[73.776327,19.975497],[73.776716,19.975159],[73.776976,19.975154],[73.77722,19.975394],[73.779643,19.9753],[73.780363,19.975296],[73.781066,19.975279],[73.781094,19.975284],[73.781174,19.975282],[73.781557,19.975356],[73.781856,19.975403],[73.781794,19.9741],[73.781783,19.973716],[73.781763,19.973278],[73.781728,19.972346],[73.784611,19.972089],[73.784816,19.97207],[73.784819,19.972069],[73.785719,19.973059],[73.785735,19.973076],[73.78637,19.973743],[73.786441,19.973804],[73.787924,19.975004],[73.788515,19.975708],[73.789107,19.976469],[73.789189,19.976571],[73.789626,19.976039]]]}},{"type":"Feature","properties":{"Name":"MH 15 GF 1024","routeId":783,"fill-opacity":0.03,"stroke-width":1,"stroke-opacity":0.5,"locationConfidence":"verified","locationSource":"NMC waste collection vehicle tracking export, 30 Aug 2026 (RTI)"},"geometry":{"type":"Polygon","coordinates":[[[73.75584,19.975086],[73.755796,19.974715],[73.75579,19.974658],[73.758218,19.974352],[73.758741,19.974286],[73.75868,19.973718],[73.758687,19.973717],[73.759982,19.973532],[73.759928,19.97315],[73.759928,19.973147],[73.760299,19.973117],[73.760323,19.973308],[73.762259,19.973113],[73.762259,19.973114],[73.762297,19.973348],[73.764749,19.973055],[73.764714,19.972916],[73.764935,19.972688],[73.764298,19.972064],[73.764287,19.972054],[73.763823,19.971601],[73.763439,19.971226],[73.763438,19.971224],[73.76357,19.971109],[73.764121,19.970618],[73.764092,19.970586],[73.764486,19.97022],[73.764284,19.97002],[73.763945,19.969685],[73.763944,19.969684],[73.76421,19.969476],[73.764224,19.969491],[73.7644,19.969678],[73.764724,19.969442],[73.764966,19.969702],[73.765708,19.969039],[73.766234,19.969574],[73.766599,19.969517],[73.768564,19.969201],[73.769079,19.968832],[73.768858,19.968112],[73.76909,19.96792],[73.768301,19.966829],[73.767814,19.966237],[73.767578,19.965919],[73.766722,19.964766],[73.766005,19.963994],[73.765714,19.964179],[73.764081,19.965274],[73.763103,19.965931],[73.763023,19.965985],[73.76301,19.965993],[73.762298,19.966469],[73.76146,19.967136],[73.760878,19.967462],[73.759983,19.967972],[73.759958,19.967986],[73.759889,19.968009],[73.758549,19.968544],[73.758549,19.968543],[73.758442,19.96833],[73.758615,19.968252],[73.758107,19.967272],[73.757955,19.967325],[73.75816,19.966824],[73.758161,19.966815],[73.758199,19.96615],[73.758079,19.965706],[73.758076,19.965697],[73.758029,19.965348],[73.757281,19.965499],[73.755993,19.96569],[73.755993,19.965689],[73.755992,19.965689],[73.755948,19.965479],[73.755895,19.965231],[73.755895,19.96523],[73.755093,19.965394],[73.755081,19.965342],[73.754283,19.965496],[73.753316,19.965643],[73.753256,19.966422],[73.753293,19.967831],[73.753403,19.968656],[73.753552,19.969712],[73.75379,19.97074],[73.753933,19.971259],[73.75405,19.9716],[73.754285,19.97228],[73.754433,19.973156],[73.754441,19.973217],[73.75453,19.973748],[73.754706,19.975184],[73.75584,19.975086]]]}},{"type":"Feature","properties":{"Name":"MH 15 GR 1521","routeId":892,"fill-opacity":0.03,"stroke-width":1,"stroke-opacity":0.5,"locationConfidence":"verified","locationSource":"NMC waste collection vehicle tracking export, 30 Aug 2026 (RTI)"},"geometry":{"type":"Polygon","coordinates":[[[73.815408,20.01293],[73.818884,20.014381],[73.823004,20.015551],[73.826566,20.016962],[73.832274,20.020067],[73.836569,20.022407],[73.834852,20.03023],[73.834825,20.036821],[73.835091,20.046591],[73.835434,20.055097],[73.835949,20.063523],[73.836121,20.066989],[73.83964,20.068199],[73.842815,20.070295],[73.844961,20.072552],[73.844103,20.076905],[73.845819,20.077389],[73.846764,20.075373],[73.84902,20.073001],[73.850581,20.071672],[73.852262,20.0703],[73.854061,20.069273],[73.855459,20.068654],[73.857433,20.068331],[73.860373,20.06842],[73.862776,20.068783],[73.865523,20.069508],[73.867755,20.069992],[73.8693,20.070838],[73.875054,20.067967],[73.878444,20.065911],[73.881839,20.063879],[73.887014,20.062198],[73.892478,20.060854],[73.900541,20.058095],[73.907493,20.055353],[73.912557,20.053015],[73.92054,20.0485],[73.921226,20.045275],[73.923115,20.041404],[73.91539,20.03955],[73.906463,20.037857],[73.897623,20.038018],[73.889984,20.037695],[73.882795,20.03605],[73.876529,20.034921],[73.876529,20.029518],[73.875328,20.023712],[73.874298,20.018874],[73.873214,20.012728],[73.872898,20.009778],[73.866203,20.010907],[73.857019,20.012117],[73.857706,20.006713],[73.859165,19.999454],[73.858907,19.994212],[73.858271,19.99026],[73.857884,19.986792],[73.853703,19.989855],[73.851857,19.991045],[73.850945,19.990168],[73.850423,19.989204],[73.848688,19.989018],[73.846452,19.989715],[73.84458,19.99],[73.843771,19.989597],[73.842998,19.988428],[73.842312,19.986834],[73.841325,19.985584],[73.840102,19.984798],[73.838771,19.984475],[73.837527,19.984475],[73.835832,19.984919],[73.832706,19.986334],[73.829358,19.987988],[73.824981,19.989238],[73.822706,19.989964],[73.820021,19.991288],[73.817017,19.993546],[73.815944,19.99528],[73.815944,19.999273],[73.815369,20.000834],[73.816442,20.001721],[73.819317,20.001923],[73.822192,20.001802],[73.825154,20.001519],[73.825926,20.004786],[73.828587,20.003778],[73.829273,20.006721],[73.825299,20.008958],[73.824269,20.010813],[73.821501,20.011095],[73.817552,20.011397],[73.817466,20.012849],[73.815664,20.012365],[73.815408,20.01293]]]}},{"type":"Feature","properties":{"Name":"MH 15 GR 2890","routeId":845,"fill-opacity":0.03,"stroke-width":1,"stroke-opacity":0.5,"locationConfidence":"verified","locationSource":"NMC waste collection vehicle tracking export, 30 Aug 2026 (RTI)"},"geometry":{"type":"Polygon","coordinates":[[[73.731097,19.990324],[73.728994,19.989558],[73.726805,19.990364],[73.726719,19.989316],[73.724015,19.989437],[73.721483,19.989356],[73.720582,19.991736],[73.71996,19.991615],[73.717986,19.991655],[73.718329,19.991211],[73.717085,19.99105],[73.716688,19.991726],[73.716785,19.993283],[73.715798,19.993283],[73.713866,19.993122],[73.712579,19.992961],[73.712407,19.992598],[73.711678,19.992436],[73.71142,19.994332],[73.71142,19.996389],[73.711377,19.998082],[73.71146,20.000298],[73.711374,20.002153],[73.711331,20.003846],[73.711417,20.005258],[73.712833,20.005701],[73.714206,20.005903],[73.715923,20.005984],[73.718326,20.006347],[73.720257,20.006992],[73.720429,20.005822],[73.720515,20.004653],[73.721588,20.00554],[73.723004,20.005903],[73.723433,20.005338],[73.724592,20.005338],[73.72618,20.005701],[73.727682,20.006266],[73.728068,20.005177],[73.728454,20.003887],[73.731458,20.003645],[73.731286,20.004774],[73.731662,20.006135],[73.733593,20.006175],[73.734623,20.006095],[73.736039,20.005691],[73.737799,20.005611],[73.737885,20.005288],[73.74076,20.004844],[73.74046,20.002989],[73.742348,20.002828],[73.74518,20.002707],[73.748957,20.002667],[73.752218,20.002506],[73.751961,20.000892],[73.751746,19.998957],[73.751532,19.996618],[73.751103,19.99448],[73.750888,19.993391],[73.749987,19.992988],[73.749558,19.991214],[73.749257,19.990447],[73.749815,19.988955],[73.749343,19.98831],[73.746511,19.988471],[73.745438,19.988996],[73.743421,19.987544],[73.742863,19.987624],[73.742047,19.988391],[73.740417,19.988391],[73.737885,19.988149],[73.736683,19.987866],[73.736597,19.987342],[73.736726,19.98706],[73.736554,19.986777],[73.736082,19.986939],[73.735181,19.987382],[73.734666,19.987745],[73.732907,19.98827],[73.731877,19.988592],[73.731147,19.988512],[73.730975,19.988996],[73.731269,19.989279],[73.731355,19.989713],[73.731698,19.989894],[73.731795,19.990308],[73.731097,19.990324]]]}},{"type":"Feature","properties":{"Name":"MH 15 HC 0708","routeId":995,"fill-opacity":0.03,"stroke-width":1,"stroke-opacity":0.5,"locationConfidence":"verified","locationSource":"NMC waste collection vehicle tracking export, 30 Aug 2026 (RTI)"},"geometry":{"type":"Polygon","coordinates":[[[73.759209,20.022739],[73.759209,20.019231],[73.758951,20.017215],[73.758694,20.014069],[73.756141,20.014531],[73.755875,20.012103],[73.753558,20.012103],[73.753215,20.009361],[73.752914,20.007062],[73.752614,20.00436],[73.752228,20.002505],[73.750683,20.00266],[73.747314,20.002781],[73.743451,20.002882],[73.740512,20.003064],[73.740781,20.004799],[73.73915,20.005041],[73.737841,20.005303],[73.737734,20.005626],[73.736667,20.005624],[73.734586,20.006249],[73.734471,20.00558],[73.731509,20.005993],[73.731295,20.004945],[73.731134,20.003624],[73.729256,20.003695],[73.728479,20.003745],[73.727942,20.005368],[73.727706,20.006276],[73.726561,20.00491],[73.72538,20.004225],[73.724994,20.004871],[73.723258,20.003808],[73.722378,20.005143],[73.721606,20.005234],[73.721595,20.005687],[73.721917,20.006212],[73.721212,20.010318],[73.724256,20.013743],[73.72245,20.015268],[73.71995,20.017437],[73.717589,20.019453],[73.716173,20.020421],[73.715487,20.020542],[73.714847,20.023119],[73.713774,20.025155],[73.712422,20.026203],[73.71122,20.026344],[73.713507,20.029063],[73.714647,20.030263],[73.715119,20.030888],[73.716149,20.030989],[73.716407,20.031009],[73.717136,20.032077],[73.716958,20.033851],[73.716958,20.034606],[73.717621,20.034901],[73.717921,20.035334],[73.7182,20.035415],[73.718587,20.035284],[73.718951,20.03479],[73.720174,20.033822],[73.721215,20.032955],[73.722115,20.03197],[73.722695,20.030922],[73.722935,20.029713],[73.723172,20.028837],[73.723783,20.028242],[73.725069,20.026941],[73.726518,20.025705],[73.727092,20.024894],[73.727719,20.023954],[73.728483,20.022939],[73.729116,20.022586],[73.730414,20.022304],[73.732121,20.022476],[73.733912,20.022707],[73.735946,20.022496],[73.737395,20.021972],[73.738762,20.021038],[73.73991,20.02005],[73.741024,20.018572],[73.741941,20.017425],[73.742875,20.016659],[73.743229,20.016538],[73.744092,20.016577],[73.745326,20.017202],[73.746627,20.018084],[73.747614,20.019415],[73.749699,20.020644],[73.751566,20.021259],[73.753901,20.021405],[73.755511,20.021586],[73.757556,20.022259],[73.759209,20.022739]]]}},{"type":"Feature","properties":{"Name":"MH 15 HC 2623","routeId":937,"fill-opacity":0.03,"stroke-width":1,"stroke-opacity":0.5,"locationConfidence":"verified","locationSource":"NMC waste collection vehicle tracking export, 30 Aug 2026 (RTI)"},"geometry":{"type":"Polygon","coordinates":[[[73.773515,20.009248],[73.772743,20.007433],[73.772571,20.01195],[73.77064,20.014813],[73.768022,20.019369],[73.764117,20.021627],[73.758967,20.022272],[73.752229,20.020538],[73.748324,20.018442],[73.744462,20.014692],[73.739183,20.017756],[73.738946,20.021345],[73.741694,20.023974],[73.743496,20.030426],[73.747444,20.035102],[73.750148,20.040666],[73.753324,20.046794],[73.754855,20.052118],[73.755284,20.059938],[73.75537,20.065904],[73.765841,20.07445],[73.776827,20.080415],[73.777514,20.06671],[73.782836,20.057521],[73.790818,20.049617],[73.793221,20.043489],[73.793908,20.03478],[73.790818,20.033006],[73.787728,20.029297],[73.788415,20.025265],[73.788415,20.023329],[73.786183,20.02091],[73.788758,20.015103],[73.783265,20.009458],[73.773515,20.009248]]]}},{"type":"Feature","properties":{"Name":"MH 15 HH 7403","routeId":468,"fill-opacity":0.03,"stroke-width":1,"stroke-opacity":0.5,"locationConfidence":"verified","locationSource":"NMC waste collection vehicle tracking export, 30 Aug 2026 (RTI)"},"geometry":{"type":"Polygon","coordinates":[[[73.796571,19.994331],[73.790241,19.994311],[73.785392,19.993343],[73.782806,19.993575],[73.782474,19.993424],[73.782688,19.990298],[73.782828,19.989008],[73.783633,19.987274],[73.784051,19.986578],[73.784544,19.986527],[73.785778,19.987747],[73.789018,19.989532],[73.794115,19.992274],[73.79596,19.993464],[73.79669,19.993877],[73.796582,19.994291],[73.796571,19.994331]]]}},{"type":"Feature","properties":{"Name":"MH 15 HH 7404","routeId":469,"fill-opacity":0.03,"stroke-width":1,"stroke-opacity":0.5,"locationConfidence":"verified","locationSource":"NMC waste collection vehicle tracking export, 30 Aug 2026 (RTI)"},"geometry":{"type":"Polygon","coordinates":[[[73.800702,20.000038],[73.800305,19.999982],[73.799393,19.999281],[73.798406,19.999629],[73.798015,19.999226],[73.797162,19.99909],[73.796818,19.998727],[73.796427,19.998041],[73.796448,19.997683],[73.796335,19.996781],[73.796577,19.99667],[73.797333,19.996625],[73.797961,19.996509],[73.798739,19.996373],[73.800176,19.996141],[73.800391,19.996045],[73.801244,19.996418],[73.801941,19.997159],[73.802279,19.997593],[73.802413,19.998132],[73.80207,19.998525],[73.800702,20.000038]]]}},{"type":"Feature","properties":{"Name":"MH 15 HH 7406","routeId":467,"fill-opacity":0.03,"stroke-width":1,"stroke-opacity":0.5,"locationConfidence":"verified","locationSource":"NMC waste collection vehicle tracking export, 30 Aug 2026 (RTI)"},"geometry":{"type":"Polygon","coordinates":[[[73.7887,19.968625],[73.793769,19.968589],[73.793554,19.972908],[73.794804,19.972658],[73.795553,19.969481],[73.79898,19.969124],[73.798658,19.967054],[73.795018,19.965698],[73.793376,19.959987],[73.790414,19.960594],[73.788379,19.962735],[73.7892,19.965484],[73.790092,19.967447],[73.788593,19.967697],[73.7887,19.968625]]]}},{"type":"Feature","properties":{"Name":"MH 15 HH 7408","routeId":776,"fill-opacity":0.03,"stroke-width":1,"stroke-opacity":0.5,"locationConfidence":"verified","locationSource":"NMC waste collection vehicle tracking export, 30 Aug 2026 (RTI)"},"geometry":{"type":"Polygon","coordinates":[[[73.804353,20.000351],[73.805057,20.001007],[73.805399,20.001561],[73.806406,20.001454],[73.807344,20.001286],[73.80707,20.000679],[73.806888,19.99994],[73.805681,20.000144],[73.804896,20.000269],[73.804353,20.000351]]]}},{"type":"Feature","properties":{"Name":"MH 15 HH 7409","routeId":463,"fill-opacity":0.03,"stroke-width":1,"stroke-opacity":0.5,"locationConfidence":"verified","locationSource":"NMC waste collection vehicle tracking export, 30 Aug 2026 (RTI)"},"geometry":{"type":"Polygon","coordinates":[[[73.792945,19.996544],[73.792436,19.996383],[73.792334,19.996262],[73.792269,19.995939],[73.79206,19.995743],[73.791931,19.995486],[73.792446,19.994382],[73.792902,19.994064],[73.795799,19.994205],[73.79684,19.994266],[73.797596,19.994427],[73.798358,19.994825],[73.798626,19.995118],[73.79876,19.995294],[73.797966,19.99542],[73.797601,19.995561],[73.796942,19.995798],[73.796507,19.996433],[73.796244,19.996731],[73.795922,19.996595],[73.795273,19.996065],[73.794426,19.996151],[73.793653,19.99603],[73.793079,19.996252],[73.792977,19.996418],[73.792956,19.996519],[73.792945,19.996544]]]}},{"type":"Feature","properties":{"Name":"MH 15 HH 7410","routeId":474,"fill-opacity":0.03,"stroke-width":1,"stroke-opacity":0.5,"locationConfidence":"verified","locationSource":"NMC waste collection vehicle tracking export, 30 Aug 2026 (RTI)"},"geometry":{"type":"Polygon","coordinates":[[[73.821194,19.987768],[73.819778,19.987445],[73.817675,19.987889],[73.816881,19.988695],[73.815551,19.988534],[73.814886,19.987889],[73.814178,19.987203],[73.812869,19.987243],[73.811903,19.987062],[73.811581,19.986558],[73.811452,19.985005],[73.811753,19.983008],[73.81201,19.982303],[73.812997,19.982605],[73.814843,19.983533],[73.815036,19.982585],[73.815122,19.981173],[73.815422,19.980367],[73.816645,19.980125],[73.817289,19.979984],[73.817611,19.976333],[73.820357,19.975769],[73.822954,19.975527],[73.824606,19.975547],[73.825185,19.976071],[73.825035,19.977503],[73.824885,19.978148],[73.823555,19.978128],[73.820786,19.978774],[73.820143,19.980447],[73.81995,19.983029],[73.82025,19.985227],[73.821044,19.986174],[73.821409,19.987042],[73.821194,19.987768]]]}},{"type":"Feature","properties":{"Name":"MH 15 HH 7411","routeId":473,"fill-opacity":0.03,"stroke-width":1,"stroke-opacity":0.5,"locationConfidence":"verified","locationSource":"NMC waste collection vehicle tracking export, 30 Aug 2026 (RTI)"},"geometry":{"type":"Polygon","coordinates":[[[73.785923,19.999191],[73.788386,19.999905],[73.791241,19.999798],[73.794703,19.999619],[73.796523,19.997228],[73.797915,19.99555],[73.800378,19.996478],[73.800806,19.994979],[73.79688,19.99298],[73.79324,19.993195],[73.789671,19.993944],[73.787707,19.9953],[73.786458,19.997299],[73.785923,19.999191]]]}},{"type":"Feature","properties":{"Name":"MH 15 HH 7413","routeId":464,"fill-opacity":0.03,"stroke-width":1,"stroke-opacity":0.5,"locationConfidence":"verified","locationSource":"NMC waste collection vehicle tracking export, 30 Aug 2026 (RTI)"},"geometry":{"type":"Polygon","coordinates":[[[73.792172,19.975297],[73.793581,19.975354],[73.794381,19.972956],[73.796931,19.972766],[73.798035,19.972023],[73.798987,19.969587],[73.798854,19.96774],[73.795104,19.96755],[73.79103,19.967607],[73.788384,19.967892],[73.788936,19.96932],[73.790117,19.971433],[73.791982,19.971338],[73.792268,19.97307],[73.792172,19.975297]]]}},{"type":"Feature","properties":{"Name":"MH 15 HH 7414","routeId":466,"fill-opacity":0.03,"stroke-width":1,"stroke-opacity":0.5,"locationConfidence":"verified","locationSource":"NMC waste collection vehicle tracking export, 30 Aug 2026 (RTI)"},"geometry":{"type":"Polygon","coordinates":[[[73.81407,19.983593],[73.809532,19.980972],[73.807579,19.979732],[73.809221,19.978582],[73.809274,19.977967],[73.809661,19.976989],[73.811109,19.975557],[73.812836,19.973883],[73.813684,19.973903],[73.814703,19.973127],[73.815293,19.973137],[73.81568,19.97347],[73.814371,19.975728],[73.812976,19.977453],[73.814671,19.977967],[73.816999,19.97829],[73.817707,19.979137],[73.817858,19.980084],[73.817729,19.980326],[73.814671,19.980407],[73.814725,19.981899],[73.814757,19.983442],[73.81407,19.983593]]]}},{"type":"Feature","properties":{"Name":"MH 15 HH 7417","routeId":471,"fill-opacity":0.03,"stroke-width":1,"stroke-opacity":0.5,"locationConfidence":"verified","locationSource":"NMC waste collection vehicle tracking export, 30 Aug 2026 (RTI)"},"geometry":{"type":"Polygon","coordinates":[[[73.780374,19.969544],[73.781088,19.970525],[73.782367,19.969812],[73.784419,19.97225],[73.787334,19.971715],[73.790636,19.971239],[73.789714,19.967729],[73.785758,19.968235],[73.784568,19.965201],[73.784449,19.962257],[73.782159,19.962019],[73.781088,19.964636],[73.779214,19.96535],[73.780939,19.968503],[73.780374,19.969544]]]}},{"type":"Feature","properties":{"Name":"MH 15 HH 7829 G SATPUR","routeId":388,"fill-opacity":0.03,"stroke-width":1,"stroke-opacity":0.5,"locationConfidence":"verified","locationSource":"NMC waste collection vehicle tracking export, 30 Aug 2026 (RTI)"},"geometry":{"type":"Polygon","coordinates":[[[73.708051,19.993178],[73.704661,19.993178],[73.702515,19.993904],[73.702344,19.996324],[73.7017,19.99834],[73.701528,20.00084],[73.700627,20.0033],[73.699769,20.006204],[73.697494,20.006728],[73.69552,20.006002],[73.694104,20.00455],[73.693804,20.006647],[73.695906,20.008422],[73.69758,20.010559],[73.698868,20.012494],[73.70097,20.014873],[73.70303,20.016406],[73.704447,20.018825],[73.705906,20.020881],[73.707794,20.022736],[73.709725,20.024591],[73.7126,20.025397],[73.714875,20.024953],[73.714746,20.022615],[73.716377,20.020881],[73.717536,20.019712],[73.718437,20.018744],[73.719639,20.017857],[73.72157,20.016163],[73.723072,20.014631],[73.724917,20.013502],[73.72412,20.012534],[73.722704,20.011566],[73.721846,20.010115],[73.721031,20.008623],[73.719786,20.00705],[73.719271,20.005155],[73.717125,20.00455],[73.715623,20.004308],[73.713907,20.00459],[73.711546,20.005034],[73.711246,20.00338],[73.711332,20.001324],[73.711203,19.999993],[73.711246,19.998662],[73.711761,19.997291],[73.711932,19.995758],[73.711503,19.994468],[73.710345,19.993581],[73.708051,19.993178]]]}},{"type":"Feature","properties":{"Name":"MH 15 HH 7831 - G","routeId":559,"fill-opacity":0.03,"stroke-width":1,"stroke-opacity":0.5,"locationConfidence":"verified","locationSource":"NMC waste collection vehicle tracking export, 30 Aug 2026 (RTI)"},"geometry":{"type":"Polygon","coordinates":[[[73.708318,19.992871],[73.709691,19.993879],[73.706215,19.992871],[73.703855,19.993193],[73.702524,19.993879],[73.702138,19.996016],[73.702009,19.997952],[73.702095,20.000251],[73.701967,20.00263],[73.701623,20.004969],[73.699477,20.006259],[73.696645,20.00638],[73.695186,20.00509],[73.693083,20.005775],[73.691366,20.005614],[73.689864,20.005251],[73.689349,20.00388],[73.689564,20.00267],[73.689736,20.001823],[73.690379,20.000573],[73.690036,19.999525],[73.688963,19.998274],[73.68892,19.997186],[73.688019,19.996218],[73.687418,19.994766],[73.686774,19.993314],[73.686732,19.991701],[73.686517,19.990007],[73.68656,19.988958],[73.687504,19.988273],[73.688062,19.987547],[73.68759,19.986377],[73.687161,19.985087],[73.687847,19.984199],[73.689006,19.983312],[73.690508,19.982102],[73.692783,19.981457],[73.695229,19.981054],[73.697675,19.980731],[73.700078,19.980368],[73.702567,19.980489],[73.704284,19.980691],[73.707202,19.979965],[73.710939,19.98055],[73.714458,19.982647],[73.717376,19.982123],[73.720037,19.984381],[73.723213,19.985833],[73.725058,19.984785],[73.727976,19.983857],[73.72862,19.985753],[73.730208,19.98781],[73.730551,19.989503],[73.727719,19.989221],[73.724801,19.989342],[73.722269,19.989624],[73.71935,19.991479],[73.717119,19.992649],[73.714158,19.993375],[73.711969,19.993859],[73.71081,19.992931],[73.708318,19.992871]]]}},{"type":"Feature","properties":{"Name":"MH 15 HH 7832 - G","routeId":560,"fill-opacity":0.03,"stroke-width":1,"stroke-opacity":0.5,"locationConfidence":"verified","locationSource":"NMC waste collection vehicle tracking export, 30 Aug 2026 (RTI)"},"geometry":{"type":"Polygon","coordinates":[[[73.711216,20.026292],[73.711463,20.026732],[73.712741,20.028078],[73.714019,20.029425],[73.714578,20.030019],[73.714674,20.030145],[73.714621,20.030242],[73.714932,20.030699],[73.715938,20.030975],[73.716414,20.031019],[73.716592,20.031257],[73.716499,20.031319],[73.716718,20.031737],[73.716891,20.032066],[73.71705,20.03207],[73.717016,20.033428],[73.716909,20.034144],[73.717453,20.034121],[73.717472,20.034466],[73.717946,20.034446],[73.717971,20.034336],[73.718703,20.034372],[73.718929,20.034309],[73.719071,20.034461],[73.719204,20.034514],[73.719695,20.034277],[73.719814,20.034319],[73.719814,20.03444],[73.71994,20.03448],[73.719945,20.034338],[73.720011,20.034282],[73.720185,20.03387],[73.720452,20.033741],[73.720682,20.033562],[73.720891,20.033307],[73.721289,20.032897],[73.721748,20.032414],[73.721917,20.032247],[73.722103,20.032131],[73.722321,20.031875],[73.72238,20.031667],[73.72283,20.030699],[73.722922,20.029588],[73.723002,20.029092],[73.723089,20.028991],[73.723506,20.028682],[73.723808,20.028212],[73.724039,20.027682],[73.724053,20.027623],[73.725233,20.0267],[73.725989,20.025816],[73.726929,20.02472],[73.728387,20.023022],[73.728725,20.022629],[73.730304,20.022106],[73.730857,20.022395],[73.731086,20.022395],[73.73128,20.022449],[73.731629,20.022392],[73.731793,20.022368],[73.73244,20.022467],[73.733379,20.022649],[73.734007,20.022754],[73.734222,20.022691],[73.734614,20.022703],[73.735684,20.022509],[73.736692,20.022326],[73.736999,20.022157],[73.737428,20.021953],[73.737481,20.02194],[73.737754,20.021784],[73.737962,20.021614],[73.738116,20.02154],[73.73874,20.021016],[73.739706,20.020149],[73.740272,20.019551],[73.74083,20.018847],[73.741407,20.018039],[73.741779,20.017629],[73.742257,20.017194],[73.742646,20.016884],[73.743013,20.016605],[73.743267,20.016535],[73.743564,20.016557],[73.744243,20.016703],[73.744798,20.016898],[73.745257,20.017027],[73.745583,20.017288],[73.74625,20.017676],[73.746609,20.017955],[73.746853,20.018312],[73.74707,20.018735],[73.747247,20.019081],[73.747754,20.019537],[73.748363,20.019923],[73.749294,20.020435],[73.749856,20.020698],[73.750782,20.021046],[73.752222,20.021348],[73.753476,20.021421],[73.754863,20.021502],[73.755493,20.021602],[73.75616,20.021758],[73.756729,20.02195],[73.756914,20.022031],[73.757404,20.022185],[73.75903,20.022625],[73.759039,20.022592],[73.759294,20.021408],[73.75943,20.020803],[73.759481,20.019316],[73.759481,20.019302],[73.759152,20.019284],[73.759002,20.018221],[73.758834,20.017023],[73.758834,20.016997],[73.758822,20.015933],[73.758795,20.015606],[73.75875,20.015103],[73.758656,20.014069],[73.758351,20.014128],[73.756139,20.014562],[73.755994,20.01328],[73.755973,20.013099],[73.755912,20.012586],[73.755865,20.01218],[73.75583,20.012055],[73.753594,20.012117],[73.753535,20.011679],[73.753438,20.010604],[73.753193,20.00879],[73.753099,20.00836],[73.752997,20.007893],[73.75284,20.006872],[73.752592,20.004957],[73.752585,20.004901],[73.752556,20.004695],[73.752512,20.00439],[73.75245,20.003943],[73.752437,20.003852],[73.752431,20.003806],[73.752358,20.003275],[73.752255,20.002618],[73.752182,20.002169],[73.752029,20.001275],[73.751917,20.000301],[73.751804,19.99933],[73.751796,19.999266],[73.751517,19.997114],[73.751251,19.995712],[73.751069,19.994913],[73.750993,19.994195],[73.750889,19.993183],[73.74946,19.992915],[73.749648,19.992684],[73.749664,19.992604],[73.74941,19.991472],[73.749278,19.990883],[73.749218,19.990322],[73.74921,19.99025],[73.749409,19.989726],[73.749685,19.9888],[73.749446,19.988499],[73.749248,19.988318],[73.748976,19.98831],[73.748317,19.988495],[73.747549,19.988568],[73.746478,19.98864],[73.745374,19.989138],[73.745279,19.989136],[73.745257,19.989124],[73.745222,19.989121],[73.745156,19.989073],[73.745135,19.989062],[73.74441,19.988532],[73.744356,19.988492],[73.743901,19.988168],[73.743562,19.987905],[73.743373,19.987749],[73.743238,19.987708],[73.743123,19.98768],[73.742926,19.987723],[73.742663,19.987838],[73.742485,19.988101],[73.742395,19.988205],[73.742305,19.988309],[73.742156,19.988407],[73.742146,19.988415],[73.74214,19.988417],[73.742072,19.988461],[73.741906,19.988494],[73.741556,19.988494],[73.74106,19.988494],[73.740574,19.988494],[73.740323,19.988459],[73.740216,19.988455],[73.739805,19.988413],[73.739016,19.988435],[73.738887,19.988427],[73.738868,19.988427],[73.737976,19.988371],[73.737937,19.988369],[73.737622,19.988332],[73.737255,19.988266],[73.736709,19.988074],[73.736461,19.98784],[73.736455,19.987811],[73.736439,19.987795],[73.736436,19.987723],[73.736419,19.987641],[73.736429,19.987557],[73.736427,19.987493],[73.73645,19.987394],[73.736457,19.987341],[73.736497,19.987111],[73.736469,19.987047],[73.736423,19.986982],[73.73634,19.986925],[73.736238,19.986946],[73.73609,19.98699],[73.735762,19.987168],[73.735451,19.987426],[73.735221,19.987533],[73.734735,19.987761],[73.734586,19.98783],[73.734506,19.987868],[73.734053,19.988011],[73.73378,19.988104],[73.733504,19.988173],[73.733051,19.988308],[73.732799,19.988399],[73.732651,19.988426],[73.732304,19.988521],[73.732082,19.988602],[73.731675,19.988693],[73.731637,19.988704],[73.731631,19.988703],[73.731597,19.988711],[73.731341,19.988674],[73.731204,19.988596],[73.731058,19.988513],[73.730414,19.988241],[73.730365,19.988214],[73.730359,19.988211],[73.730392,19.988091],[73.730135,19.987994],[73.728667,19.98761],[73.728114,19.987301],[73.727561,19.986993],[73.727434,19.986778],[73.727387,19.986118],[73.727375,19.985913],[73.727363,19.985709],[73.727445,19.985297],[73.728019,19.984982],[73.72833,19.98493],[73.728579,19.984776],[73.728602,19.984636],[73.728488,19.984407],[73.728015,19.984183],[73.727818,19.98409],[73.726802,19.984209],[73.726168,19.984135],[73.725276,19.983781],[73.724947,19.983517],[73.724487,19.983238],[73.724236,19.984016],[73.723833,19.985338],[73.72381,19.985489],[73.723799,19.98569],[73.723499,19.985906],[73.723499,19.985907],[73.7216,19.985088],[73.721416,19.985009],[73.719688,19.984255],[73.7185,19.983652],[73.717975,19.983352],[73.717867,19.983105],[73.717457,19.982698],[73.717217,19.982469],[73.716524,19.982018],[73.715585,19.981778],[73.714672,19.981588],[73.713926,19.981581],[73.713437,19.981509],[73.713141,19.981538],[73.712802,19.981538],[73.712705,19.981315],[73.712739,19.98109],[73.712852,19.980877],[73.712908,19.980621],[73.712909,19.980372],[73.712812,19.980175],[73.712578,19.98005],[73.712363,19.979997],[73.712001,19.980051],[73.711483,19.980083],[73.710865,19.980016],[73.710594,19.980023],[73.710579,19.980329],[73.709893,19.979834],[73.709466,19.979646],[73.708956,19.979552],[73.708447,19.979459],[73.70845,19.980402],[73.708184,19.9805],[73.707761,19.98055],[73.707405,19.980589],[73.706859,19.980707],[73.706552,19.980744],[73.706006,19.980633],[73.705378,19.980472],[73.705079,19.980477],[73.704797,19.980618],[73.704638,19.980885],[73.704455,19.981109],[73.704192,19.98115],[73.703981,19.9811],[73.703657,19.980891],[73.703554,19.980899],[73.703094,19.980594],[73.702804,19.980378],[73.702584,19.980398],[73.702289,19.980555],[73.701991,19.980555],[73.701508,19.980485],[73.700985,19.980151],[73.70076,19.980161],[73.700611,19.980077],[73.700316,19.980082],[73.700261,19.98029],[73.700452,19.980641],[73.700664,19.981039],[73.700687,19.98115],[73.700512,19.981337],[73.700244,19.981477],[73.69994,19.981449],[73.699565,19.981467],[73.698931,19.981491],[73.698635,19.981432],[73.698338,19.981297],[73.697941,19.981106],[73.697814,19.981074],[73.697491,19.981069],[73.696995,19.981272],[73.696467,19.981488],[73.695767,19.981671],[73.695246,19.981808],[73.694682,19.982053],[73.694235,19.982327],[73.693866,19.982491],[73.693582,19.982614],[73.693361,19.982699],[73.693116,19.982699],[73.692886,19.982484],[73.692627,19.981901],[73.692581,19.981544],[73.692702,19.981367],[73.692848,19.981259],[73.692921,19.981185],[73.692902,19.981072],[73.692776,19.980969],[73.69262,19.980968],[73.692262,19.981102],[73.691984,19.981251],[73.691503,19.981376],[73.691056,19.981476],[73.690896,19.981566],[73.690972,19.982097],[73.690964,19.982237],[73.690848,19.98246],[73.690695,19.982508],[73.690585,19.982568],[73.690318,19.982564],[73.690251,19.982577],[73.690242,19.982813],[73.689957,19.983216],[73.689631,19.983539],[73.689309,19.983618],[73.689242,19.983609],[73.689056,19.983989],[73.688879,19.984388],[73.688212,19.984579],[73.688184,19.984585],[73.688134,19.984599],[73.688086,19.984613],[73.688037,19.984627],[73.687959,19.984648],[73.687861,19.984676],[73.687745,19.984708],[73.687694,19.984721],[73.687667,19.98473],[73.687637,19.984739],[73.687609,19.984746],[73.687588,19.984753],[73.68756,19.98476],[73.68754,19.984763],[73.687539,19.984809],[73.687536,19.984809],[73.687532,19.984886],[73.687532,19.984949],[73.687529,19.984949],[73.687525,19.985024],[73.687525,19.985089],[73.687522,19.985089],[73.68752,19.98513],[73.687518,19.985222],[73.687515,19.985222],[73.687511,19.985301],[73.687512,19.985361],[73.687508,19.985363],[73.687505,19.98542],[73.687505,19.985502],[73.687501,19.985502],[73.687498,19.985555],[73.687498,19.985635],[73.687494,19.985635],[73.68749,19.98571],[73.68749,19.985711],[73.68749,19.985775],[73.687487,19.985778],[73.687482,19.985861],[73.687483,19.985908],[73.68748,19.985908],[73.687475,19.985998],[73.687478,19.986038],[73.687509,19.986068],[73.687557,19.986121],[73.687678,19.986257],[73.687799,19.986391],[73.687812,19.986412],[73.687819,19.986432],[73.68784,19.986503],[73.687855,19.986545],[73.687876,19.986607],[73.687889,19.986648],[73.687896,19.986671],[73.68791,19.986718],[73.687924,19.986762],[73.687939,19.986805],[73.687953,19.986846],[73.687959,19.986867],[73.687966,19.986887],[73.687973,19.986908],[73.688002,19.986999],[73.688022,19.987062],[73.688036,19.987105],[73.68805,19.987147],[73.688085,19.987259],[73.6881,19.987301],[73.688113,19.987342],[73.688127,19.987385],[73.688148,19.987455],[73.688162,19.987496],[73.688177,19.987539],[73.688191,19.987581],[73.688205,19.987623],[73.688225,19.987693],[73.688238,19.987791],[73.688239,19.988],[73.688232,19.988258],[73.688225,19.988518],[73.688221,19.988775],[73.688215,19.988778],[73.68763,19.989791],[73.687513,19.991218],[73.687512,19.991278],[73.687497,19.991402],[73.687441,19.991572],[73.687385,19.991739],[73.687322,19.991928],[73.687282,19.992036],[73.687028,19.992343],[73.686797,19.992621],[73.687205,19.994174],[73.687994,19.996358],[73.687966,19.996893],[73.688465,19.997483],[73.688963,19.998074],[73.688972,19.998087],[73.689085,19.998341],[73.689233,19.998682],[73.689261,19.998746],[73.689286,19.998804],[73.689303,19.998843],[73.68931,19.998858],[73.689318,19.998879],[73.689324,19.998893],[73.689331,19.998907],[73.689352,19.998956],[73.689359,19.99897],[73.689366,19.998991],[73.689373,19.999005],[73.68938,19.999019],[73.689387,19.999033],[73.689395,19.999054],[73.689401,19.999068],[73.689408,19.999082],[73.689415,19.999103],[73.689422,19.999116],[73.689429,19.999131],[73.689437,19.999145],[73.689443,19.999166],[73.689457,19.999194],[73.689464,19.999215],[73.689471,19.999229],[73.689478,19.999243],[73.689485,19.999257],[73.689493,19.999278],[73.689534,19.999369],[73.689562,19.999439],[73.689591,19.999501],[73.689626,19.999579],[73.689653,19.999642],[73.689675,19.999691],[73.689688,19.999726],[73.689709,19.999774],[73.689723,19.999802],[73.689725,19.999816],[73.689727,19.99982],[73.689725,19.999853],[73.689723,20.000005],[73.689716,20.000202],[73.689709,20.000391],[73.689703,20.000587],[73.689694,20.000783],[73.689688,20.000971],[73.689674,20.001363],[73.689662,20.001685],[73.689639,20.001999],[73.689615,20.002611],[73.689573,20.003553],[73.690596,20.00421],[73.690792,20.004338],[73.691437,20.004724],[73.691515,20.004752],[73.693254,20.005259],[73.694858,20.004539],[73.694924,20.004967],[73.695664,20.006486],[73.696068,20.007066],[73.696388,20.007704],[73.696837,20.008979],[73.69724,20.010112],[73.697817,20.011293],[73.698393,20.012474],[73.699235,20.013516],[73.699448,20.013779],[73.700245,20.014307],[73.701051,20.014983],[73.701786,20.015628],[73.702286,20.015916],[73.702776,20.016461],[73.702891,20.016604],[73.703319,20.017502],[73.703852,20.018547],[73.705452,20.019998],[73.706749,20.021246],[73.707563,20.022083],[73.708594,20.023327],[73.709834,20.024669],[73.711074,20.02601],[73.711216,20.026292]]]}},{"type":"Feature","properties":{"Name":"MH 15 HH 7833 - G","routeId":407,"fill-opacity":0.03,"stroke-width":1,"stroke-opacity":0.5,"locationConfidence":"verified","locationSource":"NMC waste collection vehicle tracking export, 30 Aug 2026 (RTI)"},"geometry":{"type":"Polygon","coordinates":[[[73.773515,20.009248],[73.772743,20.007433],[73.772571,20.01195],[73.77064,20.014813],[73.768022,20.019369],[73.764117,20.021627],[73.758967,20.022272],[73.752229,20.020538],[73.748324,20.018442],[73.744462,20.014692],[73.739183,20.017756],[73.738946,20.021345],[73.741694,20.023974],[73.743496,20.030426],[73.747444,20.035102],[73.750148,20.040666],[73.753324,20.046794],[73.754855,20.052118],[73.755284,20.059938],[73.75537,20.065904],[73.765841,20.07445],[73.776827,20.080415],[73.777514,20.06671],[73.782836,20.057521],[73.790818,20.049617],[73.793221,20.043489],[73.793908,20.03478],[73.790818,20.033006],[73.787728,20.029297],[73.788415,20.025265],[73.788415,20.023329],[73.786183,20.02091],[73.788758,20.015103],[73.783265,20.009458],[73.773515,20.009248]]]}},{"type":"Feature","properties":{"Name":"MH 15 HH 7841","routeId":624,"fill-opacity":0.03,"stroke-width":1,"stroke-opacity":0.5,"locationConfidence":"verified","locationSource":"NMC waste collection vehicle tracking export, 30 Aug 2026 (RTI)"},"geometry":{"type":"Polygon","coordinates":[[[73.752525,19.989564],[73.752704,19.989486],[73.753048,19.989365],[73.753453,19.989224],[73.753493,19.989228],[73.753739,19.989252],[73.754134,19.98929],[73.75528,19.989173],[73.755341,19.989165],[73.756057,19.989093],[73.756313,19.988966],[73.756393,19.988856],[73.756149,19.988602],[73.755936,19.988365],[73.755884,19.988245],[73.755598,19.987556],[73.75546,19.987411],[73.755148,19.987233],[73.754942,19.987039],[73.754986,19.986714],[73.755182,19.986215],[73.754392,19.985307],[73.754057,19.984933],[73.753615,19.984544],[73.752774,19.985212],[73.752624,19.984979],[73.751981,19.98523],[73.751878,19.984722],[73.752678,19.98472],[73.752711,19.984422],[73.753575,19.984423],[73.753683,19.984125],[73.752835,19.983744],[73.752554,19.983146],[73.752184,19.983165],[73.751895,19.983024],[73.75174,19.982609],[73.751284,19.982566],[73.751017,19.982381],[73.75081,19.981866],[73.7507,19.981306],[73.750869,19.981053],[73.750624,19.980565],[73.750333,19.980212],[73.750188,19.980018],[73.750155,19.979714],[73.749935,19.97956],[73.749867,19.979495],[73.749722,19.979362],[73.749259,19.979007],[73.749,19.978691],[73.748995,19.97868],[73.748955,19.97863],[73.74893,19.978544],[73.748889,19.978459],[73.747896,19.978501],[73.747156,19.978625],[73.747157,19.978758],[73.74701,19.97879],[73.745998,19.978908],[73.745968,19.978912],[73.745967,19.979095],[73.74524,19.979186],[73.744486,19.97928],[73.744473,19.979282],[73.744429,19.9792],[73.743821,19.979077],[73.743696,19.97888],[73.743696,19.978878],[73.743667,19.978663],[73.743467,19.978511],[73.743349,19.978252],[73.743341,19.978048],[73.743241,19.977638],[73.742779,19.97686],[73.742452,19.976461],[73.742171,19.975965],[73.741785,19.975423],[73.741796,19.974244],[73.741532,19.973549],[73.741448,19.973445],[73.741199,19.97325],[73.740174,19.972736],[73.740171,19.972734],[73.740167,19.972732],[73.739712,19.972395],[73.739636,19.971933],[73.739581,19.9716],[73.7391,19.970405],[73.7391,19.970404],[73.738936,19.970393],[73.738902,19.97037],[73.738289,19.969956],[73.737948,19.969788],[73.737188,19.969436],[73.736324,19.969308],[73.73607,19.96942],[73.735543,19.969266],[73.735466,19.969129],[73.735384,19.968508],[73.735226,19.968288],[73.734481,19.967777],[73.73444,19.967749],[73.733784,19.966951],[73.733753,19.966821],[73.733433,19.965162],[73.733392,19.964919],[73.732308,19.964623],[73.732303,19.964613],[73.732262,19.964601],[73.732055,19.963882],[73.732051,19.963869],[73.732002,19.963883],[73.731589,19.963996],[73.730124,19.9644],[73.729843,19.96448],[73.728588,19.96486],[73.728484,19.964866],[73.727539,19.96492],[73.726696,19.965014],[73.726517,19.965122],[73.726047,19.965473],[73.725826,19.965583],[73.725334,19.965726],[73.725248,19.965762],[73.725011,19.965575],[73.724937,19.965408],[73.724841,19.965227],[73.724753,19.965267],[73.724736,19.965633],[73.724547,19.965961],[73.723535,19.966171],[73.722604,19.966363],[73.722404,19.966405],[73.721121,19.966556],[73.720987,19.966574],[73.719221,19.967093],[73.71796,19.967435],[73.716078,19.967696],[73.715189,19.96789],[73.714848,19.968022],[73.714191,19.968306],[73.713873,19.968522],[73.714418,19.968744],[73.714692,19.969163],[73.71506,19.969582],[73.715943,19.970632],[73.716315,19.970988],[73.716686,19.971608],[73.716958,19.972061],[73.717138,19.972359],[73.717215,19.974416],[73.717655,19.97533],[73.717812,19.975509],[73.717873,19.97558],[73.717971,19.97568],[73.718025,19.975741],[73.718026,19.975759],[73.717952,19.975818],[73.717804,19.975887],[73.717734,19.975986],[73.71781,19.976208],[73.717874,19.976396],[73.7179,19.977119],[73.71795,19.9773],[73.717948,19.977731],[73.717877,19.978083],[73.717888,19.978611],[73.718012,19.979094],[73.717852,19.979331],[73.717857,19.979386],[73.717745,19.979683],[73.718189,19.980212],[73.718381,19.980825],[73.718362,19.980999],[73.718147,19.981216],[73.717791,19.981325],[73.717171,19.981387],[73.717087,19.981481],[73.717092,19.981684],[73.717269,19.981876],[73.717217,19.982469],[73.717223,19.982473],[73.717457,19.982698],[73.717859,19.983086],[73.717867,19.983105],[73.717975,19.983352],[73.719688,19.984255],[73.7216,19.985088],[73.723499,19.985906],[73.72378,19.985679],[73.72381,19.985489],[73.723814,19.9854],[73.724138,19.984313],[73.724487,19.983238],[73.724947,19.983517],[73.725276,19.983781],[73.726168,19.984135],[73.726802,19.984209],[73.727818,19.98409],[73.728015,19.984183],[73.728488,19.984407],[73.728602,19.984636],[73.728579,19.984776],[73.72833,19.98493],[73.728019,19.984982],[73.727445,19.985297],[73.727363,19.985709],[73.727375,19.985913],[73.727434,19.986778],[73.727561,19.986993],[73.728114,19.987301],[73.728667,19.98761],[73.729454,19.987814],[73.730135,19.987994],[73.730392,19.988091],[73.730359,19.988211],[73.730365,19.988214],[73.730453,19.988253],[73.731058,19.988513],[73.731204,19.988596],[73.731341,19.988674],[73.731631,19.988703],[73.731675,19.988693],[73.732304,19.988521],[73.732479,19.988457],[73.732651,19.988426],[73.733051,19.988308],[73.733229,19.988243],[73.733504,19.988173],[73.734586,19.98783],[73.735399,19.987447],[73.735762,19.987168],[73.736051,19.987],[73.736222,19.98695],[73.736238,19.986946],[73.736332,19.986919],[73.73634,19.986925],[73.736406,19.986959],[73.736423,19.986982],[73.736449,19.987],[73.736469,19.987047],[73.736501,19.98709],[73.736497,19.987111],[73.73651,19.987139],[73.73645,19.987394],[73.736429,19.987557],[73.736436,19.987723],[73.736455,19.987811],[73.736709,19.988074],[73.737255,19.988266],[73.737976,19.988371],[73.738887,19.988427],[73.739625,19.988413],[73.739805,19.988413],[73.739984,19.988413],[73.740323,19.988459],[73.74112,19.988494],[73.741556,19.988494],[73.741906,19.988494],[73.74214,19.988417],[73.742156,19.988407],[73.742395,19.988205],[73.742663,19.987838],[73.742847,19.987741],[73.742926,19.987723],[73.743076,19.987658],[73.743238,19.987708],[73.743358,19.987737],[73.743373,19.987749],[73.743786,19.988055],[73.74441,19.988532],[73.745156,19.989073],[73.745257,19.989124],[73.745374,19.989138],[73.746478,19.98864],[73.746512,19.988624],[73.747356,19.988571],[73.747773,19.988539],[73.748317,19.988495],[73.748976,19.98831],[73.749248,19.988318],[73.749446,19.988499],[73.749504,19.988551],[73.749685,19.988798],[73.749685,19.9888],[73.74972,19.988845],[73.750174,19.989157],[73.750607,19.989404],[73.750622,19.989408],[73.751122,19.989493],[73.751329,19.989506],[73.751728,19.98957],[73.752525,19.989564]]]}},{"type":"Feature","properties":{"Name":"MH 15 HH 7842","routeId":416,"fill-opacity":0.03,"stroke-width":1,"stroke-opacity":0.5,"locationConfidence":"verified","locationSource":"NMC waste collection vehicle tracking export, 30 Aug 2026 (RTI)"},"geometry":{"type":"Polygon","coordinates":[[[73.718166,20.005283],[73.719819,20.005733],[73.720738,20.005983],[73.720884,20.004711],[73.720885,20.004711],[73.721658,20.005269],[73.722012,20.00543],[73.723182,20.005963],[73.72335,20.005342],[73.723381,20.005344],[73.723382,20.005342],[73.724836,20.005432],[73.724867,20.005434],[73.725844,20.00564],[73.725957,20.005675],[73.726088,20.005715],[73.726608,20.005854],[73.726935,20.005971],[73.727263,20.006089],[73.727727,20.006271],[73.727995,20.005411],[73.728513,20.003696],[73.728515,20.003692],[73.729269,20.003646],[73.730374,20.003646],[73.731387,20.00357],[73.731417,20.003887],[73.731545,20.004018],[73.731651,20.004693],[73.731298,20.004751],[73.731436,20.00565],[73.732924,20.005566],[73.734411,20.005479],[73.734589,20.006303],[73.73541,20.005994],[73.736308,20.005657],[73.737724,20.005657],[73.737753,20.005339],[73.737754,20.005324],[73.738132,20.005263],[73.738673,20.005182],[73.738693,20.00518],[73.739827,20.00499],[73.740781,20.004812],[73.7406,20.003616],[73.74051,20.003026],[73.741276,20.002943],[73.742165,20.002872],[73.74225,20.002874],[73.743078,20.002894],[73.743821,20.002891],[73.744758,20.002823],[73.745901,20.002797],[73.746869,20.002769],[73.748243,20.002693],[73.749011,20.002649],[73.749779,20.002606],[73.749901,20.002545],[73.751551,20.002278],[73.752182,20.002169],[73.752029,20.001275],[73.751917,20.000301],[73.751804,19.99933],[73.751796,19.999266],[73.751517,19.997114],[73.751251,19.995712],[73.751069,19.994913],[73.750993,19.994195],[73.750889,19.993183],[73.74946,19.992915],[73.749648,19.992684],[73.749664,19.992604],[73.74941,19.991472],[73.749278,19.990883],[73.749218,19.990322],[73.74921,19.99025],[73.749409,19.989726],[73.749685,19.9888],[73.749446,19.988499],[73.749248,19.988318],[73.748976,19.98831],[73.748317,19.988495],[73.747549,19.988568],[73.746478,19.98864],[73.745374,19.989138],[73.745279,19.989136],[73.745257,19.989124],[73.745222,19.989121],[73.745156,19.989073],[73.745135,19.989062],[73.74441,19.988532],[73.744356,19.988492],[73.743901,19.988168],[73.743562,19.987905],[73.743373,19.987749],[73.743238,19.987708],[73.743123,19.98768],[73.742926,19.987723],[73.742663,19.987838],[73.742485,19.988101],[73.742395,19.988205],[73.742305,19.988309],[73.742156,19.988407],[73.742146,19.988415],[73.74214,19.988417],[73.742072,19.988461],[73.741906,19.988494],[73.741556,19.988494],[73.74106,19.988494],[73.740574,19.988494],[73.740323,19.988459],[73.740216,19.988455],[73.739805,19.988413],[73.739016,19.988435],[73.738887,19.988427],[73.738868,19.988427],[73.737976,19.988371],[73.737937,19.988369],[73.737622,19.988332],[73.737255,19.988266],[73.736709,19.988074],[73.736461,19.98784],[73.736455,19.987811],[73.736439,19.987795],[73.736436,19.987723],[73.736419,19.987641],[73.736429,19.987557],[73.736427,19.987493],[73.73645,19.987394],[73.736457,19.987341],[73.736497,19.987111],[73.736469,19.987047],[73.736423,19.986982],[73.73634,19.986925],[73.736238,19.986946],[73.73609,19.98699],[73.735762,19.987168],[73.735451,19.987426],[73.735221,19.987533],[73.734735,19.987761],[73.734586,19.98783],[73.734506,19.987868],[73.734053,19.988011],[73.73378,19.988104],[73.733504,19.988173],[73.733051,19.988308],[73.732799,19.988399],[73.732651,19.988426],[73.732304,19.988521],[73.732082,19.988602],[73.731675,19.988693],[73.731637,19.988704],[73.731631,19.988703],[73.731597,19.988711],[73.731341,19.988674],[73.731204,19.988596],[73.731058,19.988513],[73.730414,19.988241],[73.730365,19.988214],[73.730359,19.988211],[73.730135,19.98869],[73.730803,19.989008],[73.730488,19.989408],[73.730761,19.98955],[73.730759,19.990087],[73.728768,19.989572],[73.727622,19.989992],[73.727501,19.990037],[73.7275,19.990037],[73.72693,19.990205],[73.726764,19.990252],[73.726716,19.990266],[73.726689,19.990273],[73.726676,19.989364],[73.725974,19.989381],[73.725772,19.989387],[73.724233,19.989428],[73.723781,19.989437],[73.723477,19.989451],[73.721673,19.989467],[73.721324,19.98946],[73.721307,19.98946],[73.720983,19.990445],[73.720688,19.991398],[73.720761,19.99141],[73.720746,19.991484],[73.720729,19.991566],[73.720721,19.991602],[73.71959,19.99143],[73.719631,19.991178],[73.71934,19.991178],[73.719056,19.99114],[73.7183,19.991072],[73.718274,19.991071],[73.717961,19.991067],[73.717155,19.991038],[73.717009,19.991688],[73.7169,19.991732],[73.716998,19.992736],[73.715928,19.992784],[73.715837,19.993265],[73.715837,19.993266],[73.715104,19.993172],[73.714885,19.993143],[73.714035,19.993072],[73.714016,19.99307],[73.713895,19.993063],[73.712587,19.992941],[73.712584,19.992941],[73.712654,19.992373],[73.712473,19.9923],[73.712457,19.992247],[73.712404,19.992142],[73.712009,19.992066],[73.711736,19.992595],[73.71148,19.993128],[73.711457,19.993739],[73.711498,19.994322],[73.711513,19.994481],[73.711534,19.995398],[73.711539,19.996358],[73.71154,19.998015],[73.711541,19.998822],[73.711542,19.999629],[73.711542,19.999919],[73.711517,20.00206],[73.711512,20.003379],[73.711513,20.004663],[73.711566,20.005233],[73.711595,20.005239],[73.712037,20.005333],[73.713996,20.005676],[73.714631,20.005771],[73.716013,20.005992],[73.718409,20.006376],[73.718012,20.005241],[73.718166,20.005283]]]}},{"type":"Feature","properties":{"Name":"MH 15 HH 7843","routeId":417,"fill-opacity":0.03,"stroke-width":1,"stroke-opacity":0.5,"locationConfidence":"verified","locationSource":"NMC waste collection vehicle tracking export, 30 Aug 2026 (RTI)"},"geometry":{"type":"Polygon","coordinates":[[[73.712224,20.026223],[73.712252,20.02622],[73.712811,20.025879],[73.713451,20.025296],[73.713594,20.025166],[73.713602,20.025159],[73.714583,20.02418],[73.714596,20.024166],[73.714806,20.023193],[73.714843,20.022832],[73.715239,20.020981],[73.715239,20.02098],[73.715393,20.0207],[73.715674,20.020446],[73.716249,20.020284],[73.716557,20.020117],[73.716789,20.019945],[73.718195,20.018905],[73.718304,20.018824],[73.718318,20.018813],[73.718513,20.018669],[73.71853,20.018657],[73.718564,20.018642],[73.718728,20.018556],[73.720077,20.017321],[73.720956,20.016539],[73.721547,20.015965],[73.721771,20.015741],[73.722127,20.015478],[73.72257,20.015086],[73.722828,20.014862],[73.722868,20.014827],[73.72287,20.014826],[73.722914,20.014787],[73.723137,20.014652],[73.723129,20.014607],[73.723125,20.014581],[73.72383,20.014116],[73.724523,20.013597],[73.724514,20.013567],[73.724158,20.013178],[73.723981,20.012502],[73.72398,20.012501],[73.722501,20.011176],[73.721885,20.010336],[73.721622,20.010163],[73.721621,20.010163],[73.72149,20.008975],[73.721481,20.008894],[73.721689,20.007539],[73.720268,20.007059],[73.720354,20.005879],[73.718166,20.005283],[73.718012,20.005241],[73.718414,20.006376],[73.718409,20.006376],[73.716102,20.006026],[73.713996,20.005676],[73.71379,20.005646],[73.712723,20.005487],[73.711595,20.005239],[73.711566,20.005233],[73.711508,20.004699],[73.711512,20.003379],[73.711517,20.00206],[73.711542,19.999629],[73.711541,19.998822],[73.711537,19.996237],[73.711498,19.994322],[73.710421,19.99445],[73.709929,19.994476],[73.709218,19.994494],[73.709215,19.994494],[73.708944,19.994452],[73.708914,19.994448],[73.709037,19.993986],[73.709033,19.993986],[73.706921,19.993946],[73.706173,19.993901],[73.705835,19.99389],[73.705816,19.993888],[73.705745,19.993886],[73.705048,19.993802],[73.704976,19.994471],[73.704613,19.994464],[73.70394,19.994402],[73.703267,19.994341],[73.703267,19.99434],[73.703382,19.99391],[73.702783,19.993785],[73.702782,19.993789],[73.702605,19.994703],[73.70259,19.994779],[73.702433,19.995713],[73.702411,19.996331],[73.702408,19.996458],[73.702404,19.9965],[73.702401,19.996599],[73.702389,19.996698],[73.702373,19.996896],[73.702235,19.99794],[73.702235,19.997947],[73.702155,19.998655],[73.702053,19.999555],[73.701906,20.001303],[73.701669,20.004161],[73.70159,20.005134],[73.701579,20.00527],[73.700038,20.005532],[73.698505,20.005793],[73.697591,20.00548],[73.696678,20.005167],[73.694858,20.004539],[73.694924,20.004967],[73.695664,20.006486],[73.696068,20.007066],[73.696388,20.007704],[73.696837,20.008979],[73.69724,20.010112],[73.697817,20.011293],[73.698393,20.012474],[73.699235,20.013516],[73.699448,20.013779],[73.700245,20.014307],[73.701051,20.014983],[73.701786,20.015628],[73.702286,20.015916],[73.702776,20.016461],[73.702891,20.016604],[73.703319,20.017502],[73.703852,20.018547],[73.705452,20.019998],[73.706749,20.021246],[73.707563,20.022083],[73.708594,20.023327],[73.709834,20.024669],[73.711074,20.02601],[73.711216,20.026292],[73.712224,20.026223]]]}},{"type":"Feature","properties":{"Name":"MH 15 HH 7845 - G","routeId":562,"fill-opacity":0.03,"stroke-width":1,"stroke-opacity":0.5,"locationConfidence":"verified","locationSource":"NMC waste collection vehicle tracking export, 30 Aug 2026 (RTI)"},"geometry":{"type":"Polygon","coordinates":[[[73.718166,20.005283],[73.719819,20.005733],[73.720738,20.005983],[73.720884,20.004711],[73.720885,20.004711],[73.721658,20.005269],[73.722012,20.00543],[73.723182,20.005963],[73.72335,20.005342],[73.723381,20.005344],[73.723382,20.005342],[73.724836,20.005432],[73.724867,20.005434],[73.725844,20.00564],[73.725957,20.005675],[73.726088,20.005715],[73.726608,20.005854],[73.726935,20.005971],[73.727263,20.006089],[73.727727,20.006271],[73.727995,20.005411],[73.728513,20.003696],[73.728515,20.003692],[73.729269,20.003646],[73.730374,20.003646],[73.731387,20.00357],[73.731417,20.003887],[73.731545,20.004018],[73.731651,20.004693],[73.731298,20.004751],[73.731436,20.00565],[73.732924,20.005566],[73.734411,20.005479],[73.734589,20.006303],[73.73541,20.005994],[73.736308,20.005657],[73.737724,20.005657],[73.737753,20.005339],[73.737754,20.005324],[73.738132,20.005263],[73.738673,20.005182],[73.738693,20.00518],[73.739827,20.00499],[73.740781,20.004812],[73.7406,20.003616],[73.74051,20.003026],[73.741276,20.002943],[73.742165,20.002872],[73.74225,20.002874],[73.743078,20.002894],[73.743821,20.002891],[73.744758,20.002823],[73.745901,20.002797],[73.746869,20.002769],[73.748243,20.002693],[73.749011,20.002649],[73.749779,20.002606],[73.749901,20.002545],[73.751551,20.002278],[73.752182,20.002169],[73.752029,20.001275],[73.751917,20.000301],[73.751804,19.99933],[73.751796,19.999266],[73.751517,19.997114],[73.751251,19.995712],[73.751069,19.994913],[73.750993,19.994195],[73.750889,19.993183],[73.74946,19.992915],[73.749648,19.992684],[73.749664,19.992604],[73.74941,19.991472],[73.749278,19.990883],[73.749218,19.990322],[73.74921,19.99025],[73.749409,19.989726],[73.749685,19.9888],[73.749446,19.988499],[73.749248,19.988318],[73.748976,19.98831],[73.748317,19.988495],[73.747549,19.988568],[73.746478,19.98864],[73.745374,19.989138],[73.745279,19.989136],[73.745257,19.989124],[73.745222,19.989121],[73.745156,19.989073],[73.745135,19.989062],[73.74441,19.988532],[73.744356,19.988492],[73.743901,19.988168],[73.743562,19.987905],[73.743373,19.987749],[73.743238,19.987708],[73.743123,19.98768],[73.742926,19.987723],[73.742663,19.987838],[73.742485,19.988101],[73.742395,19.988205],[73.742305,19.988309],[73.742156,19.988407],[73.742146,19.988415],[73.74214,19.988417],[73.742072,19.988461],[73.741906,19.988494],[73.741556,19.988494],[73.74106,19.988494],[73.740574,19.988494],[73.740323,19.988459],[73.740216,19.988455],[73.739805,19.988413],[73.739016,19.988435],[73.738887,19.988427],[73.738868,19.988427],[73.737976,19.988371],[73.737937,19.988369],[73.737622,19.988332],[73.737255,19.988266],[73.736709,19.988074],[73.736461,19.98784],[73.736455,19.987811],[73.736439,19.987795],[73.736436,19.987723],[73.736419,19.987641],[73.736429,19.987557],[73.736427,19.987493],[73.73645,19.987394],[73.736457,19.987341],[73.736497,19.987111],[73.736469,19.987047],[73.736423,19.986982],[73.73634,19.986925],[73.736238,19.986946],[73.73609,19.98699],[73.735762,19.987168],[73.735451,19.987426],[73.735221,19.987533],[73.734735,19.987761],[73.734586,19.98783],[73.734506,19.987868],[73.734053,19.988011],[73.73378,19.988104],[73.733504,19.988173],[73.733051,19.988308],[73.732799,19.988399],[73.732651,19.988426],[73.732304,19.988521],[73.732082,19.988602],[73.731675,19.988693],[73.731637,19.988704],[73.731631,19.988703],[73.731597,19.988711],[73.731341,19.988674],[73.731204,19.988596],[73.731058,19.988513],[73.730414,19.988241],[73.730365,19.988214],[73.730359,19.988211],[73.730135,19.98869],[73.730803,19.989008],[73.730488,19.989408],[73.730761,19.98955],[73.730759,19.990087],[73.728768,19.989572],[73.727622,19.989992],[73.727501,19.990037],[73.7275,19.990037],[73.72693,19.990205],[73.726764,19.990252],[73.726716,19.990266],[73.726689,19.990273],[73.726676,19.989364],[73.725974,19.989381],[73.725772,19.989387],[73.724233,19.989428],[73.723781,19.989437],[73.723477,19.989451],[73.721673,19.989467],[73.721324,19.98946],[73.721307,19.98946],[73.720983,19.990445],[73.720688,19.991398],[73.720761,19.99141],[73.720746,19.991484],[73.720729,19.991566],[73.720721,19.991602],[73.71959,19.99143],[73.719631,19.991178],[73.71934,19.991178],[73.719056,19.99114],[73.7183,19.991072],[73.718274,19.991071],[73.717961,19.991067],[73.717155,19.991038],[73.717009,19.991688],[73.7169,19.991732],[73.716998,19.992736],[73.715928,19.992784],[73.715837,19.993265],[73.715837,19.993266],[73.715104,19.993172],[73.714885,19.993143],[73.714035,19.993072],[73.714016,19.99307],[73.713895,19.993063],[73.712587,19.992941],[73.712584,19.992941],[73.712654,19.992373],[73.712473,19.9923],[73.712457,19.992247],[73.712404,19.992142],[73.712009,19.992066],[73.711736,19.992595],[73.71148,19.993128],[73.711457,19.993739],[73.711498,19.994322],[73.711513,19.994481],[73.711534,19.995398],[73.711539,19.996358],[73.71154,19.998015],[73.711541,19.998822],[73.711542,19.999629],[73.711542,19.999919],[73.711517,20.00206],[73.711512,20.003379],[73.711513,20.004663],[73.711566,20.005233],[73.711595,20.005239],[73.712037,20.005333],[73.713996,20.005676],[73.714631,20.005771],[73.716013,20.005992],[73.718409,20.006376],[73.718012,20.005241],[73.718166,20.005283]]]}},{"type":"Feature","properties":{"Name":"MH 15 HH 7846","routeId":402,"fill-opacity":0.03,"stroke-width":1,"stroke-opacity":0.5,"locationConfidence":"verified","locationSource":"NMC waste collection vehicle tracking export, 30 Aug 2026 (RTI)"},"geometry":{"type":"Polygon","coordinates":[[[73.812275,20.0031],[73.814222,20.002626],[73.815483,20.002278],[73.816353,20.001982],[73.816728,20.001614],[73.816084,20.001084],[73.815907,20.000817],[73.815248,20.000545],[73.814523,20.000348],[73.814089,20.000424],[73.813494,20.000762],[73.812667,20.000747],[73.811364,20.001462],[73.811896,20.002432],[73.812275,20.0031]]]}},{"type":"Feature","properties":{"Name":"MH 15 HH 7854 - G","routeId":408,"fill-opacity":0.03,"stroke-width":1,"stroke-opacity":0.5,"locationConfidence":"verified","locationSource":"NMC waste collection vehicle tracking export, 30 Aug 2026 (RTI)"},"geometry":{"type":"Polygon","coordinates":[[[73.812275,20.0031],[73.814222,20.002626],[73.815483,20.002278],[73.816353,20.001982],[73.816728,20.001614],[73.816084,20.001084],[73.815907,20.000817],[73.815248,20.000545],[73.814523,20.000348],[73.814089,20.000424],[73.813494,20.000762],[73.812667,20.000747],[73.811364,20.001462],[73.811896,20.002432],[73.812275,20.0031]]]}},{"type":"Feature","properties":{"Name":"MH 15 HH 7856 - G","routeId":409,"fill-opacity":0.03,"stroke-width":1,"stroke-opacity":0.5,"locationConfidence":"verified","locationSource":"NMC waste collection vehicle tracking export, 30 Aug 2026 (RTI)"},"geometry":{"type":"Polygon","coordinates":[[[73.834476,20.032151],[73.834477,20.032151],[73.834657,20.031241],[73.83483,20.030427],[73.834836,20.030398],[73.83485,20.030356],[73.835183,20.029189],[73.835406,20.028451],[73.835539,20.027854],[73.835562,20.027769],[73.835693,20.027189],[73.83593,20.026393],[73.836214,20.025053],[73.836528,20.02359],[73.836522,20.023562],[73.836387,20.022981],[73.836312,20.022586],[73.836229,20.022151],[73.835772,20.021879],[73.835315,20.021607],[73.834765,20.021265],[73.833933,20.020748],[73.83289,20.020149],[73.831397,20.019299],[73.829886,20.018477],[73.828732,20.017937],[73.827578,20.017397],[73.825529,20.016462],[73.824298,20.016063],[73.822751,20.015559],[73.821204,20.015056],[73.820447,20.014805],[73.819094,20.014356],[73.818459,20.014137],[73.817824,20.013918],[73.816388,20.013369],[73.816423,20.01246],[73.816428,20.01246],[73.81863,20.012475],[73.818592,20.011414],[73.818577,20.010897],[73.818567,20.010728],[73.818572,20.010729],[73.818572,20.010721],[73.819391,20.010785],[73.822119,20.010605],[73.824208,20.010445],[73.824592,20.010439],[73.82481,20.009799],[73.824996,20.009482],[73.825035,20.009406],[73.82513,20.009255],[73.825225,20.009103],[73.825264,20.009072],[73.825338,20.008972],[73.825528,20.008861],[73.825556,20.008839],[73.825969,20.008605],[73.826304,20.00841],[73.826811,20.008183],[73.826912,20.008176],[73.828434,20.007429],[73.82894,20.007282],[73.829158,20.00726],[73.829185,20.006484],[73.829118,20.006457],[73.828153,20.006077],[73.828153,20.006067],[73.828138,20.005124],[73.827588,20.004059],[73.827527,20.004086],[73.826708,20.004485],[73.826259,20.004652],[73.825809,20.004819],[73.82487,20.005168],[73.824649,20.003962],[73.824395,20.002572],[73.824338,20.002259],[73.824223,20.001632],[73.822311,20.001791],[73.822107,20.001807],[73.821755,20.001837],[73.821752,20.001837],[73.818685,20.001877],[73.816819,20.001875],[73.816553,20.001735],[73.815844,20.001016],[73.81538,20.000786],[73.814695,20.000447],[73.81401,20.000108],[73.812417,20.000034],[73.811555,20.000207],[73.810752,20.000383],[73.810004,20.000751],[73.809559,20.000975],[73.808672,20.001488],[73.807796,20.001907],[73.807007,20.002136],[73.806153,20.002139],[73.803979,20.002122],[73.803347,20.002079],[73.802027,20.001866],[73.799419,20.001929],[73.797751,20.001986],[73.796791,20.001995],[73.796054,20.002014],[73.795269,20.002379],[73.79497,20.002559],[73.793953,20.003853],[73.794407,20.004074],[73.794197,20.00457],[73.79372,20.004963],[73.794725,20.00528],[73.795733,20.005595],[73.796512,20.005902],[73.796751,20.005981],[73.797838,20.006006],[73.798406,20.00629],[73.798726,20.006482],[73.79906,20.006833],[73.799036,20.007097],[73.79914,20.007266],[73.799491,20.007612],[73.800049,20.007597],[73.800378,20.00778],[73.800607,20.008119],[73.800916,20.008474],[73.800831,20.008511],[73.800838,20.008516],[73.800486,20.00866],[73.799808,20.008731],[73.799664,20.00874],[73.799699,20.009001],[73.799734,20.009027],[73.799769,20.009052],[73.799817,20.009158],[73.800382,20.008973],[73.800698,20.00887],[73.80096,20.008784],[73.800985,20.008985],[73.801158,20.009317],[73.801406,20.009573],[73.801566,20.009808],[73.80169,20.009967],[73.801845,20.010364],[73.801894,20.01068],[73.801911,20.010848],[73.801871,20.011002],[73.80178,20.011085],[73.801429,20.011232],[73.800909,20.011331],[73.800856,20.011503],[73.800938,20.011636],[73.801067,20.012048],[73.801124,20.012104],[73.801184,20.012316],[73.801182,20.012599],[73.801338,20.01312],[73.80139,20.013448],[73.80139,20.013868],[73.80149,20.014085],[73.801582,20.014185],[73.801897,20.01421],[73.802213,20.014326],[73.802329,20.01456],[73.80235,20.014682],[73.802284,20.015045],[73.807133,20.01774],[73.80754,20.017524],[73.80761,20.017712],[73.807439,20.017814],[73.807949,20.018083],[73.807325,20.018274],[73.807132,20.018424],[73.807229,20.019035],[73.807169,20.019278],[73.807109,20.019521],[73.806983,20.019844],[73.807003,20.019956],[73.807358,20.020504],[73.807669,20.020762],[73.808048,20.021194],[73.808174,20.021344],[73.809094,20.021839],[73.8093,20.021971],[73.809476,20.022241],[73.809664,20.022319],[73.810261,20.022383],[73.81049,20.022584],[73.810538,20.022767],[73.810505,20.023162],[73.810322,20.02358],[73.810322,20.023807],[73.810455,20.023896],[73.810766,20.02397],[73.810974,20.024096],[73.81106,20.024328],[73.811028,20.024747],[73.810866,20.024785],[73.810677,20.025011],[73.810765,20.025239],[73.811188,20.02539],[73.811284,20.025483],[73.811314,20.025626],[73.811359,20.025876],[73.811292,20.026178],[73.811418,20.026469],[73.81135,20.026688],[73.811251,20.026783],[73.810952,20.02689],[73.810619,20.026831],[73.810391,20.026822],[73.810021,20.027059],[73.810021,20.027237],[73.810137,20.02744],[73.810003,20.027727],[73.80995,20.027841],[73.809933,20.027963],[73.810139,20.028284],[73.810205,20.028465],[73.810184,20.028837],[73.810239,20.028998],[73.810639,20.029589],[73.810653,20.029811],[73.810475,20.030233],[73.810238,20.030532],[73.810077,20.030946],[73.810119,20.031269],[73.810235,20.031466],[73.810564,20.031763],[73.810731,20.032086],[73.811002,20.032048],[73.812497,20.031816],[73.813294,20.031682],[73.814387,20.031704],[73.814899,20.031709],[73.815038,20.031718],[73.815087,20.031719],[73.817829,20.031906],[73.817857,20.031908],[73.819559,20.031766],[73.821405,20.031704],[73.82142,20.031705],[73.821491,20.031701],[73.823602,20.031795],[73.82567,20.031949],[73.826383,20.032013],[73.828133,20.032168],[73.829155,20.032208],[73.830791,20.032251],[73.8325,20.032259],[73.834475,20.032132],[73.834476,20.032151]]]}},{"type":"Feature","properties":{"Name":"MH 15 HH 7857 - G","routeId":619,"fill-opacity":0.03,"stroke-width":1,"stroke-opacity":0.5,"locationConfidence":"verified","locationSource":"NMC waste collection vehicle tracking export, 30 Aug 2026 (RTI)"},"geometry":{"type":"Polygon","coordinates":[[[73.795049,20.033583],[73.796573,20.033925],[73.798053,20.033704],[73.798654,20.033079],[73.799491,20.032554],[73.800928,20.032534],[73.802688,20.032575],[73.804137,20.032471],[73.806133,20.032229],[73.808407,20.031947],[73.811625,20.03184],[73.814972,20.031114],[73.818105,20.030187],[73.821967,20.030147],[73.825315,20.030106],[73.827847,20.029703],[73.830851,20.028453],[73.834327,20.028413],[73.836938,20.028862],[73.836254,20.031976],[73.836082,20.03508],[73.835782,20.038628],[73.835739,20.042458],[73.835052,20.046812],[73.835395,20.050199],[73.835242,20.054041],[73.835843,20.057749],[73.83588,20.060192],[73.83603,20.062591],[73.836674,20.064244],[73.83839,20.064828],[73.840536,20.065372],[73.841523,20.066702],[73.840386,20.067307],[73.83839,20.067649],[73.836438,20.068294],[73.834571,20.06904],[73.833198,20.070007],[73.832983,20.06912],[73.832618,20.068233],[73.828777,20.069686],[73.825859,20.071943],[73.821954,20.073878],[73.820141,20.07446],[73.821342,20.075306],[73.819459,20.076906],[73.817013,20.078398],[73.814695,20.077511],[73.812506,20.077551],[73.809116,20.077954],[73.805769,20.078277],[73.802679,20.078599],[73.799825,20.078901],[73.796435,20.078962],[73.793517,20.079083],[73.793903,20.077773],[73.791929,20.078901],[73.789354,20.079083],[73.786693,20.079566],[73.784422,20.080978],[73.780624,20.082228],[73.778586,20.083195],[73.779723,20.080777],[73.780045,20.077935],[73.779949,20.075933],[73.778661,20.073857],[73.778876,20.07166],[73.779551,20.069411],[73.780517,20.066851],[73.781395,20.064612],[73.782575,20.062435],[73.783434,20.060601],[73.784979,20.057976],[73.786782,20.055557],[73.787839,20.053594],[73.789341,20.050813],[73.790628,20.048656],[73.79175,20.046408],[73.79287,20.044269],[73.794028,20.041689],[73.794448,20.039342],[73.794658,20.037246],[73.794809,20.035633],[73.795049,20.033583]]]}},{"type":"Feature","properties":{"Name":"MH 15 HH 7858 - G","routeId":410,"fill-opacity":0.03,"stroke-width":1,"stroke-opacity":0.5,"locationConfidence":"verified","locationSource":"NMC waste collection vehicle tracking export, 30 Aug 2026 (RTI)"},"geometry":{"type":"Polygon","coordinates":[[[73.812275,20.0031],[73.814222,20.002626],[73.815483,20.002278],[73.816353,20.001982],[73.816728,20.001614],[73.816084,20.001084],[73.815907,20.000817],[73.815248,20.000545],[73.814523,20.000348],[73.814089,20.000424],[73.813494,20.000762],[73.812667,20.000747],[73.811364,20.001462],[73.811896,20.002432],[73.812275,20.0031]]]}},{"type":"Feature","properties":{"Name":"MH 15 HH 7859 G","routeId":411,"fill-opacity":0.03,"stroke-width":1,"stroke-opacity":0.5,"locationConfidence":"verified","locationSource":"NMC waste collection vehicle tracking export, 30 Aug 2026 (RTI)"},"geometry":{"type":"Polygon","coordinates":[[[73.794678,20.009259],[73.797982,20.008613],[73.801029,20.008855],[73.802317,20.011275],[73.803003,20.015106],[73.807381,20.017911],[73.806909,20.020774],[73.809226,20.022064],[73.811243,20.023476],[73.810514,20.02529],[73.811672,20.027709],[73.810814,20.030007],[73.810685,20.031983],[73.80442,20.032709],[73.799184,20.034523],[73.795493,20.034241],[73.791245,20.033878],[73.788477,20.034047],[73.786246,20.033563],[73.785087,20.032676],[73.785602,20.030902],[73.786203,20.029491],[73.784915,20.027999],[73.786986,20.025737],[73.789776,20.023117],[73.794196,20.022189],[73.793338,20.017189],[73.796342,20.016625],[73.795913,20.014608],[73.795226,20.012552],[73.794678,20.009259]]]}},{"type":"Feature","properties":{"Name":"MH 15 HH 7870 - G","routeId":412,"fill-opacity":0.03,"stroke-width":1,"stroke-opacity":0.5,"locationConfidence":"verified","locationSource":"NMC waste collection vehicle tracking export, 30 Aug 2026 (RTI)"},"geometry":{"type":"Polygon","coordinates":[[[73.759209,20.022739],[73.759209,20.019231],[73.758951,20.017215],[73.758694,20.014069],[73.756141,20.014531],[73.755875,20.012103],[73.753558,20.012103],[73.753215,20.009361],[73.752914,20.007062],[73.752614,20.00436],[73.752228,20.002505],[73.750683,20.00266],[73.747314,20.002781],[73.743451,20.002882],[73.740512,20.003064],[73.740781,20.004799],[73.73915,20.005041],[73.737841,20.005303],[73.737734,20.005626],[73.736667,20.005624],[73.734586,20.006249],[73.734471,20.00558],[73.731509,20.005993],[73.731295,20.004945],[73.731134,20.003624],[73.729256,20.003695],[73.728479,20.003745],[73.727942,20.005368],[73.727706,20.006276],[73.726561,20.00491],[73.72538,20.004225],[73.724994,20.004871],[73.723258,20.003808],[73.722378,20.005143],[73.721606,20.005234],[73.721595,20.005687],[73.721917,20.006212],[73.721212,20.010318],[73.724256,20.013743],[73.72245,20.015268],[73.71995,20.017437],[73.717589,20.019453],[73.716173,20.020421],[73.715487,20.020542],[73.714847,20.023119],[73.713774,20.025155],[73.712422,20.026203],[73.71122,20.026344],[73.713507,20.029063],[73.714647,20.030263],[73.715119,20.030888],[73.716149,20.030989],[73.716407,20.031009],[73.717136,20.032077],[73.716958,20.033851],[73.716958,20.034606],[73.717621,20.034901],[73.717921,20.035334],[73.7182,20.035415],[73.718587,20.035284],[73.718951,20.03479],[73.720174,20.033822],[73.721215,20.032955],[73.722115,20.03197],[73.722695,20.030922],[73.722935,20.029713],[73.723172,20.028837],[73.723783,20.028242],[73.725069,20.026941],[73.726518,20.025705],[73.727092,20.024894],[73.727719,20.023954],[73.728483,20.022939],[73.729116,20.022586],[73.730414,20.022304],[73.732121,20.022476],[73.733912,20.022707],[73.735946,20.022496],[73.737395,20.021972],[73.738762,20.021038],[73.73991,20.02005],[73.741024,20.018572],[73.741941,20.017425],[73.742875,20.016659],[73.743229,20.016538],[73.744092,20.016577],[73.745326,20.017202],[73.746627,20.018084],[73.747614,20.019415],[73.749699,20.020644],[73.751566,20.021259],[73.753901,20.021405],[73.755511,20.021586],[73.757556,20.022259],[73.759209,20.022739]]]}},{"type":"Feature","properties":{"Name":"MH 15 HH 7872 - G","routeId":622,"fill-opacity":0.03,"stroke-width":1,"stroke-opacity":0.5,"locationConfidence":"verified","locationSource":"NMC waste collection vehicle tracking export, 30 Aug 2026 (RTI)"},"geometry":{"type":"Polygon","coordinates":[[[73.880019,20.041509],[73.881375,20.042141],[73.882731,20.042772],[73.885116,20.043244],[73.887501,20.043717],[73.889648,20.0439],[73.890219,20.043949],[73.891904,20.044113],[73.893012,20.044407],[73.894229,20.044729],[73.895655,20.044636],[73.898247,20.045085],[73.900839,20.045534],[73.900984,20.046756],[73.901128,20.047978],[73.901385,20.050035],[73.901556,20.051507],[73.901642,20.052093],[73.902021,20.054318],[73.902399,20.056543],[73.900815,20.057738],[73.900226,20.058181],[73.899231,20.058932],[73.898935,20.05884],[73.898437,20.058932],[73.896359,20.059366],[73.894346,20.059787],[73.893264,20.060342],[73.892183,20.060896],[73.889853,20.061432],[73.887498,20.062106],[73.880344,20.064058],[73.877866,20.064864],[73.87784,20.064872],[73.876201,20.066074],[73.874799,20.066788],[73.873396,20.067502],[73.872571,20.06824],[73.871746,20.068978],[73.870966,20.070027],[73.870186,20.071077],[73.868515,20.070272],[73.867512,20.069962],[73.866509,20.069651],[73.865626,20.06951],[73.86391,20.068875],[73.861811,20.068643],[73.859712,20.06841],[73.857523,20.068602],[73.855393,20.068761],[73.85343,20.06986],[73.851318,20.071042],[73.849942,20.072399],[73.848565,20.07378],[73.847004,20.07378],[73.844492,20.073818],[73.84407,20.072826],[73.843647,20.071835],[73.843497,20.070108],[73.843465,20.070002],[73.843439,20.06985],[73.843292,20.069385],[73.843122,20.068884],[73.843043,20.068627],[73.842302,20.068203],[73.841521,20.06761],[73.841079,20.067488],[73.84108,20.067494],[73.838634,20.067422],[73.836757,20.067662],[73.83645,20.067661],[73.835608,20.067732],[73.834767,20.067837],[73.833598,20.068035],[73.833277,20.068108],[73.832886,20.068158],[73.832195,20.067119],[73.832054,20.066906],[73.831927,20.06664],[73.831755,20.066457],[73.831504,20.066079],[73.828967,20.066879],[73.827552,20.06732],[73.826676,20.067513],[73.825496,20.067796],[73.824737,20.068105],[73.82416,20.068372],[73.824133,20.068381],[73.823874,20.068512],[73.822713,20.06901],[73.819894,20.071212],[73.819025,20.071856],[73.818849,20.071959],[73.818055,20.072289],[73.817307,20.072634],[73.816613,20.072947],[73.816777,20.074128],[73.816969,20.075505],[73.816747,20.076661],[73.816239,20.077445],[73.815732,20.078229],[73.813489,20.07882],[73.811029,20.078956],[73.810241,20.079109],[73.808629,20.079418],[73.807724,20.07959],[73.805899,20.079951],[73.804783,20.080174],[73.804393,20.080405],[73.803984,20.080679],[73.802213,20.080277],[73.800442,20.079875],[73.79978,20.079296],[73.799444,20.079052],[73.798406,20.07846],[73.797334,20.077625],[73.796182,20.076701],[73.795369,20.076059],[73.794797,20.075603],[73.794265,20.075174],[73.793123,20.074257],[73.792623,20.073891],[73.79213,20.07354],[73.791594,20.073206],[73.791596,20.073217],[73.791597,20.073224],[73.791875,20.074605],[73.791737,20.074988],[73.791604,20.075433],[73.791208,20.076775],[73.791117,20.077093],[73.790998,20.077503],[73.790921,20.077767],[73.790803,20.078181],[73.790717,20.078476],[73.790373,20.078626],[73.790083,20.078747],[73.789873,20.078838],[73.789663,20.078931],[73.789502,20.079],[73.789448,20.079021],[73.78939,20.079245],[73.789306,20.079567],[73.789277,20.079678],[73.789242,20.079813],[73.789174,20.080071],[73.789166,20.080097],[73.789129,20.080218],[73.789109,20.080288],[73.789081,20.080383],[73.789039,20.080522],[73.789009,20.080623],[73.788974,20.080741],[73.788936,20.080867],[73.788894,20.081007],[73.788874,20.081075],[73.788837,20.081202],[73.788781,20.081389],[73.788723,20.08158],[73.788678,20.081733],[73.788639,20.08186],[73.788596,20.082006],[73.788541,20.08219],[73.788493,20.082353],[73.788436,20.082564],[73.788351,20.082673],[73.788177,20.082933],[73.787991,20.082943],[73.787646,20.082956],[73.787164,20.082985],[73.786691,20.083006],[73.786285,20.083032],[73.785964,20.083065],[73.785708,20.083077],[73.785219,20.083102],[73.784631,20.082781],[73.783881,20.082907],[73.782964,20.083061],[73.782341,20.082975],[73.781813,20.082522],[73.781698,20.082162],[73.780077,20.082159],[73.779483,20.082061],[73.779407,20.082034],[73.779312,20.081978],[73.778956,20.082028],[73.778427,20.082087],[73.778186,20.082095],[73.778131,20.081856],[73.778029,20.081351],[73.777931,20.080845],[73.777837,20.080404],[73.778177,20.079964],[73.778269,20.079864],[73.778137,20.079722],[73.777962,20.079542],[73.777953,20.079546],[73.777946,20.079549],[73.777396,20.079771],[73.77689,20.07998],[73.77657,20.080116],[73.77627,20.080241],[73.77503,20.080752],[73.775009,20.080722],[73.774149,20.079427],[73.773925,20.079281],[73.772976,20.07863],[73.772505,20.078653],[73.771131,20.078695],[73.770974,20.079833],[73.771501,20.079791],[73.772671,20.079744],[73.773223,20.0804],[73.773185,20.080452],[73.772355,20.081507],[73.772316,20.081555],[73.770957,20.0821],[73.770783,20.082119],[73.769266,20.082068],[73.768583,20.081971],[73.768167,20.080996],[73.768279,20.080907],[73.76909,20.080304],[73.768983,20.079776],[73.767709,20.080078],[73.766474,20.080375],[73.766447,20.080032],[73.766431,20.079784],[73.766295,20.079541],[73.766268,20.07949],[73.766149,20.079364],[73.766016,20.079225],[73.765883,20.079084],[73.765757,20.078952],[73.765512,20.078694],[73.765386,20.078602],[73.765351,20.078573],[73.765281,20.078525],[73.76518,20.078444],[73.765071,20.078364],[73.76498,20.078294],[73.764868,20.07821],[73.764728,20.078105],[73.764448,20.077895],[73.76414,20.077664],[73.763327,20.077051],[73.763131,20.075311],[73.763123,20.075207],[73.763048,20.075009],[73.762964,20.074792],[73.762844,20.074477],[73.76271,20.074125],[73.762424,20.073848],[73.761944,20.073367],[73.76153,20.073091],[73.761518,20.073078],[73.760176,20.07165],[73.759771,20.071323],[73.759438,20.071046],[73.75924,20.070885],[73.759068,20.070745],[73.758685,20.070431],[73.758439,20.07023],[73.758156,20.069998],[73.757979,20.06985],[73.757829,20.069682],[73.757612,20.069441],[73.757261,20.069049],[73.756906,20.06865],[73.756591,20.068304],[73.756201,20.067856],[73.756096,20.067707],[73.75609,20.067591],[73.756141,20.067245],[73.756244,20.066513],[73.756537,20.06507],[73.756617,20.064238],[73.756742,20.063301],[73.75677,20.06299],[73.756742,20.062849],[73.7567,20.062598],[73.756685,20.062387],[73.756697,20.062048],[73.756727,20.060986],[73.756532,20.059888],[73.756316,20.058933],[73.75616,20.058731],[73.756014,20.058329],[73.755872,20.057972],[73.755699,20.057618],[73.755544,20.05734],[73.755532,20.057022],[73.755429,20.056569],[73.755273,20.056055],[73.755174,20.055666],[73.754861,20.054528],[73.754658,20.053934],[73.754067,20.05234],[73.753671,20.051235],[73.75335,20.050223],[73.753127,20.049533],[73.753067,20.049352],[73.753013,20.049328],[73.752917,20.049219],[73.752643,20.049131],[73.751135,20.049172],[73.750317,20.049209],[73.750023,20.04919],[73.749897,20.047612],[73.749729,20.045675],[73.749629,20.04507],[73.749538,20.044537],[73.749453,20.044049],[73.749367,20.043559],[73.749265,20.043002],[73.749167,20.042439],[73.749129,20.041934],[73.749074,20.041239],[73.749005,20.040328],[73.748989,20.039555],[73.748998,20.038948],[73.749155,20.038446],[73.748861,20.037912],[73.748964,20.037688],[73.749331,20.037204],[73.749692,20.037041],[73.750031,20.036946],[73.750175,20.036851],[73.750184,20.03684],[73.750405,20.036553],[73.750412,20.036544],[73.750637,20.03634],[73.750766,20.036092],[73.750699,20.035975],[73.750543,20.035753],[73.750532,20.0356],[73.750688,20.035396],[73.751236,20.034736],[73.751558,20.034398],[73.751612,20.0342],[73.751656,20.033909],[73.751759,20.03355],[73.751854,20.033334],[73.75217,20.03296],[73.752531,20.032613],[73.752892,20.032352],[73.753052,20.032224],[73.753269,20.032073],[73.753424,20.031977],[73.753504,20.031909],[73.753551,20.031876],[73.753574,20.031836],[73.753672,20.031711],[73.753732,20.031575],[73.753737,20.031556],[73.753819,20.031365],[73.754111,20.031097],[73.754119,20.030996],[73.754131,20.030938],[73.75413,20.030672],[73.754123,20.030672],[73.754124,20.030496],[73.754162,20.030317],[73.754411,20.030084],[73.754627,20.029923],[73.754804,20.029786],[73.754944,20.029605],[73.754995,20.029438],[73.755012,20.029334],[73.755051,20.029113],[73.755132,20.028814],[73.75524,20.028627],[73.755254,20.028616],[73.755299,20.0286],[73.755376,20.028516],[73.755454,20.028467],[73.755529,20.028317],[73.755531,20.028181],[73.755526,20.028181],[73.755524,20.028164],[73.755524,20.028139],[73.75552,20.028139],[73.755476,20.02787],[73.755525,20.027755],[73.755816,20.027592],[73.756095,20.027489],[73.756144,20.027411],[73.756266,20.027267],[73.756194,20.027168],[73.756119,20.027064],[73.75603,20.026937],[73.755936,20.026801],[73.755844,20.02667],[73.755746,20.02653],[73.755635,20.026375],[73.755377,20.026004],[73.755195,20.025743],[73.754988,20.025445],[73.754507,20.024755],[73.754293,20.024454],[73.753584,20.022013],[73.754197,20.022053],[73.754841,20.022141],[73.755937,20.022218],[73.756319,20.022322],[73.756771,20.022535],[73.758034,20.02291],[73.758097,20.022967],[73.758234,20.022935],[73.75913,20.023175],[73.759547,20.023283],[73.760427,20.023343],[73.761378,20.023375],[73.762205,20.023317],[73.763578,20.023074],[73.76522,20.02249],[73.767112,20.021466],[73.767369,20.021326],[73.767853,20.02099],[73.76849,20.020549],[73.769165,20.019928],[73.769679,20.019396],[73.770089,20.018591],[73.770292,20.018194],[73.77055,20.017095],[73.770711,20.016572],[73.77112,20.015957],[73.771603,20.015286],[73.771899,20.015011],[73.772421,20.014332],[73.772685,20.01397],[73.773195,20.013307],[73.773828,20.0124],[73.774293,20.011779],[73.774321,20.011687],[73.774797,20.011144],[73.775219,20.010648],[73.775758,20.010096],[73.776266,20.009945],[73.776774,20.009794],[73.778123,20.009623],[73.778722,20.009547],[73.780059,20.009547],[73.781507,20.009524],[73.783001,20.009786],[73.784247,20.010005],[73.784576,20.010063],[73.785604,20.010395],[73.785784,20.010411],[73.786343,20.010552],[73.787371,20.010765],[73.788313,20.01082],[73.788566,20.010777],[73.789026,20.010486],[73.789687,20.010206],[73.790098,20.009944],[73.790558,20.009568],[73.791046,20.00899],[73.790742,20.008674],[73.791642,20.008203],[73.792055,20.007788],[73.792521,20.007808],[73.792498,20.007242],[73.792595,20.006651],[73.793287,20.005143],[73.79338,20.004946],[73.793498,20.004455],[73.793737,20.004111],[73.793953,20.003853],[73.79497,20.002559],[73.795269,20.002379],[73.796054,20.002014],[73.796791,20.001995],[73.797751,20.001986],[73.799419,20.001929],[73.802027,20.001866],[73.803347,20.002079],[73.803979,20.002122],[73.806153,20.002139],[73.807007,20.002136],[73.807796,20.001907],[73.808672,20.001488],[73.809559,20.000975],[73.810004,20.000751],[73.810752,20.000383],[73.811555,20.000207],[73.812417,20.000034],[73.81401,20.000108],[73.814695,20.000447],[73.81538,20.000786],[73.815638,20.000483],[73.815767,20.000136],[73.816049,19.99938],[73.816099,19.99881],[73.816201,19.998432],[73.816326,19.997436],[73.816351,19.996462],[73.81635,19.995472],[73.816011,19.995169],[73.816007,19.994926],[73.816229,19.99458],[73.816372,19.994557],[73.81728,19.993586],[73.818156,19.992741],[73.818752,19.992185],[73.819203,19.991943],[73.819707,19.991543],[73.820052,19.99133],[73.821117,19.990732],[73.82259,19.98998],[73.822929,19.989815],[73.823877,19.989539],[73.82486,19.989242],[73.825428,19.989227],[73.825557,19.989192],[73.826127,19.988993],[73.826543,19.988757],[73.827789,19.988363],[73.828103,19.988359],[73.829401,19.988131],[73.829679,19.987913],[73.829921,19.987816],[73.83001,19.987707],[73.831528,19.987059],[73.832249,19.986704],[73.834033,19.985811],[73.835858,19.984961],[73.837609,19.984553],[73.838309,19.984492],[73.838652,19.984531],[73.839779,19.984817],[73.840672,19.985204],[73.841095,19.985515],[73.841658,19.986066],[73.841829,19.986172],[73.842317,19.986844],[73.84262,19.987538],[73.842945,19.988382],[73.843341,19.989111],[73.843485,19.989238],[73.843584,19.989497],[73.843891,19.989822],[73.844348,19.990051],[73.845598,19.989977],[73.845746,19.989876],[73.847389,19.989599],[73.847743,19.989259],[73.849926,19.98923],[73.850478,19.989422],[73.8508,19.989743],[73.85084,19.989977],[73.850992,19.990272],[73.851428,19.990784],[73.851745,19.99112],[73.852035,19.991107],[73.853035,19.990603],[73.853783,19.989878],[73.854686,19.989344],[73.855282,19.989016],[73.855319,19.988781],[73.855831,19.988413],[73.857072,19.987777],[73.857896,19.987113],[73.858136,19.987014],[73.858472,19.98682],[73.859445,19.987741],[73.859946,19.990906],[73.860106,19.991936],[73.860503,19.994456],[73.860371,19.99539],[73.860154,19.996926],[73.859903,19.998504],[73.859704,19.999547],[73.859394,20.000379],[73.858364,20.003361],[73.857751,20.00696],[73.857398,20.009031],[73.857113,20.010766],[73.857054,20.011357],[73.863352,20.010155],[73.863566,20.01036],[73.866928,20.010177],[73.867268,20.010084],[73.872973,20.00989],[73.873142,20.011202],[73.87317,20.011769],[73.873473,20.014077],[73.873744,20.016135],[73.873903,20.017106],[73.87401,20.017933],[73.87414,20.018943],[73.874117,20.019173],[73.874264,20.019168],[73.874763,20.019255],[73.87516,20.02067],[73.87555,20.022123],[73.875624,20.023578],[73.875671,20.024966],[73.87656,20.027111],[73.876775,20.028981],[73.876989,20.030851],[73.876884,20.032365],[73.87671,20.035718],[73.876572,20.03936],[73.876503,20.041165],[73.877855,20.041118],[73.880019,20.041509]]]}},{"type":"Feature","properties":{"Name":"MH 15 HH 7873 - G","routeId":558,"fill-opacity":0.03,"stroke-width":1,"stroke-opacity":0.5,"locationConfidence":"verified","locationSource":"NMC waste collection vehicle tracking export, 30 Aug 2026 (RTI)"},"geometry":{"type":"Polygon","coordinates":[[[73.75903,20.022625],[73.759039,20.022592],[73.759294,20.021408],[73.75943,20.020803],[73.759481,20.019316],[73.759481,20.019302],[73.759152,20.019284],[73.759002,20.018221],[73.758834,20.017023],[73.758834,20.016997],[73.758822,20.015933],[73.758795,20.015606],[73.75875,20.015103],[73.758656,20.014069],[73.758351,20.014128],[73.756139,20.014562],[73.755994,20.01328],[73.755973,20.013099],[73.755912,20.012586],[73.755865,20.01218],[73.75583,20.012055],[73.753594,20.012117],[73.753535,20.011679],[73.753438,20.010604],[73.753193,20.00879],[73.753099,20.00836],[73.752997,20.007893],[73.75284,20.006872],[73.752592,20.004957],[73.752585,20.004901],[73.752556,20.004695],[73.752512,20.00439],[73.75245,20.003943],[73.752437,20.003852],[73.752431,20.003806],[73.752358,20.003275],[73.752255,20.002618],[73.752182,20.002169],[73.751681,20.002257],[73.751551,20.002278],[73.75109,20.002357],[73.749961,20.002549],[73.749779,20.002606],[73.749011,20.002649],[73.747776,20.002743],[73.746869,20.002769],[73.746847,20.00277],[73.745901,20.002797],[73.745881,20.002798],[73.744758,20.002823],[73.743733,20.002898],[73.743118,20.002895],[73.743078,20.002894],[73.743023,20.002894],[73.74225,20.002874],[73.74217,20.002872],[73.74051,20.003026],[73.7406,20.003616],[73.740689,20.004205],[73.740781,20.004812],[73.740018,20.004958],[73.739827,20.00499],[73.739253,20.005097],[73.738673,20.005182],[73.737754,20.005324],[73.737753,20.005339],[73.737725,20.005657],[73.736308,20.005657],[73.73541,20.005994],[73.734589,20.006303],[73.734411,20.005479],[73.732924,20.005566],[73.731436,20.005652],[73.731298,20.004751],[73.731651,20.004693],[73.731545,20.004018],[73.731387,20.003887],[73.731387,20.00357],[73.730374,20.003646],[73.729269,20.003646],[73.728515,20.003692],[73.728513,20.003696],[73.728263,20.004551],[73.727995,20.005411],[73.727727,20.006271],[73.726935,20.005971],[73.726088,20.005715],[73.72607,20.00571],[73.725957,20.005675],[73.724836,20.005432],[73.723381,20.005344],[73.723182,20.005963],[73.722012,20.00543],[73.721658,20.005269],[73.721157,20.004939],[73.720885,20.004711],[73.720738,20.005983],[73.720734,20.006015],[73.720358,20.00588],[73.720268,20.007059],[73.721689,20.007539],[73.72149,20.008975],[73.721621,20.010163],[73.721622,20.010163],[73.721842,20.010277],[73.721885,20.010336],[73.722501,20.011176],[73.722949,20.011552],[73.72398,20.012501],[73.723981,20.012502],[73.723982,20.012503],[73.724158,20.013178],[73.724514,20.013567],[73.724533,20.013589],[73.724523,20.013597],[73.724531,20.013625],[73.72383,20.014116],[73.723129,20.014607],[73.723137,20.014652],[73.72287,20.014826],[73.722828,20.014862],[73.722086,20.015514],[73.721771,20.015741],[73.721547,20.015965],[73.721102,20.016409],[73.720956,20.016539],[73.720891,20.016602],[73.719783,20.017599],[73.71873,20.018555],[73.718728,20.018556],[73.718694,20.018587],[73.718564,20.018642],[73.718513,20.018669],[73.718304,20.018824],[73.717348,20.019532],[73.716557,20.020117],[73.716505,20.020156],[73.716271,20.020274],[73.716155,20.020327],[73.715674,20.020446],[73.715393,20.0207],[73.715239,20.02098],[73.715143,20.02146],[73.71486,20.022766],[73.714806,20.023193],[73.714801,20.023249],[73.714712,20.023779],[73.714597,20.024166],[73.714596,20.024166],[73.714596,20.024168],[73.714583,20.02418],[73.714173,20.024634],[73.71379,20.024987],[73.713594,20.025166],[73.712828,20.025869],[73.712811,20.025879],[73.71271,20.025971],[73.712282,20.026217],[73.712252,20.02622],[73.71225,20.026221],[73.712224,20.026223],[73.711741,20.026271],[73.711216,20.026292],[73.711463,20.026732],[73.712741,20.028078],[73.714019,20.029425],[73.714578,20.030019],[73.714674,20.030145],[73.714621,20.030242],[73.714932,20.030699],[73.715938,20.030975],[73.716414,20.031019],[73.716592,20.031257],[73.716499,20.031319],[73.716718,20.031737],[73.716891,20.032066],[73.71705,20.03207],[73.717016,20.033428],[73.716909,20.034144],[73.717453,20.034121],[73.717472,20.034466],[73.717946,20.034446],[73.717971,20.034336],[73.718703,20.034372],[73.718929,20.034309],[73.719071,20.034461],[73.719204,20.034514],[73.719277,20.034405],[73.719695,20.034277],[73.719814,20.034319],[73.719814,20.03444],[73.71994,20.03448],[73.719945,20.034338],[73.720011,20.034282],[73.720185,20.03387],[73.720452,20.033741],[73.720682,20.033562],[73.720891,20.033307],[73.721289,20.032897],[73.721748,20.032414],[73.721917,20.032247],[73.722103,20.032131],[73.722321,20.031875],[73.72238,20.031667],[73.72283,20.030699],[73.722922,20.029588],[73.723002,20.029092],[73.723089,20.028991],[73.723506,20.028682],[73.723808,20.028212],[73.724039,20.027682],[73.724053,20.027623],[73.725233,20.0267],[73.725989,20.025816],[73.726929,20.02472],[73.728387,20.023022],[73.728725,20.022629],[73.730304,20.022106],[73.730857,20.022395],[73.731086,20.022395],[73.73128,20.022449],[73.731629,20.022392],[73.731793,20.022368],[73.73244,20.022467],[73.733379,20.022649],[73.734007,20.022754],[73.734222,20.022691],[73.734614,20.022703],[73.735684,20.022509],[73.736692,20.022326],[73.736999,20.022157],[73.737428,20.021953],[73.737481,20.02194],[73.737754,20.021784],[73.737962,20.021614],[73.738116,20.02154],[73.73874,20.021016],[73.739706,20.020149],[73.740272,20.019551],[73.74083,20.018847],[73.741407,20.018039],[73.741779,20.017629],[73.742257,20.017194],[73.742646,20.016884],[73.743013,20.016605],[73.743267,20.016535],[73.743564,20.016557],[73.744243,20.016703],[73.744798,20.016898],[73.745257,20.017027],[73.745583,20.017288],[73.74625,20.017676],[73.746609,20.017955],[73.746853,20.018312],[73.74707,20.018735],[73.747247,20.019081],[73.747754,20.019537],[73.748363,20.019923],[73.749294,20.020435],[73.749856,20.020698],[73.750782,20.021046],[73.752222,20.021348],[73.753476,20.021421],[73.754863,20.021502],[73.755493,20.021602],[73.75616,20.021758],[73.756729,20.02195],[73.756914,20.022031],[73.757404,20.022185],[73.75903,20.022625]]]}},{"type":"Feature","properties":{"Name":"MH 15 HH 7945","routeId":403,"fill-opacity":0.03,"stroke-width":1,"stroke-opacity":0.5,"locationConfidence":"verified","locationSource":"NMC waste collection vehicle tracking export, 30 Aug 2026 (RTI)"},"geometry":{"type":"Polygon","coordinates":[[[73.794678,20.009259],[73.797982,20.008613],[73.801029,20.008855],[73.802317,20.011275],[73.803003,20.015106],[73.807381,20.017911],[73.806909,20.020774],[73.809226,20.022064],[73.811243,20.023476],[73.810514,20.02529],[73.811672,20.027709],[73.810814,20.030007],[73.810685,20.031983],[73.80442,20.032709],[73.799184,20.034523],[73.795493,20.034241],[73.791245,20.033878],[73.788477,20.034047],[73.786246,20.033563],[73.785087,20.032676],[73.785602,20.030902],[73.786203,20.029491],[73.784915,20.027999],[73.786986,20.025737],[73.789776,20.023117],[73.794196,20.022189],[73.793338,20.017189],[73.796342,20.016625],[73.795913,20.014608],[73.795226,20.012552],[73.794678,20.009259]]]}},{"type":"Feature","properties":{"Name":"MH 15 HH 7946","routeId":404,"fill-opacity":0.03,"stroke-width":1,"stroke-opacity":0.5,"locationConfidence":"verified","locationSource":"NMC waste collection vehicle tracking export, 30 Aug 2026 (RTI)"},"geometry":{"type":"Polygon","coordinates":[[[73.812275,20.0031],[73.814222,20.002626],[73.815483,20.002278],[73.816353,20.001982],[73.816728,20.001614],[73.816084,20.001084],[73.815907,20.000817],[73.815248,20.000545],[73.814523,20.000348],[73.814089,20.000424],[73.813494,20.000762],[73.812667,20.000747],[73.811364,20.001462],[73.811896,20.002432],[73.812275,20.0031]]]}},{"type":"Feature","properties":{"Name":"MH 15 HH 7947","routeId":427,"fill-opacity":0.03,"stroke-width":1,"stroke-opacity":0.5,"locationConfidence":"verified","locationSource":"NMC waste collection vehicle tracking export, 30 Aug 2026 (RTI)"},"geometry":{"type":"Polygon","coordinates":[[[73.712224,20.026223],[73.712252,20.02622],[73.712811,20.025879],[73.713451,20.025296],[73.713594,20.025166],[73.713602,20.025159],[73.714583,20.02418],[73.714596,20.024166],[73.714806,20.023193],[73.714843,20.022832],[73.715239,20.020981],[73.715239,20.02098],[73.715393,20.0207],[73.715674,20.020446],[73.716249,20.020284],[73.716557,20.020117],[73.716789,20.019945],[73.718195,20.018905],[73.718304,20.018824],[73.718318,20.018813],[73.718513,20.018669],[73.71853,20.018657],[73.718564,20.018642],[73.718728,20.018556],[73.720077,20.017321],[73.720956,20.016539],[73.721547,20.015965],[73.721771,20.015741],[73.722127,20.015478],[73.72257,20.015086],[73.722828,20.014862],[73.722868,20.014827],[73.72287,20.014826],[73.722914,20.014787],[73.723137,20.014652],[73.723129,20.014607],[73.723125,20.014581],[73.72383,20.014116],[73.724523,20.013597],[73.724514,20.013567],[73.724158,20.013178],[73.723981,20.012502],[73.72398,20.012501],[73.722501,20.011176],[73.721885,20.010336],[73.721622,20.010163],[73.721621,20.010163],[73.72149,20.008975],[73.721481,20.008894],[73.721689,20.007539],[73.720268,20.007059],[73.720354,20.005879],[73.718166,20.005283],[73.718012,20.005241],[73.718414,20.006376],[73.718409,20.006376],[73.716102,20.006026],[73.713996,20.005676],[73.71379,20.005646],[73.712723,20.005487],[73.711595,20.005239],[73.711566,20.005233],[73.711508,20.004699],[73.711512,20.003379],[73.711517,20.00206],[73.711542,19.999629],[73.711541,19.998822],[73.711537,19.996237],[73.711498,19.994322],[73.710421,19.99445],[73.709929,19.994476],[73.709218,19.994494],[73.709215,19.994494],[73.708944,19.994452],[73.708914,19.994448],[73.709037,19.993986],[73.709033,19.993986],[73.706921,19.993946],[73.706173,19.993901],[73.705835,19.99389],[73.705816,19.993888],[73.705745,19.993886],[73.705048,19.993802],[73.704976,19.994471],[73.704613,19.994464],[73.70394,19.994402],[73.703267,19.994341],[73.703267,19.99434],[73.703382,19.99391],[73.702783,19.993785],[73.702782,19.993789],[73.702605,19.994703],[73.70259,19.994779],[73.702433,19.995713],[73.702411,19.996331],[73.702408,19.996458],[73.702404,19.9965],[73.702401,19.996599],[73.702389,19.996698],[73.702373,19.996896],[73.702235,19.99794],[73.702235,19.997947],[73.702155,19.998655],[73.702053,19.999555],[73.701906,20.001303],[73.701669,20.004161],[73.70159,20.005134],[73.701579,20.00527],[73.700038,20.005532],[73.698505,20.005793],[73.697591,20.00548],[73.696678,20.005167],[73.694858,20.004539],[73.694924,20.004967],[73.695664,20.006486],[73.696068,20.007066],[73.696388,20.007704],[73.696837,20.008979],[73.69724,20.010112],[73.697817,20.011293],[73.698393,20.012474],[73.699235,20.013516],[73.699448,20.013779],[73.700245,20.014307],[73.701051,20.014983],[73.701786,20.015628],[73.702286,20.015916],[73.702776,20.016461],[73.702891,20.016604],[73.703319,20.017502],[73.703852,20.018547],[73.705452,20.019998],[73.706749,20.021246],[73.707563,20.022083],[73.708594,20.023327],[73.709834,20.024669],[73.711074,20.02601],[73.711216,20.026292],[73.712224,20.026223]]]}},{"type":"Feature","properties":{"Name":"MH 15 HH 7948","routeId":394,"fill-opacity":0.03,"stroke-width":1,"stroke-opacity":0.5,"locationConfidence":"verified","locationSource":"NMC waste collection vehicle tracking export, 30 Aug 2026 (RTI)"},"geometry":{"type":"Polygon","coordinates":[[[73.812275,20.0031],[73.814222,20.002626],[73.815483,20.002278],[73.816353,20.001982],[73.816728,20.001614],[73.816084,20.001084],[73.815907,20.000817],[73.815248,20.000545],[73.814523,20.000348],[73.814089,20.000424],[73.813494,20.000762],[73.812667,20.000747],[73.811364,20.001462],[73.811896,20.002432],[73.812275,20.0031]]]}},{"type":"Feature","properties":{"Name":"MH 15 HH 7949","routeId":701,"fill-opacity":0.03,"stroke-width":1,"stroke-opacity":0.5,"locationConfidence":"verified","locationSource":"NMC waste collection vehicle tracking export, 30 Aug 2026 (RTI)"},"geometry":{"type":"Polygon","coordinates":[[[73.711027,19.987638],[73.713978,19.988264],[73.714514,19.987437],[73.715233,19.986277],[73.715673,19.985652],[73.714448,19.98493],[73.712688,19.984678],[73.711493,19.984797],[73.711515,19.986098],[73.711418,19.986763],[73.711027,19.987638]]]}},{"type":"Feature","properties":{"Name":"MH 15 HH 7950","routeId":405,"fill-opacity":0.03,"stroke-width":1,"stroke-opacity":0.5,"locationConfidence":"verified","locationSource":"NMC waste collection vehicle tracking export, 30 Aug 2026 (RTI)"},"geometry":{"type":"Polygon","coordinates":[[[73.812275,20.0031],[73.814222,20.002626],[73.815483,20.002278],[73.816353,20.001982],[73.816728,20.001614],[73.816084,20.001084],[73.815907,20.000817],[73.815248,20.000545],[73.814523,20.000348],[73.814089,20.000424],[73.813494,20.000762],[73.812667,20.000747],[73.811364,20.001462],[73.811896,20.002432],[73.812275,20.0031]]]}},{"type":"Feature","properties":{"Name":"MH 15 HH 7951","routeId":418,"fill-opacity":0.03,"stroke-width":1,"stroke-opacity":0.5,"locationConfidence":"verified","locationSource":"NMC waste collection vehicle tracking export, 30 Aug 2026 (RTI)"},"geometry":{"type":"Polygon","coordinates":[[[73.75903,20.022625],[73.759039,20.022592],[73.759294,20.021408],[73.75943,20.020803],[73.759481,20.019316],[73.759481,20.019302],[73.759152,20.019284],[73.759002,20.018221],[73.758834,20.017023],[73.758834,20.016997],[73.758822,20.015933],[73.758795,20.015606],[73.75875,20.015103],[73.758656,20.014069],[73.758351,20.014128],[73.756139,20.014562],[73.755994,20.01328],[73.755973,20.013099],[73.755912,20.012586],[73.755865,20.01218],[73.75583,20.012055],[73.753594,20.012117],[73.753535,20.011679],[73.753438,20.010604],[73.753193,20.00879],[73.753099,20.00836],[73.752997,20.007893],[73.75284,20.006872],[73.752592,20.004957],[73.752585,20.004901],[73.752556,20.004695],[73.752512,20.00439],[73.75245,20.003943],[73.752437,20.003852],[73.752431,20.003806],[73.752358,20.003275],[73.752255,20.002618],[73.752182,20.002169],[73.751681,20.002257],[73.751551,20.002278],[73.75109,20.002357],[73.749961,20.002549],[73.749779,20.002606],[73.749011,20.002649],[73.747776,20.002743],[73.746869,20.002769],[73.746847,20.00277],[73.745901,20.002797],[73.745881,20.002798],[73.744758,20.002823],[73.743733,20.002898],[73.743118,20.002895],[73.743078,20.002894],[73.743023,20.002894],[73.74225,20.002874],[73.74217,20.002872],[73.74051,20.003026],[73.7406,20.003616],[73.740689,20.004205],[73.740781,20.004812],[73.740018,20.004958],[73.739827,20.00499],[73.739253,20.005097],[73.738673,20.005182],[73.737754,20.005324],[73.737753,20.005339],[73.737725,20.005657],[73.736308,20.005657],[73.73541,20.005994],[73.734589,20.006303],[73.734411,20.005479],[73.732924,20.005566],[73.731436,20.005652],[73.731298,20.004751],[73.731651,20.004693],[73.731545,20.004018],[73.731387,20.003887],[73.731387,20.00357],[73.730374,20.003646],[73.729269,20.003646],[73.728515,20.003692],[73.728513,20.003696],[73.728263,20.004551],[73.727995,20.005411],[73.727727,20.006271],[73.726935,20.005971],[73.726088,20.005715],[73.72607,20.00571],[73.725957,20.005675],[73.724836,20.005432],[73.723381,20.005344],[73.723182,20.005963],[73.722012,20.00543],[73.721658,20.005269],[73.721157,20.004939],[73.720885,20.004711],[73.720738,20.005983],[73.720734,20.006015],[73.720358,20.00588],[73.720268,20.007059],[73.721689,20.007539],[73.72149,20.008975],[73.721621,20.010163],[73.721622,20.010163],[73.721842,20.010277],[73.721885,20.010336],[73.722501,20.011176],[73.722949,20.011552],[73.72398,20.012501],[73.723981,20.012502],[73.723982,20.012503],[73.724158,20.013178],[73.724514,20.013567],[73.724533,20.013589],[73.724523,20.013597],[73.724531,20.013625],[73.72383,20.014116],[73.723129,20.014607],[73.723137,20.014652],[73.72287,20.014826],[73.722828,20.014862],[73.722086,20.015514],[73.721771,20.015741],[73.721547,20.015965],[73.721102,20.016409],[73.720956,20.016539],[73.720891,20.016602],[73.719783,20.017599],[73.71873,20.018555],[73.718728,20.018556],[73.718694,20.018587],[73.718564,20.018642],[73.718513,20.018669],[73.718304,20.018824],[73.717348,20.019532],[73.716557,20.020117],[73.716505,20.020156],[73.716271,20.020274],[73.716155,20.020327],[73.715674,20.020446],[73.715393,20.0207],[73.715239,20.02098],[73.715143,20.02146],[73.71486,20.022766],[73.714806,20.023193],[73.714801,20.023249],[73.714712,20.023779],[73.714597,20.024166],[73.714596,20.024166],[73.714596,20.024168],[73.714583,20.02418],[73.714173,20.024634],[73.71379,20.024987],[73.713594,20.025166],[73.712828,20.025869],[73.712811,20.025879],[73.71271,20.025971],[73.712282,20.026217],[73.712252,20.02622],[73.71225,20.026221],[73.712224,20.026223],[73.711741,20.026271],[73.711216,20.026292],[73.711463,20.026732],[73.712741,20.028078],[73.714019,20.029425],[73.714578,20.030019],[73.714674,20.030145],[73.714621,20.030242],[73.714932,20.030699],[73.715938,20.030975],[73.716414,20.031019],[73.716592,20.031257],[73.716499,20.031319],[73.716718,20.031737],[73.716891,20.032066],[73.71705,20.03207],[73.717016,20.033428],[73.716909,20.034144],[73.717453,20.034121],[73.717472,20.034466],[73.717946,20.034446],[73.717971,20.034336],[73.718703,20.034372],[73.718929,20.034309],[73.719071,20.034461],[73.719204,20.034514],[73.719277,20.034405],[73.719695,20.034277],[73.719814,20.034319],[73.719814,20.03444],[73.71994,20.03448],[73.719945,20.034338],[73.720011,20.034282],[73.720185,20.03387],[73.720452,20.033741],[73.720682,20.033562],[73.720891,20.033307],[73.721289,20.032897],[73.721748,20.032414],[73.721917,20.032247],[73.722103,20.032131],[73.722321,20.031875],[73.72238,20.031667],[73.72283,20.030699],[73.722922,20.029588],[73.723002,20.029092],[73.723089,20.028991],[73.723506,20.028682],[73.723808,20.028212],[73.724039,20.027682],[73.724053,20.027623],[73.725233,20.0267],[73.725989,20.025816],[73.726929,20.02472],[73.728387,20.023022],[73.728725,20.022629],[73.730304,20.022106],[73.730857,20.022395],[73.731086,20.022395],[73.73128,20.022449],[73.731629,20.022392],[73.731793,20.022368],[73.73244,20.022467],[73.733379,20.022649],[73.734007,20.022754],[73.734222,20.022691],[73.734614,20.022703],[73.735684,20.022509],[73.736692,20.022326],[73.736999,20.022157],[73.737428,20.021953],[73.737481,20.02194],[73.737754,20.021784],[73.737962,20.021614],[73.738116,20.02154],[73.73874,20.021016],[73.739706,20.020149],[73.740272,20.019551],[73.74083,20.018847],[73.741407,20.018039],[73.741779,20.017629],[73.742257,20.017194],[73.742646,20.016884],[73.743013,20.016605],[73.743267,20.016535],[73.743564,20.016557],[73.744243,20.016703],[73.744798,20.016898],[73.745257,20.017027],[73.745583,20.017288],[73.74625,20.017676],[73.746609,20.017955],[73.746853,20.018312],[73.74707,20.018735],[73.747247,20.019081],[73.747754,20.019537],[73.748363,20.019923],[73.749294,20.020435],[73.749856,20.020698],[73.750782,20.021046],[73.752222,20.021348],[73.753476,20.021421],[73.754863,20.021502],[73.755493,20.021602],[73.75616,20.021758],[73.756729,20.02195],[73.756914,20.022031],[73.757404,20.022185],[73.75903,20.022625]]]}},{"type":"Feature","properties":{"Name":"MH 15 HH 7952","routeId":609,"fill-opacity":0.03,"stroke-width":1,"stroke-opacity":0.5,"locationConfidence":"verified","locationSource":"NMC waste collection vehicle tracking export, 30 Aug 2026 (RTI)"},"geometry":{"type":"Polygon","coordinates":[[[73.731097,19.990324],[73.728994,19.989558],[73.726805,19.990364],[73.726719,19.989316],[73.724015,19.989437],[73.721483,19.989356],[73.720582,19.991736],[73.71996,19.991615],[73.717986,19.991655],[73.718329,19.991211],[73.717085,19.99105],[73.716688,19.991726],[73.716785,19.993283],[73.715798,19.993283],[73.713866,19.993122],[73.712579,19.992961],[73.712407,19.992598],[73.711678,19.992436],[73.71142,19.994332],[73.71142,19.996389],[73.711377,19.998082],[73.71146,20.000298],[73.711374,20.002153],[73.711331,20.003846],[73.711417,20.005258],[73.712833,20.005701],[73.714206,20.005903],[73.715923,20.005984],[73.718326,20.006347],[73.720257,20.006992],[73.720429,20.005822],[73.720515,20.004653],[73.721588,20.00554],[73.723004,20.005903],[73.723433,20.005338],[73.724592,20.005338],[73.72618,20.005701],[73.727682,20.006266],[73.728068,20.005177],[73.728454,20.003887],[73.731458,20.003645],[73.731286,20.004774],[73.731662,20.006135],[73.733593,20.006175],[73.734623,20.006095],[73.736039,20.005691],[73.737799,20.005611],[73.737885,20.005288],[73.74076,20.004844],[73.74046,20.002989],[73.742348,20.002828],[73.74518,20.002707],[73.748957,20.002667],[73.752218,20.002506],[73.751961,20.000892],[73.751746,19.998957],[73.751532,19.996618],[73.751103,19.99448],[73.750888,19.993391],[73.749987,19.992988],[73.749558,19.991214],[73.749257,19.990447],[73.749815,19.988955],[73.749343,19.98831],[73.746511,19.988471],[73.745438,19.988996],[73.743421,19.987544],[73.742863,19.987624],[73.742047,19.988391],[73.740417,19.988391],[73.737885,19.988149],[73.736683,19.987866],[73.736597,19.987342],[73.736726,19.98706],[73.736554,19.986777],[73.736082,19.986939],[73.735181,19.987382],[73.734666,19.987745],[73.732907,19.98827],[73.731877,19.988592],[73.731147,19.988512],[73.730975,19.988996],[73.731269,19.989279],[73.731355,19.989713],[73.731698,19.989894],[73.731795,19.990308],[73.731097,19.990324]]]}},{"type":"Feature","properties":{"Name":"MH 15 HH 7953","routeId":924,"fill-opacity":0.03,"stroke-width":1,"stroke-opacity":0.5,"locationConfidence":"verified","locationSource":"NMC waste collection vehicle tracking export, 30 Aug 2026 (RTI)"},"geometry":{"type":"Polygon","coordinates":[[[73.749785,20.002499],[73.749831,20.001022],[73.751268,20.001284],[73.75217,20.001304],[73.751729,19.997585],[73.751461,19.99759],[73.749878,19.997348],[73.749901,19.995677],[73.749947,19.994327],[73.749947,19.993631],[73.749938,19.992966],[73.749671,19.991724],[73.749488,19.991089],[73.749161,19.991039],[73.748204,19.99091],[73.747257,19.990744],[73.746085,19.990552],[73.744567,19.990305],[73.742313,19.989931],[73.742043,19.989893],[73.741978,19.991028],[73.74197,19.991507],[73.741672,19.991628],[73.740219,19.991454],[73.738394,19.991263],[73.736104,19.991101],[73.735766,19.991984],[73.735089,19.993695],[73.734558,19.994885],[73.733955,19.996062],[73.733534,19.996883],[73.733577,19.998224],[73.733862,20.00093],[73.7342,20.003844],[73.734339,20.005013],[73.735728,20.004812],[73.738201,20.004509],[73.740787,20.004176],[73.740648,20.003057],[73.740575,20.001984],[73.741999,20.001991],[73.742888,20.001984],[73.742869,20.000023],[73.743894,19.999998],[73.746334,20.000114],[73.746505,20.000658],[73.746677,20.000976],[73.74701,20.00273],[73.747028,20.002812],[73.749818,20.002609],[73.749785,20.002499]]]}},{"type":"Feature","properties":{"Name":"MH 15 HH 7954","routeId":406,"fill-opacity":0.03,"stroke-width":1,"stroke-opacity":0.5,"locationConfidence":"verified","locationSource":"NMC waste collection vehicle tracking export, 30 Aug 2026 (RTI)"},"geometry":{"type":"Polygon","coordinates":[[[73.785969,20.027007],[73.786361,20.026772],[73.786646,20.026495],[73.786802,20.026326],[73.787206,20.025807],[73.787424,20.025524],[73.787845,20.02497],[73.788048,20.0247],[73.788307,20.024413],[73.788648,20.024021],[73.788815,20.023809],[73.788888,20.023745],[73.788961,20.023681],[73.789326,20.023415],[73.789461,20.02336],[73.78992,20.023176],[73.790132,20.023131],[73.790345,20.023086],[73.790708,20.023044],[73.791216,20.022979],[73.792798,20.022725],[73.79358,20.022591],[73.794362,20.022457],[73.794127,20.020883],[73.793976,20.020018],[73.793794,20.018799],[73.79371,20.018213],[73.793529,20.017017],[73.793528,20.017013],[73.794166,20.016976],[73.795112,20.016921],[73.796208,20.016856],[73.796759,20.016783],[73.796341,20.015546],[73.796195,20.014858],[73.796169,20.014735],[73.79615,20.014436],[73.795965,20.013344],[73.795831,20.012672],[73.795631,20.01207],[73.795546,20.011659],[73.79531,20.010961],[73.795058,20.010141],[73.79482,20.009866],[73.794859,20.009667],[73.794709,20.009145],[73.794669,20.009053],[73.795515,20.008963],[73.795693,20.008898],[73.796081,20.00885],[73.796092,20.008848],[73.796512,20.008837],[73.797172,20.008849],[73.798057,20.00878],[73.798078,20.008779],[73.798565,20.008778],[73.799664,20.00874],[73.800486,20.00866],[73.800831,20.008511],[73.800618,20.008355],[73.8004,20.008154],[73.800241,20.007936],[73.800163,20.007872],[73.799548,20.007776],[73.799333,20.007671],[73.799102,20.007424],[73.798951,20.007333],[73.798911,20.007315],[73.7988,20.007006],[73.798571,20.006679],[73.798342,20.006563],[73.798223,20.006409],[73.798012,20.006262],[73.797767,20.006224],[73.797037,20.006256],[73.796547,20.006253],[73.796159,20.005989],[73.795769,20.005918],[73.79522,20.005771],[73.795005,20.005658],[73.794742,20.005427],[73.794546,20.005359],[73.793963,20.005253],[73.793605,20.005188],[73.793717,20.004965],[73.79372,20.004963],[73.793719,20.004963],[73.794197,20.00457],[73.794407,20.004074],[73.793953,20.003853],[73.793737,20.004111],[73.793498,20.004455],[73.79338,20.004946],[73.793287,20.005143],[73.792595,20.006651],[73.792498,20.007242],[73.792521,20.007808],[73.792055,20.007788],[73.791642,20.008203],[73.790742,20.008674],[73.791046,20.00899],[73.790558,20.009568],[73.790098,20.009944],[73.789687,20.010206],[73.789026,20.010486],[73.788566,20.010777],[73.788458,20.011091],[73.788632,20.011188],[73.788718,20.011256],[73.788761,20.011283],[73.788992,20.011452],[73.789234,20.011613],[73.789336,20.011677],[73.789161,20.012239],[73.789105,20.012353],[73.788806,20.012562],[73.788627,20.012854],[73.788411,20.01365],[73.788271,20.014081],[73.788158,20.014409],[73.787864,20.015282],[73.787862,20.01529],[73.787862,20.015291],[73.787709,20.015685],[73.787579,20.01647],[73.787478,20.017115],[73.787477,20.017116],[73.787363,20.017716],[73.787287,20.018078],[73.787062,20.0187],[73.787062,20.018701],[73.787035,20.018776],[73.78648,20.019984],[73.786021,20.021013],[73.785856,20.021437],[73.785627,20.022166],[73.785528,20.022484],[73.785549,20.022421],[73.785305,20.023406],[73.785062,20.024392],[73.785033,20.024509],[73.784793,20.025479],[73.78477,20.025572],[73.784575,20.026361],[73.78463,20.026454],[73.785133,20.027287],[73.785969,20.027007]]]}},{"type":"Feature","properties":{"Name":"MH 15 HH 7968","routeId":654,"fill-opacity":0.03,"stroke-width":1,"stroke-opacity":0.5,"locationConfidence":"verified","locationSource":"NMC waste collection vehicle tracking export, 30 Aug 2026 (RTI)"},"geometry":{"type":"Polygon","coordinates":[[[73.771295,19.969836],[73.768529,19.972661],[73.768321,19.974327],[73.771593,19.977837],[73.770343,19.97864],[73.77079,19.979472],[73.774032,19.979324],[73.777095,19.975665],[73.774389,19.972602],[73.771295,19.969836]]]}},{"type":"Feature","properties":{"Name":"MH 15 HH 8096","routeId":652,"fill-opacity":0.03,"stroke-width":1,"stroke-opacity":0.5,"locationConfidence":"verified","locationSource":"NMC waste collection vehicle tracking export, 30 Aug 2026 (RTI)"},"geometry":{"type":"Polygon","coordinates":[[[73.76307,19.965115],[73.759358,19.967221],[73.755217,19.968791],[73.75611,19.974145],[73.760535,19.973859],[73.760071,19.969184],[73.764319,19.967042],[73.76307,19.965115]]]}},{"type":"Feature","properties":{"Name":"MH 15 HH 8097","routeId":456,"fill-opacity":0.03,"stroke-width":1,"stroke-opacity":0.5,"locationConfidence":"verified","locationSource":"NMC waste collection vehicle tracking export, 30 Aug 2026 (RTI)"},"geometry":{"type":"Polygon","coordinates":[[[73.758998,19.944271],[73.758522,19.9479],[73.758671,19.950339],[73.7634,19.95022],[73.768159,19.950398],[73.769795,19.951945],[73.771312,19.949684],[73.771877,19.948286],[73.770985,19.946115],[73.767356,19.943587],[73.758998,19.944271]]]}},{"type":"Feature","properties":{"Name":"MH 15 HH 8098","routeId":653,"fill-opacity":0.03,"stroke-width":1,"stroke-opacity":0.5,"locationConfidence":"verified","locationSource":"NMC waste collection vehicle tracking export, 30 Aug 2026 (RTI)"},"geometry":{"type":"Polygon","coordinates":[[[73.764416,19.972429],[73.768544,19.968587],[73.767676,19.966897],[73.768104,19.966421],[73.771007,19.970216],[73.773172,19.972168],[73.772351,19.972703],[73.769603,19.973441],[73.766783,19.974821],[73.764416,19.972429]]]}},{"type":"Feature","properties":{"Name":"MH 15 HH 8178","routeId":555,"fill-opacity":0.03,"stroke-width":1,"stroke-opacity":0.5,"locationConfidence":"verified","locationSource":"NMC waste collection vehicle tracking export, 30 Aug 2026 (RTI)"},"geometry":{"type":"Polygon","coordinates":[[[73.759209,20.022739],[73.759209,20.019231],[73.758951,20.017215],[73.758694,20.014069],[73.756141,20.014531],[73.755875,20.012103],[73.753558,20.012103],[73.753215,20.009361],[73.752914,20.007062],[73.752614,20.00436],[73.752228,20.002505],[73.750683,20.00266],[73.747314,20.002781],[73.743451,20.002882],[73.740512,20.003064],[73.740781,20.004799],[73.73915,20.005041],[73.737841,20.005303],[73.737734,20.005626],[73.736667,20.005624],[73.734586,20.006249],[73.734471,20.00558],[73.731509,20.005993],[73.731295,20.004945],[73.731134,20.003624],[73.729256,20.003695],[73.728479,20.003745],[73.727942,20.005368],[73.727706,20.006276],[73.726561,20.00491],[73.72538,20.004225],[73.724994,20.004871],[73.723258,20.003808],[73.722378,20.005143],[73.721606,20.005234],[73.721595,20.005687],[73.721917,20.006212],[73.721212,20.010318],[73.724256,20.013743],[73.72245,20.015268],[73.71995,20.017437],[73.717589,20.019453],[73.716173,20.020421],[73.715487,20.020542],[73.714847,20.023119],[73.713774,20.025155],[73.712422,20.026203],[73.71122,20.026344],[73.713507,20.029063],[73.714647,20.030263],[73.715119,20.030888],[73.716149,20.030989],[73.716407,20.031009],[73.717136,20.032077],[73.716958,20.033851],[73.716958,20.034606],[73.717621,20.034901],[73.717921,20.035334],[73.7182,20.035415],[73.718587,20.035284],[73.718951,20.03479],[73.720174,20.033822],[73.721215,20.032955],[73.722115,20.03197],[73.722695,20.030922],[73.722935,20.029713],[73.723172,20.028837],[73.723783,20.028242],[73.725069,20.026941],[73.726518,20.025705],[73.727092,20.024894],[73.727719,20.023954],[73.728483,20.022939],[73.729116,20.022586],[73.730414,20.022304],[73.732121,20.022476],[73.733912,20.022707],[73.735946,20.022496],[73.737395,20.021972],[73.738762,20.021038],[73.73991,20.02005],[73.741024,20.018572],[73.741941,20.017425],[73.742875,20.016659],[73.743229,20.016538],[73.744092,20.016577],[73.745326,20.017202],[73.746627,20.018084],[73.747614,20.019415],[73.749699,20.020644],[73.751566,20.021259],[73.753901,20.021405],[73.755511,20.021586],[73.757556,20.022259],[73.759209,20.022739]]]}},{"type":"Feature","properties":{"Name":"MH 15 HH 8179","routeId":903,"fill-opacity":0.03,"stroke-width":1,"stroke-opacity":0.5,"locationConfidence":"verified","locationSource":"NMC waste collection vehicle tracking export, 30 Aug 2026 (RTI)"},"geometry":{"type":"Polygon","coordinates":[[[73.707163,20.000412],[73.707228,19.998945],[73.706283,19.998859],[73.706332,19.997619],[73.704915,19.997614],[73.705178,19.997614],[73.705414,19.994851],[73.702925,19.994614],[73.702689,19.996262],[73.702282,19.996328],[73.702105,19.997991],[73.701912,19.999765],[73.70468,19.999669],[73.707148,20.000521],[73.707163,20.000412]]]}},{"type":"Feature","properties":{"Name":"MH 15 HH 8180","routeId":901,"fill-opacity":0.03,"stroke-width":1,"stroke-opacity":0.5,"locationConfidence":"verified","locationSource":"NMC waste collection vehicle tracking export, 30 Aug 2026 (RTI)"},"geometry":{"type":"Polygon","coordinates":[[[73.726174,19.987647],[73.726311,19.987486],[73.726483,19.987302],[73.726712,19.98706],[73.72685,19.986891],[73.726868,19.986838],[73.726838,19.986732],[73.726752,19.986684],[73.726846,19.985671],[73.726854,19.985545],[73.727211,19.98557],[73.727329,19.985573],[73.72742,19.985258],[73.727466,19.984708],[73.727487,19.984489],[73.726425,19.984391],[73.726251,19.985371],[73.726201,19.985607],[73.726005,19.985567],[73.725952,19.985779],[73.724994,19.985512],[73.72488,19.985927],[73.725849,19.986176],[73.72582,19.986344],[73.726161,19.986588],[73.726672,19.986831],[73.726717,19.98686],[73.726203,19.987408],[73.725765,19.987058],[73.725443,19.986826],[73.72522,19.986665],[73.724958,19.986465],[73.724473,19.986112],[73.724207,19.985953],[73.723727,19.985695],[73.723682,19.985647],[73.723574,19.985637],[73.723531,19.985652],[73.72329,19.985551],[73.722874,19.985372],[73.722713,19.985266],[73.722461,19.985158],[73.722059,19.984952],[73.721842,19.984823],[73.72148,19.984674],[73.720895,19.98445],[73.720259,19.984203],[73.719426,19.983878],[73.719099,19.983727],[73.718627,19.983424],[73.718276,19.983167],[73.718088,19.983293],[73.717631,19.983654],[73.717505,19.983747],[73.717331,19.983836],[73.716947,19.984098],[73.716692,19.984398],[73.716405,19.984776],[73.716089,19.985169],[73.715823,19.985517],[73.71556,19.985905],[73.715241,19.986298],[73.714989,19.986694],[73.714383,19.987591],[73.714061,19.988146],[73.713913,19.988398],[73.713246,19.988335],[73.712688,19.988288],[73.712184,19.988255],[73.71178,19.988244],[73.711757,19.98908],[73.711746,19.989965],[73.712666,19.990015],[73.712969,19.990056],[73.712728,19.990361],[73.712518,19.990653],[73.712307,19.991018],[73.712148,19.991321],[73.71203,19.991563],[73.711877,19.991891],[73.711238,19.991844],[73.710752,19.991804],[73.710224,19.991752],[73.710177,19.991753],[73.709969,19.992278],[73.709889,19.99253],[73.709822,19.992701],[73.709798,19.992926],[73.709731,19.993011],[73.709623,19.993407],[73.709457,19.994152],[73.709414,19.994538],[73.709613,19.994528],[73.709817,19.994534],[73.709999,19.994511],[73.710381,19.994491],[73.710872,19.994456],[73.711002,19.994443],[73.710943,19.993525],[73.710474,19.993537],[73.710474,19.992753],[73.711026,19.992703],[73.711311,19.992007],[73.711828,19.99205],[73.711999,19.992083],[73.712143,19.991825],[73.712245,19.991598],[73.712524,19.991029],[73.712728,19.990674],[73.712956,19.990409],[73.713135,19.99019],[73.713361,19.989824],[73.71384,19.989172],[73.71384,19.98897],[73.714041,19.988565],[73.71417,19.988358],[73.714451,19.987833],[73.714657,19.987503],[73.714979,19.987049],[73.715227,19.986665],[73.715576,19.986201],[73.7159,19.985788],[73.716177,19.985365],[73.716598,19.984823],[73.717099,19.984235],[73.71752,19.983988],[73.717829,19.983766],[73.718285,19.983434],[73.718854,19.983837],[73.719664,19.984245],[73.720356,19.98452],[73.721107,19.984837],[73.721553,19.985037],[73.722108,19.985291],[73.722832,19.985636],[73.723457,19.985868],[73.723546,19.985931],[73.723631,19.985944],[73.724088,19.986145],[73.724635,19.986503],[73.725021,19.986798],[73.725563,19.987174],[73.726174,19.987647]]]}},{"type":"Feature","properties":{"Name":"MH 15 HH 8183","routeId":910,"fill-opacity":0.03,"stroke-width":1,"stroke-opacity":0.5,"locationConfidence":"verified","locationSource":"NMC waste collection vehicle tracking export, 30 Aug 2026 (RTI)"},"geometry":{"type":"Polygon","coordinates":[[[73.742167,19.991912],[73.742183,19.991524],[73.74221,19.990982],[73.742229,19.989941],[73.741918,19.989891],[73.741511,19.98984],[73.740465,19.989699],[73.740443,19.989367],[73.73996,19.98922],[73.739707,19.989136],[73.739538,19.988945],[73.739316,19.988791],[73.739104,19.98872],[73.73884,19.988657],[73.738417,19.988657],[73.738038,19.988705],[73.73757,19.98867],[73.737278,19.988635],[73.736835,19.988581],[73.736419,19.988518],[73.736188,19.98848],[73.73574,19.988511],[73.735499,19.988444],[73.735035,19.988429],[73.734767,19.988497],[73.734493,19.988621],[73.734176,19.988749],[73.73364,19.988782],[73.733144,19.988822],[73.733334,19.989064],[73.733454,19.98942],[73.733527,19.989853],[73.733561,19.990214],[73.7336,19.990617],[73.73359,19.990992],[73.734161,19.99108],[73.734904,19.991176],[73.735789,19.991247],[73.736586,19.991315],[73.738072,19.991464],[73.739337,19.991603],[73.740452,19.991707],[73.741404,19.9918],[73.742167,19.991912]]]}},{"type":"Feature","properties":{"Name":"MH 15 HH 8184","routeId":611,"fill-opacity":0.03,"stroke-width":1,"stroke-opacity":0.5,"locationConfidence":"verified","locationSource":"NMC waste collection vehicle tracking export, 30 Aug 2026 (RTI)"},"geometry":{"type":"Polygon","coordinates":[[[73.752525,19.989564],[73.752704,19.989486],[73.753048,19.989365],[73.753453,19.989224],[73.753493,19.989228],[73.753739,19.989252],[73.754134,19.98929],[73.75528,19.989173],[73.755341,19.989165],[73.756057,19.989093],[73.756313,19.988966],[73.756393,19.988856],[73.756149,19.988602],[73.755936,19.988365],[73.755884,19.988245],[73.755598,19.987556],[73.75546,19.987411],[73.755148,19.987233],[73.754942,19.987039],[73.754986,19.986714],[73.755182,19.986215],[73.754392,19.985307],[73.754057,19.984933],[73.753615,19.984544],[73.752774,19.985212],[73.752624,19.984979],[73.751981,19.98523],[73.751878,19.984722],[73.752678,19.98472],[73.752711,19.984422],[73.753575,19.984423],[73.753683,19.984125],[73.752835,19.983744],[73.752554,19.983146],[73.752184,19.983165],[73.751895,19.983024],[73.75174,19.982609],[73.751284,19.982566],[73.751017,19.982381],[73.75081,19.981866],[73.7507,19.981306],[73.750869,19.981053],[73.750624,19.980565],[73.750333,19.980212],[73.750188,19.980018],[73.750155,19.979714],[73.749935,19.97956],[73.749867,19.979495],[73.749722,19.979362],[73.749259,19.979007],[73.749,19.978691],[73.748995,19.97868],[73.748955,19.97863],[73.74893,19.978544],[73.748889,19.978459],[73.747896,19.978501],[73.747156,19.978625],[73.747157,19.978758],[73.74701,19.97879],[73.745998,19.978908],[73.745968,19.978912],[73.745967,19.979095],[73.74524,19.979186],[73.744486,19.97928],[73.744473,19.979282],[73.744429,19.9792],[73.743821,19.979077],[73.743696,19.97888],[73.743696,19.978878],[73.743667,19.978663],[73.743467,19.978511],[73.743349,19.978252],[73.743341,19.978048],[73.743241,19.977638],[73.742779,19.97686],[73.742452,19.976461],[73.742171,19.975965],[73.741785,19.975423],[73.741796,19.974244],[73.741532,19.973549],[73.741448,19.973445],[73.741199,19.97325],[73.740174,19.972736],[73.740171,19.972734],[73.740167,19.972732],[73.739712,19.972395],[73.739636,19.971933],[73.739581,19.9716],[73.7391,19.970405],[73.7391,19.970404],[73.738936,19.970393],[73.738902,19.97037],[73.738289,19.969956],[73.737948,19.969788],[73.737188,19.969436],[73.736324,19.969308],[73.73607,19.96942],[73.735543,19.969266],[73.735466,19.969129],[73.735384,19.968508],[73.735226,19.968288],[73.734481,19.967777],[73.73444,19.967749],[73.733784,19.966951],[73.733753,19.966821],[73.733433,19.965162],[73.733392,19.964919],[73.732308,19.964623],[73.732303,19.964613],[73.732262,19.964601],[73.732055,19.963882],[73.732051,19.963869],[73.732002,19.963883],[73.731589,19.963996],[73.730124,19.9644],[73.729843,19.96448],[73.728588,19.96486],[73.728484,19.964866],[73.727539,19.96492],[73.726696,19.965014],[73.726517,19.965122],[73.726047,19.965473],[73.725826,19.965583],[73.725334,19.965726],[73.725248,19.965762],[73.725011,19.965575],[73.724937,19.965408],[73.724841,19.965227],[73.724753,19.965267],[73.724736,19.965633],[73.724547,19.965961],[73.723535,19.966171],[73.722604,19.966363],[73.722404,19.966405],[73.721121,19.966556],[73.720987,19.966574],[73.719221,19.967093],[73.71796,19.967435],[73.716078,19.967696],[73.715189,19.96789],[73.714848,19.968022],[73.714191,19.968306],[73.713873,19.968522],[73.714418,19.968744],[73.714692,19.969163],[73.71506,19.969582],[73.715943,19.970632],[73.716315,19.970988],[73.716686,19.971608],[73.716958,19.972061],[73.717138,19.972359],[73.717215,19.974416],[73.717655,19.97533],[73.717812,19.975509],[73.717873,19.97558],[73.717971,19.97568],[73.718025,19.975741],[73.718026,19.975759],[73.717952,19.975818],[73.717804,19.975887],[73.717734,19.975986],[73.71781,19.976208],[73.717874,19.976396],[73.7179,19.977119],[73.71795,19.9773],[73.717948,19.977731],[73.717877,19.978083],[73.717888,19.978611],[73.718012,19.979094],[73.717852,19.979331],[73.717857,19.979386],[73.717745,19.979683],[73.718189,19.980212],[73.718381,19.980825],[73.718362,19.980999],[73.718147,19.981216],[73.717791,19.981325],[73.717171,19.981387],[73.717087,19.981481],[73.717092,19.981684],[73.717269,19.981876],[73.717217,19.982469],[73.717223,19.982473],[73.717457,19.982698],[73.717859,19.983086],[73.717867,19.983105],[73.717975,19.983352],[73.719688,19.984255],[73.7216,19.985088],[73.723499,19.985906],[73.72378,19.985679],[73.72381,19.985489],[73.723814,19.9854],[73.724138,19.984313],[73.724487,19.983238],[73.724947,19.983517],[73.725276,19.983781],[73.726168,19.984135],[73.726802,19.984209],[73.727818,19.98409],[73.728015,19.984183],[73.728488,19.984407],[73.728602,19.984636],[73.728579,19.984776],[73.72833,19.98493],[73.728019,19.984982],[73.727445,19.985297],[73.727363,19.985709],[73.727375,19.985913],[73.727434,19.986778],[73.727561,19.986993],[73.728114,19.987301],[73.728667,19.98761],[73.729454,19.987814],[73.730135,19.987994],[73.730392,19.988091],[73.730359,19.988211],[73.730365,19.988214],[73.730453,19.988253],[73.731058,19.988513],[73.731204,19.988596],[73.731341,19.988674],[73.731631,19.988703],[73.731675,19.988693],[73.732304,19.988521],[73.732479,19.988457],[73.732651,19.988426],[73.733051,19.988308],[73.733229,19.988243],[73.733504,19.988173],[73.734586,19.98783],[73.735399,19.987447],[73.735762,19.987168],[73.736051,19.987],[73.736222,19.98695],[73.736238,19.986946],[73.736332,19.986919],[73.73634,19.986925],[73.736406,19.986959],[73.736423,19.986982],[73.736449,19.987],[73.736469,19.987047],[73.736501,19.98709],[73.736497,19.987111],[73.73651,19.987139],[73.73645,19.987394],[73.736429,19.987557],[73.736436,19.987723],[73.736455,19.987811],[73.736709,19.988074],[73.737255,19.988266],[73.737976,19.988371],[73.738887,19.988427],[73.739625,19.988413],[73.739805,19.988413],[73.739984,19.988413],[73.740323,19.988459],[73.74112,19.988494],[73.741556,19.988494],[73.741906,19.988494],[73.74214,19.988417],[73.742156,19.988407],[73.742395,19.988205],[73.742663,19.987838],[73.742847,19.987741],[73.742926,19.987723],[73.743076,19.987658],[73.743238,19.987708],[73.743358,19.987737],[73.743373,19.987749],[73.743786,19.988055],[73.74441,19.988532],[73.745156,19.989073],[73.745257,19.989124],[73.745374,19.989138],[73.746478,19.98864],[73.746512,19.988624],[73.747356,19.988571],[73.747773,19.988539],[73.748317,19.988495],[73.748976,19.98831],[73.749248,19.988318],[73.749446,19.988499],[73.749504,19.988551],[73.749685,19.988798],[73.749685,19.9888],[73.74972,19.988845],[73.750174,19.989157],[73.750607,19.989404],[73.750622,19.989408],[73.751122,19.989493],[73.751329,19.989506],[73.751728,19.98957],[73.752525,19.989564]]]}},{"type":"Feature","properties":{"Name":"MH 15 HH 8196","routeId":300,"fill-opacity":0.03,"stroke-width":1,"stroke-opacity":0.5,"locationConfidence":"verified","locationSource":"NMC waste collection vehicle tracking export, 30 Aug 2026 (RTI)"},"geometry":{"type":"Polygon","coordinates":[[[73.709716,20.004991],[73.711669,20.005293],[73.711647,20.003085],[73.711669,19.999405],[73.711636,19.997964],[73.708761,19.99752],[73.706948,19.997742],[73.706948,19.999486],[73.707753,19.999526],[73.707345,20.001029],[73.708149,20.001512],[73.707753,20.002803],[73.707903,20.003236],[73.709727,20.003609],[73.709662,20.004611],[73.709716,20.004991]]]}},{"type":"Feature","properties":{"Name":"MH 15 HH 8197","routeId":950,"fill-opacity":0.03,"stroke-width":1,"stroke-opacity":0.5,"locationConfidence":"verified","locationSource":"NMC waste collection vehicle tracking export, 30 Aug 2026 (RTI)"},"geometry":{"type":"Polygon","coordinates":[[[73.782925,20.072318],[73.779792,20.067381],[73.781123,20.064317],[73.783827,20.059682],[73.788407,20.05193],[73.791834,20.046262],[73.792971,20.046565],[73.799666,20.0485],[73.799559,20.049508],[73.797585,20.049588],[73.795954,20.049739],[73.792478,20.049498],[73.790751,20.049044],[73.790557,20.049467],[73.792092,20.04985],[73.792027,20.050253],[73.790203,20.049941],[73.789366,20.051271],[73.792049,20.051251],[73.792124,20.052451],[73.792768,20.052491],[73.792778,20.052894],[73.790815,20.053025],[73.790826,20.052501],[73.789195,20.052491],[73.788841,20.053206],[73.788959,20.053479],[73.787673,20.05468],[73.788207,20.056253],[73.789688,20.058238],[73.789184,20.058752],[73.787623,20.059255],[73.78699,20.058217],[73.786014,20.058459],[73.786046,20.059144],[73.785563,20.059195],[73.785585,20.058237],[73.785316,20.058227],[73.784179,20.060223],[73.784683,20.060596],[73.784587,20.060898],[73.78404,20.060696],[73.783331,20.061704],[73.783782,20.062148],[73.784018,20.062077],[73.784093,20.061634],[73.784919,20.060918],[73.785467,20.060616],[73.785756,20.061049],[73.786668,20.060938],[73.786733,20.061765],[73.786979,20.061684],[73.786872,20.060656],[73.788567,20.060535],[73.788964,20.059991],[73.789973,20.060203],[73.790166,20.060948],[73.789436,20.061583],[73.788353,20.061593],[73.788041,20.06117],[73.787312,20.06121],[73.78743,20.062027],[73.78832,20.062571],[73.788599,20.064033],[73.784683,20.063973],[73.784587,20.062804],[73.783331,20.062774],[73.783192,20.062381],[73.782666,20.063177],[73.781654,20.064813],[73.780635,20.067413],[73.782078,20.069703],[73.783054,20.069733],[73.783022,20.070177],[73.782292,20.070096],[73.783564,20.072081],[73.783618,20.072414],[73.782925,20.072318]]]}},{"type":"Feature","properties":{"Name":"MH 15 HH 8198","routeId":332,"fill-opacity":0.03,"stroke-width":1,"stroke-opacity":0.5,"locationConfidence":"verified","locationSource":"NMC waste collection vehicle tracking export, 30 Aug 2026 (RTI)"},"geometry":{"type":"Polygon","coordinates":[[[73.747318,20.016287],[73.74764,20.017396],[73.750487,20.018867],[73.750429,20.019711],[73.752489,20.020386],[73.752467,20.019247],[73.752478,20.019046],[73.752682,20.019046],[73.752682,20.018426],[73.753149,20.01837],[73.7532,20.018359],[73.753125,20.017708],[73.752989,20.016655],[73.752785,20.015625],[73.752656,20.015022],[73.752179,20.015123],[73.75194,20.014024],[73.751892,20.013676],[73.752262,20.013625],[73.752117,20.012016],[73.749676,20.012021],[73.748094,20.012082],[73.748105,20.012364],[73.748998,20.01235],[73.749169,20.013968],[73.748515,20.014105],[73.748719,20.014901],[73.747222,20.014997],[73.747318,20.016287]]]}},{"type":"Feature","properties":{"Name":"MH 15 HH 8201","routeId":302,"fill-opacity":0.03,"stroke-width":1,"stroke-opacity":0.5,"locationConfidence":"verified","locationSource":"NMC waste collection vehicle tracking export, 30 Aug 2026 (RTI)"},"geometry":{"type":"Polygon","coordinates":[[[73.711585,19.998146],[73.711124,19.998111],[73.710598,19.99807],[73.709961,19.997957],[73.709339,19.997871],[73.708682,19.997828],[73.707857,19.997804],[73.707076,19.997819],[73.706472,19.997822],[73.705174,19.997803],[73.705203,19.996606],[73.705369,19.996566],[73.705716,19.993789],[73.706891,19.993814],[73.709176,19.993844],[73.709282,19.993853],[73.709236,19.994323],[73.709971,19.994404],[73.709982,19.994525],[73.711553,19.994389],[73.711617,19.995085],[73.711662,19.995662],[73.711656,19.996583],[73.711675,19.997192],[73.711585,19.998146]]]}},{"type":"Feature","properties":{"Name":"MH 15 HH 8202","routeId":883,"fill-opacity":0.03,"stroke-width":1,"stroke-opacity":0.5,"locationConfidence":"verified","locationSource":"NMC waste collection vehicle tracking export, 30 Aug 2026 (RTI)"},"geometry":{"type":"Polygon","coordinates":[[[73.745561,20.011423],[73.745438,20.011111],[73.745161,20.010785],[73.744712,20.010273],[73.744364,20.009804],[73.744058,20.009434],[73.743669,20.008942],[73.743398,20.008593],[73.743151,20.008167],[73.742794,20.007711],[73.742686,20.00777],[73.742002,20.007881],[73.741131,20.007904],[73.741136,20.008325],[73.740645,20.008277],[73.740645,20.008524],[73.740101,20.008716],[73.739736,20.008834],[73.740028,20.009585],[73.740591,20.009497],[73.740651,20.00947],[73.740557,20.009271],[73.741447,20.009132],[73.741378,20.009203],[73.741512,20.009848],[73.741056,20.010042],[73.740404,20.010294],[73.740238,20.009919],[73.739687,20.010096],[73.739123,20.010341],[73.738304,20.010679],[73.73788,20.010853],[73.737128,20.011231],[73.736176,20.011652],[73.735629,20.011939],[73.735135,20.012206],[73.735345,20.012184],[73.735371,20.013071],[73.73462,20.013167],[73.734623,20.013538],[73.734701,20.014138],[73.734704,20.014188],[73.733746,20.014231],[73.734022,20.014715],[73.734878,20.014679],[73.735624,20.014642],[73.73576,20.014692],[73.736074,20.014667],[73.736206,20.015093],[73.736871,20.014984],[73.737257,20.014586],[73.737509,20.014357],[73.737917,20.014022],[73.739,20.013714],[73.740129,20.013372],[73.742418,20.012676],[73.742901,20.01248],[73.743866,20.011855],[73.745583,20.011542],[73.745561,20.011423]]]}},{"type":"Feature","properties":{"Name":"MH 15 HH 8203","routeId":556,"fill-opacity":0.03,"stroke-width":1,"stroke-opacity":0.5,"locationConfidence":"verified","locationSource":"NMC waste collection vehicle tracking export, 30 Aug 2026 (RTI)"},"geometry":{"type":"Polygon","coordinates":[[[73.708318,19.992871],[73.709691,19.993879],[73.706215,19.992871],[73.703855,19.993193],[73.702524,19.993879],[73.702138,19.996016],[73.702009,19.997952],[73.702095,20.000251],[73.701967,20.00263],[73.701623,20.004969],[73.699477,20.006259],[73.696645,20.00638],[73.695186,20.00509],[73.693083,20.005775],[73.691366,20.005614],[73.689864,20.005251],[73.689349,20.00388],[73.689564,20.00267],[73.689736,20.001823],[73.690379,20.000573],[73.690036,19.999525],[73.688963,19.998274],[73.68892,19.997186],[73.688019,19.996218],[73.687418,19.994766],[73.686774,19.993314],[73.686732,19.991701],[73.686517,19.990007],[73.68656,19.988958],[73.687504,19.988273],[73.688062,19.987547],[73.68759,19.986377],[73.687161,19.985087],[73.687847,19.984199],[73.689006,19.983312],[73.690508,19.982102],[73.692783,19.981457],[73.695229,19.981054],[73.697675,19.980731],[73.700078,19.980368],[73.702567,19.980489],[73.704284,19.980691],[73.707202,19.979965],[73.710939,19.98055],[73.714458,19.982647],[73.717376,19.982123],[73.720037,19.984381],[73.723213,19.985833],[73.725058,19.984785],[73.727976,19.983857],[73.72862,19.985753],[73.730208,19.98781],[73.730551,19.989503],[73.727719,19.989221],[73.724801,19.989342],[73.722269,19.989624],[73.71935,19.991479],[73.717119,19.992649],[73.714158,19.993375],[73.711969,19.993859],[73.71081,19.992931],[73.708318,19.992871]]]}},{"type":"Feature","properties":{"Name":"MH 15 HH 8211","routeId":395,"fill-opacity":0.03,"stroke-width":1,"stroke-opacity":0.5,"locationConfidence":"verified","locationSource":"NMC waste collection vehicle tracking export, 30 Aug 2026 (RTI)"},"geometry":{"type":"Polygon","coordinates":[[[73.803749,20.001822],[73.809671,20.000209],[73.814907,19.999886],[73.81671,19.99416],[73.818598,19.990611],[73.826367,19.987631],[73.836966,19.983835],[73.844347,19.988756],[73.845291,19.990288],[73.843918,19.99666],[73.848339,20.002749],[73.855117,20.012298],[73.859968,20.019323],[73.870697,20.019887],[73.868809,20.026661],[73.869238,20.033919],[73.862461,20.032387],[73.856964,20.031097],[73.850012,20.034886],[73.840132,20.037301],[73.8307,20.039563],[73.816495,20.045248],[73.812075,20.044926],[73.809114,20.047344],[73.806582,20.047707],[73.805594,20.050126],[73.79827,20.048233],[73.792419,20.046659],[73.78006,20.045853],[73.777313,20.046498],[73.77491,20.047304],[73.773285,20.047862],[73.773193,20.048473],[73.771734,20.048514],[73.771348,20.047828],[73.771777,20.047465],[73.772249,20.04678],[73.772249,20.045006],[73.771885,20.042643],[73.771391,20.039281],[73.769503,20.033475],[73.769717,20.029363],[73.768476,20.024689],[73.767486,20.020936],[73.769589,20.018461],[73.770817,20.015952],[73.771949,20.013678],[73.774867,20.01029],[73.77727,20.009081],[73.780875,20.00904],[73.784137,20.009282],[73.784995,20.010089],[73.785639,20.010553],[73.785961,20.010895],[73.789608,20.010734],[73.789673,20.011742],[73.790703,20.012549],[73.79302,20.012145],[73.793952,20.012272],[73.794908,20.011581],[73.796797,20.011258],[73.798256,20.009726],[73.799987,20.009384],[73.801861,20.009],[73.802291,20.009],[73.802699,20.007831],[73.80332,20.006016],[73.803429,20.004911],[73.803749,20.001822]]]}},{"type":"Feature","properties":{"Name":"MH 15 HH 8212","routeId":396,"fill-opacity":0.03,"stroke-width":1,"stroke-opacity":0.5,"locationConfidence":"verified","locationSource":"NMC waste collection vehicle tracking export, 30 Aug 2026 (RTI)"},"geometry":{"type":"Polygon","coordinates":[[[73.81538,20.000786],[73.815858,20.001016],[73.816553,20.001735],[73.816819,20.001875],[73.818428,20.001876],[73.821752,20.001837],[73.822107,20.001807],[73.822993,20.001734],[73.824223,20.001632],[73.824338,20.002259],[73.824395,20.002572],[73.824649,20.003962],[73.82487,20.005168],[73.825809,20.004819],[73.826259,20.004652],[73.827527,20.004086],[73.827587,20.004057],[73.827588,20.004059],[73.827821,20.004477],[73.828138,20.005124],[73.828139,20.005124],[73.828153,20.006067],[73.829118,20.006457],[73.829185,20.006483],[73.829185,20.006484],[73.829187,20.007257],[73.829158,20.00726],[73.828434,20.007429],[73.827957,20.007674],[73.827104,20.0081],[73.826916,20.008187],[73.826811,20.008183],[73.826214,20.008466],[73.825969,20.008605],[73.825528,20.008861],[73.825264,20.009072],[73.82513,20.009255],[73.824996,20.009482],[73.824896,20.009678],[73.824712,20.010158],[73.824621,20.010439],[73.824592,20.010439],[73.819361,20.010792],[73.818572,20.010729],[73.818577,20.010897],[73.818668,20.012476],[73.81863,20.012475],[73.816485,20.012461],[73.816428,20.01246],[73.816423,20.01246],[73.816388,20.013369],[73.817824,20.013918],[73.818459,20.014137],[73.820447,20.014805],[73.822751,20.015559],[73.824298,20.016063],[73.825529,20.016462],[73.827578,20.017397],[73.828732,20.017937],[73.829886,20.018477],[73.830947,20.019048],[73.831397,20.019299],[73.831847,20.01955],[73.83289,20.020149],[73.833933,20.020748],[73.834765,20.021265],[73.835315,20.021607],[73.835772,20.021879],[73.836229,20.022151],[73.836312,20.022586],[73.836522,20.023562],[73.836528,20.023589],[73.836528,20.02359],[73.836307,20.024904],[73.83593,20.026393],[73.835925,20.026416],[73.835562,20.027769],[73.835409,20.028439],[73.835406,20.028451],[73.835103,20.029614],[73.83485,20.030356],[73.83483,20.030427],[73.834477,20.032151],[73.834487,20.032407],[73.834545,20.033764],[73.834589,20.035014],[73.834631,20.036057],[73.834693,20.037948],[73.834821,20.04118],[73.834948,20.044412],[73.835054,20.0471],[73.835138,20.04922],[73.835247,20.051721],[73.835273,20.052102],[73.835591,20.057458],[73.835897,20.061901],[73.836125,20.064799],[73.838148,20.065016],[73.83817,20.065034],[73.839414,20.066084],[73.841079,20.067488],[73.841521,20.06761],[73.842302,20.068203],[73.843043,20.068627],[73.843122,20.068884],[73.843292,20.069385],[73.843439,20.06985],[73.843465,20.070002],[73.843497,20.070108],[73.843647,20.071835],[73.84407,20.072826],[73.844492,20.073818],[73.847004,20.07378],[73.848565,20.07378],[73.849942,20.072399],[73.851318,20.071042],[73.85343,20.06986],[73.855393,20.068761],[73.857523,20.068602],[73.859712,20.06841],[73.861811,20.068643],[73.86391,20.068875],[73.865626,20.06951],[73.866509,20.069651],[73.867512,20.069962],[73.868515,20.070272],[73.870186,20.071077],[73.870966,20.070027],[73.871746,20.068978],[73.872571,20.06824],[73.873396,20.067502],[73.874799,20.066788],[73.876201,20.066074],[73.87784,20.064872],[73.877866,20.064864],[73.880344,20.064058],[73.887498,20.062106],[73.889853,20.061432],[73.892183,20.060896],[73.893264,20.060342],[73.894346,20.059787],[73.896359,20.059366],[73.898437,20.058932],[73.898935,20.05884],[73.899231,20.058932],[73.900226,20.058181],[73.900815,20.057738],[73.902399,20.056543],[73.902021,20.054318],[73.901642,20.052093],[73.901556,20.051507],[73.901385,20.050035],[73.901128,20.047978],[73.900984,20.046756],[73.900839,20.045534],[73.898247,20.045085],[73.895655,20.044636],[73.894229,20.044729],[73.893012,20.044407],[73.891904,20.044113],[73.890219,20.043949],[73.889648,20.0439],[73.887501,20.043717],[73.885116,20.043244],[73.882731,20.042772],[73.881375,20.042141],[73.880019,20.041509],[73.877855,20.041118],[73.876503,20.041165],[73.876572,20.03936],[73.87671,20.035718],[73.876884,20.032365],[73.876989,20.030851],[73.876775,20.028981],[73.87656,20.027111],[73.875671,20.024966],[73.875624,20.023578],[73.87555,20.022123],[73.87516,20.02067],[73.874763,20.019255],[73.874264,20.019168],[73.874117,20.019173],[73.87414,20.018943],[73.87401,20.017933],[73.873903,20.017106],[73.873744,20.016135],[73.873473,20.014077],[73.87317,20.011769],[73.873142,20.011202],[73.872973,20.00989],[73.867268,20.010084],[73.866928,20.010177],[73.863566,20.01036],[73.863352,20.010155],[73.857054,20.011357],[73.857113,20.010766],[73.857398,20.009031],[73.857751,20.00696],[73.858364,20.003361],[73.859394,20.000379],[73.859704,19.999547],[73.859903,19.998504],[73.860154,19.996926],[73.860371,19.99539],[73.860503,19.994456],[73.860106,19.991936],[73.859946,19.990906],[73.859445,19.987741],[73.858472,19.98682],[73.858136,19.987014],[73.857896,19.987113],[73.857072,19.987777],[73.855831,19.988413],[73.855319,19.988781],[73.855287,19.98899],[73.855161,19.989082],[73.854686,19.989344],[73.853783,19.989878],[73.853035,19.990603],[73.852035,19.991107],[73.851814,19.991117],[73.85164,19.991008],[73.851428,19.990784],[73.850992,19.990272],[73.85084,19.989977],[73.8508,19.989743],[73.850478,19.989422],[73.849926,19.98923],[73.847743,19.989259],[73.847389,19.989599],[73.845746,19.989876],[73.845598,19.989977],[73.844348,19.990051],[73.843891,19.989822],[73.843584,19.989497],[73.843485,19.989238],[73.843341,19.989111],[73.842945,19.988382],[73.84262,19.987538],[73.842317,19.986844],[73.841829,19.986172],[73.841658,19.986066],[73.841095,19.985515],[73.840672,19.985204],[73.839779,19.984817],[73.838652,19.984531],[73.838309,19.984492],[73.837609,19.984553],[73.835858,19.984961],[73.834033,19.985811],[73.832249,19.986704],[73.831528,19.987059],[73.83001,19.987707],[73.829921,19.987816],[73.829679,19.987913],[73.829401,19.988131],[73.828103,19.988359],[73.827789,19.988363],[73.826543,19.988757],[73.826127,19.988993],[73.825557,19.989192],[73.825428,19.989227],[73.82486,19.989242],[73.823877,19.989539],[73.822929,19.989815],[73.82259,19.98998],[73.821117,19.990732],[73.820052,19.99133],[73.819707,19.991543],[73.819203,19.991943],[73.818752,19.992185],[73.818156,19.992741],[73.81728,19.993586],[73.816372,19.994557],[73.816229,19.99458],[73.816007,19.994926],[73.816011,19.995169],[73.81635,19.995472],[73.816351,19.996462],[73.816326,19.997436],[73.816201,19.998432],[73.816099,19.99881],[73.816049,19.99938],[73.815767,20.000136],[73.815638,20.000483],[73.81538,20.000786]]]}},{"type":"Feature","properties":{"Name":"MH 15 HH 8213","routeId":887,"fill-opacity":0.03,"stroke-width":1,"stroke-opacity":0.5,"locationConfidence":"verified","locationSource":"NMC waste collection vehicle tracking export, 30 Aug 2026 (RTI)"},"geometry":{"type":"Polygon","coordinates":[[[73.718719,20.018709],[73.718445,20.018204],[73.718091,20.017554],[73.717721,20.016843],[73.717109,20.015749],[73.71654,20.014787],[73.716076,20.013985],[73.715673,20.013275],[73.715368,20.012821],[73.715126,20.012307],[73.714955,20.011551],[73.714727,20.011644],[73.71444,20.011813],[73.714068,20.012026],[73.713684,20.01223],[73.713282,20.012304],[73.712726,20.012284],[73.712284,20.012267],[73.712316,20.012391],[73.712297,20.012554],[73.712243,20.012643],[73.712211,20.012983],[73.71223,20.013287],[73.712246,20.013383],[73.712034,20.013343],[73.712023,20.013408],[73.712233,20.013464],[73.712261,20.013765],[73.712293,20.014166],[73.711907,20.014216],[73.711915,20.014292],[73.712256,20.014239],[73.712368,20.014221],[73.712481,20.014131],[73.712814,20.014043],[73.713028,20.013998],[73.71314,20.014491],[73.713217,20.01479],[73.713261,20.014911],[73.713405,20.015175],[73.71359,20.015506],[73.713707,20.015688],[73.713871,20.015695],[73.714066,20.015693],[73.714231,20.015654],[73.714264,20.01562],[73.714246,20.015441],[73.714195,20.015206],[73.714125,20.014848],[73.714101,20.014744],[73.714539,20.014644],[73.714539,20.014506],[73.714488,20.014067],[73.71495,20.013997],[73.715025,20.014589],[73.715117,20.014667],[73.715367,20.014639],[73.715817,20.014579],[73.715908,20.015007],[73.715752,20.015022],[73.715731,20.015612],[73.715742,20.016051],[73.715806,20.016308],[73.715307,20.016381],[73.715227,20.016224],[73.715136,20.016265],[73.714867,20.01627],[73.714832,20.016081],[73.71472,20.016111],[73.7148,20.016328],[73.71446,20.016353],[73.714411,20.016184],[73.713979,20.016177],[73.713953,20.016068],[73.713853,20.016106],[73.714068,20.01684],[73.713375,20.017087],[73.71349,20.017487],[73.713582,20.017835],[73.713664,20.01797],[73.713514,20.018039],[73.712948,20.018177],[73.712853,20.017762],[73.712807,20.017483],[73.712767,20.017305],[73.712638,20.01724],[73.712508,20.017212],[73.712319,20.017239],[73.712336,20.017303],[73.712459,20.017279],[73.712599,20.017298],[73.712702,20.017353],[73.712749,20.017559],[73.712814,20.01791],[73.7129,20.01825],[73.712916,20.018265],[73.713122,20.018211],[73.713227,20.018633],[73.713264,20.018807],[73.713331,20.01927],[73.71339,20.019608],[73.712862,20.019674],[73.712948,20.020138],[73.712985,20.020352],[73.713058,20.020464],[73.713126,20.020729],[73.713507,20.020666],[73.713966,20.020588],[73.714314,20.020547],[73.714317,20.020688],[73.71469,20.020633],[73.714835,20.020617],[73.714829,20.020496],[73.714812,20.020441],[73.714776,20.020266],[73.715185,20.020234],[73.715308,20.02022],[73.715532,20.020527],[73.715576,20.020563],[73.715825,20.020446],[73.716104,20.020373],[73.716317,20.02033],[73.716494,20.020257],[73.716687,20.020105],[73.717057,20.019835],[73.717523,20.01951],[73.717927,20.019203],[73.718322,20.018916],[73.71866,20.018706],[73.718719,20.018709]]]}},{"type":"Feature","properties":{"Name":"MH 15 HH 8214","routeId":958,"fill-opacity":0.03,"stroke-width":1,"stroke-opacity":0.5,"locationConfidence":"verified","locationSource":"NMC waste collection vehicle tracking export, 30 Aug 2026 (RTI)"},"geometry":{"type":"Polygon","coordinates":[[[73.748005,19.981591],[73.747512,19.980079],[73.747229,19.979144],[73.74709,19.978151],[73.7471,19.976638],[73.746875,19.975065],[73.746255,19.972843],[73.745203,19.972994],[73.7442,19.973206],[73.743208,19.973604],[73.741609,19.974229],[73.740906,19.973377],[73.741051,19.973156],[73.740906,19.97304],[73.740413,19.973448],[73.739941,19.972964],[73.739624,19.973115],[73.739182,19.972556],[73.738061,19.972879],[73.736602,19.973357],[73.734987,19.973776],[73.73268,19.974557],[73.730674,19.975193],[73.729102,19.975757],[73.728013,19.976166],[73.727048,19.976312],[73.725689,19.976312],[73.72481,19.976201],[73.72445,19.97608],[73.723275,19.975979],[73.722542,19.975886],[73.722043,19.9758],[73.720562,19.975649],[73.720637,19.975013],[73.721104,19.975064],[73.721174,19.974877],[73.719597,19.974701],[73.719532,19.975689],[73.721625,19.975946],[73.723636,19.976188],[73.724402,19.976228],[73.725255,19.976445],[73.727599,19.976531],[73.730454,19.975505],[73.734268,19.974265],[73.73764,19.973282],[73.739046,19.972858],[73.740741,19.974708],[73.741417,19.976004],[73.741825,19.975687],[73.741433,19.974522],[73.74293,19.973922],[73.743783,19.973599],[73.74441,19.973327],[73.746095,19.97306],[73.746642,19.975006],[73.746905,19.976781],[73.746867,19.978222],[73.74706,19.979488],[73.747715,19.981358],[73.746835,19.981298],[73.746207,19.981394],[73.746261,19.981192],[73.74595,19.981131],[73.745805,19.981479],[73.745671,19.981515],[73.745569,19.981298],[73.74477,19.981449],[73.744695,19.981313],[73.744555,19.981333],[73.744555,19.98152],[73.743772,19.981661],[73.743552,19.980965],[73.7433,19.98101],[73.743595,19.981933],[73.744008,19.981913],[73.744105,19.982493],[73.744695,19.982437],[73.745403,19.982493],[73.745859,19.982362],[73.745687,19.981731],[73.746036,19.981716],[73.746052,19.981973],[73.746937,19.981852],[73.746953,19.981535],[73.748005,19.981671],[73.748005,19.981591]]]}},{"type":"Feature","properties":{"Name":"MH 15 HH 8215","routeId":918,"fill-opacity":0.03,"stroke-width":1,"stroke-opacity":0.5,"locationConfidence":"verified","locationSource":"NMC waste collection vehicle tracking export, 30 Aug 2026 (RTI)"},"geometry":{"type":"Polygon","coordinates":[[[73.725022,19.971548],[73.724995,19.971097],[73.724984,19.970645],[73.724968,19.970184],[73.724917,19.969856],[73.724974,19.969725],[73.724942,19.968497],[73.72496,19.96831],[73.724783,19.96797],[73.724628,19.96802],[73.724786,19.96832],[73.724826,19.969372],[73.72484,19.969709],[73.724754,19.969873],[73.722273,19.970216],[73.722137,19.969147],[73.720391,19.969425],[73.72003,19.966938],[73.720418,19.966797],[73.720649,19.966736],[73.720853,19.966681],[73.721231,19.966603],[73.721759,19.966494],[73.722082,19.966447],[73.722318,19.966454],[73.722599,19.96646],[73.72346,19.966233],[73.723619,19.966112],[73.723689,19.965988],[73.723705,19.965802],[73.723689,19.965388],[73.723771,19.965325],[73.723927,19.965259],[73.724136,19.965166],[73.724254,19.965108],[73.724402,19.964944],[73.724458,19.96488],[73.724533,19.964866],[73.724612,19.964872],[73.724678,19.96494],[73.724886,19.965475],[73.72495,19.965646],[73.724258,19.966246],[73.724451,19.96672],[73.725605,19.967164],[73.725744,19.967214],[73.725235,19.965954],[73.725307,19.965732],[73.725213,19.965654],[73.72508,19.965568],[73.724995,19.965434],[73.724807,19.964953],[73.724716,19.964786],[73.724547,19.964734],[73.724364,19.964827],[73.724163,19.965036],[73.723581,19.965303],[73.723568,19.965623],[73.723589,19.965873],[73.723509,19.966082],[73.723326,19.96617],[73.722532,19.966367],[73.722224,19.966347],[73.722094,19.966334],[73.721275,19.966486],[73.720358,19.966713],[73.719422,19.967011],[73.718929,19.967107],[73.718489,19.96722],[73.718011,19.967369],[73.717968,19.967395],[73.718005,19.967606],[73.717157,19.967719],[73.71721,19.968092],[73.716515,19.968188],[73.716772,19.969646],[73.718301,19.96945],[73.718674,19.971476],[73.717966,19.971547],[73.718132,19.973323],[73.718803,19.973273],[73.718695,19.971745],[73.725022,19.971548]]]}},{"type":"Feature","properties":{"Name":"MH 15 HH 8218","routeId":905,"fill-opacity":0.03,"stroke-width":1,"stroke-opacity":0.5,"locationConfidence":"verified","locationSource":"NMC waste collection vehicle tracking export, 30 Aug 2026 (RTI)"},"geometry":{"type":"Polygon","coordinates":[[[73.703256,19.994361],[73.703634,19.994402],[73.704063,19.994456],[73.704393,19.994487],[73.704825,19.994494],[73.705256,19.994504],[73.705771,19.994522],[73.705812,19.994166],[73.705847,19.993925],[73.706254,19.99396],[73.70674,19.993955],[73.706927,19.993965],[73.707451,19.99398],[73.707708,19.993988],[73.707729,19.993725],[73.707788,19.993266],[73.707815,19.9931],[73.707813,19.992873],[73.707805,19.992631],[73.708041,19.992622],[73.708116,19.99261],[73.708147,19.992569],[73.708156,19.992447],[73.708153,19.992274],[73.708141,19.992002],[73.708136,19.991629],[73.708109,19.991326],[73.707857,19.991331],[73.707723,19.991326],[73.707707,19.991132],[73.707676,19.990898],[73.707665,19.990832],[73.707524,19.990914],[73.707393,19.991001],[73.707272,19.991021],[73.707079,19.991025],[73.706821,19.991033],[73.706708,19.991038],[73.706569,19.991072],[73.7065,19.990986],[73.706417,19.990927],[73.706312,19.990914],[73.706159,19.990907],[73.706118,19.990941],[73.706115,19.991014],[73.70579,19.990991],[73.705512,19.990965],[73.705464,19.991235],[73.705516,19.990976],[73.705069,19.990851],[73.704634,19.990753],[73.70469,19.990542],[73.704636,19.990521],[73.70441,19.990501],[73.704134,19.990484],[73.703934,19.990466],[73.703872,19.99047],[73.703824,19.990629],[73.703728,19.99094],[73.703624,19.991262],[73.70355,19.991532],[73.703488,19.991735],[73.703586,19.991751],[73.703789,19.991804],[73.70399,19.991852],[73.703911,19.992202],[73.703835,19.992459],[73.703779,19.992686],[73.703746,19.99281],[73.703634,19.993095],[73.703533,19.993436],[73.7035,19.993584],[73.703396,19.993898],[73.703336,19.994104],[73.703256,19.994361]]]}},{"type":"Feature","properties":{"Name":"MH 15 HH 8219","routeId":983,"fill-opacity":0.03,"stroke-width":1,"stroke-opacity":0.5,"locationConfidence":"verified","locationSource":"NMC waste collection vehicle tracking export, 30 Aug 2026 (RTI)"},"geometry":{"type":"Polygon","coordinates":[[[73.699791,20.009138],[73.699802,20.009355],[73.700255,20.009572],[73.70099,20.009514],[73.701199,20.010368],[73.703034,20.010267],[73.704099,20.009899],[73.704515,20.011918],[73.704708,20.011893],[73.704439,20.010212],[73.705038,20.010051],[73.705696,20.009871],[73.707147,20.009846],[73.707265,20.010163],[73.708193,20.010229],[73.708279,20.009831],[73.708883,20.009755],[73.708991,20.008495],[73.70869,20.008515],[73.708503,20.009236],[73.707258,20.009034],[73.707279,20.008546],[73.707553,20.008525],[73.707462,20.006781],[73.708529,20.006433],[73.710273,20.005188],[73.711303,20.00533],[73.711673,20.006549],[73.712771,20.008313],[73.715464,20.008298],[73.71688,20.008474],[73.716827,20.008938],[73.718731,20.009084],[73.718602,20.00975],[73.719509,20.00984],[73.719632,20.008434],[73.720737,20.00858],[73.720834,20.009195],[73.721168,20.009271],[73.72135,20.007597],[73.722134,20.008127],[73.723078,20.008631],[73.723872,20.008868],[73.724376,20.008953],[73.724306,20.010022],[73.725309,20.010178],[73.72525,20.01099],[73.726236,20.011059],[73.726435,20.009844],[73.72475,20.00868],[73.723894,20.008507],[73.722118,20.007519],[73.721619,20.007312],[73.720187,20.006924],[73.718438,20.006198],[73.717687,20.006143],[73.715359,20.00579],[73.713803,20.005664],[73.71294,20.005573],[73.712494,20.005271],[73.712333,20.003365],[73.712199,20.002333],[73.711249,20.002424],[73.711239,20.004931],[73.710445,20.00478],[73.709297,20.005511],[73.70809,20.006222],[73.707805,20.005773],[73.707425,20.005309],[73.706346,20.005718],[73.706893,20.006615],[73.705327,20.007396],[73.704307,20.008047],[73.703058,20.00846],[73.701427,20.008818],[73.700193,20.009019],[73.699791,20.009138]]]}},{"type":"Feature","properties":{"Name":"MH 15 HH 8225","routeId":899,"fill-opacity":0.03,"stroke-width":1,"stroke-opacity":0.5,"locationConfidence":"verified","locationSource":"NMC waste collection vehicle tracking export, 30 Aug 2026 (RTI)"},"geometry":{"type":"Polygon","coordinates":[[[73.749754,19.988522],[73.749966,19.988575],[73.750191,19.988633],[73.750644,19.988767],[73.75091,19.988888],[73.75121,19.98893],[73.751699,19.988893],[73.752173,19.988845],[73.752554,19.988787],[73.752836,19.988688],[73.753335,19.988486],[73.753956,19.988225],[73.754895,19.987817],[73.755027,19.987739],[73.754946,19.98761],[73.754788,19.987683],[73.754463,19.987816],[73.754176,19.987937],[73.754031,19.98764],[73.753806,19.987184],[73.753583,19.986748],[73.753346,19.986247],[73.753099,19.985702],[73.752865,19.985238],[73.75333,19.984828],[73.753198,19.984742],[73.752764,19.985135],[73.752155,19.985347],[73.752055,19.98515],[73.752029,19.984979],[73.751964,19.984694],[73.751897,19.984578],[73.751728,19.984402],[73.751852,19.984328],[73.752077,19.984233],[73.752249,19.984175],[73.752418,19.984051],[73.752643,19.983955],[73.753024,19.984054],[73.753193,19.984114],[73.753252,19.983968],[73.752959,19.983855],[73.752792,19.983776],[73.752603,19.983769],[73.752418,19.983865],[73.752132,19.984008],[73.751844,19.984126],[73.751694,19.984214],[73.751597,19.984294],[73.751254,19.984438],[73.750972,19.984443],[73.750715,19.984461],[73.750484,19.984473],[73.750557,19.985378],[73.751427,19.985336],[73.75146,19.985954],[73.752042,19.985941],[73.752152,19.986108],[73.752208,19.986622],[73.752256,19.986957],[73.752326,19.987217],[73.752307,19.987418],[73.752015,19.987451],[73.751672,19.987479],[73.751257,19.987529],[73.750964,19.987567],[73.750704,19.98758],[73.75064,19.987607],[73.75063,19.987892],[73.750659,19.988225],[73.750675,19.988452],[73.750493,19.988469],[73.750276,19.988452],[73.750037,19.988419],[73.749812,19.988363],[73.749754,19.988522]]]}},{"type":"Feature","properties":{"Name":"MH 15 HH 8226","routeId":957,"fill-opacity":0.03,"stroke-width":1,"stroke-opacity":0.5,"locationConfidence":"verified","locationSource":"NMC waste collection vehicle tracking export, 30 Aug 2026 (RTI)"},"geometry":{"type":"Polygon","coordinates":[[[73.691367,19.989448],[73.692198,19.989463],[73.692552,19.987099],[73.694934,19.987154],[73.69797,19.98605],[73.701858,19.984534],[73.702604,19.98409],[73.703065,19.983314],[73.7032,19.983011],[73.705729,19.9829],[73.706104,19.982648],[73.707102,19.982709],[73.708078,19.982598],[73.70875,19.982239],[73.708954,19.981735],[73.711486,19.981695],[73.712333,19.981957],[73.7135,19.982028],[73.714701,19.981917],[73.715958,19.982137],[73.717338,19.982838],[73.717729,19.983236],[73.717776,19.983306],[73.716864,19.983876],[73.716081,19.984809],[73.715325,19.985934],[73.714614,19.986859],[73.714013,19.987827],[73.713367,19.989171],[73.712863,19.990089],[73.712701,19.990327],[73.71188,19.990267],[73.711858,19.99067],[73.710383,19.990499],[73.70989,19.990267],[73.708849,19.990347],[73.708412,19.990209],[73.708267,19.990229],[73.707602,19.990738],[73.707242,19.990919],[73.706802,19.99095],[73.70654,19.990924],[73.70632,19.990919],[73.706288,19.991237],[73.707537,19.991232],[73.707537,19.991545],[73.70795,19.99155],[73.707993,19.992084],[73.708267,19.992084],[73.708294,19.99277],[73.709662,19.99276],[73.70964,19.991888],[73.710043,19.991883],[73.710091,19.991565],[73.712231,19.991787],[73.712446,19.991302],[73.712677,19.990829],[73.713085,19.990319],[73.713498,19.989719],[73.713766,19.989205],[73.714109,19.98858],[73.714245,19.988323],[73.714256,19.988409],[73.714261,19.988479],[73.716616,19.988641],[73.716568,19.989044],[73.717914,19.989079],[73.717995,19.987839],[73.714824,19.987421],[73.715525,19.986377],[73.716228,19.985422],[73.71692,19.984615],[73.717516,19.984126],[73.718288,19.983526],[73.718516,19.983284],[73.71717,19.982099],[73.715793,19.981604],[73.714629,19.981367],[73.714924,19.980222],[73.714468,19.980137],[73.714157,19.98117],[73.714125,19.981301],[73.713003,19.981488],[73.712758,19.981532],[73.711975,19.981104],[73.71102,19.980428],[73.71035,19.980176],[73.709899,19.980121],[73.709207,19.980342],[73.708793,19.980645],[73.708559,19.980883],[73.70843,19.981351],[73.708216,19.981745],[73.707738,19.981936],[73.706343,19.98178],[73.706338,19.981704],[73.704203,19.981578],[73.703196,19.9818],[73.702584,19.982471],[73.701987,19.98334],[73.701574,19.983824],[73.699774,19.984472],[73.696898,19.985587],[73.694837,19.986344],[73.692965,19.986404],[73.691729,19.98646],[73.691342,19.98645],[73.691096,19.98645],[73.690935,19.989414],[73.691367,19.989448]]]}},{"type":"Feature","properties":{"Name":"MH 15 HH 8227","routeId":907,"fill-opacity":0.03,"stroke-width":1,"stroke-opacity":0.5,"locationConfidence":"verified","locationSource":"NMC waste collection vehicle tracking export, 30 Aug 2026 (RTI)"},"geometry":{"type":"Polygon","coordinates":[[[73.719452,19.999301],[73.719752,19.995919],[73.72046,19.99584],[73.721028,19.995815],[73.721511,19.995785],[73.722048,19.995916],[73.722784,19.996167],[73.723561,19.996383],[73.724273,19.996312],[73.72519,19.996201],[73.726662,19.996075],[73.727842,19.995974],[73.728685,19.995903],[73.729452,19.995833],[73.730456,19.995722],[73.730321,19.994709],[73.730219,19.993842],[73.730118,19.992561],[73.73008,19.991581],[73.730161,19.991163],[73.730451,19.9908],[73.730756,19.990331],[73.731073,19.989181],[73.730837,19.989015],[73.731003,19.988788],[73.733009,19.988445],[73.73335,19.988904],[73.733462,19.989093],[73.73335,19.989068],[73.7331,19.989108],[73.732853,19.989141],[73.732687,19.989181],[73.73254,19.989305],[73.732532,19.989359],[73.731776,19.989368],[73.731538,19.989456],[73.731397,19.990317],[73.731971,19.990488],[73.732397,19.990556],[73.73317,19.990708],[73.733771,19.990819],[73.734272,19.990882],[73.734731,19.990922],[73.735069,19.990965],[73.735592,19.991005],[73.735946,19.990509],[73.736083,19.99033],[73.736185,19.990191],[73.736324,19.989846],[73.736466,19.98945],[73.73656,19.989314],[73.736654,19.989213],[73.736791,19.988999],[73.736874,19.988835],[73.736992,19.98888],[73.736912,19.989019],[73.736815,19.989183],[73.736724,19.989314],[73.73659,19.98946],[73.736469,19.989805],[73.736394,19.990014],[73.736289,19.990267],[73.736179,19.99043],[73.736708,19.990572],[73.736638,19.990665],[73.736104,19.990534],[73.736005,19.990637],[73.735841,19.990866],[73.735718,19.99103],[73.73608,19.991063],[73.73671,19.991121],[73.737099,19.991154],[73.737823,19.991214],[73.737864,19.990945],[73.737935,19.990336],[73.737957,19.99016],[73.738013,19.989519],[73.73815,19.989497],[73.738633,19.989535],[73.739081,19.989567],[73.739414,19.989593],[73.74017,19.989666],[73.740767,19.989721],[73.741191,19.989769],[73.74161,19.989814],[73.741945,19.989865],[73.74202,19.989857],[73.742063,19.989376],[73.742101,19.988947],[73.742181,19.988786],[73.742253,19.988489],[73.742519,19.988163],[73.742889,19.98776],[73.743442,19.987958],[73.744004,19.988321],[73.744492,19.988689],[73.745316,19.989188],[73.745675,19.9891],[73.745955,19.989051],[73.746499,19.989142],[73.746435,19.989268],[73.746126,19.990727],[73.74566,19.99065],[73.745033,19.990557],[73.744252,19.990423],[73.743429,19.990287],[73.741991,19.99006],[73.741008,19.989892],[73.740573,19.989818],[73.739766,19.989753],[73.739232,19.989697],[73.738629,19.989647],[73.738124,19.989599],[73.73803,19.990441],[73.737952,19.991056],[73.737931,19.991452],[73.737174,19.991361],[73.736726,19.991323],[73.736498,19.991316],[73.736093,19.991563],[73.735785,19.992417],[73.735417,19.993335],[73.735104,19.994168],[73.734835,19.994806],[73.734602,19.995323],[73.734245,19.99592],[73.733939,19.996464],[73.733827,19.996709],[73.733722,19.997064],[73.733757,19.997886],[73.733899,19.999255],[73.734055,20.000696],[73.734068,20.000885],[73.73505,20.000799],[73.735117,20.000701],[73.736045,20.000598],[73.735986,20.000212],[73.736144,20.000197],[73.736238,20.000696],[73.736284,20.001328],[73.736367,20.001873],[73.736294,20.002165],[73.736058,20.002193],[73.73579,20.002137],[73.735425,20.002143],[73.735055,20.002193],[73.734594,20.002238],[73.734055,20.002291],[73.733966,20.00189],[73.733886,20.001275],[73.733811,20.000577],[73.733639,19.999106],[73.733516,19.997945],[73.733494,19.997143],[73.733634,19.996503],[73.733982,19.995959],[73.734389,19.995202],[73.734797,19.994335],[73.735081,19.993705],[73.73565,19.992228],[73.735923,19.991558],[73.73573,19.991326],[73.734834,19.99125],[73.734475,19.993216],[73.733359,19.99302],[73.733681,19.991104],[73.732726,19.990922],[73.73197,19.990716],[73.731476,19.990766],[73.730806,19.990852],[73.730457,19.991381],[73.730377,19.992248],[73.730537,19.993829],[73.730731,19.995523],[73.730704,19.995992],[73.730267,19.995972],[73.728846,19.996082],[73.726947,19.996259],[73.725278,19.996392],[73.72427,19.996508],[73.723819,19.996598],[73.723395,19.996558],[73.722998,19.997592],[73.722907,19.99807],[73.722956,19.998791],[73.722681,19.998737],[73.721949,19.998818],[73.721489,19.998848],[73.721017,19.998891],[73.720599,19.998992],[73.720081,19.999151],[73.719792,19.999302],[73.719452,19.999301]]]}},{"type":"Feature","properties":{"Name":"MH 15 HH 8230","routeId":908,"fill-opacity":0.03,"stroke-width":1,"stroke-opacity":0.5,"locationConfidence":"verified","locationSource":"NMC waste collection vehicle tracking export, 30 Aug 2026 (RTI)"},"geometry":{"type":"Polygon","coordinates":[[[73.715291,20.013057],[73.715452,20.013321],[73.715757,20.013805],[73.716138,20.014498],[73.716457,20.015028],[73.716696,20.015552],[73.716929,20.015922],[73.717286,20.016507],[73.717617,20.016406],[73.718218,20.01629],[73.718961,20.016189],[73.719954,20.016005],[73.720442,20.015935],[73.720823,20.015862],[73.721134,20.015804],[73.721206,20.015683],[73.721362,20.015534],[73.721464,20.015393],[73.721657,20.015269],[73.721745,20.015201],[73.721862,20.01508],[73.721938,20.015004],[73.722014,20.014889],[73.722168,20.014866],[73.722247,20.014767],[73.722282,20.0147],[73.722483,20.014695],[73.722549,20.015194],[73.722957,20.014867],[73.723185,20.014693],[73.723451,20.014514],[73.723674,20.014351],[73.723472,20.013328],[73.723177,20.013194],[73.722925,20.013068],[73.722681,20.012919],[73.72244,20.012824],[73.722222,20.012748],[73.721559,20.012632],[73.721126,20.012527],[73.720668,20.012401],[73.720353,20.012308],[73.720391,20.012472],[73.720409,20.012704],[73.719926,20.012681],[73.71991,20.012925],[73.719446,20.012908],[73.719106,20.01289],[73.718577,20.012837],[73.718505,20.013251],[73.717998,20.013216],[73.717456,20.013185],[73.716912,20.013163],[73.716461,20.013107],[73.715943,20.013052],[73.715442,20.013034],[73.715291,20.013057]]]}},{"type":"Feature","properties":{"Name":"MH 15 HH 8232","routeId":960,"fill-opacity":0.03,"stroke-width":1,"stroke-opacity":0.5,"locationConfidence":"verified","locationSource":"NMC waste collection vehicle tracking export, 30 Aug 2026 (RTI)"},"geometry":{"type":"Polygon","coordinates":[[[73.729207,19.972222],[73.728772,19.971995],[73.729116,19.971416],[73.729025,19.97132],[73.728746,19.971335],[73.728467,19.969263],[73.728982,19.969197],[73.72878,19.966562],[73.728088,19.966583],[73.7279,19.966532],[73.728018,19.966048],[73.727417,19.965872],[73.727251,19.966356],[73.726988,19.966376],[73.727031,19.96689],[73.726044,19.966734],[73.726001,19.966114],[73.725792,19.96569],[73.725046,19.965771],[73.724461,19.966351],[73.724585,19.966678],[73.725175,19.966986],[73.725518,19.967162],[73.725749,19.967364],[73.725891,19.967425],[73.725687,19.968138],[73.725851,19.968191],[73.725945,19.967919],[73.72707,19.968144],[73.727059,19.968381],[73.727172,19.968512],[73.727255,19.969228],[73.72828,19.969276],[73.728486,19.97099],[73.727403,19.971038],[73.727397,19.97129],[73.726524,19.971228],[73.726417,19.971965],[73.724856,19.971354],[73.724856,19.971566],[73.726561,19.972218],[73.726639,19.971462],[73.727581,19.971472],[73.727552,19.971204],[73.728558,19.971123],[73.728569,19.971494],[73.728827,19.971516],[73.72851,19.972041],[73.729087,19.972391],[73.729207,19.972222]]]}},{"type":"Feature","properties":{"Name":"MH 15 HH 8234","routeId":921,"fill-opacity":0.03,"stroke-width":1,"stroke-opacity":0.5,"locationConfidence":"verified","locationSource":"NMC waste collection vehicle tracking export, 30 Aug 2026 (RTI)"},"geometry":{"type":"Polygon","coordinates":[[[73.709882,20.004875],[73.708224,20.0061],[73.70817,20.006132],[73.708323,20.004952],[73.706238,20.004848],[73.706248,20.004591],[73.70583,20.004576],[73.705835,20.004359],[73.705835,20.004168],[73.704784,20.004132],[73.704666,20.002182],[73.701496,20.002182],[73.701789,19.999708],[73.704658,19.999734],[73.706599,20.00047],[73.706632,20.001942],[73.706599,20.002859],[73.707853,20.002834],[73.709666,20.003172],[73.709934,20.003212],[73.709882,20.004875]]]}},{"type":"Feature","properties":{"Name":"MH 15 HH 8236","routeId":933,"fill-opacity":0.03,"stroke-width":1,"stroke-opacity":0.5,"locationConfidence":"verified","locationSource":"NMC waste collection vehicle tracking export, 30 Aug 2026 (RTI)"},"geometry":{"type":"Polygon","coordinates":[[[73.804503,20.007156],[73.804031,20.006384],[73.80358,20.005346],[73.803401,20.004564],[73.803331,20.00407],[73.802843,20.004151],[73.801839,20.004776],[73.801094,20.00469],[73.801115,20.003793],[73.799973,20.003687],[73.798953,20.003541],[73.798959,20.002714],[73.798819,20.001953],[73.798514,20.001953],[73.796578,20.001973],[73.795897,20.002049],[73.79513,20.002437],[73.794695,20.002981],[73.794346,20.003863],[73.794244,20.004191],[73.794733,20.004453],[73.795165,20.004986],[73.7956,20.005206],[73.796271,20.005514],[73.796822,20.005674],[73.797525,20.005891],[73.797922,20.005972],[73.798512,20.006254],[73.799259,20.006469],[73.799485,20.006602],[73.800027,20.007187],[73.800699,20.007788],[73.80145,20.008466],[73.80167,20.00864],[73.801866,20.008811],[73.802153,20.008801],[73.802434,20.008902],[73.802713,20.008978],[73.802894,20.008725],[73.803163,20.008463],[73.80336,20.008267],[73.803607,20.007962],[73.80387,20.007572],[73.804064,20.007132],[73.804165,20.007291],[73.804503,20.007156]]]}},{"type":"Feature","properties":{"Name":"MH 15 HH 8303","routeId":465,"fill-opacity":0.03,"stroke-width":1,"stroke-opacity":0.5,"locationConfidence":"verified","locationSource":"NMC waste collection vehicle tracking export, 30 Aug 2026 (RTI)"},"geometry":{"type":"Polygon","coordinates":[[[73.794163,19.970151],[73.798218,19.969941],[73.799855,19.967962],[73.79976,19.966667],[73.797875,19.964612],[73.796581,19.964631],[73.795534,19.966306],[73.794144,19.967867],[73.794163,19.970151]]]}},{"type":"Feature","properties":{"Name":"MH 15 HH 8324","routeId":397,"fill-opacity":0.03,"stroke-width":1,"stroke-opacity":0.5,"locationConfidence":"verified","locationSource":"NMC waste collection vehicle tracking export, 30 Aug 2026 (RTI)"},"geometry":{"type":"Polygon","coordinates":[[[73.815408,20.01293],[73.818884,20.014381],[73.823004,20.015551],[73.826566,20.016962],[73.832274,20.020067],[73.836569,20.022407],[73.834852,20.03023],[73.834825,20.036821],[73.835091,20.046591],[73.835434,20.055097],[73.835949,20.063523],[73.836121,20.066989],[73.83964,20.068199],[73.842815,20.070295],[73.844961,20.072552],[73.844103,20.076905],[73.845819,20.077389],[73.846764,20.075373],[73.84902,20.073001],[73.850581,20.071672],[73.852262,20.0703],[73.854061,20.069273],[73.855459,20.068654],[73.857433,20.068331],[73.860373,20.06842],[73.862776,20.068783],[73.865523,20.069508],[73.867755,20.069992],[73.8693,20.070838],[73.875054,20.067967],[73.878444,20.065911],[73.881839,20.063879],[73.887014,20.062198],[73.892478,20.060854],[73.900541,20.058095],[73.907493,20.055353],[73.912557,20.053015],[73.92054,20.0485],[73.921226,20.045275],[73.923115,20.041404],[73.91539,20.03955],[73.906463,20.037857],[73.897623,20.038018],[73.889984,20.037695],[73.882795,20.03605],[73.876529,20.034921],[73.876529,20.029518],[73.875328,20.023712],[73.874298,20.018874],[73.873214,20.012728],[73.872898,20.009778],[73.866203,20.010907],[73.857019,20.012117],[73.857706,20.006713],[73.859165,19.999454],[73.858907,19.994212],[73.858271,19.99026],[73.857884,19.986792],[73.853703,19.989855],[73.851857,19.991045],[73.850945,19.990168],[73.850423,19.989204],[73.848688,19.989018],[73.846452,19.989715],[73.84458,19.99],[73.843771,19.989597],[73.842998,19.988428],[73.842312,19.986834],[73.841325,19.985584],[73.840102,19.984798],[73.838771,19.984475],[73.837527,19.984475],[73.835832,19.984919],[73.832706,19.986334],[73.829358,19.987988],[73.824981,19.989238],[73.822706,19.989964],[73.820021,19.991288],[73.817017,19.993546],[73.815944,19.99528],[73.815944,19.999273],[73.815369,20.000834],[73.816442,20.001721],[73.819317,20.001923],[73.822192,20.001802],[73.825154,20.001519],[73.825926,20.004786],[73.828587,20.003778],[73.829273,20.006721],[73.825299,20.008958],[73.824269,20.010813],[73.821501,20.011095],[73.817552,20.011397],[73.817466,20.012849],[73.815664,20.012365],[73.815408,20.01293]]]}},{"type":"Feature","properties":{"Name":"MH 15 HH 8325","routeId":917,"fill-opacity":0.03,"stroke-width":1,"stroke-opacity":0.5,"locationConfidence":"verified","locationSource":"NMC waste collection vehicle tracking export, 30 Aug 2026 (RTI)"},"geometry":{"type":"Polygon","coordinates":[[[73.783265,20.029035],[73.782578,20.029226],[73.780669,20.029841],[73.780733,20.030113],[73.780368,20.030174],[73.780304,20.030587],[73.779274,20.030597],[73.778931,20.030637],[73.778941,20.030829],[73.778673,20.03099],[73.778641,20.031514],[73.777407,20.031706],[73.777353,20.031383],[73.777075,20.031424],[73.777182,20.032048],[73.777471,20.03229],[73.777611,20.032865],[73.777911,20.032714],[73.778362,20.031988],[73.778641,20.03219],[73.77863,20.032421],[73.778308,20.032462],[73.778459,20.0348],[73.779295,20.03473],[73.779377,20.035717],[73.779077,20.035747],[73.77912,20.036393],[73.77868,20.036382],[73.779013,20.037098],[73.779151,20.038114],[73.778722,20.038023],[73.778851,20.03889],[73.780814,20.038708],[73.780739,20.03896],[73.7812,20.03893],[73.780719,20.040211],[73.780407,20.040171],[73.780558,20.039273],[73.780193,20.039203],[73.78,20.04011],[73.779882,20.039898],[73.779839,20.039657],[73.778315,20.039667],[73.77809,20.039757],[73.777768,20.040675],[73.778369,20.040967],[73.778229,20.042015],[73.777157,20.041944],[73.777339,20.042569],[73.77642,20.042538],[73.776441,20.043445],[73.777214,20.043808],[73.779166,20.043677],[73.78039,20.041822],[73.781232,20.040182],[73.782058,20.038186],[73.783002,20.035816],[73.783163,20.034308],[73.783206,20.032988],[73.783485,20.031164],[73.78371,20.028765],[73.783265,20.029035]]]}},{"type":"Feature","properties":{"Name":"MH 15 HH 8326","routeId":902,"fill-opacity":0.03,"stroke-width":1,"stroke-opacity":0.5,"locationConfidence":"verified","locationSource":"NMC waste collection vehicle tracking export, 30 Aug 2026 (RTI)"},"geometry":{"type":"Polygon","coordinates":[[[73.730387,19.970387],[73.7305,19.970183],[73.730701,19.969863],[73.731144,19.969091],[73.731412,19.968601],[73.731677,19.968115],[73.731964,19.967623],[73.732147,19.967278],[73.732368,19.966848],[73.732534,19.966553],[73.732816,19.966019],[73.733009,19.965676],[73.733229,19.96522],[73.733325,19.965066],[73.7331,19.964948],[73.732645,19.96473],[73.732464,19.964637],[73.732327,19.96457],[73.732267,19.964503],[73.732199,19.964168],[73.732094,19.963816],[73.7319,19.963874],[73.731502,19.963987],[73.731243,19.964049],[73.731024,19.9641],[73.730764,19.964148],[73.730562,19.964192],[73.730387,19.964243],[73.730214,19.964296],[73.730241,19.964409],[73.730285,19.964671],[73.730332,19.964956],[73.730375,19.965216],[73.730413,19.965431],[73.730452,19.965662],[73.730486,19.965899],[73.730525,19.966179],[73.730594,19.966668],[73.730104,19.966645],[73.729753,19.96662],[73.72955,19.966626],[73.729396,19.966614],[73.729196,19.966599],[73.72914,19.96662],[73.728664,19.966606],[73.728254,19.966633],[73.728266,19.966705],[73.728294,19.96716],[73.728313,19.967526],[73.728324,19.968001],[73.728351,19.968444],[73.728376,19.968724],[73.72884,19.968717],[73.72887,19.969152],[73.729359,19.969121],[73.729398,19.96931],[73.729422,19.969587],[73.729435,19.969836],[73.729475,19.969833],[73.729685,19.969954],[73.729848,19.970051],[73.73011,19.970187],[73.730232,19.970253],[73.730387,19.970387]]]}},{"type":"Feature","properties":{"Name":"MH 15 HH 8327","routeId":975,"fill-opacity":0.03,"stroke-width":1,"stroke-opacity":0.5,"locationConfidence":"verified","locationSource":"NMC waste collection vehicle tracking export, 30 Aug 2026 (RTI)"},"geometry":{"type":"Polygon","coordinates":[[[73.816149,20.04548],[73.815001,20.042951],[73.81426,20.043162],[73.814293,20.043817],[73.813949,20.043888],[73.813638,20.042255],[73.812372,20.042366],[73.812233,20.041862],[73.814282,20.041419],[73.813863,20.040532],[73.81146,20.041046],[73.81115,20.039898],[73.810571,20.039868],[73.810549,20.040412],[73.809841,20.040321],[73.80924,20.03882],[73.809148,20.035792],[73.808836,20.035782],[73.80869,20.034665],[73.809183,20.033849],[73.808872,20.032095],[73.810557,20.031752],[73.814623,20.03101],[73.814526,20.031796],[73.816833,20.032008],[73.817123,20.033469],[73.815824,20.033681],[73.815975,20.034175],[73.817133,20.033993],[73.817026,20.034518],[73.815728,20.03476],[73.815569,20.037242],[73.815097,20.037333],[73.815419,20.033926],[73.81381,20.033936],[73.813746,20.033291],[73.8141,20.033301],[73.813735,20.032192],[73.809701,20.032676],[73.809862,20.033875],[73.810623,20.033503],[73.810656,20.033019],[73.811471,20.032999],[73.812061,20.034611],[73.813692,20.034178],[73.81366,20.034752],[73.812158,20.035216],[73.813724,20.038593],[73.814904,20.038478],[73.814904,20.038851],[73.814024,20.039163],[73.815172,20.042035],[73.816041,20.041551],[73.816514,20.041561],[73.816717,20.04262],[73.817554,20.042287],[73.817689,20.042967],[73.816155,20.043632],[73.816828,20.04542],[73.816149,20.04548]]]}},{"type":"Feature","properties":{"Name":"MH 15 HH 8329","routeId":898,"fill-opacity":0.03,"stroke-width":1,"stroke-opacity":0.5,"locationConfidence":"verified","locationSource":"NMC waste collection vehicle tracking export, 30 Aug 2026 (RTI)"},"geometry":{"type":"Polygon","coordinates":[[[73.749849,19.98768],[73.749815,19.987505],[73.749566,19.986797],[73.749241,19.986098],[73.749048,19.985618],[73.748955,19.985058],[73.748853,19.984598],[73.748767,19.984006],[73.748609,19.983423],[73.748515,19.98277],[73.748434,19.982327],[73.74833,19.98214],[73.74812,19.98177],[73.748016,19.981626],[73.747922,19.981477],[73.747804,19.98148],[73.747474,19.981455],[73.747497,19.981608],[73.747508,19.981774],[73.747521,19.981896],[73.747522,19.981997],[73.746172,19.981961],[73.746183,19.982524],[73.746141,19.983048],[73.746114,19.983381],[73.746077,19.983802],[73.745599,19.983759],[73.745564,19.983814],[73.745543,19.983922],[73.745546,19.984266],[73.745556,19.984411],[73.745594,19.984472],[73.745669,19.984492],[73.745825,19.984511],[73.745834,19.984868],[73.745494,19.984876],[73.745512,19.985158],[73.745531,19.98546],[73.746309,19.98542],[73.746411,19.986035],[73.746191,19.986065],[73.746299,19.986651],[73.746528,19.986631],[73.746957,19.986561],[73.747064,19.987304],[73.747802,19.987231],[73.74788,19.987877],[73.748569,19.987788],[73.748612,19.988028],[73.74939,19.987854],[73.749868,19.98774],[73.749849,19.98768]]]}},{"type":"Feature","properties":{"Name":"MH 15 HH 8330","routeId":313,"fill-opacity":0.03,"stroke-width":1,"stroke-opacity":0.5,"locationConfidence":"verified","locationSource":"NMC waste collection vehicle tracking export, 30 Aug 2026 (RTI)"},"geometry":{"type":"Polygon","coordinates":[[[73.726566,19.972322],[73.726636,19.97152],[73.727333,19.971561],[73.727436,19.972287],[73.727748,19.972322],[73.72778,19.97273],[73.728397,19.97265],[73.729213,19.971433],[73.729339,19.970972],[73.729205,19.970103],[73.729452,19.969997],[73.730005,19.970342],[73.729838,19.97071],[73.730133,19.970901],[73.731092,19.969329],[73.731392,19.968985],[73.730638,19.968795],[73.730472,19.967784],[73.729698,19.967926],[73.729882,19.968789],[73.729239,19.968799],[73.72823,19.969076],[73.728194,19.969449],[73.726745,19.96949],[73.726674,19.968397],[73.726758,19.967828],[73.72679,19.967429],[73.726066,19.967273],[73.7257,19.967717],[73.725582,19.968135],[73.725845,19.968236],[73.725925,19.967948],[73.72644,19.968059],[73.726454,19.969719],[73.727621,19.969777],[73.727744,19.970301],[73.727079,19.970438],[73.727047,19.971251],[73.72635,19.971271],[73.726272,19.972174],[73.726566,19.972322]]]}},{"type":"Feature","properties":{"Name":"MH 15 HH 8331","routeId":326,"fill-opacity":0.03,"stroke-width":1,"stroke-opacity":0.5,"locationConfidence":"verified","locationSource":"NMC waste collection vehicle tracking export, 30 Aug 2026 (RTI)"},"geometry":{"type":"Polygon","coordinates":[[[73.753602,20.011967],[73.754702,20.011919],[73.755174,20.011907],[73.755788,20.011921],[73.756034,20.011929],[73.756077,20.01242],[73.756329,20.014441],[73.758808,20.013968],[73.759001,20.016243],[73.759038,20.017085],[73.75925,20.018466],[73.759368,20.019055],[73.759626,20.019055],[73.759636,20.02038],[73.759556,20.021127],[73.759384,20.021863],[73.758226,20.021601],[73.758344,20.020285],[73.757947,20.020246],[73.757969,20.019515],[73.756874,20.019525],[73.756584,20.019324],[73.756424,20.018996],[73.756435,20.018274],[73.75644,20.017543],[73.756408,20.016797],[73.755834,20.016761],[73.755593,20.015572],[73.755483,20.015074],[73.753938,20.015351],[73.753801,20.014509],[73.753662,20.013603],[73.753565,20.012776],[73.753504,20.011965],[73.753602,20.011967]]]}},{"type":"Feature","properties":{"Name":"MH 15 HH 8332","routeId":885,"fill-opacity":0.03,"stroke-width":1,"stroke-opacity":0.5,"locationConfidence":"verified","locationSource":"NMC waste collection vehicle tracking export, 30 Aug 2026 (RTI)"},"geometry":{"type":"Polygon","coordinates":[[[73.734024,20.012877],[73.734705,20.012554],[73.73595,20.011987],[73.736535,20.011645],[73.736344,20.011007],[73.736975,20.010692],[73.736822,20.010354],[73.736696,20.010417],[73.736802,20.010684],[73.736298,20.010916],[73.736013,20.010139],[73.735837,20.009645],[73.735765,20.009496],[73.735424,20.0096],[73.734965,20.009655],[73.734863,20.008894],[73.734812,20.008496],[73.734646,20.008516],[73.734689,20.008919],[73.734788,20.009564],[73.733831,20.009653],[73.733758,20.009186],[73.73319,20.009179],[73.733083,20.008624],[73.733012,20.008392],[73.732905,20.007985],[73.732866,20.007905],[73.732588,20.008044],[73.732251,20.008217],[73.731902,20.008386],[73.731611,20.008538],[73.731451,20.008297],[73.7314,20.00819],[73.731303,20.007846],[73.731257,20.007626],[73.731199,20.007434],[73.731203,20.007229],[73.731194,20.00713],[73.731195,20.007083],[73.730867,20.007105],[73.730545,20.007123],[73.730517,20.006727],[73.730458,20.005932],[73.730406,20.00588],[73.729616,20.005924],[73.729286,20.00595],[73.729235,20.005355],[73.729468,20.00533],[73.729449,20.005249],[73.729229,20.005234],[73.729243,20.005005],[73.729358,20.004909],[73.729366,20.004742],[73.729331,20.004384],[73.729297,20.004031],[73.730565,20.003943],[73.730664,20.004649],[73.730708,20.005228],[73.730718,20.005518],[73.730818,20.00548],[73.730791,20.005178],[73.731314,20.005155],[73.731381,20.005417],[73.731472,20.005367],[73.731338,20.00476],[73.731232,20.004269],[73.731157,20.003788],[73.73113,20.003627],[73.731312,20.003611],[73.731288,20.003513],[73.731044,20.003558],[73.73102,20.003646],[73.731144,20.004226],[73.731238,20.0047],[73.730771,20.004735],[73.73065,20.003825],[73.729961,20.003883],[73.729196,20.003946],[73.729274,20.004881],[73.728636,20.004929],[73.728078,20.004967],[73.727979,20.005379],[73.72775,20.006047],[73.72756,20.006619],[73.72826,20.006556],[73.729185,20.006511],[73.729261,20.006444],[73.729266,20.006311],[73.729275,20.006041],[73.729684,20.00598],[73.730346,20.005958],[73.730392,20.006084],[73.730484,20.007195],[73.730953,20.007151],[73.731144,20.007145],[73.731148,20.00742],[73.731239,20.007761],[73.73133,20.008144],[73.731406,20.008349],[73.731601,20.008641],[73.732037,20.008412],[73.732355,20.008251],[73.732831,20.008023],[73.732913,20.008223],[73.733009,20.008785],[73.73311,20.009306],[73.733656,20.009289],[73.733751,20.009904],[73.733815,20.010393],[73.733853,20.010743],[73.733607,20.010806],[73.733257,20.010848],[73.732698,20.010912],[73.73214,20.010972],[73.731962,20.009913],[73.731766,20.009893],[73.731155,20.009989],[73.730643,20.010077],[73.73046,20.01016],[73.730305,20.010329],[73.731235,20.011211],[73.732027,20.011073],[73.733632,20.010881],[73.733723,20.011202],[73.733897,20.01208],[73.734024,20.012877]]]}},{"type":"Feature","properties":{"Name":"MH 15 HH 8334","routeId":327,"fill-opacity":0.03,"stroke-width":1,"stroke-opacity":0.5,"locationConfidence":"verified","locationSource":"NMC waste collection vehicle tracking export, 30 Aug 2026 (RTI)"},"geometry":{"type":"Polygon","coordinates":[[[73.741047,20.005422],[73.740854,20.005092],[73.740702,20.00474],[73.740627,20.004433],[73.740547,20.003984],[73.740445,20.003218],[73.740396,20.002936],[73.741249,20.002835],[73.742435,20.002754],[73.743417,20.002766],[73.744302,20.002771],[73.745284,20.002681],[73.746228,20.002664],[73.747355,20.002628],[73.74847,20.002558],[73.749699,20.002442],[73.750005,20.002548],[73.75008,20.002633],[73.751684,20.002407],[73.752392,20.002321],[73.752537,20.003173],[73.751024,20.003505],[73.750261,20.003673],[73.750277,20.004646],[73.74892,20.004823],[73.748882,20.003976],[73.747509,20.004117],[73.747504,20.004576],[73.74554,20.004933],[73.744543,20.005269],[73.743626,20.005576],[73.74133,20.005945],[73.741047,20.005422]]]}},{"type":"Feature","properties":{"Name":"MH 15 HH 8335","routeId":896,"fill-opacity":0.03,"stroke-width":1,"stroke-opacity":0.5,"locationConfidence":"verified","locationSource":"NMC waste collection vehicle tracking export, 30 Aug 2026 (RTI)"},"geometry":{"type":"Polygon","coordinates":[[[73.718133,19.988619],[73.718211,19.988621],[73.718224,19.988592],[73.718401,19.988565],[73.718566,19.988565],[73.718828,19.988577],[73.719287,19.988634],[73.719588,19.988668],[73.719979,19.988714],[73.720286,19.988735],[73.720713,19.98876],[73.721017,19.98874],[73.721098,19.988735],[73.721255,19.98874],[73.721432,19.988743],[73.721509,19.988773],[73.721601,19.988838],[73.721657,19.988853],[73.721882,19.988637],[73.722073,19.988427],[73.722357,19.988032],[73.722563,19.987744],[73.722841,19.987385],[73.723096,19.987007],[73.723241,19.986682],[73.723396,19.986264],[73.723364,19.98611],[73.723418,19.986188],[73.723715,19.985643],[73.723552,19.985641],[73.723225,19.985522],[73.722863,19.985364],[73.722699,19.985253],[73.722463,19.985164],[73.722042,19.984948],[73.721924,19.984847],[73.721573,19.984716],[73.721077,19.984517],[73.720554,19.984315],[73.720186,19.984182],[73.719776,19.984018],[73.719685,19.98397],[73.719473,19.983902],[73.719312,19.984819],[73.717558,19.984512],[73.716695,19.984376],[73.716395,19.984769],[73.71603,19.985223],[73.71567,19.985747],[73.715514,19.98597],[73.715294,19.986222],[73.715101,19.986555],[73.714913,19.986832],[73.714661,19.987195],[73.715074,19.987447],[73.716426,19.987608],[73.718491,19.98785],[73.718325,19.988082],[73.718105,19.988463],[73.718038,19.988602],[73.718133,19.988619]]]}},{"type":"Feature","properties":{"Name":"MH 15 HH 8336","routeId":331,"fill-opacity":0.03,"stroke-width":1,"stroke-opacity":0.5,"locationConfidence":"verified","locationSource":"NMC waste collection vehicle tracking export, 30 Aug 2026 (RTI)"},"geometry":{"type":"Polygon","coordinates":[[[73.719303,20.030175],[73.719062,20.03137],[73.718992,20.031899],[73.718949,20.032426],[73.718469,20.032677],[73.7184,20.033388],[73.717606,20.033494],[73.717368,20.033048],[73.717161,20.032685],[73.716971,20.032242],[73.716941,20.031924],[73.716818,20.03163],[73.716533,20.031248],[73.716227,20.030925],[73.716013,20.030561],[73.715732,20.030056],[73.715521,20.029504],[73.715385,20.029136],[73.715791,20.02852],[73.715127,20.02743],[73.714607,20.028161],[73.713973,20.027338],[73.714146,20.027214],[73.714602,20.027826],[73.714996,20.027096],[73.714608,20.026261],[73.713977,20.025032],[73.713466,20.025497],[73.713308,20.025311],[73.714037,20.024712],[73.714522,20.025662],[73.715123,20.026853],[73.715558,20.02623],[73.716468,20.026213],[73.717843,20.026013],[73.717881,20.026835],[73.71835,20.027077],[73.719399,20.026024],[73.720495,20.0252],[73.721442,20.024477],[73.720877,20.023738],[73.720829,20.022881],[73.719886,20.021689],[73.719001,20.020217],[73.718502,20.018991],[73.716979,20.020201],[73.717354,20.021277],[73.716973,20.021395],[73.716702,20.020334],[73.716515,20.020078],[73.717212,20.019548],[73.718444,20.018616],[73.719418,20.017752],[73.720151,20.01705],[73.720969,20.016326],[73.721733,20.015643],[73.72272,20.014841],[73.723621,20.014152],[73.724638,20.013466],[73.726078,20.012539],[73.726442,20.014057],[73.726925,20.01624],[73.727397,20.017973],[73.728368,20.018214],[73.729296,20.020079],[73.730992,20.019325],[73.730021,20.017354],[73.730493,20.017147],[73.73165,20.01902],[73.733714,20.018085],[73.73445,20.017241],[73.736033,20.016286],[73.737029,20.015199],[73.738171,20.014283],[73.738482,20.014656],[73.737839,20.015131],[73.736959,20.016219],[73.737196,20.01659],[73.737474,20.016503],[73.738124,20.016815],[73.73918,20.019008],[73.739647,20.018829],[73.739803,20.019131],[73.73866,20.019676],[73.737995,20.018132],[73.737469,20.018308],[73.736636,20.016455],[73.735778,20.017011],[73.734855,20.017505],[73.734159,20.018305],[73.733634,20.018602],[73.73282,20.019004],[73.731636,20.019563],[73.732055,20.02047],[73.731797,20.020612],[73.731352,20.019679],[73.729785,20.020412],[73.727939,20.021309],[73.727703,20.020747],[73.726625,20.021135],[73.726452,20.020857],[73.727535,20.020199],[73.727091,20.018906],[73.726699,20.017549],[73.726468,20.016796],[73.726399,20.015309],[73.726007,20.013684],[73.725847,20.013032],[73.724571,20.013899],[73.723547,20.014569],[73.722313,20.015562],[73.721143,20.016562],[73.719946,20.017644],[73.718869,20.018704],[73.719423,20.020092],[73.720148,20.021445],[73.720963,20.022236],[73.721371,20.022955],[73.721403,20.023806],[73.722095,20.024509],[73.71992,20.026019],[73.718699,20.027188],[73.717744,20.028458],[73.716845,20.029484],[73.718106,20.029807],[73.718524,20.030064],[73.719211,20.029983],[73.719303,20.030175]]]}},{"type":"Feature","properties":{"Name":"MH 15 HH 8338","routeId":330,"fill-opacity":0.03,"stroke-width":1,"stroke-opacity":0.5,"locationConfidence":"verified","locationSource":"NMC waste collection vehicle tracking export, 30 Aug 2026 (RTI)"},"geometry":{"type":"Polygon","coordinates":[[[73.734416,20.00503],[73.734513,20.005424],[73.734593,20.005766],[73.734671,20.006122],[73.735269,20.00595],[73.735894,20.005719],[73.736382,20.005545],[73.737326,20.005497],[73.737648,20.005486],[73.737766,20.005184],[73.739375,20.004892],[73.740931,20.00465],[73.741371,20.005416],[73.741927,20.006276],[73.742023,20.006437],[73.73535,20.007546],[73.735157,20.007526],[73.733237,20.007808],[73.73122,20.008655],[73.728924,20.009582],[73.728559,20.009502],[73.727872,20.009552],[73.726199,20.008877],[73.726542,20.008221],[73.726875,20.008332],[73.7271,20.008433],[73.727668,20.007647],[73.72858,20.007556],[73.728527,20.00678],[73.729213,20.006679],[73.72946,20.006538],[73.7299,20.006477],[73.729879,20.005842],[73.730565,20.005816],[73.731273,20.005765],[73.731188,20.005241],[73.73166,20.005191],[73.731745,20.005705],[73.734074,20.005483],[73.7343,20.005462],[73.734184,20.005026],[73.734416,20.00503]]]}},{"type":"Feature","properties":{"Name":"MH 15 HH 8340","routeId":890,"fill-opacity":0.03,"stroke-width":1,"stroke-opacity":0.5,"locationConfidence":"verified","locationSource":"NMC waste collection vehicle tracking export, 30 Aug 2026 (RTI)"},"geometry":{"type":"Polygon","coordinates":[[[73.726755,19.988906],[73.726624,19.988923],[73.72587,19.988928],[73.725854,19.988268],[73.725857,19.987913],[73.725824,19.987789],[73.725757,19.987754],[73.725328,19.987766],[73.725202,19.987489],[73.724958,19.987535],[73.72455,19.987605],[73.724051,19.987613],[73.724076,19.987204],[73.724078,19.986912],[73.72406,19.986862],[73.723837,19.986836],[73.723382,19.986818],[73.723108,19.986788],[73.723003,19.987015],[73.722864,19.987216],[73.722609,19.987546],[73.722406,19.987847],[73.72217,19.988148],[73.721958,19.98843],[73.721765,19.988649],[73.721558,19.988844],[73.721398,19.989285],[73.721331,19.989375],[73.721328,19.989511],[73.721246,19.989339],[73.720543,19.989123],[73.720117,19.989135],[73.719878,19.98911],[73.719551,19.9891],[73.719081,19.989027],[73.718624,19.988984],[73.718326,19.988954],[73.717934,19.988901],[73.717789,19.989062],[73.717628,19.989218],[73.717466,19.989348],[73.717329,19.989479],[73.717198,19.989532],[73.71697,19.989557],[73.71642,19.98954],[73.715908,19.989515],[73.715941,19.989276],[73.715986,19.988878],[73.716018,19.988584],[73.715611,19.988549],[73.715328,19.988528],[73.715048,19.98851],[73.714717,19.988478],[73.714398,19.98846],[73.71437,19.988747],[73.714298,19.989324],[73.714145,19.989294],[73.713898,19.989216],[73.713724,19.989159],[73.713561,19.989099],[73.713512,19.9892],[73.713695,19.989221],[73.714176,19.989365],[73.714524,19.989427],[73.715404,19.989549],[73.715933,19.9896],[73.716539,19.989625],[73.716912,19.989617],[73.717199,19.98961],[73.717335,19.989562],[73.717805,19.989592],[73.71777,19.98993],[73.717743,19.990041],[73.717866,19.990011],[73.717776,19.991033],[73.718375,19.991041],[73.718916,19.991104],[73.71938,19.991134],[73.719954,19.99121],[73.720335,19.991308],[73.720703,19.991399],[73.720778,19.991379],[73.720886,19.990993],[73.720999,19.990592],[73.721067,19.990357],[73.721188,19.989997],[73.721351,19.989623],[73.721399,19.989507],[73.721501,19.989292],[73.721503,19.989212],[73.721608,19.98896],[73.721678,19.988841],[73.721949,19.988589],[73.72256,19.988713],[73.722802,19.988746],[73.723365,19.988796],[73.723848,19.988884],[73.724258,19.988957],[73.724266,19.989134],[73.724339,19.989146],[73.724733,19.989179],[73.724725,19.989035],[73.725165,19.989018],[73.725556,19.989015],[73.725964,19.989018],[73.726339,19.989015],[73.726769,19.988987],[73.726755,19.988906]]]}},{"type":"Feature","properties":{"Name":"MH 15 HH 8341","routeId":752,"fill-opacity":0.03,"stroke-width":1,"stroke-opacity":0.5,"locationConfidence":"verified","locationSource":"NMC waste collection vehicle tracking export, 30 Aug 2026 (RTI)"},"geometry":{"type":"Polygon","coordinates":[[[73.747301,19.979751],[73.746741,19.979809],[73.746277,19.979826],[73.745747,19.979864],[73.745457,19.979872],[73.745052,19.979657],[73.74469,19.979988],[73.745342,19.980654],[73.745664,19.981035],[73.745704,19.98107],[73.746514,19.980898],[73.746551,19.980888],[73.746573,19.98089],[73.746707,19.981522],[73.7478,19.981618],[73.748275,19.982328],[73.748451,19.983213],[73.748652,19.984034],[73.748849,19.984032],[73.748959,19.984015],[73.749302,19.986172],[73.751304,19.986026],[73.751293,19.985613],[73.750456,19.985613],[73.750338,19.984544],[73.751218,19.984464],[73.750832,19.982719],[73.751143,19.982659],[73.750907,19.981287],[73.75051,19.980017],[73.747785,19.980582],[73.747474,19.979725],[73.747301,19.979751]]]}},{"type":"Feature","properties":{"Name":"MH 15 HH 8445 - G","routeId":608,"fill-opacity":0.03,"stroke-width":1,"stroke-opacity":0.5,"locationConfidence":"verified","locationSource":"NMC waste collection vehicle tracking export, 30 Aug 2026 (RTI)"},"geometry":{"type":"Polygon","coordinates":[[[73.752525,19.989564],[73.752704,19.989486],[73.753048,19.989365],[73.753453,19.989224],[73.753493,19.989228],[73.753739,19.989252],[73.754134,19.98929],[73.75528,19.989173],[73.755341,19.989165],[73.756057,19.989093],[73.756313,19.988966],[73.756393,19.988856],[73.756149,19.988602],[73.755936,19.988365],[73.755884,19.988245],[73.755598,19.987556],[73.75546,19.987411],[73.755148,19.987233],[73.754942,19.987039],[73.754986,19.986714],[73.755182,19.986215],[73.754392,19.985307],[73.754057,19.984933],[73.753615,19.984544],[73.752774,19.985212],[73.752624,19.984979],[73.751981,19.98523],[73.751878,19.984722],[73.752678,19.98472],[73.752711,19.984422],[73.753575,19.984423],[73.753683,19.984125],[73.752835,19.983744],[73.752554,19.983146],[73.752184,19.983165],[73.751895,19.983024],[73.75174,19.982609],[73.751284,19.982566],[73.751017,19.982381],[73.75081,19.981866],[73.7507,19.981306],[73.750869,19.981053],[73.750624,19.980565],[73.750333,19.980212],[73.750188,19.980018],[73.750155,19.979714],[73.749935,19.97956],[73.749867,19.979495],[73.749722,19.979362],[73.749259,19.979007],[73.749,19.978691],[73.748995,19.97868],[73.748955,19.97863],[73.74893,19.978544],[73.748889,19.978459],[73.747896,19.978501],[73.747156,19.978625],[73.747157,19.978758],[73.74701,19.97879],[73.745998,19.978908],[73.745968,19.978912],[73.745967,19.979095],[73.74524,19.979186],[73.744486,19.97928],[73.744473,19.979282],[73.744429,19.9792],[73.743821,19.979077],[73.743696,19.97888],[73.743696,19.978878],[73.743667,19.978663],[73.743467,19.978511],[73.743349,19.978252],[73.743341,19.978048],[73.743241,19.977638],[73.742779,19.97686],[73.742452,19.976461],[73.742171,19.975965],[73.741785,19.975423],[73.741796,19.974244],[73.741532,19.973549],[73.741448,19.973445],[73.741199,19.97325],[73.740174,19.972736],[73.740171,19.972734],[73.740167,19.972732],[73.739712,19.972395],[73.739636,19.971933],[73.739581,19.9716],[73.7391,19.970405],[73.7391,19.970404],[73.738936,19.970393],[73.738902,19.97037],[73.738289,19.969956],[73.737948,19.969788],[73.737188,19.969436],[73.736324,19.969308],[73.73607,19.96942],[73.735543,19.969266],[73.735466,19.969129],[73.735384,19.968508],[73.735226,19.968288],[73.734481,19.967777],[73.73444,19.967749],[73.733784,19.966951],[73.733753,19.966821],[73.733433,19.965162],[73.733392,19.964919],[73.732308,19.964623],[73.732303,19.964613],[73.732262,19.964601],[73.732055,19.963882],[73.732051,19.963869],[73.732002,19.963883],[73.731589,19.963996],[73.730124,19.9644],[73.729843,19.96448],[73.728588,19.96486],[73.728484,19.964866],[73.727539,19.96492],[73.726696,19.965014],[73.726517,19.965122],[73.726047,19.965473],[73.725826,19.965583],[73.725334,19.965726],[73.725248,19.965762],[73.725011,19.965575],[73.724937,19.965408],[73.724841,19.965227],[73.724753,19.965267],[73.724736,19.965633],[73.724547,19.965961],[73.723535,19.966171],[73.722604,19.966363],[73.722404,19.966405],[73.721121,19.966556],[73.720987,19.966574],[73.719221,19.967093],[73.71796,19.967435],[73.716078,19.967696],[73.715189,19.96789],[73.714848,19.968022],[73.714191,19.968306],[73.713873,19.968522],[73.714418,19.968744],[73.714692,19.969163],[73.71506,19.969582],[73.715943,19.970632],[73.716315,19.970988],[73.716686,19.971608],[73.716958,19.972061],[73.717138,19.972359],[73.717215,19.974416],[73.717655,19.97533],[73.717812,19.975509],[73.717873,19.97558],[73.717971,19.97568],[73.718025,19.975741],[73.718026,19.975759],[73.717952,19.975818],[73.717804,19.975887],[73.717734,19.975986],[73.71781,19.976208],[73.717874,19.976396],[73.7179,19.977119],[73.71795,19.9773],[73.717948,19.977731],[73.717877,19.978083],[73.717888,19.978611],[73.718012,19.979094],[73.717852,19.979331],[73.717857,19.979386],[73.717745,19.979683],[73.718189,19.980212],[73.718381,19.980825],[73.718362,19.980999],[73.718147,19.981216],[73.717791,19.981325],[73.717171,19.981387],[73.717087,19.981481],[73.717092,19.981684],[73.717269,19.981876],[73.717217,19.982469],[73.717223,19.982473],[73.717457,19.982698],[73.717859,19.983086],[73.717867,19.983105],[73.717975,19.983352],[73.719688,19.984255],[73.7216,19.985088],[73.723499,19.985906],[73.72378,19.985679],[73.72381,19.985489],[73.723814,19.9854],[73.724138,19.984313],[73.724487,19.983238],[73.724947,19.983517],[73.725276,19.983781],[73.726168,19.984135],[73.726802,19.984209],[73.727818,19.98409],[73.728015,19.984183],[73.728488,19.984407],[73.728602,19.984636],[73.728579,19.984776],[73.72833,19.98493],[73.728019,19.984982],[73.727445,19.985297],[73.727363,19.985709],[73.727375,19.985913],[73.727434,19.986778],[73.727561,19.986993],[73.728114,19.987301],[73.728667,19.98761],[73.729454,19.987814],[73.730135,19.987994],[73.730392,19.988091],[73.730359,19.988211],[73.730365,19.988214],[73.730453,19.988253],[73.731058,19.988513],[73.731204,19.988596],[73.731341,19.988674],[73.731631,19.988703],[73.731675,19.988693],[73.732304,19.988521],[73.732479,19.988457],[73.732651,19.988426],[73.733051,19.988308],[73.733229,19.988243],[73.733504,19.988173],[73.734586,19.98783],[73.735399,19.987447],[73.735762,19.987168],[73.736051,19.987],[73.736222,19.98695],[73.736238,19.986946],[73.736332,19.986919],[73.73634,19.986925],[73.736406,19.986959],[73.736423,19.986982],[73.736449,19.987],[73.736469,19.987047],[73.736501,19.98709],[73.736497,19.987111],[73.73651,19.987139],[73.73645,19.987394],[73.736429,19.987557],[73.736436,19.987723],[73.736455,19.987811],[73.736709,19.988074],[73.737255,19.988266],[73.737976,19.988371],[73.738887,19.988427],[73.739625,19.988413],[73.739805,19.988413],[73.739984,19.988413],[73.740323,19.988459],[73.74112,19.988494],[73.741556,19.988494],[73.741906,19.988494],[73.74214,19.988417],[73.742156,19.988407],[73.742395,19.988205],[73.742663,19.987838],[73.742847,19.987741],[73.742926,19.987723],[73.743076,19.987658],[73.743238,19.987708],[73.743358,19.987737],[73.743373,19.987749],[73.743786,19.988055],[73.74441,19.988532],[73.745156,19.989073],[73.745257,19.989124],[73.745374,19.989138],[73.746478,19.98864],[73.746512,19.988624],[73.747356,19.988571],[73.747773,19.988539],[73.748317,19.988495],[73.748976,19.98831],[73.749248,19.988318],[73.749446,19.988499],[73.749504,19.988551],[73.749685,19.988798],[73.749685,19.9888],[73.74972,19.988845],[73.750174,19.989157],[73.750607,19.989404],[73.750622,19.989408],[73.751122,19.989493],[73.751329,19.989506],[73.751728,19.98957],[73.752525,19.989564]]]}},{"type":"Feature","properties":{"Name":"MH 15 HH 8446","routeId":610,"fill-opacity":0.03,"stroke-width":1,"stroke-opacity":0.5,"locationConfidence":"verified","locationSource":"NMC waste collection vehicle tracking export, 30 Aug 2026 (RTI)"},"geometry":{"type":"Polygon","coordinates":[[[73.75903,20.022625],[73.759039,20.022592],[73.759294,20.021408],[73.75943,20.020803],[73.759481,20.019316],[73.759481,20.019302],[73.759152,20.019284],[73.759002,20.018221],[73.758834,20.017023],[73.758834,20.016997],[73.758822,20.015933],[73.758795,20.015606],[73.75875,20.015103],[73.758656,20.014069],[73.758351,20.014128],[73.756139,20.014562],[73.755994,20.01328],[73.755973,20.013099],[73.755912,20.012586],[73.755865,20.01218],[73.75583,20.012055],[73.753594,20.012117],[73.753535,20.011679],[73.753438,20.010604],[73.753193,20.00879],[73.753099,20.00836],[73.752997,20.007893],[73.75284,20.006872],[73.752592,20.004957],[73.752585,20.004901],[73.752556,20.004695],[73.752512,20.00439],[73.75245,20.003943],[73.752437,20.003852],[73.752431,20.003806],[73.752358,20.003275],[73.752255,20.002618],[73.752182,20.002169],[73.751681,20.002257],[73.751551,20.002278],[73.75109,20.002357],[73.749961,20.002549],[73.749779,20.002606],[73.749011,20.002649],[73.747776,20.002743],[73.746869,20.002769],[73.746847,20.00277],[73.745901,20.002797],[73.745881,20.002798],[73.744758,20.002823],[73.743733,20.002898],[73.743118,20.002895],[73.743078,20.002894],[73.743023,20.002894],[73.74225,20.002874],[73.74217,20.002872],[73.74051,20.003026],[73.7406,20.003616],[73.740689,20.004205],[73.740781,20.004812],[73.740018,20.004958],[73.739827,20.00499],[73.739253,20.005097],[73.738673,20.005182],[73.737754,20.005324],[73.737753,20.005339],[73.737725,20.005657],[73.736308,20.005657],[73.73541,20.005994],[73.734589,20.006303],[73.734411,20.005479],[73.732924,20.005566],[73.731436,20.005652],[73.731298,20.004751],[73.731651,20.004693],[73.731545,20.004018],[73.731387,20.003887],[73.731387,20.00357],[73.730374,20.003646],[73.729269,20.003646],[73.728515,20.003692],[73.728513,20.003696],[73.728263,20.004551],[73.727995,20.005411],[73.727727,20.006271],[73.726935,20.005971],[73.726088,20.005715],[73.72607,20.00571],[73.725957,20.005675],[73.724836,20.005432],[73.723381,20.005344],[73.723182,20.005963],[73.722012,20.00543],[73.721658,20.005269],[73.721157,20.004939],[73.720885,20.004711],[73.720738,20.005983],[73.720734,20.006015],[73.720358,20.00588],[73.720268,20.007059],[73.721689,20.007539],[73.72149,20.008975],[73.721621,20.010163],[73.721622,20.010163],[73.721842,20.010277],[73.721885,20.010336],[73.722501,20.011176],[73.722949,20.011552],[73.72398,20.012501],[73.723981,20.012502],[73.723982,20.012503],[73.724158,20.013178],[73.724514,20.013567],[73.724533,20.013589],[73.724523,20.013597],[73.724531,20.013625],[73.72383,20.014116],[73.723129,20.014607],[73.723137,20.014652],[73.72287,20.014826],[73.722828,20.014862],[73.722086,20.015514],[73.721771,20.015741],[73.721547,20.015965],[73.721102,20.016409],[73.720956,20.016539],[73.720891,20.016602],[73.719783,20.017599],[73.71873,20.018555],[73.718728,20.018556],[73.718694,20.018587],[73.718564,20.018642],[73.718513,20.018669],[73.718304,20.018824],[73.717348,20.019532],[73.716557,20.020117],[73.716505,20.020156],[73.716271,20.020274],[73.716155,20.020327],[73.715674,20.020446],[73.715393,20.0207],[73.715239,20.02098],[73.715143,20.02146],[73.71486,20.022766],[73.714806,20.023193],[73.714801,20.023249],[73.714712,20.023779],[73.714597,20.024166],[73.714596,20.024166],[73.714596,20.024168],[73.714583,20.02418],[73.714173,20.024634],[73.71379,20.024987],[73.713594,20.025166],[73.712828,20.025869],[73.712811,20.025879],[73.71271,20.025971],[73.712282,20.026217],[73.712252,20.02622],[73.71225,20.026221],[73.712224,20.026223],[73.711741,20.026271],[73.711216,20.026292],[73.711463,20.026732],[73.712741,20.028078],[73.714019,20.029425],[73.714578,20.030019],[73.714674,20.030145],[73.714621,20.030242],[73.714932,20.030699],[73.715938,20.030975],[73.716414,20.031019],[73.716592,20.031257],[73.716499,20.031319],[73.716718,20.031737],[73.716891,20.032066],[73.71705,20.03207],[73.717016,20.033428],[73.716909,20.034144],[73.717453,20.034121],[73.717472,20.034466],[73.717946,20.034446],[73.717971,20.034336],[73.718703,20.034372],[73.718929,20.034309],[73.719071,20.034461],[73.719204,20.034514],[73.719277,20.034405],[73.719695,20.034277],[73.719814,20.034319],[73.719814,20.03444],[73.71994,20.03448],[73.719945,20.034338],[73.720011,20.034282],[73.720185,20.03387],[73.720452,20.033741],[73.720682,20.033562],[73.720891,20.033307],[73.721289,20.032897],[73.721748,20.032414],[73.721917,20.032247],[73.722103,20.032131],[73.722321,20.031875],[73.72238,20.031667],[73.72283,20.030699],[73.722922,20.029588],[73.723002,20.029092],[73.723089,20.028991],[73.723506,20.028682],[73.723808,20.028212],[73.724039,20.027682],[73.724053,20.027623],[73.725233,20.0267],[73.725989,20.025816],[73.726929,20.02472],[73.728387,20.023022],[73.728725,20.022629],[73.730304,20.022106],[73.730857,20.022395],[73.731086,20.022395],[73.73128,20.022449],[73.731629,20.022392],[73.731793,20.022368],[73.73244,20.022467],[73.733379,20.022649],[73.734007,20.022754],[73.734222,20.022691],[73.734614,20.022703],[73.735684,20.022509],[73.736692,20.022326],[73.736999,20.022157],[73.737428,20.021953],[73.737481,20.02194],[73.737754,20.021784],[73.737962,20.021614],[73.738116,20.02154],[73.73874,20.021016],[73.739706,20.020149],[73.740272,20.019551],[73.74083,20.018847],[73.741407,20.018039],[73.741779,20.017629],[73.742257,20.017194],[73.742646,20.016884],[73.743013,20.016605],[73.743267,20.016535],[73.743564,20.016557],[73.744243,20.016703],[73.744798,20.016898],[73.745257,20.017027],[73.745583,20.017288],[73.74625,20.017676],[73.746609,20.017955],[73.746853,20.018312],[73.74707,20.018735],[73.747247,20.019081],[73.747754,20.019537],[73.748363,20.019923],[73.749294,20.020435],[73.749856,20.020698],[73.750782,20.021046],[73.752222,20.021348],[73.753476,20.021421],[73.754863,20.021502],[73.755493,20.021602],[73.75616,20.021758],[73.756729,20.02195],[73.756914,20.022031],[73.757404,20.022185],[73.75903,20.022625]]]}},{"type":"Feature","properties":{"Name":"MH 15 HH 8447","routeId":612,"fill-opacity":0.03,"stroke-width":1,"stroke-opacity":0.5,"locationConfidence":"verified","locationSource":"NMC waste collection vehicle tracking export, 30 Aug 2026 (RTI)"},"geometry":{"type":"Polygon","coordinates":[[[73.759209,20.022739],[73.759209,20.019231],[73.758951,20.017215],[73.758694,20.014069],[73.756141,20.014531],[73.755875,20.012103],[73.753558,20.012103],[73.753215,20.009361],[73.752914,20.007062],[73.752614,20.00436],[73.752228,20.002505],[73.750683,20.00266],[73.747314,20.002781],[73.743451,20.002882],[73.740512,20.003064],[73.740781,20.004799],[73.73915,20.005041],[73.737841,20.005303],[73.737734,20.005626],[73.736667,20.005624],[73.734586,20.006249],[73.734471,20.00558],[73.731509,20.005993],[73.731295,20.004945],[73.731134,20.003624],[73.729256,20.003695],[73.728479,20.003745],[73.727942,20.005368],[73.727706,20.006276],[73.726561,20.00491],[73.72538,20.004225],[73.724994,20.004871],[73.723258,20.003808],[73.722378,20.005143],[73.721606,20.005234],[73.721595,20.005687],[73.721917,20.006212],[73.721212,20.010318],[73.724256,20.013743],[73.72245,20.015268],[73.71995,20.017437],[73.717589,20.019453],[73.716173,20.020421],[73.715487,20.020542],[73.714847,20.023119],[73.713774,20.025155],[73.712422,20.026203],[73.71122,20.026344],[73.713507,20.029063],[73.714647,20.030263],[73.715119,20.030888],[73.716149,20.030989],[73.716407,20.031009],[73.717136,20.032077],[73.716958,20.033851],[73.716958,20.034606],[73.717621,20.034901],[73.717921,20.035334],[73.7182,20.035415],[73.718587,20.035284],[73.718951,20.03479],[73.720174,20.033822],[73.721215,20.032955],[73.722115,20.03197],[73.722695,20.030922],[73.722935,20.029713],[73.723172,20.028837],[73.723783,20.028242],[73.725069,20.026941],[73.726518,20.025705],[73.727092,20.024894],[73.727719,20.023954],[73.728483,20.022939],[73.729116,20.022586],[73.730414,20.022304],[73.732121,20.022476],[73.733912,20.022707],[73.735946,20.022496],[73.737395,20.021972],[73.738762,20.021038],[73.73991,20.02005],[73.741024,20.018572],[73.741941,20.017425],[73.742875,20.016659],[73.743229,20.016538],[73.744092,20.016577],[73.745326,20.017202],[73.746627,20.018084],[73.747614,20.019415],[73.749699,20.020644],[73.751566,20.021259],[73.753901,20.021405],[73.755511,20.021586],[73.757556,20.022259],[73.759209,20.022739]]]}},{"type":"Feature","properties":{"Name":"MH 15 HH 8464","routeId":399,"fill-opacity":0.03,"stroke-width":1,"stroke-opacity":0.5,"locationConfidence":"verified","locationSource":"NMC waste collection vehicle tracking export, 30 Aug 2026 (RTI)"},"geometry":{"type":"Polygon","coordinates":[[[73.803749,20.001822],[73.809671,20.000209],[73.814907,19.999886],[73.81671,19.99416],[73.818598,19.990611],[73.826367,19.987631],[73.836966,19.983835],[73.844347,19.988756],[73.845291,19.990288],[73.843918,19.99666],[73.848339,20.002749],[73.855117,20.012298],[73.859968,20.019323],[73.870697,20.019887],[73.868809,20.026661],[73.869238,20.033919],[73.862461,20.032387],[73.856964,20.031097],[73.850012,20.034886],[73.840132,20.037301],[73.8307,20.039563],[73.816495,20.045248],[73.812075,20.044926],[73.809114,20.047344],[73.806582,20.047707],[73.805594,20.050126],[73.79827,20.048233],[73.792419,20.046659],[73.78006,20.045853],[73.777313,20.046498],[73.77491,20.047304],[73.773285,20.047862],[73.773193,20.048473],[73.771734,20.048514],[73.771348,20.047828],[73.771777,20.047465],[73.772249,20.04678],[73.772249,20.045006],[73.771885,20.042643],[73.771391,20.039281],[73.769503,20.033475],[73.769717,20.029363],[73.768476,20.024689],[73.767486,20.020936],[73.769589,20.018461],[73.770817,20.015952],[73.771949,20.013678],[73.774867,20.01029],[73.77727,20.009081],[73.780875,20.00904],[73.784137,20.009282],[73.784995,20.010089],[73.785639,20.010553],[73.785961,20.010895],[73.789608,20.010734],[73.789673,20.011742],[73.790703,20.012549],[73.79302,20.012145],[73.793952,20.012272],[73.794908,20.011581],[73.796797,20.011258],[73.798256,20.009726],[73.799987,20.009384],[73.801861,20.009],[73.802291,20.009],[73.802699,20.007831],[73.80332,20.006016],[73.803429,20.004911],[73.803749,20.001822]]]}},{"type":"Feature","properties":{"Name":"MH 15 HH 8465","routeId":620,"fill-opacity":0.03,"stroke-width":1,"stroke-opacity":0.5,"locationConfidence":"verified","locationSource":"NMC waste collection vehicle tracking export, 30 Aug 2026 (RTI)"},"geometry":{"type":"Polygon","coordinates":[[[73.880019,20.041509],[73.881375,20.042141],[73.882731,20.042772],[73.885116,20.043244],[73.887501,20.043717],[73.889648,20.0439],[73.890219,20.043949],[73.891904,20.044113],[73.893012,20.044407],[73.894229,20.044729],[73.895655,20.044636],[73.898247,20.045085],[73.900839,20.045534],[73.900984,20.046756],[73.901128,20.047978],[73.901385,20.050035],[73.901556,20.051507],[73.901642,20.052093],[73.902021,20.054318],[73.902399,20.056543],[73.900815,20.057738],[73.900226,20.058181],[73.899231,20.058932],[73.898935,20.05884],[73.898437,20.058932],[73.896359,20.059366],[73.894346,20.059787],[73.893264,20.060342],[73.892183,20.060896],[73.889853,20.061432],[73.887498,20.062106],[73.880344,20.064058],[73.877866,20.064864],[73.87784,20.064872],[73.876201,20.066074],[73.874799,20.066788],[73.873396,20.067502],[73.872571,20.06824],[73.871746,20.068978],[73.870966,20.070027],[73.870186,20.071077],[73.868515,20.070272],[73.867512,20.069962],[73.866509,20.069651],[73.865626,20.06951],[73.86391,20.068875],[73.861811,20.068643],[73.859712,20.06841],[73.857523,20.068602],[73.855393,20.068761],[73.85343,20.06986],[73.851318,20.071042],[73.849942,20.072399],[73.848565,20.07378],[73.847004,20.07378],[73.844492,20.073818],[73.84407,20.072826],[73.843647,20.071835],[73.843497,20.070108],[73.843465,20.070002],[73.843439,20.06985],[73.843292,20.069385],[73.843122,20.068884],[73.843043,20.068627],[73.842302,20.068203],[73.841521,20.06761],[73.841079,20.067488],[73.84108,20.067494],[73.838634,20.067422],[73.836757,20.067662],[73.83645,20.067661],[73.835608,20.067732],[73.834767,20.067837],[73.833598,20.068035],[73.833277,20.068108],[73.832886,20.068158],[73.832195,20.067119],[73.832054,20.066906],[73.831927,20.06664],[73.831755,20.066457],[73.831504,20.066079],[73.828967,20.066879],[73.827552,20.06732],[73.826676,20.067513],[73.825496,20.067796],[73.824737,20.068105],[73.82416,20.068372],[73.824133,20.068381],[73.823874,20.068512],[73.822713,20.06901],[73.819894,20.071212],[73.819025,20.071856],[73.818849,20.071959],[73.818055,20.072289],[73.817307,20.072634],[73.816613,20.072947],[73.816777,20.074128],[73.816969,20.075505],[73.816747,20.076661],[73.816239,20.077445],[73.815732,20.078229],[73.813489,20.07882],[73.811029,20.078956],[73.810241,20.079109],[73.808629,20.079418],[73.807724,20.07959],[73.805899,20.079951],[73.804783,20.080174],[73.804393,20.080405],[73.803984,20.080679],[73.802213,20.080277],[73.800442,20.079875],[73.79978,20.079296],[73.799444,20.079052],[73.798406,20.07846],[73.797334,20.077625],[73.796182,20.076701],[73.795369,20.076059],[73.794797,20.075603],[73.794265,20.075174],[73.793123,20.074257],[73.792623,20.073891],[73.79213,20.07354],[73.791594,20.073206],[73.791596,20.073217],[73.791597,20.073224],[73.791875,20.074605],[73.791737,20.074988],[73.791604,20.075433],[73.791208,20.076775],[73.791117,20.077093],[73.790998,20.077503],[73.790921,20.077767],[73.790803,20.078181],[73.790717,20.078476],[73.790373,20.078626],[73.790083,20.078747],[73.789873,20.078838],[73.789663,20.078931],[73.789502,20.079],[73.789448,20.079021],[73.78939,20.079245],[73.789306,20.079567],[73.789277,20.079678],[73.789242,20.079813],[73.789174,20.080071],[73.789166,20.080097],[73.789129,20.080218],[73.789109,20.080288],[73.789081,20.080383],[73.789039,20.080522],[73.789009,20.080623],[73.788974,20.080741],[73.788936,20.080867],[73.788894,20.081007],[73.788874,20.081075],[73.788837,20.081202],[73.788781,20.081389],[73.788723,20.08158],[73.788678,20.081733],[73.788639,20.08186],[73.788596,20.082006],[73.788541,20.08219],[73.788493,20.082353],[73.788436,20.082564],[73.788351,20.082673],[73.788177,20.082933],[73.787991,20.082943],[73.787646,20.082956],[73.787164,20.082985],[73.786691,20.083006],[73.786285,20.083032],[73.785964,20.083065],[73.785708,20.083077],[73.785219,20.083102],[73.784631,20.082781],[73.783881,20.082907],[73.782964,20.083061],[73.782341,20.082975],[73.781813,20.082522],[73.781698,20.082162],[73.780077,20.082159],[73.779483,20.082061],[73.779407,20.082034],[73.779312,20.081978],[73.778956,20.082028],[73.778427,20.082087],[73.778186,20.082095],[73.778131,20.081856],[73.778029,20.081351],[73.777931,20.080845],[73.777837,20.080404],[73.778177,20.079964],[73.778269,20.079864],[73.778137,20.079722],[73.777962,20.079542],[73.777953,20.079546],[73.777946,20.079549],[73.777396,20.079771],[73.77689,20.07998],[73.77657,20.080116],[73.77627,20.080241],[73.77503,20.080752],[73.775009,20.080722],[73.774149,20.079427],[73.773925,20.079281],[73.772976,20.07863],[73.772505,20.078653],[73.771131,20.078695],[73.770974,20.079833],[73.771501,20.079791],[73.772671,20.079744],[73.773223,20.0804],[73.773185,20.080452],[73.772355,20.081507],[73.772316,20.081555],[73.770957,20.0821],[73.770783,20.082119],[73.769266,20.082068],[73.768583,20.081971],[73.768167,20.080996],[73.768279,20.080907],[73.76909,20.080304],[73.768983,20.079776],[73.767709,20.080078],[73.766474,20.080375],[73.766447,20.080032],[73.766431,20.079784],[73.766295,20.079541],[73.766268,20.07949],[73.766149,20.079364],[73.766016,20.079225],[73.765883,20.079084],[73.765757,20.078952],[73.765512,20.078694],[73.765386,20.078602],[73.765351,20.078573],[73.765281,20.078525],[73.76518,20.078444],[73.765071,20.078364],[73.76498,20.078294],[73.764868,20.07821],[73.764728,20.078105],[73.764448,20.077895],[73.76414,20.077664],[73.763327,20.077051],[73.763131,20.075311],[73.763123,20.075207],[73.763048,20.075009],[73.762964,20.074792],[73.762844,20.074477],[73.76271,20.074125],[73.762424,20.073848],[73.761944,20.073367],[73.76153,20.073091],[73.761518,20.073078],[73.760176,20.07165],[73.759771,20.071323],[73.759438,20.071046],[73.75924,20.070885],[73.759068,20.070745],[73.758685,20.070431],[73.758439,20.07023],[73.758156,20.069998],[73.757979,20.06985],[73.757829,20.069682],[73.757612,20.069441],[73.757261,20.069049],[73.756906,20.06865],[73.756591,20.068304],[73.756201,20.067856],[73.756096,20.067707],[73.75609,20.067591],[73.756141,20.067245],[73.756244,20.066513],[73.756537,20.06507],[73.756617,20.064238],[73.756742,20.063301],[73.75677,20.06299],[73.756742,20.062849],[73.7567,20.062598],[73.756685,20.062387],[73.756697,20.062048],[73.756727,20.060986],[73.756532,20.059888],[73.756316,20.058933],[73.75616,20.058731],[73.756014,20.058329],[73.755872,20.057972],[73.755699,20.057618],[73.755544,20.05734],[73.755532,20.057022],[73.755429,20.056569],[73.755273,20.056055],[73.755174,20.055666],[73.754861,20.054528],[73.754658,20.053934],[73.754067,20.05234],[73.753671,20.051235],[73.75335,20.050223],[73.753127,20.049533],[73.753067,20.049352],[73.753013,20.049328],[73.752917,20.049219],[73.752643,20.049131],[73.751135,20.049172],[73.750317,20.049209],[73.750023,20.04919],[73.749897,20.047612],[73.749729,20.045675],[73.749629,20.04507],[73.749538,20.044537],[73.749453,20.044049],[73.749367,20.043559],[73.749265,20.043002],[73.749167,20.042439],[73.749129,20.041934],[73.749074,20.041239],[73.749005,20.040328],[73.748989,20.039555],[73.748998,20.038948],[73.749155,20.038446],[73.748861,20.037912],[73.748964,20.037688],[73.749331,20.037204],[73.749692,20.037041],[73.750031,20.036946],[73.750175,20.036851],[73.750184,20.03684],[73.750405,20.036553],[73.750412,20.036544],[73.750637,20.03634],[73.750766,20.036092],[73.750699,20.035975],[73.750543,20.035753],[73.750532,20.0356],[73.750688,20.035396],[73.751236,20.034736],[73.751558,20.034398],[73.751612,20.0342],[73.751656,20.033909],[73.751759,20.03355],[73.751854,20.033334],[73.75217,20.03296],[73.752531,20.032613],[73.752892,20.032352],[73.753052,20.032224],[73.753269,20.032073],[73.753424,20.031977],[73.753504,20.031909],[73.753551,20.031876],[73.753574,20.031836],[73.753672,20.031711],[73.753732,20.031575],[73.753737,20.031556],[73.753819,20.031365],[73.754111,20.031097],[73.754119,20.030996],[73.754131,20.030938],[73.75413,20.030672],[73.754123,20.030672],[73.754124,20.030496],[73.754162,20.030317],[73.754411,20.030084],[73.754627,20.029923],[73.754804,20.029786],[73.754944,20.029605],[73.754995,20.029438],[73.755012,20.029334],[73.755051,20.029113],[73.755132,20.028814],[73.75524,20.028627],[73.755254,20.028616],[73.755299,20.0286],[73.755376,20.028516],[73.755454,20.028467],[73.755529,20.028317],[73.755531,20.028181],[73.755526,20.028181],[73.755524,20.028164],[73.755524,20.028139],[73.75552,20.028139],[73.755476,20.02787],[73.755525,20.027755],[73.755816,20.027592],[73.756095,20.027489],[73.756144,20.027411],[73.756266,20.027267],[73.756194,20.027168],[73.756119,20.027064],[73.75603,20.026937],[73.755936,20.026801],[73.755844,20.02667],[73.755746,20.02653],[73.755635,20.026375],[73.755377,20.026004],[73.755195,20.025743],[73.754988,20.025445],[73.754507,20.024755],[73.754293,20.024454],[73.753584,20.022013],[73.754197,20.022053],[73.754841,20.022141],[73.755937,20.022218],[73.756319,20.022322],[73.756771,20.022535],[73.758034,20.02291],[73.758097,20.022967],[73.758234,20.022935],[73.75913,20.023175],[73.759547,20.023283],[73.760427,20.023343],[73.761378,20.023375],[73.762205,20.023317],[73.763578,20.023074],[73.76522,20.02249],[73.767112,20.021466],[73.767369,20.021326],[73.767853,20.02099],[73.76849,20.020549],[73.769165,20.019928],[73.769679,20.019396],[73.770089,20.018591],[73.770292,20.018194],[73.77055,20.017095],[73.770711,20.016572],[73.77112,20.015957],[73.771603,20.015286],[73.771899,20.015011],[73.772421,20.014332],[73.772685,20.01397],[73.773195,20.013307],[73.773828,20.0124],[73.774293,20.011779],[73.774321,20.011687],[73.774797,20.011144],[73.775219,20.010648],[73.775758,20.010096],[73.776266,20.009945],[73.776774,20.009794],[73.778123,20.009623],[73.778722,20.009547],[73.780059,20.009547],[73.781507,20.009524],[73.783001,20.009786],[73.784247,20.010005],[73.784576,20.010063],[73.785604,20.010395],[73.785784,20.010411],[73.786343,20.010552],[73.787371,20.010765],[73.788313,20.01082],[73.788566,20.010777],[73.789026,20.010486],[73.789687,20.010206],[73.790098,20.009944],[73.790558,20.009568],[73.791046,20.00899],[73.790742,20.008674],[73.791642,20.008203],[73.792055,20.007788],[73.792521,20.007808],[73.792498,20.007242],[73.792595,20.006651],[73.793287,20.005143],[73.79338,20.004946],[73.793498,20.004455],[73.793737,20.004111],[73.793953,20.003853],[73.79497,20.002559],[73.795269,20.002379],[73.796054,20.002014],[73.796791,20.001995],[73.797751,20.001986],[73.799419,20.001929],[73.802027,20.001866],[73.803347,20.002079],[73.803979,20.002122],[73.806153,20.002139],[73.807007,20.002136],[73.807796,20.001907],[73.808672,20.001488],[73.809559,20.000975],[73.810004,20.000751],[73.810752,20.000383],[73.811555,20.000207],[73.812417,20.000034],[73.81401,20.000108],[73.814695,20.000447],[73.81538,20.000786],[73.815638,20.000483],[73.815767,20.000136],[73.816049,19.99938],[73.816099,19.99881],[73.816201,19.998432],[73.816326,19.997436],[73.816351,19.996462],[73.81635,19.995472],[73.816011,19.995169],[73.816007,19.994926],[73.816229,19.99458],[73.816372,19.994557],[73.81728,19.993586],[73.818156,19.992741],[73.818752,19.992185],[73.819203,19.991943],[73.819707,19.991543],[73.820052,19.99133],[73.821117,19.990732],[73.82259,19.98998],[73.822929,19.989815],[73.823877,19.989539],[73.82486,19.989242],[73.825428,19.989227],[73.825557,19.989192],[73.826127,19.988993],[73.826543,19.988757],[73.827789,19.988363],[73.828103,19.988359],[73.829401,19.988131],[73.829679,19.987913],[73.829921,19.987816],[73.83001,19.987707],[73.831528,19.987059],[73.832249,19.986704],[73.834033,19.985811],[73.835858,19.984961],[73.837609,19.984553],[73.838309,19.984492],[73.838652,19.984531],[73.839779,19.984817],[73.840672,19.985204],[73.841095,19.985515],[73.841658,19.986066],[73.841829,19.986172],[73.842317,19.986844],[73.84262,19.987538],[73.842945,19.988382],[73.843341,19.989111],[73.843485,19.989238],[73.843584,19.989497],[73.843891,19.989822],[73.844348,19.990051],[73.845598,19.989977],[73.845746,19.989876],[73.847389,19.989599],[73.847743,19.989259],[73.849926,19.98923],[73.850478,19.989422],[73.8508,19.989743],[73.85084,19.989977],[73.850992,19.990272],[73.851428,19.990784],[73.851745,19.99112],[73.852035,19.991107],[73.853035,19.990603],[73.853783,19.989878],[73.854686,19.989344],[73.855282,19.989016],[73.855319,19.988781],[73.855831,19.988413],[73.857072,19.987777],[73.857896,19.987113],[73.858136,19.987014],[73.858472,19.98682],[73.859445,19.987741],[73.859946,19.990906],[73.860106,19.991936],[73.860503,19.994456],[73.860371,19.99539],[73.860154,19.996926],[73.859903,19.998504],[73.859704,19.999547],[73.859394,20.000379],[73.858364,20.003361],[73.857751,20.00696],[73.857398,20.009031],[73.857113,20.010766],[73.857054,20.011357],[73.863352,20.010155],[73.863566,20.01036],[73.866928,20.010177],[73.867268,20.010084],[73.872973,20.00989],[73.873142,20.011202],[73.87317,20.011769],[73.873473,20.014077],[73.873744,20.016135],[73.873903,20.017106],[73.87401,20.017933],[73.87414,20.018943],[73.874117,20.019173],[73.874264,20.019168],[73.874763,20.019255],[73.87516,20.02067],[73.87555,20.022123],[73.875624,20.023578],[73.875671,20.024966],[73.87656,20.027111],[73.876775,20.028981],[73.876989,20.030851],[73.876884,20.032365],[73.87671,20.035718],[73.876572,20.03936],[73.876503,20.041165],[73.877855,20.041118],[73.880019,20.041509]]]}},{"type":"Feature","properties":{"Name":"MH 15 HH 8549","routeId":891,"fill-opacity":0.03,"stroke-width":1,"stroke-opacity":0.5,"locationConfidence":"verified","locationSource":"NMC waste collection vehicle tracking export, 30 Aug 2026 (RTI)"},"geometry":{"type":"Polygon","coordinates":[[[73.713968,20.009675],[73.713777,20.009354],[73.713459,20.008855],[73.713161,20.008381],[73.712961,20.008065],[73.712771,20.0077],[73.712502,20.007216],[73.712352,20.006938],[73.712186,20.006701],[73.711969,20.006412],[73.711875,20.006218],[73.711832,20.006084],[73.711746,20.005807],[73.71169,20.005484],[73.711614,20.005275],[73.711577,20.005089],[73.711046,20.005017],[73.710354,20.004876],[73.710239,20.004911],[73.709973,20.005128],[73.709673,20.005342],[73.709324,20.005599],[73.709152,20.005715],[73.70882,20.005965],[73.708758,20.006023],[73.708487,20.006156],[73.708222,20.006265],[73.707919,20.006373],[73.707712,20.006429],[73.707581,20.006507],[73.707315,20.006635],[73.707438,20.007091],[73.707528,20.007544],[73.707608,20.007969],[73.707933,20.008065],[73.708383,20.008207],[73.708603,20.00826],[73.708997,20.008451],[73.708965,20.008837],[73.708919,20.009356],[73.708983,20.009719],[73.709685,20.009624],[73.710537,20.009551],[73.710953,20.009546],[73.711036,20.009541],[73.711051,20.009749],[73.711066,20.009824],[73.711161,20.009797],[73.711349,20.009781],[73.711547,20.009762],[73.711531,20.009713],[73.711514,20.009534],[73.711506,20.009335],[73.711497,20.009157],[73.711736,20.009204],[73.712135,20.009303],[73.712701,20.009434],[73.713055,20.009521],[73.713435,20.009614],[73.713802,20.0097],[73.71399,20.00971],[73.713968,20.009675]]]}},{"type":"Feature","properties":{"Name":"MH 15 HH 8552","routeId":906,"fill-opacity":0.03,"stroke-width":1,"stroke-opacity":0.5,"locationConfidence":"verified","locationSource":"NMC waste collection vehicle tracking export, 30 Aug 2026 (RTI)"},"geometry":{"type":"Polygon","coordinates":[[[73.706005,19.992557],[73.706025,19.99241],[73.706055,19.992145],[73.706082,19.991899],[73.706093,19.99176],[73.706094,19.991726],[73.70596,19.991714],[73.705685,19.991697],[73.705434,19.991672],[73.705494,19.991366],[73.705548,19.991019],[73.706163,19.991076],[73.706174,19.990984],[73.706217,19.990968],[73.706301,19.990971],[73.706418,19.990987],[73.706543,19.991111],[73.706579,19.991127],[73.706636,19.991129],[73.706778,19.991097],[73.706979,19.991096],[73.707128,19.99108],[73.707223,19.991075],[73.707285,19.991086],[73.70727,19.991326],[73.707267,19.991566],[73.707318,19.991567],[73.707328,19.991361],[73.707338,19.991083],[73.707472,19.991029],[73.707727,19.990872],[73.70797,19.990678],[73.708159,19.990525],[73.70832,19.990405],[73.708328,19.990344],[73.708284,19.990313],[73.70828,19.990213],[73.708297,19.989898],[73.70831,19.989552],[73.708823,19.98959],[73.709502,19.989629],[73.7096,19.989636],[73.709696,19.987723],[73.706874,19.987677],[73.706425,19.990795],[73.706392,19.99092],[73.706191,19.990901],[73.70612,19.990912],[73.7061,19.991012],[73.705811,19.990992],[73.705499,19.990964],[73.705452,19.991306],[73.705401,19.99156],[73.705366,19.991718],[73.705326,19.991979],[73.705272,19.992272],[73.705213,19.992581],[73.705185,19.992739],[73.70524,19.992746],[73.705267,19.992645],[73.705526,19.99261],[73.705821,19.992572],[73.706005,19.992557]]]}},{"type":"Feature","properties":{"Name":"MH 15 HH 8553","routeId":304,"fill-opacity":0.03,"stroke-width":1,"stroke-opacity":0.5,"locationConfidence":"verified","locationSource":"NMC waste collection vehicle tracking export, 30 Aug 2026 (RTI)"},"geometry":{"type":"Polygon","coordinates":[[[73.717361,19.992984],[73.717683,19.989304],[73.717221,19.989304],[73.717082,19.989818],[73.714378,19.989516],[73.714442,19.989132],[73.714099,19.988991],[73.714292,19.988376],[73.713917,19.988286],[73.712286,19.990605],[73.711213,19.990383],[73.711245,19.987842],[73.709722,19.987822],[73.710065,19.991189],[73.711867,19.991512],[73.711041,19.993327],[73.711084,19.994758],[73.711674,19.994627],[73.7119,19.993125],[73.716213,19.993337],[73.717361,19.992984]]]}},{"type":"Feature","properties":{"Name":"MH 15 HH 8557","routeId":868,"fill-opacity":0.03,"stroke-width":1,"stroke-opacity":0.5,"locationConfidence":"verified","locationSource":"NMC waste collection vehicle tracking export, 30 Aug 2026 (RTI)"},"geometry":{"type":"Polygon","coordinates":[[[73.739549,20.01383],[73.743518,20.01262],[73.745578,20.012217],[73.748475,20.011894],[73.748604,20.013346],[73.749054,20.013366],[73.749119,20.014656],[73.747724,20.014455],[73.747702,20.01633],[73.747917,20.017459],[73.746737,20.01758],[73.746458,20.016552],[73.744462,20.016249],[73.742724,20.016652],[73.742081,20.016451],[73.741523,20.015745],[73.741308,20.013931],[73.739935,20.014475],[73.739162,20.014233],[73.739549,20.01383]]]}},{"type":"Feature","properties":{"Name":"MH 15 HH 8558","routeId":893,"fill-opacity":0.03,"stroke-width":1,"stroke-opacity":0.5,"locationConfidence":"verified","locationSource":"NMC waste collection vehicle tracking export, 30 Aug 2026 (RTI)"},"geometry":{"type":"Polygon","coordinates":[[[73.726803,19.976464],[73.726982,19.976517],[73.72721,19.975975],[73.727523,19.975203],[73.727751,19.974631],[73.727917,19.974207],[73.728148,19.973814],[73.728539,19.973239],[73.727783,19.972796],[73.727177,19.972468],[73.726496,19.97209],[73.726214,19.971918],[73.725704,19.971709],[73.725396,19.971596],[73.724897,19.971412],[73.724567,19.971311],[73.724331,19.971321],[73.723953,19.971396],[73.723566,19.971451],[73.72321,19.97148],[73.722996,19.971493],[73.722661,19.97152],[73.722296,19.97153],[73.722018,19.971532],[73.721786,19.971553],[73.721826,19.971808],[73.721898,19.972225],[73.721958,19.972691],[73.722024,19.973154],[73.72211,19.97365],[73.722158,19.974043],[73.7222,19.974501],[73.72218,19.974662],[73.722169,19.974792],[73.722198,19.974945],[73.722251,19.975288],[73.72231,19.975646],[73.722343,19.975885],[73.722366,19.97593],[73.72246,19.97599],[73.722642,19.976003],[73.722902,19.976019],[73.723255,19.976065],[73.723474,19.976096],[73.723625,19.976089],[73.724014,19.976132],[73.724272,19.976149],[73.724525,19.976195],[73.724851,19.976285],[73.725136,19.976346],[73.725348,19.976378],[73.725773,19.976408],[73.726178,19.976431],[73.726445,19.976443],[73.726695,19.97645],[73.726803,19.976464]]]}},{"type":"Feature","properties":{"Name":"MH 15 HH 8561","routeId":916,"fill-opacity":0.03,"stroke-width":1,"stroke-opacity":0.5,"locationConfidence":"verified","locationSource":"NMC waste collection vehicle tracking export, 30 Aug 2026 (RTI)"},"geometry":{"type":"Polygon","coordinates":[[[73.747586,20.017581],[73.747538,20.017163],[73.747506,20.016825],[73.747369,20.016533],[73.747305,20.016241],[73.747278,20.015797],[73.747315,20.01552],[73.747449,20.015283],[73.747626,20.015008],[73.748501,20.015013],[73.748466,20.014834],[73.748498,20.014219],[73.748316,20.014204],[73.74838,20.013393],[73.748225,20.013327],[73.74801,20.013393],[73.748021,20.012087],[73.747511,20.012082],[73.746787,20.012102],[73.746234,20.012133],[73.745725,20.012168],[73.745657,20.011832],[73.745555,20.011343],[73.745254,20.010849],[73.744911,20.010506],[73.744342,20.00976],[73.743886,20.00918],[73.743436,20.008641],[73.743135,20.008167],[73.742497,20.00728],[73.742084,20.006685],[73.741719,20.006146],[73.741263,20.00548],[73.741011,20.005042],[73.74085,20.004563],[73.7407,20.003706],[73.740604,20.003083],[73.740959,20.003032],[73.741334,20.002982],[73.741808,20.002916],[73.742336,20.002911],[73.743302,20.002934],[73.744236,20.002926],[73.745059,20.002866],[73.745789,20.002843],[73.746496,20.002845],[73.74702,20.002833],[73.74695,20.0022],[73.746786,20.001399],[73.746631,20.00072],[73.746572,20.000733],[73.746569,20.0008],[73.746069,20.000787],[73.746011,20.001636],[73.744879,20.00143],[73.744831,20.002092],[73.744369,20.00217],[73.744323,20.002813],[73.743606,20.002823],[73.743601,20.001974],[73.743427,20.001979],[73.743422,20.002819],[73.742353,20.002789],[73.741707,20.002815],[73.740969,20.002915],[73.740454,20.003001],[73.740548,20.003765],[73.740714,20.004658],[73.740781,20.004928],[73.741116,20.005533],[73.741655,20.006352],[73.742402,20.007431],[73.742958,20.008197],[73.743414,20.008887],[73.744033,20.009628],[73.744599,20.010344],[73.744894,20.010734],[73.745181,20.011027],[73.745406,20.011412],[73.745618,20.012485],[73.745946,20.012442],[73.746436,20.012404],[73.746782,20.012381],[73.747134,20.012346],[73.747563,20.012328],[73.747351,20.013048],[73.747254,20.013318],[73.74675,20.013186],[73.746734,20.0133],[73.747225,20.013446],[73.747193,20.013693],[73.747257,20.01421],[73.747237,20.014695],[73.747221,20.015141],[73.747103,20.015516],[73.746904,20.015733],[73.74669,20.015892],[73.746526,20.01598],[73.746354,20.01598],[73.746172,20.015965],[73.746172,20.016081],[73.74636,20.016088],[73.746534,20.016109],[73.746732,20.01786],[73.746749,20.017999],[73.747586,20.017581]]]}},{"type":"Feature","properties":{"Name":"MH 15 HH 8563","routeId":895,"fill-opacity":0.03,"stroke-width":1,"stroke-opacity":0.5,"locationConfidence":"verified","locationSource":"NMC waste collection vehicle tracking export, 30 Aug 2026 (RTI)"},"geometry":{"type":"Polygon","coordinates":[[[73.721577,19.989406],[73.721454,19.989956],[73.721341,19.99047],[73.721207,19.991055],[73.721137,19.991587],[73.722006,19.991564],[73.722645,19.991574],[73.723361,19.991571],[73.723997,19.991574],[73.725114,19.991576],[73.725731,19.991526],[73.726115,19.991524],[73.726759,19.991537],[73.727048,19.991514],[73.727515,19.991481],[73.72917,19.991234],[73.730589,19.991053],[73.730803,19.990748],[73.730988,19.990455],[73.731096,19.990216],[73.730406,19.989964],[73.72974,19.989699],[73.729166,19.989472],[73.729011,19.989407],[73.728713,19.98953],[73.72834,19.989671],[73.727986,19.9898],[73.727361,19.990022],[73.726972,19.990148],[73.726779,19.990209],[73.726771,19.989725],[73.726768,19.989309],[73.726613,19.989314],[73.726358,19.989314],[73.725803,19.989329],[73.724947,19.989354],[73.723788,19.989392],[73.723056,19.989394],[73.722152,19.989258],[73.721577,19.989406]]]}},{"type":"Feature","properties":{"Name":"MH 15 HH 8564","routeId":360,"fill-opacity":0.03,"stroke-width":1,"stroke-opacity":0.5,"locationConfidence":"verified","locationSource":"NMC waste collection vehicle tracking export, 30 Aug 2026 (RTI)"},"geometry":{"type":"Polygon","coordinates":[[[73.812921,20.022587],[73.815056,20.023091],[73.81733,20.022849],[73.819266,20.022162],[73.820715,20.021567],[73.821991,20.020942],[73.823794,20.019833],[73.823955,20.018913],[73.823558,20.018228],[73.822561,20.018107],[73.821853,20.017468],[73.821295,20.017085],[73.819825,20.017388],[73.818655,20.01766],[73.817668,20.017761],[73.81681,20.017448],[73.815952,20.016601],[73.815287,20.015976],[73.81475,20.015341],[73.814117,20.015704],[73.814181,20.017065],[73.81408,20.018134],[73.811633,20.017892],[73.80994,20.017326],[73.809575,20.018142],[73.810466,20.019335],[73.811762,20.020158],[73.812387,20.021211],[73.812934,20.022612],[73.812921,20.022587]]]}},{"type":"Feature","properties":{"Name":"MH 15 HH 8567","routeId":926,"fill-opacity":0.03,"stroke-width":1,"stroke-opacity":0.5,"locationConfidence":"verified","locationSource":"NMC waste collection vehicle tracking export, 30 Aug 2026 (RTI)"},"geometry":{"type":"Polygon","coordinates":[[[73.803322,20.046667],[73.805891,20.046213],[73.805859,20.046032],[73.803869,20.046374],[73.803933,20.045971],[73.805875,20.045714],[73.805671,20.044454],[73.805441,20.042903],[73.805176,20.041265],[73.803336,20.041602],[73.80303,20.040463],[73.80318,20.040388],[73.8028,20.039098],[73.801052,20.039436],[73.800907,20.038947],[73.80073,20.038932],[73.801341,20.041482],[73.802527,20.04117],[73.802672,20.041704],[73.80139,20.042006],[73.801488,20.042194],[73.802722,20.041957],[73.802743,20.042607],[73.802416,20.042693],[73.802325,20.04236],[73.80211,20.042396],[73.802191,20.042728],[73.801847,20.042748],[73.80174,20.042396],[73.801558,20.042416],[73.801874,20.043666],[73.801382,20.043791],[73.801569,20.044461],[73.803211,20.044436],[73.803189,20.044663],[73.801798,20.044673],[73.801938,20.04495],[73.803209,20.04488],[73.803214,20.045177],[73.802149,20.045272],[73.802375,20.046159],[73.802214,20.046214],[73.80224,20.046325],[73.803303,20.046335],[73.803322,20.046667]]]}},{"type":"Feature","properties":{"Name":"MH 15 HH 8597","routeId":363,"fill-opacity":0.03,"stroke-width":1,"stroke-opacity":0.5,"locationConfidence":"verified","locationSource":"NMC waste collection vehicle tracking export, 30 Aug 2026 (RTI)"},"geometry":{"type":"Polygon","coordinates":[[[73.831822,20.01958],[73.831581,20.021067],[73.831474,20.021994],[73.831474,20.022685],[73.832643,20.02272],[73.834492,20.022986],[73.834234,20.024141],[73.833467,20.024277],[73.833446,20.023531],[73.833414,20.023052],[73.831509,20.023072],[73.831509,20.023425],[73.831026,20.023445],[73.831,20.022832],[73.830919,20.022555],[73.830532,20.02228],[73.830328,20.022582],[73.830092,20.022512],[73.830103,20.021705],[73.83094,20.022008],[73.831203,20.021287],[73.830398,20.020734],[73.829742,20.02039],[73.830328,20.018661],[73.828483,20.017774],[73.828338,20.01851],[73.827549,20.018343],[73.827136,20.018268],[73.826602,20.018212],[73.82649,20.018739],[73.826072,20.018698],[73.826024,20.01776],[73.826414,20.01688],[73.82613,20.016785],[73.825782,20.017685],[73.825853,20.018852],[73.826964,20.019045],[73.826832,20.019999],[73.826709,20.020761],[73.826994,20.020826],[73.82694,20.021189],[73.828108,20.021383],[73.828214,20.020961],[73.829063,20.021223],[73.829794,20.021312],[73.829882,20.022765],[73.830745,20.022846],[73.830808,20.02368],[73.831517,20.023688],[73.831509,20.02413],[73.833186,20.024095],[73.833226,20.024616],[73.834161,20.024466],[73.834134,20.025313],[73.834809,20.025586],[73.835662,20.025757],[73.836228,20.023826],[73.835922,20.023729],[73.836028,20.023339],[73.834765,20.023093],[73.834821,20.022834],[73.833934,20.022614],[73.832844,20.022503],[73.83174,20.02241],[73.83185,20.02123],[73.83213,20.01971],[73.831822,20.01958]]]}},{"type":"Feature","properties":{"Name":"MH 15 HH 8598","routeId":349,"fill-opacity":0.03,"stroke-width":1,"stroke-opacity":0.5,"locationConfidence":"verified","locationSource":"NMC waste collection vehicle tracking export, 30 Aug 2026 (RTI)"},"geometry":{"type":"Polygon","coordinates":[[[73.824156,20.012628],[73.823926,20.013444],[73.824194,20.013475],[73.823943,20.014978],[73.825418,20.015442],[73.824989,20.016475],[73.825525,20.016611],[73.825552,20.016128],[73.825552,20.01585],[73.825651,20.015394],[73.825638,20.015248],[73.825863,20.015266],[73.825874,20.015354],[73.826424,20.015624],[73.826453,20.015545],[73.826456,20.015014],[73.826341,20.015001],[73.825995,20.015019],[73.825877,20.015082],[73.82585,20.015162],[73.825646,20.01514],[73.825677,20.014625],[73.82631,20.014615],[73.826328,20.013925],[73.826341,20.013804],[73.827859,20.013746],[73.827838,20.012584],[73.82799,20.012445],[73.828812,20.012368],[73.829839,20.012335],[73.829861,20.01177],[73.828924,20.011793],[73.828911,20.011202],[73.829188,20.011222],[73.829434,20.011215],[73.829673,20.0112],[73.829982,20.011179],[73.83047,20.011119],[73.830928,20.011066],[73.831317,20.011028],[73.831296,20.011121],[73.831116,20.011222],[73.831148,20.011331],[73.831223,20.011515],[73.831256,20.011714],[73.831961,20.011683],[73.831934,20.011179],[73.831881,20.01089],[73.831856,20.010149],[73.831832,20.008951],[73.832412,20.008944],[73.832417,20.009544],[73.832546,20.009549],[73.832551,20.008914],[73.83288,20.008926],[73.83366,20.009332],[73.834387,20.010111],[73.834411,20.010048],[73.83436,20.009962],[73.833687,20.009251],[73.832887,20.008818],[73.831685,20.008818],[73.831711,20.009881],[73.831747,20.010825],[73.831256,20.0108],[73.831224,20.009819],[73.830698,20.009837],[73.830717,20.010977],[73.830261,20.01105],[73.829553,20.011113],[73.828901,20.011091],[73.828901,20.010463],[73.828746,20.010468],[73.828746,20.011068],[73.828196,20.011063],[73.828218,20.010624],[73.828078,20.010617],[73.828062,20.011068],[73.826909,20.011093],[73.826927,20.010559],[73.826807,20.010549],[73.826761,20.011083],[73.825924,20.011068],[73.825919,20.010566],[73.825986,20.010133],[73.826136,20.009533],[73.826013,20.009498],[73.825932,20.009838],[73.825629,20.009795],[73.825616,20.009934],[73.825889,20.009999],[73.825836,20.010241],[73.825801,20.010425],[73.825787,20.010576],[73.825517,20.010592],[73.825527,20.010692],[73.82579,20.010682],[73.825787,20.011051],[73.825536,20.011056],[73.825078,20.010993],[73.824998,20.011225],[73.825266,20.011469],[73.825728,20.011862],[73.825666,20.012953],[73.825621,20.013599],[73.825563,20.013562],[73.824742,20.013403],[73.824844,20.012781],[73.824156,20.012628],[73.823926,20.013444],[73.824194,20.013475],[73.823943,20.014978],[73.825418,20.015442],[73.824989,20.016475],[73.825525,20.016611],[73.825552,20.016128],[73.825552,20.01585],[73.825651,20.015394],[73.825638,20.015248],[73.825863,20.015266],[73.825874,20.015354],[73.826424,20.015624],[73.826453,20.015545],[73.826456,20.015014],[73.826341,20.015001],[73.825995,20.015019],[73.825877,20.015082],[73.82585,20.015162],[73.825646,20.01514],[73.825677,20.014625],[73.82631,20.014615],[73.826328,20.013925],[73.826341,20.013804],[73.827859,20.013746],[73.827838,20.012584],[73.82799,20.012445],[73.828812,20.012368],[73.829839,20.012335],[73.829861,20.01177],[73.828924,20.011793],[73.828911,20.011202],[73.829188,20.011222],[73.829434,20.011215],[73.829673,20.0112],[73.829982,20.011179],[73.83047,20.011119],[73.830928,20.011066],[73.831317,20.011028],[73.831296,20.011121],[73.831116,20.011222],[73.831148,20.011331],[73.831223,20.011515],[73.831256,20.011714],[73.831961,20.011683],[73.831934,20.011179],[73.831881,20.01089],[73.831856,20.010149],[73.831832,20.008951],[73.832412,20.008944],[73.832417,20.009544],[73.832546,20.009549],[73.832551,20.008914],[73.83288,20.008926],[73.83366,20.009332],[73.834387,20.010111],[73.834411,20.010048],[73.83436,20.009962],[73.833687,20.009251],[73.832887,20.008818],[73.831685,20.008818],[73.831711,20.009881],[73.831747,20.010825],[73.831256,20.0108],[73.831224,20.009819],[73.830698,20.009837],[73.830717,20.010977],[73.830261,20.01105],[73.829553,20.011113],[73.828901,20.011091],[73.828901,20.010463],[73.828746,20.010468],[73.828746,20.011068],[73.828196,20.011063],[73.828218,20.010624],[73.828078,20.010617],[73.828062,20.011068],[73.826909,20.011093],[73.826927,20.010559],[73.826807,20.010549],[73.826761,20.011083],[73.825924,20.011068],[73.825919,20.010566],[73.825986,20.010133],[73.826136,20.009533],[73.826013,20.009498],[73.825932,20.009838],[73.825629,20.009795],[73.825616,20.009934],[73.825889,20.009999],[73.825836,20.010241],[73.825801,20.010425],[73.825787,20.010576],[73.825517,20.010592],[73.825527,20.010692],[73.82579,20.010682],[73.825787,20.011051],[73.825536,20.011056],[73.825078,20.010993],[73.824998,20.011225],[73.825266,20.011469],[73.825728,20.011862],[73.825666,20.012953],[73.825621,20.013599],[73.825563,20.013562],[73.824742,20.013403],[73.824844,20.012781],[73.824156,20.012628]]]}},{"type":"Feature","properties":{"Name":"MH 15 HH 8602","routeId":939,"fill-opacity":0.03,"stroke-width":1,"stroke-opacity":0.5,"locationConfidence":"verified","locationSource":"NMC waste collection vehicle tracking export, 30 Aug 2026 (RTI)"},"geometry":{"type":"Polygon","coordinates":[[[73.820585,20.006958],[73.820789,20.007759],[73.819855,20.008051],[73.820478,20.010289],[73.821363,20.010032],[73.821567,20.010693],[73.821808,20.010627],[73.821754,20.010123],[73.822194,20.010017],[73.822232,20.010345],[73.822522,20.010264],[73.821942,20.006736],[73.822897,20.006363],[73.824303,20.005642],[73.824627,20.005486],[73.825429,20.005178],[73.825743,20.005072],[73.82592,20.005183],[73.825928,20.006191],[73.825925,20.007472],[73.825987,20.008248],[73.826086,20.00876],[73.825976,20.009647],[73.826636,20.00973],[73.826545,20.010216],[73.828235,20.010219],[73.829313,20.010196],[73.829321,20.009213],[73.828334,20.009221],[73.826768,20.009135],[73.82666,20.009586],[73.826156,20.009483],[73.826242,20.008829],[73.826068,20.007806],[73.82605,20.0064],[73.826052,20.005323],[73.826059,20.004972],[73.827656,20.00425],[73.829184,20.0035],[73.83009,20.002994],[73.831338,20.002283],[73.832526,20.001716],[73.833261,20.001343],[73.834157,20.000817],[73.834986,20.000179],[73.835254,19.99999],[73.835785,19.999698],[73.836257,19.999489],[73.836957,19.999095],[73.837665,19.998763],[73.838454,19.998329],[73.838792,19.998286],[73.839755,19.997974],[73.839572,19.999773],[73.838601,20.001346],[73.838207,20.001918],[73.837791,20.002944],[73.837413,20.003529],[73.836901,20.004272],[73.836716,20.004665],[73.836601,20.005486],[73.836539,20.00624],[73.836483,20.007197],[73.836413,20.007961],[73.836531,20.008666],[73.836517,20.01042],[73.836491,20.011289],[73.836515,20.011498],[73.836247,20.011836],[73.836539,20.012232],[73.836823,20.013177],[73.836892,20.014312],[73.838113,20.01413],[73.839762,20.013926],[73.839749,20.015124],[73.841476,20.015074],[73.841483,20.013785],[73.841566,20.013782],[73.841563,20.013583],[73.839798,20.01378],[73.838133,20.014024],[73.837044,20.014155],[73.836973,20.013207],[73.836734,20.012291],[73.836718,20.01218],[73.836506,20.011908],[73.836643,20.011744],[73.836616,20.011639],[73.836707,20.01152],[73.836643,20.01117],[73.836667,20.010368],[73.836672,20.008942],[73.836684,20.008729],[73.838073,20.008794],[73.838014,20.007736],[73.836549,20.007645],[73.836631,20.006549],[73.836713,20.005513],[73.836796,20.0048],[73.836965,20.004404],[73.837471,20.003674],[73.837852,20.003099],[73.838276,20.002091],[73.83837,20.001889],[73.838872,20.001183],[73.839543,20.000034],[73.83971,19.99977],[73.839868,19.998305],[73.839905,19.99782],[73.839444,19.997908],[73.838849,19.9981],[73.838446,19.998092],[73.835883,19.999427],[73.834939,19.999959],[73.834282,20.000458],[73.833545,20.00094],[73.83233,20.001581],[73.83115,20.002128],[73.829503,20.003071],[73.828231,20.003713],[73.826737,20.004427],[73.825582,20.004894],[73.824641,20.005219],[73.824177,20.005406],[73.823774,20.00565],[73.823351,20.00588],[73.822951,20.006041],[73.822441,20.006238],[73.821774,20.006487],[73.820977,20.00682],[73.820585,20.006958]]]}},{"type":"Feature","properties":{"Name":"MH 15 HH 8603","routeId":980,"fill-opacity":0.03,"stroke-width":1,"stroke-opacity":0.5,"locationConfidence":"verified","locationSource":"NMC waste collection vehicle tracking export, 30 Aug 2026 (RTI)"},"geometry":{"type":"Polygon","coordinates":[[[73.790279,20.018802],[73.790338,20.018444],[73.791036,20.018429],[73.791095,20.018893],[73.792715,20.018746],[73.792699,20.017774],[73.793836,20.017748],[73.793744,20.016866],[73.793455,20.014913],[73.793235,20.012321],[73.792575,20.012497],[73.791283,20.013062],[73.790773,20.012563],[73.790048,20.011684],[73.789179,20.01124],[73.791265,20.010862],[73.791652,20.010162],[73.791898,20.009572],[73.79155,20.009441],[73.791244,20.010152],[73.790552,20.00984],[73.790343,20.010424],[73.789726,20.010732],[73.788465,20.010989],[73.788438,20.011191],[73.789007,20.011609],[73.789768,20.012038],[73.790042,20.012442],[73.789908,20.013047],[73.789812,20.014041],[73.789608,20.014525],[73.789355,20.01546],[73.78928,20.016085],[73.789307,20.01714],[73.789199,20.018204],[73.789693,20.018234],[73.789682,20.017669],[73.790127,20.017695],[73.790006,20.018888],[73.790274,20.018908],[73.790279,20.018802]]]}},{"type":"Feature","properties":{"Name":"MH 15 HH 8647","routeId":678,"fill-opacity":0.03,"stroke-width":1,"stroke-opacity":0.5,"locationConfidence":"verified","locationSource":"NMC waste collection vehicle tracking export, 30 Aug 2026 (RTI)"},"geometry":{"type":"Polygon","coordinates":[[[73.745967,19.979095],[73.745962,19.978912],[73.745998,19.978908],[73.747157,19.978758],[73.747126,19.978631],[73.747156,19.978625],[73.747916,19.978484],[73.748889,19.978459],[73.748889,19.97814],[73.748881,19.97791],[73.748806,19.9772],[73.748932,19.976918],[73.749071,19.976918],[73.750066,19.976653],[73.749893,19.9764],[73.749602,19.975996],[73.749554,19.975909],[73.749463,19.975792],[73.749339,19.975522],[73.749059,19.974363],[73.748997,19.974124],[73.749016,19.97412],[73.749283,19.974072],[73.749297,19.97407],[73.749345,19.974199],[73.749477,19.97418],[73.749479,19.974203],[73.749505,19.974464],[73.749702,19.974791],[73.749696,19.974885],[73.749704,19.975055],[73.750016,19.975055],[73.750384,19.975014],[73.750771,19.974975],[73.750883,19.975097],[73.751441,19.975069],[73.751466,19.975068],[73.751489,19.975293],[73.751348,19.975281],[73.751357,19.975791],[73.752485,19.975718],[73.752529,19.976077],[73.7526,19.976074],[73.754386,19.975989],[73.754768,19.975972],[73.754657,19.974859],[73.754441,19.973217],[73.754285,19.97228],[73.75405,19.9716],[73.753933,19.971259],[73.753795,19.970859],[73.753579,19.969897],[73.753552,19.969712],[73.753486,19.969259],[73.753358,19.968376],[73.753293,19.967831],[73.753252,19.966479],[73.753256,19.966422],[73.753316,19.965643],[73.754309,19.96549],[73.755081,19.965342],[73.755093,19.965394],[73.755895,19.96523],[73.755828,19.964911],[73.755759,19.964593],[73.756363,19.963808],[73.757207,19.962824],[73.755883,19.961777],[73.754351,19.961558],[73.753862,19.963139],[73.753573,19.963148],[73.752731,19.963127],[73.752729,19.963127],[73.752738,19.96276],[73.75205,19.962722],[73.752051,19.962653],[73.75136,19.962647],[73.751094,19.962673],[73.751093,19.96306],[73.750481,19.963084],[73.750458,19.963506],[73.750458,19.963507],[73.749302,19.96349],[73.749122,19.963206],[73.749122,19.963205],[73.74905,19.963012],[73.749049,19.963011],[73.748941,19.962722],[73.747052,19.962731],[73.747048,19.962639],[73.747039,19.96264],[73.746606,19.962657],[73.746686,19.963637],[73.74649,19.963641],[73.746489,19.963627],[73.74647,19.963439],[73.746285,19.963432],[73.744767,19.963383],[73.745041,19.964475],[73.745043,19.964513],[73.745067,19.965081],[73.744161,19.965063],[73.743749,19.965055],[73.741661,19.965022],[73.741671,19.965281],[73.739615,19.965387],[73.739866,19.965962],[73.738888,19.966003],[73.738729,19.966011],[73.738743,19.966189],[73.739322,19.966154],[73.739327,19.966224],[73.739831,19.966242],[73.739831,19.966243],[73.739883,19.966659],[73.739389,19.966671],[73.739341,19.966672],[73.739324,19.966693],[73.739314,19.966727],[73.739296,19.966728],[73.739289,19.966737],[73.738843,19.966756],[73.738842,19.966756],[73.738841,19.966756],[73.738841,19.966828],[73.737898,19.966828],[73.737748,19.967736],[73.737748,19.967743],[73.737115,19.966926],[73.737,19.966778],[73.736668,19.966238],[73.736467,19.966132],[73.736451,19.966123],[73.736062,19.965529],[73.735837,19.964981],[73.735829,19.964927],[73.735661,19.963826],[73.735651,19.963764],[73.735575,19.963265],[73.735141,19.963393],[73.735031,19.963154],[73.734989,19.96317],[73.73493,19.96322],[73.734301,19.963445],[73.733968,19.963445],[73.733644,19.963446],[73.733183,19.963546],[73.732319,19.963793],[73.732316,19.963794],[73.732051,19.963869],[73.732055,19.963882],[73.732186,19.964328],[73.732303,19.964613],[73.733392,19.964919],[73.733433,19.965162],[73.733784,19.966951],[73.734481,19.967777],[73.735226,19.968288],[73.735384,19.968508],[73.735449,19.968872],[73.735466,19.969129],[73.735543,19.969266],[73.73607,19.96942],[73.736324,19.969308],[73.737188,19.969436],[73.737252,19.969445],[73.737948,19.969788],[73.738241,19.969924],[73.738289,19.969956],[73.738902,19.97037],[73.7391,19.970404],[73.7391,19.970405],[73.739269,19.970778],[73.739581,19.9716],[73.739636,19.971933],[73.739712,19.972395],[73.740171,19.972734],[73.741199,19.97325],[73.741354,19.973329],[73.741448,19.973445],[73.741532,19.973549],[73.741796,19.974244],[73.741785,19.975423],[73.742123,19.97588],[73.742171,19.975965],[73.742483,19.976498],[73.742779,19.97686],[73.742801,19.976888],[73.743241,19.977637],[73.743241,19.977638],[73.74334,19.978017],[73.743341,19.978048],[73.743349,19.978252],[73.743467,19.978511],[73.743682,19.978659],[73.743696,19.978878],[73.743821,19.979077],[73.744429,19.9792],[73.744486,19.97928],[73.74524,19.979186],[73.745967,19.979095]]]}},{"type":"Feature","properties":{"Name":"MH 15 HH 8648","routeId":1001,"fill-opacity":0.03,"stroke-width":1,"stroke-opacity":0.5,"locationConfidence":"verified","locationSource":"NMC waste collection vehicle tracking export, 30 Aug 2026 (RTI)"},"geometry":{"type":"Polygon","coordinates":[[[73.750734,19.951102],[73.75576,19.956413],[73.754047,19.958811],[73.755646,19.959782],[73.759757,19.956869],[73.765411,19.955156],[73.770608,19.952015],[73.772835,19.948189],[73.775176,19.943792],[73.774148,19.940594],[73.769408,19.936311],[73.765297,19.929629],[73.761927,19.928373],[73.758558,19.928087],[73.757245,19.929744],[73.761585,19.934369],[73.765753,19.940194],[73.770493,19.944306],[73.76838,19.948532],[73.7597,19.94876],[73.760328,19.951044],[73.760442,19.954699],[73.758101,19.955556],[73.752162,19.949503],[73.750734,19.951102]]]}},{"type":"Feature","properties":{"Name":"MH 15 HH 8650","routeId":60,"fill-opacity":0.03,"stroke-width":1,"stroke-opacity":0.5,"locationConfidence":"verified","locationSource":"NMC waste collection vehicle tracking export, 30 Aug 2026 (RTI)"},"geometry":{"type":"Polygon","coordinates":[[[73.788498,20.010045],[73.788399,20.009479],[73.788261,20.009056],[73.78821,20.008899],[73.788159,20.008742],[73.788158,20.008732],[73.788101,20.008163],[73.787761,20.008137],[73.787752,20.008136],[73.787663,20.007865],[73.787663,20.007864],[73.787653,20.007832],[73.787679,20.007435],[73.787696,20.007118],[73.787624,20.006688],[73.787293,20.006719],[73.786326,20.006738],[73.786315,20.006687],[73.786309,20.00654],[73.785579,20.006685],[73.784778,20.006852],[73.784756,20.006804],[73.784701,20.006669],[73.784586,20.006398],[73.784276,20.00562],[73.784193,20.005416],[73.784185,20.005392],[73.783949,20.004801],[73.783705,20.004001],[73.783405,20.003167],[73.783105,20.002333],[73.782799,20.001531],[73.782461,20.000643],[73.782086,20.000684],[73.78059,20.000762],[73.779702,20.000802],[73.779083,20.00083],[73.778336,20.000868],[73.778048,20.000877],[73.777931,20.000882],[73.777255,20.0009],[73.774674,20.001744],[73.772094,20.002588],[73.772094,20.002589],[73.771909,20.002665],[73.771875,20.002679],[73.771065,20.002883],[73.770229,20.003093],[73.770437,20.003871],[73.77037,20.003903],[73.769907,20.004131],[73.769654,20.004257],[73.769265,20.004447],[73.768875,20.004637],[73.768322,20.004906],[73.767673,20.005096],[73.767037,20.005311],[73.766498,20.005493],[73.766193,20.005566],[73.765635,20.005666],[73.765085,20.005702],[73.764763,20.005723],[73.76337,20.005831],[73.761895,20.006339],[73.761518,20.00647],[73.75995,20.006906],[73.759225,20.007148],[73.757973,20.007593],[73.757459,20.00778],[73.756511,20.008166],[73.755347,20.008639],[73.755355,20.008704],[73.755419,20.009177],[73.755608,20.010719],[73.755797,20.01196],[73.75583,20.012055],[73.755862,20.01215],[73.755908,20.012543],[73.755973,20.013099],[73.755986,20.013205],[73.755994,20.01328],[73.756139,20.014562],[73.757486,20.014295],[73.758351,20.014128],[73.758664,20.014066],[73.758732,20.014908],[73.75875,20.015103],[73.758787,20.015512],[73.758795,20.015606],[73.758822,20.015908],[73.758822,20.015933],[73.758838,20.016126],[73.758834,20.016997],[73.759002,20.018221],[73.759152,20.019284],[73.759481,20.019302],[73.759481,20.019316],[73.759485,20.019954],[73.75943,20.020803],[73.759032,20.022626],[73.75903,20.022625],[73.758956,20.022905],[73.760104,20.023002],[73.761497,20.022997],[73.763019,20.022806],[73.764514,20.022335],[73.766184,20.021509],[73.767345,20.020889],[73.768439,20.020163],[73.769183,20.019369],[73.769641,20.018537],[73.770104,20.017675],[73.770477,20.016375],[73.771004,20.015443],[73.771828,20.014449],[73.77208,20.014263],[73.772864,20.01293],[73.773824,20.011772],[73.774883,20.010286],[73.775702,20.009642],[73.778249,20.009182],[73.781848,20.009032],[73.783911,20.009365],[73.785296,20.009869],[73.788498,20.010045]]]}},{"type":"Feature","properties":{"Name":"MH 15 HH 8657","routeId":361,"fill-opacity":0.03,"stroke-width":1,"stroke-opacity":0.5,"locationConfidence":"verified","locationSource":"NMC waste collection vehicle tracking export, 30 Aug 2026 (RTI)"},"geometry":{"type":"Polygon","coordinates":[[[73.820002,20.029854],[73.821504,20.030237],[73.823349,20.030116],[73.825001,20.029572],[73.826203,20.029229],[73.827598,20.028382],[73.82837,20.027637],[73.828449,20.026285],[73.828192,20.024107],[73.827956,20.022374],[73.827505,20.021722],[73.826196,20.020674],[73.825467,20.02021],[73.823922,20.019243],[73.822935,20.018779],[73.821726,20.019506],[73.819945,20.020414],[73.818383,20.021286],[73.816538,20.022173],[73.815722,20.022819],[73.816388,20.024008],[73.817503,20.025238],[73.818941,20.025943],[73.819585,20.027294],[73.819778,20.028947],[73.820002,20.029854]]]}},{"type":"Feature","properties":{"Name":"MH 15 HH 8658","routeId":697,"fill-opacity":0.03,"stroke-width":1,"stroke-opacity":0.5,"locationConfidence":"verified","locationSource":"NMC waste collection vehicle tracking export, 30 Aug 2026 (RTI)"},"geometry":{"type":"Polygon","coordinates":[[[73.812489,20.028955],[73.814383,20.02898],[73.814427,20.028332],[73.812828,20.028196],[73.812658,20.027261],[73.813908,20.027332],[73.813906,20.027838],[73.815083,20.027987],[73.815147,20.026319],[73.81229,20.026037],[73.811721,20.024846],[73.81156,20.023998],[73.815471,20.023121],[73.817869,20.02245],[73.819768,20.021589],[73.821383,20.020858],[73.822849,20.019931],[73.823189,20.020271],[73.824332,20.020502],[73.824493,20.021057],[73.826598,20.022235],[73.826746,20.020971],[73.826846,20.019361],[73.824839,20.019119],[73.823758,20.01964],[73.823447,20.019343],[73.824382,20.01842],[73.8253,20.016891],[73.823205,20.016574],[73.822573,20.01828],[73.822673,20.019343],[73.820673,20.020574],[73.818647,20.021462],[73.81562,20.022547],[73.815281,20.020571],[73.815112,20.019241],[73.815346,20.018041],[73.814978,20.016157],[73.814546,20.014224],[73.814163,20.012467],[73.812153,20.011618],[73.810419,20.010964],[73.809707,20.010779],[73.808724,20.01153],[73.809151,20.013634],[73.809414,20.015385],[73.809641,20.015858],[73.810531,20.015865],[73.810827,20.015033],[73.811878,20.015004],[73.812267,20.014725],[73.813686,20.01501],[73.813867,20.015421],[73.814464,20.015655],[73.814799,20.01757],[73.814786,20.01938],[73.815089,20.022114],[73.815165,20.022695],[73.811393,20.023613],[73.810996,20.021367],[73.810787,20.019001],[73.810542,20.018505],[73.809572,20.018684],[73.809721,20.019857],[73.808341,20.020296],[73.808275,20.020796],[73.807782,20.020891],[73.807818,20.021187],[73.808558,20.021701],[73.809717,20.021842],[73.809744,20.022275],[73.810801,20.022351],[73.811112,20.024322],[73.81129,20.024968],[73.812135,20.026784],[73.812446,20.028362],[73.812489,20.028955]]]}},{"type":"Feature","properties":{"Name":"MH 15 HH 8660","routeId":941,"fill-opacity":0.03,"stroke-width":1,"stroke-opacity":0.5,"locationConfidence":"verified","locationSource":"NMC waste collection vehicle tracking export, 30 Aug 2026 (RTI)"},"geometry":{"type":"Polygon","coordinates":[[[73.843639,20.013301],[73.84394,20.013301],[73.844546,20.013251],[73.845203,20.013208],[73.846018,20.013122],[73.846099,20.013725],[73.846507,20.013672],[73.846622,20.013717],[73.846771,20.01474],[73.847369,20.014698],[73.847777,20.014686],[73.847787,20.015018],[73.848675,20.015069],[73.84868,20.014943],[73.849279,20.015001],[73.849764,20.015041],[73.849713,20.013945],[73.850311,20.01392],[73.8513,20.013895],[73.851262,20.013522],[73.852088,20.013428],[73.852088,20.013053],[73.852659,20.012972],[73.853115,20.012935],[73.853597,20.012929],[73.853656,20.013003],[73.853739,20.014561],[73.853189,20.014588],[73.853216,20.015268],[73.85335,20.015305],[73.853232,20.015514],[73.85327,20.016353],[73.853351,20.016509],[73.853335,20.017107],[73.852916,20.017049],[73.852148,20.016947],[73.851388,20.016866],[73.851072,20.016829],[73.85105,20.017163],[73.851238,20.017206],[73.851247,20.017259],[73.851053,20.017239],[73.851019,20.017464],[73.851267,20.017499],[73.851253,20.017568],[73.851025,20.017536],[73.851035,20.017908],[73.851337,20.017909],[73.851339,20.017993],[73.851035,20.017983],[73.851023,20.018444],[73.851439,20.018416],[73.851847,20.018399],[73.852335,20.018475],[73.852278,20.019121],[73.852559,20.019177],[73.852519,20.01927],[73.85227,20.019237],[73.852195,20.020056],[73.852503,20.020094],[73.852476,20.020222],[73.852181,20.020192],[73.852137,20.020542],[73.852689,20.020605],[73.852509,20.021378],[73.852059,20.021293],[73.851994,20.022202],[73.851474,20.022177],[73.851565,20.021497],[73.851635,20.020708],[73.851699,20.020146],[73.851705,20.020111],[73.851311,20.020086],[73.850973,20.020062],[73.850268,20.019977],[73.849758,20.019936],[73.849304,20.019906],[73.84884,20.019891],[73.848699,20.019905],[73.848293,20.019868],[73.84783,20.019823],[73.847639,20.01981],[73.847636,20.019737],[73.847745,20.019737],[73.847787,20.018846],[73.848384,20.018848],[73.848412,20.018233],[73.849167,20.018243],[73.849209,20.017657],[73.849186,20.017379],[73.848429,20.017368],[73.847626,20.01732],[73.847107,20.017297],[73.847119,20.017476],[73.847305,20.017503],[73.8473,20.017566],[73.846362,20.017534],[73.846374,20.017658],[73.846357,20.017878],[73.846052,20.01791],[73.845817,20.01793],[73.845611,20.017952],[73.845567,20.01738],[73.84597,20.017357],[73.846139,20.017348],[73.846271,20.017362],[73.846286,20.017338],[73.846245,20.016774],[73.846237,20.016331],[73.846213,20.016006],[73.8462,20.015715],[73.846179,20.015377],[73.846168,20.015044],[73.846165,20.014829],[73.846032,20.013931],[73.845984,20.013578],[73.84593,20.013225],[73.84531,20.013286],[73.844482,20.013369],[73.843637,20.013414],[73.843639,20.013301]]]}},{"type":"Feature","properties":{"Name":"MH 15 HH 8661","routeId":359,"fill-opacity":0.03,"stroke-width":1,"stroke-opacity":0.5,"locationConfidence":"verified","locationSource":"NMC waste collection vehicle tracking export, 30 Aug 2026 (RTI)"},"geometry":{"type":"Polygon","coordinates":[[[73.811315,20.015218],[73.809571,20.016256],[73.808428,20.016937],[73.809851,20.017805],[73.809572,20.018047],[73.808203,20.018109],[73.807157,20.018149],[73.807349,20.020044],[73.808245,20.020028],[73.80834,20.020426],[73.808549,20.02043],[73.808449,20.019677],[73.808416,20.01936],[73.80937,20.019242],[73.809369,20.018906],[73.809895,20.018833],[73.810514,20.01869],[73.810435,20.018525],[73.810299,20.018018],[73.811517,20.018369],[73.812925,20.018722],[73.813753,20.018966],[73.814755,20.019312],[73.815076,20.018908],[73.815145,20.018527],[73.815127,20.017861],[73.815093,20.01711],[73.815003,20.016476],[73.814887,20.01591],[73.814413,20.015615],[73.811315,20.015218]]]}},{"type":"Feature","properties":{"Name":"MH 15 HH 8662","routeId":996,"fill-opacity":0.03,"stroke-width":1,"stroke-opacity":0.5,"locationConfidence":"verified","locationSource":"NMC waste collection vehicle tracking export, 30 Aug 2026 (RTI)"},"geometry":{"type":"Polygon","coordinates":[[[73.835046,20.046922],[73.836205,20.046854],[73.836165,20.046627],[73.835266,20.04671],[73.835199,20.045846],[73.835164,20.04477],[73.835094,20.043458],[73.835116,20.043186],[73.835084,20.042315],[73.835009,20.040703],[73.834992,20.038909],[73.836156,20.038521],[73.838205,20.038147],[73.838339,20.038732],[73.839986,20.038409],[73.840372,20.037744],[73.842339,20.037365],[73.844739,20.036799],[73.846005,20.036532],[73.84638,20.036512],[73.847287,20.036265],[73.84829,20.036048],[73.849627,20.035617],[73.851679,20.034745],[73.852382,20.03437],[73.853047,20.033786],[73.853541,20.03309],[73.853814,20.032708],[73.853991,20.032536],[73.854576,20.032168],[73.855391,20.031679],[73.855949,20.031463],[73.8567,20.031221],[73.856974,20.030898],[73.856083,20.030273],[73.854045,20.029452],[73.851904,20.028686],[73.850153,20.028136],[73.847431,20.027211],[73.845068,20.026421],[73.843185,20.025796],[73.841796,20.025211],[73.841764,20.025775],[73.841683,20.02665],[73.841594,20.027729],[73.84157,20.028354],[73.84098,20.028361],[73.840484,20.028359],[73.840202,20.028399],[73.840151,20.029329],[73.840108,20.030063],[73.840556,20.03007],[73.840519,20.030884],[73.840223,20.030975],[73.839958,20.031013],[73.839338,20.031005],[73.839287,20.031154],[73.839636,20.031156],[73.839969,20.031144],[73.840623,20.030992],[73.840671,20.030975],[73.840661,20.030536],[73.84102,20.030544],[73.841511,20.030564],[73.841591,20.030458],[73.841591,20.03032],[73.842007,20.030294],[73.842037,20.030872],[73.842026,20.031902],[73.842137,20.031959],[73.842532,20.031942],[73.842534,20.031526],[73.842534,20.031218],[73.843157,20.031201],[73.843909,20.031213],[73.843914,20.031536],[73.844043,20.031541],[73.844054,20.031233],[73.844137,20.031233],[73.844148,20.031095],[73.843609,20.031062],[73.843609,20.030687],[73.843823,20.030709],[73.843799,20.030407],[73.84382,20.030082],[73.844786,20.030107],[73.844716,20.029268],[73.844928,20.029258],[73.844952,20.029356],[73.845077,20.029316],[73.845045,20.02914],[73.845066,20.028742],[73.845203,20.028747],[73.845225,20.028641],[73.845066,20.028623],[73.844948,20.028603],[73.845031,20.027905],[73.845801,20.027933],[73.845694,20.028396],[73.845807,20.028412],[73.846067,20.027313],[73.848166,20.027987],[73.85058,20.028765],[73.853479,20.029748],[73.855463,20.030494],[73.856332,20.031008],[73.855361,20.031482],[73.853766,20.03244],[73.853031,20.033508],[73.852629,20.033956],[73.851985,20.03441],[73.85022,20.035166],[73.849129,20.035615],[73.848034,20.035922],[73.846991,20.036141],[73.846339,20.036308],[73.845655,20.036416],[73.843418,20.036922],[73.841755,20.037293],[73.840516,20.037529],[73.840157,20.037599],[73.839427,20.037693],[73.839685,20.036838],[73.839537,20.036806],[73.839234,20.037728],[73.838355,20.037869],[73.837633,20.038015],[73.836358,20.03828],[73.835776,20.038411],[73.834982,20.038677],[73.834928,20.038521],[73.834891,20.037472],[73.834854,20.036596],[73.83484,20.035821],[73.834835,20.035508],[73.83565,20.035425],[73.835771,20.035423],[73.83587,20.035808],[73.836754,20.035919],[73.837564,20.035828],[73.838757,20.035796],[73.839443,20.035768],[73.839712,20.035809],[73.839905,20.036008],[73.840176,20.03601],[73.840586,20.036033],[73.840618,20.035213],[73.840854,20.035175],[73.840884,20.034736],[73.840452,20.034683],[73.840484,20.034502],[73.84035,20.034477],[73.840294,20.034678],[73.839913,20.034643],[73.839696,20.034512],[73.839602,20.034535],[73.839347,20.03488],[73.839091,20.034799],[73.838788,20.034786],[73.838268,20.034766],[73.838265,20.034431],[73.838335,20.034176],[73.838061,20.034169],[73.838035,20.034373],[73.837619,20.03438],[73.83763,20.033513],[73.837029,20.033525],[73.837011,20.033455],[73.836911,20.033453],[73.836915,20.033539],[73.836718,20.033568],[73.836684,20.033606],[73.836665,20.034304],[73.836648,20.034721],[73.836298,20.034726],[73.836201,20.034279],[73.836172,20.034115],[73.836153,20.033233],[73.836098,20.032395],[73.836809,20.032286],[73.83669,20.031274],[73.836689,20.031246],[73.837205,20.031219],[73.83722,20.031434],[73.837412,20.031441],[73.837418,20.031368],[73.837287,20.031352],[73.837263,20.031172],[73.837247,20.031146],[73.83663,20.031175],[73.836418,20.031282],[73.836227,20.031233],[73.836122,20.031265],[73.835867,20.031539],[73.835497,20.03159],[73.835082,20.031601],[73.834952,20.031633],[73.834772,20.031805],[73.834521,20.03178],[73.834497,20.032196],[73.834558,20.032697],[73.83466,20.033745],[73.834687,20.034497],[73.834698,20.035399],[73.834752,20.036352],[73.834781,20.037294],[73.834811,20.038188],[73.834797,20.038861],[73.834846,20.039935],[73.834859,20.041185],[73.834883,20.042167],[73.834926,20.04289],[73.834846,20.043258],[73.834913,20.043541],[73.834916,20.04388],[73.834967,20.044321],[73.834994,20.044917],[73.835013,20.045708],[73.835064,20.046491],[73.83508,20.046831],[73.835046,20.046922]]]}},{"type":"Feature","properties":{"Name":"MH 15 HH 8664","routeId":808,"fill-opacity":0.03,"stroke-width":1,"stroke-opacity":0.5,"locationConfidence":"verified","locationSource":"NMC waste collection vehicle tracking export, 30 Aug 2026 (RTI)"},"geometry":{"type":"Polygon","coordinates":[[[73.800595,20.026953],[73.802167,20.026545],[73.804527,20.025749],[73.805922,20.027664],[73.807319,20.029682],[73.808236,20.030802],[73.809019,20.031961],[73.809862,20.032556],[73.811768,20.032304],[73.812608,20.031891],[73.812456,20.031264],[73.813064,20.031006],[73.812699,20.029684],[73.811364,20.029953],[73.811113,20.029389],[73.810696,20.029535],[73.811365,20.031808],[73.810071,20.031985],[73.80871,20.03051],[73.807745,20.029405],[73.806666,20.027904],[73.808722,20.027766],[73.808625,20.026843],[73.80788,20.02602],[73.805571,20.026272],[73.80504,20.025511],[73.8065,20.025286],[73.810102,20.024308],[73.809807,20.023221],[73.809067,20.023245],[73.808787,20.022313],[73.806592,20.022464],[73.803983,20.022585],[73.803552,20.02386],[73.803158,20.024392],[73.800957,20.024806],[73.800383,20.025298],[73.800595,20.026953]]]}},{"type":"Feature","properties":{"Name":"MH 15 HH 8665","routeId":986,"fill-opacity":0.03,"stroke-width":1,"stroke-opacity":0.5,"locationConfidence":"verified","locationSource":"NMC waste collection vehicle tracking export, 30 Aug 2026 (RTI)"},"geometry":{"type":"Polygon","coordinates":[[[73.842125,20.025221],[73.842055,20.025876],[73.840902,20.025292],[73.839373,20.024344],[73.837587,20.023276],[73.836019,20.02239],[73.834496,20.021442],[73.835038,20.020474],[73.835955,20.020898],[73.836186,20.019134],[73.836542,20.016628],[73.836864,20.014098],[73.83827,20.013982],[73.838173,20.015066],[73.839402,20.015036],[73.841242,20.014976],[73.843194,20.014878],[73.843473,20.0149],[73.843235,20.015765],[73.843084,20.017534],[73.84287,20.019565],[73.84272,20.02073],[73.842376,20.022413],[73.842135,20.023739],[73.842125,20.025221]]]}},{"type":"Feature","properties":{"Name":"MH 15 HH 8760","routeId":936,"fill-opacity":0.03,"stroke-width":1,"stroke-opacity":0.5,"locationConfidence":"verified","locationSource":"NMC waste collection vehicle tracking export, 30 Aug 2026 (RTI)"},"geometry":{"type":"Polygon","coordinates":[[[73.810506,20.010814],[73.809466,20.010436],[73.807722,20.009867],[73.806429,20.009085],[73.805898,20.009226],[73.803704,20.00906],[73.801912,20.008566],[73.801634,20.008617],[73.801961,20.008828],[73.802669,20.009685],[73.803699,20.011117],[73.804622,20.012221],[73.805651,20.013506],[73.806209,20.014141],[73.806966,20.013375],[73.808317,20.012182],[73.809282,20.011497],[73.810506,20.010814]]]}},{"type":"Feature","properties":{"Name":"MH 15 HH 8797","routeId":914,"fill-opacity":0.03,"stroke-width":1,"stroke-opacity":0.5,"locationConfidence":"verified","locationSource":"NMC waste collection vehicle tracking export, 30 Aug 2026 (RTI)"},"geometry":{"type":"Polygon","coordinates":[[[73.795548,20.037522],[73.794636,20.037209],[73.794561,20.036857],[73.794767,20.035754],[73.795014,20.033965],[73.795861,20.034005],[73.797031,20.034157],[73.797959,20.034082],[73.799262,20.033991],[73.799209,20.035135],[73.799171,20.036017],[73.799127,20.03699],[73.799095,20.037847],[73.799074,20.038386],[73.799044,20.039354],[73.799023,20.040534],[73.79906,20.041274],[73.798411,20.041259],[73.79847,20.041012],[73.798851,20.041038],[73.798851,20.040851],[73.798266,20.040821],[73.798315,20.041602],[73.798003,20.041552],[73.798095,20.040846],[73.797805,20.040841],[73.797784,20.041647],[73.797574,20.041562],[73.797628,20.04077],[73.797488,20.040776],[73.797451,20.041612],[73.797242,20.041506],[73.797301,20.04076],[73.797065,20.040725],[73.796968,20.041416],[73.794688,20.041174],[73.794688,20.040851],[73.794028,20.040624],[73.794205,20.039586],[73.794275,20.038896],[73.794619,20.038775],[73.794619,20.039057],[73.797349,20.03939],[73.797199,20.039662],[73.796652,20.039662],[73.796619,20.039964],[73.797075,20.040045],[73.79707,20.040453],[73.798824,20.040524],[73.798824,20.040423],[73.79729,20.040307],[73.797381,20.039566],[73.797735,20.039586],[73.798754,20.039677],[73.798808,20.03815],[73.798245,20.038074],[73.798234,20.03702],[73.798278,20.036408],[73.798407,20.035258],[73.798101,20.035269],[73.797913,20.036523],[73.797773,20.037944],[73.796255,20.037601],[73.796244,20.037142],[73.795547,20.037027],[73.795402,20.036926],[73.79552,20.036432],[73.794994,20.036371],[73.794865,20.037016],[73.795799,20.037344],[73.795772,20.037586],[73.795548,20.037522]]]}},{"type":"Feature","properties":{"Name":"MH 15 HH 8798","routeId":621,"fill-opacity":0.03,"stroke-width":1,"stroke-opacity":0.5,"locationConfidence":"verified","locationSource":"NMC waste collection vehicle tracking export, 30 Aug 2026 (RTI)"},"geometry":{"type":"Polygon","coordinates":[[[73.794678,20.009259],[73.797982,20.008613],[73.801029,20.008855],[73.802317,20.011275],[73.803003,20.015106],[73.807381,20.017911],[73.806909,20.020774],[73.809226,20.022064],[73.811243,20.023476],[73.810514,20.02529],[73.811672,20.027709],[73.810814,20.030007],[73.810685,20.031983],[73.80442,20.032709],[73.799184,20.034523],[73.795493,20.034241],[73.791245,20.033878],[73.788477,20.034047],[73.786246,20.033563],[73.785087,20.032676],[73.785602,20.030902],[73.786203,20.029491],[73.784915,20.027999],[73.786986,20.025737],[73.789776,20.023117],[73.794196,20.022189],[73.793338,20.017189],[73.796342,20.016625],[73.795913,20.014608],[73.795226,20.012552],[73.794678,20.009259]]]}},{"type":"Feature","properties":{"Name":"MH 15 HH 8803","routeId":401,"fill-opacity":0.03,"stroke-width":1,"stroke-opacity":0.5,"locationConfidence":"verified","locationSource":"NMC waste collection vehicle tracking export, 30 Aug 2026 (RTI)"},"geometry":{"type":"Polygon","coordinates":[[[73.785969,20.027007],[73.786361,20.026772],[73.786646,20.026495],[73.786802,20.026326],[73.787206,20.025807],[73.787424,20.025524],[73.787845,20.02497],[73.788048,20.0247],[73.788307,20.024413],[73.788648,20.024021],[73.788815,20.023809],[73.788888,20.023745],[73.788961,20.023681],[73.789326,20.023415],[73.789461,20.02336],[73.78992,20.023176],[73.790132,20.023131],[73.790345,20.023086],[73.790708,20.023044],[73.791216,20.022979],[73.792798,20.022725],[73.79358,20.022591],[73.794362,20.022457],[73.794127,20.020883],[73.793976,20.020018],[73.793794,20.018799],[73.79371,20.018213],[73.793529,20.017017],[73.793528,20.017013],[73.794166,20.016976],[73.795112,20.016921],[73.796208,20.016856],[73.796759,20.016783],[73.796341,20.015546],[73.796195,20.014858],[73.796169,20.014735],[73.79615,20.014436],[73.795965,20.013344],[73.795831,20.012672],[73.795631,20.01207],[73.795546,20.011659],[73.79531,20.010961],[73.795058,20.010141],[73.79482,20.009866],[73.794859,20.009667],[73.794709,20.009145],[73.794669,20.009053],[73.795515,20.008963],[73.795693,20.008898],[73.796081,20.00885],[73.796092,20.008848],[73.796512,20.008837],[73.797172,20.008849],[73.798057,20.00878],[73.798078,20.008779],[73.798565,20.008778],[73.799664,20.00874],[73.800486,20.00866],[73.800831,20.008511],[73.800618,20.008355],[73.8004,20.008154],[73.800241,20.007936],[73.800163,20.007872],[73.799548,20.007776],[73.799333,20.007671],[73.799102,20.007424],[73.798951,20.007333],[73.798911,20.007315],[73.7988,20.007006],[73.798571,20.006679],[73.798342,20.006563],[73.798223,20.006409],[73.798012,20.006262],[73.797767,20.006224],[73.797037,20.006256],[73.796547,20.006253],[73.796159,20.005989],[73.795769,20.005918],[73.79522,20.005771],[73.795005,20.005658],[73.794742,20.005427],[73.794546,20.005359],[73.793963,20.005253],[73.793605,20.005188],[73.793717,20.004965],[73.79372,20.004963],[73.793719,20.004963],[73.794197,20.00457],[73.794407,20.004074],[73.793953,20.003853],[73.793737,20.004111],[73.793498,20.004455],[73.79338,20.004946],[73.793287,20.005143],[73.792595,20.006651],[73.792498,20.007242],[73.792521,20.007808],[73.792055,20.007788],[73.791642,20.008203],[73.790742,20.008674],[73.791046,20.00899],[73.790558,20.009568],[73.790098,20.009944],[73.789687,20.010206],[73.789026,20.010486],[73.788566,20.010777],[73.788458,20.011091],[73.788632,20.011188],[73.788718,20.011256],[73.788761,20.011283],[73.788992,20.011452],[73.789234,20.011613],[73.789336,20.011677],[73.789161,20.012239],[73.789105,20.012353],[73.788806,20.012562],[73.788627,20.012854],[73.788411,20.01365],[73.788271,20.014081],[73.788158,20.014409],[73.787864,20.015282],[73.787862,20.01529],[73.787862,20.015291],[73.787709,20.015685],[73.787579,20.01647],[73.787478,20.017115],[73.787477,20.017116],[73.787363,20.017716],[73.787287,20.018078],[73.787062,20.0187],[73.787062,20.018701],[73.787035,20.018776],[73.78648,20.019984],[73.786021,20.021013],[73.785856,20.021437],[73.785627,20.022166],[73.785528,20.022484],[73.785549,20.022421],[73.785305,20.023406],[73.785062,20.024392],[73.785033,20.024509],[73.784793,20.025479],[73.78477,20.025572],[73.784575,20.026361],[73.78463,20.026454],[73.785133,20.027287],[73.785969,20.027007]]]}},{"type":"Feature","properties":{"Name":"MH 15 HH 8804","routeId":932,"fill-opacity":0.03,"stroke-width":1,"stroke-opacity":0.5,"locationConfidence":"verified","locationSource":"NMC waste collection vehicle tracking export, 30 Aug 2026 (RTI)"},"geometry":{"type":"Polygon","coordinates":[[[73.793539,20.017163],[73.797138,20.016851],[73.796671,20.015681],[73.796414,20.014507],[73.796135,20.012813],[73.795861,20.011921],[73.795947,20.011664],[73.796162,20.011488],[73.79606,20.011241],[73.795658,20.011074],[73.795389,20.01057],[73.795196,20.010081],[73.794874,20.009602],[73.794451,20.009784],[73.793496,20.009859],[73.792664,20.009718],[73.791725,20.009376],[73.79135,20.010227],[73.790695,20.011241],[73.790159,20.012349],[73.791103,20.013348],[73.791543,20.013297],[73.79283,20.012753],[73.793185,20.015449],[73.793539,20.017163]]]}},{"type":"Feature","properties":{"Name":"MH 15 HH 8806","routeId":968,"fill-opacity":0.03,"stroke-width":1,"stroke-opacity":0.5,"locationConfidence":"verified","locationSource":"NMC waste collection vehicle tracking export, 30 Aug 2026 (RTI)"},"geometry":{"type":"Polygon","coordinates":[[[73.787525,20.05398],[73.786817,20.053486],[73.787149,20.052922],[73.786924,20.052751],[73.787182,20.052378],[73.787385,20.052589],[73.788201,20.051299],[73.788737,20.051582],[73.789284,20.050513],[73.78789,20.050513],[73.787847,20.050806],[73.787375,20.050886],[73.787353,20.0514],[73.786849,20.051299],[73.786892,20.050564],[73.78627,20.050473],[73.786227,20.05004],[73.787557,20.049959],[73.787654,20.048891],[73.78687,20.04881],[73.787034,20.047284],[73.787656,20.047335],[73.787517,20.048141],[73.790424,20.048514],[73.791401,20.046821],[73.779223,20.046246],[73.778766,20.045202],[73.778798,20.043771],[73.78236,20.044406],[73.782188,20.043277],[73.782821,20.043267],[73.783111,20.044245],[73.785589,20.044134],[73.785664,20.045333],[73.783948,20.045424],[73.784098,20.045857],[73.786909,20.045897],[73.787166,20.045111],[73.788529,20.045071],[73.787853,20.043398],[73.788386,20.043078],[73.788762,20.043874],[73.790296,20.043683],[73.790309,20.042881],[73.790245,20.042175],[73.790802,20.040502],[73.793074,20.040346],[73.793106,20.040044],[73.794694,20.039993],[73.794468,20.041596],[73.793964,20.043128],[73.792876,20.045691],[73.791835,20.047405],[73.790348,20.049897],[73.787854,20.053986],[73.787525,20.05398]]]}},{"type":"Feature","properties":{"Name":"MH 15 HH 8807","routeId":934,"fill-opacity":0.03,"stroke-width":1,"stroke-opacity":0.5,"locationConfidence":"verified","locationSource":"NMC waste collection vehicle tracking export, 30 Aug 2026 (RTI)"},"geometry":{"type":"Polygon","coordinates":[[[73.7947,20.009971],[73.794147,20.010118],[73.793857,20.010113],[73.793332,20.010082],[73.792607,20.009946],[73.791948,20.00977],[73.791529,20.009624],[73.791197,20.009316],[73.791379,20.009094],[73.791642,20.008938],[73.791969,20.009099],[73.792275,20.008621],[73.792583,20.008104],[73.79276,20.007913],[73.793028,20.006955],[73.793429,20.006187],[73.793477,20.005603],[73.793579,20.005466],[73.793665,20.005492],[73.793783,20.005134],[73.794335,20.005235],[73.794861,20.005396],[73.794952,20.005608],[73.794947,20.00589],[73.795387,20.005925],[73.795446,20.006737],[73.795279,20.006782],[73.794947,20.006616],[73.794781,20.0065],[73.794448,20.006459],[73.793847,20.006333],[73.793922,20.006908],[73.794604,20.006792],[73.794593,20.006943],[73.794416,20.007069],[73.793933,20.00715],[73.794083,20.007533],[73.794716,20.007311],[73.794652,20.006979],[73.794652,20.006853],[73.7947,20.006812],[73.794781,20.006878],[73.794899,20.007281],[73.795237,20.007195],[73.796138,20.007195],[73.796089,20.007367],[73.795483,20.007342],[73.794963,20.007432],[73.795468,20.008821],[73.796332,20.00872],[73.796219,20.00801],[73.797051,20.00799],[73.797035,20.008363],[73.796434,20.008352],[73.796494,20.00887],[73.795839,20.008935],[73.795641,20.008971],[73.795872,20.009994],[73.795791,20.01009],[73.795099,20.010226],[73.795035,20.010009],[73.795641,20.009938],[73.795475,20.009112],[73.794879,20.009132],[73.794976,20.009535],[73.794976,20.009787],[73.7947,20.009971]]]}},{"type":"Feature","properties":{"Name":"MH 15 HH 8808","routeId":992,"fill-opacity":0.03,"stroke-width":1,"stroke-opacity":0.5,"locationConfidence":"verified","locationSource":"NMC waste collection vehicle tracking export, 30 Aug 2026 (RTI)"},"geometry":{"type":"Polygon","coordinates":[[[73.876056,20.034999],[73.872918,20.034722],[73.871764,20.034516],[73.870649,20.034354],[73.869413,20.033952],[73.868528,20.033771],[73.866768,20.03365],[73.866661,20.031996],[73.864767,20.03179],[73.86356,20.031936],[73.863287,20.031835],[73.86349,20.031024],[73.863185,20.030908],[73.862959,20.031603],[73.862916,20.032067],[73.86326,20.032259],[73.863464,20.032289],[73.863126,20.033065],[73.862867,20.033028],[73.86203,20.03265],[73.861075,20.032217],[73.860249,20.031879],[73.858902,20.0314],[73.85733,20.030841],[73.856907,20.030765],[73.856048,20.030216],[73.855013,20.029732],[73.852717,20.028906],[73.852787,20.028709],[73.853044,20.027167],[73.852712,20.027162],[73.852631,20.028134],[73.851907,20.027877],[73.850929,20.02771],[73.850849,20.026923],[73.851468,20.026807],[73.851564,20.026776],[73.851511,20.026529],[73.851242,20.0266],[73.851119,20.025274],[73.852229,20.025174],[73.852224,20.024906],[73.850395,20.025174],[73.850481,20.026318],[73.850051,20.026272],[73.850046,20.026771],[73.850556,20.026812],[73.850716,20.027586],[73.850764,20.028135],[73.850603,20.028256],[73.849375,20.027808],[73.847931,20.027304],[73.8482,20.025857],[73.847926,20.025761],[73.847556,20.027843],[73.848967,20.028251],[73.850593,20.028753],[73.850325,20.029358],[73.849917,20.029288],[73.849644,20.029398],[73.849456,20.029655],[73.849477,20.030452],[73.849164,20.030516],[73.848987,20.030692],[73.847217,20.030769],[73.847281,20.031052],[73.848864,20.0309],[73.849202,20.0308],[73.84947,20.030643],[73.849872,20.030699],[73.849872,20.031026],[73.851176,20.030986],[73.851385,20.030144],[73.851444,20.029761],[73.850704,20.029474],[73.850859,20.028834],[73.852893,20.029514],[73.854336,20.030069],[73.85536,20.030477],[73.856326,20.031042],[73.855189,20.031525],[73.853837,20.032387],[73.85337,20.032957],[73.852732,20.033813],[73.851927,20.034418],[73.851498,20.034645],[73.85094,20.035356],[73.849754,20.036994],[73.848236,20.039036],[73.848043,20.039328],[73.848059,20.039969],[73.847635,20.040619],[73.847335,20.040448],[73.84718,20.040599],[73.847416,20.040847],[73.846783,20.041592],[73.848301,20.042693],[73.849492,20.042325],[73.851664,20.041589],[73.853476,20.040244],[73.855371,20.038576],[73.856657,20.036967],[73.857666,20.035554],[73.859287,20.033193],[73.85992,20.033576],[73.861174,20.034369],[73.862847,20.035535],[73.865414,20.037234],[73.866717,20.038055],[73.866626,20.039255],[73.86661,20.039936],[73.866953,20.040994],[73.866631,20.041054],[73.866669,20.041407],[73.867286,20.041195],[73.866841,20.03987],[73.86691,20.038217],[73.868182,20.039033],[73.869413,20.03983],[73.870448,20.040777],[73.871737,20.042116],[73.873357,20.043849],[73.875465,20.046053],[73.877264,20.048046],[73.877521,20.047869],[73.87617,20.046347],[73.874339,20.044331],[73.872794,20.042729],[73.87074,20.040597],[73.869382,20.039387],[73.869184,20.039292],[73.86912,20.03909],[73.868723,20.038662],[73.867927,20.037762],[73.867005,20.036844],[73.866463,20.036169],[73.866554,20.035504],[73.866629,20.035128],[73.866672,20.034861],[73.866718,20.0338],[73.867482,20.033911],[73.868209,20.033924],[73.868584,20.033941],[73.869429,20.034133],[73.870339,20.034428],[73.870715,20.034521],[73.871573,20.034627],[73.871723,20.034657],[73.871731,20.035312],[73.871871,20.035332],[73.87193,20.034723],[73.873124,20.034894],[73.873288,20.034934],[73.873274,20.035229],[73.87366,20.03529],[73.873671,20.03496],[73.874388,20.03502],[73.875782,20.035126],[73.875782,20.035378],[73.876021,20.035378],[73.876139,20.034919],[73.875793,20.034912],[73.876056,20.034999]]]}},{"type":"Feature","properties":{"Name":"MH 15 HH 8812","routeId":927,"fill-opacity":0.03,"stroke-width":1,"stroke-opacity":0.5,"locationConfidence":"verified","locationSource":"NMC waste collection vehicle tracking export, 30 Aug 2026 (RTI)"},"geometry":{"type":"Polygon","coordinates":[[[73.805011,20.05301],[73.804968,20.052768],[73.805622,20.051196],[73.806094,20.050088],[73.80647,20.048445],[73.806663,20.048383],[73.807256,20.048357],[73.80752,20.048573],[73.807899,20.048625],[73.807877,20.04895],[73.808063,20.048919],[73.808047,20.048584],[73.808404,20.048563],[73.808558,20.049002],[73.808684,20.048919],[73.80853,20.048486],[73.808813,20.048213],[73.80877,20.047921],[73.808855,20.048178],[73.809274,20.048369],[73.809574,20.048495],[73.809741,20.048651],[73.809982,20.048999],[73.810074,20.049515],[73.810224,20.049948],[73.810402,20.050554],[73.810638,20.050806],[73.811657,20.051108],[73.81273,20.051315],[73.812682,20.051108],[73.810713,20.050574],[73.810472,20.049712],[73.810268,20.048982],[73.809768,20.048306],[73.809215,20.04808],[73.809011,20.047863],[73.808952,20.047767],[73.80943,20.047641],[73.809408,20.04743],[73.809129,20.047475],[73.808984,20.047374],[73.808942,20.047258],[73.80906,20.047163],[73.809119,20.046976],[73.80906,20.04641],[73.809269,20.046389],[73.809167,20.045276],[73.809017,20.04525],[73.808947,20.045422],[73.808668,20.045467],[73.808641,20.045155],[73.808461,20.04501],[73.807731,20.045046],[73.807645,20.045439],[73.807645,20.047157],[73.806309,20.04756],[73.806084,20.046013],[73.806969,20.045973],[73.806873,20.04566],[73.806079,20.045718],[73.806036,20.045471],[73.806261,20.045471],[73.806256,20.04526],[73.805993,20.04524],[73.805977,20.044408],[73.806202,20.044423],[73.806272,20.044998],[73.806953,20.044988],[73.80691,20.044378],[73.807211,20.044373],[73.807259,20.045058],[73.807586,20.045174],[73.807656,20.044947],[73.807414,20.0447],[73.807404,20.044357],[73.80779,20.044317],[73.807717,20.043368],[73.808323,20.043529],[73.80841,20.043262],[73.80834,20.042446],[73.808716,20.042456],[73.808796,20.043212],[73.809435,20.043086],[73.809381,20.042209],[73.807085,20.042315],[73.806935,20.041372],[73.806683,20.041397],[73.806854,20.042309],[73.806699,20.042329],[73.806538,20.041372],[73.80635,20.041397],[73.806511,20.042299],[73.806441,20.042284],[73.806259,20.041362],[73.806146,20.040596],[73.805938,20.038936],[73.804479,20.039123],[73.804685,20.040213],[73.804851,20.041039],[73.805092,20.041891],[73.805381,20.043431],[73.805639,20.045135],[73.805892,20.046587],[73.803467,20.047111],[73.803499,20.046783],[73.802319,20.046748],[73.802287,20.047005],[73.802555,20.047015],[73.802786,20.04829],[73.800495,20.048885],[73.800527,20.048941],[73.802206,20.049409],[73.80226,20.049223],[73.801037,20.048921],[73.802753,20.048563],[73.803757,20.048402],[73.806004,20.047877],[73.806025,20.048502],[73.805902,20.049197],[73.805698,20.049862],[73.805247,20.050709],[73.804681,20.052202],[73.804622,20.052696],[73.804729,20.053028],[73.805011,20.05301]]]}},{"type":"Feature","properties":{"Name":"MH 15 HH 8841","routeId":930,"fill-opacity":0.03,"stroke-width":1,"stroke-opacity":0.5,"locationConfidence":"verified","locationSource":"NMC waste collection vehicle tracking export, 30 Aug 2026 (RTI)"},"geometry":{"type":"Polygon","coordinates":[[[73.795406,20.011285],[73.795144,20.010886],[73.795106,20.010463],[73.796608,20.010357],[73.796538,20.01009],[73.796377,20.009601],[73.796329,20.009374],[73.796383,20.008729],[73.798191,20.008674],[73.798196,20.007978],[73.797901,20.007729],[73.797515,20.007356],[73.797225,20.007053],[73.796828,20.006892],[73.796259,20.006811],[73.796029,20.006726],[73.795417,20.006731],[73.79546,20.006529],[73.796136,20.006479],[73.796275,20.006589],[73.796737,20.00665],[73.797043,20.00669],[73.797579,20.007093],[73.797708,20.007214],[73.797992,20.006746],[73.797316,20.006368],[73.797457,20.006183],[73.798294,20.006642],[73.797865,20.007353],[73.798262,20.007655],[73.800811,20.008273],[73.801615,20.008392],[73.801937,20.008669],[73.80169,20.008729],[73.801985,20.00882],[73.801368,20.008876],[73.800574,20.009092],[73.799764,20.00938],[73.798975,20.009803],[73.797705,20.010584],[73.796954,20.011033],[73.796375,20.011366],[73.795801,20.011683],[73.795613,20.011628],[73.795431,20.011567],[73.795409,20.011386],[73.795406,20.011285]]]}},{"type":"Feature","properties":{"Name":"MH 15 HH 8842","routeId":929,"fill-opacity":0.03,"stroke-width":1,"stroke-opacity":0.5,"locationConfidence":"verified","locationSource":"NMC waste collection vehicle tracking export, 30 Aug 2026 (RTI)"},"geometry":{"type":"Polygon","coordinates":[[[73.808926,20.022534],[73.808883,20.021944],[73.808497,20.02196],[73.808486,20.021723],[73.80633,20.021733],[73.806198,20.020646],[73.805974,20.019547],[73.805126,20.019607],[73.804075,20.019824],[73.802602,20.020538],[73.801781,20.020914],[73.801194,20.021256],[73.800744,20.02146],[73.800484,20.021551],[73.800218,20.021626],[73.799958,20.021664],[73.799462,20.02177],[73.799099,20.021371],[73.798678,20.020857],[73.798267,20.019973],[73.797878,20.018887],[73.797476,20.017868],[73.797084,20.016845],[73.796725,20.015807],[73.79658,20.015404],[73.796499,20.015003],[73.797562,20.014706],[73.798398,20.014436],[73.798342,20.01413],[73.79806,20.014147],[73.797886,20.013409],[73.798313,20.013343],[73.79827,20.013217],[73.796894,20.013457],[73.796797,20.013008],[73.797792,20.012842],[73.79776,20.012711],[73.79687,20.012829],[73.796792,20.012431],[73.796086,20.012542],[73.795877,20.01198],[73.795789,20.011801],[73.795818,20.01166],[73.79611,20.011491],[73.796912,20.01105],[73.798004,20.01041],[73.798444,20.010158],[73.798564,20.010482],[73.798808,20.011162],[73.799,20.011758],[73.799252,20.012426],[73.799443,20.012381],[73.798987,20.011247],[73.799593,20.011219],[73.800395,20.012051],[73.800521,20.011955],[73.799813,20.01123],[73.799861,20.011187],[73.800392,20.011187],[73.800593,20.011061],[73.800784,20.01095],[73.80095,20.010837],[73.801317,20.010827],[73.801309,20.010724],[73.80102,20.010724],[73.800786,20.010739],[73.800325,20.011046],[73.799225,20.011071],[73.79914,20.01077],[73.798807,20.010815],[73.798572,20.010091],[73.799674,20.009413],[73.799822,20.009831],[73.799932,20.010002],[73.800294,20.010055],[73.800608,20.010083],[73.8006,20.009947],[73.800069,20.009831],[73.79991,20.009571],[73.799843,20.009125],[73.798905,20.009604],[73.79799,20.010199],[73.796918,20.010804],[73.796106,20.01125],[73.79584,20.01121],[73.795607,20.011157],[73.795392,20.01131],[73.795425,20.011525],[73.795543,20.011988],[73.795781,20.012555],[73.795923,20.013218],[73.796066,20.014115],[73.796225,20.015064],[73.796399,20.01573],[73.796749,20.016619],[73.797221,20.017808],[73.797647,20.018862],[73.798074,20.020034],[73.798377,20.020775],[73.798755,20.021327],[73.799197,20.021828],[73.799585,20.022219],[73.799736,20.022086],[73.799588,20.021879],[73.799956,20.021816],[73.800425,20.021715],[73.801007,20.021513],[73.801372,20.021332],[73.80179,20.021088],[73.802115,20.020939],[73.802383,20.020798],[73.802595,20.021067],[73.80284,20.021711],[73.804187,20.021355],[73.804224,20.02193],[73.803025,20.022131],[73.803151,20.022545],[73.804044,20.022494],[73.804068,20.022794],[73.805777,20.022734],[73.807743,20.022651],[73.808918,20.022565],[73.808926,20.022534]]]}},{"type":"Feature","properties":{"Name":"MH 15 HH 8843","routeId":318,"fill-opacity":0.03,"stroke-width":1,"stroke-opacity":0.5,"locationConfidence":"verified","locationSource":"NMC waste collection vehicle tracking export, 30 Aug 2026 (RTI)"},"geometry":{"type":"Polygon","coordinates":[[[73.714385,20.010476],[73.714157,20.01004],[73.71392,20.009565],[73.713689,20.009568],[73.71141,20.009034],[73.711347,20.009024],[73.711363,20.009508],[73.708563,20.009815],[73.707758,20.00979],[73.706498,20.009563],[73.706389,20.009563],[73.706764,20.011267],[73.707671,20.011101],[73.708078,20.012382],[73.708484,20.01343],[73.708977,20.013954],[73.709235,20.014636],[73.709417,20.014646],[73.7102,20.016874],[73.711606,20.01646],[73.710801,20.014303],[73.711142,20.014278],[73.711046,20.012373],[73.712086,20.012353],[73.712065,20.012071],[73.713186,20.01204],[73.713616,20.011995],[73.714833,20.011183],[73.714385,20.010476]]]}},{"type":"Feature","properties":{"Name":"MH 15 HH 8846","routeId":944,"fill-opacity":0.03,"stroke-width":1,"stroke-opacity":0.5,"locationConfidence":"verified","locationSource":"NMC waste collection vehicle tracking export, 30 Aug 2026 (RTI)"},"geometry":{"type":"Polygon","coordinates":[[[73.834782,20.030529],[73.835844,20.030818],[73.83734,20.030735],[73.837424,20.030696],[73.838028,20.030682],[73.83802,20.030791],[73.838355,20.030782],[73.83836,20.030675],[73.838362,20.030652],[73.838398,20.03024],[73.839627,20.030304],[73.839643,20.03029],[73.839783,20.029224],[73.839925,20.029238],[73.83998,20.029335],[73.840045,20.029366],[73.84012,20.029372],[73.840249,20.029374],[73.840286,20.02882],[73.840303,20.028508],[73.840309,20.028466],[73.840356,20.028438],[73.840694,20.028421],[73.84113,20.028443],[73.841675,20.02845],[73.841678,20.028123],[73.841677,20.027945],[73.841714,20.027409],[73.841757,20.02685],[73.841819,20.026324],[73.841878,20.025953],[73.84193,20.025815],[73.842085,20.025626],[73.841669,20.025409],[73.841103,20.02511],[73.840502,20.024766],[73.839723,20.024286],[73.838859,20.023776],[73.838397,20.023498],[73.837748,20.023115],[73.836743,20.022512],[73.836128,20.02217],[73.836296,20.022724],[73.836482,20.023461],[73.836432,20.024044],[73.836332,20.024653],[73.836236,20.025087],[73.835984,20.025941],[73.835817,20.026596],[73.835667,20.027259],[73.835426,20.028169],[73.835195,20.028993],[73.83494,20.02986],[73.834782,20.030529]]]}},{"type":"Feature","properties":{"Name":"MH 15 HH 8847","routeId":962,"fill-opacity":0.03,"stroke-width":1,"stroke-opacity":0.5,"locationConfidence":"verified","locationSource":"NMC waste collection vehicle tracking export, 30 Aug 2026 (RTI)"},"geometry":{"type":"Polygon","coordinates":[[[73.813357,20.031744],[73.81296,20.02989],[73.813529,20.029809],[73.813411,20.029275],[73.813776,20.029265],[73.814162,20.030807],[73.813636,20.030928],[73.813679,20.031371],[73.817037,20.030807],[73.816919,20.030252],[73.816426,20.030273],[73.816297,20.028428],[73.818013,20.028408],[73.818099,20.028942],[73.819612,20.028861],[73.819687,20.027833],[73.820041,20.027914],[73.819988,20.028841],[73.820342,20.028872],[73.820374,20.029819],[73.821865,20.029355],[73.821693,20.028781],[73.821039,20.02866],[73.821168,20.028176],[73.822144,20.028398],[73.822359,20.029174],[73.823212,20.028955],[73.823029,20.028602],[73.823104,20.027292],[73.823441,20.0257],[73.82548,20.025922],[73.825373,20.026496],[73.825759,20.026547],[73.82563,20.027726],[73.826329,20.02804],[73.826147,20.031044],[73.826973,20.031094],[73.826984,20.030066],[73.827745,20.030278],[73.827734,20.029311],[73.827294,20.02926],[73.827262,20.028696],[73.826854,20.027829],[73.827316,20.027375],[73.827037,20.027043],[73.82753,20.026529],[73.828292,20.027184],[73.828056,20.027799],[73.828206,20.028021],[73.828796,20.02801],[73.828925,20.028696],[73.829584,20.028706],[73.831419,20.028897],[73.831515,20.028444],[73.831998,20.028494],[73.831934,20.029321],[73.829659,20.029482],[73.829906,20.030853],[73.830172,20.030807],[73.830344,20.03246],[73.829185,20.03245],[73.828713,20.030969],[73.827962,20.031815],[73.825634,20.031402],[73.825677,20.030777],[73.824969,20.030666],[73.825065,20.02866],[73.823102,20.029588],[73.82043,20.030384],[73.81827,20.03111],[73.816135,20.031563],[73.813357,20.031744]]]}},{"type":"Feature","properties":{"Name":"MH 15 HH 8916","routeId":961,"fill-opacity":0.03,"stroke-width":1,"stroke-opacity":0.5,"locationConfidence":"verified","locationSource":"NMC waste collection vehicle tracking export, 30 Aug 2026 (RTI)"},"geometry":{"type":"Polygon","coordinates":[[[73.71807,19.983288],[73.718869,19.983888],[73.720119,19.984457],[73.721857,19.985199],[73.721986,19.984871],[73.721803,19.983409],[73.72168,19.983187],[73.72101,19.982703],[73.720242,19.981443],[73.719828,19.980839],[73.719774,19.980193],[73.719823,19.979407],[73.72008,19.978762],[73.720193,19.977703],[73.720311,19.977118],[73.720311,19.976972],[73.72104,19.976952],[73.720997,19.976795],[73.720616,19.976785],[73.720536,19.976181],[73.720187,19.976241],[73.720118,19.975798],[73.721957,19.975991],[73.723674,19.976177],[73.724183,19.976228],[73.725068,19.976434],[73.726699,19.976586],[73.725815,19.978807],[73.724969,19.980856],[73.724306,19.983042],[73.723448,19.98585],[73.723646,19.985971],[73.723904,19.985104],[73.724693,19.982601],[73.7251,19.98125],[73.72591,19.979209],[73.72679,19.977103],[73.727055,19.976319],[73.726224,19.976319],[73.725205,19.976264],[73.724277,19.976042],[73.723316,19.975971],[73.722002,19.975805],[73.720382,19.975659],[73.719626,19.975578],[73.718757,19.97547],[73.717922,19.975533],[73.717944,19.975619],[73.718657,19.975578],[73.719945,19.975714],[73.717904,19.975682],[73.717757,19.977966],[73.719967,19.978077],[73.719872,19.978844],[73.719626,19.979303],[73.719561,19.979706],[73.717842,19.979073],[73.717831,19.979252],[73.719636,19.980712],[73.719888,19.981266],[73.720913,19.982834],[73.721578,19.983351],[73.721675,19.983658],[73.72175,19.98476],[73.719843,19.984034],[73.719119,19.98373],[73.718256,19.983112],[73.71807,19.983288]]]}},{"type":"Feature","properties":{"Name":"MH 15 HH 8918","routeId":987,"fill-opacity":0.03,"stroke-width":1,"stroke-opacity":0.5,"locationConfidence":"verified","locationSource":"NMC waste collection vehicle tracking export, 30 Aug 2026 (RTI)"},"geometry":{"type":"Polygon","coordinates":[[[73.843876,19.997111],[73.843442,19.996985],[73.842766,19.996849],[73.842385,19.996814],[73.841806,19.996859],[73.841425,19.997005],[73.84055,19.997242],[73.840658,19.996834],[73.841007,19.995596],[73.841334,19.99478],[73.841822,19.993334],[73.842047,19.993233],[73.842471,19.992915],[73.84238,19.992633],[73.841677,19.992628],[73.841463,19.990632],[73.842128,19.990571],[73.842487,19.990642],[73.842476,19.991065],[73.843383,19.991095],[73.843394,19.991312],[73.843415,19.991468],[73.84364,19.991489],[73.843683,19.99164],[73.844096,19.99169],[73.84408,19.992144],[73.844311,19.992179],[73.844488,19.991872],[73.844633,19.99165],[73.844831,19.991479],[73.845116,19.991327],[73.845164,19.990934],[73.844949,19.990838],[73.845021,19.990282],[73.845338,19.990201],[73.84574,19.990277],[73.846196,19.9901],[73.846518,19.989999],[73.847012,19.990035],[73.847537,19.990267],[73.848036,19.990539],[73.848261,19.990655],[73.848487,19.99071],[73.84964,19.990821],[73.84934,19.991194],[73.849082,19.991527],[73.848696,19.991512],[73.848669,19.991744],[73.84927,19.99196],[73.849367,19.992147],[73.849216,19.992404],[73.849226,19.992865],[73.849216,19.993152],[73.849414,19.993626],[73.849543,19.993802],[73.849693,19.994085],[73.849838,19.994115],[73.852361,19.99422],[73.85241,19.99485],[73.852243,19.994875],[73.852211,19.994391],[73.849701,19.99427],[73.849754,19.994981],[73.849754,19.995374],[73.849711,19.995586],[73.849677,19.995991],[73.849752,19.99647],[73.849784,19.997009],[73.849832,19.997811],[73.850723,19.998083],[73.851946,19.998254],[73.853738,19.99833],[73.854923,19.998496],[73.857528,19.998978],[73.859132,19.999265],[73.858976,19.999497],[73.858826,20.000828],[73.858837,20.001236],[73.858713,20.001604],[73.858654,20.002239],[73.858429,20.00231],[73.858166,20.00239],[73.858019,20.002544],[73.857261,20.003658],[73.856957,20.004148],[73.856686,20.004715],[73.856469,20.005249],[73.856254,20.005231],[73.856493,20.004833],[73.856803,20.004183],[73.857088,20.003697],[73.857402,20.003193],[73.857584,20.002916],[73.857772,20.002621],[73.857892,20.002427],[73.858056,20.002283],[73.858284,20.002185],[73.858517,20.002119],[73.858621,20.001484],[73.858688,20.001136],[73.858717,20.000473],[73.858814,19.999415],[73.858047,19.999276],[73.856866,19.999059],[73.855209,19.998779],[73.854192,19.998604],[73.852914,19.998499],[73.851801,19.998415],[73.850731,19.998305],[73.850242,19.998184],[73.850414,19.999111],[73.850626,20.000132],[73.850892,20.001163],[73.851227,20.002221],[73.851782,20.003752],[73.852152,20.004754],[73.852661,20.006123],[73.85272,20.006229],[73.852978,20.006201],[73.853026,20.00635],[73.852785,20.006415],[73.853258,20.007653],[73.853523,20.008302],[73.85396,20.008949],[73.854212,20.009333],[73.854078,20.009476],[73.853896,20.009038],[73.85352,20.008536],[73.853344,20.008192],[73.853095,20.007529],[73.852773,20.006686],[73.852326,20.005499],[73.851994,20.004655],[73.8516,20.003593],[73.851294,20.002686],[73.850945,20.00175],[73.85089,20.001548],[73.850708,20.000945],[73.850512,20.000086],[73.850324,19.999206],[73.850193,19.998561],[73.850141,19.998156],[73.849461,19.997974],[73.849427,19.998231],[73.849206,19.999027],[73.849137,19.999031],[73.849168,19.998876],[73.849284,19.998482],[73.849325,19.99834],[73.849347,19.998241],[73.849365,19.997955],[73.848971,19.997873],[73.84825,19.997792],[73.847681,19.997739],[73.847165,19.997681],[73.847096,19.998443],[73.847021,19.998493],[73.846983,19.998918],[73.846707,19.998885],[73.846126,19.998646],[73.845945,19.999001],[73.846178,19.999115],[73.846209,19.999251],[73.846742,19.999295],[73.84673,19.999358],[73.846198,19.999335],[73.846185,19.999638],[73.846205,19.999711],[73.846351,19.999761],[73.846451,19.999831],[73.846487,20.000085],[73.846425,20.000087],[73.846406,19.999916],[73.846362,19.999841],[73.846245,19.999793],[73.846149,19.999753],[73.846121,19.999644],[73.846131,19.999475],[73.846134,19.999328],[73.846137,19.99922],[73.846097,19.99916],[73.845906,19.999072],[73.845844,19.999141],[73.845733,19.999174],[73.845206,19.999169],[73.844805,19.99917],[73.844517,19.999168],[73.844271,19.999165],[73.844257,19.999986],[73.844249,20.000476],[73.84423,20.000809],[73.844185,20.00125],[73.844157,20.00188],[73.844116,20.002661],[73.844099,20.003399],[73.844083,20.004134],[73.844059,20.004844],[73.844024,20.005728],[73.843992,20.006312],[73.843953,20.007183],[73.843931,20.007872],[73.843909,20.008548],[73.843887,20.009443],[73.843863,20.00994],[73.843864,20.010011],[73.843839,20.010456],[73.843824,20.011184],[73.843835,20.011422],[73.843741,20.01148],[73.843736,20.01126],[73.843741,20.010666],[73.843766,20.009926],[73.843792,20.009428],[73.843812,20.008667],[73.843831,20.008062],[73.843843,20.007447],[73.843872,20.006815],[73.843908,20.006093],[73.84395,20.005382],[73.843974,20.004739],[73.843997,20.004047],[73.844006,20.003443],[73.844016,20.002805],[73.844051,20.002134],[73.844086,20.001525],[73.844096,20.001088],[73.844121,20.00088],[73.844155,20.000619],[73.844168,19.999999],[73.844167,19.999577],[73.844182,19.999152],[73.844183,19.999097],[73.845284,19.999113],[73.845614,19.99911],[73.845754,19.999097],[73.845845,19.99905],[73.84607,19.998606],[73.846295,19.998153],[73.846512,19.997773],[73.846571,19.99758],[73.84607,19.997468],[73.845479,19.997364],[73.844868,19.997266],[73.844561,19.99721],[73.844305,19.997157],[73.843876,19.997111]]]}},{"type":"Feature","properties":{"Name":"MH 15 HH 8981","routeId":973,"fill-opacity":0.03,"stroke-width":1,"stroke-opacity":0.5,"locationConfidence":"verified","locationSource":"NMC waste collection vehicle tracking export, 30 Aug 2026 (RTI)"},"geometry":{"type":"Polygon","coordinates":[[[73.794122,20.022489],[73.799508,20.021662],[73.798907,20.020916],[73.798349,20.019626],[73.797051,20.016582],[73.793447,20.016784],[73.793725,20.018487],[73.793994,20.020564],[73.794122,20.022489]]]}},{"type":"Feature","properties":{"Name":"MH 15 HH 8983","routeId":691,"fill-opacity":0.03,"stroke-width":1,"stroke-opacity":0.5,"locationConfidence":"verified","locationSource":"NMC waste collection vehicle tracking export, 30 Aug 2026 (RTI)"},"geometry":{"type":"Polygon","coordinates":[[[73.708318,19.992871],[73.709691,19.993879],[73.706215,19.992871],[73.703855,19.993193],[73.702524,19.993879],[73.702138,19.996016],[73.702009,19.997952],[73.702095,20.000251],[73.701967,20.00263],[73.701623,20.004969],[73.699477,20.006259],[73.696645,20.00638],[73.695186,20.00509],[73.693083,20.005775],[73.691366,20.005614],[73.689864,20.005251],[73.689349,20.00388],[73.689564,20.00267],[73.689736,20.001823],[73.690379,20.000573],[73.690036,19.999525],[73.688963,19.998274],[73.68892,19.997186],[73.688019,19.996218],[73.687418,19.994766],[73.686774,19.993314],[73.686732,19.991701],[73.686517,19.990007],[73.68656,19.988958],[73.687504,19.988273],[73.688062,19.987547],[73.68759,19.986377],[73.687161,19.985087],[73.687847,19.984199],[73.689006,19.983312],[73.690508,19.982102],[73.692783,19.981457],[73.695229,19.981054],[73.697675,19.980731],[73.700078,19.980368],[73.702567,19.980489],[73.704284,19.980691],[73.707202,19.979965],[73.710939,19.98055],[73.714458,19.982647],[73.717376,19.982123],[73.720037,19.984381],[73.723213,19.985833],[73.725058,19.984785],[73.727976,19.983857],[73.72862,19.985753],[73.730208,19.98781],[73.730551,19.989503],[73.727719,19.989221],[73.724801,19.989342],[73.722269,19.989624],[73.71935,19.991479],[73.717119,19.992649],[73.714158,19.993375],[73.711969,19.993859],[73.71081,19.992931],[73.708318,19.992871]]]}},{"type":"Feature","properties":{"Name":"MH 15 HH 8984","routeId":684,"fill-opacity":0.03,"stroke-width":1,"stroke-opacity":0.5,"locationConfidence":"verified","locationSource":"NMC waste collection vehicle tracking export, 30 Aug 2026 (RTI)"},"geometry":{"type":"Polygon","coordinates":[[[73.803749,20.001822],[73.809671,20.000209],[73.814907,19.999886],[73.81671,19.99416],[73.818598,19.990611],[73.826367,19.987631],[73.836966,19.983835],[73.844347,19.988756],[73.845291,19.990288],[73.843918,19.99666],[73.848339,20.002749],[73.855117,20.012298],[73.859968,20.019323],[73.870697,20.019887],[73.868809,20.026661],[73.869238,20.033919],[73.862461,20.032387],[73.856964,20.031097],[73.850012,20.034886],[73.840132,20.037301],[73.8307,20.039563],[73.816495,20.045248],[73.812075,20.044926],[73.809114,20.047344],[73.806582,20.047707],[73.805594,20.050126],[73.79827,20.048233],[73.792419,20.046659],[73.78006,20.045853],[73.777313,20.046498],[73.77491,20.047304],[73.773285,20.047862],[73.773193,20.048473],[73.771734,20.048514],[73.771348,20.047828],[73.771777,20.047465],[73.772249,20.04678],[73.772249,20.045006],[73.771885,20.042643],[73.771391,20.039281],[73.769503,20.033475],[73.769717,20.029363],[73.768476,20.024689],[73.767486,20.020936],[73.769589,20.018461],[73.770817,20.015952],[73.771949,20.013678],[73.774867,20.01029],[73.77727,20.009081],[73.780875,20.00904],[73.784137,20.009282],[73.784995,20.010089],[73.785639,20.010553],[73.785961,20.010895],[73.789608,20.010734],[73.789673,20.011742],[73.790703,20.012549],[73.79302,20.012145],[73.793952,20.012272],[73.794908,20.011581],[73.796797,20.011258],[73.798256,20.009726],[73.799987,20.009384],[73.801861,20.009],[73.802291,20.009],[73.802699,20.007831],[73.80332,20.006016],[73.803429,20.004911],[73.803749,20.001822]]]}},{"type":"Feature","properties":{"Name":"MH 15 HH 9068","routeId":915,"fill-opacity":0.03,"stroke-width":1,"stroke-opacity":0.5,"locationConfidence":"verified","locationSource":"NMC waste collection vehicle tracking export, 30 Aug 2026 (RTI)"},"geometry":{"type":"Polygon","coordinates":[[[73.802493,20.033333],[73.802793,20.03431],[73.799071,20.035077],[73.799081,20.033464],[73.799521,20.033222],[73.803158,20.032819],[73.803974,20.035873],[73.804532,20.038393],[73.805273,20.041544],[73.804103,20.041705],[73.80405,20.040999],[73.803513,20.04109],[73.803438,20.040526],[73.803835,20.040435],[73.803782,20.040274],[73.803352,20.040375],[73.802902,20.039004],[73.801861,20.039115],[73.80185,20.038822],[73.802086,20.038762],[73.801625,20.03725],[73.801625,20.037764],[73.80185,20.038621],[73.801196,20.038822],[73.800938,20.037865],[73.799769,20.037945],[73.799318,20.037945],[73.799211,20.037683],[73.7989,20.037875],[73.798728,20.037482],[73.802805,20.03593],[73.802539,20.034848],[73.802882,20.034737],[73.803193,20.035564],[73.803376,20.035443],[73.802732,20.033286],[73.802493,20.033333]]]}},{"type":"Feature","properties":{"Name":"MH 15 HH 9139","routeId":920,"fill-opacity":0.03,"stroke-width":1,"stroke-opacity":0.5,"locationConfidence":"verified","locationSource":"NMC waste collection vehicle tracking export, 30 Aug 2026 (RTI)"},"geometry":{"type":"Polygon","coordinates":[[[73.803865,20.035664],[73.807239,20.035377],[73.809149,20.035196],[73.809508,20.034147],[73.809542,20.033782],[73.809472,20.032149],[73.807364,20.032386],[73.803603,20.032819],[73.803153,20.03289],[73.803196,20.033011],[73.804097,20.03291],[73.804231,20.033893],[73.804363,20.034542],[73.803719,20.034648],[73.803467,20.033766],[73.803156,20.033846],[73.803494,20.035101],[73.803632,20.035653],[73.803865,20.035664]]]}},{"type":"Feature","properties":{"Name":"MH 15 HH 9140","routeId":931,"fill-opacity":0.03,"stroke-width":1,"stroke-opacity":0.5,"locationConfidence":"verified","locationSource":"NMC waste collection vehicle tracking export, 30 Aug 2026 (RTI)"},"geometry":{"type":"Polygon","coordinates":[[[73.81753,20.014122],[73.817777,20.013613],[73.817729,20.012544],[73.816656,20.012604],[73.815894,20.012247],[73.816157,20.011566],[73.815486,20.011218],[73.81518,20.011904],[73.813488,20.011169],[73.813665,20.010705],[73.811906,20.010337],[73.811804,20.0101],[73.812871,20.009517],[73.813702,20.009053],[73.814282,20.008862],[73.815011,20.008751],[73.815274,20.008692],[73.814974,20.007981],[73.814566,20.007104],[73.813954,20.005779],[73.813252,20.004407],[73.812731,20.003344],[73.812179,20.00227],[73.811835,20.001766],[73.81198,20.00164],[73.81264,20.001595],[73.812731,20.001514],[73.812839,20.001065],[73.813574,20.001035],[73.814137,20.000763],[73.814459,20.000627],[73.814899,20.000667],[73.815585,20.000869],[73.815988,20.000841],[73.816618,20.00077],[73.81684,20.000728],[73.816961,19.999873],[73.81676,19.999793],[73.816779,19.999596],[73.816677,19.999566],[73.816548,20.000176],[73.816403,20.000687],[73.81584,20.000725],[73.815593,20.00074],[73.815258,20.00067],[73.814836,20.000529],[73.814506,20.000499],[73.814267,20.000529],[73.813728,20.000794],[73.813572,20.000873],[73.812898,20.000869],[73.812635,20.000869],[73.812541,20.00131],[73.812474,20.001393],[73.812281,20.001431],[73.811782,20.001471],[73.811474,20.001658],[73.811385,20.002018],[73.810739,20.002207],[73.81039,20.002091],[73.81006,20.00191],[73.809404,20.001616],[73.808966,20.001493],[73.808639,20.001516],[73.807888,20.001841],[73.806998,20.002156],[73.805855,20.002156],[73.805083,20.002163],[73.803723,20.002141],[73.803031,20.00209],[73.802961,20.003149],[73.803128,20.004787],[73.803546,20.006071],[73.803943,20.006994],[73.80396,20.007114],[73.803759,20.007545],[73.80351,20.007911],[73.803241,20.008227],[73.803007,20.008479],[73.802613,20.008938],[73.80319,20.00915],[73.803833,20.009281],[73.804493,20.009336],[73.805365,20.009405],[73.806041,20.009463],[73.806218,20.009382],[73.806988,20.009735],[73.807502,20.009981],[73.808332,20.010315],[73.808879,20.010507],[73.809656,20.010761],[73.810219,20.010938],[73.811673,20.011433],[73.813246,20.01206],[73.81504,20.012892],[73.816959,20.013773],[73.81753,20.014122]]]}},{"type":"Feature","properties":{"Name":"MH 15 HH 9141","routeId":913,"fill-opacity":0.03,"stroke-width":1,"stroke-opacity":0.5,"locationConfidence":"verified","locationSource":"NMC waste collection vehicle tracking export, 30 Aug 2026 (RTI)"},"geometry":{"type":"Polygon","coordinates":[[[73.782954,20.016046],[73.781447,20.016953],[73.780208,20.017598],[73.780004,20.01783],[73.780181,20.018742],[73.779982,20.018757],[73.779805,20.018056],[73.779639,20.018273],[73.779816,20.018918],[73.779569,20.018943],[73.77943,20.018338],[73.779553,20.017991],[73.780041,20.017416],[73.779929,20.0173],[73.778298,20.017638],[73.778293,20.017371],[73.779993,20.017013],[73.779821,20.015838],[73.779899,20.015626],[73.779975,20.015682],[73.780178,20.017199],[73.780366,20.017118],[73.780173,20.014901],[73.780425,20.014916],[73.780559,20.017053],[73.780956,20.016887],[73.780935,20.016514],[73.781085,20.016453],[73.781144,20.016725],[73.781793,20.016337],[73.782303,20.015969],[73.782887,20.015742],[73.78338,20.01538],[73.783831,20.015224],[73.783965,20.014508],[73.784196,20.014135],[73.784378,20.014256],[73.784131,20.014826],[73.784571,20.014866],[73.784518,20.015058],[73.784088,20.015063],[73.784115,20.015244],[73.785252,20.0154],[73.785247,20.016807],[73.785639,20.017054],[73.785757,20.014211],[73.785774,20.014075],[73.786096,20.014105],[73.786005,20.015411],[73.786595,20.015416],[73.786611,20.015088],[73.786793,20.015088],[73.78681,20.015416],[73.787673,20.015441],[73.78777,20.015017],[73.786906,20.015017],[73.786971,20.014755],[73.78807,20.014791],[73.78785,20.015642],[73.786665,20.015668],[73.786434,20.017888],[73.786175,20.020128],[73.785166,20.020133],[73.785081,20.019795],[73.78331,20.019851],[73.783337,20.019987],[73.783906,20.020007],[73.783836,20.020657],[73.782983,20.020647],[73.782978,20.020274],[73.782726,20.020304],[73.782393,20.020531],[73.781502,20.020602],[73.781556,20.020864],[73.781363,20.020899],[73.781288,20.020395],[73.781728,20.020279],[73.782334,20.020168],[73.782565,20.020063],[73.782785,20.019977],[73.783063,20.019987],[73.783047,20.018984],[73.782801,20.018984],[73.782844,20.019871],[73.78257,20.019921],[73.782629,20.019599],[73.782307,20.019417],[73.782227,20.019286],[73.782146,20.018913],[73.782001,20.018939],[73.782001,20.019433],[73.781776,20.019342],[73.781686,20.018187],[73.781251,20.018212],[73.78123,20.017955],[73.781643,20.01791],[73.781605,20.017764],[73.781299,20.017819],[73.781192,20.017628],[73.781406,20.01756],[73.781604,20.017509],[73.781572,20.017237],[73.781878,20.017141],[73.782242,20.017061],[73.782714,20.016728],[73.782902,20.016355],[73.782954,20.016046]]]}},{"type":"Feature","properties":{"Name":"MH 15 HH 9143","routeId":324,"fill-opacity":0.03,"stroke-width":1,"stroke-opacity":0.5,"locationConfidence":"verified","locationSource":"NMC waste collection vehicle tracking export, 30 Aug 2026 (RTI)"},"geometry":{"type":"Polygon","coordinates":[[[73.741821,20.006325],[73.742905,20.00611],[73.743629,20.00594],[73.744299,20.005732],[73.744983,20.005499],[73.745619,20.005297],[73.746901,20.004914],[73.748306,20.00445],[73.748682,20.004617],[73.74895,20.005131],[73.749092,20.005529],[73.749296,20.006215],[73.749462,20.006658],[73.749591,20.00684],[73.750288,20.007067],[73.751746,20.007584],[73.751676,20.007871],[73.750356,20.007579],[73.750405,20.008159],[73.74791,20.00834],[73.748024,20.010189],[73.748067,20.010985],[73.748496,20.010996],[73.748528,20.012417],[73.745449,20.012498],[73.745277,20.011459],[73.744922,20.010916],[73.744021,20.009817],[73.743059,20.008577],[73.742544,20.007785],[73.741638,20.006362],[73.741821,20.006325]]]}},{"type":"Feature","properties":{"Name":"MH 15 HH 9148","routeId":942,"fill-opacity":0.03,"stroke-width":1,"stroke-opacity":0.5,"locationConfidence":"verified","locationSource":"NMC waste collection vehicle tracking export, 30 Aug 2026 (RTI)"},"geometry":{"type":"Polygon","coordinates":[[[73.850992,20.021475],[73.851084,20.020731],[73.851167,20.020005],[73.850697,20.01996],[73.850026,20.019881],[73.849503,20.019853],[73.848667,20.019805],[73.847822,20.019744],[73.847862,20.018896],[73.847878,20.018608],[73.847994,20.018591],[73.848026,20.017925],[73.847433,20.017915],[73.847044,20.01792],[73.846779,20.017908],[73.846285,20.017812],[73.845877,20.017825],[73.84591,20.017008],[73.845864,20.016418],[73.846135,20.016403],[73.846146,20.016287],[73.845851,20.016287],[73.845848,20.015768],[73.845824,20.015607],[73.84569,20.015566],[73.845354,20.015592],[73.845285,20.015587],[73.845255,20.014677],[73.845244,20.01421],[73.84504,20.014213],[73.844314,20.014235],[73.843447,20.014245],[73.843284,20.01477],[73.843107,20.015324],[73.842983,20.01609],[73.842913,20.016763],[73.84286,20.01768],[73.842774,20.018489],[73.842716,20.01894],[73.842652,20.019484],[73.842896,20.019554],[73.843116,20.019592],[73.84349,20.019647],[73.843503,20.020104],[73.843582,20.020079],[73.843587,20.019666],[73.844075,20.019739],[73.844241,20.019774],[73.84438,20.019783],[73.844663,20.019745],[73.844655,20.020038],[73.844734,20.020035],[73.844751,20.019731],[73.845019,20.019672],[73.845518,20.019607],[73.846002,20.019656],[73.846691,20.019731],[73.847748,20.019802],[73.847698,20.020669],[73.846888,20.020652],[73.846851,20.021607],[73.847475,20.021637],[73.848092,20.021698],[73.849094,20.021855],[73.849915,20.021974],[73.849916,20.021629],[73.85056,20.021659],[73.85096,20.021659],[73.850992,20.021475]]]}},{"type":"Feature","properties":{"Name":"MH 15 HH 9150","routeId":377,"fill-opacity":0.03,"stroke-width":1,"stroke-opacity":0.5,"locationConfidence":"verified","locationSource":"NMC waste collection vehicle tracking export, 30 Aug 2026 (RTI)"},"geometry":{"type":"Polygon","coordinates":[[[73.795196,20.034141],[73.793957,20.034141],[73.79276,20.034191],[73.792531,20.0328],[73.791966,20.032849],[73.791878,20.032521],[73.791631,20.032556],[73.791696,20.033246],[73.790445,20.033365],[73.790346,20.031794],[73.78854,20.031839],[73.788425,20.03209],[73.787357,20.032189],[73.785726,20.032395],[73.785972,20.033054],[73.786058,20.033941],[73.787082,20.03381],[73.787989,20.03372],[73.788107,20.033936],[73.788644,20.033961],[73.788752,20.035324],[73.787208,20.035398],[73.786871,20.036209],[73.786958,20.037824],[73.788562,20.037703],[73.78862,20.038015],[73.789447,20.038015],[73.789241,20.036418],[73.791386,20.036111],[73.791393,20.035917],[73.792246,20.035786],[73.792209,20.035513],[73.791275,20.035591],[73.791228,20.034585],[73.793185,20.034473],[73.795173,20.034418],[73.795196,20.034141]]]}},{"type":"Feature","properties":{"Name":"MH 15 HH 9152","routeId":374,"fill-opacity":0.03,"stroke-width":1,"stroke-opacity":0.5,"locationConfidence":"verified","locationSource":"NMC waste collection vehicle tracking export, 30 Aug 2026 (RTI)"},"geometry":{"type":"Polygon","coordinates":[[[73.782451,20.012592],[73.782424,20.011301],[73.78399,20.011286],[73.784677,20.010933],[73.784044,20.010616],[73.784119,20.010354],[73.785025,20.010616],[73.784977,20.010999],[73.784865,20.011236],[73.785231,20.011294],[73.785657,20.011306],[73.786097,20.011299],[73.786743,20.011216],[73.786821,20.011049],[73.787696,20.011001],[73.788245,20.010921],[73.788514,20.010896],[73.788739,20.011027],[73.789006,20.011269],[73.789315,20.011453],[73.789524,20.011533],[73.789358,20.011742],[73.78921,20.012274],[73.789156,20.012393],[73.78902,20.012496],[73.788845,20.012582],[73.788601,20.013141],[73.788508,20.013466],[73.788398,20.013453],[73.788435,20.013288],[73.787737,20.013267],[73.787729,20.013485],[73.787413,20.01346],[73.787415,20.013376],[73.787668,20.013382],[73.78767,20.013252],[73.787473,20.013267],[73.787484,20.013198],[73.787678,20.013192],[73.787673,20.012623],[73.787304,20.012628],[73.787304,20.012102],[73.787311,20.011884],[73.787372,20.011897],[73.787358,20.01213],[73.787679,20.012129],[73.787689,20.011632],[73.787905,20.011614],[73.78837,20.011579],[73.788303,20.011316],[73.788309,20.011208],[73.78835,20.011109],[73.78794,20.011163],[73.787414,20.011201],[73.786979,20.011216],[73.786868,20.011289],[73.786835,20.011563],[73.786721,20.011772],[73.786523,20.012092],[73.786467,20.012063],[73.786497,20.011997],[73.786588,20.01186],[73.786651,20.011752],[73.786706,20.011628],[73.78676,20.01152],[73.786781,20.011448],[73.786805,20.011306],[73.786643,20.011347],[73.786458,20.011386],[73.786256,20.011398],[73.786011,20.011414],[73.785855,20.011424],[73.78588,20.011729],[73.785956,20.012432],[73.786003,20.012784],[73.785846,20.012819],[73.785833,20.012762],[73.785924,20.012752],[73.785889,20.01246],[73.785489,20.012523],[73.785481,20.012471],[73.785884,20.012399],[73.785829,20.011856],[73.785791,20.011421],[73.78526,20.011423],[73.784974,20.011409],[73.784497,20.011405],[73.784533,20.011782],[73.78468,20.011803],[73.784861,20.011835],[73.78491,20.011857],[73.784891,20.011903],[73.784773,20.011866],[73.784623,20.011846],[73.784462,20.011851],[73.784419,20.01141],[73.784178,20.011422],[73.783852,20.011422],[73.783892,20.011706],[73.783982,20.01215],[73.784062,20.012693],[73.784085,20.01278],[73.784209,20.012761],[73.784253,20.012787],[73.784376,20.013289],[73.784387,20.013352],[73.783378,20.013552],[73.783405,20.013869],[73.783504,20.013865],[73.783497,20.013936],[73.783322,20.013951],[73.783292,20.013534],[73.783242,20.012996],[73.783301,20.012956],[73.783993,20.012792],[73.783886,20.012008],[73.783776,20.011429],[73.78362,20.011403],[73.783321,20.011417],[73.783364,20.012192],[73.783598,20.012196],[73.783665,20.012255],[73.783685,20.012584],[73.783604,20.012637],[73.783215,20.01266],[73.783178,20.012555],[73.783179,20.012245],[73.783285,20.012207],[73.783241,20.011412],[73.782561,20.011451],[73.782612,20.012371],[73.782547,20.012365],[73.782618,20.012381],[73.782645,20.012622],[73.782451,20.012592]]]}},{"type":"Feature","properties":{"Name":"MH 15 HH 9156","routeId":946,"fill-opacity":0.03,"stroke-width":1,"stroke-opacity":0.5,"locationConfidence":"verified","locationSource":"NMC waste collection vehicle tracking export, 30 Aug 2026 (RTI)"},"geometry":{"type":"Polygon","coordinates":[[[73.80295,20.056727],[73.804238,20.056647],[73.804259,20.056062],[73.806008,20.055488],[73.805622,20.054157],[73.805085,20.052726],[73.806077,20.050073],[73.804339,20.049619],[73.803792,20.050577],[73.802998,20.050446],[73.803008,20.051081],[73.801453,20.051081],[73.801045,20.049942],[73.801667,20.049408],[73.801635,20.048863],[73.800348,20.048642],[73.798856,20.048974],[73.798985,20.051534],[73.799696,20.054502],[73.801713,20.054381],[73.801767,20.055077],[73.802679,20.055127],[73.802662,20.056363],[73.80295,20.056727]]]}},{"type":"Feature","properties":{"Name":"MH 15 HH 9157","routeId":977,"fill-opacity":0.03,"stroke-width":1,"stroke-opacity":0.5,"locationConfidence":"verified","locationSource":"NMC waste collection vehicle tracking export, 30 Aug 2026 (RTI)"},"geometry":{"type":"Polygon","coordinates":[[[73.801927,20.008809],[73.802662,20.009671],[73.803317,20.010528],[73.802496,20.010891],[73.802174,20.010976],[73.802239,20.011299],[73.801396,20.011526],[73.801437,20.011726],[73.801619,20.01221],[73.801303,20.012301],[73.801462,20.012921],[73.801307,20.012962],[73.801151,20.013027],[73.801489,20.014056],[73.801598,20.014135],[73.802639,20.013908],[73.8028,20.014125],[73.803036,20.014805],[73.805623,20.014303],[73.80616,20.014091],[73.806939,20.014961],[73.807829,20.015903],[73.808553,20.016649],[73.81009,20.015762],[73.809768,20.015288],[73.809685,20.014476],[73.809127,20.014431],[73.808837,20.014471],[73.808795,20.014335],[73.808258,20.014542],[73.808135,20.014385],[73.807979,20.014068],[73.807748,20.014048],[73.80711,20.014214],[73.807866,20.013947],[73.809524,20.01364],[73.809339,20.012674],[73.809135,20.011232],[73.808674,20.011545],[73.808229,20.011908],[73.807708,20.012397],[73.807129,20.012896],[73.806737,20.013243],[73.806254,20.013712],[73.805281,20.012508],[73.80453,20.011575],[73.803545,20.010367],[73.802692,20.009248],[73.802198,20.008608],[73.801662,20.008613],[73.801927,20.008809]]]}},{"type":"Feature","properties":{"Name":"MH 15 HH 9158","routeId":970,"fill-opacity":0.03,"stroke-width":1,"stroke-opacity":0.5,"locationConfidence":"verified","locationSource":"NMC waste collection vehicle tracking export, 30 Aug 2026 (RTI)"},"geometry":{"type":"Polygon","coordinates":[[[73.794954,20.034058],[73.795126,20.032163],[73.795147,20.030177],[73.794995,20.027587],[73.79242,20.027546],[73.789834,20.027244],[73.790167,20.028968],[73.790725,20.031498],[73.790376,20.031725],[73.789378,20.03172],[73.789426,20.032062],[73.788611,20.032113],[73.787495,20.032188],[73.785591,20.032392],[73.785521,20.032045],[73.78639,20.031929],[73.786363,20.03141],[73.785977,20.03142],[73.785886,20.030074],[73.787043,20.030043],[73.786946,20.029302],[73.786152,20.029317],[73.786335,20.028344],[73.785932,20.028309],[73.785938,20.027807],[73.786281,20.027817],[73.786292,20.027192],[73.786995,20.027248],[73.787061,20.026261],[73.7877,20.02556],[73.788837,20.024396],[73.789503,20.023671],[73.790672,20.023238],[73.792399,20.02293],[73.793835,20.022695],[73.794956,20.022453],[73.79693,20.022141],[73.796914,20.022282],[73.795981,20.022504],[73.794672,20.022746],[73.795099,20.024988],[73.795292,20.026528],[73.795426,20.027541],[73.795562,20.028695],[73.795649,20.031017],[73.795649,20.031284],[73.798354,20.031272],[73.7983,20.031746],[73.797555,20.031781],[73.797743,20.032915],[73.797173,20.033027],[73.79574,20.03212],[73.795692,20.031651],[73.795247,20.034196],[73.794954,20.034058]]]}},{"type":"Feature","properties":{"Name":"MH 15 HH 9159","routeId":948,"fill-opacity":0.03,"stroke-width":1,"stroke-opacity":0.5,"locationConfidence":"verified","locationSource":"NMC waste collection vehicle tracking export, 30 Aug 2026 (RTI)"},"geometry":{"type":"Polygon","coordinates":[[[73.800213,20.070534],[73.800707,20.070695],[73.80134,20.071063],[73.802053,20.070731],[73.801871,20.070529],[73.801243,20.070675],[73.801115,20.070136],[73.801495,20.069975],[73.80179,20.069904],[73.801694,20.069632],[73.801179,20.069738],[73.800718,20.070222],[73.800905,20.069688],[73.801077,20.069496],[73.801342,20.067811],[73.801445,20.067161],[73.801622,20.065559],[73.801691,20.06508],[73.802131,20.064167],[73.802078,20.063412],[73.801968,20.062647],[73.802108,20.062073],[73.80199,20.060803],[73.80191,20.060433],[73.801239,20.058568],[73.801743,20.058417],[73.802344,20.060271],[73.803455,20.059919],[73.803251,20.059329],[73.804003,20.059082],[73.804438,20.059278],[73.804792,20.059147],[73.804727,20.058941],[73.804432,20.059011],[73.804148,20.05886],[73.803992,20.058361],[73.804094,20.058316],[73.804245,20.058669],[73.8044,20.058628],[73.804181,20.057849],[73.804348,20.057657],[73.804771,20.05739],[73.805598,20.057284],[73.805304,20.063008],[73.805315,20.066395],[73.805481,20.066521],[73.80598,20.066375],[73.806924,20.066081],[73.808243,20.065834],[73.810394,20.065758],[73.810593,20.065889],[73.810434,20.068052],[73.809651,20.068133],[73.809704,20.068435],[73.810305,20.068425],[73.810257,20.069439],[73.810622,20.069409],[73.810944,20.068436],[73.810958,20.065964],[73.811376,20.066024],[73.811397,20.065677],[73.81085,20.06552],[73.809981,20.06541],[73.80835,20.065435],[73.807042,20.065596],[73.805706,20.066019],[73.805685,20.063955],[73.805841,20.061512],[73.805992,20.059057],[73.80601,20.056828],[73.804749,20.056939],[73.802953,20.057185],[73.802471,20.057261],[73.802937,20.056974],[73.802449,20.056928],[73.801939,20.057009],[73.801848,20.05653],[73.802835,20.056445],[73.802852,20.05533],[73.80208,20.055351],[73.802037,20.054716],[73.800224,20.054832],[73.799967,20.053905],[73.799741,20.05394],[73.799709,20.054192],[73.797445,20.054419],[73.797692,20.055109],[73.797354,20.054394],[73.795593,20.054968],[73.794714,20.054671],[73.794655,20.055392],[73.794349,20.055457],[73.794145,20.054525],[73.793764,20.054523],[73.794166,20.055602],[73.793571,20.055622],[73.793523,20.05532],[73.793362,20.055314],[73.793346,20.055577],[73.791523,20.055491],[73.791566,20.055677],[73.791839,20.055677],[73.791807,20.057007],[73.793932,20.056922],[73.79398,20.056347],[73.794415,20.056377],[73.794613,20.057133],[73.796368,20.056786],[73.796668,20.057627],[73.79567,20.057914],[73.795381,20.057869],[73.795492,20.058223],[73.794998,20.058424],[73.795116,20.058752],[73.794065,20.058812],[73.794145,20.059942],[73.793426,20.059987],[73.793233,20.060209],[73.79216,20.060143],[73.791853,20.06014],[73.791719,20.058648],[73.791075,20.058759],[73.791177,20.0602],[73.79077,20.06015],[73.79033,20.060019],[73.790062,20.059656],[73.789466,20.058285],[73.789289,20.058336],[73.789756,20.059646],[73.790135,20.060276],[73.791428,20.060498],[73.792345,20.060427],[73.793665,20.060593],[73.793627,20.060266],[73.794346,20.060175],[73.794416,20.059092],[73.795435,20.05894],[73.795382,20.058598],[73.7961,20.058351],[73.796497,20.059525],[73.797478,20.059123],[73.797114,20.057995],[73.797736,20.057823],[73.797929,20.058398],[73.798165,20.058252],[73.798036,20.057712],[73.799029,20.057657],[73.799152,20.057077],[73.80066,20.057501],[73.800697,20.057702],[73.799898,20.05873],[73.800574,20.059007],[73.800987,20.059884],[73.800778,20.059914],[73.800504,20.059325],[73.800391,20.059416],[73.800711,20.060708],[73.801226,20.060562],[73.801317,20.061061],[73.801725,20.060945],[73.801824,20.061886],[73.801712,20.062618],[73.801841,20.063883],[73.801409,20.064927],[73.801237,20.066197],[73.801166,20.067261],[73.800895,20.069257],[73.800402,20.069769],[73.800213,20.070534]]]}},{"type":"Feature","properties":{"Name":"MH 15 HH 9160","routeId":923,"fill-opacity":0.03,"stroke-width":1,"stroke-opacity":0.5,"locationConfidence":"verified","locationSource":"NMC waste collection vehicle tracking export, 30 Aug 2026 (RTI)"},"geometry":{"type":"Polygon","coordinates":[[[73.780454,20.041163],[73.781677,20.041012],[73.783554,20.040679],[73.7854,20.039681],[73.785603,20.040256],[73.786569,20.039913],[73.786397,20.039147],[73.786086,20.039076],[73.785839,20.037494],[73.78594,20.037104],[73.785533,20.03533],[73.78505,20.035159],[73.783226,20.035199],[73.783548,20.035016],[73.784492,20.034965],[73.784471,20.034441],[73.785822,20.034169],[73.785597,20.033161],[73.78476,20.033222],[73.784685,20.032546],[73.784538,20.032336],[73.783368,20.032377],[73.783572,20.030613],[73.784999,20.030492],[73.784967,20.030149],[73.783679,20.03031],[73.783765,20.029433],[73.785578,20.02904],[73.785307,20.028045],[73.784234,20.028236],[73.784341,20.028972],[73.783365,20.029184],[73.783065,20.032016],[73.782796,20.033024],[73.782721,20.035071],[73.782351,20.036252],[73.781546,20.038097],[73.780387,20.041132],[73.780454,20.041163]]]}},{"type":"Feature","properties":{"Name":"MH 15 HH 9162","routeId":938,"fill-opacity":0.03,"stroke-width":1,"stroke-opacity":0.5,"locationConfidence":"verified","locationSource":"NMC waste collection vehicle tracking export, 30 Aug 2026 (RTI)"},"geometry":{"type":"Polygon","coordinates":[[[73.818226,20.014355],[73.819476,20.014763],[73.820865,20.015176],[73.823101,20.015886],[73.824907,20.016468],[73.825921,20.016891],[73.827995,20.017881],[73.829454,20.018592],[73.830441,20.019056],[73.831122,20.019419],[73.8316,20.019706],[73.831809,20.019197],[73.8319,20.018718],[73.832152,20.018703],[73.832419,20.018837],[73.83273,20.018883],[73.833031,20.018611],[73.832755,20.018036],[73.832269,20.01756],[73.831936,20.017479],[73.831993,20.016509],[73.832046,20.015436],[73.832041,20.01471],[73.831192,20.014687],[73.831187,20.014291],[73.830736,20.014248],[73.830659,20.012415],[73.83048,20.01243],[73.830547,20.014189],[73.830333,20.014192],[73.830317,20.013799],[73.830166,20.013806],[73.830156,20.014285],[73.82912,20.014361],[73.828265,20.014453],[73.827233,20.014534],[73.82679,20.014506],[73.825707,20.014499],[73.82577,20.013584],[73.825831,20.012565],[73.825898,20.011646],[73.825938,20.011069],[73.825354,20.011019],[73.824748,20.010903],[73.82434,20.010799],[73.824459,20.010395],[73.824258,20.010347],[73.821964,20.010515],[73.820733,20.010636],[73.819483,20.010666],[73.819408,20.01178],[73.819151,20.011732],[73.818727,20.011747],[73.81877,20.011092],[73.818518,20.011082],[73.818545,20.012866],[73.817998,20.01271],[73.818025,20.01338],[73.818599,20.013426],[73.818226,20.014355]]]}},{"type":"Feature","properties":{"Name":"MH 15 HH 9163","routeId":380,"fill-opacity":0.03,"stroke-width":1,"stroke-opacity":0.5,"locationConfidence":"verified","locationSource":"NMC waste collection vehicle tracking export, 30 Aug 2026 (RTI)"},"geometry":{"type":"Polygon","coordinates":[[[73.779487,20.069057],[73.780067,20.069157],[73.780635,20.06694],[73.781418,20.064874],[73.782663,20.062513],[73.783521,20.061183],[73.785154,20.058417],[73.787637,20.054022],[73.789481,20.05086],[73.792218,20.04623],[73.791939,20.046039],[73.7918,20.046291],[73.79018,20.04616],[73.787133,20.046099],[73.783281,20.045928],[73.782712,20.045918],[73.782798,20.046785],[73.781972,20.046785],[73.78209,20.047218],[73.780899,20.046976],[73.780674,20.047097],[73.780749,20.04742],[73.778185,20.047551],[73.778013,20.048488],[73.779633,20.048438],[73.779719,20.048801],[73.780642,20.048654],[73.78076,20.04937],[73.779724,20.049561],[73.779826,20.050161],[73.780089,20.050141],[73.780207,20.050756],[73.779993,20.050872],[73.779049,20.050922],[73.778984,20.052106],[73.778432,20.052106],[73.778383,20.052414],[73.778866,20.052449],[73.779118,20.053563],[73.779435,20.05481],[73.779622,20.054859],[73.779965,20.056363],[73.780408,20.056197],[73.780231,20.055531],[73.78029,20.055423],[73.780303,20.055322],[73.781172,20.05529],[73.781057,20.054713],[73.782666,20.054625],[73.78276,20.055216],[73.782953,20.055312],[73.78289,20.055708],[73.783327,20.055713],[73.783349,20.056534],[73.783549,20.056504],[73.783571,20.056111],[73.783868,20.056091],[73.783852,20.056862],[73.783825,20.057046],[73.783488,20.057099],[73.783313,20.057963],[73.782895,20.057877],[73.782763,20.058422],[73.782409,20.058271],[73.781784,20.059359],[73.781481,20.059241],[73.781521,20.059127],[73.781422,20.059082],[73.781331,20.059213],[73.781065,20.05952],[73.780827,20.059735],[73.780744,20.059873],[73.781495,20.060111],[73.781742,20.060222],[73.781978,20.060401],[73.78226,20.060603],[73.782654,20.060908],[73.783132,20.061268],[73.78318,20.061349],[73.782858,20.061936],[73.782555,20.062402],[73.782206,20.063009],[73.782029,20.063342],[73.781911,20.063327],[73.781882,20.063412],[73.781965,20.06345],[73.781512,20.064257],[73.781179,20.064968],[73.780825,20.065908],[73.780605,20.066486],[73.780498,20.066455],[73.78042,20.066596],[73.780541,20.066647],[73.780226,20.06751],[73.779923,20.068208],[73.779588,20.068937],[73.779487,20.069057]]]}},{"type":"Feature","properties":{"Name":"MH 15 HH 9164","routeId":925,"fill-opacity":0.03,"stroke-width":1,"stroke-opacity":0.5,"locationConfidence":"verified","locationSource":"NMC waste collection vehicle tracking export, 30 Aug 2026 (RTI)"},"geometry":{"type":"Polygon","coordinates":[[[73.806893,20.041152],[73.806089,20.041162],[73.805906,20.040618],[73.805917,20.039953],[73.806228,20.039973],[73.806239,20.039691],[73.806851,20.03962],[73.806797,20.039116],[73.805724,20.039147],[73.805692,20.038572],[73.805155,20.038622],[73.805027,20.037655],[73.804447,20.037746],[73.80463,20.03827],[73.804361,20.038249],[73.803643,20.035508],[73.804987,20.035315],[73.806607,20.035265],[73.808463,20.035104],[73.808742,20.03715],[73.808968,20.03711],[73.808785,20.035094],[73.809043,20.035073],[73.8093,20.03842],[73.808699,20.038894],[73.807959,20.038823],[73.807863,20.037563],[73.807661,20.037737],[73.807369,20.037747],[73.807521,20.039423],[73.808491,20.039383],[73.80849,20.039588],[73.807953,20.039626],[73.80797,20.040392],[73.80783,20.040505],[73.807549,20.040493],[73.807554,20.040813],[73.807425,20.04081],[73.807399,20.040442],[73.807098,20.040467],[73.807174,20.041336],[73.808086,20.041374],[73.808204,20.041442],[73.808249,20.041722],[73.808123,20.041727],[73.808086,20.041571],[73.807893,20.041528],[73.807075,20.04153],[73.806893,20.041152]]]}},{"type":"Feature","properties":{"Name":"MH 15 HH 9165","routeId":311,"fill-opacity":0.03,"stroke-width":1,"stroke-opacity":0.5,"locationConfidence":"verified","locationSource":"NMC waste collection vehicle tracking export, 30 Aug 2026 (RTI)"},"geometry":{"type":"Polygon","coordinates":[[[73.732735,19.988304],[73.732599,19.988115],[73.732872,19.987876],[73.732792,19.986999],[73.732541,19.986409],[73.732366,19.985978],[73.732267,19.985183],[73.73226,19.984331],[73.732191,19.983649],[73.731962,19.983013],[73.731793,19.982236],[73.731674,19.981695],[73.731601,19.981218],[73.730539,19.981231],[73.730324,19.981246],[73.72929,19.981264],[73.728478,19.981316],[73.728197,19.981149],[73.72791,19.980703],[73.727767,19.980263],[73.727742,19.979943],[73.727296,19.979677],[73.727043,19.97892],[73.726754,19.978816],[73.726697,19.978039],[73.726236,19.977966],[73.726603,19.976871],[73.726851,19.976242],[73.727484,19.976272],[73.728546,19.975944],[73.730444,19.975233],[73.731961,19.974788],[73.731816,19.973527],[73.732316,19.973428],[73.732148,19.9725],[73.732336,19.972474],[73.732454,19.973044],[73.732518,19.973402],[73.733057,19.973331],[73.733327,19.974352],[73.733938,19.974125],[73.733684,19.972942],[73.733611,19.972742],[73.733627,19.972495],[73.733395,19.971677],[73.733236,19.971197],[73.733416,19.971162],[73.733696,19.972122],[73.7338,19.972583],[73.733794,19.9728],[73.733979,19.973522],[73.734555,19.973384],[73.734341,19.972567],[73.734533,19.972516],[73.734717,19.97336],[73.735552,19.973195],[73.735692,19.973571],[73.736102,19.973476],[73.735839,19.972691],[73.735587,19.971988],[73.735359,19.971113],[73.73525,19.970837],[73.73546,19.97081],[73.735745,19.971837],[73.736271,19.971696],[73.736652,19.972826],[73.736803,19.973289],[73.737762,19.972974],[73.739075,19.972587],[73.739173,19.972763],[73.738386,19.972956],[73.737668,19.973198],[73.736725,19.973504],[73.735488,19.973809],[73.734125,19.974279],[73.732744,19.974732],[73.731652,19.975072],[73.731884,19.976725],[73.731678,19.976758],[73.731582,19.975884],[73.731505,19.975116],[73.730024,19.975626],[73.728524,19.976165],[73.727626,19.976455],[73.727072,19.976471],[73.726553,19.977841],[73.726871,19.977925],[73.726901,19.978663],[73.727186,19.978779],[73.727417,19.979531],[73.72794,19.979816],[73.72806,19.980598],[73.728393,19.98109],[73.728626,19.981183],[73.729414,19.981106],[73.730493,19.981077],[73.731623,19.981043],[73.731759,19.981228],[73.731944,19.982204],[73.732174,19.983094],[73.732392,19.983711],[73.73245,19.984794],[73.732456,19.98572],[73.732853,19.986635],[73.732965,19.986974],[73.733049,19.987968],[73.732826,19.988147],[73.73288,19.988247],[73.732735,19.988304]]]}},{"type":"Feature","properties":{"Name":"MH 15 HH 9167","routeId":978,"fill-opacity":0.03,"stroke-width":1,"stroke-opacity":0.5,"locationConfidence":"verified","locationSource":"NMC waste collection vehicle tracking export, 30 Aug 2026 (RTI)"},"geometry":{"type":"Polygon","coordinates":[[[73.794608,20.022332],[73.794286,20.020618],[73.794099,20.018982],[73.793836,20.017459],[73.792962,20.017519],[73.793257,20.019299],[73.793064,20.019223],[73.791385,20.019394],[73.79132,20.019021],[73.790022,20.019057],[73.790033,20.018074],[73.789486,20.018094],[73.7897,20.018351],[73.789657,20.019757],[73.789942,20.019808],[73.79102,20.019656],[73.791047,20.020382],[73.791047,20.020876],[73.791342,20.020841],[73.791331,20.020186],[73.791374,20.019707],[73.793101,20.019543],[73.793112,20.01974],[73.791744,20.019976],[73.791959,20.020959],[73.791009,20.021085],[73.791134,20.021702],[73.790785,20.021778],[73.790848,20.022626],[73.790269,20.022686],[73.790253,20.021678],[73.789657,20.021774],[73.789941,20.02291],[73.789098,20.023227],[73.788519,20.023766],[73.788348,20.023721],[73.787329,20.024044],[73.787297,20.02363],[73.787216,20.023051],[73.786197,20.022839],[73.785446,20.022567],[73.784893,20.023177],[73.784722,20.023882],[73.784555,20.025412],[73.784453,20.026275],[73.784163,20.026683],[73.78368,20.027147],[73.78334,20.027966],[73.784236,20.027548],[73.785915,20.027054],[73.786596,20.026731],[73.788405,20.024585],[73.789231,20.023602],[73.790234,20.023179],[73.791103,20.023103],[73.792423,20.022817],[73.793571,20.022596],[73.794644,20.022328],[73.794608,20.022332]]]}},{"type":"Feature","properties":{"Name":"MH 15 HH 9168","routeId":965,"fill-opacity":0.03,"stroke-width":1,"stroke-opacity":0.5,"locationConfidence":"verified","locationSource":"NMC waste collection vehicle tracking export, 30 Aug 2026 (RTI)"},"geometry":{"type":"Polygon","coordinates":[[[73.775382,20.053885],[73.773611,20.048231],[73.772034,20.04808],[73.771584,20.047505],[73.771176,20.046397],[73.771685,20.045193],[73.77235,20.044639],[73.772983,20.044508],[73.773037,20.044095],[73.772447,20.044024],[73.772402,20.043102],[73.772917,20.042255],[73.774012,20.042356],[73.774065,20.042991],[73.776597,20.043042],[73.776415,20.04414],[73.775921,20.04406],[73.775964,20.044604],[73.777906,20.044775],[73.777831,20.04536],[73.778722,20.045662],[73.77884,20.0467],[73.778222,20.049746],[73.779295,20.050271],[73.779338,20.050996],[73.779146,20.052268],[73.777826,20.052076],[73.777741,20.053971],[73.776893,20.054414],[73.775382,20.053885]]]}},{"type":"Feature","properties":{"Name":"MH 15 HH 9170","routeId":979,"fill-opacity":0.03,"stroke-width":1,"stroke-opacity":0.5,"locationConfidence":"verified","locationSource":"NMC waste collection vehicle tracking export, 30 Aug 2026 (RTI)"},"geometry":{"type":"Polygon","coordinates":[[[73.78622,20.020634],[73.787211,20.020798],[73.787126,20.022794],[73.78748,20.022794],[73.787506,20.022622],[73.788016,20.022557],[73.787978,20.022023],[73.789008,20.021997],[73.789175,20.022023],[73.789116,20.022965],[73.78933,20.02293],[73.789379,20.022239],[73.789776,20.022224],[73.789797,20.021685],[73.7905,20.02167],[73.790473,20.02046],[73.790419,20.019906],[73.789915,20.019901],[73.790049,20.018082],[73.78954,20.018012],[73.789581,20.017622],[73.789591,20.016649],[73.789641,20.015624],[73.789346,20.015553],[73.789319,20.015826],[73.788944,20.01575],[73.789072,20.014888],[73.789212,20.014303],[73.789357,20.014016],[73.790119,20.014192],[73.790187,20.013556],[73.790476,20.012356],[73.790181,20.0122],[73.790154,20.012402],[73.789044,20.01223],[73.788765,20.012301],[73.788492,20.012749],[73.788309,20.013495],[73.788164,20.014005],[73.787805,20.014972],[73.787474,20.016293],[73.787367,20.0171],[73.787278,20.017791],[73.787,20.018612],[73.786429,20.019839],[73.786118,20.02058],[73.78622,20.020634]]]}},{"type":"Feature","properties":{"Name":"MH 15 HH 9213","routeId":618,"fill-opacity":0.03,"stroke-width":1,"stroke-opacity":0.5,"locationConfidence":"verified","locationSource":"NMC waste collection vehicle tracking export, 30 Aug 2026 (RTI)"},"geometry":{"type":"Polygon","coordinates":[[[73.841079,20.067488],[73.839414,20.066084],[73.83817,20.065034],[73.836125,20.064799],[73.836124,20.064799],[73.835897,20.061901],[73.835591,20.057458],[73.835247,20.051721],[73.835222,20.051339],[73.835138,20.04922],[73.835054,20.0471],[73.834948,20.044412],[73.834821,20.04118],[73.834693,20.037948],[73.834589,20.035014],[73.834556,20.034173],[73.834487,20.032407],[73.834476,20.032151],[73.832339,20.032274],[73.8313,20.032265],[73.830791,20.032251],[73.830172,20.032248],[73.829155,20.032208],[73.828139,20.032168],[73.828133,20.032168],[73.828053,20.032164],[73.826383,20.032013],[73.826283,20.032004],[73.823602,20.031795],[73.82142,20.031705],[73.818932,20.031831],[73.817857,20.031908],[73.817829,20.031906],[73.815038,20.031718],[73.814387,20.031704],[73.813223,20.031695],[73.8123,20.031865],[73.811002,20.032048],[73.810732,20.032089],[73.810731,20.032086],[73.81044,20.032127],[73.810448,20.032138],[73.810152,20.032158],[73.808536,20.032325],[73.807408,20.032467],[73.806329,20.032607],[73.805297,20.032739],[73.803376,20.032933],[73.801866,20.033102],[73.801161,20.033192],[73.800346,20.033283],[73.799256,20.033406],[73.799172,20.034017],[73.799034,20.034152],[73.79716,20.034212],[73.795205,20.034051],[73.795057,20.034468],[73.79489,20.035528],[73.79485,20.035911],[73.794812,20.036159],[73.794755,20.036528],[73.794703,20.036872],[73.794661,20.037142],[73.794549,20.037998],[73.794546,20.038027],[73.794504,20.038345],[73.794395,20.039198],[73.794374,20.039361],[73.794373,20.039371],[73.79429,20.04002],[73.794117,20.040953],[73.793969,20.04169],[73.793932,20.041886],[73.793823,20.042458],[73.793805,20.042503],[73.793626,20.042952],[73.79344,20.04346],[73.793355,20.043631],[73.792797,20.044805],[73.792674,20.045079],[73.792391,20.045631],[73.792112,20.046127],[73.791516,20.047188],[73.790692,20.048454],[73.790432,20.049092],[73.789469,20.050733],[73.788328,20.052619],[73.787318,20.054507],[73.786083,20.056499],[73.785639,20.057251],[73.78547,20.057559],[73.785242,20.057928],[73.785034,20.058302],[73.784813,20.058653],[73.784164,20.059772],[73.783379,20.061119],[73.783213,20.061406],[73.783008,20.06176],[73.783001,20.061772],[73.782736,20.06223],[73.782653,20.062379],[73.782628,20.062423],[73.782028,20.063491],[73.781724,20.064082],[73.781308,20.064859],[73.781156,20.065202],[73.780943,20.065789],[73.780848,20.066046],[73.780835,20.066089],[73.780798,20.066179],[73.78056,20.06682],[73.780247,20.067555],[73.78001,20.068236],[73.779813,20.068726],[73.77977,20.06884],[73.779502,20.069524],[73.779158,20.070451],[73.77913,20.070528],[73.778883,20.07156],[73.778839,20.071732],[73.778669,20.072491],[73.778565,20.073321],[73.778621,20.073865],[73.778714,20.074188],[73.778918,20.074538],[73.779204,20.074986],[73.779521,20.075445],[73.779801,20.075838],[73.780123,20.076281],[73.780146,20.076311],[73.780154,20.076363],[73.780197,20.076519],[73.780241,20.076795],[73.780281,20.077143],[73.780282,20.077152],[73.780282,20.077155],[73.780283,20.077165],[73.78028,20.077441],[73.780274,20.077668],[73.780034,20.078601],[73.780011,20.078764],[73.779929,20.079305],[73.779851,20.079857],[73.779763,20.080339],[73.779654,20.080844],[73.779529,20.081286],[73.779496,20.081424],[73.779359,20.081785],[73.779328,20.081874],[73.779286,20.081982],[73.779335,20.081992],[73.779407,20.082034],[73.779483,20.082061],[73.780077,20.082159],[73.781698,20.082162],[73.781813,20.082522],[73.782341,20.082975],[73.782964,20.083061],[73.783881,20.082907],[73.784631,20.082781],[73.785219,20.083102],[73.785708,20.083077],[73.785964,20.083065],[73.786285,20.083032],[73.786691,20.083006],[73.787164,20.082985],[73.787646,20.082956],[73.787991,20.082943],[73.788177,20.082933],[73.788351,20.082673],[73.788436,20.082564],[73.788493,20.082353],[73.788541,20.08219],[73.788596,20.082006],[73.788639,20.08186],[73.788678,20.081733],[73.788723,20.08158],[73.788781,20.081389],[73.788837,20.081202],[73.788874,20.081075],[73.788894,20.081007],[73.788936,20.080867],[73.788974,20.080741],[73.789009,20.080623],[73.789039,20.080522],[73.789081,20.080383],[73.789109,20.080288],[73.789129,20.080218],[73.789166,20.080097],[73.789193,20.080002],[73.789207,20.079945],[73.789242,20.079813],[73.789277,20.079678],[73.789306,20.079567],[73.78939,20.079245],[73.789446,20.079028],[73.789453,20.079019],[73.789502,20.079],[73.789663,20.078931],[73.789873,20.078838],[73.790083,20.078747],[73.790373,20.078626],[73.790723,20.078473],[73.790725,20.078466],[73.79074,20.078396],[73.790803,20.078181],[73.790921,20.077767],[73.790998,20.077503],[73.791117,20.077093],[73.791208,20.076775],[73.791604,20.075433],[73.791737,20.074988],[73.791875,20.074605],[73.791597,20.073224],[73.791596,20.073217],[73.791614,20.073218],[73.79213,20.07354],[73.792623,20.073891],[73.793123,20.074257],[73.794265,20.075174],[73.794797,20.075603],[73.795369,20.076059],[73.796182,20.076701],[73.797334,20.077625],[73.798406,20.07846],[73.799444,20.079052],[73.79978,20.079296],[73.800442,20.079875],[73.802213,20.080277],[73.803984,20.080679],[73.804393,20.080405],[73.804783,20.080174],[73.805899,20.079951],[73.807724,20.07959],[73.808629,20.079418],[73.810241,20.079109],[73.811029,20.078956],[73.813489,20.07882],[73.815732,20.078229],[73.816239,20.077445],[73.816747,20.076661],[73.816969,20.075505],[73.816777,20.074128],[73.816616,20.072969],[73.816664,20.072924],[73.817307,20.072634],[73.818055,20.072289],[73.818849,20.071959],[73.819025,20.071856],[73.819894,20.071212],[73.822713,20.06901],[73.823874,20.068512],[73.824133,20.068381],[73.82416,20.068372],[73.824737,20.068105],[73.825496,20.067796],[73.826676,20.067513],[73.827552,20.06732],[73.828967,20.066879],[73.831504,20.066079],[73.831755,20.066457],[73.831927,20.06664],[73.832054,20.066906],[73.832195,20.067119],[73.832886,20.068158],[73.833277,20.068108],[73.833598,20.068035],[73.834767,20.067837],[73.835608,20.067732],[73.83645,20.067661],[73.836757,20.067662],[73.838634,20.067422],[73.841086,20.067495],[73.841079,20.067488]]]}},{"type":"Feature","properties":{"Name":"MH 15 HH 9214","routeId":616,"fill-opacity":0.03,"stroke-width":1,"stroke-opacity":0.5,"locationConfidence":"verified","locationSource":"NMC waste collection vehicle tracking export, 30 Aug 2026 (RTI)"},"geometry":{"type":"Polygon","coordinates":[[[73.731097,19.990324],[73.728994,19.989558],[73.726805,19.990364],[73.726719,19.989316],[73.724015,19.989437],[73.721483,19.989356],[73.720582,19.991736],[73.71996,19.991615],[73.717986,19.991655],[73.718329,19.991211],[73.717085,19.99105],[73.716688,19.991726],[73.716785,19.993283],[73.715798,19.993283],[73.713866,19.993122],[73.712579,19.992961],[73.712407,19.992598],[73.711678,19.992436],[73.71142,19.994332],[73.71142,19.996389],[73.711377,19.998082],[73.71146,20.000298],[73.711374,20.002153],[73.711331,20.003846],[73.711417,20.005258],[73.712833,20.005701],[73.714206,20.005903],[73.715923,20.005984],[73.718326,20.006347],[73.720257,20.006992],[73.720429,20.005822],[73.720515,20.004653],[73.721588,20.00554],[73.723004,20.005903],[73.723433,20.005338],[73.724592,20.005338],[73.72618,20.005701],[73.727682,20.006266],[73.728068,20.005177],[73.728454,20.003887],[73.731458,20.003645],[73.731286,20.004774],[73.731662,20.006135],[73.733593,20.006175],[73.734623,20.006095],[73.736039,20.005691],[73.737799,20.005611],[73.737885,20.005288],[73.74076,20.004844],[73.74046,20.002989],[73.742348,20.002828],[73.74518,20.002707],[73.748957,20.002667],[73.752218,20.002506],[73.751961,20.000892],[73.751746,19.998957],[73.751532,19.996618],[73.751103,19.99448],[73.750888,19.993391],[73.749987,19.992988],[73.749558,19.991214],[73.749257,19.990447],[73.749815,19.988955],[73.749343,19.98831],[73.746511,19.988471],[73.745438,19.988996],[73.743421,19.987544],[73.742863,19.987624],[73.742047,19.988391],[73.740417,19.988391],[73.737885,19.988149],[73.736683,19.987866],[73.736597,19.987342],[73.736726,19.98706],[73.736554,19.986777],[73.736082,19.986939],[73.735181,19.987382],[73.734666,19.987745],[73.732907,19.98827],[73.731877,19.988592],[73.731147,19.988512],[73.730975,19.988996],[73.731269,19.989279],[73.731355,19.989713],[73.731698,19.989894],[73.731795,19.990308],[73.731097,19.990324]]]}},{"type":"Feature","properties":{"Name":"MH 15 HH 9215","routeId":617,"fill-opacity":0.03,"stroke-width":1,"stroke-opacity":0.5,"locationConfidence":"verified","locationSource":"NMC waste collection vehicle tracking export, 30 Aug 2026 (RTI)"},"geometry":{"type":"Polygon","coordinates":[[[73.812275,20.0031],[73.814222,20.002626],[73.815483,20.002278],[73.816353,20.001982],[73.816728,20.001614],[73.816084,20.001084],[73.815907,20.000817],[73.815248,20.000545],[73.814523,20.000348],[73.814089,20.000424],[73.813494,20.000762],[73.812667,20.000747],[73.811364,20.001462],[73.811896,20.002432],[73.812275,20.0031]]]}},{"type":"Feature","properties":{"Name":"MH 15 HH 9431","routeId":993,"fill-opacity":0.03,"stroke-width":1,"stroke-opacity":0.5,"locationConfidence":"verified","locationSource":"NMC waste collection vehicle tracking export, 30 Aug 2026 (RTI)"},"geometry":{"type":"Polygon","coordinates":[[[73.831731,20.007462],[73.831602,20.004306],[73.831441,20.0023],[73.832487,20.001751],[73.832739,20.001897],[73.832766,20.002572],[73.832981,20.002552],[73.832954,20.001826],[73.833839,20.001872],[73.833855,20.00285],[73.833592,20.002875],[73.833598,20.003208],[73.83466,20.003157],[73.834665,20.001952],[73.835813,20.002018],[73.836441,20.002023],[73.837514,20.002008],[73.83757,20.000042],[73.837774,20.000027],[73.837811,19.999764],[73.837237,19.999764],[73.836744,19.999694],[73.836443,19.999734],[73.836213,19.99922],[73.835456,19.999593],[73.8343,20.000442],[73.833539,20.000921],[73.832788,20.001304],[73.83209,20.001652],[73.831334,20.00202],[73.8312,20.000674],[73.831141,20.00016],[73.831135,19.999288],[73.831007,19.998794],[73.833555,19.998895],[73.833619,19.998633],[73.831023,19.998497],[73.831015,19.997101],[73.83103,19.996277],[73.83073,19.994014],[73.833136,19.993452],[73.835136,19.992807],[73.836848,19.992222],[73.837003,19.992842],[73.83732,19.992691],[73.837223,19.992111],[73.837813,19.99195],[73.838554,19.991657],[73.838913,19.991516],[73.838999,19.992454],[73.839278,19.992444],[73.839192,19.991481],[73.840088,19.991239],[73.840136,19.991874],[73.840463,19.991758],[73.840415,19.990896],[73.838725,19.991254],[73.838693,19.990483],[73.83799,19.990523],[73.838028,19.990815],[73.838414,19.9908],[73.838425,19.99139],[73.837556,19.991793],[73.836328,19.992171],[73.834139,19.992933],[73.832501,19.993354],[73.830462,19.993807],[73.830688,19.995904],[73.830698,19.998304],[73.828875,19.998435],[73.827727,19.998979],[73.828118,19.999747],[73.828129,19.999979],[73.828263,20.000075],[73.828644,20.000836],[73.827845,20.000931],[73.826893,20.001164],[73.826153,20.001255],[73.825514,20.001341],[73.825187,19.99998],[73.824618,19.997489],[73.825284,19.997424],[73.825225,19.997177],[73.82435,19.997247],[73.824736,19.998785],[73.824833,19.999339],[73.824441,19.99939],[73.824634,20.000373],[73.825042,20.000302],[73.825305,20.001391],[73.823736,20.001587],[73.822234,20.001718],[73.82085,20.001763],[73.819632,20.001773],[73.819627,20.001456],[73.819401,20.00142],[73.819412,20.001773],[73.818302,20.001763],[73.818318,20.002015],[73.819037,20.00198],[73.818999,20.003185],[73.819278,20.00326],[73.819305,20.00195],[73.820555,20.001924],[73.822127,20.001879],[73.822836,20.001834],[73.824214,20.001703],[73.825336,20.001562],[73.825443,20.002716],[73.825625,20.003598],[73.82584,20.004349],[73.82592,20.004753],[73.825143,20.005],[73.824311,20.005312],[73.823651,20.005695],[73.823158,20.004954],[73.82297,20.005115],[73.823539,20.006063],[73.824177,20.005705],[73.824821,20.005408],[73.825341,20.005211],[73.825717,20.005105],[73.825904,20.005166],[73.825867,20.0063],[73.825899,20.006643],[73.826586,20.006597],[73.827299,20.006794],[73.827331,20.007934],[73.828002,20.007647],[73.828545,20.00736],[73.829156,20.00726],[73.829526,20.007219],[73.830481,20.00729],[73.831731,20.007462]]]}},{"type":"Feature","properties":{"Name":"MH 15 HH 9433","routeId":998,"fill-opacity":0.03,"stroke-width":1,"stroke-opacity":0.5,"locationConfidence":"verified","locationSource":"NMC waste collection vehicle tracking export, 30 Aug 2026 (RTI)"},"geometry":{"type":"Polygon","coordinates":[[[73.780971,20.040721],[73.783396,20.040348],[73.78346,20.040973],[73.784801,20.04064],[73.786518,20.039925],[73.786668,20.041759],[73.787301,20.04184],[73.787515,20.04316],[73.784705,20.043815],[73.784747,20.044521],[73.781529,20.044682],[73.779126,20.044269],[73.778059,20.04623],[73.777501,20.046845],[73.774025,20.048074],[73.775956,20.053446],[73.776642,20.0565],[73.778842,20.056399],[73.77882,20.057084],[73.77661,20.057125],[73.776664,20.058828],[73.776181,20.060712],[73.776117,20.061912],[73.77616,20.063796],[73.776052,20.064744],[73.776814,20.065137],[73.777919,20.064804],[73.778262,20.065116],[73.776954,20.06564],[73.77572,20.065207],[73.774164,20.065368],[73.773875,20.068449],[73.773078,20.07086],[73.77236,20.072583],[73.771609,20.072513],[73.772038,20.071787],[73.772918,20.069671],[73.773422,20.068004],[73.773733,20.065535],[73.773733,20.064527],[73.773251,20.062562],[73.772939,20.060435],[73.773304,20.05971],[73.773287,20.058263],[73.773233,20.055874],[73.773319,20.054472],[73.773298,20.053303],[73.773383,20.052567],[73.772976,20.051529],[73.77274,20.050894],[73.773276,20.049251],[73.773652,20.048193],[73.772675,20.048092],[73.772014,20.047837],[73.771907,20.047197],[73.771832,20.046316],[73.771999,20.045706],[73.772342,20.045298],[73.772723,20.044905],[73.772723,20.044829],[73.77195,20.044824],[73.771773,20.044698],[73.771789,20.044542],[73.771473,20.044417],[73.77125,20.044336],[73.771036,20.044328],[73.770853,20.044321],[73.77043,20.04415],[73.770475,20.044054],[73.77095,20.044213],[73.771191,20.0442],[73.771797,20.044376],[73.771864,20.043646],[73.771741,20.042883],[73.771173,20.041927],[73.771102,20.041721],[73.770714,20.041527],[73.77022,20.041308],[73.769788,20.041088],[73.769426,20.040955],[73.769171,20.040839],[73.768894,20.040778],[73.768143,20.040828],[73.767413,20.04099],[73.766609,20.041234],[73.766244,20.041364],[73.766062,20.041477],[73.765874,20.041689],[73.765635,20.041835],[73.765278,20.04187],[73.764706,20.041856],[73.764253,20.041604],[73.764199,20.04173],[73.764014,20.041692],[73.764078,20.041505],[73.763883,20.04141],[73.763239,20.041261],[73.762941,20.041125],[73.761726,20.040543],[73.761614,20.04048],[73.761552,20.040591],[73.761863,20.042123],[73.761764,20.042203],[73.761686,20.042097],[73.761675,20.041954],[73.761391,20.040414],[73.76149,20.040351],[73.761418,20.039734],[73.761557,20.039709],[73.761616,20.040369],[73.762678,20.040911],[73.763115,20.041092],[73.76355,20.041243],[73.763987,20.041321],[73.764497,20.041606],[73.764792,20.04174],[73.764974,20.041777],[73.765465,20.041742],[73.765715,20.041641],[73.766144,20.041273],[73.767077,20.040958],[73.767563,20.040825],[73.767199,20.039383],[73.767295,20.039336],[73.768054,20.039236],[73.76808,20.039379],[73.767362,20.039477],[73.767687,20.040777],[73.767948,20.040737],[73.768297,20.040699],[73.768619,20.040661],[73.769081,20.040713],[73.76988,20.040992],[73.770816,20.041432],[73.77121,20.041626],[73.771317,20.04182],[73.771468,20.042251],[73.771696,20.042226],[73.771671,20.041092],[73.77126,20.038874],[73.771028,20.037423],[73.770562,20.036511],[73.769988,20.03587],[73.769853,20.035417],[73.769872,20.035016],[73.76984,20.034421],[73.76973,20.033883],[73.769572,20.033405],[73.769548,20.032891],[73.769545,20.03169],[73.769507,20.031003],[73.769536,20.030464],[73.76956,20.029355],[73.769558,20.02844],[73.769488,20.027789],[73.769343,20.027238],[73.769158,20.026732],[73.769102,20.026233],[73.768994,20.025462],[73.768893,20.024714],[73.768834,20.024263],[73.768826,20.024072],[73.768721,20.02355],[73.767477,20.023606],[73.766671,20.023602],[73.76551,20.023659],[73.764884,20.0237],[73.764044,20.023743],[73.764095,20.023841],[73.764337,20.024051],[73.764492,20.024398],[73.764554,20.024665],[73.764536,20.024769],[73.764471,20.024866],[73.76433,20.024967],[73.763951,20.025042],[73.76409,20.02563],[73.764004,20.025639],[73.763844,20.024979],[73.764082,20.024935],[73.764242,20.024908],[73.764305,20.024883],[73.764426,20.024806],[73.764478,20.02468],[73.764432,20.024444],[73.764326,20.024212],[73.764244,20.024074],[73.764165,20.023987],[73.764045,20.023926],[73.763935,20.023783],[73.76393,20.023725],[73.763456,20.023768],[73.762997,20.023852],[73.762621,20.023923],[73.761521,20.023972],[73.760699,20.024015],[73.760181,20.024038],[73.759918,20.02402],[73.759291,20.023912],[73.758525,20.023719],[73.757986,20.023565],[73.756983,20.023288],[73.757047,20.024333],[73.757141,20.025404],[73.757181,20.025752],[73.757195,20.026483],[73.757243,20.027322],[73.757296,20.027811],[73.757478,20.028418],[73.757291,20.028491],[73.757065,20.028589],[73.756969,20.028756],[73.756878,20.028713],[73.756947,20.028539],[73.757108,20.028428],[73.75736,20.02835],[73.75728,20.028015],[73.757208,20.027798],[73.757175,20.027481],[73.757138,20.026815],[73.757115,20.026166],[73.757086,20.025612],[73.756976,20.024725],[73.756931,20.023994],[73.756877,20.023354],[73.756877,20.023102],[73.757693,20.023316],[73.758529,20.023563],[73.759899,20.023872],[73.760384,20.023895],[73.761028,20.023862],[73.761978,20.023827],[73.76272,20.023765],[73.763149,20.023666],[73.763996,20.023581],[73.765031,20.023514],[73.765603,20.023464],[73.766609,20.023423],[73.767105,20.023464],[73.767773,20.023447],[73.768832,20.023394],[73.768963,20.024087],[73.768996,20.024498],[73.770184,20.024314],[73.770203,20.024432],[73.769527,20.024556],[73.769014,20.024624],[73.769164,20.025748],[73.769306,20.026713],[73.769506,20.027279],[73.769656,20.027934],[73.769704,20.028735],[73.769704,20.029926],[73.769667,20.030702],[73.769664,20.031164],[73.770109,20.031195],[73.771018,20.031164],[73.771727,20.031122],[73.772323,20.031062],[73.772927,20.030968],[73.773533,20.030903],[73.774293,20.030787],[73.77492,20.030699],[73.775443,20.030636],[73.775663,20.030603],[73.775738,20.030513],[73.775835,20.030331],[73.775958,20.030205],[73.776106,20.030167],[73.776063,20.029909],[73.776206,20.029916],[73.77622,20.030165],[73.77621,20.030265],[73.776091,20.030269],[73.776011,20.030307],[73.775917,20.030417],[73.775762,20.030638],[73.775845,20.031373],[73.776483,20.031338],[73.776459,20.031428],[73.775739,20.031469],[73.775724,20.030981],[73.775673,20.030692],[73.774873,20.030798],[73.773922,20.03093],[73.772945,20.031057],[73.771964,20.031187],[73.770942,20.03125],[73.770204,20.031271],[73.770001,20.031276],[73.76965,20.031244],[73.769669,20.031634],[73.76966,20.032095],[73.769676,20.03268],[73.769683,20.033224],[73.769716,20.033378],[73.769792,20.033705],[73.769903,20.034045],[73.769963,20.034324],[73.769977,20.034637],[73.770008,20.035092],[73.770049,20.035565],[73.770094,20.035686],[73.770232,20.035931],[73.770519,20.036212],[73.770648,20.03637],[73.770838,20.036672],[73.771216,20.036574],[73.771581,20.036503],[73.771995,20.036434],[73.772316,20.036382],[73.772793,20.036347],[73.772901,20.036307],[73.772968,20.036142],[73.773102,20.035812],[73.773298,20.035394],[73.773334,20.035281],[73.773395,20.034829],[73.773437,20.034511],[73.773464,20.034204],[73.773504,20.034041],[73.773544,20.03395],[73.773643,20.033847],[73.773747,20.033789],[73.774022,20.033696],[73.774365,20.033621],[73.774748,20.033558],[73.775097,20.03354],[73.775312,20.033528],[73.775478,20.033528],[73.775579,20.033571],[73.775611,20.033673],[73.775575,20.034166],[73.775555,20.034556],[73.775512,20.034882],[73.775537,20.035072],[73.775579,20.035155],[73.775708,20.03524],[73.775779,20.035338],[73.775822,20.035877],[73.775875,20.03636],[73.776499,20.036253],[73.776946,20.036211],[73.77735,20.036186],[73.777698,20.036143],[73.778016,20.036109],[73.77834,20.036277],[73.77846,20.036291],[73.778645,20.036371],[73.778919,20.036451],[73.779033,20.036486],[73.779088,20.03656],[73.779484,20.036548],[73.779474,20.035725],[73.779479,20.035104],[73.779556,20.035104],[73.779828,20.035075],[73.780635,20.034952],[73.781175,20.034899],[73.78169,20.034906],[73.782611,20.034958],[73.782878,20.034964],[73.782916,20.034429],[73.782932,20.034053],[73.782944,20.033574],[73.782954,20.033149],[73.782366,20.033145],[73.781663,20.033162],[73.781084,20.033174],[73.781079,20.033123],[73.781496,20.033118],[73.782282,20.033102],[73.783061,20.033081],[73.783051,20.033209],[73.783026,20.033849],[73.783001,20.034421],[73.782974,20.03502],[73.782906,20.035417],[73.7829,20.035565],[73.782789,20.035945],[73.782578,20.036471],[73.782321,20.036944],[73.782147,20.037362],[73.781962,20.037813],[73.781742,20.038525],[73.78164,20.038852],[73.781502,20.039118],[73.781175,20.039798],[73.780891,20.040412],[73.780687,20.040813],[73.780971,20.040721]]]}},{"type":"Feature","properties":{"Name":"MH 15 HH 9905","routeId":967,"fill-opacity":0.03,"stroke-width":1,"stroke-opacity":0.5,"locationConfidence":"verified","locationSource":"NMC waste collection vehicle tracking export, 30 Aug 2026 (RTI)"},"geometry":{"type":"Polygon","coordinates":[[[73.794125,20.039931],[73.79323,20.039941],[73.793208,20.039679],[73.791636,20.03988],[73.791652,20.040389],[73.787615,20.040783],[73.787838,20.042028],[73.787522,20.042048],[73.787463,20.041201],[73.787033,20.041287],[73.786771,20.040214],[73.786958,20.040083],[73.786722,20.038682],[73.789233,20.038475],[73.789063,20.037244],[73.791401,20.036937],[73.791363,20.036338],[73.79257,20.036227],[73.79264,20.036434],[73.793396,20.036418],[73.793412,20.036751],[73.793965,20.036716],[73.794807,20.036872],[73.794576,20.038545],[73.794405,20.039951],[73.794106,20.041659],[73.794014,20.042234],[73.793852,20.042813],[73.793219,20.044174],[73.792569,20.045587],[73.791984,20.046656],[73.79119,20.04653],[73.789989,20.046414],[73.788572,20.046388],[73.787242,20.046323],[73.78597,20.046273],[73.784871,20.046242],[73.784785,20.046545],[73.7856,20.046738],[73.785584,20.046894],[73.787006,20.046995],[73.786528,20.048618],[73.786208,20.049129],[73.785639,20.049855],[73.782984,20.04982],[73.783,20.050062],[73.782759,20.050072],[73.782694,20.049654],[73.782209,20.047572],[73.781013,20.047184],[73.780141,20.047275],[73.780138,20.047146],[73.780221,20.047008],[73.779684,20.04674],[73.779204,20.046452],[73.778965,20.046223],[73.778861,20.046049],[73.778563,20.046095],[73.778566,20.045964],[73.779019,20.045868],[73.7797,20.045812],[73.780993,20.045895],[73.782412,20.045936],[73.783385,20.045989],[73.784539,20.046032],[73.785968,20.046086],[73.787422,20.046142],[73.788731,20.046207],[73.789933,20.046227],[73.790847,20.04627],[73.791805,20.046429],[73.792283,20.045557],[73.792626,20.044977],[73.792975,20.044199],[73.79327,20.043498],[73.793549,20.042846],[73.793709,20.04235],[73.793919,20.041284],[73.794072,20.040583],[73.794169,20.039927],[73.794125,20.039931]]]}},{"type":"Feature","properties":{"Name":"MH 15 HH 9906","routeId":673,"fill-opacity":0.03,"stroke-width":1,"stroke-opacity":0.5,"locationConfidence":"verified","locationSource":"NMC waste collection vehicle tracking export, 30 Aug 2026 (RTI)"},"geometry":{"type":"Polygon","coordinates":[[[73.779359,20.081785],[73.779507,20.081363],[73.779529,20.081286],[73.779703,20.08055],[73.779885,20.079595],[73.780034,20.078601],[73.780057,20.078437],[73.780101,20.078257],[73.780171,20.078001],[73.780274,20.077668],[73.780282,20.077155],[73.780281,20.077143],[73.780154,20.076363],[73.780137,20.076301],[73.780123,20.076281],[73.779449,20.075407],[73.778941,20.074578],[73.778918,20.074538],[73.77887,20.074464],[73.778727,20.074236],[73.778714,20.074188],[73.778641,20.074064],[73.778621,20.073865],[73.778601,20.073794],[73.778552,20.073323],[73.778598,20.072819],[73.778725,20.072174],[73.778839,20.071732],[73.778876,20.071566],[73.779115,20.07057],[73.77913,20.070528],[73.779132,20.070522],[73.779158,20.070451],[73.779507,20.069485],[73.779813,20.068726],[73.780051,20.06808],[73.780247,20.067556],[73.780247,20.067555],[73.780263,20.067509],[73.780798,20.066179],[73.780848,20.066046],[73.781001,20.06555],[73.781156,20.065202],[73.781229,20.064999],[73.781549,20.064377],[73.781724,20.064028],[73.781838,20.063823],[73.782028,20.063491],[73.782163,20.063239],[73.782315,20.062972],[73.782461,20.062706],[73.782628,20.062423],[73.782736,20.06223],[73.782818,20.062081],[73.783001,20.061772],[73.783379,20.061119],[73.783562,20.0608],[73.783756,20.060456],[73.783947,20.060142],[73.783991,20.060059],[73.784164,20.059772],[73.784326,20.05949],[73.784476,20.05923],[73.784646,20.058939],[73.784813,20.058653],[73.785639,20.057251],[73.785665,20.057204],[73.78586,20.056876],[73.786083,20.056499],[73.786299,20.056117],[73.786598,20.055595],[73.786892,20.055099],[73.787163,20.054646],[73.78743,20.054184],[73.787656,20.053786],[73.78795,20.053286],[73.788207,20.052827],[73.788328,20.052619],[73.78845,20.052411],[73.788728,20.051917],[73.78906,20.051338],[73.789416,20.050733],[73.789739,20.050162],[73.790172,20.049376],[73.790692,20.048454],[73.791754,20.0467],[73.792112,20.046127],[73.792797,20.044805],[73.792921,20.044531],[73.793152,20.044037],[73.793355,20.043631],[73.793626,20.042952],[73.793805,20.042503],[73.793969,20.04169],[73.794056,20.041223],[73.794179,20.040544],[73.794277,20.039945],[73.794373,20.039371],[73.794395,20.039198],[73.794462,20.038662],[73.794504,20.038345],[73.794549,20.037998],[73.794618,20.037412],[73.794661,20.037142],[73.794755,20.036528],[73.794773,20.036407],[73.794812,20.036159],[73.79489,20.035528],[73.794966,20.035004],[73.795025,20.034543],[73.79509,20.034306],[73.794787,20.034307],[73.79376,20.034333],[73.792945,20.034366],[73.791603,20.034421],[73.790963,20.034451],[73.790247,20.034499],[73.789085,20.034576],[73.788982,20.034738],[73.787813,20.034803],[73.787496,20.034864],[73.787464,20.034863],[73.787421,20.034872],[73.787288,20.034857],[73.787089,20.03485],[73.786758,20.034861],[73.785928,20.034956],[73.785971,20.034497],[73.785943,20.033918],[73.785903,20.03355],[73.785697,20.033378],[73.785245,20.03317],[73.785212,20.032643],[73.785201,20.032252],[73.785192,20.032166],[73.784955,20.031751],[73.785014,20.031448],[73.785102,20.031129],[73.785182,20.030787],[73.785219,20.030348],[73.785245,20.030325],[73.785343,20.030235],[73.78545,20.030061],[73.785347,20.029746],[73.785439,20.029541],[73.785875,20.029092],[73.785962,20.028943],[73.786049,20.028613],[73.786032,20.028388],[73.785536,20.028233],[73.785428,20.027763],[73.785123,20.027291],[73.78463,20.026454],[73.784575,20.026363],[73.784575,20.026361],[73.78477,20.025572],[73.785033,20.024509],[73.785062,20.024392],[73.785305,20.023406],[73.785528,20.022484],[73.785507,20.022548],[73.785627,20.022166],[73.785844,20.021467],[73.785856,20.021437],[73.786011,20.021036],[73.786021,20.021013],[73.786169,20.020638],[73.78648,20.019984],[73.786904,20.019049],[73.787062,20.018701],[73.787287,20.018074],[73.787478,20.017115],[73.787579,20.01647],[73.787621,20.016208],[73.787709,20.015686],[73.787709,20.015685],[73.787718,20.015631],[73.787862,20.015291],[73.787862,20.01529],[73.787864,20.015282],[73.788044,20.014737],[73.788158,20.014409],[73.788411,20.01365],[73.788531,20.013155],[73.788628,20.012851],[73.788806,20.012562],[73.789105,20.012353],[73.789161,20.012239],[73.789317,20.011668],[73.789234,20.011613],[73.788926,20.01142],[73.788718,20.011256],[73.788458,20.011091],[73.788566,20.010777],[73.788313,20.01082],[73.787371,20.010765],[73.786343,20.010552],[73.785784,20.010411],[73.785604,20.010395],[73.784576,20.010063],[73.784247,20.010005],[73.783001,20.009786],[73.781507,20.009524],[73.780059,20.009547],[73.778722,20.009547],[73.778123,20.009623],[73.776774,20.009794],[73.776266,20.009945],[73.775758,20.010096],[73.775219,20.010648],[73.774797,20.011144],[73.774321,20.011687],[73.774293,20.011779],[73.773828,20.0124],[73.773195,20.013307],[73.772685,20.01397],[73.772421,20.014332],[73.771899,20.015011],[73.771603,20.015286],[73.77112,20.015957],[73.770711,20.016572],[73.77055,20.017095],[73.770292,20.018194],[73.770089,20.018591],[73.769679,20.019396],[73.769165,20.019928],[73.76849,20.020549],[73.767853,20.02099],[73.767369,20.021326],[73.767112,20.021466],[73.76522,20.02249],[73.763578,20.023074],[73.762205,20.023317],[73.761378,20.023375],[73.760427,20.023343],[73.759547,20.023283],[73.75913,20.023175],[73.758234,20.022935],[73.758097,20.022967],[73.75801,20.022888],[73.757855,20.022857],[73.756771,20.022535],[73.756319,20.022322],[73.755937,20.022218],[73.754841,20.022141],[73.754197,20.022053],[73.753584,20.022013],[73.754293,20.024454],[73.754507,20.024755],[73.754988,20.025445],[73.755195,20.025743],[73.755377,20.026004],[73.755635,20.026375],[73.755746,20.02653],[73.755844,20.02667],[73.755936,20.026801],[73.75603,20.026937],[73.756119,20.027064],[73.756194,20.027168],[73.756237,20.027228],[73.756237,20.027235],[73.756242,20.027242],[73.756245,20.027243],[73.756244,20.02725],[73.756237,20.027264],[73.756231,20.027278],[73.756203,20.027326],[73.756196,20.027341],[73.756188,20.027355],[73.756174,20.027376],[73.756144,20.027411],[73.756135,20.027425],[73.756119,20.027439],[73.756056,20.027488],[73.755966,20.027537],[73.755816,20.027592],[73.755525,20.027755],[73.755476,20.02787],[73.755518,20.028132],[73.755518,20.028139],[73.755524,20.028139],[73.755524,20.028181],[73.755531,20.028181],[73.75553,20.028278],[73.755523,20.02832],[73.75551,20.028356],[73.755488,20.028398],[73.755474,20.028418],[73.755446,20.028453],[73.755397,20.028503],[73.755376,20.028516],[73.755355,20.028538],[73.755348,20.028544],[73.755321,20.028565],[73.755292,20.028587],[73.755257,20.028615],[73.755246,20.028619],[73.755243,20.028622],[73.755132,20.028814],[73.755041,20.029152],[73.755027,20.02925],[73.755012,20.029334],[73.755005,20.029377],[73.754992,20.029446],[73.754956,20.029565],[73.754928,20.029626],[73.754817,20.029769],[73.754674,20.02988],[73.754663,20.029895],[73.754627,20.029923],[73.754411,20.030084],[73.754162,20.030317],[73.754124,20.030496],[73.754123,20.030672],[73.75413,20.030672],[73.754131,20.030938],[73.754119,20.031001],[73.754119,20.031007],[73.754117,20.03103],[73.754076,20.031112],[73.754064,20.03114],[73.753819,20.031365],[73.753737,20.031556],[73.753732,20.031575],[73.753683,20.031687],[73.753647,20.031743],[73.753574,20.031836],[73.753551,20.031876],[73.753504,20.031909],[73.753451,20.031954],[73.75336,20.032017],[73.753269,20.032073],[73.753052,20.032224],[73.752892,20.032352],[73.752531,20.032613],[73.75217,20.03296],[73.751854,20.033334],[73.751759,20.03355],[73.751656,20.033909],[73.751612,20.0342],[73.751576,20.034334],[73.751562,20.034368],[73.751528,20.034424],[73.751447,20.034515],[73.751236,20.034736],[73.750688,20.035396],[73.750532,20.0356],[73.750544,20.035768],[73.750605,20.035854],[73.750638,20.035888],[73.750699,20.035975],[73.750731,20.036031],[73.750738,20.036074],[73.750729,20.036161],[73.750673,20.036271],[73.750603,20.036371],[73.750412,20.036544],[73.750405,20.036553],[73.750184,20.03684],[73.750175,20.036851],[73.75005,20.036933],[73.749907,20.036981],[73.749692,20.037041],[73.749331,20.037204],[73.748964,20.037688],[73.748861,20.037912],[73.749155,20.038446],[73.748998,20.038948],[73.748989,20.039555],[73.749005,20.040328],[73.749074,20.041239],[73.749129,20.041934],[73.749167,20.042439],[73.749265,20.043002],[73.749367,20.043559],[73.749453,20.044049],[73.749538,20.044537],[73.749629,20.04507],[73.749729,20.045675],[73.749897,20.047612],[73.750023,20.04919],[73.750317,20.049209],[73.751135,20.049172],[73.752643,20.049131],[73.752917,20.049219],[73.753013,20.049328],[73.753067,20.049352],[73.753127,20.049533],[73.75335,20.050223],[73.753671,20.051235],[73.754067,20.05234],[73.754658,20.053934],[73.754861,20.054528],[73.755174,20.055666],[73.755273,20.056055],[73.755429,20.056569],[73.755532,20.057022],[73.755544,20.05734],[73.755699,20.057618],[73.755872,20.057972],[73.756014,20.058329],[73.75616,20.058731],[73.756316,20.058933],[73.756532,20.059888],[73.756727,20.060986],[73.756697,20.062048],[73.756685,20.062387],[73.7567,20.062598],[73.756742,20.062849],[73.75677,20.06299],[73.756742,20.063301],[73.756617,20.064238],[73.756537,20.06507],[73.756244,20.066513],[73.756141,20.067245],[73.75609,20.067591],[73.756096,20.067707],[73.756201,20.067856],[73.756591,20.068304],[73.756906,20.06865],[73.757261,20.069049],[73.757612,20.069441],[73.757829,20.069682],[73.757979,20.06985],[73.758156,20.069998],[73.758439,20.07023],[73.758685,20.070431],[73.759068,20.070745],[73.75924,20.070885],[73.759438,20.071046],[73.759771,20.071323],[73.760129,20.071612],[73.760261,20.071741],[73.761518,20.073078],[73.761541,20.073102],[73.761585,20.073129],[73.761649,20.07317],[73.761886,20.073328],[73.761962,20.073385],[73.762424,20.073848],[73.76266,20.074077],[73.762706,20.074128],[73.762714,20.074135],[73.762844,20.074477],[73.762964,20.074792],[73.763048,20.075009],[73.763104,20.075156],[73.763125,20.075223],[73.763131,20.075311],[73.763327,20.077056],[73.763405,20.07711],[73.76414,20.077664],[73.764448,20.077895],[73.764728,20.078105],[73.764868,20.07821],[73.76498,20.078294],[73.765071,20.078364],[73.765127,20.078405],[73.765211,20.078469],[73.765281,20.078525],[73.765351,20.078573],[73.765386,20.078602],[73.765492,20.078679],[73.765624,20.078812],[73.765757,20.078952],[73.765883,20.079084],[73.766016,20.079225],[73.766149,20.079364],[73.766268,20.07949],[73.766295,20.079541],[73.766431,20.079784],[73.766447,20.080032],[73.766474,20.080375],[73.767709,20.080078],[73.768983,20.079776],[73.76909,20.080304],[73.768279,20.080907],[73.768167,20.080996],[73.768583,20.081971],[73.769195,20.082058],[73.769266,20.082068],[73.770783,20.082119],[73.770957,20.0821],[73.772316,20.081555],[73.772355,20.081507],[73.773185,20.080452],[73.773223,20.0804],[73.772671,20.079744],[73.771501,20.079791],[73.770974,20.079833],[73.771131,20.078695],[73.772505,20.078653],[73.772976,20.07863],[73.773925,20.079281],[73.774149,20.079427],[73.775009,20.080722],[73.77503,20.080752],[73.77627,20.080241],[73.77657,20.080116],[73.77689,20.07998],[73.777396,20.079771],[73.777946,20.079549],[73.777953,20.079546],[73.777965,20.079545],[73.778137,20.079722],[73.778269,20.079864],[73.778177,20.079964],[73.777837,20.080404],[73.777931,20.080845],[73.778029,20.081351],[73.778131,20.081856],[73.778186,20.082095],[73.778427,20.082087],[73.778956,20.082028],[73.779285,20.081982],[73.779359,20.081785]]]}},{"type":"Feature","properties":{"Name":"MH 15 HQ 6929","routeId":679,"fill-opacity":0.03,"stroke-width":1,"stroke-opacity":0.5,"locationConfidence":"verified","locationSource":"NMC waste collection vehicle tracking export, 30 Aug 2026 (RTI)"},"geometry":{"type":"Polygon","coordinates":[[[73.745967,19.979095],[73.745962,19.978912],[73.745998,19.978908],[73.747157,19.978758],[73.747126,19.978631],[73.747156,19.978625],[73.747916,19.978484],[73.748889,19.978459],[73.748889,19.97814],[73.748881,19.97791],[73.748806,19.9772],[73.748932,19.976918],[73.749071,19.976918],[73.750066,19.976653],[73.749893,19.9764],[73.749602,19.975996],[73.749554,19.975909],[73.749463,19.975792],[73.749339,19.975522],[73.749059,19.974363],[73.748997,19.974124],[73.749016,19.97412],[73.749283,19.974072],[73.749297,19.97407],[73.749345,19.974199],[73.749477,19.97418],[73.749479,19.974203],[73.749505,19.974464],[73.749702,19.974791],[73.749696,19.974885],[73.749704,19.975055],[73.750016,19.975055],[73.750384,19.975014],[73.750771,19.974975],[73.750883,19.975097],[73.751441,19.975069],[73.751466,19.975068],[73.751489,19.975293],[73.751348,19.975281],[73.751357,19.975791],[73.752485,19.975718],[73.752529,19.976077],[73.7526,19.976074],[73.754386,19.975989],[73.754768,19.975972],[73.754657,19.974859],[73.754441,19.973217],[73.754285,19.97228],[73.75405,19.9716],[73.753933,19.971259],[73.753795,19.970859],[73.753579,19.969897],[73.753552,19.969712],[73.753486,19.969259],[73.753358,19.968376],[73.753293,19.967831],[73.753252,19.966479],[73.753256,19.966422],[73.753316,19.965643],[73.754309,19.96549],[73.755081,19.965342],[73.755093,19.965394],[73.755895,19.96523],[73.755828,19.964911],[73.755759,19.964593],[73.756363,19.963808],[73.757207,19.962824],[73.755883,19.961777],[73.754351,19.961558],[73.753862,19.963139],[73.753573,19.963148],[73.752731,19.963127],[73.752729,19.963127],[73.752738,19.96276],[73.75205,19.962722],[73.752051,19.962653],[73.75136,19.962647],[73.751094,19.962673],[73.751093,19.96306],[73.750481,19.963084],[73.750458,19.963506],[73.750458,19.963507],[73.749302,19.96349],[73.749122,19.963206],[73.749122,19.963205],[73.74905,19.963012],[73.749049,19.963011],[73.748941,19.962722],[73.747052,19.962731],[73.747048,19.962639],[73.747039,19.96264],[73.746606,19.962657],[73.746686,19.963637],[73.74649,19.963641],[73.746489,19.963627],[73.74647,19.963439],[73.746285,19.963432],[73.744767,19.963383],[73.745041,19.964475],[73.745043,19.964513],[73.745067,19.965081],[73.744161,19.965063],[73.743749,19.965055],[73.741661,19.965022],[73.741671,19.965281],[73.739615,19.965387],[73.739866,19.965962],[73.738888,19.966003],[73.738729,19.966011],[73.738743,19.966189],[73.739322,19.966154],[73.739327,19.966224],[73.739831,19.966242],[73.739831,19.966243],[73.739883,19.966659],[73.739389,19.966671],[73.739341,19.966672],[73.739324,19.966693],[73.739314,19.966727],[73.739296,19.966728],[73.739289,19.966737],[73.738843,19.966756],[73.738842,19.966756],[73.738841,19.966756],[73.738841,19.966828],[73.737898,19.966828],[73.737748,19.967736],[73.737748,19.967743],[73.737115,19.966926],[73.737,19.966778],[73.736668,19.966238],[73.736467,19.966132],[73.736451,19.966123],[73.736062,19.965529],[73.735837,19.964981],[73.735829,19.964927],[73.735661,19.963826],[73.735651,19.963764],[73.735575,19.963265],[73.735141,19.963393],[73.735031,19.963154],[73.734989,19.96317],[73.73493,19.96322],[73.734301,19.963445],[73.733968,19.963445],[73.733644,19.963446],[73.733183,19.963546],[73.732319,19.963793],[73.732316,19.963794],[73.732051,19.963869],[73.732055,19.963882],[73.732186,19.964328],[73.732303,19.964613],[73.733392,19.964919],[73.733433,19.965162],[73.733784,19.966951],[73.734481,19.967777],[73.735226,19.968288],[73.735384,19.968508],[73.735449,19.968872],[73.735466,19.969129],[73.735543,19.969266],[73.73607,19.96942],[73.736324,19.969308],[73.737188,19.969436],[73.737252,19.969445],[73.737948,19.969788],[73.738241,19.969924],[73.738289,19.969956],[73.738902,19.97037],[73.7391,19.970404],[73.7391,19.970405],[73.739269,19.970778],[73.739581,19.9716],[73.739636,19.971933],[73.739712,19.972395],[73.740171,19.972734],[73.741199,19.97325],[73.741354,19.973329],[73.741448,19.973445],[73.741532,19.973549],[73.741796,19.974244],[73.741785,19.975423],[73.742123,19.97588],[73.742171,19.975965],[73.742483,19.976498],[73.742779,19.97686],[73.742801,19.976888],[73.743241,19.977637],[73.743241,19.977638],[73.74334,19.978017],[73.743341,19.978048],[73.743349,19.978252],[73.743467,19.978511],[73.743682,19.978659],[73.743696,19.978878],[73.743821,19.979077],[73.744429,19.9792],[73.744486,19.97928],[73.74524,19.979186],[73.745967,19.979095]]]}},{"type":"Feature","properties":{"Name":"MH 15 JC 0753","routeId":943,"fill-opacity":0.03,"stroke-width":1,"stroke-opacity":0.5,"locationConfidence":"verified","locationSource":"NMC waste collection vehicle tracking export, 30 Aug 2026 (RTI)"},"geometry":{"type":"Polygon","coordinates":[[[73.846269,20.026864],[73.846345,20.02637],[73.846822,20.026476],[73.84708,20.025105],[73.848544,20.025266],[73.848678,20.024153],[73.848799,20.023329],[73.849829,20.023439],[73.850349,20.023429],[73.850427,20.022981],[73.850561,20.022966],[73.850599,20.022538],[73.851052,20.022518],[73.851063,20.022407],[73.850507,20.022419],[73.849861,20.022321],[73.848782,20.022137],[73.847962,20.022031],[73.847409,20.021931],[73.846926,20.0219],[73.846977,20.021411],[73.847017,20.020697],[73.847058,20.020086],[73.847093,20.019672],[73.846602,20.019625],[73.846007,20.019562],[73.845693,20.019504],[73.845353,20.019514],[73.84494,20.019567],[73.84446,20.019665],[73.843931,20.019627],[73.843464,20.019541],[73.842668,20.019415],[73.842574,20.020091],[73.842488,20.02063],[73.842351,20.021474],[73.842212,20.022215],[73.842091,20.022765],[73.841957,20.02344],[73.841898,20.024347],[73.841844,20.025406],[73.84179,20.025776],[73.84296,20.026278],[73.844384,20.026772],[73.846136,20.027321],[73.846269,20.026864]]]}},{"type":"Feature","properties":{"Name":"MH 15 JH 3528 _","routeId":850,"fill-opacity":0.03,"stroke-width":1,"stroke-opacity":0.5,"locationConfidence":"verified","locationSource":"NMC waste collection vehicle tracking export, 30 Aug 2026 (RTI)"},"geometry":{"type":"Polygon","coordinates":[[[73.793052,20.005244],[73.794426,20.002421],[73.797859,20.002018],[73.801035,20.002421],[73.804296,20.002663],[73.806785,20.002825],[73.808416,20.002099],[73.809789,20.001212],[73.813137,20.000647],[73.817085,20.002341],[73.820518,20.002502],[73.824896,20.005647],[73.823351,20.002099],[73.82747,20.004357],[73.827814,20.00597],[73.825868,20.007543],[73.824537,20.010446],[73.821876,20.011253],[73.818572,20.011253],[73.816469,20.01218],[73.817971,20.013954],[73.820889,20.015002],[73.824408,20.01601],[73.827713,20.017502],[73.830717,20.019034],[73.833635,20.020567],[73.836854,20.023187],[73.83591,20.026292],[73.835202,20.031332],[73.82207,20.031775],[73.817435,20.031332],[73.830945,20.031533],[73.813295,20.032179],[73.826856,20.031856],[73.811983,20.029426],[73.810438,20.028499],[73.808807,20.02729],[73.807348,20.025475],[73.805546,20.024951],[73.80413,20.023257],[73.803572,20.021846],[73.805717,20.020878],[73.807177,20.01862],[73.804087,20.016766],[73.800053,20.015475],[73.800053,20.013056],[73.797735,20.01112],[73.796534,20.008701],[73.793052,20.005244]]]}},{"type":"Feature","properties":{"Name":"MH 15 JM 3769-G","routeId":990,"fill-opacity":0.03,"stroke-width":1,"stroke-opacity":0.5,"locationConfidence":"verified","locationSource":"NMC waste collection vehicle tracking export, 30 Aug 2026 (RTI)"},"geometry":{"type":"Polygon","coordinates":[[[73.731097,19.990324],[73.728994,19.989558],[73.726805,19.990364],[73.726719,19.989316],[73.724015,19.989437],[73.721483,19.989356],[73.720582,19.991736],[73.71996,19.991615],[73.717986,19.991655],[73.718329,19.991211],[73.717085,19.99105],[73.716688,19.991726],[73.716785,19.993283],[73.715798,19.993283],[73.713866,19.993122],[73.712579,19.992961],[73.712407,19.992598],[73.711678,19.992436],[73.71142,19.994332],[73.71142,19.996389],[73.711377,19.998082],[73.71146,20.000298],[73.711374,20.002153],[73.711331,20.003846],[73.711417,20.005258],[73.712833,20.005701],[73.714206,20.005903],[73.715923,20.005984],[73.718326,20.006347],[73.720257,20.006992],[73.720429,20.005822],[73.720515,20.004653],[73.721588,20.00554],[73.723004,20.005903],[73.723433,20.005338],[73.724592,20.005338],[73.72618,20.005701],[73.727682,20.006266],[73.728068,20.005177],[73.728454,20.003887],[73.731458,20.003645],[73.731286,20.004774],[73.731662,20.006135],[73.733593,20.006175],[73.734623,20.006095],[73.736039,20.005691],[73.737799,20.005611],[73.737885,20.005288],[73.74076,20.004844],[73.74046,20.002989],[73.742348,20.002828],[73.74518,20.002707],[73.748957,20.002667],[73.752218,20.002506],[73.751961,20.000892],[73.751746,19.998957],[73.751532,19.996618],[73.751103,19.99448],[73.750888,19.993391],[73.749987,19.992988],[73.749558,19.991214],[73.749257,19.990447],[73.749815,19.988955],[73.749343,19.98831],[73.746511,19.988471],[73.745438,19.988996],[73.743421,19.987544],[73.742863,19.987624],[73.742047,19.988391],[73.740417,19.988391],[73.737885,19.988149],[73.736683,19.987866],[73.736597,19.987342],[73.736726,19.98706],[73.736554,19.986777],[73.736082,19.986939],[73.735181,19.987382],[73.734666,19.987745],[73.732907,19.98827],[73.731877,19.988592],[73.731147,19.988512],[73.730975,19.988996],[73.731269,19.989279],[73.731355,19.989713],[73.731698,19.989894],[73.731795,19.990308],[73.731097,19.990324]]]}},{"type":"Feature","properties":{"Name":"MH 15 JX 7558","routeId":842,"fill-opacity":0.03,"stroke-width":1,"stroke-opacity":0.5,"locationConfidence":"verified","locationSource":"NMC waste collection vehicle tracking export, 30 Aug 2026 (RTI)"},"geometry":{"type":"Polygon","coordinates":[[[73.770533,19.99416],[73.762894,19.994321],[73.755598,19.993353],[73.738174,19.991256],[73.73414,19.99053],[73.725472,19.9869],[73.723926,19.984481],[73.726759,19.976414],[73.73457,19.974317],[73.741264,19.971735],[73.746157,19.973187],[73.746242,19.975124],[73.750105,19.977463],[73.754654,19.979802],[73.755941,19.982222],[73.756971,19.984481],[73.758087,19.987304],[73.761778,19.98924],[73.76401,19.991175],[73.770533,19.99416]]]}},{"type":"Feature","properties":{"Name":"MH 15 KC 2405","routeId":698,"fill-opacity":0.03,"stroke-width":1,"stroke-opacity":0.5,"locationConfidence":"verified","locationSource":"NMC waste collection vehicle tracking export, 30 Aug 2026 (RTI)"},"geometry":{"type":"Polygon","coordinates":[[[73.788254,20.010676],[73.789044,20.010523],[73.78928,20.012056],[73.788465,20.013669],[73.787907,20.015201],[73.787521,20.016854],[73.787178,20.018306],[73.786577,20.019757],[73.785933,20.021128],[73.785461,20.02258],[73.784817,20.02379],[73.784688,20.025201],[73.785418,20.025523],[73.786319,20.025927],[73.786877,20.026088],[73.787092,20.025806],[73.787349,20.025483],[73.787735,20.024959],[73.788208,20.024636],[73.788508,20.024273],[73.788765,20.02383],[73.789409,20.023386],[73.789924,20.023225],[73.790525,20.023064],[73.791255,20.022943],[73.79207,20.022782],[73.792714,20.022701],[73.793443,20.02262],[73.794087,20.022499],[73.79443,20.022419],[73.794387,20.022267],[73.794344,20.022046],[73.79428,20.021733],[73.794183,20.021209],[73.794151,20.020846],[73.794087,20.020403],[73.794005,20.020063],[73.79393,20.019549],[73.793876,20.019216],[73.793833,20.018934],[73.793779,20.018571],[73.793747,20.018289],[73.793683,20.017946],[73.793618,20.017402],[73.793554,20.017019],[73.793855,20.016998],[73.794305,20.016978],[73.79467,20.016938],[73.794901,20.016928],[73.795104,20.016903],[73.795287,20.016898],[73.795464,20.016877],[73.795646,20.016847],[73.795807,20.016862],[73.79599,20.016852],[73.796167,20.016827],[73.796387,20.016827],[73.796564,20.016807],[73.796706,20.016794],[73.796808,20.016772],[73.796682,20.016416],[73.796542,20.016013],[73.796424,20.015721],[73.796306,20.015358],[73.796263,20.015045],[73.79621,20.014753],[73.796175,20.014637],[73.79614,20.014466],[73.796118,20.014337],[73.796089,20.014216],[73.796065,20.014042],[73.796035,20.013858],[73.796011,20.013727],[73.795995,20.013604],[73.795973,20.013483],[73.795947,20.013306],[73.795928,20.013218],[73.795893,20.012999],[73.795869,20.012832],[73.795724,20.012371],[73.79553,20.011968],[73.795493,20.011682],[73.795461,20.011485],[73.795445,20.011289],[73.795525,20.011032],[73.795402,20.010815],[73.79531,20.010508],[73.795198,20.0102],[73.795058,20.009983],[73.794994,20.009787],[73.794854,20.009504],[73.794758,20.009212],[73.794779,20.009],[73.795262,20.00897],[73.795777,20.008849],[73.796399,20.008829],[73.797065,20.008819],[73.797719,20.008799],[73.79832,20.008758],[73.798835,20.008748],[73.799328,20.008738],[73.799811,20.008718],[73.800294,20.008678],[73.800841,20.008506],[73.801542,20.008358],[73.800813,20.007834],[73.800083,20.007189],[73.799654,20.006624],[73.798495,20.006302],[73.797465,20.005858],[73.796864,20.005737],[73.795791,20.005374],[73.794547,20.004769],[73.793903,20.004487],[73.793796,20.004386],[73.79385,20.004084],[73.793925,20.003741],[73.793699,20.00367],[73.793549,20.004185],[73.793592,20.004628],[73.793581,20.005082],[73.793238,20.006765],[73.792809,20.007975],[73.791135,20.008499],[73.790931,20.008983],[73.790878,20.009205],[73.790631,20.009477],[73.790406,20.009724],[73.790207,20.00988],[73.789853,20.010122],[73.78952,20.010299],[73.789258,20.01041],[73.788254,20.010676]]]}},{"type":"Feature","properties":{"Name":"MH 15 KK 9730","routeId":851,"fill-opacity":0.03,"stroke-width":1,"stroke-opacity":0.5,"locationConfidence":"verified","locationSource":"NMC waste collection vehicle tracking export, 30 Aug 2026 (RTI)"},"geometry":{"type":"Polygon","coordinates":[[[73.708318,19.992871],[73.709691,19.993879],[73.706215,19.992871],[73.703855,19.993193],[73.702524,19.993879],[73.702138,19.996016],[73.702009,19.997952],[73.702095,20.000251],[73.701967,20.00263],[73.701623,20.004969],[73.699477,20.006259],[73.696645,20.00638],[73.695186,20.00509],[73.693083,20.005775],[73.691366,20.005614],[73.689864,20.005251],[73.689349,20.00388],[73.689564,20.00267],[73.689736,20.001823],[73.690379,20.000573],[73.690036,19.999525],[73.688963,19.998274],[73.68892,19.997186],[73.688019,19.996218],[73.687418,19.994766],[73.686774,19.993314],[73.686732,19.991701],[73.686517,19.990007],[73.68656,19.988958],[73.687504,19.988273],[73.688062,19.987547],[73.68759,19.986377],[73.687161,19.985087],[73.687847,19.984199],[73.689006,19.983312],[73.690508,19.982102],[73.692783,19.981457],[73.695229,19.981054],[73.697675,19.980731],[73.700078,19.980368],[73.702567,19.980489],[73.704284,19.980691],[73.707202,19.979965],[73.710939,19.98055],[73.714458,19.982647],[73.717376,19.982123],[73.720037,19.984381],[73.723213,19.985833],[73.725058,19.984785],[73.727976,19.983857],[73.72862,19.985753],[73.730208,19.98781],[73.730551,19.989503],[73.727719,19.989221],[73.724801,19.989342],[73.722269,19.989624],[73.71935,19.991479],[73.717119,19.992649],[73.714158,19.993375],[73.711969,19.993859],[73.71081,19.992931],[73.708318,19.992871]]]}},{"type":"Feature","properties":{"Name":"MH 15 KK 9734","routeId":846,"fill-opacity":0.03,"stroke-width":1,"stroke-opacity":0.5,"locationConfidence":"verified","locationSource":"NMC waste collection vehicle tracking export, 30 Aug 2026 (RTI)"},"geometry":{"type":"Polygon","coordinates":[[[73.759209,20.022739],[73.759209,20.019231],[73.758951,20.017215],[73.758694,20.014069],[73.756141,20.014531],[73.755875,20.012103],[73.753558,20.012103],[73.753215,20.009361],[73.752914,20.007062],[73.752614,20.00436],[73.752228,20.002505],[73.750683,20.00266],[73.747314,20.002781],[73.743451,20.002882],[73.740512,20.003064],[73.740781,20.004799],[73.73915,20.005041],[73.737841,20.005303],[73.737734,20.005626],[73.736667,20.005624],[73.734586,20.006249],[73.734471,20.00558],[73.731509,20.005993],[73.731295,20.004945],[73.731134,20.003624],[73.729256,20.003695],[73.728479,20.003745],[73.727942,20.005368],[73.727706,20.006276],[73.726561,20.00491],[73.72538,20.004225],[73.724994,20.004871],[73.723258,20.003808],[73.722378,20.005143],[73.721606,20.005234],[73.721595,20.005687],[73.721917,20.006212],[73.721212,20.010318],[73.724256,20.013743],[73.72245,20.015268],[73.71995,20.017437],[73.717589,20.019453],[73.716173,20.020421],[73.715487,20.020542],[73.714847,20.023119],[73.713774,20.025155],[73.712422,20.026203],[73.71122,20.026344],[73.713507,20.029063],[73.714647,20.030263],[73.715119,20.030888],[73.716149,20.030989],[73.716407,20.031009],[73.717136,20.032077],[73.716958,20.033851],[73.716958,20.034606],[73.717621,20.034901],[73.717921,20.035334],[73.7182,20.035415],[73.718587,20.035284],[73.718951,20.03479],[73.720174,20.033822],[73.721215,20.032955],[73.722115,20.03197],[73.722695,20.030922],[73.722935,20.029713],[73.723172,20.028837],[73.723783,20.028242],[73.725069,20.026941],[73.726518,20.025705],[73.727092,20.024894],[73.727719,20.023954],[73.728483,20.022939],[73.729116,20.022586],[73.730414,20.022304],[73.732121,20.022476],[73.733912,20.022707],[73.735946,20.022496],[73.737395,20.021972],[73.738762,20.021038],[73.73991,20.02005],[73.741024,20.018572],[73.741941,20.017425],[73.742875,20.016659],[73.743229,20.016538],[73.744092,20.016577],[73.745326,20.017202],[73.746627,20.018084],[73.747614,20.019415],[73.749699,20.020644],[73.751566,20.021259],[73.753901,20.021405],[73.755511,20.021586],[73.757556,20.022259],[73.759209,20.022739]]]}},{"type":"Feature","properties":{"Name":"MH 15 KQ 3621","routeId":849,"fill-opacity":0.03,"stroke-width":1,"stroke-opacity":0.5,"locationConfidence":"verified","locationSource":"NMC waste collection vehicle tracking export, 30 Aug 2026 (RTI)"},"geometry":{"type":"Polygon","coordinates":[[[73.759209,20.022739],[73.759209,20.019231],[73.758951,20.017215],[73.758694,20.014069],[73.756141,20.014531],[73.755875,20.012103],[73.753558,20.012103],[73.753215,20.009361],[73.752914,20.007062],[73.752614,20.00436],[73.752228,20.002505],[73.750683,20.00266],[73.747314,20.002781],[73.743451,20.002882],[73.740512,20.003064],[73.740781,20.004799],[73.73915,20.005041],[73.737841,20.005303],[73.737734,20.005626],[73.736667,20.005624],[73.734586,20.006249],[73.734471,20.00558],[73.731509,20.005993],[73.731295,20.004945],[73.731134,20.003624],[73.729256,20.003695],[73.728479,20.003745],[73.727942,20.005368],[73.727706,20.006276],[73.726561,20.00491],[73.72538,20.004225],[73.724994,20.004871],[73.723258,20.003808],[73.722378,20.005143],[73.721606,20.005234],[73.721595,20.005687],[73.721917,20.006212],[73.721212,20.010318],[73.724256,20.013743],[73.72245,20.015268],[73.71995,20.017437],[73.717589,20.019453],[73.716173,20.020421],[73.715487,20.020542],[73.714847,20.023119],[73.713774,20.025155],[73.712422,20.026203],[73.71122,20.026344],[73.713507,20.029063],[73.714647,20.030263],[73.715119,20.030888],[73.716149,20.030989],[73.716407,20.031009],[73.717136,20.032077],[73.716958,20.033851],[73.716958,20.034606],[73.717621,20.034901],[73.717921,20.035334],[73.7182,20.035415],[73.718587,20.035284],[73.718951,20.03479],[73.720174,20.033822],[73.721215,20.032955],[73.722115,20.03197],[73.722695,20.030922],[73.722935,20.029713],[73.723172,20.028837],[73.723783,20.028242],[73.725069,20.026941],[73.726518,20.025705],[73.727092,20.024894],[73.727719,20.023954],[73.728483,20.022939],[73.729116,20.022586],[73.730414,20.022304],[73.732121,20.022476],[73.733912,20.022707],[73.735946,20.022496],[73.737395,20.021972],[73.738762,20.021038],[73.73991,20.02005],[73.741024,20.018572],[73.741941,20.017425],[73.742875,20.016659],[73.743229,20.016538],[73.744092,20.016577],[73.745326,20.017202],[73.746627,20.018084],[73.747614,20.019415],[73.749699,20.020644],[73.751566,20.021259],[73.753901,20.021405],[73.755511,20.021586],[73.757556,20.022259],[73.759209,20.022739]]]}},{"type":"Feature","properties":{"Name":"MH 15 KQ 4291","routeId":843,"fill-opacity":0.03,"stroke-width":1,"stroke-opacity":0.5,"locationConfidence":"verified","locationSource":"NMC waste collection vehicle tracking export, 30 Aug 2026 (RTI)"},"geometry":{"type":"Polygon","coordinates":[[[73.793052,20.005244],[73.794426,20.002421],[73.797859,20.002018],[73.801035,20.002421],[73.804296,20.002663],[73.806785,20.002825],[73.808416,20.002099],[73.809789,20.001212],[73.813137,20.000647],[73.817085,20.002341],[73.820518,20.002502],[73.824896,20.005647],[73.823351,20.002099],[73.82747,20.004357],[73.827814,20.00597],[73.825868,20.007543],[73.824537,20.010446],[73.821876,20.011253],[73.818572,20.011253],[73.816469,20.01218],[73.817971,20.013954],[73.820889,20.015002],[73.824408,20.01601],[73.827713,20.017502],[73.830717,20.019034],[73.833635,20.020567],[73.836854,20.023187],[73.83591,20.026292],[73.835202,20.031332],[73.82207,20.031775],[73.817435,20.031332],[73.830945,20.031533],[73.813295,20.032179],[73.826856,20.031856],[73.811983,20.029426],[73.810438,20.028499],[73.808807,20.02729],[73.807348,20.025475],[73.805546,20.024951],[73.80413,20.023257],[73.803572,20.021846],[73.805717,20.020878],[73.807177,20.01862],[73.804087,20.016766],[73.800053,20.015475],[73.800053,20.013056],[73.797735,20.01112],[73.796534,20.008701],[73.793052,20.005244]]]}},{"type":"Feature","properties":{"Name":"MH 15 KU 4529","routeId":928,"fill-opacity":0.03,"stroke-width":1,"stroke-opacity":0.5,"locationConfidence":"verified","locationSource":"NMC waste collection vehicle tracking export, 30 Aug 2026 (RTI)"},"geometry":{"type":"Polygon","coordinates":[[[73.708051,19.993178],[73.704661,19.993178],[73.702515,19.993904],[73.702344,19.996324],[73.7017,19.99834],[73.701528,20.00084],[73.700627,20.0033],[73.699769,20.006204],[73.697494,20.006728],[73.69552,20.006002],[73.694104,20.00455],[73.693804,20.006647],[73.695906,20.008422],[73.69758,20.010559],[73.698868,20.012494],[73.70097,20.014873],[73.70303,20.016406],[73.704447,20.018825],[73.705906,20.020881],[73.707794,20.022736],[73.709725,20.024591],[73.7126,20.025397],[73.714875,20.024953],[73.714746,20.022615],[73.716377,20.020881],[73.717536,20.019712],[73.718437,20.018744],[73.719639,20.017857],[73.72157,20.016163],[73.723072,20.014631],[73.724917,20.013502],[73.72412,20.012534],[73.722704,20.011566],[73.721846,20.010115],[73.721031,20.008623],[73.719786,20.00705],[73.719271,20.005155],[73.717125,20.00455],[73.715623,20.004308],[73.713907,20.00459],[73.711546,20.005034],[73.711246,20.00338],[73.711332,20.001324],[73.711203,19.999993],[73.711246,19.998662],[73.711761,19.997291],[73.711932,19.995758],[73.711503,19.994468],[73.710345,19.993581],[73.708051,19.993178]]]}},{"type":"Feature","properties":{"Name":"MH 15 LA 0205","routeId":790,"fill-opacity":0.03,"stroke-width":1,"stroke-opacity":0.5,"locationConfidence":"verified","locationSource":"NMC waste collection vehicle tracking export, 30 Aug 2026 (RTI)"},"geometry":{"type":"Polygon","coordinates":[[[73.7937,19.94297],[73.79577,19.94312],[73.79683,19.94321],[73.79796,19.94307],[73.7979,19.94498],[73.79783,19.94714],[73.79772,19.95053],[73.79631,19.95092],[73.79443,19.95144],[73.79191,19.95213],[73.78927,19.95305],[73.78633,19.95406],[73.78533,19.95394],[73.78392,19.95386],[73.78126,19.95383],[73.78051,19.95383],[73.77816,19.95388],[73.77756,19.9539],[73.77595,19.95413],[73.77628,19.95509],[73.77639,19.95543],[73.77695,19.95711],[73.77698,19.95721],[73.77722,19.95829],[73.77741,19.95916],[73.77785,19.96069],[73.77838,19.96241],[73.77983,19.96528],[73.77771,19.96559],[73.77807,19.96824],[73.77574,19.96736],[73.77466,19.96697],[73.77478,19.96732],[73.77452,19.96739],[73.77343,19.96701],[73.77325,19.96659],[73.77324,19.96644],[73.77286,19.96635],[73.77258,19.96629],[73.77156,19.96622],[73.7715,19.96622],[73.77133,19.96621],[73.77131,19.9662],[73.77045,19.96615],[73.76977,19.96609],[73.76959,19.96608],[73.76758,19.96592],[73.7683,19.96683],[73.76909,19.96792],[73.76992,19.9688],[73.77052,19.96962],[73.77119,19.97041],[73.77202,19.97105],[73.77249,19.97146],[73.77282,19.97175],[73.77397,19.9727],[73.77571,19.97473],[73.77633,19.9755],[73.77814,19.97754],[73.77851,19.97794],[73.77906,19.97859],[73.77944,19.97902],[73.77965,19.97925],[73.78011,19.97977],[73.78019,19.97985],[73.78053,19.98034],[73.78144,19.9813],[73.78166,19.98159],[73.78215,19.98246],[73.78276,19.98366],[73.78289,19.98395],[73.78334,19.9849],[73.78373,19.98581],[73.78389,19.98601],[73.78391,19.98609],[73.78367,19.98617],[73.78329,19.98614],[73.7828,19.9858],[73.78259,19.98565],[73.78232,19.98545],[73.78213,19.98541],[73.78191,19.98542],[73.78168,19.9855],[73.78132,19.98577],[73.78094,19.98597],[73.7805,19.98616],[73.78004,19.98626],[73.77951,19.98639],[73.77925,19.98648],[73.77889,19.98653],[73.77862,19.9866],[73.77851,19.98687],[73.77851,19.98717],[73.77838,19.98754],[73.77815,19.9877],[73.77762,19.98788],[73.77724,19.98793],[73.77662,19.98803],[73.77597,19.98806],[73.77548,19.98793],[73.77518,19.98798],[73.77483,19.98804],[73.77456,19.98836],[73.77426,19.98905],[73.7742,19.98945],[73.77431,19.98978],[73.77443,19.99012],[73.77438,19.99053],[73.77426,19.99063],[73.77418,19.99075],[73.77341,19.9911],[73.77256,19.99143],[73.77232,19.99155],[73.77199,19.99167],[73.77167,19.99164],[73.77136,19.99166],[73.77114,19.99173],[73.77097,19.99181],[73.77072,19.99187],[73.77042,19.99179],[73.77027,19.99171],[73.76993,19.99161],[73.76933,19.99167],[73.76874,19.99159],[73.76781,19.99142],[73.76773,19.9914],[73.76751,19.99136],[73.7672,19.99115],[73.76706,19.99101],[73.76595,19.99062],[73.76546,19.99053],[73.76468,19.99036],[73.76433,19.99036],[73.76392,19.9903],[73.76373,19.99028],[73.76343,19.99021],[73.76302,19.99012],[73.76269,19.99014],[73.7626,19.99014],[73.76215,19.99023],[73.7617,19.99024],[73.7615,19.9902],[73.76093,19.98996],[73.76058,19.98981],[73.76025,19.98937],[73.76007,19.98899],[73.75981,19.98872],[73.75882,19.98832],[73.75747,19.98833],[73.7571,19.98838],[73.75683,19.98849],[73.75639,19.98886],[73.75625,19.98907],[73.75528,19.98917],[73.75425,19.9893],[73.75374,19.98925],[73.75349,19.98923],[73.75253,19.98956],[73.75203,19.9896],[73.75171,19.98957],[73.75112,19.98949],[73.75092,19.98948],[73.75054,19.98939],[73.75,19.98904],[73.74972,19.98885],[73.7495,19.98855],[73.74925,19.98832],[73.74898,19.98831],[73.74832,19.98849],[73.74777,19.98854],[73.74736,19.98857],[73.74651,19.98862],[73.74537,19.98914],[73.74526,19.98912],[73.74516,19.98907],[73.74441,19.98853],[73.74379,19.98805],[73.74337,19.98775],[73.74336,19.98774],[73.74324,19.98771],[73.74308,19.98766],[73.74293,19.98772],[73.74271,19.98777],[73.74239,19.9882],[73.74216,19.98841],[73.74214,19.98842],[73.74191,19.98849],[73.74156,19.98849],[73.74112,19.98849],[73.74032,19.98846],[73.73998,19.98841],[73.73962,19.98841],[73.73889,19.98843],[73.73798,19.98837],[73.73725,19.98827],[73.73671,19.98807],[73.73645,19.98781],[73.73644,19.98772],[73.73643,19.98756],[73.73645,19.98739],[73.73653,19.98706],[73.73642,19.98698],[73.73637,19.98691],[73.73624,19.98695],[73.73609,19.98698],[73.73576,19.98717],[73.7354,19.98745],[73.73459,19.98783],[73.7335,19.98817],[73.73323,19.98824],[73.73305,19.98831],[73.73265,19.98843],[73.73248,19.98846],[73.7323,19.98852],[73.73167,19.98869],[73.73163,19.9887],[73.73134,19.98867],[73.73106,19.98851],[73.73045,19.98825],[73.73037,19.98821],[73.73036,19.98821],[73.73039,19.98809],[73.73013,19.98799],[73.72945,19.98781],[73.72867,19.98761],[73.72811,19.9873],[73.72756,19.98699],[73.72743,19.98678],[73.72737,19.98591],[73.72736,19.98571],[73.72744,19.9853],[73.72802,19.98498],[73.72833,19.98493],[73.72865,19.98473],[73.72849,19.98441],[73.72782,19.98409],[73.7268,19.98421],[73.72617,19.98413],[73.72528,19.98378],[73.72495,19.98352],[73.72449,19.98324],[73.72414,19.98431],[73.72381,19.9854],[73.72381,19.98549],[73.72378,19.98568],[73.7235,19.98591],[73.7216,19.98509],[73.71969,19.98426],[73.71797,19.98335],[73.71786,19.98309],[73.71746,19.9827],[73.71722,19.98247],[73.71727,19.98188],[73.71709,19.98168],[73.71709,19.98148],[73.71717,19.98139],[73.71779,19.98132],[73.71815,19.98122],[73.71836,19.981],[73.71838,19.98083],[73.71819,19.98021],[73.71774,19.97968],[73.71791,19.97925],[73.71801,19.97909],[73.71789,19.97861],[73.71788,19.97808],[73.71795,19.97773],[73.71795,19.9773],[73.7179,19.97712],[73.71787,19.9764],[73.71781,19.97621],[73.71773,19.97599],[73.7178,19.97589],[73.71805,19.97577],[73.71797,19.97568],[73.71788,19.97559],[73.71766,19.97533],[73.71721,19.97442],[73.71714,19.97236],[73.71696,19.97206],[73.71669,19.97161],[73.71632,19.97099],[73.71594,19.97063],[73.71506,19.96958],[73.71469,19.96916],[73.71442,19.96874],[73.71387,19.96852],[73.71419,19.96831],[73.71402,19.96821],[73.71332,19.96783],[73.71268,19.96749],[73.71186,19.96741],[73.7103,19.96751],[73.71029,19.96693],[73.71031,19.96665],[73.71047,19.96491],[73.71019,19.96291],[73.71013,19.96244],[73.70962,19.96022],[73.70893,19.95697],[73.70884,19.95527],[73.70864,19.95114],[73.70839,19.94585],[73.7083,19.94441],[73.7089,19.94379],[73.7099,19.94277],[73.71019,19.94196],[73.71153,19.94086],[73.71174,19.94113],[73.71217,19.94087],[73.71247,19.94069],[73.7129,19.94064],[73.71535,19.94035],[73.71725,19.94103],[73.72015,19.94206],[73.72169,19.94261],[73.72333,19.94276],[73.72399,19.94291],[73.72563,19.94349],[73.72638,19.94278],[73.72782,19.94211],[73.72899,19.94157],[73.72917,19.94131],[73.72976,19.94177],[73.73008,19.94143],[73.73201,19.94046],[73.73204,19.93872],[73.73206,19.93727],[73.73114,19.93481],[73.73111,19.93465],[73.73101,19.93126],[73.73096,19.92909],[73.7309,19.92698],[73.73075,19.92465],[73.73057,19.92196],[73.73052,19.92111],[73.73154,19.92065],[73.73239,19.92001],[73.73239,19.91893],[73.73247,19.91796],[73.73295,19.91793],[73.73348,19.91789],[73.73405,19.9178],[73.73462,19.91772],[73.73476,19.9177],[73.73494,19.91768],[73.73786,19.91735],[73.74081,19.91701],[73.74111,19.91698],[73.74143,19.91698],[73.74165,19.91705],[73.74218,19.91719],[73.74223,19.91721],[73.74229,19.91723],[73.74257,19.91685],[73.74271,19.91671],[73.7442,19.91655],[73.74449,19.91653],[73.74459,19.9164],[73.74476,19.91622],[73.74488,19.91612],[73.74515,19.91605],[73.74629,19.91595],[73.74832,19.91589],[73.74932,19.91584],[73.75051,19.91574],[73.75324,19.91556],[73.75547,19.91544],[73.75553,19.91629],[73.75735,19.91628],[73.75829,19.91575],[73.76043,19.91546],[73.76142,19.9154],[73.76204,19.91585],[73.76303,19.91716],[73.76338,19.91758],[73.76436,19.91816],[73.76445,19.91884],[73.76305,19.91978],[73.76279,19.92078],[73.76253,19.92138],[73.76282,19.92166],[73.76364,19.9222],[73.76414,19.92292],[73.76492,19.92342],[73.76586,19.92348],[73.76766,19.92319],[73.76809,19.9234],[73.76848,19.92416],[73.76895,19.92478],[73.76919,19.92495],[73.76973,19.92513],[73.77021,19.92505],[73.77072,19.92434],[73.77118,19.9231],[73.77134,19.92294],[73.77122,19.92275],[73.77098,19.91989],[73.77075,19.91712],[73.77072,19.91652],[73.77236,19.91659],[73.77417,19.91667],[73.77575,19.91673],[73.77581,19.91664],[73.77593,19.91646],[73.77609,19.91621],[73.77626,19.91596],[73.77692,19.91613],[73.7776,19.91633],[73.77796,19.91643],[73.77838,19.91651],[73.77856,19.91654],[73.77874,19.91658],[73.77886,19.91486],[73.77896,19.91341],[73.77904,19.91213],[73.7791,19.9117],[73.77921,19.91081],[73.77926,19.91055],[73.77955,19.90903],[73.77965,19.90855],[73.78028,19.90578],[73.78136,19.90601],[73.78143,19.90603],[73.78196,19.90614],[73.78245,19.90624],[73.78262,19.90628],[73.78262,19.90581],[73.78273,19.90591],[73.78298,19.90616],[73.78312,19.90631],[73.78326,19.90645],[73.78366,19.90685],[73.78393,19.90712],[73.7841,19.90729],[73.78428,19.90746],[73.78439,19.90757],[73.78467,19.90785],[73.78481,19.90799],[73.78493,19.90812],[73.78501,19.90819],[73.78507,19.90825],[73.78513,19.90832],[73.78516,19.90835],[73.78529,19.90848],[73.78539,19.90855],[73.7855,19.90864],[73.78556,19.9087],[73.78568,19.90879],[73.78596,19.90902],[73.78612,19.90916],[73.78649,19.90946],[73.78678,19.9097],[73.78692,19.90981],[73.78722,19.91009],[73.78905,19.9116],[73.79028,19.9126],[73.79078,19.91302],[73.79091,19.91313],[73.79106,19.91326],[73.79117,19.91335],[73.79133,19.91349],[73.79143,19.91356],[73.79147,19.9136],[73.79151,19.91363],[73.79155,19.91366],[73.79167,19.91376],[73.79178,19.91386],[73.79183,19.91389],[73.79185,19.91391],[73.79189,19.91394],[73.79198,19.91402],[73.79206,19.91408],[73.7922,19.9142],[73.79234,19.91431],[73.79241,19.91438],[73.79273,19.91463],[73.79316,19.91499],[73.79348,19.91525],[73.79391,19.91561],[73.79395,19.91564],[73.79407,19.91605],[73.7942,19.91648],[73.79421,19.91652],[73.79437,19.91665],[73.79484,19.91701],[73.79543,19.91728],[73.79605,19.91757],[73.79678,19.91786],[73.7973,19.91805],[73.79755,19.91818],[73.79784,19.91845],[73.79826,19.91882],[73.79847,19.91901],[73.79918,19.91992],[73.79854,19.92056],[73.7986,19.92179],[73.79865,19.9229],[73.7948,19.92325],[73.79479,19.92325],[73.7937,19.92346],[73.79397,19.92622],[73.79405,19.92708],[73.79403,19.92708],[73.79324,19.92708],[73.79181,19.92723],[73.79102,19.9273],[73.79091,19.92737],[73.79038,19.92769],[73.7901,19.92796],[73.78989,19.92913],[73.78978,19.92957],[73.78966,19.92996],[73.78969,19.93134],[73.78971,19.93272],[73.78974,19.93426],[73.78972,19.93635],[73.7897,19.93715],[73.78961,19.93884],[73.78953,19.94009],[73.78941,19.94176],[73.78936,19.94239],[73.79069,19.94275],[73.7937,19.94297]]]}},{"type":"Feature","properties":{"Name":"MH 15 LA 0206","routeId":628,"fill-opacity":0.03,"stroke-width":1,"stroke-opacity":0.5,"locationConfidence":"verified","locationSource":"NMC waste collection vehicle tracking export, 30 Aug 2026 (RTI)"},"geometry":{"type":"Polygon","coordinates":[[[73.759889,19.968009],[73.759983,19.967972],[73.760655,19.967587],[73.760878,19.967462],[73.761194,19.967282],[73.76146,19.967136],[73.762138,19.966575],[73.762298,19.966469],[73.762401,19.966387],[73.76301,19.965993],[73.763103,19.965931],[73.764081,19.965274],[73.765014,19.964609],[73.76586,19.964077],[73.766005,19.963994],[73.765365,19.963236],[73.764475,19.962236],[73.763586,19.961235],[73.762264,19.960054],[73.760941,19.958923],[73.759538,19.95772],[73.75852,19.95688],[73.757876,19.956317],[73.757068,19.955569],[73.755978,19.954489],[73.755906,19.954411],[73.755268,19.953723],[73.754558,19.952957],[73.753015,19.951554],[73.752806,19.951381],[73.751631,19.950413],[73.750543,19.949538],[73.749455,19.948663],[73.747735,19.947101],[73.746008,19.94556],[73.74446,19.944106],[73.744192,19.943799],[73.743924,19.943492],[73.743054,19.942825],[73.742066,19.94221],[73.741078,19.941594],[73.739701,19.940233],[73.738568,19.93895],[73.737797,19.938278],[73.737025,19.937607],[73.736304,19.936933],[73.735749,19.936503],[73.735018,19.936131],[73.734079,19.935867],[73.734024,19.935851],[73.732338,19.93523],[73.731113,19.934651],[73.731139,19.934814],[73.732058,19.937271],[73.732037,19.938715],[73.732011,19.940457],[73.730081,19.94143],[73.729761,19.941774],[73.729172,19.941309],[73.728992,19.941568],[73.72782,19.942112],[73.726383,19.942784],[73.725633,19.943485],[73.723989,19.942913],[73.72333,19.942756],[73.721686,19.942607],[73.720146,19.942059],[73.71725,19.941028],[73.715354,19.940353],[73.712897,19.940639],[73.712472,19.940688],[73.712173,19.940869],[73.711741,19.941132],[73.711526,19.940861],[73.710192,19.94196],[73.709896,19.942773],[73.708896,19.943791],[73.708297,19.944409],[73.708385,19.945851],[73.708638,19.951139],[73.708841,19.955267],[73.708927,19.956974],[73.709623,19.960225],[73.710133,19.962441],[73.710193,19.962906],[73.710468,19.964913],[73.71031,19.966651],[73.710285,19.966927],[73.710305,19.967514],[73.711856,19.96741],[73.71268,19.967488],[73.713318,19.967833],[73.714018,19.968212],[73.71419,19.968306],[73.714191,19.968306],[73.714579,19.968127],[73.714848,19.968022],[73.715121,19.967905],[73.715189,19.96789],[73.715202,19.967885],[73.716078,19.967696],[73.716244,19.96766],[73.71796,19.967435],[73.719675,19.966951],[73.720987,19.966574],[73.720999,19.966571],[73.721121,19.966556],[73.721597,19.966493],[73.722604,19.966363],[73.723535,19.966171],[73.724547,19.965961],[73.724736,19.965633],[73.724748,19.965269],[73.724841,19.965193],[73.724937,19.965408],[73.725032,19.96559],[73.72527,19.965746],[73.725334,19.965726],[73.725818,19.965582],[73.726176,19.96537],[73.726517,19.965122],[73.726586,19.965071],[73.726694,19.965014],[73.726696,19.965014],[73.727344,19.96493],[73.728484,19.964866],[73.729843,19.96448],[73.72993,19.964453],[73.730124,19.9644],[73.730321,19.964344],[73.731589,19.963996],[73.732051,19.963869],[73.732316,19.963794],[73.732319,19.963793],[73.732487,19.963745],[73.733182,19.963547],[73.733183,19.963546],[73.733644,19.963446],[73.734327,19.963429],[73.734989,19.96317],[73.735053,19.963115],[73.735141,19.963393],[73.735575,19.963265],[73.735651,19.963764],[73.735661,19.963826],[73.735829,19.964927],[73.736062,19.965529],[73.736467,19.966132],[73.736668,19.966238],[73.737087,19.966889],[73.73722,19.967061],[73.737748,19.967736],[73.737854,19.966828],[73.738841,19.966828],[73.738841,19.966756],[73.738842,19.966756],[73.738843,19.966756],[73.739296,19.966728],[73.739324,19.966693],[73.739329,19.966672],[73.739341,19.966672],[73.739349,19.966661],[73.739883,19.966659],[73.739831,19.966243],[73.739327,19.966234],[73.739327,19.966224],[73.739322,19.966155],[73.738743,19.966189],[73.738729,19.966011],[73.738729,19.966009],[73.738888,19.966003],[73.739858,19.965951],[73.739615,19.965387],[73.739614,19.965387],[73.740714,19.96533],[73.741671,19.965281],[73.741661,19.965022],[73.74324,19.965038],[73.744161,19.965063],[73.745067,19.965081],[73.745043,19.964513],[73.744987,19.964281],[73.744766,19.963379],[73.746285,19.963432],[73.74647,19.963438],[73.74647,19.963439],[73.746471,19.963439],[73.746489,19.963627],[73.746686,19.963637],[73.746606,19.962657],[73.746606,19.962655],[73.747039,19.96264],[73.747048,19.962639],[73.747052,19.962731],[73.748941,19.962722],[73.749049,19.963011],[73.74905,19.963012],[73.749122,19.963206],[73.749302,19.96349],[73.750458,19.963506],[73.750481,19.963084],[73.751093,19.96306],[73.751094,19.962673],[73.75136,19.962647],[73.752051,19.962653],[73.752074,19.962723],[73.752738,19.96276],[73.752729,19.963127],[73.752731,19.963127],[73.753862,19.963139],[73.754351,19.961558],[73.755883,19.961777],[73.755884,19.961777],[73.757207,19.962824],[73.756363,19.963808],[73.755759,19.964593],[73.755828,19.964911],[73.755896,19.96523],[73.755948,19.965479],[73.755993,19.965689],[73.758029,19.965348],[73.758049,19.965344],[73.758076,19.965697],[73.758079,19.965706],[73.758216,19.966118],[73.758161,19.966815],[73.758161,19.966823],[73.75816,19.966824],[73.757955,19.967325],[73.758125,19.967264],[73.758615,19.968252],[73.758442,19.96833],[73.758549,19.968543],[73.7595,19.968141],[73.759889,19.968009]]]}},{"type":"Feature","properties":{"Name":"MH 15 LA 0207","routeId":478,"fill-opacity":0.03,"stroke-width":1,"stroke-opacity":0.5,"locationConfidence":"verified","locationSource":"NMC waste collection vehicle tracking export, 30 Aug 2026 (RTI)"},"geometry":{"type":"Polygon","coordinates":[[[73.7937,19.94297],[73.79577,19.94312],[73.79683,19.94321],[73.79796,19.94307],[73.7979,19.94498],[73.79783,19.94714],[73.79772,19.95053],[73.79631,19.95092],[73.79443,19.95144],[73.79191,19.95213],[73.78927,19.95305],[73.78633,19.95406],[73.78533,19.95394],[73.78392,19.95386],[73.78126,19.95383],[73.78051,19.95383],[73.77816,19.95388],[73.77756,19.9539],[73.77595,19.95413],[73.77628,19.95509],[73.77639,19.95543],[73.77695,19.95711],[73.77698,19.95721],[73.77722,19.95829],[73.77741,19.95916],[73.77785,19.96069],[73.77838,19.96241],[73.77983,19.96528],[73.77771,19.96559],[73.77807,19.96824],[73.77574,19.96736],[73.77466,19.96697],[73.77478,19.96732],[73.77452,19.96739],[73.77343,19.96701],[73.77325,19.96659],[73.77324,19.96644],[73.77286,19.96635],[73.77258,19.96629],[73.77156,19.96622],[73.7715,19.96622],[73.77133,19.96621],[73.77131,19.9662],[73.77045,19.96615],[73.76977,19.96609],[73.76959,19.96608],[73.76758,19.96592],[73.7683,19.96683],[73.76909,19.96792],[73.76992,19.9688],[73.77052,19.96962],[73.77119,19.97041],[73.77202,19.97105],[73.77249,19.97146],[73.77282,19.97175],[73.77397,19.9727],[73.77571,19.97473],[73.77633,19.9755],[73.77814,19.97754],[73.77851,19.97794],[73.77906,19.97859],[73.77944,19.97902],[73.77965,19.97925],[73.78011,19.97977],[73.78019,19.97985],[73.78053,19.98034],[73.78144,19.9813],[73.78166,19.98159],[73.78215,19.98246],[73.78276,19.98366],[73.78289,19.98395],[73.78334,19.9849],[73.78373,19.98581],[73.78389,19.98601],[73.78391,19.98609],[73.78367,19.98617],[73.78329,19.98614],[73.7828,19.9858],[73.78259,19.98565],[73.78232,19.98545],[73.78213,19.98541],[73.78191,19.98542],[73.78168,19.9855],[73.78132,19.98577],[73.78094,19.98597],[73.7805,19.98616],[73.78004,19.98626],[73.77951,19.98639],[73.77925,19.98648],[73.77889,19.98653],[73.77862,19.9866],[73.77851,19.98687],[73.77851,19.98717],[73.77838,19.98754],[73.77815,19.9877],[73.77762,19.98788],[73.77724,19.98793],[73.77662,19.98803],[73.77597,19.98806],[73.77548,19.98793],[73.77518,19.98798],[73.77483,19.98804],[73.77456,19.98836],[73.77426,19.98905],[73.7742,19.98945],[73.77431,19.98978],[73.77443,19.99012],[73.77438,19.99053],[73.77426,19.99063],[73.77418,19.99075],[73.77341,19.9911],[73.77256,19.99143],[73.77232,19.99155],[73.77199,19.99167],[73.77167,19.99164],[73.77136,19.99166],[73.77114,19.99173],[73.77097,19.99181],[73.77072,19.99187],[73.77042,19.99179],[73.77027,19.99171],[73.76993,19.99161],[73.76933,19.99167],[73.76874,19.99159],[73.76781,19.99142],[73.76773,19.9914],[73.76751,19.99136],[73.7672,19.99115],[73.76706,19.99101],[73.76595,19.99062],[73.76546,19.99053],[73.76468,19.99036],[73.76433,19.99036],[73.76392,19.9903],[73.76373,19.99028],[73.76343,19.99021],[73.76302,19.99012],[73.76269,19.99014],[73.7626,19.99014],[73.76215,19.99023],[73.7617,19.99024],[73.7615,19.9902],[73.76093,19.98996],[73.76058,19.98981],[73.76025,19.98937],[73.76007,19.98899],[73.75981,19.98872],[73.75882,19.98832],[73.75747,19.98833],[73.7571,19.98838],[73.75683,19.98849],[73.75639,19.98886],[73.75625,19.98907],[73.75528,19.98917],[73.75425,19.9893],[73.75374,19.98925],[73.75349,19.98923],[73.75253,19.98956],[73.75203,19.9896],[73.75171,19.98957],[73.75112,19.98949],[73.75092,19.98948],[73.75054,19.98939],[73.75,19.98904],[73.74972,19.98885],[73.7495,19.98855],[73.74925,19.98832],[73.74898,19.98831],[73.74832,19.98849],[73.74777,19.98854],[73.74736,19.98857],[73.74651,19.98862],[73.74537,19.98914],[73.74526,19.98912],[73.74516,19.98907],[73.74441,19.98853],[73.74379,19.98805],[73.74337,19.98775],[73.74336,19.98774],[73.74324,19.98771],[73.74308,19.98766],[73.74293,19.98772],[73.74271,19.98777],[73.74239,19.9882],[73.74216,19.98841],[73.74214,19.98842],[73.74191,19.98849],[73.74156,19.98849],[73.74112,19.98849],[73.74032,19.98846],[73.73998,19.98841],[73.73962,19.98841],[73.73889,19.98843],[73.73798,19.98837],[73.73725,19.98827],[73.73671,19.98807],[73.73645,19.98781],[73.73644,19.98772],[73.73643,19.98756],[73.73645,19.98739],[73.73653,19.98706],[73.73642,19.98698],[73.73637,19.98691],[73.73624,19.98695],[73.73609,19.98698],[73.73576,19.98717],[73.7354,19.98745],[73.73459,19.98783],[73.7335,19.98817],[73.73323,19.98824],[73.73305,19.98831],[73.73265,19.98843],[73.73248,19.98846],[73.7323,19.98852],[73.73167,19.98869],[73.73163,19.9887],[73.73134,19.98867],[73.73106,19.98851],[73.73045,19.98825],[73.73037,19.98821],[73.73036,19.98821],[73.73039,19.98809],[73.73013,19.98799],[73.72945,19.98781],[73.72867,19.98761],[73.72811,19.9873],[73.72756,19.98699],[73.72743,19.98678],[73.72737,19.98591],[73.72736,19.98571],[73.72744,19.9853],[73.72802,19.98498],[73.72833,19.98493],[73.72865,19.98473],[73.72849,19.98441],[73.72782,19.98409],[73.7268,19.98421],[73.72617,19.98413],[73.72528,19.98378],[73.72495,19.98352],[73.72449,19.98324],[73.72414,19.98431],[73.72381,19.9854],[73.72381,19.98549],[73.72378,19.98568],[73.7235,19.98591],[73.7216,19.98509],[73.71969,19.98426],[73.71797,19.98335],[73.71786,19.98309],[73.71746,19.9827],[73.71722,19.98247],[73.71727,19.98188],[73.71709,19.98168],[73.71709,19.98148],[73.71717,19.98139],[73.71779,19.98132],[73.71815,19.98122],[73.71836,19.981],[73.71838,19.98083],[73.71819,19.98021],[73.71774,19.97968],[73.71791,19.97925],[73.71801,19.97909],[73.71789,19.97861],[73.71788,19.97808],[73.71795,19.97773],[73.71795,19.9773],[73.7179,19.97712],[73.71787,19.9764],[73.71781,19.97621],[73.71773,19.97599],[73.7178,19.97589],[73.71805,19.97577],[73.71797,19.97568],[73.71788,19.97559],[73.71766,19.97533],[73.71721,19.97442],[73.71714,19.97236],[73.71696,19.97206],[73.71669,19.97161],[73.71632,19.97099],[73.71594,19.97063],[73.71506,19.96958],[73.71469,19.96916],[73.71442,19.96874],[73.71387,19.96852],[73.71419,19.96831],[73.71402,19.96821],[73.71332,19.96783],[73.71268,19.96749],[73.71186,19.96741],[73.7103,19.96751],[73.71029,19.96693],[73.71031,19.96665],[73.71047,19.96491],[73.71019,19.96291],[73.71013,19.96244],[73.70962,19.96022],[73.70893,19.95697],[73.70884,19.95527],[73.70864,19.95114],[73.70839,19.94585],[73.7083,19.94441],[73.7089,19.94379],[73.7099,19.94277],[73.71019,19.94196],[73.71153,19.94086],[73.71174,19.94113],[73.71217,19.94087],[73.71247,19.94069],[73.7129,19.94064],[73.71535,19.94035],[73.71725,19.94103],[73.72015,19.94206],[73.72169,19.94261],[73.72333,19.94276],[73.72399,19.94291],[73.72563,19.94349],[73.72638,19.94278],[73.72782,19.94211],[73.72899,19.94157],[73.72917,19.94131],[73.72976,19.94177],[73.73008,19.94143],[73.73201,19.94046],[73.73204,19.93872],[73.73206,19.93727],[73.73114,19.93481],[73.73111,19.93465],[73.73101,19.93126],[73.73096,19.92909],[73.7309,19.92698],[73.73075,19.92465],[73.73057,19.92196],[73.73052,19.92111],[73.73154,19.92065],[73.73239,19.92001],[73.73239,19.91893],[73.73247,19.91796],[73.73295,19.91793],[73.73348,19.91789],[73.73405,19.9178],[73.73462,19.91772],[73.73476,19.9177],[73.73494,19.91768],[73.73786,19.91735],[73.74081,19.91701],[73.74111,19.91698],[73.74143,19.91698],[73.74165,19.91705],[73.74218,19.91719],[73.74223,19.91721],[73.74229,19.91723],[73.74257,19.91685],[73.74271,19.91671],[73.7442,19.91655],[73.74449,19.91653],[73.74459,19.9164],[73.74476,19.91622],[73.74488,19.91612],[73.74515,19.91605],[73.74629,19.91595],[73.74832,19.91589],[73.74932,19.91584],[73.75051,19.91574],[73.75324,19.91556],[73.75547,19.91544],[73.75553,19.91629],[73.75735,19.91628],[73.75829,19.91575],[73.76043,19.91546],[73.76142,19.9154],[73.76204,19.91585],[73.76303,19.91716],[73.76338,19.91758],[73.76436,19.91816],[73.76445,19.91884],[73.76305,19.91978],[73.76279,19.92078],[73.76253,19.92138],[73.76282,19.92166],[73.76364,19.9222],[73.76414,19.92292],[73.76492,19.92342],[73.76586,19.92348],[73.76766,19.92319],[73.76809,19.9234],[73.76848,19.92416],[73.76895,19.92478],[73.76919,19.92495],[73.76973,19.92513],[73.77021,19.92505],[73.77072,19.92434],[73.77118,19.9231],[73.77134,19.92294],[73.77122,19.92275],[73.77098,19.91989],[73.77075,19.91712],[73.77072,19.91652],[73.77236,19.91659],[73.77417,19.91667],[73.77575,19.91673],[73.77581,19.91664],[73.77593,19.91646],[73.77609,19.91621],[73.77626,19.91596],[73.77692,19.91613],[73.7776,19.91633],[73.77796,19.91643],[73.77838,19.91651],[73.77856,19.91654],[73.77874,19.91658],[73.77886,19.91486],[73.77896,19.91341],[73.77904,19.91213],[73.7791,19.9117],[73.77921,19.91081],[73.77926,19.91055],[73.77955,19.90903],[73.77965,19.90855],[73.78028,19.90578],[73.78136,19.90601],[73.78143,19.90603],[73.78196,19.90614],[73.78245,19.90624],[73.78262,19.90628],[73.78262,19.90581],[73.78273,19.90591],[73.78298,19.90616],[73.78312,19.90631],[73.78326,19.90645],[73.78366,19.90685],[73.78393,19.90712],[73.7841,19.90729],[73.78428,19.90746],[73.78439,19.90757],[73.78467,19.90785],[73.78481,19.90799],[73.78493,19.90812],[73.78501,19.90819],[73.78507,19.90825],[73.78513,19.90832],[73.78516,19.90835],[73.78529,19.90848],[73.78539,19.90855],[73.7855,19.90864],[73.78556,19.9087],[73.78568,19.90879],[73.78596,19.90902],[73.78612,19.90916],[73.78649,19.90946],[73.78678,19.9097],[73.78692,19.90981],[73.78722,19.91009],[73.78905,19.9116],[73.79028,19.9126],[73.79078,19.91302],[73.79091,19.91313],[73.79106,19.91326],[73.79117,19.91335],[73.79133,19.91349],[73.79143,19.91356],[73.79147,19.9136],[73.79151,19.91363],[73.79155,19.91366],[73.79167,19.91376],[73.79178,19.91386],[73.79183,19.91389],[73.79185,19.91391],[73.79189,19.91394],[73.79198,19.91402],[73.79206,19.91408],[73.7922,19.9142],[73.79234,19.91431],[73.79241,19.91438],[73.79273,19.91463],[73.79316,19.91499],[73.79348,19.91525],[73.79391,19.91561],[73.79395,19.91564],[73.79407,19.91605],[73.7942,19.91648],[73.79421,19.91652],[73.79437,19.91665],[73.79484,19.91701],[73.79543,19.91728],[73.79605,19.91757],[73.79678,19.91786],[73.7973,19.91805],[73.79755,19.91818],[73.79784,19.91845],[73.79826,19.91882],[73.79847,19.91901],[73.79918,19.91992],[73.79854,19.92056],[73.7986,19.92179],[73.79865,19.9229],[73.7948,19.92325],[73.79479,19.92325],[73.7937,19.92346],[73.79397,19.92622],[73.79405,19.92708],[73.79403,19.92708],[73.79324,19.92708],[73.79181,19.92723],[73.79102,19.9273],[73.79091,19.92737],[73.79038,19.92769],[73.7901,19.92796],[73.78989,19.92913],[73.78978,19.92957],[73.78966,19.92996],[73.78969,19.93134],[73.78971,19.93272],[73.78974,19.93426],[73.78972,19.93635],[73.7897,19.93715],[73.78961,19.93884],[73.78953,19.94009],[73.78941,19.94176],[73.78936,19.94239],[73.79069,19.94275],[73.7937,19.94297]]]}},{"type":"Feature","properties":{"Name":"MH 15 LA 1830","routeId":140,"fill-opacity":0.03,"stroke-width":1,"stroke-opacity":0.5,"locationConfidence":"verified","locationSource":"NMC waste collection vehicle tracking export, 30 Aug 2026 (RTI)"},"geometry":{"type":"Polygon","coordinates":[[[73.78257,19.992466],[73.78197,19.994321],[73.781304,19.997285],[73.781819,19.997588],[73.784266,19.998253],[73.785381,19.998697],[73.78624,19.998999],[73.786733,19.998777],[73.787076,19.998051],[73.787699,19.996963],[73.788407,19.996055],[73.789136,19.99541],[73.789651,19.995087],[73.790016,19.994644],[73.790424,19.994563],[73.79096,19.994402],[73.791497,19.994361],[73.791411,19.993877],[73.7886,19.993636],[73.786089,19.993192],[73.78418,19.992869],[73.783257,19.992708],[73.782785,19.992446],[73.78257,19.992466]]]}},{"type":"Feature","properties":{"Name":"MH 15 LA 3215","routeId":688,"fill-opacity":0.03,"stroke-width":1,"stroke-opacity":0.5,"locationConfidence":"verified","locationSource":"NMC waste collection vehicle tracking export, 30 Aug 2026 (RTI)"},"geometry":{"type":"Polygon","coordinates":[[[73.777713,19.965587],[73.778877,19.965409],[73.779828,19.965282],[73.778382,19.962413],[73.777956,19.961043],[73.777853,19.960689],[73.777411,19.959164],[73.777378,19.959052],[73.777215,19.958292],[73.776951,19.957113],[73.776278,19.955094],[73.775953,19.954129],[73.77756,19.953902],[73.778159,19.953885],[73.780086,19.953831],[73.78118,19.953834],[73.781265,19.953834],[73.783542,19.953841],[73.783891,19.953857],[73.783921,19.953857],[73.783993,19.953861],[73.785092,19.953909],[73.785332,19.953939],[73.785516,19.95395],[73.786387,19.954042],[73.78927,19.953046],[73.791823,19.952164],[73.791908,19.952135],[73.794429,19.951437],[73.796312,19.950915],[73.797718,19.950526],[73.797829,19.947144],[73.797898,19.944978],[73.797959,19.943072],[73.796833,19.943206],[73.795767,19.943124],[73.793698,19.942966],[73.790769,19.942753],[73.790742,19.942745],[73.790661,19.942739],[73.789361,19.942387],[73.789408,19.941761],[73.78953,19.940086],[73.789609,19.938838],[73.789701,19.937154],[73.789721,19.936352],[73.789737,19.934263],[73.78971,19.932715],[73.789686,19.931336],[73.789661,19.929957],[73.789779,19.929568],[73.789887,19.92913],[73.79009,19.927994],[73.790124,19.927958],[73.79013,19.927927],[73.790338,19.927727],[73.79038,19.927686],[73.790909,19.92737],[73.791008,19.927308],[73.791014,19.927308],[73.791024,19.927302],[73.791809,19.927225],[73.793163,19.927085],[73.79326,19.927085],[73.79333,19.927078],[73.794035,19.927078],[73.794048,19.927078],[73.793967,19.926225],[73.793704,19.923458],[73.794789,19.923252],[73.794797,19.923251],[73.798651,19.922895],[73.798598,19.921789],[73.798541,19.920596],[73.79854,19.920564],[73.799178,19.91992],[73.79918,19.919917],[73.798468,19.919013],[73.798257,19.918822],[73.797842,19.918452],[73.797546,19.918181],[73.7973,19.918051],[73.796779,19.917855],[73.796049,19.917567],[73.795431,19.917284],[73.794836,19.917006],[73.794369,19.916652],[73.794214,19.916522],[73.794201,19.916477],[73.794072,19.916048],[73.793967,19.915691],[73.793954,19.915641],[73.793912,19.915606],[73.793478,19.91525],[73.793162,19.914991],[73.792729,19.914633],[73.792413,19.914375],[73.792337,19.914312],[73.792218,19.914214],[73.792141,19.914151],[73.792057,19.914081],[73.79198,19.914018],[73.791889,19.913941],[73.791846,19.913906],[73.791826,19.913892],[73.791784,19.913857],[73.791741,19.913823],[73.791707,19.913794],[73.791665,19.913759],[73.79163,19.913731],[73.791546,19.913661],[73.79151,19.913633],[73.791468,19.913598],[73.791426,19.913563],[73.791392,19.913535],[73.791273,19.913437],[73.791175,19.913353],[73.791063,19.913262],[73.790912,19.913131],[73.790776,19.913023],[73.790277,19.912604],[73.78905,19.911596],[73.78722,19.910094],[73.786915,19.90981],[73.786783,19.9097],[73.786493,19.909463],[73.786116,19.909159],[73.785957,19.909023],[73.785677,19.908795],[73.785564,19.908702],[73.785497,19.908644],[73.785385,19.908554],[73.785295,19.908482],[73.785164,19.908351],[73.78513,19.908317],[73.785065,19.908253],[73.785005,19.908192],[73.784934,19.908119],[73.784877,19.908064],[73.784795,19.90798],[73.784724,19.90791],[73.784655,19.907839],[73.784563,19.907749],[73.784388,19.907575],[73.784278,19.907462],[73.784102,19.907288],[73.783934,19.907119],[73.78366,19.906846],[73.783262,19.906447],[73.783122,19.906307],[73.782975,19.906159],[73.782725,19.905911],[73.78262,19.905813],[73.78262,19.906272],[73.782565,19.906261],[73.782544,19.906256],[73.782513,19.906255],[73.782491,19.90625],[73.7824,19.906229],[73.782369,19.906224],[73.781963,19.906137],[73.78143,19.906025],[73.781357,19.906007],[73.780278,19.90578],[73.779645,19.908548],[73.779553,19.909027],[73.779258,19.91055],[73.779208,19.910809],[73.779101,19.911702],[73.779044,19.912128],[73.778958,19.913409],[73.77886,19.914864],[73.778744,19.916584],[73.778558,19.916537],[73.778383,19.91651],[73.777959,19.916433],[73.777604,19.916329],[73.776925,19.916125],[73.776259,19.915957],[73.776095,19.916206],[73.775932,19.916456],[73.775815,19.916638],[73.775756,19.916723],[73.775729,19.916733],[73.774168,19.916666],[73.772359,19.916588],[73.770716,19.916518],[73.770752,19.917123],[73.77098,19.919892],[73.771216,19.922746],[73.771345,19.922937],[73.771182,19.923095],[73.770716,19.924342],[73.770205,19.925052],[73.76973,19.925131],[73.769187,19.92495],[73.768945,19.924777],[73.768478,19.924157],[73.768089,19.923398],[73.767664,19.923194],[73.765856,19.923484],[73.764916,19.923422],[73.764137,19.922924],[73.763645,19.922202],[73.762825,19.921656],[73.762535,19.921377],[73.762786,19.920784],[73.763054,19.919776],[73.76445,19.918837],[73.764355,19.918161],[73.763377,19.917579],[73.763025,19.917155],[73.76204,19.915845],[73.761415,19.915402],[73.760435,19.915462],[73.758286,19.915746],[73.757351,19.916275],[73.755531,19.916295],[73.755474,19.915436],[73.753237,19.915562],[73.75051,19.915737],[73.749317,19.915839],[73.748318,19.915888],[73.746292,19.915951],[73.745146,19.916048],[73.744884,19.916117],[73.744763,19.91622],[73.744587,19.916399],[73.744494,19.916529],[73.744197,19.916551],[73.742711,19.91671],[73.742574,19.91685],[73.742285,19.917229],[73.742227,19.917206],[73.742182,19.917187],[73.741653,19.917051],[73.741434,19.916976],[73.741114,19.916981],[73.740815,19.917015],[73.737863,19.917349],[73.734939,19.91768],[73.73476,19.9177],[73.734621,19.917723],[73.734049,19.9178],[73.733484,19.91789],[73.73295,19.917932],[73.73247,19.917959],[73.73239,19.918932],[73.73239,19.920006],[73.731539,19.920646],[73.730516,19.921111],[73.730571,19.921958],[73.730747,19.924653],[73.730899,19.926983],[73.730964,19.929094],[73.731008,19.931264],[73.731113,19.934651],[73.732338,19.93523],[73.734079,19.935867],[73.735018,19.936131],[73.735749,19.936503],[73.736304,19.936933],[73.737025,19.937607],[73.737797,19.938278],[73.738568,19.93895],[73.739701,19.940233],[73.741078,19.941594],[73.742066,19.94221],[73.743054,19.942825],[73.743924,19.943492],[73.744192,19.943799],[73.74446,19.944106],[73.746008,19.94556],[73.747735,19.947101],[73.749455,19.948663],[73.750543,19.949538],[73.751631,19.950413],[73.752806,19.951381],[73.753015,19.951554],[73.754558,19.952957],[73.755268,19.953723],[73.755906,19.954411],[73.757068,19.955569],[73.75852,19.95688],[73.759538,19.95772],[73.760941,19.958923],[73.762264,19.960054],[73.763586,19.961235],[73.764475,19.962236],[73.765365,19.963236],[73.766005,19.963994],[73.766722,19.964766],[73.767578,19.965919],[73.769766,19.966093],[73.771311,19.966204],[73.771495,19.966216],[73.772582,19.966287],[73.772623,19.96629],[73.773238,19.966443],[73.773238,19.966444],[73.77325,19.966588],[73.773432,19.967009],[73.774516,19.967389],[73.77478,19.967313],[73.774663,19.966966],[73.775735,19.967356],[73.778066,19.968239],[73.777669,19.965597],[73.777714,19.965591],[73.777713,19.965587]]]}},{"type":"Feature","properties":{"Name":"MH 15-EG-9487","routeId":124,"fill-opacity":0.03,"stroke-width":1,"stroke-opacity":0.5,"locationConfidence":"verified","locationSource":"NMC waste collection vehicle tracking export, 30 Aug 2026 (RTI)"},"geometry":{"type":"Polygon","coordinates":[[[73.793278,20.003879],[73.793664,20.00279],[73.794694,20.002104],[73.795767,20.00152],[73.797204,20.001459],[73.79802,20.001358],[73.798406,20.001278],[73.799994,20.001459],[73.801131,20.001399],[73.802505,20.001358],[73.803127,20.000895],[73.802977,20.00031],[73.802311,20.000431],[73.801775,20.000814],[73.800938,20.001036],[73.798857,20.000874],[73.797977,20.000189],[73.797548,19.99906],[73.796947,19.99787],[73.796432,19.996459],[73.795831,19.995934],[73.794458,19.995591],[73.792913,19.995591],[73.79169,19.995874],[73.791368,19.99668],[73.791733,19.997063],[73.79199,19.998838],[73.792205,19.999463],[73.793299,19.999866],[73.793879,19.999886],[73.794715,20.000532],[73.794694,20.001278],[73.794093,20.001862],[73.793192,20.002447],[73.79302,20.003455],[73.792956,20.003919],[73.793278,20.003879]]]}},{"type":"Feature","properties":{"Name":"MH 16 DC 0330","routeId":859,"fill-opacity":0.03,"stroke-width":1,"stroke-opacity":0.5,"locationConfidence":"verified","locationSource":"NMC waste collection vehicle tracking export, 30 Aug 2026 (RTI)"},"geometry":{"type":"Polygon","coordinates":[[[73.731097,19.990324],[73.728994,19.989558],[73.726805,19.990364],[73.726719,19.989316],[73.724015,19.989437],[73.721483,19.989356],[73.720582,19.991736],[73.71996,19.991615],[73.717986,19.991655],[73.718329,19.991211],[73.717085,19.99105],[73.716688,19.991726],[73.716785,19.993283],[73.715798,19.993283],[73.713866,19.993122],[73.712579,19.992961],[73.712407,19.992598],[73.711678,19.992436],[73.71142,19.994332],[73.71142,19.996389],[73.711377,19.998082],[73.71146,20.000298],[73.711374,20.002153],[73.711331,20.003846],[73.711417,20.005258],[73.712833,20.005701],[73.714206,20.005903],[73.715923,20.005984],[73.718326,20.006347],[73.720257,20.006992],[73.720429,20.005822],[73.720515,20.004653],[73.721588,20.00554],[73.723004,20.005903],[73.723433,20.005338],[73.724592,20.005338],[73.72618,20.005701],[73.727682,20.006266],[73.728068,20.005177],[73.728454,20.003887],[73.731458,20.003645],[73.731286,20.004774],[73.731662,20.006135],[73.733593,20.006175],[73.734623,20.006095],[73.736039,20.005691],[73.737799,20.005611],[73.737885,20.005288],[73.74076,20.004844],[73.74046,20.002989],[73.742348,20.002828],[73.74518,20.002707],[73.748957,20.002667],[73.752218,20.002506],[73.751961,20.000892],[73.751746,19.998957],[73.751532,19.996618],[73.751103,19.99448],[73.750888,19.993391],[73.749987,19.992988],[73.749558,19.991214],[73.749257,19.990447],[73.749815,19.988955],[73.749343,19.98831],[73.746511,19.988471],[73.745438,19.988996],[73.743421,19.987544],[73.742863,19.987624],[73.742047,19.988391],[73.740417,19.988391],[73.737885,19.988149],[73.736683,19.987866],[73.736597,19.987342],[73.736726,19.98706],[73.736554,19.986777],[73.736082,19.986939],[73.735181,19.987382],[73.734666,19.987745],[73.732907,19.98827],[73.731877,19.988592],[73.731147,19.988512],[73.730975,19.988996],[73.731269,19.989279],[73.731355,19.989713],[73.731698,19.989894],[73.731795,19.990308],[73.731097,19.990324]]]}},{"type":"Feature","properties":{"Name":"MH 17 CX 5903","routeId":477,"fill-opacity":0.03,"stroke-width":1,"stroke-opacity":0.5,"locationConfidence":"verified","locationSource":"NMC waste collection vehicle tracking export, 30 Aug 2026 (RTI)"},"geometry":{"type":"Polygon","coordinates":[[[73.78373,19.98581],[73.78334,19.9849],[73.78289,19.98395],[73.78276,19.98366],[73.78215,19.98246],[73.78166,19.98159],[73.78144,19.9813],[73.78053,19.98034],[73.78019,19.97985],[73.78011,19.97977],[73.77965,19.97925],[73.77944,19.97902],[73.77906,19.97859],[73.77851,19.97794],[73.77814,19.97754],[73.77633,19.9755],[73.77571,19.97473],[73.77397,19.9727],[73.77282,19.97175],[73.77249,19.97146],[73.77202,19.97105],[73.77119,19.97041],[73.77052,19.96962],[73.76992,19.9688],[73.76909,19.96792],[73.7683,19.96683],[73.76758,19.96592],[73.76959,19.96608],[73.76977,19.96609],[73.77045,19.96615],[73.77131,19.9662],[73.77133,19.96621],[73.7715,19.96622],[73.77156,19.96622],[73.77258,19.96629],[73.77286,19.96635],[73.77324,19.96644],[73.77325,19.96659],[73.77343,19.96701],[73.77452,19.96739],[73.77478,19.96732],[73.77466,19.96697],[73.77574,19.96736],[73.77807,19.96824],[73.77771,19.96559],[73.77983,19.96528],[73.77838,19.96241],[73.77785,19.96069],[73.77741,19.95916],[73.77722,19.95829],[73.77698,19.95721],[73.77695,19.95711],[73.77639,19.95543],[73.77628,19.95509],[73.77595,19.95413],[73.77756,19.9539],[73.77816,19.95388],[73.78051,19.95383],[73.78126,19.95383],[73.78389,19.95386],[73.78399,19.95386],[73.78533,19.95394],[73.78633,19.95406],[73.78516,19.95445],[73.78312,19.95514],[73.78194,19.95553],[73.78193,19.95553],[73.78167,19.95605],[73.78167,19.95606],[73.7818,19.95768],[73.78199,19.95831],[73.78208,19.95861],[73.78211,19.95868],[73.78238,19.95929],[73.78257,19.95972],[73.78306,19.96083],[73.78307,19.96083],[73.78312,19.96082],[73.78352,19.96178],[73.78382,19.96253],[73.78413,19.96298],[73.78399,19.96319],[73.78403,19.96322],[73.78463,19.96365],[73.78464,19.96365],[73.78465,19.96366],[73.78631,19.96288],[73.79247,19.96005],[73.79291,19.95976],[73.79592,19.95783],[73.79725,19.95868],[73.79766,19.95964],[73.79774,19.96041],[73.79781,19.96117],[73.79798,19.96282],[73.798,19.96294],[73.798,19.96295],[73.79817,19.96463],[73.79822,19.96512],[73.79831,19.96594],[73.80114,19.96542],[73.80118,19.96576],[73.80129,19.96667],[73.80094,19.96739],[73.8006,19.9681],[73.80057,19.96816],[73.80246,19.96801],[73.80249,19.96743],[73.80428,19.96747],[73.80452,19.96731],[73.80616,19.96867],[73.80653,19.96905],[73.80673,19.96934],[73.8074,19.97127],[73.80792,19.97269],[73.80919,19.97418],[73.81192,19.97472],[73.81204,19.97473],[73.81243,19.97432],[73.81283,19.97391],[73.81371,19.97306],[73.81458,19.97222],[73.81665,19.97051],[73.81842,19.96904],[73.81921,19.96933],[73.81926,19.96934],[73.81928,19.96935],[73.81994,19.96945],[73.81993,19.96962],[73.82086,19.96991],[73.82151,19.97016],[73.82202,19.97052],[73.82229,19.97082],[73.82244,19.97102],[73.82284,19.97159],[73.82288,19.97167],[73.82303,19.97212],[73.82302,19.97247],[73.82294,19.97292],[73.82534,19.97331],[73.82596,19.97341],[73.82628,19.97349],[73.82695,19.97371],[73.82734,19.97385],[73.82754,19.97389],[73.82774,19.97394],[73.82781,19.97469],[73.82798,19.97669],[73.82813,19.97771],[73.82821,19.97834],[73.82821,19.97836],[73.8283,19.97961],[73.82829,19.97966],[73.82822,19.97988],[73.8282,19.97992],[73.82793,19.98007],[73.82696,19.98048],[73.82606,19.98082],[73.82605,19.98083],[73.82509,19.98135],[73.82394,19.98197],[73.82375,19.98208],[73.82291,19.98252],[73.8221,19.98294],[73.82208,19.98294],[73.82211,19.98675],[73.82161,19.98696],[73.82222,19.98846],[73.82197,19.98855],[73.82197,19.98875],[73.8222,19.98905],[73.82234,19.98967],[73.82081,19.9906],[73.81907,19.9917],[73.81797,19.99252],[73.81699,19.99342],[73.81617,19.99419],[73.81578,19.99513],[73.81611,19.9956],[73.81611,19.99741],[73.8159,19.99844],[73.81559,19.99964],[73.81509,19.99997],[73.81398,19.99969],[73.8125,19.99969],[73.81076,19.99997],[73.80796,20.00148],[73.80708,20.00176],[73.80504,20.00194],[73.80314,20.00173],[73.80162,20.00163],[73.80008,20.00163],[73.79865,20.00163],[73.79848,20.00114],[73.79826,20.00088],[73.7981,20.00069],[73.79779,20.00022],[73.79739,19.99952],[73.79726,19.99927],[73.79693,19.99867],[73.79667,19.99828],[73.79659,19.99811],[73.79653,19.99786],[73.79652,19.99786],[73.79652,19.99785],[73.7962,19.99775],[73.79588,19.99765],[73.79579,19.99758],[73.79575,19.99755],[73.7957,19.99747],[73.7956,19.99733],[73.79548,19.99721],[73.79536,19.9971],[73.79534,19.99709],[73.7952,19.99696],[73.79498,19.9969],[73.79486,19.99688],[73.79435,19.99677],[73.79435,19.99679],[73.79434,19.99716],[73.7943,19.99761],[73.79415,19.99835],[73.79416,19.9984],[73.79416,19.99844],[73.79401,19.9985],[73.79311,19.99861],[73.79315,19.99884],[73.79276,19.99892],[73.79235,19.99896],[73.7922,19.99898],[73.79169,19.99902],[73.79151,19.99903],[73.79095,19.99907],[73.79084,19.99912],[73.7905,19.99924],[73.79002,19.99937],[73.78904,19.99943],[73.78887,19.99997],[73.7887,19.99982],[73.78868,19.9998],[73.78865,19.99971],[73.78859,19.99952],[73.78859,19.99951],[73.78855,19.99936],[73.7885,19.99935],[73.78848,19.99931],[73.78763,19.99915],[73.78724,19.99908],[73.78684,19.99901],[73.7865,19.99894],[73.78671,19.99835],[73.78685,19.99799],[73.78723,19.99805],[73.78723,19.99802],[73.78724,19.99802],[73.78724,19.99779],[73.78725,19.99776],[73.78724,19.99776],[73.78706,19.99776],[73.78717,19.99746],[73.7873,19.99713],[73.78747,19.99678],[73.7876,19.99658],[73.78777,19.99634],[73.78792,19.99615],[73.78819,19.9958],[73.78856,19.99546],[73.78897,19.9951],[73.78898,19.99509],[73.78997,19.99456],[73.79076,19.99433],[73.79,19.99418],[73.78841,19.99383],[73.78778,19.99374],[73.78763,19.99368],[73.78708,19.99352],[73.78667,19.99342],[73.78652,19.99338],[73.78649,19.99337],[73.78636,19.99334],[73.78596,19.99332],[73.78516,19.99337],[73.78451,19.99342],[73.78393,19.99347],[73.78259,19.99357],[73.78259,19.99355],[73.78269,19.99303],[73.7827,19.99299],[73.78274,19.9928],[73.78282,19.9924],[73.78285,19.99221],[73.78292,19.99187],[73.78294,19.99173],[73.78295,19.99159],[73.78296,19.99118],[73.78296,19.99064],[73.78294,19.99005],[73.78294,19.98965],[73.78293,19.98916],[73.783,19.98887],[73.78336,19.98864],[73.78355,19.98835],[73.78366,19.98768],[73.78388,19.98691],[73.78395,19.98676],[73.78402,19.98662],[73.78391,19.98609],[73.78389,19.98601],[73.78373,19.98581]]]}},{"type":"Feature","properties":{"Name":"MH 17 DJ  7746","routeId":844,"fill-opacity":0.03,"stroke-width":1,"stroke-opacity":0.5,"locationConfidence":"verified","locationSource":"NMC waste collection vehicle tracking export, 30 Aug 2026 (RTI)"},"geometry":{"type":"Polygon","coordinates":[[[73.815408,20.01293],[73.818884,20.014381],[73.823004,20.015551],[73.826566,20.016962],[73.832274,20.020067],[73.836569,20.022407],[73.834852,20.03023],[73.834825,20.036821],[73.835091,20.046591],[73.835434,20.055097],[73.835949,20.063523],[73.836121,20.066989],[73.83964,20.068199],[73.842815,20.070295],[73.844961,20.072552],[73.844103,20.076905],[73.845819,20.077389],[73.846764,20.075373],[73.84902,20.073001],[73.850581,20.071672],[73.852262,20.0703],[73.854061,20.069273],[73.855459,20.068654],[73.857433,20.068331],[73.860373,20.06842],[73.862776,20.068783],[73.865523,20.069508],[73.867755,20.069992],[73.8693,20.070838],[73.875054,20.067967],[73.878444,20.065911],[73.881839,20.063879],[73.887014,20.062198],[73.892478,20.060854],[73.900541,20.058095],[73.907493,20.055353],[73.912557,20.053015],[73.92054,20.0485],[73.921226,20.045275],[73.923115,20.041404],[73.91539,20.03955],[73.906463,20.037857],[73.897623,20.038018],[73.889984,20.037695],[73.882795,20.03605],[73.876529,20.034921],[73.876529,20.029518],[73.875328,20.023712],[73.874298,20.018874],[73.873214,20.012728],[73.872898,20.009778],[73.866203,20.010907],[73.857019,20.012117],[73.857706,20.006713],[73.859165,19.999454],[73.858907,19.994212],[73.858271,19.99026],[73.857884,19.986792],[73.853703,19.989855],[73.851857,19.991045],[73.850945,19.990168],[73.850423,19.989204],[73.848688,19.989018],[73.846452,19.989715],[73.84458,19.99],[73.843771,19.989597],[73.842998,19.988428],[73.842312,19.986834],[73.841325,19.985584],[73.840102,19.984798],[73.838771,19.984475],[73.837527,19.984475],[73.835832,19.984919],[73.832706,19.986334],[73.829358,19.987988],[73.824981,19.989238],[73.822706,19.989964],[73.820021,19.991288],[73.817017,19.993546],[73.815944,19.99528],[73.815944,19.999273],[73.815369,20.000834],[73.816442,20.001721],[73.819317,20.001923],[73.822192,20.001802],[73.825154,20.001519],[73.825926,20.004786],[73.828587,20.003778],[73.829273,20.006721],[73.825299,20.008958],[73.824269,20.010813],[73.821501,20.011095],[73.817552,20.011397],[73.817466,20.012849],[73.815664,20.012365],[73.815408,20.01293]]]}},{"type":"Feature","properties":{"Name":"MH 19 BG 6221","routeId":839,"fill-opacity":0.03,"stroke-width":1,"stroke-opacity":0.5,"locationConfidence":"verified","locationSource":"NMC waste collection vehicle tracking export, 30 Aug 2026 (RTI)"},"geometry":{"type":"Polygon","coordinates":[[[73.708051,19.993178],[73.704661,19.993178],[73.702515,19.993904],[73.702344,19.996324],[73.7017,19.99834],[73.701528,20.00084],[73.700627,20.0033],[73.699769,20.006204],[73.697494,20.006728],[73.69552,20.006002],[73.694104,20.00455],[73.693804,20.006647],[73.695906,20.008422],[73.69758,20.010559],[73.698868,20.012494],[73.70097,20.014873],[73.70303,20.016406],[73.704447,20.018825],[73.705906,20.020881],[73.707794,20.022736],[73.709725,20.024591],[73.7126,20.025397],[73.714875,20.024953],[73.714746,20.022615],[73.716377,20.020881],[73.717536,20.019712],[73.718437,20.018744],[73.719639,20.017857],[73.72157,20.016163],[73.723072,20.014631],[73.724917,20.013502],[73.72412,20.012534],[73.722704,20.011566],[73.721846,20.010115],[73.721031,20.008623],[73.719786,20.00705],[73.719271,20.005155],[73.717125,20.00455],[73.715623,20.004308],[73.713907,20.00459],[73.711546,20.005034],[73.711246,20.00338],[73.711332,20.001324],[73.711203,19.999993],[73.711246,19.998662],[73.711761,19.997291],[73.711932,19.995758],[73.711503,19.994468],[73.710345,19.993581],[73.708051,19.993178]]]}},{"type":"Feature","properties":{"Name":"MH 33 AC 7155","routeId":988,"fill-opacity":0.03,"stroke-width":1,"stroke-opacity":0.5,"locationConfidence":"verified","locationSource":"NMC waste collection vehicle tracking export, 30 Aug 2026 (RTI)"},"geometry":{"type":"Polygon","coordinates":[[[73.770533,19.99416],[73.762894,19.994321],[73.755598,19.993353],[73.738174,19.991256],[73.73414,19.99053],[73.725472,19.9869],[73.723926,19.984481],[73.726759,19.976414],[73.73457,19.974317],[73.741264,19.971735],[73.746157,19.973187],[73.746242,19.975124],[73.750105,19.977463],[73.754654,19.979802],[73.755941,19.982222],[73.756971,19.984481],[73.758087,19.987304],[73.761778,19.98924],[73.76401,19.991175],[73.770533,19.99416]]]}},{"type":"Feature","properties":{"Name":"MH 37 L 7002","routeId":629,"fill-opacity":0.03,"stroke-width":1,"stroke-opacity":0.5,"locationConfidence":"verified","locationSource":"NMC waste collection vehicle tracking export, 30 Aug 2026 (RTI)"},"geometry":{"type":"Polygon","coordinates":[[[73.762148,19.990229],[73.762453,19.990152],[73.761637,19.989406],[73.76105,19.989014],[73.760874,19.987738],[73.760658,19.986181],[73.760929,19.985249],[73.760913,19.984416],[73.760749,19.983731],[73.760387,19.983863],[73.760386,19.983863],[73.760378,19.983806],[73.760181,19.982474],[73.760535,19.982438],[73.760474,19.98178],[73.760665,19.981758],[73.760327,19.979937],[73.760304,19.979821],[73.760169,19.979324],[73.759889,19.97854],[73.759802,19.978297],[73.759793,19.978262],[73.759643,19.977684],[73.760145,19.976594],[73.760125,19.976558],[73.759884,19.976154],[73.759623,19.975659],[73.759557,19.975241],[73.759554,19.974829],[73.759553,19.974822],[73.75966,19.974822],[73.759637,19.974532],[73.759578,19.974536],[73.759418,19.973617],[73.758687,19.973717],[73.758742,19.974291],[73.757926,19.974392],[73.757034,19.974503],[73.75579,19.974658],[73.755796,19.974715],[73.75584,19.975086],[73.754899,19.975171],[73.754706,19.975184],[73.754768,19.975972],[73.7526,19.976074],[73.752528,19.976077],[73.752485,19.975718],[73.751357,19.975791],[73.751348,19.975281],[73.751489,19.975293],[73.751466,19.975068],[73.751441,19.975069],[73.750884,19.975098],[73.750883,19.975097],[73.750856,19.975098],[73.750771,19.974975],[73.750452,19.975023],[73.750053,19.975055],[73.750016,19.975055],[73.749938,19.975064],[73.749684,19.975064],[73.749696,19.974885],[73.749691,19.974792],[73.749505,19.974466],[73.749505,19.974464],[73.749479,19.974203],[73.749345,19.974199],[73.749283,19.974072],[73.749016,19.97412],[73.749339,19.975522],[73.749554,19.975909],[73.749766,19.976181],[73.750066,19.976653],[73.750068,19.976656],[73.749672,19.97676],[73.749071,19.976918],[73.748932,19.976918],[73.748806,19.9772],[73.748876,19.977751],[73.748881,19.97791],[73.748889,19.977983],[73.748889,19.97814],[73.7489,19.978459],[73.748905,19.978458],[73.74893,19.978544],[73.748995,19.97868],[73.749259,19.979007],[73.749582,19.979233],[73.749722,19.979362],[73.749752,19.979385],[73.749867,19.979495],[73.749942,19.979564],[73.750155,19.979714],[73.750188,19.980018],[73.750624,19.980565],[73.750869,19.981053],[73.7507,19.981306],[73.75081,19.981866],[73.751017,19.982381],[73.751284,19.982566],[73.75174,19.982609],[73.751895,19.983024],[73.752184,19.983165],[73.752554,19.983146],[73.752835,19.983744],[73.753683,19.984125],[73.753575,19.984423],[73.752711,19.984422],[73.752678,19.98472],[73.751878,19.984722],[73.751981,19.985229],[73.752624,19.984979],[73.752774,19.985212],[73.753615,19.984544],[73.754057,19.984933],[73.754392,19.985307],[73.755182,19.986215],[73.754986,19.986714],[73.754942,19.987039],[73.755148,19.987233],[73.75546,19.987411],[73.755598,19.987556],[73.755936,19.988365],[73.756149,19.988602],[73.756393,19.988856],[73.756559,19.988686],[73.756769,19.98854],[73.756833,19.988486],[73.756867,19.988472],[73.756918,19.988436],[73.757057,19.988393],[73.757096,19.988376],[73.757118,19.988373],[73.757197,19.988348],[73.757347,19.988327],[73.75747,19.988327],[73.758059,19.988324],[73.758816,19.988324],[73.759295,19.988487],[73.759631,19.98863],[73.75971,19.988678],[73.759861,19.988771],[73.760072,19.988988],[73.760228,19.989319],[73.760582,19.989806],[73.760928,19.989956],[73.761498,19.990204],[73.761696,19.99024],[73.762148,19.990229]]]}},{"type":"Feature","properties":{"Name":"MH 41 T 2359","routeId":862,"fill-opacity":0.03,"stroke-width":1,"stroke-opacity":0.5,"locationConfidence":"verified","locationSource":"NMC waste collection vehicle tracking export, 30 Aug 2026 (RTI)"},"geometry":{"type":"Polygon","coordinates":[[[73.794678,20.009259],[73.797982,20.008613],[73.801029,20.008855],[73.802317,20.011275],[73.803003,20.015106],[73.807381,20.017911],[73.806909,20.020774],[73.809226,20.022064],[73.811243,20.023476],[73.810514,20.02529],[73.811672,20.027709],[73.810814,20.030007],[73.810685,20.031983],[73.80442,20.032709],[73.799184,20.034523],[73.795493,20.034241],[73.791245,20.033878],[73.788477,20.034047],[73.786246,20.033563],[73.785087,20.032676],[73.785602,20.030902],[73.786203,20.029491],[73.784915,20.027999],[73.786986,20.025737],[73.789776,20.023117],[73.794196,20.022189],[73.793338,20.017189],[73.796342,20.016625],[73.795913,20.014608],[73.795226,20.012552],[73.794678,20.009259]]]}},{"type":"Feature","properties":{"Name":"MH 41 T 3990","routeId":991,"fill-opacity":0.03,"stroke-width":1,"stroke-opacity":0.5,"locationConfidence":"verified","locationSource":"NMC waste collection vehicle tracking export, 30 Aug 2026 (RTI)"},"geometry":{"type":"Polygon","coordinates":[[[73.708318,19.992871],[73.709691,19.993879],[73.706215,19.992871],[73.703855,19.993193],[73.702524,19.993879],[73.702138,19.996016],[73.702009,19.997952],[73.702095,20.000251],[73.701967,20.00263],[73.701623,20.004969],[73.699477,20.006259],[73.696645,20.00638],[73.695186,20.00509],[73.693083,20.005775],[73.691366,20.005614],[73.689864,20.005251],[73.689349,20.00388],[73.689564,20.00267],[73.689736,20.001823],[73.690379,20.000573],[73.690036,19.999525],[73.688963,19.998274],[73.68892,19.997186],[73.688019,19.996218],[73.687418,19.994766],[73.686774,19.993314],[73.686732,19.991701],[73.686517,19.990007],[73.68656,19.988958],[73.687504,19.988273],[73.688062,19.987547],[73.68759,19.986377],[73.687161,19.985087],[73.687847,19.984199],[73.689006,19.983312],[73.690508,19.982102],[73.692783,19.981457],[73.695229,19.981054],[73.697675,19.980731],[73.700078,19.980368],[73.702567,19.980489],[73.704284,19.980691],[73.707202,19.979965],[73.710939,19.98055],[73.714458,19.982647],[73.717376,19.982123],[73.720037,19.984381],[73.723213,19.985833],[73.725058,19.984785],[73.727976,19.983857],[73.72862,19.985753],[73.730208,19.98781],[73.730551,19.989503],[73.727719,19.989221],[73.724801,19.989342],[73.722269,19.989624],[73.71935,19.991479],[73.717119,19.992649],[73.714158,19.993375],[73.711969,19.993859],[73.71081,19.992931],[73.708318,19.992871]]]}},{"type":"Feature","properties":{"Name":"MH 47 Y 5053 A3","routeId":700,"fill-opacity":0.03,"stroke-width":1,"stroke-opacity":0.5,"locationConfidence":"verified","locationSource":"NMC waste collection vehicle tracking export, 30 Aug 2026 (RTI)"},"geometry":{"type":"Polygon","coordinates":[[[73.803749,20.001822],[73.809671,20.000209],[73.814907,19.999886],[73.81671,19.99416],[73.818598,19.990611],[73.826367,19.987631],[73.836966,19.983835],[73.844347,19.988756],[73.845291,19.990288],[73.843918,19.99666],[73.848339,20.002749],[73.855117,20.012298],[73.859968,20.019323],[73.870697,20.019887],[73.868809,20.026661],[73.869238,20.033919],[73.862461,20.032387],[73.856964,20.031097],[73.850012,20.034886],[73.840132,20.037301],[73.8307,20.039563],[73.816495,20.045248],[73.812075,20.044926],[73.809114,20.047344],[73.806582,20.047707],[73.805594,20.050126],[73.79827,20.048233],[73.792419,20.046659],[73.78006,20.045853],[73.777313,20.046498],[73.77491,20.047304],[73.773285,20.047862],[73.773193,20.048473],[73.771734,20.048514],[73.771348,20.047828],[73.771777,20.047465],[73.772249,20.04678],[73.772249,20.045006],[73.771885,20.042643],[73.771391,20.039281],[73.769503,20.033475],[73.769717,20.029363],[73.768476,20.024689],[73.767486,20.020936],[73.769589,20.018461],[73.770817,20.015952],[73.771949,20.013678],[73.774867,20.01029],[73.77727,20.009081],[73.780875,20.00904],[73.784137,20.009282],[73.784995,20.010089],[73.785639,20.010553],[73.785961,20.010895],[73.789608,20.010734],[73.789673,20.011742],[73.790703,20.012549],[73.79302,20.012145],[73.793952,20.012272],[73.794908,20.011581],[73.796797,20.011258],[73.798256,20.009726],[73.799987,20.009384],[73.801861,20.009],[73.802291,20.009],[73.802699,20.007831],[73.80332,20.006016],[73.803429,20.004911],[73.803749,20.001822]]]}},{"type":"Feature","properties":{"Name":"MH 47 Y 5286","routeId":625,"fill-opacity":0.03,"stroke-width":1,"stroke-opacity":0.5,"locationConfidence":"verified","locationSource":"NMC waste collection vehicle tracking export, 30 Aug 2026 (RTI)"},"geometry":{"type":"Polygon","coordinates":[[[73.708051,19.993178],[73.704661,19.993178],[73.702515,19.993904],[73.702344,19.996324],[73.7017,19.99834],[73.701528,20.00084],[73.700627,20.0033],[73.699769,20.006204],[73.697494,20.006728],[73.69552,20.006002],[73.694104,20.00455],[73.693804,20.006647],[73.695906,20.008422],[73.69758,20.010559],[73.698868,20.012494],[73.70097,20.014873],[73.70303,20.016406],[73.704447,20.018825],[73.705906,20.020881],[73.707794,20.022736],[73.709725,20.024591],[73.7126,20.025397],[73.714875,20.024953],[73.714746,20.022615],[73.716377,20.020881],[73.717536,20.019712],[73.718437,20.018744],[73.719639,20.017857],[73.72157,20.016163],[73.723072,20.014631],[73.724917,20.013502],[73.72412,20.012534],[73.722704,20.011566],[73.721846,20.010115],[73.721031,20.008623],[73.719786,20.00705],[73.719271,20.005155],[73.717125,20.00455],[73.715623,20.004308],[73.713907,20.00459],[73.711546,20.005034],[73.711246,20.00338],[73.711332,20.001324],[73.711203,19.999993],[73.711246,19.998662],[73.711761,19.997291],[73.711932,19.995758],[73.711503,19.994468],[73.710345,19.993581],[73.708051,19.993178]]]}},{"type":"Feature","properties":{"Name":"MH 47 Y 5293 A1","routeId":837,"fill-opacity":0.03,"stroke-width":1,"stroke-opacity":0.5,"locationConfidence":"verified","locationSource":"NMC waste collection vehicle tracking export, 30 Aug 2026 (RTI)"},"geometry":{"type":"Polygon","coordinates":[[[73.795049,20.033583],[73.796573,20.033925],[73.798053,20.033704],[73.798654,20.033079],[73.799491,20.032554],[73.800928,20.032534],[73.802688,20.032575],[73.804137,20.032471],[73.806133,20.032229],[73.808407,20.031947],[73.811625,20.03184],[73.814972,20.031114],[73.818105,20.030187],[73.821967,20.030147],[73.825315,20.030106],[73.827847,20.029703],[73.830851,20.028453],[73.834327,20.028413],[73.836938,20.028862],[73.836254,20.031976],[73.836082,20.03508],[73.835782,20.038628],[73.835739,20.042458],[73.835052,20.046812],[73.835395,20.050199],[73.835242,20.054041],[73.835843,20.057749],[73.83588,20.060192],[73.83603,20.062591],[73.836674,20.064244],[73.83839,20.064828],[73.840536,20.065372],[73.841523,20.066702],[73.840386,20.067307],[73.83839,20.067649],[73.836438,20.068294],[73.834571,20.06904],[73.833198,20.070007],[73.832983,20.06912],[73.832618,20.068233],[73.828777,20.069686],[73.825859,20.071943],[73.821954,20.073878],[73.820141,20.07446],[73.821342,20.075306],[73.819459,20.076906],[73.817013,20.078398],[73.814695,20.077511],[73.812506,20.077551],[73.809116,20.077954],[73.805769,20.078277],[73.802679,20.078599],[73.799825,20.078901],[73.796435,20.078962],[73.793517,20.079083],[73.793903,20.077773],[73.791929,20.078901],[73.789354,20.079083],[73.786693,20.079566],[73.784422,20.080978],[73.780624,20.082228],[73.778586,20.083195],[73.779723,20.080777],[73.780045,20.077935],[73.779949,20.075933],[73.778661,20.073857],[73.778876,20.07166],[73.779551,20.069411],[73.780517,20.066851],[73.781395,20.064612],[73.782575,20.062435],[73.783434,20.060601],[73.784979,20.057976],[73.786782,20.055557],[73.787839,20.053594],[73.789341,20.050813],[73.790628,20.048656],[73.79175,20.046408],[73.79287,20.044269],[73.794028,20.041689],[73.794448,20.039342],[73.794658,20.037246],[73.794809,20.035633],[73.795049,20.033583]]]}},{"type":"Feature","properties":{"Name":"MH 47 Y 6286","routeId":863,"fill-opacity":0.03,"stroke-width":1,"stroke-opacity":0.5,"locationConfidence":"verified","locationSource":"NMC waste collection vehicle tracking export, 30 Aug 2026 (RTI)"},"geometry":{"type":"Polygon","coordinates":[[[73.788254,20.010676],[73.789044,20.010523],[73.78928,20.012056],[73.788465,20.013669],[73.787907,20.015201],[73.787521,20.016854],[73.787178,20.018306],[73.786577,20.019757],[73.785933,20.021128],[73.785461,20.02258],[73.784817,20.02379],[73.784688,20.025201],[73.785418,20.025523],[73.786319,20.025927],[73.786877,20.026088],[73.787092,20.025806],[73.787349,20.025483],[73.787735,20.024959],[73.788208,20.024636],[73.788508,20.024273],[73.788765,20.02383],[73.789409,20.023386],[73.789924,20.023225],[73.790525,20.023064],[73.791255,20.022943],[73.79207,20.022782],[73.792714,20.022701],[73.793443,20.02262],[73.794087,20.022499],[73.79443,20.022419],[73.794387,20.022267],[73.794344,20.022046],[73.79428,20.021733],[73.794183,20.021209],[73.794151,20.020846],[73.794087,20.020403],[73.794005,20.020063],[73.79393,20.019549],[73.793876,20.019216],[73.793833,20.018934],[73.793779,20.018571],[73.793747,20.018289],[73.793683,20.017946],[73.793618,20.017402],[73.793554,20.017019],[73.793855,20.016998],[73.794305,20.016978],[73.79467,20.016938],[73.794901,20.016928],[73.795104,20.016903],[73.795287,20.016898],[73.795464,20.016877],[73.795646,20.016847],[73.795807,20.016862],[73.79599,20.016852],[73.796167,20.016827],[73.796387,20.016827],[73.796564,20.016807],[73.796706,20.016794],[73.796808,20.016772],[73.796682,20.016416],[73.796542,20.016013],[73.796424,20.015721],[73.796306,20.015358],[73.796263,20.015045],[73.79621,20.014753],[73.796175,20.014637],[73.79614,20.014466],[73.796118,20.014337],[73.796089,20.014216],[73.796065,20.014042],[73.796035,20.013858],[73.796011,20.013727],[73.795995,20.013604],[73.795973,20.013483],[73.795947,20.013306],[73.795928,20.013218],[73.795893,20.012999],[73.795869,20.012832],[73.795724,20.012371],[73.79553,20.011968],[73.795493,20.011682],[73.795461,20.011485],[73.795445,20.011289],[73.795525,20.011032],[73.795402,20.010815],[73.79531,20.010508],[73.795198,20.0102],[73.795058,20.009983],[73.794994,20.009787],[73.794854,20.009504],[73.794758,20.009212],[73.794779,20.009],[73.795262,20.00897],[73.795777,20.008849],[73.796399,20.008829],[73.797065,20.008819],[73.797719,20.008799],[73.79832,20.008758],[73.798835,20.008748],[73.799328,20.008738],[73.799811,20.008718],[73.800294,20.008678],[73.800841,20.008506],[73.801542,20.008358],[73.800813,20.007834],[73.800083,20.007189],[73.799654,20.006624],[73.798495,20.006302],[73.797465,20.005858],[73.796864,20.005737],[73.795791,20.005374],[73.794547,20.004769],[73.793903,20.004487],[73.793796,20.004386],[73.79385,20.004084],[73.793925,20.003741],[73.793699,20.00367],[73.793549,20.004185],[73.793592,20.004628],[73.793581,20.005082],[73.793238,20.006765],[73.792809,20.007975],[73.791135,20.008499],[73.790931,20.008983],[73.790878,20.009205],[73.790631,20.009477],[73.790406,20.009724],[73.790207,20.00988],[73.789853,20.010122],[73.78952,20.010299],[73.789258,20.01041],[73.788254,20.010676]]]}},{"type":"Feature","properties":{"Name":"MH-15JH-8790","routeId":669,"fill-opacity":0.03,"stroke-width":1,"stroke-opacity":0.5,"locationConfidence":"verified","locationSource":"NMC waste collection vehicle tracking export, 30 Aug 2026 (RTI)"},"geometry":{"type":"Polygon","coordinates":[[[73.795049,20.033583],[73.796573,20.033925],[73.798053,20.033704],[73.798654,20.033079],[73.799491,20.032554],[73.800928,20.032534],[73.802688,20.032575],[73.804137,20.032471],[73.806133,20.032229],[73.808407,20.031947],[73.811625,20.03184],[73.814972,20.031114],[73.818105,20.030187],[73.821967,20.030147],[73.825315,20.030106],[73.827847,20.029703],[73.830851,20.028453],[73.834327,20.028413],[73.836938,20.028862],[73.836254,20.031976],[73.836082,20.03508],[73.835782,20.038628],[73.835739,20.042458],[73.835052,20.046812],[73.835395,20.050199],[73.835242,20.054041],[73.835843,20.057749],[73.83588,20.060192],[73.83603,20.062591],[73.836674,20.064244],[73.83839,20.064828],[73.840536,20.065372],[73.841523,20.066702],[73.840386,20.067307],[73.83839,20.067649],[73.836438,20.068294],[73.834571,20.06904],[73.833198,20.070007],[73.832983,20.06912],[73.832618,20.068233],[73.828777,20.069686],[73.825859,20.071943],[73.821954,20.073878],[73.820141,20.07446],[73.821342,20.075306],[73.819459,20.076906],[73.817013,20.078398],[73.814695,20.077511],[73.812506,20.077551],[73.809116,20.077954],[73.805769,20.078277],[73.802679,20.078599],[73.799825,20.078901],[73.796435,20.078962],[73.793517,20.079083],[73.793903,20.077773],[73.791929,20.078901],[73.789354,20.079083],[73.786693,20.079566],[73.784422,20.080978],[73.780624,20.082228],[73.778586,20.083195],[73.779723,20.080777],[73.780045,20.077935],[73.779949,20.075933],[73.778661,20.073857],[73.778876,20.07166],[73.779551,20.069411],[73.780517,20.066851],[73.781395,20.064612],[73.782575,20.062435],[73.783434,20.060601],[73.784979,20.057976],[73.786782,20.055557],[73.787839,20.053594],[73.789341,20.050813],[73.790628,20.048656],[73.79175,20.046408],[73.79287,20.044269],[73.794028,20.041689],[73.794448,20.039342],[73.794658,20.037246],[73.794809,20.035633],[73.795049,20.033583]]]}},{"type":"Feature","properties":{"Name":"MH15 CV 6436","routeId":192,"fill-opacity":0.03,"stroke-width":1,"stroke-opacity":0.5,"locationConfidence":"verified","locationSource":"NMC waste collection vehicle tracking export, 30 Aug 2026 (RTI)"},"geometry":{"type":"Polygon","coordinates":[[[73.798648,20.001627],[73.79848,20.001136],[73.798096,20.000693],[73.798061,20.000652],[73.797792,20.000218],[73.797523,19.999784],[73.797389,19.999521],[73.797353,19.999457],[73.796929,19.998666],[73.796929,19.998665],[73.796703,19.99835],[73.79667,19.998279],[73.796613,19.998194],[73.796591,19.998106],[73.796566,19.998053],[73.79652,19.997857],[73.796198,19.997753],[73.795877,19.997653],[73.795748,19.997547],[73.795699,19.997473],[73.795481,19.997215],[73.795344,19.997092],[73.795031,19.99691],[73.794862,19.996876],[73.794349,19.996793],[73.794347,19.997107],[73.794342,19.997158],[73.794338,19.997436],[73.794303,19.997608],[73.794297,19.997681],[73.794215,19.998117],[73.794157,19.998402],[73.794161,19.998444],[73.794165,19.998486],[73.794009,19.998505],[73.794004,19.998507],[73.793113,19.998611],[73.793148,19.998844],[73.792831,19.998917],[73.792352,19.998961],[73.792035,19.998995],[73.791507,19.99903],[73.791127,19.99906],[73.790949,19.999067],[73.790843,19.99912],[73.790737,19.999172],[73.790503,19.999241],[73.79027,19.999311],[73.790017,19.999372],[73.789039,19.999427],[73.788873,19.999971],[73.788729,19.999877],[73.788703,19.99982],[73.788682,19.999801],[73.788654,19.999711],[73.788618,19.999631],[73.788589,19.999507],[73.788503,19.999351],[73.788482,19.999346],[73.787635,19.999153],[73.787237,19.999082],[73.786489,19.998962],[73.786496,19.998941],[73.78649,19.99894],[73.786563,19.998704],[73.786848,19.997995],[73.787233,19.998018],[73.787244,19.997786],[73.787245,19.997763],[73.787058,19.997776],[73.787063,19.997763],[73.787174,19.997457],[73.787176,19.997454],[73.787322,19.997052],[73.787473,19.99678],[73.787514,19.996697],[73.787599,19.996578],[73.78766,19.996482],[73.787773,19.996335],[73.787798,19.996301],[73.78792,19.996145],[73.788174,19.995816],[73.788189,19.995801],[73.788246,19.995729],[73.788967,19.995096],[73.788976,19.995089],[73.788976,19.995088],[73.789966,19.994563],[73.790759,19.994328],[73.790491,19.994288],[73.789996,19.994181],[73.788512,19.993861],[73.788146,19.993798],[73.78778,19.993735],[73.787625,19.993679],[73.786671,19.993418],[73.786492,19.993374],[73.785962,19.993315],[73.784838,19.993397],[73.78393,19.99347],[73.783567,19.9935],[73.782695,19.993573],[73.782591,19.993574],[73.782459,19.994181],[73.782287,19.994916],[73.782115,19.99565],[73.781927,19.996056],[73.781739,19.996462],[73.781612,19.996688],[73.781604,19.996704],[73.781254,19.99733],[73.782005,19.999458],[73.782267,20.000146],[73.782461,20.000643],[73.782799,20.001531],[73.783105,20.002333],[73.783405,20.003167],[73.783574,20.00357],[73.783705,20.004001],[73.784185,20.005392],[73.784276,20.00562],[73.784701,20.006669],[73.784778,20.006852],[73.784816,20.006844],[73.785579,20.006685],[73.786309,20.00654],[73.786359,20.006719],[73.787271,20.006719],[73.787624,20.006688],[73.787704,20.007039],[73.787679,20.007435],[73.787663,20.007864],[73.787663,20.007865],[73.787761,20.008137],[73.7881,20.00816],[73.788101,20.008163],[73.788158,20.008732],[73.78821,20.008899],[73.788379,20.009364],[73.788399,20.009479],[73.788498,20.010045],[73.790025,20.009383],[73.790384,20.008927],[73.790433,20.008471],[73.791165,20.007886],[73.792004,20.007378],[73.79218,20.006732],[73.792656,20.005864],[73.79291,20.004669],[73.793484,20.003648],[73.793995,20.002739],[73.795253,20.002052],[73.796063,20.001638],[73.79759,20.001638],[73.798648,20.001627]]]}},{"type":"Feature","properties":{"Name":"MH15 HH 8845","routeId":951,"fill-opacity":0.03,"stroke-width":1,"stroke-opacity":0.5,"locationConfidence":"verified","locationSource":"NMC waste collection vehicle tracking export, 30 Aug 2026 (RTI)"},"geometry":{"type":"Polygon","coordinates":[[[73.791798,20.046723],[73.799362,20.048668],[73.799448,20.045816],[73.8011,20.045503],[73.801261,20.045725],[73.802248,20.045574],[73.802001,20.044868],[73.801851,20.044385],[73.80125,20.044435],[73.801272,20.044284],[73.801776,20.044223],[73.801551,20.043608],[73.801272,20.04221],[73.798783,20.042502],[73.798987,20.044317],[73.793075,20.043954],[73.791798,20.046723]]]}},{"type":"Feature","properties":{"Name":"MH15 JH 3828","routeId":663,"fill-opacity":0.03,"stroke-width":1,"stroke-opacity":0.5,"locationConfidence":"verified","locationSource":"NMC waste collection vehicle tracking export, 30 Aug 2026 (RTI)"},"geometry":{"type":"Polygon","coordinates":[[[73.788498,20.010045],[73.788399,20.009479],[73.788261,20.009056],[73.78821,20.008899],[73.788159,20.008742],[73.788158,20.008732],[73.788101,20.008163],[73.787761,20.008137],[73.787752,20.008136],[73.787663,20.007865],[73.787663,20.007864],[73.787653,20.007832],[73.787679,20.007435],[73.787696,20.007118],[73.787624,20.006688],[73.787293,20.006719],[73.786326,20.006738],[73.786315,20.006687],[73.786309,20.00654],[73.785579,20.006685],[73.784778,20.006852],[73.784756,20.006804],[73.784701,20.006669],[73.784586,20.006398],[73.784276,20.00562],[73.784193,20.005416],[73.784185,20.005392],[73.783949,20.004801],[73.783705,20.004001],[73.783405,20.003167],[73.783105,20.002333],[73.782799,20.001531],[73.782461,20.000643],[73.782086,20.000684],[73.78059,20.000762],[73.779702,20.000802],[73.779083,20.00083],[73.778336,20.000868],[73.778048,20.000877],[73.777931,20.000882],[73.777255,20.0009],[73.774674,20.001744],[73.772094,20.002588],[73.772094,20.002589],[73.771909,20.002665],[73.771875,20.002679],[73.771065,20.002883],[73.770229,20.003093],[73.770437,20.003871],[73.77037,20.003903],[73.769907,20.004131],[73.769654,20.004257],[73.769265,20.004447],[73.768875,20.004637],[73.768322,20.004906],[73.767673,20.005096],[73.767037,20.005311],[73.766498,20.005493],[73.766193,20.005566],[73.765635,20.005666],[73.765085,20.005702],[73.764763,20.005723],[73.76337,20.005831],[73.761895,20.006339],[73.761518,20.00647],[73.75995,20.006906],[73.759225,20.007148],[73.757973,20.007593],[73.757459,20.00778],[73.756511,20.008166],[73.755347,20.008639],[73.755355,20.008704],[73.755419,20.009177],[73.755608,20.010719],[73.755797,20.01196],[73.75583,20.012055],[73.755862,20.01215],[73.755908,20.012543],[73.755973,20.013099],[73.755986,20.013205],[73.755994,20.01328],[73.756139,20.014562],[73.757486,20.014295],[73.758351,20.014128],[73.758664,20.014066],[73.758732,20.014908],[73.75875,20.015103],[73.758787,20.015512],[73.758795,20.015606],[73.758822,20.015908],[73.758822,20.015933],[73.758838,20.016126],[73.758834,20.016997],[73.759002,20.018221],[73.759152,20.019284],[73.759481,20.019302],[73.759481,20.019316],[73.759485,20.019954],[73.75943,20.020803],[73.759032,20.022626],[73.75903,20.022625],[73.758956,20.022905],[73.760104,20.023002],[73.761497,20.022997],[73.763019,20.022806],[73.764514,20.022335],[73.766184,20.021509],[73.767345,20.020889],[73.768439,20.020163],[73.769183,20.019369],[73.769641,20.018537],[73.770104,20.017675],[73.770477,20.016375],[73.771004,20.015443],[73.771828,20.014449],[73.77208,20.014263],[73.772864,20.01293],[73.773824,20.011772],[73.774883,20.010286],[73.775702,20.009642],[73.778249,20.009182],[73.781848,20.009032],[73.783911,20.009365],[73.785296,20.009869],[73.788498,20.010045]]]}},{"type":"Feature","properties":{"Name":"MH15 KU 9507","routeId":666,"fill-opacity":0.03,"stroke-width":1,"stroke-opacity":0.5,"locationConfidence":"verified","locationSource":"NMC waste collection vehicle tracking export, 30 Aug 2026 (RTI)"},"geometry":{"type":"Polygon","coordinates":[[[73.79826,20.00088],[73.79848,20.00114],[73.79865,20.00163],[73.79759,20.00164],[73.79606,20.00164],[73.79525,20.00205],[73.79399,20.00274],[73.79348,20.00365],[73.79291,20.00467],[73.79266,20.00586],[73.79218,20.00673],[73.792,20.00738],[73.79117,20.00789],[73.79043,20.00847],[73.79038,20.00893],[73.79003,20.00938],[73.7885,20.01004],[73.7853,20.00987],[73.78391,20.00937],[73.78185,20.00903],[73.77825,20.00918],[73.7757,20.00964],[73.77488,20.01029],[73.77382,20.01177],[73.77286,20.01293],[73.77208,20.01426],[73.77183,20.01445],[73.771,20.01544],[73.77048,20.01638],[73.7701,20.01768],[73.76964,20.01854],[73.76918,20.01937],[73.76844,20.02016],[73.76734,20.02089],[73.76618,20.02151],[73.76451,20.02234],[73.76302,20.02281],[73.7615,20.023],[73.7601,20.023],[73.75896,20.02291],[73.75903,20.02263],[73.75943,20.0208],[73.75948,20.01995],[73.75948,20.01932],[73.75948,20.0193],[73.75915,20.01928],[73.759,20.01822],[73.75883,20.017],[73.75884,20.01613],[73.75882,20.01593],[73.75882,20.01591],[73.75879,20.01561],[73.75879,20.01551],[73.75875,20.0151],[73.75873,20.01491],[73.75866,20.01407],[73.75835,20.01413],[73.75749,20.0143],[73.75614,20.01456],[73.75599,20.01321],[73.75597,20.0131],[73.75591,20.01254],[73.75585,20.01205],[73.75568,20.01205],[73.75497,20.01205],[73.75359,20.01212],[73.75344,20.0106],[73.75326,20.00909],[73.75319,20.00879],[73.75313,20.00849],[73.7531,20.00836],[73.753,20.00789],[73.75284,20.00687],[73.75259,20.0049],[73.75256,20.0047],[73.75245,20.00394],[73.75243,20.00381],[73.75236,20.00327],[73.75225,20.00262],[73.75218,20.00217],[73.75208,20.00158],[73.75203,20.00128],[73.75192,20.0003],[73.7518,19.99933],[73.7518,19.99927],[73.75166,19.99813],[73.75143,19.9965],[73.75125,19.99571],[73.75107,19.99491],[73.75092,19.99345],[73.75089,19.99318],[73.74946,19.99292],[73.74965,19.99272],[73.74969,19.99261],[73.74951,19.99192],[73.74928,19.99088],[73.74922,19.99032],[73.74941,19.98973],[73.74972,19.98885],[73.75,19.98904],[73.75054,19.98939],[73.75092,19.98948],[73.75112,19.98949],[73.75171,19.98957],[73.75203,19.9896],[73.75253,19.98956],[73.75349,19.98923],[73.75374,19.98925],[73.75425,19.9893],[73.75528,19.98917],[73.75625,19.98907],[73.75639,19.98886],[73.75683,19.98849],[73.7571,19.98838],[73.75747,19.98833],[73.75882,19.98832],[73.75981,19.98872],[73.76007,19.98899],[73.76025,19.98937],[73.76058,19.98981],[73.76093,19.98996],[73.7615,19.9902],[73.7617,19.99024],[73.76215,19.99023],[73.7626,19.99014],[73.76269,19.99014],[73.76302,19.99012],[73.76343,19.99021],[73.76373,19.99028],[73.76392,19.9903],[73.76433,19.99036],[73.76468,19.99036],[73.76546,19.99053],[73.76595,19.99062],[73.76706,19.99101],[73.7672,19.99115],[73.76751,19.99136],[73.76773,19.9914],[73.76781,19.99142],[73.76874,19.99159],[73.76933,19.99167],[73.76993,19.99161],[73.77027,19.99171],[73.77042,19.99179],[73.77072,19.99187],[73.77097,19.99181],[73.77114,19.99173],[73.77136,19.99166],[73.77167,19.99164],[73.77199,19.99167],[73.77232,19.99155],[73.77256,19.99143],[73.77341,19.9911],[73.77418,19.99075],[73.77426,19.99063],[73.77438,19.99053],[73.77443,19.99012],[73.77431,19.98978],[73.7742,19.98945],[73.77426,19.98905],[73.77456,19.98836],[73.77483,19.98804],[73.77518,19.98798],[73.77548,19.98793],[73.77597,19.98806],[73.77662,19.98803],[73.77724,19.98793],[73.77762,19.98788],[73.77815,19.9877],[73.77838,19.98754],[73.77851,19.98717],[73.77851,19.98687],[73.77862,19.9866],[73.77889,19.98653],[73.77925,19.98648],[73.77951,19.98639],[73.78004,19.98626],[73.7805,19.98616],[73.78094,19.98597],[73.78132,19.98577],[73.78168,19.9855],[73.78191,19.98542],[73.78213,19.98541],[73.78232,19.98545],[73.78259,19.98565],[73.7828,19.9858],[73.78329,19.98614],[73.78367,19.98617],[73.78391,19.98609],[73.78402,19.98662],[73.78395,19.98676],[73.78388,19.98691],[73.78366,19.98768],[73.78355,19.98835],[73.78336,19.98864],[73.783,19.98887],[73.78293,19.98916],[73.78294,19.98965],[73.78294,19.99005],[73.78296,19.99064],[73.78296,19.99118],[73.78295,19.99159],[73.78294,19.99173],[73.78292,19.99187],[73.78285,19.99221],[73.78282,19.9924],[73.78274,19.9928],[73.7827,19.99299],[73.78269,19.99303],[73.78259,19.99357],[73.78393,19.99347],[73.78451,19.99342],[73.78516,19.99337],[73.78596,19.99332],[73.78636,19.99334],[73.78649,19.99337],[73.78652,19.99338],[73.78667,19.99342],[73.78708,19.99352],[73.78763,19.99368],[73.78778,19.99374],[73.78841,19.99383],[73.79,19.99418],[73.79076,19.99433],[73.78997,19.99456],[73.78898,19.99509],[73.78856,19.99546],[73.78819,19.9958],[73.78792,19.99615],[73.78777,19.99634],[73.7876,19.99658],[73.78747,19.99678],[73.7873,19.99713],[73.78717,19.99746],[73.78706,19.99776],[73.78724,19.99776],[73.78724,19.99802],[73.78723,19.99802],[73.78723,19.99805],[73.78685,19.99799],[73.78671,19.99835],[73.7865,19.99894],[73.78684,19.99901],[73.78724,19.99908],[73.78763,19.99915],[73.78848,19.99931],[73.7885,19.99935],[73.78855,19.99936],[73.78859,19.99951],[73.78859,19.99952],[73.78868,19.9998],[73.78887,19.99997],[73.78904,19.99943],[73.79002,19.99937],[73.7905,19.99924],[73.79084,19.99912],[73.79095,19.99907],[73.79151,19.99903],[73.79169,19.99902],[73.7922,19.99898],[73.79235,19.99896],[73.79276,19.99892],[73.79315,19.99884],[73.79311,19.99861],[73.79401,19.9985],[73.79416,19.99844],[73.79416,19.9984],[73.79415,19.99835],[73.7943,19.99761],[73.79434,19.99716],[73.79435,19.99677],[73.79486,19.99688],[73.79498,19.9969],[73.7952,19.99696],[73.79534,19.99709],[73.79536,19.9971],[73.79548,19.99721],[73.7956,19.99733],[73.79575,19.99755],[73.79588,19.99765],[73.7962,19.99775],[73.79652,19.99785],[73.79652,19.99786],[73.79653,19.99786],[73.79659,19.99811],[73.79667,19.99828],[73.79693,19.99867],[73.79726,19.99927],[73.79739,19.99952],[73.79779,20.00022],[73.7981,20.00069],[73.79826,20.00088]]]}},{"type":"Feature","properties":{"Name":"MH15 KU 9508","routeId":586,"fill-opacity":0.03,"stroke-width":1,"stroke-opacity":0.5,"locationConfidence":"verified","locationSource":"NMC waste collection vehicle tracking export, 30 Aug 2026 (RTI)"},"geometry":{"type":"Polygon","coordinates":[[[73.777713,19.965587],[73.778877,19.965409],[73.779828,19.965282],[73.778382,19.962413],[73.777956,19.961043],[73.777853,19.960689],[73.777411,19.959164],[73.777378,19.959052],[73.777215,19.958292],[73.776951,19.957113],[73.776278,19.955094],[73.775953,19.954129],[73.77756,19.953902],[73.778159,19.953885],[73.780086,19.953831],[73.78118,19.953834],[73.781265,19.953834],[73.783542,19.953841],[73.783891,19.953857],[73.783921,19.953857],[73.783993,19.953861],[73.785092,19.953909],[73.785332,19.953939],[73.785516,19.95395],[73.786387,19.954042],[73.78927,19.953046],[73.791823,19.952164],[73.791908,19.952135],[73.794429,19.951437],[73.796312,19.950915],[73.797718,19.950526],[73.797829,19.947144],[73.797898,19.944978],[73.797959,19.943072],[73.796833,19.943206],[73.795767,19.943124],[73.793698,19.942966],[73.790769,19.942753],[73.790742,19.942745],[73.790661,19.942739],[73.789361,19.942387],[73.789408,19.941761],[73.78953,19.940086],[73.789609,19.938838],[73.789701,19.937154],[73.789721,19.936352],[73.789737,19.934263],[73.78971,19.932715],[73.789686,19.931336],[73.789661,19.929957],[73.789779,19.929568],[73.789887,19.92913],[73.79009,19.927994],[73.790124,19.927958],[73.79013,19.927927],[73.790338,19.927727],[73.79038,19.927686],[73.790909,19.92737],[73.791008,19.927308],[73.791014,19.927308],[73.791024,19.927302],[73.791809,19.927225],[73.793163,19.927085],[73.79326,19.927085],[73.79333,19.927078],[73.794035,19.927078],[73.794048,19.927078],[73.793967,19.926225],[73.793704,19.923458],[73.794789,19.923252],[73.794797,19.923251],[73.798651,19.922895],[73.798598,19.921789],[73.798541,19.920596],[73.79854,19.920564],[73.799178,19.91992],[73.79918,19.919917],[73.798468,19.919013],[73.798257,19.918822],[73.797842,19.918452],[73.797546,19.918181],[73.7973,19.918051],[73.796779,19.917855],[73.796049,19.917567],[73.795431,19.917284],[73.794836,19.917006],[73.794369,19.916652],[73.794214,19.916522],[73.794201,19.916477],[73.794072,19.916048],[73.793967,19.915691],[73.793954,19.915641],[73.793912,19.915606],[73.793478,19.91525],[73.793162,19.914991],[73.792729,19.914633],[73.792413,19.914375],[73.792337,19.914312],[73.792218,19.914214],[73.792141,19.914151],[73.792057,19.914081],[73.79198,19.914018],[73.791889,19.913941],[73.791846,19.913906],[73.791826,19.913892],[73.791784,19.913857],[73.791741,19.913823],[73.791707,19.913794],[73.791665,19.913759],[73.79163,19.913731],[73.791546,19.913661],[73.79151,19.913633],[73.791468,19.913598],[73.791426,19.913563],[73.791392,19.913535],[73.791273,19.913437],[73.791175,19.913353],[73.791063,19.913262],[73.790912,19.913131],[73.790776,19.913023],[73.790277,19.912604],[73.78905,19.911596],[73.78722,19.910094],[73.786915,19.90981],[73.786783,19.9097],[73.786493,19.909463],[73.786116,19.909159],[73.785957,19.909023],[73.785677,19.908795],[73.785564,19.908702],[73.785497,19.908644],[73.785385,19.908554],[73.785295,19.908482],[73.785164,19.908351],[73.78513,19.908317],[73.785065,19.908253],[73.785005,19.908192],[73.784934,19.908119],[73.784877,19.908064],[73.784795,19.90798],[73.784724,19.90791],[73.784655,19.907839],[73.784563,19.907749],[73.784388,19.907575],[73.784278,19.907462],[73.784102,19.907288],[73.783934,19.907119],[73.78366,19.906846],[73.783262,19.906447],[73.783122,19.906307],[73.782975,19.906159],[73.782725,19.905911],[73.78262,19.905813],[73.78262,19.906272],[73.782565,19.906261],[73.782544,19.906256],[73.782513,19.906255],[73.782491,19.90625],[73.7824,19.906229],[73.782369,19.906224],[73.781963,19.906137],[73.78143,19.906025],[73.781357,19.906007],[73.780278,19.90578],[73.779645,19.908548],[73.779553,19.909027],[73.779258,19.91055],[73.779208,19.910809],[73.779101,19.911702],[73.779044,19.912128],[73.778958,19.913409],[73.77886,19.914864],[73.778744,19.916584],[73.778558,19.916537],[73.778383,19.91651],[73.777959,19.916433],[73.777604,19.916329],[73.776925,19.916125],[73.776259,19.915957],[73.776095,19.916206],[73.775932,19.916456],[73.775815,19.916638],[73.775756,19.916723],[73.775729,19.916733],[73.774168,19.916666],[73.772359,19.916588],[73.770716,19.916518],[73.770752,19.917123],[73.77098,19.919892],[73.771216,19.922746],[73.771345,19.922937],[73.771182,19.923095],[73.770716,19.924342],[73.770205,19.925052],[73.76973,19.925131],[73.769187,19.92495],[73.768945,19.924777],[73.768478,19.924157],[73.768089,19.923398],[73.767664,19.923194],[73.765856,19.923484],[73.764916,19.923422],[73.764137,19.922924],[73.763645,19.922202],[73.762825,19.921656],[73.762535,19.921377],[73.762786,19.920784],[73.763054,19.919776],[73.76445,19.918837],[73.764355,19.918161],[73.763377,19.917579],[73.763025,19.917155],[73.76204,19.915845],[73.761415,19.915402],[73.760435,19.915462],[73.758286,19.915746],[73.757351,19.916275],[73.755531,19.916295],[73.755474,19.915436],[73.753237,19.915562],[73.75051,19.915737],[73.749317,19.915839],[73.748318,19.915888],[73.746292,19.915951],[73.745146,19.916048],[73.744884,19.916117],[73.744763,19.91622],[73.744587,19.916399],[73.744494,19.916529],[73.744197,19.916551],[73.742711,19.91671],[73.742574,19.91685],[73.742285,19.917229],[73.742227,19.917206],[73.742182,19.917187],[73.741653,19.917051],[73.741434,19.916976],[73.741114,19.916981],[73.740815,19.917015],[73.737863,19.917349],[73.734939,19.91768],[73.73476,19.9177],[73.734621,19.917723],[73.734049,19.9178],[73.733484,19.91789],[73.73295,19.917932],[73.73247,19.917959],[73.73239,19.918932],[73.73239,19.920006],[73.731539,19.920646],[73.730516,19.921111],[73.730571,19.921958],[73.730747,19.924653],[73.730899,19.926983],[73.730964,19.929094],[73.731008,19.931264],[73.731113,19.934651],[73.732338,19.93523],[73.734079,19.935867],[73.735018,19.936131],[73.735749,19.936503],[73.736304,19.936933],[73.737025,19.937607],[73.737797,19.938278],[73.738568,19.93895],[73.739701,19.940233],[73.741078,19.941594],[73.742066,19.94221],[73.743054,19.942825],[73.743924,19.943492],[73.744192,19.943799],[73.74446,19.944106],[73.746008,19.94556],[73.747735,19.947101],[73.749455,19.948663],[73.750543,19.949538],[73.751631,19.950413],[73.752806,19.951381],[73.753015,19.951554],[73.754558,19.952957],[73.755268,19.953723],[73.755906,19.954411],[73.757068,19.955569],[73.75852,19.95688],[73.759538,19.95772],[73.760941,19.958923],[73.762264,19.960054],[73.763586,19.961235],[73.764475,19.962236],[73.765365,19.963236],[73.766005,19.963994],[73.766722,19.964766],[73.767578,19.965919],[73.769766,19.966093],[73.771311,19.966204],[73.771495,19.966216],[73.772582,19.966287],[73.772623,19.96629],[73.773238,19.966443],[73.773238,19.966444],[73.77325,19.966588],[73.773432,19.967009],[73.774516,19.967389],[73.77478,19.967313],[73.774663,19.966966],[73.775735,19.967356],[73.778066,19.968239],[73.777669,19.965597],[73.777714,19.965591],[73.777713,19.965587]]]}},{"type":"Feature","properties":{"Name":"MH15 KU 9510","routeId":664,"fill-opacity":0.03,"stroke-width":1,"stroke-opacity":0.5,"locationConfidence":"verified","locationSource":"NMC waste collection vehicle tracking export, 30 Aug 2026 (RTI)"},"geometry":{"type":"Polygon","coordinates":[[[73.788498,20.010045],[73.788399,20.009479],[73.788261,20.009056],[73.78821,20.008899],[73.788159,20.008742],[73.788158,20.008732],[73.788101,20.008163],[73.787761,20.008137],[73.787752,20.008136],[73.787663,20.007865],[73.787663,20.007864],[73.787653,20.007832],[73.787679,20.007435],[73.787696,20.007118],[73.787624,20.006688],[73.787293,20.006719],[73.786326,20.006738],[73.786315,20.006687],[73.786309,20.00654],[73.785579,20.006685],[73.784778,20.006852],[73.784756,20.006804],[73.784701,20.006669],[73.784586,20.006398],[73.784276,20.00562],[73.784193,20.005416],[73.784185,20.005392],[73.783949,20.004801],[73.783705,20.004001],[73.783405,20.003167],[73.783105,20.002333],[73.782799,20.001531],[73.782461,20.000643],[73.782086,20.000684],[73.78059,20.000762],[73.779702,20.000802],[73.779083,20.00083],[73.778336,20.000868],[73.778048,20.000877],[73.777931,20.000882],[73.777255,20.0009],[73.774674,20.001744],[73.772094,20.002588],[73.772094,20.002589],[73.771909,20.002665],[73.771875,20.002679],[73.771065,20.002883],[73.770229,20.003093],[73.770437,20.003871],[73.77037,20.003903],[73.769907,20.004131],[73.769654,20.004257],[73.769265,20.004447],[73.768875,20.004637],[73.768322,20.004906],[73.767673,20.005096],[73.767037,20.005311],[73.766498,20.005493],[73.766193,20.005566],[73.765635,20.005666],[73.765085,20.005702],[73.764763,20.005723],[73.76337,20.005831],[73.761895,20.006339],[73.761518,20.00647],[73.75995,20.006906],[73.759225,20.007148],[73.757973,20.007593],[73.757459,20.00778],[73.756511,20.008166],[73.755347,20.008639],[73.755355,20.008704],[73.755419,20.009177],[73.755608,20.010719],[73.755797,20.01196],[73.75583,20.012055],[73.755862,20.01215],[73.755908,20.012543],[73.755973,20.013099],[73.755986,20.013205],[73.755994,20.01328],[73.756139,20.014562],[73.757486,20.014295],[73.758351,20.014128],[73.758664,20.014066],[73.758732,20.014908],[73.75875,20.015103],[73.758787,20.015512],[73.758795,20.015606],[73.758822,20.015908],[73.758822,20.015933],[73.758838,20.016126],[73.758834,20.016997],[73.759002,20.018221],[73.759152,20.019284],[73.759481,20.019302],[73.759481,20.019316],[73.759485,20.019954],[73.75943,20.020803],[73.759032,20.022626],[73.75903,20.022625],[73.758956,20.022905],[73.760104,20.023002],[73.761497,20.022997],[73.763019,20.022806],[73.764514,20.022335],[73.766184,20.021509],[73.767345,20.020889],[73.768439,20.020163],[73.769183,20.019369],[73.769641,20.018537],[73.770104,20.017675],[73.770477,20.016375],[73.771004,20.015443],[73.771828,20.014449],[73.77208,20.014263],[73.772864,20.01293],[73.773824,20.011772],[73.774883,20.010286],[73.775702,20.009642],[73.778249,20.009182],[73.781848,20.009032],[73.783911,20.009365],[73.785296,20.009869],[73.788498,20.010045]]]}},{"type":"Feature","properties":{"Name":"MH15 KU 9512","routeId":676,"fill-opacity":0.03,"stroke-width":1,"stroke-opacity":0.5,"locationConfidence":"verified","locationSource":"NMC waste collection vehicle tracking export, 30 Aug 2026 (RTI)"},"geometry":{"type":"Polygon","coordinates":[[[73.75583,20.012055],[73.755797,20.01196],[73.755608,20.010719],[73.755419,20.009177],[73.755347,20.008639],[73.755346,20.008639],[73.756402,20.008209],[73.757457,20.007779],[73.757973,20.007593],[73.758486,20.007405],[73.759147,20.007175],[73.759225,20.007148],[73.75995,20.006906],[73.761517,20.006469],[73.761895,20.006339],[73.76242,20.006157],[73.763322,20.005847],[73.76337,20.005831],[73.763389,20.005824],[73.763566,20.005797],[73.76429,20.005754],[73.764763,20.005723],[73.764813,20.005719],[73.765635,20.005666],[73.766314,20.00553],[73.768036,20.004974],[73.768385,20.004855],[73.769265,20.004447],[73.769907,20.004131],[73.770427,20.003871],[73.770203,20.003101],[73.770229,20.003093],[73.770256,20.003086],[73.771065,20.002883],[73.771909,20.002665],[73.772094,20.002588],[73.774674,20.001744],[73.777255,20.0009],[73.778048,20.000877],[73.779083,20.00083],[73.780967,20.000734],[73.782461,20.000643],[73.782267,20.000146],[73.782073,19.999649],[73.782005,19.999458],[73.781983,19.9994],[73.781254,19.99733],[73.781612,19.996688],[73.781927,19.996056],[73.782115,19.99565],[73.782287,19.994916],[73.782589,19.993578],[73.782594,19.99355],[73.782633,19.993269],[73.782694,19.993034],[73.782739,19.992799],[73.782776,19.992591],[73.782815,19.992401],[73.782937,19.991727],[73.782937,19.990854],[73.782937,19.99005],[73.782935,19.990002],[73.782893,19.989155],[73.782996,19.988868],[73.783362,19.98864],[73.783547,19.988345],[73.783657,19.98768],[73.783884,19.986907],[73.783952,19.986762],[73.784019,19.986617],[73.78391,19.986091],[73.783669,19.986168],[73.783668,19.986168],[73.783666,19.986169],[73.783294,19.986142],[73.782802,19.985804],[73.782594,19.985651],[73.782322,19.985452],[73.782132,19.985409],[73.781922,19.985416],[73.781897,19.985421],[73.781683,19.985497],[73.781321,19.985765],[73.780941,19.985968],[73.780588,19.98612],[73.780549,19.986137],[73.780543,19.986139],[73.780496,19.986159],[73.780039,19.986258],[73.779512,19.986388],[73.779249,19.986477],[73.778893,19.98653],[73.778624,19.986601],[73.778508,19.986865],[73.778508,19.987171],[73.778384,19.987537],[73.778152,19.987699],[73.778127,19.987707],[73.777664,19.987865],[73.777626,19.987871],[73.777577,19.987887],[73.777242,19.987933],[73.776618,19.988029],[73.775976,19.988061],[73.775794,19.988013],[73.775645,19.987972],[73.775559,19.987948],[73.775368,19.987945],[73.77518,19.987977],[73.774828,19.988037],[73.77456,19.988357],[73.774274,19.989021],[73.77426,19.989055],[73.774195,19.98945],[73.774249,19.989604],[73.774284,19.989679],[73.774308,19.989776],[73.774427,19.99012],[73.774413,19.990187],[73.774416,19.9902],[73.774385,19.99045],[73.774343,19.990512],[73.774331,19.990567],[73.77426,19.990632],[73.774217,19.990695],[73.774006,19.990828],[73.773499,19.991061],[73.773437,19.991093],[73.773366,19.991119],[73.772558,19.991426],[73.772318,19.991546],[73.77199,19.991674],[73.771674,19.991636],[73.771447,19.991651],[73.771287,19.99168],[73.771136,19.99173],[73.770968,19.991806],[73.770717,19.991869],[73.770446,19.991799],[73.770403,19.991778],[73.770381,19.991771],[73.770322,19.991737],[73.770255,19.991704],[73.770042,19.991642],[73.769896,19.991625],[73.769822,19.991621],[73.769346,19.991672],[73.769336,19.991673],[73.76874,19.991587],[73.76781,19.991421],[73.767735,19.991399],[73.767599,19.991375],[73.767521,19.991334],[73.767432,19.991308],[73.76728,19.991207],[73.767233,19.991183],[73.767214,19.991164],[73.767197,19.991153],[73.76706,19.991014],[73.765949,19.990621],[73.765456,19.990527],[73.764675,19.990358],[73.764333,19.990358],[73.76403,19.990313],[73.763918,19.990296],[73.763725,19.990281],[73.763563,19.990244],[73.763496,19.990234],[73.763428,19.990212],[73.763016,19.990118],[73.763014,19.990118],[73.762686,19.990145],[73.762647,19.990141],[73.762551,19.990146],[73.762148,19.990229],[73.761696,19.99024],[73.761588,19.990242],[73.761498,19.990204],[73.761497,19.990203],[73.760928,19.989956],[73.760582,19.989806],[73.760249,19.989371],[73.760072,19.988988],[73.759861,19.988771],[73.75971,19.988678],[73.758816,19.988324],[73.75747,19.988327],[73.757118,19.988373],[73.757057,19.988393],[73.756867,19.988472],[73.756769,19.98854],[73.756393,19.988856],[73.756286,19.989014],[73.756057,19.989093],[73.75528,19.989173],[73.754338,19.98929],[73.754134,19.98929],[73.753739,19.989252],[73.753493,19.989228],[73.752525,19.989564],[73.752034,19.989604],[73.751793,19.989581],[73.751728,19.98957],[73.751693,19.989571],[73.751122,19.989493],[73.750915,19.989481],[73.750622,19.989408],[73.75061,19.989406],[73.750607,19.989404],[73.750536,19.989386],[73.750174,19.989157],[73.749995,19.989043],[73.74972,19.988845],[73.749409,19.989726],[73.749218,19.990322],[73.749278,19.990883],[73.749513,19.991918],[73.749673,19.992559],[73.749664,19.992604],[73.749674,19.992648],[73.749648,19.99272],[73.74946,19.992915],[73.750889,19.993183],[73.750917,19.993452],[73.751069,19.994913],[73.75125,19.995709],[73.751251,19.995712],[73.751431,19.996504],[73.751661,19.998135],[73.751796,19.999266],[73.751804,19.999328],[73.751917,20.000301],[73.752029,20.001275],[73.752081,20.001578],[73.752184,20.002169],[73.752255,20.002618],[73.75236,20.003274],[73.752431,20.003806],[73.75245,20.003943],[73.752556,20.004695],[73.752585,20.004901],[73.752592,20.004957],[73.75284,20.006872],[73.752998,20.007893],[73.753099,20.00836],[73.753127,20.008488],[73.753193,20.00879],[73.753258,20.009092],[73.753438,20.010604],[73.753594,20.012117],[73.754972,20.012055],[73.755682,20.012055],[73.75583,20.012055]]]}},{"type":"Feature","properties":{"Name":"MH15 KU 9513","routeId":650,"fill-opacity":0.03,"stroke-width":1,"stroke-opacity":0.5,"locationConfidence":"verified","locationSource":"NMC waste collection vehicle tracking export, 30 Aug 2026 (RTI)"},"geometry":{"type":"Polygon","coordinates":[[[73.75583,20.012055],[73.755797,20.01196],[73.755608,20.010719],[73.755419,20.009177],[73.755347,20.008639],[73.755346,20.008639],[73.756402,20.008209],[73.757457,20.007779],[73.757973,20.007593],[73.758486,20.007405],[73.759147,20.007175],[73.759225,20.007148],[73.75995,20.006906],[73.761517,20.006469],[73.761895,20.006339],[73.76242,20.006157],[73.763322,20.005847],[73.76337,20.005831],[73.763389,20.005824],[73.763566,20.005797],[73.76429,20.005754],[73.764763,20.005723],[73.764813,20.005719],[73.765635,20.005666],[73.766314,20.00553],[73.768036,20.004974],[73.768385,20.004855],[73.769265,20.004447],[73.769907,20.004131],[73.770427,20.003871],[73.770203,20.003101],[73.770229,20.003093],[73.770256,20.003086],[73.771065,20.002883],[73.771909,20.002665],[73.772094,20.002588],[73.774674,20.001744],[73.777255,20.0009],[73.778048,20.000877],[73.779083,20.00083],[73.780967,20.000734],[73.782461,20.000643],[73.782267,20.000146],[73.782073,19.999649],[73.782005,19.999458],[73.781983,19.9994],[73.781254,19.99733],[73.781612,19.996688],[73.781927,19.996056],[73.782115,19.99565],[73.782287,19.994916],[73.782589,19.993578],[73.782594,19.99355],[73.782633,19.993269],[73.782694,19.993034],[73.782739,19.992799],[73.782776,19.992591],[73.782815,19.992401],[73.782937,19.991727],[73.782937,19.990854],[73.782937,19.99005],[73.782935,19.990002],[73.782893,19.989155],[73.782996,19.988868],[73.783362,19.98864],[73.783547,19.988345],[73.783657,19.98768],[73.783884,19.986907],[73.783952,19.986762],[73.784019,19.986617],[73.78391,19.986091],[73.783669,19.986168],[73.783668,19.986168],[73.783666,19.986169],[73.783294,19.986142],[73.782802,19.985804],[73.782594,19.985651],[73.782322,19.985452],[73.782132,19.985409],[73.781922,19.985416],[73.781897,19.985421],[73.781683,19.985497],[73.781321,19.985765],[73.780941,19.985968],[73.780588,19.98612],[73.780549,19.986137],[73.780543,19.986139],[73.780496,19.986159],[73.780039,19.986258],[73.779512,19.986388],[73.779249,19.986477],[73.778893,19.98653],[73.778624,19.986601],[73.778508,19.986865],[73.778508,19.987171],[73.778384,19.987537],[73.778152,19.987699],[73.778127,19.987707],[73.777664,19.987865],[73.777626,19.987871],[73.777577,19.987887],[73.777242,19.987933],[73.776618,19.988029],[73.775976,19.988061],[73.775794,19.988013],[73.775645,19.987972],[73.775559,19.987948],[73.775368,19.987945],[73.77518,19.987977],[73.774828,19.988037],[73.77456,19.988357],[73.774274,19.989021],[73.77426,19.989055],[73.774195,19.98945],[73.774249,19.989604],[73.774284,19.989679],[73.774308,19.989776],[73.774427,19.99012],[73.774413,19.990187],[73.774416,19.9902],[73.774385,19.99045],[73.774343,19.990512],[73.774331,19.990567],[73.77426,19.990632],[73.774217,19.990695],[73.774006,19.990828],[73.773499,19.991061],[73.773437,19.991093],[73.773366,19.991119],[73.772558,19.991426],[73.772318,19.991546],[73.77199,19.991674],[73.771674,19.991636],[73.771447,19.991651],[73.771287,19.99168],[73.771136,19.99173],[73.770968,19.991806],[73.770717,19.991869],[73.770446,19.991799],[73.770403,19.991778],[73.770381,19.991771],[73.770322,19.991737],[73.770255,19.991704],[73.770042,19.991642],[73.769896,19.991625],[73.769822,19.991621],[73.769346,19.991672],[73.769336,19.991673],[73.76874,19.991587],[73.76781,19.991421],[73.767735,19.991399],[73.767599,19.991375],[73.767521,19.991334],[73.767432,19.991308],[73.76728,19.991207],[73.767233,19.991183],[73.767214,19.991164],[73.767197,19.991153],[73.76706,19.991014],[73.765949,19.990621],[73.765456,19.990527],[73.764675,19.990358],[73.764333,19.990358],[73.76403,19.990313],[73.763918,19.990296],[73.763725,19.990281],[73.763563,19.990244],[73.763496,19.990234],[73.763428,19.990212],[73.763016,19.990118],[73.763014,19.990118],[73.762686,19.990145],[73.762647,19.990141],[73.762551,19.990146],[73.762148,19.990229],[73.761696,19.99024],[73.761588,19.990242],[73.761498,19.990204],[73.761497,19.990203],[73.760928,19.989956],[73.760582,19.989806],[73.760249,19.989371],[73.760072,19.988988],[73.759861,19.988771],[73.75971,19.988678],[73.758816,19.988324],[73.75747,19.988327],[73.757118,19.988373],[73.757057,19.988393],[73.756867,19.988472],[73.756769,19.98854],[73.756393,19.988856],[73.756286,19.989014],[73.756057,19.989093],[73.75528,19.989173],[73.754338,19.98929],[73.754134,19.98929],[73.753739,19.989252],[73.753493,19.989228],[73.752525,19.989564],[73.752034,19.989604],[73.751793,19.989581],[73.751728,19.98957],[73.751693,19.989571],[73.751122,19.989493],[73.750915,19.989481],[73.750622,19.989408],[73.75061,19.989406],[73.750607,19.989404],[73.750536,19.989386],[73.750174,19.989157],[73.749995,19.989043],[73.74972,19.988845],[73.749409,19.989726],[73.749218,19.990322],[73.749278,19.990883],[73.749513,19.991918],[73.749673,19.992559],[73.749664,19.992604],[73.749674,19.992648],[73.749648,19.99272],[73.74946,19.992915],[73.750889,19.993183],[73.750917,19.993452],[73.751069,19.994913],[73.75125,19.995709],[73.751251,19.995712],[73.751431,19.996504],[73.751661,19.998135],[73.751796,19.999266],[73.751804,19.999328],[73.751917,20.000301],[73.752029,20.001275],[73.752081,20.001578],[73.752184,20.002169],[73.752255,20.002618],[73.75236,20.003274],[73.752431,20.003806],[73.75245,20.003943],[73.752556,20.004695],[73.752585,20.004901],[73.752592,20.004957],[73.75284,20.006872],[73.752998,20.007893],[73.753099,20.00836],[73.753127,20.008488],[73.753193,20.00879],[73.753258,20.009092],[73.753438,20.010604],[73.753594,20.012117],[73.754972,20.012055],[73.755682,20.012055],[73.75583,20.012055]]]}},{"type":"Feature","properties":{"Name":"MH15-FQ-183","routeId":19,"fill-opacity":0.03,"stroke-width":1,"stroke-opacity":0.5,"locationConfidence":"verified","locationSource":"NMC waste collection vehicle tracking export, 30 Aug 2026 (RTI)"},"geometry":{"type":"Polygon","coordinates":[[[73.777335,19.990056],[73.776444,19.989713],[73.776015,19.990167],[73.775564,19.991145],[73.775007,19.991075],[73.77491,19.991186],[73.774577,19.991075],[73.774374,19.991186],[73.774341,19.991508],[73.774105,19.991307],[73.772442,19.992426],[73.771938,19.992405],[73.771927,19.992103],[73.77093,19.992385],[73.771026,19.992688],[73.771402,19.99302],[73.771831,19.99301],[73.771788,19.993585],[73.771584,19.994089],[73.77064,19.993827],[73.770543,19.993565],[73.770458,19.992809],[73.76991,19.992859],[73.769524,19.993343],[73.768355,19.992789],[73.768065,19.992214],[73.76623,19.991881],[73.76564,19.99172],[73.766477,19.991538],[73.766767,19.991367],[73.766702,19.990933],[73.766145,19.990823],[73.765705,19.990823],[73.765469,19.99047],[73.764803,19.990318],[73.764642,19.990429],[73.765211,19.990782],[73.764997,19.991377],[73.76402,19.991004],[73.763655,19.990863],[73.763452,19.991065],[73.763677,19.991307],[73.764353,19.9917],[73.764675,19.99177],[73.765168,19.992022],[73.765393,19.992174],[73.766145,19.992174],[73.767217,19.992284],[73.767893,19.992668],[73.767689,19.992849],[73.767046,19.992486],[73.766659,19.992466],[73.766606,19.992849],[73.766659,19.993071],[73.766252,19.99422],[73.765876,19.99423],[73.765672,19.993988],[73.765748,19.993636],[73.766059,19.993525],[73.766134,19.993353],[73.765994,19.993202],[73.765662,19.993031],[73.765404,19.99415],[73.765479,19.994432],[73.76564,19.994543],[73.767571,19.994755],[73.768977,19.994684],[73.769245,19.994432],[73.769385,19.993867],[73.771048,19.99416],[73.771627,19.994472],[73.771863,19.994704],[73.772163,19.994523],[73.77299,19.994745],[73.775468,19.995612],[73.776015,19.99542],[73.776391,19.994392],[73.776369,19.993222],[73.776648,19.99295],[73.776712,19.992738],[73.776305,19.992738],[73.776058,19.99296],[73.776015,19.992698],[73.776058,19.992315],[73.775876,19.991962],[73.775908,19.991276],[73.776079,19.990712],[73.776423,19.990026],[73.776809,19.990097],[73.777313,19.990339],[73.777453,19.990228],[73.777335,19.990056]]]}},{"type":"Feature","properties":{"Name":"MH15-FQ-186","routeId":144,"fill-opacity":0.03,"stroke-width":1,"stroke-opacity":0.5,"locationConfidence":"verified","locationSource":"NMC waste collection vehicle tracking export, 30 Aug 2026 (RTI)"},"geometry":{"type":"Polygon","coordinates":[[[73.78492,20.007075],[73.783911,20.006903],[73.782957,20.00654],[73.782474,20.006248],[73.78183,20.005966],[73.780478,20.005945],[73.779094,20.005925],[73.778676,20.005532],[73.778526,20.00522],[73.778569,20.004504],[73.778472,20.00406],[73.778268,20.003637],[73.777978,20.003465],[73.777871,20.003233],[73.778204,20.003102],[73.78006,20.003072],[73.781143,20.003072],[73.781197,20.003486],[73.781852,20.003687],[73.781229,20.004101],[73.781315,20.004474],[73.781551,20.004695],[73.781465,20.004877],[73.781894,20.005532],[73.782356,20.005774],[73.782442,20.005532],[73.782581,20.00523],[73.78256,20.004957],[73.782227,20.005048],[73.782034,20.004564],[73.78197,20.004131],[73.782066,20.003869],[73.782485,20.003717],[73.783032,20.003687],[73.783193,20.003395],[73.782967,20.002699],[73.782817,20.002508],[73.782699,20.002175],[73.782613,20.001832],[73.782592,20.0016],[73.78213,20.001479],[73.781776,20.001318],[73.781637,20.001016],[73.780832,20.000864],[73.780414,20.000794],[73.780468,20.000562],[73.780897,20.000602],[73.781497,20.000622],[73.78213,20.000612],[73.782635,20.000653],[73.783278,20.001701],[73.784716,20.006167],[73.784931,20.006772],[73.78492,20.007075]]]}},{"type":"Feature","properties":{"Name":"MH15-FQ-187","routeId":115,"fill-opacity":0.03,"stroke-width":1,"stroke-opacity":0.5,"locationConfidence":"verified","locationSource":"NMC waste collection vehicle tracking export, 30 Aug 2026 (RTI)"},"geometry":{"type":"Polygon","coordinates":[[[73.788498,20.010045],[73.788399,20.009479],[73.788261,20.009056],[73.78821,20.008899],[73.788159,20.008742],[73.788158,20.008732],[73.788101,20.008163],[73.787761,20.008137],[73.787752,20.008136],[73.787663,20.007865],[73.787663,20.007864],[73.787653,20.007832],[73.787679,20.007435],[73.787696,20.007118],[73.787624,20.006688],[73.787293,20.006719],[73.786326,20.006738],[73.786315,20.006687],[73.786309,20.00654],[73.785579,20.006685],[73.784778,20.006852],[73.784756,20.006804],[73.784701,20.006669],[73.784586,20.006398],[73.784276,20.00562],[73.784193,20.005416],[73.784185,20.005392],[73.783949,20.004801],[73.783705,20.004001],[73.783405,20.003167],[73.783105,20.002333],[73.782799,20.001531],[73.782461,20.000643],[73.782086,20.000684],[73.78059,20.000762],[73.779702,20.000802],[73.779083,20.00083],[73.778336,20.000868],[73.778048,20.000877],[73.777931,20.000882],[73.777255,20.0009],[73.774674,20.001744],[73.772094,20.002588],[73.772094,20.002589],[73.771909,20.002665],[73.771875,20.002679],[73.771065,20.002883],[73.770229,20.003093],[73.770437,20.003871],[73.77037,20.003903],[73.769907,20.004131],[73.769654,20.004257],[73.769265,20.004447],[73.768875,20.004637],[73.768322,20.004906],[73.767673,20.005096],[73.767037,20.005311],[73.766498,20.005493],[73.766193,20.005566],[73.765635,20.005666],[73.765085,20.005702],[73.764763,20.005723],[73.76337,20.005831],[73.761895,20.006339],[73.761518,20.00647],[73.75995,20.006906],[73.759225,20.007148],[73.757973,20.007593],[73.757459,20.00778],[73.756511,20.008166],[73.755347,20.008639],[73.755355,20.008704],[73.755419,20.009177],[73.755608,20.010719],[73.755797,20.01196],[73.75583,20.012055],[73.755862,20.01215],[73.755908,20.012543],[73.755973,20.013099],[73.755986,20.013205],[73.755994,20.01328],[73.756139,20.014562],[73.757486,20.014295],[73.758351,20.014128],[73.758664,20.014066],[73.758732,20.014908],[73.75875,20.015103],[73.758787,20.015512],[73.758795,20.015606],[73.758822,20.015908],[73.758822,20.015933],[73.758838,20.016126],[73.758834,20.016997],[73.759002,20.018221],[73.759152,20.019284],[73.759481,20.019302],[73.759481,20.019316],[73.759485,20.019954],[73.75943,20.020803],[73.759032,20.022626],[73.75903,20.022625],[73.758956,20.022905],[73.760104,20.023002],[73.761497,20.022997],[73.763019,20.022806],[73.764514,20.022335],[73.766184,20.021509],[73.767345,20.020889],[73.768439,20.020163],[73.769183,20.019369],[73.769641,20.018537],[73.770104,20.017675],[73.770477,20.016375],[73.771004,20.015443],[73.771828,20.014449],[73.77208,20.014263],[73.772864,20.01293],[73.773824,20.011772],[73.774883,20.010286],[73.775702,20.009642],[73.778249,20.009182],[73.781848,20.009032],[73.783911,20.009365],[73.785296,20.009869],[73.788498,20.010045]]]}},{"type":"Feature","properties":{"Name":"MH15-FQ-191","routeId":61,"fill-opacity":0.03,"stroke-width":1,"stroke-opacity":0.5,"locationConfidence":"verified","locationSource":"NMC waste collection vehicle tracking export, 30 Aug 2026 (RTI)"},"geometry":{"type":"Polygon","coordinates":[[[73.78727,20.009182],[73.786991,20.009383],[73.787034,20.009504],[73.789115,20.009504],[73.789716,20.00904],[73.789823,20.008677],[73.789587,20.008194],[73.789394,20.007871],[73.78948,20.006964],[73.789372,20.006661],[73.787527,20.006822],[73.786454,20.006681],[73.786497,20.006339],[73.787742,20.006238],[73.787634,20.005955],[73.787549,20.005593],[73.787634,20.005129],[73.787398,20.004645],[73.787591,20.004242],[73.787849,20.003959],[73.788106,20.003738],[73.787699,20.003314],[73.787377,20.002588],[73.787677,20.002608],[73.787999,20.003173],[73.788407,20.003354],[73.788621,20.002871],[73.788214,20.002245],[73.787827,20.001641],[73.787313,20.001641],[73.78654,20.002447],[73.786175,20.001963],[73.786261,20.001016],[73.786411,20.000431],[73.786583,20.000007],[73.785982,20.000169],[73.78551,20.001217],[73.785703,20.002225],[73.786132,20.003314],[73.78669,20.00408],[73.78581,20.004262],[73.784266,20.004584],[73.783922,20.004665],[73.783836,20.00533],[73.784158,20.006238],[73.784459,20.007024],[73.785081,20.007266],[73.786368,20.007286],[73.787956,20.007246],[73.788836,20.007145],[73.788857,20.007589],[73.788879,20.008395],[73.789265,20.008718],[73.788943,20.009101],[73.787677,20.009141],[73.78727,20.009182]]]}},{"type":"Feature","properties":{"Name":"MH15-FQ-326","routeId":703,"fill-opacity":0.03,"stroke-width":1,"stroke-opacity":0.5,"locationConfidence":"verified","locationSource":"NMC waste collection vehicle tracking export, 30 Aug 2026 (RTI)"},"geometry":{"type":"Polygon","coordinates":[[[73.760748,20.011641],[73.761027,20.013859],[73.761349,20.013879],[73.761188,20.014162],[73.761724,20.017226],[73.761703,20.019696],[73.761585,20.020351],[73.761199,20.020422],[73.760866,20.020764],[73.761274,20.020926],[73.761263,20.021399],[73.761241,20.021551],[73.760705,20.021541],[73.760308,20.021319],[73.760201,20.02151],[73.760018,20.021621],[73.759643,20.02143],[73.759643,20.021107],[73.759503,20.020906],[73.759407,20.020512],[73.759278,20.019353],[73.759117,20.019],[73.75887,20.018184],[73.758763,20.017539],[73.758752,20.016349],[73.75872,20.015381],[73.758581,20.014676],[73.758624,20.014242],[73.758806,20.014262],[73.75886,20.01522],[73.760265,20.015049],[73.760877,20.014897],[73.761005,20.014635],[73.760834,20.014091],[73.760759,20.013647],[73.760608,20.012569],[73.760533,20.011833],[73.760566,20.011571],[73.76078,20.011601],[73.760748,20.011641]]]}},{"type":"Feature","properties":{"Name":"MH15-FQ-328","routeId":138,"fill-opacity":0.03,"stroke-width":1,"stroke-opacity":0.5,"locationConfidence":"verified","locationSource":"NMC waste collection vehicle tracking export, 30 Aug 2026 (RTI)"},"geometry":{"type":"Polygon","coordinates":[[[73.784094,20.004957],[73.784072,20.004705],[73.786529,20.004121],[73.786433,20.002921],[73.785768,20.002034],[73.785596,20.001147],[73.784394,20.001439],[73.782903,20.001631],[73.78242,20.000854],[73.78094,20.000864],[73.780167,20.000108],[73.779641,19.997084],[73.781143,19.997114],[73.783128,19.997557],[73.7861,19.998636],[73.787506,19.998656],[73.790209,19.999402],[73.790209,20.000632],[73.789995,20.002084],[73.789008,20.002225],[73.788536,20.001741],[73.787634,20.002044],[73.787076,20.002891],[73.787098,20.00404],[73.787098,20.004625],[73.785124,20.005048],[73.784394,20.005048],[73.784094,20.004957]]]}},{"type":"Feature","properties":{"Name":"MH15-FQ-334","routeId":21,"fill-opacity":0.03,"stroke-width":1,"stroke-opacity":0.5,"locationConfidence":"verified","locationSource":"NMC waste collection vehicle tracking export, 30 Aug 2026 (RTI)"},"geometry":{"type":"Polygon","coordinates":[[[73.77315,19.992547],[73.771734,19.992708],[73.77049,19.993877],[73.765597,19.99424],[73.765469,19.993394],[73.765683,19.992305],[73.763924,19.991821],[73.763194,19.991538],[73.763108,19.990893],[73.760877,19.99053],[73.760372,19.990439],[73.760244,19.989925],[73.759632,19.989673],[73.758377,19.989653],[73.758162,19.988524],[73.757808,19.988433],[73.757529,19.988988],[73.757465,19.989804],[73.757004,19.989955],[73.756875,19.990893],[73.755641,19.991367],[73.754343,19.992537],[73.753957,19.993081],[73.753785,19.993575],[73.752444,19.993313],[73.752626,19.992153],[73.752433,19.990399],[73.752401,19.990157],[73.752084,19.989968],[73.751481,19.98989],[73.751183,19.98965],[73.751001,19.989653],[73.751006,19.989986],[73.751414,19.990248],[73.751543,19.991317],[73.751543,19.991841],[73.751199,19.991639],[73.750985,19.992043],[73.751113,19.993031],[73.750577,19.99291],[73.750255,19.992506],[73.749804,19.991518],[73.749526,19.99047],[73.749719,19.990228],[73.750041,19.990187],[73.749912,19.989784],[73.749998,19.989179],[73.750169,19.988312],[73.749783,19.988171],[73.749311,19.989522],[73.749139,19.990449],[73.749247,19.991619],[73.749547,19.992486],[73.749708,19.993242],[73.749762,19.993615],[73.750234,19.993706],[73.750727,19.993777],[73.751929,20.001126],[73.752176,20.001126],[73.752379,20.001106],[73.752455,20.000895],[73.752455,19.999796],[73.752176,19.997991],[73.752047,19.997013],[73.751864,19.995894],[73.751553,19.994452],[73.751779,19.994372],[73.751618,19.99418],[73.751113,19.994029],[73.751167,19.993686],[73.753999,19.994089],[73.756918,19.994382],[73.761038,19.994876],[73.761778,19.995007],[73.761746,19.99544],[73.761349,19.995612],[73.760673,19.995813],[73.760265,19.996418],[73.759986,19.996338],[73.759922,19.99661],[73.759954,19.996922],[73.760169,19.996942],[73.760329,19.996771],[73.761188,19.996942],[73.761703,19.996963],[73.761681,19.997678],[73.761585,19.998031],[73.761547,19.998183],[73.761719,19.998576],[73.761864,19.998924],[73.762003,19.998959],[73.762186,19.997184],[73.762207,19.996479],[73.762314,19.995712],[73.762701,19.995672],[73.762894,19.99664],[73.763344,19.996821],[73.76298,19.998596],[73.761756,19.999846],[73.760641,20.000673],[73.760791,20.000895],[73.761263,20.000884],[73.763376,19.999039],[73.764063,19.998384],[73.763967,19.997689],[73.763666,19.99541],[73.764009,19.994785],[73.768945,19.994825],[73.772571,19.994825],[73.77315,19.992547]]]}},{"type":"Feature","properties":{"Name":"MH15-FQ-338","routeId":37,"fill-opacity":0.03,"stroke-width":1,"stroke-opacity":0.5,"locationConfidence":"verified","locationSource":"NMC waste collection vehicle tracking export, 30 Aug 2026 (RTI)"},"geometry":{"type":"Polygon","coordinates":[[[73.753881,20.002871],[73.755598,20.012065],[73.756113,20.012266],[73.760319,20.011782],[73.761392,20.011178],[73.758817,20.004161],[73.757658,20.002145],[73.755598,20.001943],[73.754911,20.002266],[73.754311,19.999402],[73.754439,19.997225],[73.754439,19.994845],[73.754354,19.993434],[73.750706,19.992708],[73.750319,19.993192],[73.750448,19.993676],[73.753281,19.994281],[73.753581,19.997305],[73.752079,19.997709],[73.751993,19.999685],[73.752637,20.001378],[73.754053,20.001298],[73.753881,20.002871]]]}},{"type":"Feature","properties":{"Name":"MH15-FQ-340","routeId":747,"fill-opacity":0.03,"stroke-width":1,"stroke-opacity":0.5,"locationConfidence":"verified","locationSource":"NMC waste collection vehicle tracking export, 30 Aug 2026 (RTI)"},"geometry":{"type":"Polygon","coordinates":[[[73.798648,20.001627],[73.79848,20.001136],[73.798096,20.000693],[73.798061,20.000652],[73.797792,20.000218],[73.797523,19.999784],[73.797389,19.999521],[73.797353,19.999457],[73.796929,19.998666],[73.796929,19.998665],[73.796703,19.99835],[73.79667,19.998279],[73.796613,19.998194],[73.796591,19.998106],[73.796566,19.998053],[73.79652,19.997857],[73.796198,19.997753],[73.795877,19.997653],[73.795748,19.997547],[73.795699,19.997473],[73.795481,19.997215],[73.795344,19.997092],[73.795031,19.99691],[73.794862,19.996876],[73.794349,19.996793],[73.794347,19.997107],[73.794342,19.997158],[73.794338,19.997436],[73.794303,19.997608],[73.794297,19.997681],[73.794215,19.998117],[73.794157,19.998402],[73.794161,19.998444],[73.794165,19.998486],[73.794009,19.998505],[73.794004,19.998507],[73.793113,19.998611],[73.793148,19.998844],[73.792831,19.998917],[73.792352,19.998961],[73.792035,19.998995],[73.791507,19.99903],[73.791127,19.99906],[73.790949,19.999067],[73.790843,19.99912],[73.790737,19.999172],[73.790503,19.999241],[73.79027,19.999311],[73.790017,19.999372],[73.789039,19.999427],[73.788873,19.999971],[73.788729,19.999877],[73.788703,19.99982],[73.788682,19.999801],[73.788654,19.999711],[73.788618,19.999631],[73.788589,19.999507],[73.788503,19.999351],[73.788482,19.999346],[73.787635,19.999153],[73.787237,19.999082],[73.786489,19.998962],[73.786496,19.998941],[73.78649,19.99894],[73.786563,19.998704],[73.786848,19.997995],[73.787233,19.998018],[73.787244,19.997786],[73.787245,19.997763],[73.787058,19.997776],[73.787063,19.997763],[73.787174,19.997457],[73.787176,19.997454],[73.787322,19.997052],[73.787473,19.99678],[73.787514,19.996697],[73.787599,19.996578],[73.78766,19.996482],[73.787773,19.996335],[73.787798,19.996301],[73.78792,19.996145],[73.788174,19.995816],[73.788189,19.995801],[73.788246,19.995729],[73.788967,19.995096],[73.788976,19.995089],[73.788976,19.995088],[73.789966,19.994563],[73.790759,19.994328],[73.790491,19.994288],[73.789996,19.994181],[73.788512,19.993861],[73.788146,19.993798],[73.78778,19.993735],[73.787625,19.993679],[73.786671,19.993418],[73.786492,19.993374],[73.785962,19.993315],[73.784838,19.993397],[73.78393,19.99347],[73.783567,19.9935],[73.782695,19.993573],[73.782591,19.993574],[73.782459,19.994181],[73.782287,19.994916],[73.782115,19.99565],[73.781927,19.996056],[73.781739,19.996462],[73.781612,19.996688],[73.781604,19.996704],[73.781254,19.99733],[73.782005,19.999458],[73.782267,20.000146],[73.782461,20.000643],[73.782799,20.001531],[73.783105,20.002333],[73.783405,20.003167],[73.783574,20.00357],[73.783705,20.004001],[73.784185,20.005392],[73.784276,20.00562],[73.784701,20.006669],[73.784778,20.006852],[73.784816,20.006844],[73.785579,20.006685],[73.786309,20.00654],[73.786359,20.006719],[73.787271,20.006719],[73.787624,20.006688],[73.787704,20.007039],[73.787679,20.007435],[73.787663,20.007864],[73.787663,20.007865],[73.787761,20.008137],[73.7881,20.00816],[73.788101,20.008163],[73.788158,20.008732],[73.78821,20.008899],[73.788379,20.009364],[73.788399,20.009479],[73.788498,20.010045],[73.790025,20.009383],[73.790384,20.008927],[73.790433,20.008471],[73.791165,20.007886],[73.792004,20.007378],[73.79218,20.006732],[73.792656,20.005864],[73.79291,20.004669],[73.793484,20.003648],[73.793995,20.002739],[73.795253,20.002052],[73.796063,20.001638],[73.79759,20.001638],[73.798648,20.001627]]]}},{"type":"Feature","properties":{"Name":"MH15-HH-7048","routeId":563,"fill-opacity":0.03,"stroke-width":1,"stroke-opacity":0.5,"locationConfidence":"verified","locationSource":"NMC waste collection vehicle tracking export, 30 Aug 2026 (RTI)"},"geometry":{"type":"Polygon","coordinates":[[[73.725503,19.965968],[73.730203,19.965195],[73.73508,19.964124],[73.740553,19.964064],[73.749417,19.964124],[73.754354,19.964183],[73.757388,19.958473],[73.756317,19.957045],[73.751618,19.959662],[73.748465,19.960912],[73.744836,19.960138],[73.740018,19.961031],[73.736151,19.961626],[73.735437,19.959008],[73.73276,19.957045],[73.727883,19.958532],[73.724849,19.962934],[73.725503,19.965968]]]}},{"type":"Feature","properties":{"Name":"MH15-HH-7051","routeId":740,"fill-opacity":0.03,"stroke-width":1,"stroke-opacity":0.5,"locationConfidence":"verified","locationSource":"NMC waste collection vehicle tracking export, 30 Aug 2026 (RTI)"},"geometry":{"type":"Polygon","coordinates":[[[73.75584,19.975086],[73.755796,19.974715],[73.75579,19.974658],[73.758218,19.974352],[73.758741,19.974286],[73.75868,19.973718],[73.758687,19.973717],[73.759982,19.973532],[73.759928,19.97315],[73.759928,19.973147],[73.760299,19.973117],[73.760323,19.973308],[73.762259,19.973113],[73.762259,19.973114],[73.762297,19.973348],[73.764749,19.973055],[73.764714,19.972916],[73.764935,19.972688],[73.764298,19.972064],[73.764287,19.972054],[73.763823,19.971601],[73.763439,19.971226],[73.763438,19.971224],[73.76357,19.971109],[73.764121,19.970618],[73.764092,19.970586],[73.764486,19.97022],[73.764284,19.97002],[73.763945,19.969685],[73.763944,19.969684],[73.76421,19.969476],[73.764224,19.969491],[73.7644,19.969678],[73.764724,19.969442],[73.764966,19.969702],[73.765708,19.969039],[73.766234,19.969574],[73.766599,19.969517],[73.768564,19.969201],[73.769079,19.968832],[73.768858,19.968112],[73.76909,19.96792],[73.768301,19.966829],[73.767814,19.966237],[73.767578,19.965919],[73.766722,19.964766],[73.766005,19.963994],[73.765714,19.964179],[73.764081,19.965274],[73.763103,19.965931],[73.763023,19.965985],[73.76301,19.965993],[73.762298,19.966469],[73.76146,19.967136],[73.760878,19.967462],[73.759983,19.967972],[73.759958,19.967986],[73.759889,19.968009],[73.758549,19.968544],[73.758549,19.968543],[73.758442,19.96833],[73.758615,19.968252],[73.758107,19.967272],[73.757955,19.967325],[73.75816,19.966824],[73.758161,19.966815],[73.758199,19.96615],[73.758079,19.965706],[73.758076,19.965697],[73.758029,19.965348],[73.757281,19.965499],[73.755993,19.96569],[73.755993,19.965689],[73.755992,19.965689],[73.755948,19.965479],[73.755895,19.965231],[73.755895,19.96523],[73.755093,19.965394],[73.755081,19.965342],[73.754283,19.965496],[73.753316,19.965643],[73.753256,19.966422],[73.753293,19.967831],[73.753403,19.968656],[73.753552,19.969712],[73.75379,19.97074],[73.753933,19.971259],[73.75405,19.9716],[73.754285,19.97228],[73.754433,19.973156],[73.754441,19.973217],[73.75453,19.973748],[73.754706,19.975184],[73.75584,19.975086]]]}},{"type":"Feature","properties":{"Name":"MH15-HH-7052","routeId":568,"fill-opacity":0.03,"stroke-width":1,"stroke-opacity":0.5,"locationConfidence":"verified","locationSource":"NMC waste collection vehicle tracking export, 30 Aug 2026 (RTI)"},"geometry":{"type":"Polygon","coordinates":[[[73.7937,19.94297],[73.79577,19.94312],[73.79683,19.94321],[73.79796,19.94307],[73.7979,19.94498],[73.79783,19.94714],[73.79772,19.95053],[73.79631,19.95092],[73.79443,19.95144],[73.79191,19.95213],[73.78927,19.95305],[73.78633,19.95406],[73.78533,19.95394],[73.78392,19.95386],[73.78126,19.95383],[73.78051,19.95383],[73.77816,19.95388],[73.77756,19.9539],[73.77595,19.95413],[73.77628,19.95509],[73.77639,19.95543],[73.77695,19.95711],[73.77698,19.95721],[73.77722,19.95829],[73.77741,19.95916],[73.77785,19.96069],[73.77838,19.96241],[73.77983,19.96528],[73.77771,19.96559],[73.77807,19.96824],[73.77574,19.96736],[73.77466,19.96697],[73.77478,19.96732],[73.77452,19.96739],[73.77343,19.96701],[73.77325,19.96659],[73.77324,19.96644],[73.77286,19.96635],[73.77258,19.96629],[73.77156,19.96622],[73.7715,19.96622],[73.77133,19.96621],[73.77131,19.9662],[73.77045,19.96615],[73.76977,19.96609],[73.76959,19.96608],[73.76758,19.96592],[73.7683,19.96683],[73.76909,19.96792],[73.76992,19.9688],[73.77052,19.96962],[73.77119,19.97041],[73.77202,19.97105],[73.77249,19.97146],[73.77282,19.97175],[73.77397,19.9727],[73.77571,19.97473],[73.77633,19.9755],[73.77814,19.97754],[73.77851,19.97794],[73.77906,19.97859],[73.77944,19.97902],[73.77965,19.97925],[73.78011,19.97977],[73.78019,19.97985],[73.78053,19.98034],[73.78144,19.9813],[73.78166,19.98159],[73.78215,19.98246],[73.78276,19.98366],[73.78289,19.98395],[73.78334,19.9849],[73.78373,19.98581],[73.78389,19.98601],[73.78391,19.98609],[73.78367,19.98617],[73.78329,19.98614],[73.7828,19.9858],[73.78259,19.98565],[73.78232,19.98545],[73.78213,19.98541],[73.78191,19.98542],[73.78168,19.9855],[73.78132,19.98577],[73.78094,19.98597],[73.7805,19.98616],[73.78004,19.98626],[73.77951,19.98639],[73.77925,19.98648],[73.77889,19.98653],[73.77862,19.9866],[73.77851,19.98687],[73.77851,19.98717],[73.77838,19.98754],[73.77815,19.9877],[73.77762,19.98788],[73.77724,19.98793],[73.77662,19.98803],[73.77597,19.98806],[73.77548,19.98793],[73.77518,19.98798],[73.77483,19.98804],[73.77456,19.98836],[73.77426,19.98905],[73.7742,19.98945],[73.77431,19.98978],[73.77443,19.99012],[73.77438,19.99053],[73.77426,19.99063],[73.77418,19.99075],[73.77341,19.9911],[73.77256,19.99143],[73.77232,19.99155],[73.77199,19.99167],[73.77167,19.99164],[73.77136,19.99166],[73.77114,19.99173],[73.77097,19.99181],[73.77072,19.99187],[73.77042,19.99179],[73.77027,19.99171],[73.76993,19.99161],[73.76933,19.99167],[73.76874,19.99159],[73.76781,19.99142],[73.76773,19.9914],[73.76751,19.99136],[73.7672,19.99115],[73.76706,19.99101],[73.76595,19.99062],[73.76546,19.99053],[73.76468,19.99036],[73.76433,19.99036],[73.76392,19.9903],[73.76373,19.99028],[73.76343,19.99021],[73.76302,19.99012],[73.76269,19.99014],[73.7626,19.99014],[73.76215,19.99023],[73.7617,19.99024],[73.7615,19.9902],[73.76093,19.98996],[73.76058,19.98981],[73.76025,19.98937],[73.76007,19.98899],[73.75981,19.98872],[73.75882,19.98832],[73.75747,19.98833],[73.7571,19.98838],[73.75683,19.98849],[73.75639,19.98886],[73.75625,19.98907],[73.75528,19.98917],[73.75425,19.9893],[73.75374,19.98925],[73.75349,19.98923],[73.75253,19.98956],[73.75203,19.9896],[73.75171,19.98957],[73.75112,19.98949],[73.75092,19.98948],[73.75054,19.98939],[73.75,19.98904],[73.74972,19.98885],[73.7495,19.98855],[73.74925,19.98832],[73.74898,19.98831],[73.74832,19.98849],[73.74777,19.98854],[73.74736,19.98857],[73.74651,19.98862],[73.74537,19.98914],[73.74526,19.98912],[73.74516,19.98907],[73.74441,19.98853],[73.74379,19.98805],[73.74337,19.98775],[73.74336,19.98774],[73.74324,19.98771],[73.74308,19.98766],[73.74293,19.98772],[73.74271,19.98777],[73.74239,19.9882],[73.74216,19.98841],[73.74214,19.98842],[73.74191,19.98849],[73.74156,19.98849],[73.74112,19.98849],[73.74032,19.98846],[73.73998,19.98841],[73.73962,19.98841],[73.73889,19.98843],[73.73798,19.98837],[73.73725,19.98827],[73.73671,19.98807],[73.73645,19.98781],[73.73644,19.98772],[73.73643,19.98756],[73.73645,19.98739],[73.73653,19.98706],[73.73642,19.98698],[73.73637,19.98691],[73.73624,19.98695],[73.73609,19.98698],[73.73576,19.98717],[73.7354,19.98745],[73.73459,19.98783],[73.7335,19.98817],[73.73323,19.98824],[73.73305,19.98831],[73.73265,19.98843],[73.73248,19.98846],[73.7323,19.98852],[73.73167,19.98869],[73.73163,19.9887],[73.73134,19.98867],[73.73106,19.98851],[73.73045,19.98825],[73.73037,19.98821],[73.73036,19.98821],[73.73039,19.98809],[73.73013,19.98799],[73.72945,19.98781],[73.72867,19.98761],[73.72811,19.9873],[73.72756,19.98699],[73.72743,19.98678],[73.72737,19.98591],[73.72736,19.98571],[73.72744,19.9853],[73.72802,19.98498],[73.72833,19.98493],[73.72865,19.98473],[73.72849,19.98441],[73.72782,19.98409],[73.7268,19.98421],[73.72617,19.98413],[73.72528,19.98378],[73.72495,19.98352],[73.72449,19.98324],[73.72414,19.98431],[73.72381,19.9854],[73.72381,19.98549],[73.72378,19.98568],[73.7235,19.98591],[73.7216,19.98509],[73.71969,19.98426],[73.71797,19.98335],[73.71786,19.98309],[73.71746,19.9827],[73.71722,19.98247],[73.71727,19.98188],[73.71709,19.98168],[73.71709,19.98148],[73.71717,19.98139],[73.71779,19.98132],[73.71815,19.98122],[73.71836,19.981],[73.71838,19.98083],[73.71819,19.98021],[73.71774,19.97968],[73.71791,19.97925],[73.71801,19.97909],[73.71789,19.97861],[73.71788,19.97808],[73.71795,19.97773],[73.71795,19.9773],[73.7179,19.97712],[73.71787,19.9764],[73.71781,19.97621],[73.71773,19.97599],[73.7178,19.97589],[73.71805,19.97577],[73.71797,19.97568],[73.71788,19.97559],[73.71766,19.97533],[73.71721,19.97442],[73.71714,19.97236],[73.71696,19.97206],[73.71669,19.97161],[73.71632,19.97099],[73.71594,19.97063],[73.71506,19.96958],[73.71469,19.96916],[73.71442,19.96874],[73.71387,19.96852],[73.71419,19.96831],[73.71402,19.96821],[73.71332,19.96783],[73.71268,19.96749],[73.71186,19.96741],[73.7103,19.96751],[73.71029,19.96693],[73.71031,19.96665],[73.71047,19.96491],[73.71019,19.96291],[73.71013,19.96244],[73.70962,19.96022],[73.70893,19.95697],[73.70884,19.95527],[73.70864,19.95114],[73.70839,19.94585],[73.7083,19.94441],[73.7089,19.94379],[73.7099,19.94277],[73.71019,19.94196],[73.71153,19.94086],[73.71174,19.94113],[73.71217,19.94087],[73.71247,19.94069],[73.7129,19.94064],[73.71535,19.94035],[73.71725,19.94103],[73.72015,19.94206],[73.72169,19.94261],[73.72333,19.94276],[73.72399,19.94291],[73.72563,19.94349],[73.72638,19.94278],[73.72782,19.94211],[73.72899,19.94157],[73.72917,19.94131],[73.72976,19.94177],[73.73008,19.94143],[73.73201,19.94046],[73.73204,19.93872],[73.73206,19.93727],[73.73114,19.93481],[73.73111,19.93465],[73.73101,19.93126],[73.73096,19.92909],[73.7309,19.92698],[73.73075,19.92465],[73.73057,19.92196],[73.73052,19.92111],[73.73154,19.92065],[73.73239,19.92001],[73.73239,19.91893],[73.73247,19.91796],[73.73295,19.91793],[73.73348,19.91789],[73.73405,19.9178],[73.73462,19.91772],[73.73476,19.9177],[73.73494,19.91768],[73.73786,19.91735],[73.74081,19.91701],[73.74111,19.91698],[73.74143,19.91698],[73.74165,19.91705],[73.74218,19.91719],[73.74223,19.91721],[73.74229,19.91723],[73.74257,19.91685],[73.74271,19.91671],[73.7442,19.91655],[73.74449,19.91653],[73.74459,19.9164],[73.74476,19.91622],[73.74488,19.91612],[73.74515,19.91605],[73.74629,19.91595],[73.74832,19.91589],[73.74932,19.91584],[73.75051,19.91574],[73.75324,19.91556],[73.75547,19.91544],[73.75553,19.91629],[73.75735,19.91628],[73.75829,19.91575],[73.76043,19.91546],[73.76142,19.9154],[73.76204,19.91585],[73.76303,19.91716],[73.76338,19.91758],[73.76436,19.91816],[73.76445,19.91884],[73.76305,19.91978],[73.76279,19.92078],[73.76253,19.92138],[73.76282,19.92166],[73.76364,19.9222],[73.76414,19.92292],[73.76492,19.92342],[73.76586,19.92348],[73.76766,19.92319],[73.76809,19.9234],[73.76848,19.92416],[73.76895,19.92478],[73.76919,19.92495],[73.76973,19.92513],[73.77021,19.92505],[73.77072,19.92434],[73.77118,19.9231],[73.77134,19.92294],[73.77122,19.92275],[73.77098,19.91989],[73.77075,19.91712],[73.77072,19.91652],[73.77236,19.91659],[73.77417,19.91667],[73.77575,19.91673],[73.77581,19.91664],[73.77593,19.91646],[73.77609,19.91621],[73.77626,19.91596],[73.77692,19.91613],[73.7776,19.91633],[73.77796,19.91643],[73.77838,19.91651],[73.77856,19.91654],[73.77874,19.91658],[73.77886,19.91486],[73.77896,19.91341],[73.77904,19.91213],[73.7791,19.9117],[73.77921,19.91081],[73.77926,19.91055],[73.77955,19.90903],[73.77965,19.90855],[73.78028,19.90578],[73.78136,19.90601],[73.78143,19.90603],[73.78196,19.90614],[73.78245,19.90624],[73.78262,19.90628],[73.78262,19.90581],[73.78273,19.90591],[73.78298,19.90616],[73.78312,19.90631],[73.78326,19.90645],[73.78366,19.90685],[73.78393,19.90712],[73.7841,19.90729],[73.78428,19.90746],[73.78439,19.90757],[73.78467,19.90785],[73.78481,19.90799],[73.78493,19.90812],[73.78501,19.90819],[73.78507,19.90825],[73.78513,19.90832],[73.78516,19.90835],[73.78529,19.90848],[73.78539,19.90855],[73.7855,19.90864],[73.78556,19.9087],[73.78568,19.90879],[73.78596,19.90902],[73.78612,19.90916],[73.78649,19.90946],[73.78678,19.9097],[73.78692,19.90981],[73.78722,19.91009],[73.78905,19.9116],[73.79028,19.9126],[73.79078,19.91302],[73.79091,19.91313],[73.79106,19.91326],[73.79117,19.91335],[73.79133,19.91349],[73.79143,19.91356],[73.79147,19.9136],[73.79151,19.91363],[73.79155,19.91366],[73.79167,19.91376],[73.79178,19.91386],[73.79183,19.91389],[73.79185,19.91391],[73.79189,19.91394],[73.79198,19.91402],[73.79206,19.91408],[73.7922,19.9142],[73.79234,19.91431],[73.79241,19.91438],[73.79273,19.91463],[73.79316,19.91499],[73.79348,19.91525],[73.79391,19.91561],[73.79395,19.91564],[73.79407,19.91605],[73.7942,19.91648],[73.79421,19.91652],[73.79437,19.91665],[73.79484,19.91701],[73.79543,19.91728],[73.79605,19.91757],[73.79678,19.91786],[73.7973,19.91805],[73.79755,19.91818],[73.79784,19.91845],[73.79826,19.91882],[73.79847,19.91901],[73.79918,19.91992],[73.79854,19.92056],[73.7986,19.92179],[73.79865,19.9229],[73.7948,19.92325],[73.79479,19.92325],[73.7937,19.92346],[73.79397,19.92622],[73.79405,19.92708],[73.79403,19.92708],[73.79324,19.92708],[73.79181,19.92723],[73.79102,19.9273],[73.79091,19.92737],[73.79038,19.92769],[73.7901,19.92796],[73.78989,19.92913],[73.78978,19.92957],[73.78966,19.92996],[73.78969,19.93134],[73.78971,19.93272],[73.78974,19.93426],[73.78972,19.93635],[73.7897,19.93715],[73.78961,19.93884],[73.78953,19.94009],[73.78941,19.94176],[73.78936,19.94239],[73.79069,19.94275],[73.7937,19.94297]]]}},{"type":"Feature","properties":{"Name":"MH15-HH-7054","routeId":569,"fill-opacity":0.03,"stroke-width":1,"stroke-opacity":0.5,"locationConfidence":"verified","locationSource":"NMC waste collection vehicle tracking export, 30 Aug 2026 (RTI)"},"geometry":{"type":"Polygon","coordinates":[[[73.762726,19.965024],[73.763469,19.966033],[73.762041,19.967175],[73.760747,19.967879],[73.762746,19.970163],[73.761451,19.971306],[73.760309,19.972295],[73.759605,19.971077],[73.757244,19.971819],[73.756083,19.972143],[73.756159,19.973552],[73.754313,19.973818],[73.753989,19.972219],[73.753551,19.97062],[73.75298,19.968165],[73.753665,19.967993],[73.75397,19.969212],[73.756273,19.968736],[73.758367,19.968279],[73.760956,19.967022],[73.762308,19.965976],[73.762155,19.965328],[73.762726,19.965024]]]}},{"type":"Feature","properties":{"Name":"MH15-HH-7056","routeId":572,"fill-opacity":0.03,"stroke-width":1,"stroke-opacity":0.5,"locationConfidence":"verified","locationSource":"NMC waste collection vehicle tracking export, 30 Aug 2026 (RTI)"},"geometry":{"type":"Polygon","coordinates":[[[73.75584,19.975086],[73.755796,19.974715],[73.75579,19.974658],[73.758218,19.974352],[73.758741,19.974286],[73.75868,19.973718],[73.758687,19.973717],[73.759982,19.973532],[73.759928,19.97315],[73.759928,19.973147],[73.760299,19.973117],[73.760323,19.973308],[73.762259,19.973113],[73.762259,19.973114],[73.762297,19.973348],[73.764749,19.973055],[73.764714,19.972916],[73.764935,19.972688],[73.764298,19.972064],[73.764287,19.972054],[73.763823,19.971601],[73.763439,19.971226],[73.763438,19.971224],[73.76357,19.971109],[73.764121,19.970618],[73.764092,19.970586],[73.764486,19.97022],[73.764284,19.97002],[73.763945,19.969685],[73.763944,19.969684],[73.76421,19.969476],[73.764224,19.969491],[73.7644,19.969678],[73.764724,19.969442],[73.764966,19.969702],[73.765708,19.969039],[73.766234,19.969574],[73.766599,19.969517],[73.768564,19.969201],[73.769079,19.968832],[73.768858,19.968112],[73.76909,19.96792],[73.768301,19.966829],[73.767814,19.966237],[73.767578,19.965919],[73.766722,19.964766],[73.766005,19.963994],[73.765714,19.964179],[73.764081,19.965274],[73.763103,19.965931],[73.763023,19.965985],[73.76301,19.965993],[73.762298,19.966469],[73.76146,19.967136],[73.760878,19.967462],[73.759983,19.967972],[73.759958,19.967986],[73.759889,19.968009],[73.758549,19.968544],[73.758549,19.968543],[73.758442,19.96833],[73.758615,19.968252],[73.758107,19.967272],[73.757955,19.967325],[73.75816,19.966824],[73.758161,19.966815],[73.758199,19.96615],[73.758079,19.965706],[73.758076,19.965697],[73.758029,19.965348],[73.757281,19.965499],[73.755993,19.96569],[73.755993,19.965689],[73.755992,19.965689],[73.755948,19.965479],[73.755895,19.965231],[73.755895,19.96523],[73.755093,19.965394],[73.755081,19.965342],[73.754283,19.965496],[73.753316,19.965643],[73.753256,19.966422],[73.753293,19.967831],[73.753403,19.968656],[73.753552,19.969712],[73.75379,19.97074],[73.753933,19.971259],[73.75405,19.9716],[73.754285,19.97228],[73.754433,19.973156],[73.754441,19.973217],[73.75453,19.973748],[73.754706,19.975184],[73.75584,19.975086]]]}},{"type":"Feature","properties":{"Name":"MH15-HH-7058","routeId":567,"fill-opacity":0.03,"stroke-width":1,"stroke-opacity":0.5,"locationConfidence":"verified","locationSource":"NMC waste collection vehicle tracking export, 30 Aug 2026 (RTI)"},"geometry":{"type":"Polygon","coordinates":[[[73.749342,19.946415],[73.757551,19.953434],[73.767069,19.962476],[73.774802,19.971161],[73.781227,19.978656],[73.785986,19.986628],[73.782892,19.987936],[73.775754,19.985676],[73.770638,19.990078],[73.768378,19.98746],[73.765165,19.978775],[73.772542,19.97592],[73.764808,19.96902],[73.753387,19.95974],[73.746606,19.950103],[73.749342,19.946415]]]}},{"type":"Feature","properties":{"Name":"MH15-HH-7059","routeId":570,"fill-opacity":0.03,"stroke-width":1,"stroke-opacity":0.5,"locationConfidence":"verified","locationSource":"NMC waste collection vehicle tracking export, 30 Aug 2026 (RTI)"},"geometry":{"type":"Polygon","coordinates":[[[73.757545,19.972149],[73.760472,19.972042],[73.761079,19.976717],[73.76065,19.981215],[73.761436,19.986533],[73.758759,19.986354],[73.75262,19.985248],[73.750407,19.982428],[73.750371,19.979002],[73.755761,19.979858],[73.757402,19.983749],[73.758937,19.983213],[73.757331,19.976218],[73.757545,19.972149]]]}},{"type":"Feature","properties":{"Name":"MH15-HH-7061","routeId":566,"fill-opacity":0.03,"stroke-width":1,"stroke-opacity":0.5,"locationConfidence":"verified","locationSource":"NMC waste collection vehicle tracking export, 30 Aug 2026 (RTI)"},"geometry":{"type":"Polygon","coordinates":[[[73.771136,19.99173],[73.77122,19.991692],[73.771287,19.99168],[73.771357,19.991656],[73.771447,19.991651],[73.771587,19.991625],[73.771674,19.991636],[73.771707,19.991633],[73.771982,19.991658],[73.772515,19.99144],[73.773366,19.991119],[73.773407,19.991104],[73.773499,19.991061],[73.774151,19.990734],[73.77426,19.990632],[73.774343,19.990512],[73.774413,19.990187],[73.774308,19.989776],[73.774249,19.989604],[73.774191,19.989479],[73.774195,19.98945],[73.774258,19.98906],[73.77426,19.989055],[73.77426,19.989054],[73.774274,19.989021],[73.774539,19.988389],[73.77456,19.988357],[73.774728,19.988101],[73.774828,19.988037],[73.77528,19.987943],[73.775368,19.987945],[73.77548,19.987926],[73.775645,19.987972],[73.775976,19.988061],[73.776691,19.988013],[73.777626,19.987871],[73.778127,19.987707],[73.778384,19.987537],[73.778508,19.987171],[73.778508,19.986865],[73.778624,19.986601],[73.778893,19.98653],[73.779249,19.986477],[73.779512,19.986388],[73.77964,19.986345],[73.780543,19.986139],[73.780588,19.98612],[73.781097,19.985885],[73.781514,19.9856],[73.781734,19.98545],[73.781897,19.985421],[73.781909,19.985416],[73.781922,19.985416],[73.782071,19.985389],[73.782322,19.985452],[73.782594,19.985651],[73.783031,19.985951],[73.783294,19.986142],[73.783668,19.986168],[73.78391,19.986091],[73.783894,19.986013],[73.783727,19.98581],[73.78338,19.984996],[73.782892,19.983947],[73.782148,19.982464],[73.781658,19.981589],[73.781436,19.981296],[73.781003,19.980859],[73.780533,19.980336],[73.780111,19.979768],[73.779438,19.979016],[73.77923,19.978783],[73.779065,19.978591],[73.778138,19.977537],[73.777771,19.977133],[73.77707,19.976339],[73.776409,19.975599],[73.776327,19.975497],[73.775709,19.974727],[73.77505,19.974002],[73.774417,19.973233],[73.77397,19.972697],[73.773111,19.972],[73.772823,19.971752],[73.771189,19.970406],[73.770524,19.969617],[73.769918,19.968799],[73.76909,19.96792],[73.768858,19.968112],[73.769079,19.968832],[73.768564,19.969201],[73.768545,19.969215],[73.767069,19.969444],[73.766599,19.969517],[73.766236,19.969576],[73.766234,19.969574],[73.766223,19.969576],[73.765708,19.969039],[73.764966,19.969702],[73.764724,19.969442],[73.7644,19.969678],[73.764224,19.969491],[73.763945,19.969685],[73.764284,19.97002],[73.764486,19.97022],[73.764092,19.970586],[73.764121,19.970618],[73.764128,19.970626],[73.76357,19.971109],[73.763439,19.971226],[73.763823,19.971601],[73.764233,19.972001],[73.764287,19.972054],[73.764298,19.972064],[73.764935,19.972688],[73.764714,19.972916],[73.764749,19.973055],[73.762297,19.973348],[73.762259,19.973114],[73.760323,19.973308],[73.760299,19.973117],[73.759928,19.97315],[73.759982,19.973532],[73.759418,19.973617],[73.759578,19.974536],[73.759637,19.974532],[73.75966,19.974822],[73.759554,19.974829],[73.759557,19.975241],[73.759623,19.975659],[73.760125,19.976558],[73.760146,19.976593],[73.760145,19.976594],[73.759643,19.977684],[73.759793,19.978262],[73.759889,19.97854],[73.760113,19.979132],[73.76028,19.979683],[73.760327,19.979937],[73.760458,19.980602],[73.760657,19.981713],[73.760665,19.981758],[73.760474,19.98178],[73.760535,19.982438],[73.760181,19.982474],[73.760326,19.983412],[73.760378,19.983806],[73.760387,19.983863],[73.760749,19.983731],[73.760913,19.984416],[73.760929,19.985249],[73.760658,19.986181],[73.760874,19.987738],[73.76105,19.989014],[73.761637,19.989406],[73.762453,19.990152],[73.762551,19.990146],[73.762603,19.990136],[73.762647,19.990141],[73.763014,19.990118],[73.763041,19.990116],[73.763377,19.990197],[73.763428,19.990212],[73.763563,19.990244],[73.763918,19.990296],[73.764675,19.990358],[73.765851,19.990586],[73.765949,19.990621],[73.766049,19.99064],[73.766636,19.990857],[73.76706,19.991014],[73.767214,19.991164],[73.76728,19.991207],[73.767521,19.991334],[73.767735,19.991399],[73.768361,19.991506],[73.769346,19.991672],[73.769757,19.991617],[73.769822,19.991621],[73.769842,19.991619],[73.769896,19.991625],[73.770005,19.991631],[73.770042,19.991642],[73.770183,19.991658],[73.770322,19.991737],[73.770403,19.991778],[73.770717,19.991869],[73.771136,19.99173]]]}},{"type":"Feature","properties":{"Name":"MH15-HH-7062","routeId":1000,"fill-opacity":0.03,"stroke-width":1,"stroke-opacity":0.5,"locationConfidence":"verified","locationSource":"NMC waste collection vehicle tracking export, 30 Aug 2026 (RTI)"},"geometry":{"type":"Polygon","coordinates":[[[73.766866,19.949876],[73.767437,19.948848],[73.772919,19.943937],[73.770749,19.935885],[73.772577,19.935543],[73.777545,19.937484],[73.780458,19.938683],[73.781086,19.940968],[73.788395,19.941253],[73.788681,19.935428],[73.788624,19.929546],[73.785711,19.927605],[73.780914,19.924407],[73.781999,19.923036],[73.787025,19.922808],[73.790965,19.922751],[73.793021,19.925149],[73.792621,19.928747],[73.790451,19.930003],[73.790623,19.937199],[73.789937,19.94348],[73.786111,19.942909],[73.779658,19.942852],[73.774576,19.945194],[73.770864,19.950847],[73.766866,19.949876]]]}},{"type":"Feature","properties":{"Name":"MH15-HH-7063","routeId":741,"fill-opacity":0.03,"stroke-width":1,"stroke-opacity":0.5,"locationConfidence":"verified","locationSource":"NMC waste collection vehicle tracking export, 30 Aug 2026 (RTI)"},"geometry":{"type":"Polygon","coordinates":[[[73.75584,19.975086],[73.755796,19.974715],[73.75579,19.974658],[73.758218,19.974352],[73.758741,19.974286],[73.75868,19.973718],[73.758687,19.973717],[73.759982,19.973532],[73.759928,19.97315],[73.759928,19.973147],[73.760299,19.973117],[73.760323,19.973308],[73.762259,19.973113],[73.762259,19.973114],[73.762297,19.973348],[73.764749,19.973055],[73.764714,19.972916],[73.764935,19.972688],[73.764298,19.972064],[73.764287,19.972054],[73.763823,19.971601],[73.763439,19.971226],[73.763438,19.971224],[73.76357,19.971109],[73.764121,19.970618],[73.764092,19.970586],[73.764486,19.97022],[73.764284,19.97002],[73.763945,19.969685],[73.763944,19.969684],[73.76421,19.969476],[73.764224,19.969491],[73.7644,19.969678],[73.764724,19.969442],[73.764966,19.969702],[73.765708,19.969039],[73.766234,19.969574],[73.766599,19.969517],[73.768564,19.969201],[73.769079,19.968832],[73.768858,19.968112],[73.76909,19.96792],[73.768301,19.966829],[73.767814,19.966237],[73.767578,19.965919],[73.766722,19.964766],[73.766005,19.963994],[73.765714,19.964179],[73.764081,19.965274],[73.763103,19.965931],[73.763023,19.965985],[73.76301,19.965993],[73.762298,19.966469],[73.76146,19.967136],[73.760878,19.967462],[73.759983,19.967972],[73.759958,19.967986],[73.759889,19.968009],[73.758549,19.968544],[73.758549,19.968543],[73.758442,19.96833],[73.758615,19.968252],[73.758107,19.967272],[73.757955,19.967325],[73.75816,19.966824],[73.758161,19.966815],[73.758199,19.96615],[73.758079,19.965706],[73.758076,19.965697],[73.758029,19.965348],[73.757281,19.965499],[73.755993,19.96569],[73.755993,19.965689],[73.755992,19.965689],[73.755948,19.965479],[73.755895,19.965231],[73.755895,19.96523],[73.755093,19.965394],[73.755081,19.965342],[73.754283,19.965496],[73.753316,19.965643],[73.753256,19.966422],[73.753293,19.967831],[73.753403,19.968656],[73.753552,19.969712],[73.75379,19.97074],[73.753933,19.971259],[73.75405,19.9716],[73.754285,19.97228],[73.754433,19.973156],[73.754441,19.973217],[73.75453,19.973748],[73.754706,19.975184],[73.75584,19.975086]]]}},{"type":"Feature","properties":{"Name":"MH15-HH-7235","routeId":182,"fill-opacity":0.03,"stroke-width":1,"stroke-opacity":0.5,"locationConfidence":"verified","locationSource":"NMC waste collection vehicle tracking export, 30 Aug 2026 (RTI)"},"geometry":{"type":"Polygon","coordinates":[[[73.785129,20.006732],[73.786905,20.006943],[73.787457,20.00708],[73.787323,20.008088],[73.787291,20.008738],[73.787774,20.009318],[73.788369,20.009479],[73.788954,20.009449],[73.789759,20.009025],[73.789957,20.008607],[73.789887,20.008118],[73.789651,20.006943],[73.789281,20.006112],[73.788477,20.00584],[73.787554,20.005749],[73.786481,20.005961],[73.78558,20.006117],[73.785204,20.006444],[73.785129,20.006732]]]}},{"type":"Feature","properties":{"Name":"MH15-HH-7238","routeId":188,"fill-opacity":0.03,"stroke-width":1,"stroke-opacity":0.5,"locationConfidence":"verified","locationSource":"NMC waste collection vehicle tracking export, 30 Aug 2026 (RTI)"},"geometry":{"type":"Polygon","coordinates":[[[73.782592,20.006379],[73.783,20.006661],[73.784008,20.007044],[73.785059,20.007024],[73.784781,20.005935],[73.784502,20.00525],[73.787098,20.004443],[73.789737,20.004363],[73.791111,20.004101],[73.791819,20.00406],[73.79199,20.003596],[73.792849,20.003455],[73.793449,20.003415],[73.793707,20.003072],[73.793106,20.002205],[73.793149,20.001499],[73.793342,20.000753],[73.793921,20.000915],[73.794265,20.000532],[73.794115,19.999302],[73.793449,19.998717],[73.792784,19.998596],[73.790681,19.999181],[73.790145,20.000572],[73.79066,20.00281],[73.790531,20.003596],[73.78536,20.004181],[73.783622,20.004605],[73.783257,20.00527],[73.782613,20.00527],[73.782248,20.00533],[73.782055,20.005814],[73.782592,20.006379]]]}},{"type":"Feature","properties":{"Name":"MH15-HH-7242","routeId":656,"fill-opacity":0.03,"stroke-width":1,"stroke-opacity":0.5,"locationConfidence":"verified","locationSource":"NMC waste collection vehicle tracking export, 30 Aug 2026 (RTI)"},"geometry":{"type":"Polygon","coordinates":[[[73.777713,19.965587],[73.778877,19.965409],[73.779828,19.965282],[73.778382,19.962413],[73.777956,19.961043],[73.777853,19.960689],[73.777411,19.959164],[73.777378,19.959052],[73.777215,19.958292],[73.776951,19.957113],[73.776278,19.955094],[73.775953,19.954129],[73.77756,19.953902],[73.778159,19.953885],[73.780086,19.953831],[73.78118,19.953834],[73.781265,19.953834],[73.783542,19.953841],[73.783891,19.953857],[73.783921,19.953857],[73.783993,19.953861],[73.785092,19.953909],[73.785332,19.953939],[73.785516,19.95395],[73.786387,19.954042],[73.78927,19.953046],[73.791823,19.952164],[73.791908,19.952135],[73.794429,19.951437],[73.796312,19.950915],[73.797718,19.950526],[73.797829,19.947144],[73.797898,19.944978],[73.797959,19.943072],[73.796833,19.943206],[73.795767,19.943124],[73.793698,19.942966],[73.790769,19.942753],[73.790742,19.942745],[73.790661,19.942739],[73.789361,19.942387],[73.789408,19.941761],[73.78953,19.940086],[73.789609,19.938838],[73.789701,19.937154],[73.789721,19.936352],[73.789737,19.934263],[73.78971,19.932715],[73.789686,19.931336],[73.789661,19.929957],[73.789779,19.929568],[73.789887,19.92913],[73.79009,19.927994],[73.790124,19.927958],[73.79013,19.927927],[73.790338,19.927727],[73.79038,19.927686],[73.790909,19.92737],[73.791008,19.927308],[73.791014,19.927308],[73.791024,19.927302],[73.791809,19.927225],[73.793163,19.927085],[73.79326,19.927085],[73.79333,19.927078],[73.794035,19.927078],[73.794048,19.927078],[73.793967,19.926225],[73.793704,19.923458],[73.794789,19.923252],[73.794797,19.923251],[73.798651,19.922895],[73.798598,19.921789],[73.798541,19.920596],[73.79854,19.920564],[73.799178,19.91992],[73.79918,19.919917],[73.798468,19.919013],[73.798257,19.918822],[73.797842,19.918452],[73.797546,19.918181],[73.7973,19.918051],[73.796779,19.917855],[73.796049,19.917567],[73.795431,19.917284],[73.794836,19.917006],[73.794369,19.916652],[73.794214,19.916522],[73.794201,19.916477],[73.794072,19.916048],[73.793967,19.915691],[73.793954,19.915641],[73.793912,19.915606],[73.793478,19.91525],[73.793162,19.914991],[73.792729,19.914633],[73.792413,19.914375],[73.792337,19.914312],[73.792218,19.914214],[73.792141,19.914151],[73.792057,19.914081],[73.79198,19.914018],[73.791889,19.913941],[73.791846,19.913906],[73.791826,19.913892],[73.791784,19.913857],[73.791741,19.913823],[73.791707,19.913794],[73.791665,19.913759],[73.79163,19.913731],[73.791546,19.913661],[73.79151,19.913633],[73.791468,19.913598],[73.791426,19.913563],[73.791392,19.913535],[73.791273,19.913437],[73.791175,19.913353],[73.791063,19.913262],[73.790912,19.913131],[73.790776,19.913023],[73.790277,19.912604],[73.78905,19.911596],[73.78722,19.910094],[73.786915,19.90981],[73.786783,19.9097],[73.786493,19.909463],[73.786116,19.909159],[73.785957,19.909023],[73.785677,19.908795],[73.785564,19.908702],[73.785497,19.908644],[73.785385,19.908554],[73.785295,19.908482],[73.785164,19.908351],[73.78513,19.908317],[73.785065,19.908253],[73.785005,19.908192],[73.784934,19.908119],[73.784877,19.908064],[73.784795,19.90798],[73.784724,19.90791],[73.784655,19.907839],[73.784563,19.907749],[73.784388,19.907575],[73.784278,19.907462],[73.784102,19.907288],[73.783934,19.907119],[73.78366,19.906846],[73.783262,19.906447],[73.783122,19.906307],[73.782975,19.906159],[73.782725,19.905911],[73.78262,19.905813],[73.78262,19.906272],[73.782565,19.906261],[73.782544,19.906256],[73.782513,19.906255],[73.782491,19.90625],[73.7824,19.906229],[73.782369,19.906224],[73.781963,19.906137],[73.78143,19.906025],[73.781357,19.906007],[73.780278,19.90578],[73.779645,19.908548],[73.779553,19.909027],[73.779258,19.91055],[73.779208,19.910809],[73.779101,19.911702],[73.779044,19.912128],[73.778958,19.913409],[73.77886,19.914864],[73.778744,19.916584],[73.778558,19.916537],[73.778383,19.91651],[73.777959,19.916433],[73.777604,19.916329],[73.776925,19.916125],[73.776259,19.915957],[73.776095,19.916206],[73.775932,19.916456],[73.775815,19.916638],[73.775756,19.916723],[73.775729,19.916733],[73.774168,19.916666],[73.772359,19.916588],[73.770716,19.916518],[73.770752,19.917123],[73.77098,19.919892],[73.771216,19.922746],[73.771345,19.922937],[73.771182,19.923095],[73.770716,19.924342],[73.770205,19.925052],[73.76973,19.925131],[73.769187,19.92495],[73.768945,19.924777],[73.768478,19.924157],[73.768089,19.923398],[73.767664,19.923194],[73.765856,19.923484],[73.764916,19.923422],[73.764137,19.922924],[73.763645,19.922202],[73.762825,19.921656],[73.762535,19.921377],[73.762786,19.920784],[73.763054,19.919776],[73.76445,19.918837],[73.764355,19.918161],[73.763377,19.917579],[73.763025,19.917155],[73.76204,19.915845],[73.761415,19.915402],[73.760435,19.915462],[73.758286,19.915746],[73.757351,19.916275],[73.755531,19.916295],[73.755474,19.915436],[73.753237,19.915562],[73.75051,19.915737],[73.749317,19.915839],[73.748318,19.915888],[73.746292,19.915951],[73.745146,19.916048],[73.744884,19.916117],[73.744763,19.91622],[73.744587,19.916399],[73.744494,19.916529],[73.744197,19.916551],[73.742711,19.91671],[73.742574,19.91685],[73.742285,19.917229],[73.742227,19.917206],[73.742182,19.917187],[73.741653,19.917051],[73.741434,19.916976],[73.741114,19.916981],[73.740815,19.917015],[73.737863,19.917349],[73.734939,19.91768],[73.73476,19.9177],[73.734621,19.917723],[73.734049,19.9178],[73.733484,19.91789],[73.73295,19.917932],[73.73247,19.917959],[73.73239,19.918932],[73.73239,19.920006],[73.731539,19.920646],[73.730516,19.921111],[73.730571,19.921958],[73.730747,19.924653],[73.730899,19.926983],[73.730964,19.929094],[73.731008,19.931264],[73.731113,19.934651],[73.732338,19.93523],[73.734079,19.935867],[73.735018,19.936131],[73.735749,19.936503],[73.736304,19.936933],[73.737025,19.937607],[73.737797,19.938278],[73.738568,19.93895],[73.739701,19.940233],[73.741078,19.941594],[73.742066,19.94221],[73.743054,19.942825],[73.743924,19.943492],[73.744192,19.943799],[73.74446,19.944106],[73.746008,19.94556],[73.747735,19.947101],[73.749455,19.948663],[73.750543,19.949538],[73.751631,19.950413],[73.752806,19.951381],[73.753015,19.951554],[73.754558,19.952957],[73.755268,19.953723],[73.755906,19.954411],[73.757068,19.955569],[73.75852,19.95688],[73.759538,19.95772],[73.760941,19.958923],[73.762264,19.960054],[73.763586,19.961235],[73.764475,19.962236],[73.765365,19.963236],[73.766005,19.963994],[73.766722,19.964766],[73.767578,19.965919],[73.769766,19.966093],[73.771311,19.966204],[73.771495,19.966216],[73.772582,19.966287],[73.772623,19.96629],[73.773238,19.966443],[73.773238,19.966444],[73.77325,19.966588],[73.773432,19.967009],[73.774516,19.967389],[73.77478,19.967313],[73.774663,19.966966],[73.775735,19.967356],[73.778066,19.968239],[73.777669,19.965597],[73.777714,19.965591],[73.777713,19.965587]]]}},{"type":"Feature","properties":{"Name":"MH15-HH-7243","routeId":181,"fill-opacity":0.03,"stroke-width":1,"stroke-opacity":0.5,"locationConfidence":"verified","locationSource":"NMC waste collection vehicle tracking export, 30 Aug 2026 (RTI)"},"geometry":{"type":"Polygon","coordinates":[[[73.790971,20.00398],[73.791829,20.004312],[73.792934,20.004342],[73.793385,20.003949],[73.793267,20.003304],[73.79317,20.002508],[73.792967,20.001076],[73.79331,20.000491],[73.793471,19.999604],[73.792838,19.999281],[73.791744,19.999806],[73.790542,20.001792],[73.790435,20.002891],[73.790756,20.003455],[73.790907,20.003959],[73.790971,20.00398]]]}},{"type":"Feature","properties":{"Name":"MH15-HH-7244","routeId":657,"fill-opacity":0.03,"stroke-width":1,"stroke-opacity":0.5,"locationConfidence":"verified","locationSource":"NMC waste collection vehicle tracking export, 30 Aug 2026 (RTI)"},"geometry":{"type":"Polygon","coordinates":[[[73.75583,20.012055],[73.755797,20.01196],[73.755608,20.010719],[73.755419,20.009177],[73.755347,20.008639],[73.755346,20.008639],[73.756402,20.008209],[73.757457,20.007779],[73.757973,20.007593],[73.758486,20.007405],[73.759147,20.007175],[73.759225,20.007148],[73.75995,20.006906],[73.761517,20.006469],[73.761895,20.006339],[73.76242,20.006157],[73.763322,20.005847],[73.76337,20.005831],[73.763389,20.005824],[73.763566,20.005797],[73.76429,20.005754],[73.764763,20.005723],[73.764813,20.005719],[73.765635,20.005666],[73.766314,20.00553],[73.768036,20.004974],[73.768385,20.004855],[73.769265,20.004447],[73.769907,20.004131],[73.770427,20.003871],[73.770203,20.003101],[73.770229,20.003093],[73.770256,20.003086],[73.771065,20.002883],[73.771909,20.002665],[73.772094,20.002588],[73.774674,20.001744],[73.777255,20.0009],[73.778048,20.000877],[73.779083,20.00083],[73.780967,20.000734],[73.782461,20.000643],[73.782267,20.000146],[73.782073,19.999649],[73.782005,19.999458],[73.781983,19.9994],[73.781254,19.99733],[73.781612,19.996688],[73.781927,19.996056],[73.782115,19.99565],[73.782287,19.994916],[73.782589,19.993578],[73.782594,19.99355],[73.782633,19.993269],[73.782694,19.993034],[73.782739,19.992799],[73.782776,19.992591],[73.782815,19.992401],[73.782937,19.991727],[73.782937,19.990854],[73.782937,19.99005],[73.782935,19.990002],[73.782893,19.989155],[73.782996,19.988868],[73.783362,19.98864],[73.783547,19.988345],[73.783657,19.98768],[73.783884,19.986907],[73.783952,19.986762],[73.784019,19.986617],[73.78391,19.986091],[73.783669,19.986168],[73.783668,19.986168],[73.783666,19.986169],[73.783294,19.986142],[73.782802,19.985804],[73.782594,19.985651],[73.782322,19.985452],[73.782132,19.985409],[73.781922,19.985416],[73.781897,19.985421],[73.781683,19.985497],[73.781321,19.985765],[73.780941,19.985968],[73.780588,19.98612],[73.780549,19.986137],[73.780543,19.986139],[73.780496,19.986159],[73.780039,19.986258],[73.779512,19.986388],[73.779249,19.986477],[73.778893,19.98653],[73.778624,19.986601],[73.778508,19.986865],[73.778508,19.987171],[73.778384,19.987537],[73.778152,19.987699],[73.778127,19.987707],[73.777664,19.987865],[73.777626,19.987871],[73.777577,19.987887],[73.777242,19.987933],[73.776618,19.988029],[73.775976,19.988061],[73.775794,19.988013],[73.775645,19.987972],[73.775559,19.987948],[73.775368,19.987945],[73.77518,19.987977],[73.774828,19.988037],[73.77456,19.988357],[73.774274,19.989021],[73.77426,19.989055],[73.774195,19.98945],[73.774249,19.989604],[73.774284,19.989679],[73.774308,19.989776],[73.774427,19.99012],[73.774413,19.990187],[73.774416,19.9902],[73.774385,19.99045],[73.774343,19.990512],[73.774331,19.990567],[73.77426,19.990632],[73.774217,19.990695],[73.774006,19.990828],[73.773499,19.991061],[73.773437,19.991093],[73.773366,19.991119],[73.772558,19.991426],[73.772318,19.991546],[73.77199,19.991674],[73.771674,19.991636],[73.771447,19.991651],[73.771287,19.99168],[73.771136,19.99173],[73.770968,19.991806],[73.770717,19.991869],[73.770446,19.991799],[73.770403,19.991778],[73.770381,19.991771],[73.770322,19.991737],[73.770255,19.991704],[73.770042,19.991642],[73.769896,19.991625],[73.769822,19.991621],[73.769346,19.991672],[73.769336,19.991673],[73.76874,19.991587],[73.76781,19.991421],[73.767735,19.991399],[73.767599,19.991375],[73.767521,19.991334],[73.767432,19.991308],[73.76728,19.991207],[73.767233,19.991183],[73.767214,19.991164],[73.767197,19.991153],[73.76706,19.991014],[73.765949,19.990621],[73.765456,19.990527],[73.764675,19.990358],[73.764333,19.990358],[73.76403,19.990313],[73.763918,19.990296],[73.763725,19.990281],[73.763563,19.990244],[73.763496,19.990234],[73.763428,19.990212],[73.763016,19.990118],[73.763014,19.990118],[73.762686,19.990145],[73.762647,19.990141],[73.762551,19.990146],[73.762148,19.990229],[73.761696,19.99024],[73.761588,19.990242],[73.761498,19.990204],[73.761497,19.990203],[73.760928,19.989956],[73.760582,19.989806],[73.760249,19.989371],[73.760072,19.988988],[73.759861,19.988771],[73.75971,19.988678],[73.758816,19.988324],[73.75747,19.988327],[73.757118,19.988373],[73.757057,19.988393],[73.756867,19.988472],[73.756769,19.98854],[73.756393,19.988856],[73.756286,19.989014],[73.756057,19.989093],[73.75528,19.989173],[73.754338,19.98929],[73.754134,19.98929],[73.753739,19.989252],[73.753493,19.989228],[73.752525,19.989564],[73.752034,19.989604],[73.751793,19.989581],[73.751728,19.98957],[73.751693,19.989571],[73.751122,19.989493],[73.750915,19.989481],[73.750622,19.989408],[73.75061,19.989406],[73.750607,19.989404],[73.750536,19.989386],[73.750174,19.989157],[73.749995,19.989043],[73.74972,19.988845],[73.749409,19.989726],[73.749218,19.990322],[73.749278,19.990883],[73.749513,19.991918],[73.749673,19.992559],[73.749664,19.992604],[73.749674,19.992648],[73.749648,19.99272],[73.74946,19.992915],[73.750889,19.993183],[73.750917,19.993452],[73.751069,19.994913],[73.75125,19.995709],[73.751251,19.995712],[73.751431,19.996504],[73.751661,19.998135],[73.751796,19.999266],[73.751804,19.999328],[73.751917,20.000301],[73.752029,20.001275],[73.752081,20.001578],[73.752184,20.002169],[73.752255,20.002618],[73.75236,20.003274],[73.752431,20.003806],[73.75245,20.003943],[73.752556,20.004695],[73.752585,20.004901],[73.752592,20.004957],[73.75284,20.006872],[73.752998,20.007893],[73.753099,20.00836],[73.753127,20.008488],[73.753193,20.00879],[73.753258,20.009092],[73.753438,20.010604],[73.753594,20.012117],[73.754972,20.012055],[73.755682,20.012055],[73.75583,20.012055]]]}},{"type":"Feature","properties":{"Name":"MH15-HH-7247","routeId":191,"fill-opacity":0.03,"stroke-width":1,"stroke-opacity":0.5,"locationConfidence":"verified","locationSource":"NMC waste collection vehicle tracking export, 30 Aug 2026 (RTI)"},"geometry":{"type":"Polygon","coordinates":[[[73.794479,20.001116],[73.795177,20.000985],[73.795724,20.000209],[73.796314,19.999927],[73.79626,19.999665],[73.796185,19.998021],[73.796582,19.99786],[73.795692,19.997154],[73.795273,19.996741],[73.794769,19.996852],[73.7939,19.997416],[73.793986,19.998949],[73.794093,19.999927],[73.794286,20.000763],[73.794479,20.001116]]]}},{"type":"Feature","properties":{"Name":"MH15-HH-7249","routeId":667,"fill-opacity":0.03,"stroke-width":1,"stroke-opacity":0.5,"locationConfidence":"verified","locationSource":"NMC waste collection vehicle tracking export, 30 Aug 2026 (RTI)"},"geometry":{"type":"Polygon","coordinates":[[[73.75583,20.012055],[73.755797,20.01196],[73.755608,20.010719],[73.755419,20.009177],[73.755347,20.008639],[73.755346,20.008639],[73.756402,20.008209],[73.757457,20.007779],[73.757973,20.007593],[73.758486,20.007405],[73.759147,20.007175],[73.759225,20.007148],[73.75995,20.006906],[73.761517,20.006469],[73.761895,20.006339],[73.76242,20.006157],[73.763322,20.005847],[73.76337,20.005831],[73.763389,20.005824],[73.763566,20.005797],[73.76429,20.005754],[73.764763,20.005723],[73.764813,20.005719],[73.765635,20.005666],[73.766314,20.00553],[73.768036,20.004974],[73.768385,20.004855],[73.769265,20.004447],[73.769907,20.004131],[73.770427,20.003871],[73.770203,20.003101],[73.770229,20.003093],[73.770256,20.003086],[73.771065,20.002883],[73.771909,20.002665],[73.772094,20.002588],[73.774674,20.001744],[73.777255,20.0009],[73.778048,20.000877],[73.779083,20.00083],[73.780967,20.000734],[73.782461,20.000643],[73.782267,20.000146],[73.782073,19.999649],[73.782005,19.999458],[73.781983,19.9994],[73.781254,19.99733],[73.781612,19.996688],[73.781927,19.996056],[73.782115,19.99565],[73.782287,19.994916],[73.782589,19.993578],[73.782594,19.99355],[73.782633,19.993269],[73.782694,19.993034],[73.782739,19.992799],[73.782776,19.992591],[73.782815,19.992401],[73.782937,19.991727],[73.782937,19.990854],[73.782937,19.99005],[73.782935,19.990002],[73.782893,19.989155],[73.782996,19.988868],[73.783362,19.98864],[73.783547,19.988345],[73.783657,19.98768],[73.783884,19.986907],[73.783952,19.986762],[73.784019,19.986617],[73.78391,19.986091],[73.783669,19.986168],[73.783668,19.986168],[73.783666,19.986169],[73.783294,19.986142],[73.782802,19.985804],[73.782594,19.985651],[73.782322,19.985452],[73.782132,19.985409],[73.781922,19.985416],[73.781897,19.985421],[73.781683,19.985497],[73.781321,19.985765],[73.780941,19.985968],[73.780588,19.98612],[73.780549,19.986137],[73.780543,19.986139],[73.780496,19.986159],[73.780039,19.986258],[73.779512,19.986388],[73.779249,19.986477],[73.778893,19.98653],[73.778624,19.986601],[73.778508,19.986865],[73.778508,19.987171],[73.778384,19.987537],[73.778152,19.987699],[73.778127,19.987707],[73.777664,19.987865],[73.777626,19.987871],[73.777577,19.987887],[73.777242,19.987933],[73.776618,19.988029],[73.775976,19.988061],[73.775794,19.988013],[73.775645,19.987972],[73.775559,19.987948],[73.775368,19.987945],[73.77518,19.987977],[73.774828,19.988037],[73.77456,19.988357],[73.774274,19.989021],[73.77426,19.989055],[73.774195,19.98945],[73.774249,19.989604],[73.774284,19.989679],[73.774308,19.989776],[73.774427,19.99012],[73.774413,19.990187],[73.774416,19.9902],[73.774385,19.99045],[73.774343,19.990512],[73.774331,19.990567],[73.77426,19.990632],[73.774217,19.990695],[73.774006,19.990828],[73.773499,19.991061],[73.773437,19.991093],[73.773366,19.991119],[73.772558,19.991426],[73.772318,19.991546],[73.77199,19.991674],[73.771674,19.991636],[73.771447,19.991651],[73.771287,19.99168],[73.771136,19.99173],[73.770968,19.991806],[73.770717,19.991869],[73.770446,19.991799],[73.770403,19.991778],[73.770381,19.991771],[73.770322,19.991737],[73.770255,19.991704],[73.770042,19.991642],[73.769896,19.991625],[73.769822,19.991621],[73.769346,19.991672],[73.769336,19.991673],[73.76874,19.991587],[73.76781,19.991421],[73.767735,19.991399],[73.767599,19.991375],[73.767521,19.991334],[73.767432,19.991308],[73.76728,19.991207],[73.767233,19.991183],[73.767214,19.991164],[73.767197,19.991153],[73.76706,19.991014],[73.765949,19.990621],[73.765456,19.990527],[73.764675,19.990358],[73.764333,19.990358],[73.76403,19.990313],[73.763918,19.990296],[73.763725,19.990281],[73.763563,19.990244],[73.763496,19.990234],[73.763428,19.990212],[73.763016,19.990118],[73.763014,19.990118],[73.762686,19.990145],[73.762647,19.990141],[73.762551,19.990146],[73.762148,19.990229],[73.761696,19.99024],[73.761588,19.990242],[73.761498,19.990204],[73.761497,19.990203],[73.760928,19.989956],[73.760582,19.989806],[73.760249,19.989371],[73.760072,19.988988],[73.759861,19.988771],[73.75971,19.988678],[73.758816,19.988324],[73.75747,19.988327],[73.757118,19.988373],[73.757057,19.988393],[73.756867,19.988472],[73.756769,19.98854],[73.756393,19.988856],[73.756286,19.989014],[73.756057,19.989093],[73.75528,19.989173],[73.754338,19.98929],[73.754134,19.98929],[73.753739,19.989252],[73.753493,19.989228],[73.752525,19.989564],[73.752034,19.989604],[73.751793,19.989581],[73.751728,19.98957],[73.751693,19.989571],[73.751122,19.989493],[73.750915,19.989481],[73.750622,19.989408],[73.75061,19.989406],[73.750607,19.989404],[73.750536,19.989386],[73.750174,19.989157],[73.749995,19.989043],[73.74972,19.988845],[73.749409,19.989726],[73.749218,19.990322],[73.749278,19.990883],[73.749513,19.991918],[73.749673,19.992559],[73.749664,19.992604],[73.749674,19.992648],[73.749648,19.99272],[73.74946,19.992915],[73.750889,19.993183],[73.750917,19.993452],[73.751069,19.994913],[73.75125,19.995709],[73.751251,19.995712],[73.751431,19.996504],[73.751661,19.998135],[73.751796,19.999266],[73.751804,19.999328],[73.751917,20.000301],[73.752029,20.001275],[73.752081,20.001578],[73.752184,20.002169],[73.752255,20.002618],[73.75236,20.003274],[73.752431,20.003806],[73.75245,20.003943],[73.752556,20.004695],[73.752585,20.004901],[73.752592,20.004957],[73.75284,20.006872],[73.752998,20.007893],[73.753099,20.00836],[73.753127,20.008488],[73.753193,20.00879],[73.753258,20.009092],[73.753438,20.010604],[73.753594,20.012117],[73.754972,20.012055],[73.755682,20.012055],[73.75583,20.012055]]]}},{"type":"Feature","properties":{"Name":"MH15-HH-7250","routeId":193,"fill-opacity":0.03,"stroke-width":1,"stroke-opacity":0.5,"locationConfidence":"verified","locationSource":"NMC waste collection vehicle tracking export, 30 Aug 2026 (RTI)"},"geometry":{"type":"Polygon","coordinates":[[[73.776519,20.008224],[73.776455,20.007901],[73.776197,20.006913],[73.77609,20.006117],[73.776433,20.005875],[73.781519,20.005804],[73.783386,20.00651],[73.784823,20.006923],[73.785585,20.006883],[73.787473,20.006923],[73.787484,20.007538],[73.787441,20.008244],[73.786883,20.008335],[73.786175,20.008355],[73.786154,20.009323],[73.785446,20.009434],[73.784555,20.009222],[73.783911,20.009121],[73.783804,20.008919],[73.784984,20.009071],[73.785317,20.008839],[73.785446,20.008103],[73.785231,20.007528],[73.784974,20.007276],[73.784587,20.007206],[73.784512,20.007619],[73.784384,20.00776],[73.784126,20.007246],[73.783407,20.006913],[73.783096,20.006812],[73.782656,20.006772],[73.78256,20.006601],[73.782173,20.006873],[73.782066,20.006691],[73.782184,20.006399],[73.781905,20.006288],[73.779395,20.006268],[73.778826,20.006399],[73.77786,20.006208],[73.776755,20.006339],[73.776562,20.007095],[73.776712,20.00781],[73.776938,20.007881],[73.776562,20.008214],[73.776519,20.008224]]]}},{"type":"Feature","properties":{"Name":"MH15-HH-7252","routeId":194,"fill-opacity":0.03,"stroke-width":1,"stroke-opacity":0.5,"locationConfidence":"verified","locationSource":"NMC waste collection vehicle tracking export, 30 Aug 2026 (RTI)"},"geometry":{"type":"Polygon","coordinates":[[[73.754287,20.009144],[73.7568,20.008859],[73.760169,20.007831],[73.766108,20.006289],[73.77159,20.004462],[73.777701,20.002349],[73.782897,20.002463],[73.787352,20.001606],[73.790664,20.000293],[73.795404,19.998694],[73.797117,20.001606],[73.798031,20.005489],[73.799858,20.00509],[73.804313,20.001264],[73.803913,19.997951],[73.802657,19.995724],[73.798659,19.993725],[73.796318,19.992526],[73.791406,19.993097],[73.787409,19.994411],[73.783469,19.994125],[73.783868,19.989956],[73.785068,19.986701],[73.782897,19.985845],[73.781184,19.988928],[73.775645,19.989956],[73.766222,19.990071],[73.759484,19.989956],[73.754344,19.990756],[73.752231,19.993782],[73.752859,19.998751],[73.753202,20.004176],[73.754287,20.009144]]]}},{"type":"Feature","properties":{"Name":"MH15-HH-7253","routeId":659,"fill-opacity":0.03,"stroke-width":1,"stroke-opacity":0.5,"locationConfidence":"verified","locationSource":"NMC waste collection vehicle tracking export, 30 Aug 2026 (RTI)"},"geometry":{"type":"Polygon","coordinates":[[[73.789584,20.009433],[73.790923,20.007857],[73.792439,20.006548],[73.793332,20.005001],[73.793867,20.002949],[73.795414,20.001908],[73.797704,20.00167],[73.798388,20.004763],[73.799251,20.004674],[73.799102,20.001551],[73.798686,20.000391],[73.797169,20.000599],[73.794878,20.001164],[73.793094,20.002205],[73.792172,20.003425],[73.790209,20.003306],[73.787948,20.002949],[73.786788,20.003336],[73.786521,20.004168],[73.786521,20.005447],[73.786788,20.007678],[73.787175,20.008719],[73.789584,20.009433]]]}},{"type":"Feature","properties":{"Name":"MH15-HH-7369","routeId":734,"fill-opacity":0.03,"stroke-width":1,"stroke-opacity":0.5,"locationConfidence":"verified","locationSource":"NMC waste collection vehicle tracking export, 30 Aug 2026 (RTI)"},"geometry":{"type":"Polygon","coordinates":[[[73.7937,19.94297],[73.79577,19.94312],[73.79683,19.94321],[73.79796,19.94307],[73.7979,19.94498],[73.79783,19.94714],[73.79772,19.95053],[73.79631,19.95092],[73.79443,19.95144],[73.79191,19.95213],[73.78927,19.95305],[73.78633,19.95406],[73.78533,19.95394],[73.78392,19.95386],[73.78126,19.95383],[73.78051,19.95383],[73.77816,19.95388],[73.77756,19.9539],[73.77595,19.95413],[73.77628,19.95509],[73.77639,19.95543],[73.77695,19.95711],[73.77698,19.95721],[73.77722,19.95829],[73.77741,19.95916],[73.77785,19.96069],[73.77838,19.96241],[73.77983,19.96528],[73.77771,19.96559],[73.77807,19.96824],[73.77574,19.96736],[73.77466,19.96697],[73.77478,19.96732],[73.77452,19.96739],[73.77343,19.96701],[73.77325,19.96659],[73.77324,19.96644],[73.77286,19.96635],[73.77258,19.96629],[73.77156,19.96622],[73.7715,19.96622],[73.77133,19.96621],[73.77131,19.9662],[73.77045,19.96615],[73.76977,19.96609],[73.76959,19.96608],[73.76758,19.96592],[73.7683,19.96683],[73.76909,19.96792],[73.76992,19.9688],[73.77052,19.96962],[73.77119,19.97041],[73.77202,19.97105],[73.77249,19.97146],[73.77282,19.97175],[73.77397,19.9727],[73.77571,19.97473],[73.77633,19.9755],[73.77814,19.97754],[73.77851,19.97794],[73.77906,19.97859],[73.77944,19.97902],[73.77965,19.97925],[73.78011,19.97977],[73.78019,19.97985],[73.78053,19.98034],[73.78144,19.9813],[73.78166,19.98159],[73.78215,19.98246],[73.78276,19.98366],[73.78289,19.98395],[73.78334,19.9849],[73.78373,19.98581],[73.78389,19.98601],[73.78391,19.98609],[73.78367,19.98617],[73.78329,19.98614],[73.7828,19.9858],[73.78259,19.98565],[73.78232,19.98545],[73.78213,19.98541],[73.78191,19.98542],[73.78168,19.9855],[73.78132,19.98577],[73.78094,19.98597],[73.7805,19.98616],[73.78004,19.98626],[73.77951,19.98639],[73.77925,19.98648],[73.77889,19.98653],[73.77862,19.9866],[73.77851,19.98687],[73.77851,19.98717],[73.77838,19.98754],[73.77815,19.9877],[73.77762,19.98788],[73.77724,19.98793],[73.77662,19.98803],[73.77597,19.98806],[73.77548,19.98793],[73.77518,19.98798],[73.77483,19.98804],[73.77456,19.98836],[73.77426,19.98905],[73.7742,19.98945],[73.77431,19.98978],[73.77443,19.99012],[73.77438,19.99053],[73.77426,19.99063],[73.77418,19.99075],[73.77341,19.9911],[73.77256,19.99143],[73.77232,19.99155],[73.77199,19.99167],[73.77167,19.99164],[73.77136,19.99166],[73.77114,19.99173],[73.77097,19.99181],[73.77072,19.99187],[73.77042,19.99179],[73.77027,19.99171],[73.76993,19.99161],[73.76933,19.99167],[73.76874,19.99159],[73.76781,19.99142],[73.76773,19.9914],[73.76751,19.99136],[73.7672,19.99115],[73.76706,19.99101],[73.76595,19.99062],[73.76546,19.99053],[73.76468,19.99036],[73.76433,19.99036],[73.76392,19.9903],[73.76373,19.99028],[73.76343,19.99021],[73.76302,19.99012],[73.76269,19.99014],[73.7626,19.99014],[73.76215,19.99023],[73.7617,19.99024],[73.7615,19.9902],[73.76093,19.98996],[73.76058,19.98981],[73.76025,19.98937],[73.76007,19.98899],[73.75981,19.98872],[73.75882,19.98832],[73.75747,19.98833],[73.7571,19.98838],[73.75683,19.98849],[73.75639,19.98886],[73.75625,19.98907],[73.75528,19.98917],[73.75425,19.9893],[73.75374,19.98925],[73.75349,19.98923],[73.75253,19.98956],[73.75203,19.9896],[73.75171,19.98957],[73.75112,19.98949],[73.75092,19.98948],[73.75054,19.98939],[73.75,19.98904],[73.74972,19.98885],[73.7495,19.98855],[73.74925,19.98832],[73.74898,19.98831],[73.74832,19.98849],[73.74777,19.98854],[73.74736,19.98857],[73.74651,19.98862],[73.74537,19.98914],[73.74526,19.98912],[73.74516,19.98907],[73.74441,19.98853],[73.74379,19.98805],[73.74337,19.98775],[73.74336,19.98774],[73.74324,19.98771],[73.74308,19.98766],[73.74293,19.98772],[73.74271,19.98777],[73.74239,19.9882],[73.74216,19.98841],[73.74214,19.98842],[73.74191,19.98849],[73.74156,19.98849],[73.74112,19.98849],[73.74032,19.98846],[73.73998,19.98841],[73.73962,19.98841],[73.73889,19.98843],[73.73798,19.98837],[73.73725,19.98827],[73.73671,19.98807],[73.73645,19.98781],[73.73644,19.98772],[73.73643,19.98756],[73.73645,19.98739],[73.73653,19.98706],[73.73642,19.98698],[73.73637,19.98691],[73.73624,19.98695],[73.73609,19.98698],[73.73576,19.98717],[73.7354,19.98745],[73.73459,19.98783],[73.7335,19.98817],[73.73323,19.98824],[73.73305,19.98831],[73.73265,19.98843],[73.73248,19.98846],[73.7323,19.98852],[73.73167,19.98869],[73.73163,19.9887],[73.73134,19.98867],[73.73106,19.98851],[73.73045,19.98825],[73.73037,19.98821],[73.73036,19.98821],[73.73039,19.98809],[73.73013,19.98799],[73.72945,19.98781],[73.72867,19.98761],[73.72811,19.9873],[73.72756,19.98699],[73.72743,19.98678],[73.72737,19.98591],[73.72736,19.98571],[73.72744,19.9853],[73.72802,19.98498],[73.72833,19.98493],[73.72865,19.98473],[73.72849,19.98441],[73.72782,19.98409],[73.7268,19.98421],[73.72617,19.98413],[73.72528,19.98378],[73.72495,19.98352],[73.72449,19.98324],[73.72414,19.98431],[73.72381,19.9854],[73.72381,19.98549],[73.72378,19.98568],[73.7235,19.98591],[73.7216,19.98509],[73.71969,19.98426],[73.71797,19.98335],[73.71786,19.98309],[73.71746,19.9827],[73.71722,19.98247],[73.71727,19.98188],[73.71709,19.98168],[73.71709,19.98148],[73.71717,19.98139],[73.71779,19.98132],[73.71815,19.98122],[73.71836,19.981],[73.71838,19.98083],[73.71819,19.98021],[73.71774,19.97968],[73.71791,19.97925],[73.71801,19.97909],[73.71789,19.97861],[73.71788,19.97808],[73.71795,19.97773],[73.71795,19.9773],[73.7179,19.97712],[73.71787,19.9764],[73.71781,19.97621],[73.71773,19.97599],[73.7178,19.97589],[73.71805,19.97577],[73.71797,19.97568],[73.71788,19.97559],[73.71766,19.97533],[73.71721,19.97442],[73.71714,19.97236],[73.71696,19.97206],[73.71669,19.97161],[73.71632,19.97099],[73.71594,19.97063],[73.71506,19.96958],[73.71469,19.96916],[73.71442,19.96874],[73.71387,19.96852],[73.71419,19.96831],[73.71402,19.96821],[73.71332,19.96783],[73.71268,19.96749],[73.71186,19.96741],[73.7103,19.96751],[73.71029,19.96693],[73.71031,19.96665],[73.71047,19.96491],[73.71019,19.96291],[73.71013,19.96244],[73.70962,19.96022],[73.70893,19.95697],[73.70884,19.95527],[73.70864,19.95114],[73.70839,19.94585],[73.7083,19.94441],[73.7089,19.94379],[73.7099,19.94277],[73.71019,19.94196],[73.71153,19.94086],[73.71174,19.94113],[73.71217,19.94087],[73.71247,19.94069],[73.7129,19.94064],[73.71535,19.94035],[73.71725,19.94103],[73.72015,19.94206],[73.72169,19.94261],[73.72333,19.94276],[73.72399,19.94291],[73.72563,19.94349],[73.72638,19.94278],[73.72782,19.94211],[73.72899,19.94157],[73.72917,19.94131],[73.72976,19.94177],[73.73008,19.94143],[73.73201,19.94046],[73.73204,19.93872],[73.73206,19.93727],[73.73114,19.93481],[73.73111,19.93465],[73.73101,19.93126],[73.73096,19.92909],[73.7309,19.92698],[73.73075,19.92465],[73.73057,19.92196],[73.73052,19.92111],[73.73154,19.92065],[73.73239,19.92001],[73.73239,19.91893],[73.73247,19.91796],[73.73295,19.91793],[73.73348,19.91789],[73.73405,19.9178],[73.73462,19.91772],[73.73476,19.9177],[73.73494,19.91768],[73.73786,19.91735],[73.74081,19.91701],[73.74111,19.91698],[73.74143,19.91698],[73.74165,19.91705],[73.74218,19.91719],[73.74223,19.91721],[73.74229,19.91723],[73.74257,19.91685],[73.74271,19.91671],[73.7442,19.91655],[73.74449,19.91653],[73.74459,19.9164],[73.74476,19.91622],[73.74488,19.91612],[73.74515,19.91605],[73.74629,19.91595],[73.74832,19.91589],[73.74932,19.91584],[73.75051,19.91574],[73.75324,19.91556],[73.75547,19.91544],[73.75553,19.91629],[73.75735,19.91628],[73.75829,19.91575],[73.76043,19.91546],[73.76142,19.9154],[73.76204,19.91585],[73.76303,19.91716],[73.76338,19.91758],[73.76436,19.91816],[73.76445,19.91884],[73.76305,19.91978],[73.76279,19.92078],[73.76253,19.92138],[73.76282,19.92166],[73.76364,19.9222],[73.76414,19.92292],[73.76492,19.92342],[73.76586,19.92348],[73.76766,19.92319],[73.76809,19.9234],[73.76848,19.92416],[73.76895,19.92478],[73.76919,19.92495],[73.76973,19.92513],[73.77021,19.92505],[73.77072,19.92434],[73.77118,19.9231],[73.77134,19.92294],[73.77122,19.92275],[73.77098,19.91989],[73.77075,19.91712],[73.77072,19.91652],[73.77236,19.91659],[73.77417,19.91667],[73.77575,19.91673],[73.77581,19.91664],[73.77593,19.91646],[73.77609,19.91621],[73.77626,19.91596],[73.77692,19.91613],[73.7776,19.91633],[73.77796,19.91643],[73.77838,19.91651],[73.77856,19.91654],[73.77874,19.91658],[73.77886,19.91486],[73.77896,19.91341],[73.77904,19.91213],[73.7791,19.9117],[73.77921,19.91081],[73.77926,19.91055],[73.77955,19.90903],[73.77965,19.90855],[73.78028,19.90578],[73.78136,19.90601],[73.78143,19.90603],[73.78196,19.90614],[73.78245,19.90624],[73.78262,19.90628],[73.78262,19.90581],[73.78273,19.90591],[73.78298,19.90616],[73.78312,19.90631],[73.78326,19.90645],[73.78366,19.90685],[73.78393,19.90712],[73.7841,19.90729],[73.78428,19.90746],[73.78439,19.90757],[73.78467,19.90785],[73.78481,19.90799],[73.78493,19.90812],[73.78501,19.90819],[73.78507,19.90825],[73.78513,19.90832],[73.78516,19.90835],[73.78529,19.90848],[73.78539,19.90855],[73.7855,19.90864],[73.78556,19.9087],[73.78568,19.90879],[73.78596,19.90902],[73.78612,19.90916],[73.78649,19.90946],[73.78678,19.9097],[73.78692,19.90981],[73.78722,19.91009],[73.78905,19.9116],[73.79028,19.9126],[73.79078,19.91302],[73.79091,19.91313],[73.79106,19.91326],[73.79117,19.91335],[73.79133,19.91349],[73.79143,19.91356],[73.79147,19.9136],[73.79151,19.91363],[73.79155,19.91366],[73.79167,19.91376],[73.79178,19.91386],[73.79183,19.91389],[73.79185,19.91391],[73.79189,19.91394],[73.79198,19.91402],[73.79206,19.91408],[73.7922,19.9142],[73.79234,19.91431],[73.79241,19.91438],[73.79273,19.91463],[73.79316,19.91499],[73.79348,19.91525],[73.79391,19.91561],[73.79395,19.91564],[73.79407,19.91605],[73.7942,19.91648],[73.79421,19.91652],[73.79437,19.91665],[73.79484,19.91701],[73.79543,19.91728],[73.79605,19.91757],[73.79678,19.91786],[73.7973,19.91805],[73.79755,19.91818],[73.79784,19.91845],[73.79826,19.91882],[73.79847,19.91901],[73.79918,19.91992],[73.79854,19.92056],[73.7986,19.92179],[73.79865,19.9229],[73.7948,19.92325],[73.79479,19.92325],[73.7937,19.92346],[73.79397,19.92622],[73.79405,19.92708],[73.79403,19.92708],[73.79324,19.92708],[73.79181,19.92723],[73.79102,19.9273],[73.79091,19.92737],[73.79038,19.92769],[73.7901,19.92796],[73.78989,19.92913],[73.78978,19.92957],[73.78966,19.92996],[73.78969,19.93134],[73.78971,19.93272],[73.78974,19.93426],[73.78972,19.93635],[73.7897,19.93715],[73.78961,19.93884],[73.78953,19.94009],[73.78941,19.94176],[73.78936,19.94239],[73.79069,19.94275],[73.7937,19.94297]]]}},{"type":"Feature","properties":{"Name":"MH15-HH-7372","routeId":580,"fill-opacity":0.03,"stroke-width":1,"stroke-opacity":0.5,"locationConfidence":"verified","locationSource":"NMC waste collection vehicle tracking export, 30 Aug 2026 (RTI)"},"geometry":{"type":"Polygon","coordinates":[[[73.776695,19.953883],[73.772019,19.954276],[73.773126,19.958488],[73.772305,19.963199],[73.767272,19.963877],[73.764845,19.961593],[73.76331,19.962735],[73.766951,19.967054],[73.773054,19.967196],[73.778372,19.969124],[73.780764,19.965733],[73.779015,19.962164],[73.777873,19.958488],[73.776695,19.953883]]]}},{"type":"Feature","properties":{"Name":"MH15-HH-7375","routeId":576,"fill-opacity":0.03,"stroke-width":1,"stroke-opacity":0.5,"locationConfidence":"verified","locationSource":"NMC waste collection vehicle tracking export, 30 Aug 2026 (RTI)"},"geometry":{"type":"Polygon","coordinates":[[[73.756347,19.98449],[73.757509,19.986926],[73.759507,19.988316],[73.762001,19.990315],[73.764875,19.989801],[73.766969,19.988887],[73.768549,19.987859],[73.767464,19.983804],[73.765066,19.982548],[73.76044,19.983119],[73.756347,19.98449]]]}},{"type":"Feature","properties":{"Name":"MH15-HH-7376","routeId":579,"fill-opacity":0.03,"stroke-width":1,"stroke-opacity":0.5,"locationConfidence":"verified","locationSource":"NMC waste collection vehicle tracking export, 30 Aug 2026 (RTI)"},"geometry":{"type":"Polygon","coordinates":[[[73.754828,19.952177],[73.757922,19.9553],[73.761967,19.952623],[73.76506,19.950095],[73.767707,19.948073],[73.769403,19.945753],[73.771723,19.941945],[73.775054,19.943433],[73.773953,19.945217],[73.77202,19.948638],[73.770265,19.951434],[73.766964,19.953694],[73.764555,19.955092],[73.760718,19.956401],[73.757743,19.957144],[73.753936,19.953069],[73.754828,19.952177]]]}},{"type":"Feature","properties":{"Name":"MH15-HH-7379","routeId":573,"fill-opacity":0.03,"stroke-width":1,"stroke-opacity":0.5,"locationConfidence":"verified","locationSource":"NMC waste collection vehicle tracking export, 30 Aug 2026 (RTI)"},"geometry":{"type":"Polygon","coordinates":[[[73.758652,19.960958],[73.757272,19.963408],[73.758795,19.965336],[73.759104,19.967477],[73.760175,19.968667],[73.763911,19.966359],[73.766671,19.964574],[73.765124,19.962766],[73.762555,19.960244],[73.760508,19.962171],[73.758652,19.960958]]]}},{"type":"Feature","properties":{"Name":"MH15-HH-7380","routeId":584,"fill-opacity":0.03,"stroke-width":1,"stroke-opacity":0.5,"locationConfidence":"verified","locationSource":"NMC waste collection vehicle tracking export, 30 Aug 2026 (RTI)"},"geometry":{"type":"Polygon","coordinates":[[[73.756119,19.982353],[73.755525,19.979497],[73.755287,19.976618],[73.755072,19.973834],[73.750908,19.974429],[73.74891,19.976547],[73.748672,19.978736],[73.750266,19.980021],[73.752503,19.979426],[73.754168,19.981686],[73.75531,19.982971],[73.756119,19.982353]]]}},{"type":"Feature","properties":{"Name":"MH15-HH-7381","routeId":433,"fill-opacity":0.03,"stroke-width":1,"stroke-opacity":0.5,"locationConfidence":"verified","locationSource":"NMC waste collection vehicle tracking export, 30 Aug 2026 (RTI)"},"geometry":{"type":"Polygon","coordinates":[[[73.768786,19.951159],[73.764039,19.953728],[73.760041,19.955406],[73.756865,19.954121],[73.755651,19.955584],[73.75765,19.957655],[73.759649,19.959011],[73.764039,19.95769],[73.767572,19.95744],[73.770392,19.956834],[73.770392,19.95305],[73.768786,19.951159]]]}},{"type":"Feature","properties":{"Name":"MH15-HH-7385","routeId":578,"fill-opacity":0.03,"stroke-width":1,"stroke-opacity":0.5,"locationConfidence":"verified","locationSource":"NMC waste collection vehicle tracking export, 30 Aug 2026 (RTI)"},"geometry":{"type":"Polygon","coordinates":[[[73.753079,19.968151],[73.753155,19.969674],[73.748568,19.97074],[73.748777,19.973443],[73.749462,19.97548],[73.752527,19.975232],[73.755021,19.974813],[73.754754,19.972434],[73.755516,19.968874],[73.753079,19.968151]]]}},{"type":"Feature","properties":{"Name":"MH15-HH-7386","routeId":583,"fill-opacity":0.03,"stroke-width":1,"stroke-opacity":0.5,"locationConfidence":"verified","locationSource":"NMC waste collection vehicle tracking export, 30 Aug 2026 (RTI)"},"geometry":{"type":"Polygon","coordinates":[[[73.766386,19.974673],[73.767642,19.976006],[73.76631,19.9773],[73.768423,19.982135],[73.772078,19.981907],[73.772668,19.978366],[73.770802,19.975796],[73.767604,19.973379],[73.766386,19.974673]]]}},{"type":"Feature","properties":{"Name":"MH15-HH-7388","routeId":582,"fill-opacity":0.03,"stroke-width":1,"stroke-opacity":0.5,"locationConfidence":"verified","locationSource":"NMC waste collection vehicle tracking export, 30 Aug 2026 (RTI)"},"geometry":{"type":"Polygon","coordinates":[[[73.773429,19.953468],[73.770038,19.953766],[73.764476,19.955788],[73.762334,19.957216],[73.759925,19.958911],[73.762513,19.961261],[73.764387,19.963105],[73.766469,19.961826],[73.769116,19.961023],[73.772566,19.960458],[73.772566,19.957513],[73.773845,19.956978],[73.773429,19.953468]]]}},{"type":"Feature","properties":{"Name":"MH15-HH-7391","routeId":585,"fill-opacity":0.03,"stroke-width":1,"stroke-opacity":0.5,"locationConfidence":"verified","locationSource":"NMC waste collection vehicle tracking export, 30 Aug 2026 (RTI)"},"geometry":{"type":"Polygon","coordinates":[[[73.755339,19.978991],[73.755948,19.981808],[73.757509,19.985082],[73.758708,19.98729],[73.755624,19.988585],[73.752959,19.98512],[73.751189,19.982607],[73.750599,19.980114],[73.755339,19.978991]]]}},{"type":"Feature","properties":{"Name":"MH15-HH-7393","routeId":581,"fill-opacity":0.03,"stroke-width":1,"stroke-opacity":0.5,"locationConfidence":"verified","locationSource":"NMC waste collection vehicle tracking export, 30 Aug 2026 (RTI)"},"geometry":{"type":"Polygon","coordinates":[[[73.756748,19.949889],[73.755618,19.952536],[73.754755,19.954856],[73.757878,19.957444],[73.760704,19.956432],[73.76344,19.95557],[73.763411,19.953131],[73.764244,19.949472],[73.759931,19.949234],[73.756748,19.949889]]]}},{"type":"Feature","properties":{"Name":"MH15-HH-7961","routeId":587,"fill-opacity":0.03,"stroke-width":1,"stroke-opacity":0.5,"locationConfidence":"verified","locationSource":"NMC waste collection vehicle tracking export, 30 Aug 2026 (RTI)"},"geometry":{"type":"Polygon","coordinates":[[[73.754281,19.954123],[73.758336,19.951839],[73.76279,19.948984],[73.760963,19.945043],[73.756108,19.94156],[73.746743,19.94413],[73.744173,19.942588],[73.742802,19.944072],[73.7472,19.948413],[73.750683,19.951154],[73.754281,19.954123]]]}},{"type":"Feature","properties":{"Name":"MH15-HH-7962","routeId":443,"fill-opacity":0.03,"stroke-width":1,"stroke-opacity":0.5,"locationConfidence":"verified","locationSource":"NMC waste collection vehicle tracking export, 30 Aug 2026 (RTI)"},"geometry":{"type":"Polygon","coordinates":[[[73.757296,19.96215],[73.755333,19.964173],[73.753072,19.964321],[73.752686,19.966939],[73.753132,19.970092],[73.757385,19.969378],[73.756463,19.964648],[73.758099,19.962656],[73.759184,19.96165],[73.758365,19.960908],[73.757296,19.96215]]]}},{"type":"Feature","properties":{"Name":"MH15-HH-7964","routeId":592,"fill-opacity":0.03,"stroke-width":1,"stroke-opacity":0.5,"locationConfidence":"verified","locationSource":"NMC waste collection vehicle tracking export, 30 Aug 2026 (RTI)"},"geometry":{"type":"Polygon","coordinates":[[[73.754661,19.975665],[73.754699,19.97814],[73.754985,19.980729],[73.75546,19.982156],[73.760219,19.981129],[73.75982,19.978768],[73.759934,19.976351],[73.75942,19.975113],[73.756869,19.975304],[73.754661,19.975665]]]}},{"type":"Feature","properties":{"Name":"MH15-HH-7965","routeId":439,"fill-opacity":0.03,"stroke-width":1,"stroke-opacity":0.5,"locationConfidence":"verified","locationSource":"NMC waste collection vehicle tracking export, 30 Aug 2026 (RTI)"},"geometry":{"type":"Polygon","coordinates":[[[73.720185,19.951724],[73.721649,19.958755],[73.723076,19.962646],[73.726753,19.963931],[73.727966,19.965394],[73.73589,19.964002],[73.735818,19.958827],[73.736068,19.953259],[73.73821,19.950867],[73.736532,19.949618],[73.734748,19.952366],[73.733855,19.95565],[73.733855,19.958363],[73.727895,19.954544],[73.722969,19.951046],[73.720185,19.951724]]]}},{"type":"Feature","properties":{"Name":"MH15-HH-7966","routeId":600,"fill-opacity":0.03,"stroke-width":1,"stroke-opacity":0.5,"locationConfidence":"verified","locationSource":"NMC waste collection vehicle tracking export, 30 Aug 2026 (RTI)"},"geometry":{"type":"Polygon","coordinates":[[[73.754028,19.972515],[73.754706,19.978226],[73.759667,19.977405],[73.759168,19.97305],[73.758775,19.968946],[73.762665,19.967447],[73.767341,19.966947],[73.769911,19.970052],[73.77091,19.968767],[73.768519,19.965805],[73.766306,19.963378],[73.760881,19.96659],[73.757133,19.96841],[73.757205,19.971444],[73.754028,19.972515]]]}},{"type":"Feature","properties":{"Name":"MH15-HH-7967","routeId":601,"fill-opacity":0.03,"stroke-width":1,"stroke-opacity":0.5,"locationConfidence":"verified","locationSource":"NMC waste collection vehicle tracking export, 30 Aug 2026 (RTI)"},"geometry":{"type":"Polygon","coordinates":[[[73.77432,19.943402],[73.773011,19.944533],[73.770721,19.948042],[73.769234,19.950898],[73.766319,19.952861],[73.766825,19.953842],[73.768758,19.953009],[73.769145,19.955419],[73.7731,19.95521],[73.77667,19.954913],[73.776045,19.95173],[73.775242,19.947894],[73.77432,19.943402]]]}},{"type":"Feature","properties":{"Name":"MH15-HH-7969","routeId":596,"fill-opacity":0.03,"stroke-width":1,"stroke-opacity":0.5,"locationConfidence":"verified","locationSource":"NMC waste collection vehicle tracking export, 30 Aug 2026 (RTI)"},"geometry":{"type":"Polygon","coordinates":[[[73.771907,19.959456],[73.767338,19.95998],[73.762579,19.961312],[73.764816,19.964548],[73.767195,19.966737],[73.771907,19.967118],[73.775856,19.96688],[73.775476,19.964453],[73.772906,19.963121],[73.771907,19.959456]]]}},{"type":"Feature","properties":{"Name":"MH15-HH-7970","routeId":594,"fill-opacity":0.03,"stroke-width":1,"stroke-opacity":0.5,"locationConfidence":"verified","locationSource":"NMC waste collection vehicle tracking export, 30 Aug 2026 (RTI)"},"geometry":{"type":"Polygon","coordinates":[[[73.779889,19.979106],[73.782021,19.981543],[73.78362,19.984474],[73.781146,19.985693],[73.778271,19.986473],[73.777948,19.987691],[73.774141,19.987977],[73.773493,19.984646],[73.776977,19.980496],[73.779889,19.979106]]]}},{"type":"Feature","properties":{"Name":"MH15-HH-7971","routeId":597,"fill-opacity":0.03,"stroke-width":1,"stroke-opacity":0.5,"locationConfidence":"verified","locationSource":"NMC waste collection vehicle tracking export, 30 Aug 2026 (RTI)"},"geometry":{"type":"Polygon","coordinates":[[[73.757063,19.962285],[73.755364,19.964498],[73.755906,19.967054],[73.756392,19.969352],[73.758333,19.968981],[73.760332,19.96821],[73.76106,19.963099],[73.760561,19.962628],[73.759247,19.963956],[73.759618,19.964727],[73.757063,19.962285]]]}},{"type":"Feature","properties":{"Name":"MH15-HH-7974","routeId":590,"fill-opacity":0.03,"stroke-width":1,"stroke-opacity":0.5,"locationConfidence":"verified","locationSource":"NMC waste collection vehicle tracking export, 30 Aug 2026 (RTI)"},"geometry":{"type":"Polygon","coordinates":[[[73.740367,19.963],[73.740272,19.965332],[73.743746,19.968425],[73.749219,19.972899],[73.749314,19.980227],[73.743318,19.980132],[73.743175,19.976087],[73.745745,19.975373],[73.745364,19.972708],[73.741604,19.969425],[73.736988,19.967236],[73.737416,19.965189],[73.738416,19.962715],[73.740367,19.963]]]}},{"type":"Feature","properties":{"Name":"MH15-HH-7976","routeId":602,"fill-opacity":0.03,"stroke-width":1,"stroke-opacity":0.5,"locationConfidence":"verified","locationSource":"NMC waste collection vehicle tracking export, 30 Aug 2026 (RTI)"},"geometry":{"type":"Polygon","coordinates":[[[73.743081,19.967903],[73.742153,19.969188],[73.744437,19.970937],[73.739441,19.972008],[73.740654,19.975756],[73.742724,19.977469],[73.747685,19.97622],[73.747971,19.972615],[73.745473,19.970009],[73.743081,19.967903]]]}},{"type":"Feature","properties":{"Name":"MH15-HH-7981","routeId":589,"fill-opacity":0.03,"stroke-width":1,"stroke-opacity":0.5,"locationConfidence":"verified","locationSource":"NMC waste collection vehicle tracking export, 30 Aug 2026 (RTI)"},"geometry":{"type":"Polygon","coordinates":[[[73.76317,19.965246],[73.76001,19.967492],[73.757516,19.968406],[73.758259,19.972156],[73.760829,19.97187],[73.762865,19.97168],[73.764788,19.972822],[73.766672,19.970937],[73.76475,19.967397],[73.76317,19.965246]]]}},{"type":"Feature","properties":{"Name":"MH15-HH-7982","routeId":598,"fill-opacity":0.03,"stroke-width":1,"stroke-opacity":0.5,"locationConfidence":"verified","locationSource":"NMC waste collection vehicle tracking export, 30 Aug 2026 (RTI)"},"geometry":{"type":"Polygon","coordinates":[[[73.755069,19.981554],[73.755973,19.983363],[73.757115,19.985766],[73.761303,19.984005],[73.761969,19.98234],[73.761018,19.981507],[73.760304,19.980174],[73.757044,19.980698],[73.755069,19.981554]]]}},{"type":"Feature","properties":{"Name":"MH15-KS 1338","routeId":113,"fill-opacity":0.03,"stroke-width":1,"stroke-opacity":0.5,"locationConfidence":"verified","locationSource":"NMC waste collection vehicle tracking export, 30 Aug 2026 (RTI)"},"geometry":{"type":"Polygon","coordinates":[[[73.765233,20.005552],[73.764439,20.003314],[73.764074,20.002084],[73.76358,20.000572],[73.763237,19.999443],[73.763194,19.998838],[73.763623,19.998394],[73.764353,19.998152],[73.765662,19.997971],[73.766692,19.997749],[73.767679,19.997668],[73.768773,19.997809],[73.769331,19.99783],[73.769073,19.999221],[73.769138,20.00037],[73.769503,20.000915],[73.770382,20.002487],[73.770361,20.003233],[73.770168,20.00398],[73.769374,20.004161],[73.768408,20.004665],[73.768365,20.004988],[73.767014,20.005532],[73.766069,20.005855],[73.765297,20.005754],[73.765233,20.005552]]]}},{"type":"Feature","properties":{"Name":"MH15-KS-1311","routeId":33,"fill-opacity":0.03,"stroke-width":1,"stroke-opacity":0.5,"locationConfidence":"verified","locationSource":"NMC waste collection vehicle tracking export, 30 Aug 2026 (RTI)"},"geometry":{"type":"Polygon","coordinates":[[[73.796968,19.994402],[73.791304,19.994765],[73.788643,19.996217],[73.786712,20.00037],[73.784394,20.00154],[73.779845,20.001217],[73.771734,20.002992],[73.771048,20.004363],[73.771477,20.006782],[73.770618,20.008194],[73.769374,20.009081],[73.770018,20.010008],[73.769932,20.010774],[73.770833,20.011661],[73.77182,20.012387],[73.771348,20.013416],[73.770339,20.014121],[73.770082,20.014726],[73.770018,20.014988],[73.769803,20.01523],[73.768687,20.014807],[73.767872,20.016057],[73.768795,20.0165],[73.769181,20.016883],[73.768988,20.017891],[73.768473,20.018577],[73.767657,20.018275],[73.767614,20.018617],[73.767335,20.019121],[73.766563,20.019484],[73.76622,20.019444],[73.766348,20.019908],[73.76682,20.020492],[73.766606,20.020774],[73.765962,20.020331],[73.764632,20.020573],[73.764653,20.021379],[73.763988,20.0215],[73.763645,20.020956],[73.763452,20.021561],[73.762937,20.021783],[73.762035,20.021702],[73.761885,20.021218],[73.761714,20.020895],[73.76152,20.020553],[73.761477,20.019504],[73.761585,20.01902],[73.762057,20.019162],[73.762379,20.019928],[73.762851,20.020412],[73.764203,20.02015],[73.76564,20.019887],[73.765275,20.019504],[73.763623,20.019827],[73.763258,20.019363],[73.763323,20.018476],[73.763602,20.018113],[73.762057,20.018012],[73.761885,20.017569],[73.765168,20.017408],[73.766842,20.015714],[73.766541,20.015089],[73.767421,20.014908],[73.768666,20.013032],[73.768988,20.012266],[73.768837,20.011944],[73.768194,20.011964],[73.768537,20.011379],[73.769181,20.010149],[73.768537,20.009202],[73.767743,20.009242],[73.764331,20.010512],[73.763859,20.01027],[73.768623,20.008234],[73.769889,20.007508],[73.77079,20.006883],[73.770103,20.003072],[73.771112,20.002528],[73.773022,20.001883],[73.777184,20.000834],[73.780682,20.000471],[73.783686,20.00037],[73.785038,20.000491],[73.786368,19.998616],[73.787055,19.996055],[73.789759,19.993918],[73.79581,19.993716],[73.797097,19.993756],[73.796968,19.994402]]]}},{"type":"Feature","properties":{"Name":"MH15-KS-1315","routeId":24,"fill-opacity":0.03,"stroke-width":1,"stroke-opacity":0.5,"locationConfidence":"verified","locationSource":"NMC waste collection vehicle tracking export, 30 Aug 2026 (RTI)"},"geometry":{"type":"Polygon","coordinates":[[[73.764106,20.007649],[73.764085,20.008052],[73.763999,20.008506],[73.764063,20.009887],[73.764267,20.010149],[73.765286,20.009766],[73.766005,20.009464],[73.768044,20.008657],[73.76902,20.008708],[73.769224,20.009131],[73.769352,20.009796],[73.768827,20.010885],[73.768419,20.011278],[73.768333,20.011641],[73.768462,20.011793],[73.768709,20.011893],[73.768687,20.012488],[73.768569,20.012801],[73.768204,20.012871],[73.768312,20.013385],[73.768344,20.014041],[73.76829,20.014716],[73.767883,20.014968],[73.767421,20.014978],[73.767325,20.014776],[73.766906,20.014817],[73.766606,20.014726],[73.766756,20.014575],[73.767196,20.014494],[73.767196,20.014262],[73.767046,20.013789],[73.766949,20.013597],[73.76593,20.013678],[73.765104,20.013627],[73.764712,20.013617],[73.764809,20.01266],[73.764696,20.012216],[73.764583,20.010883],[73.76446,20.010401],[73.763484,20.010684],[73.763484,20.01019],[73.763473,20.008677],[73.763613,20.00773],[73.764106,20.007649]]]}},{"type":"Feature","properties":{"Name":"MH15-KS-1317","routeId":36,"fill-opacity":0.03,"stroke-width":1,"stroke-opacity":0.5,"locationConfidence":"verified","locationSource":"NMC waste collection vehicle tracking export, 30 Aug 2026 (RTI)"},"geometry":{"type":"Polygon","coordinates":[[[73.786283,20.00398],[73.783987,20.004625],[73.784137,20.006359],[73.784051,20.006702],[73.781497,20.005653],[73.776627,20.005633],[73.774137,20.006359],[73.770425,20.007306],[73.768902,20.008254],[73.768902,20.009565],[73.769267,20.009907],[73.769653,20.010895],[73.770254,20.011097],[73.771112,20.011057],[73.772013,20.009605],[73.772807,20.009907],[73.772979,20.01019],[73.771863,20.011036],[73.772035,20.011722],[73.772485,20.012024],[73.772893,20.011984],[73.772936,20.011097],[73.77358,20.010169],[73.774116,20.009746],[73.774588,20.009907],[73.774931,20.00904],[73.77461,20.00894],[73.776863,20.008073],[73.77667,20.006843],[73.77682,20.00646],[73.781412,20.00648],[73.783557,20.007085],[73.783321,20.007609],[73.783021,20.008415],[73.782957,20.009101],[73.784759,20.009302],[73.785961,20.009262],[73.785467,20.008335],[73.785553,20.007367],[73.784866,20.006359],[73.784695,20.005633],[73.784802,20.004988],[73.78639,20.004826],[73.786798,20.004342],[73.786283,20.00398]]]}},{"type":"Feature","properties":{"Name":"MH15-KS-1319","routeId":31,"fill-opacity":0.03,"stroke-width":1,"stroke-opacity":0.5,"locationConfidence":"verified","locationSource":"NMC waste collection vehicle tracking export, 30 Aug 2026 (RTI)"},"geometry":{"type":"Polygon","coordinates":[[[73.755126,19.993898],[73.753409,19.993646],[73.751564,19.993363],[73.751049,19.993353],[73.751017,19.993565],[73.751425,19.993575],[73.751907,19.993716],[73.752122,19.993877],[73.752208,19.994442],[73.75224,19.995551],[73.752283,19.996287],[73.752455,19.99666],[73.753055,19.99665],[73.753603,19.996549],[73.753914,19.99664],[73.753914,19.997386],[73.75283,19.997678],[73.752669,19.997426],[73.752401,19.997295],[73.752251,19.997527],[73.752637,20.000854],[73.752712,20.001177],[73.753538,20.001005],[73.753924,20.000854],[73.754053,20.000925],[73.753839,20.001197],[73.753774,20.00154],[73.753935,20.001661],[73.754107,20.001721],[73.754182,20.001872],[73.754171,20.002709],[73.753753,20.00281],[73.753688,20.003082],[73.753849,20.003092],[73.754021,20.003012],[73.754225,20.002981],[73.754418,20.005169],[73.754085,20.005401],[73.754096,20.005542],[73.754268,20.005532],[73.754525,20.005512],[73.754622,20.006742],[73.754729,20.006943],[73.754954,20.006903],[73.75504,20.00652],[73.754761,20.004342],[73.754643,20.002881],[73.754965,20.00277],[73.755416,20.002679],[73.755727,20.002659],[73.755888,20.00277],[73.755888,20.003042],[73.755909,20.003183],[73.756156,20.003123],[73.756231,20.002961],[73.756167,20.002649],[73.756371,20.002608],[73.756531,20.00277],[73.756649,20.003102],[73.756907,20.003082],[73.756907,20.002941],[73.756886,20.00276],[73.757014,20.002689],[73.757207,20.00285],[73.757368,20.003344],[73.757797,20.003949],[73.758162,20.003848],[73.757948,20.003455],[73.757658,20.00284],[73.757443,20.002407],[73.756939,20.002477],[73.756649,20.002568],[73.756446,20.002387],[73.756092,20.002377],[73.755941,20.002024],[73.755319,20.001197],[73.75504,20.001066],[73.754901,20.001278],[73.75518,20.002195],[73.755169,20.002467],[73.754761,20.002598],[73.754611,20.002487],[73.754697,20.002326],[73.754718,20.002205],[73.75459,20.002185],[73.754579,20.001076],[73.7546,20.000219],[73.754472,19.99913],[73.754793,19.998949],[73.754869,19.998515],[73.754804,19.997537],[73.754729,19.997134],[73.754493,19.997013],[73.754225,19.996892],[73.754107,19.99538],[73.754117,19.994886],[73.754171,19.994815],[73.754482,19.994855],[73.754547,19.995128],[73.754557,19.99536],[73.754579,19.995581],[73.754772,19.995491],[73.754772,19.995188],[73.754815,19.994876],[73.754761,19.994644],[73.754214,19.994543],[73.75415,19.994251],[73.754364,19.994109],[73.754643,19.994069],[73.754987,19.99418],[73.755244,19.99419],[73.755233,19.994079],[73.755126,19.993898]]]}},{"type":"Feature","properties":{"Name":"MH15-KS-1423","routeId":23,"fill-opacity":0.03,"stroke-width":1,"stroke-opacity":0.5,"locationConfidence":"verified","locationSource":"NMC waste collection vehicle tracking export, 30 Aug 2026 (RTI)"},"geometry":{"type":"Polygon","coordinates":[[[73.774695,20.001701],[73.773462,20.000975],[73.772753,20.000814],[73.772501,20.000658],[73.771777,19.998626],[73.771659,19.99792],[73.771681,19.997003],[73.771605,19.996408],[73.771552,19.99544],[73.77152,19.994835],[73.771724,19.994624],[73.772196,19.994523],[73.773655,19.994876],[73.77741,19.995894],[73.779287,19.996509],[73.779362,19.996297],[73.779663,19.996418],[73.779759,19.99663],[73.781433,19.997144],[73.781658,19.997668],[73.78257,20.000259],[73.782109,20.000834],[73.780049,20.001066],[73.778,20.001066],[73.776981,20.001187],[73.776251,20.001439],[73.7755,20.001348],[73.775039,20.001368],[73.774717,20.001631],[73.774695,20.001701]]]}},{"type":"Feature","properties":{"Name":"MH15-KS-1424","routeId":62,"fill-opacity":0.03,"stroke-width":1,"stroke-opacity":0.5,"locationConfidence":"verified","locationSource":"NMC waste collection vehicle tracking export, 30 Aug 2026 (RTI)"},"geometry":{"type":"Polygon","coordinates":[[[73.783708,19.986598],[73.783085,19.986517],[73.7833,19.987909],[73.782592,19.988635],[73.782227,19.987263],[73.782163,19.986336],[73.781455,19.986054],[73.780811,19.986316],[73.780274,19.986598],[73.780038,19.987243],[73.780489,19.987647],[73.780961,19.987243],[73.781133,19.987647],[73.781219,19.988171],[73.78197,19.988413],[73.781862,19.988897],[73.780746,19.988917],[73.780317,19.988332],[73.779953,19.987768],[73.778665,19.987768],[73.777077,19.987929],[73.77564,19.988514],[73.774867,19.989038],[73.774438,19.989542],[73.774524,19.989905],[73.775167,19.990066],[73.775039,19.99057],[73.775232,19.990812],[73.775597,19.990994],[73.775811,19.992486],[73.776348,19.993353],[73.776498,19.99418],[73.77727,19.99422],[73.779116,19.99422],[73.779974,19.994019],[73.780682,19.994099],[73.781455,19.993938],[73.781154,19.994462],[73.781111,19.995309],[73.781691,19.99547],[73.781669,19.996075],[73.781669,19.996479],[73.782141,19.996176],[73.783364,19.991034],[73.783214,19.989441],[73.783922,19.987949],[73.783858,19.986921],[73.783793,19.986578],[73.783708,19.986598]]]}},{"type":"Feature","properties":{"Name":"MH15-KS-1425","routeId":122,"fill-opacity":0.03,"stroke-width":1,"stroke-opacity":0.5,"locationConfidence":"verified","locationSource":"NMC waste collection vehicle tracking export, 30 Aug 2026 (RTI)"},"geometry":{"type":"Polygon","coordinates":[[[73.777066,20.002981],[73.77727,20.002225],[73.777109,20.001469],[73.77682,20.000935],[73.775232,20.00152],[73.773859,20.001822],[73.77299,20.0016],[73.772453,20.001671],[73.772582,20.002014],[73.772818,20.002225],[73.770844,20.002931],[73.770254,20.003607],[73.770661,20.004947],[73.770661,20.00522],[73.770887,20.005522],[73.770865,20.006056],[73.771037,20.006268],[73.771219,20.006218],[73.771166,20.005613],[73.771241,20.005492],[73.773462,20.00523],[73.773537,20.005542],[73.773633,20.006581],[73.774674,20.00651],[73.775318,20.006359],[73.7758,20.006318],[73.776133,20.006248],[73.776305,20.005915],[73.777485,20.006056],[73.778021,20.005714],[73.777936,20.005058],[73.777721,20.00409],[73.777581,20.003475],[73.776884,20.003435],[73.777163,20.003203],[73.777066,20.002981]]]}},{"type":"Feature","properties":{"Name":"MH15-KS-1468","routeId":117,"fill-opacity":0.03,"stroke-width":1,"stroke-opacity":0.5,"locationConfidence":"verified","locationSource":"NMC waste collection vehicle tracking export, 30 Aug 2026 (RTI)"},"geometry":{"type":"Polygon","coordinates":[[[73.784695,20.004504],[73.785231,20.004504],[73.784995,20.005028],[73.784416,20.00527],[73.785017,20.006641],[73.784866,20.007246],[73.78227,20.00654],[73.781133,20.006258],[73.778644,20.006157],[73.777142,20.005734],[73.775704,20.004907],[73.775425,20.004403],[73.77491,20.002992],[73.771369,20.003173],[73.770597,20.003617],[73.771241,20.00531],[73.771648,20.006601],[73.772035,20.007669],[73.771992,20.008415],[73.770468,20.008153],[73.767292,20.009423],[73.767936,20.011258],[73.767443,20.013416],[73.767614,20.014222],[73.7674,20.014706],[73.766906,20.013678],[73.766434,20.011803],[73.766005,20.010049],[73.765233,20.010109],[73.76431,20.010714],[73.761992,20.011379],[73.759096,20.012085],[73.755984,20.012085],[73.754997,20.009302],[73.755126,20.008456],[73.756456,20.00781],[73.759568,20.006762],[73.762915,20.005754],[73.762057,20.001358],[73.761928,20.001036],[73.762969,19.998898],[73.764052,19.998293],[73.768601,19.99784],[73.769031,19.997426],[73.769159,19.996731],[73.769739,19.996448],[73.770168,19.996327],[73.771069,19.996136],[73.770382,19.997084],[73.769245,19.998354],[73.769245,19.999947],[73.770018,20.001237],[73.770404,20.002629],[73.77064,20.00283],[73.771069,20.002407],[73.771863,20.002407],[73.774717,20.002326],[73.775618,20.002568],[73.776584,20.004322],[73.779631,20.00533],[73.781734,20.005371],[73.782291,20.005088],[73.783236,20.004242],[73.783922,20.004322],[73.784695,20.004504]]]}},{"type":"Feature","properties":{"Name":"MH15-KS-1469","routeId":119,"fill-opacity":0.03,"stroke-width":1,"stroke-opacity":0.5,"locationConfidence":"verified","locationSource":"NMC waste collection vehicle tracking export, 30 Aug 2026 (RTI)"},"geometry":{"type":"Polygon","coordinates":[[[73.765984,20.005371],[73.769181,20.00408],[73.770125,20.003838],[73.770962,20.004383],[73.771369,20.007427],[73.767807,20.009121],[73.766906,20.009121],[73.766327,20.007548],[73.765919,20.007306],[73.765233,20.005935],[73.763473,20.005895],[73.76298,20.005613],[73.762121,20.002004],[73.762014,20.001036],[73.762529,20.000753],[73.76298,20.000592],[73.763001,19.999987],[73.763602,19.999765],[73.765662,20.004927],[73.765984,20.005371]]]}},{"type":"Feature","properties":{"Name":"MH15CV9039 (TR)","routeId":530,"fill-opacity":0.03,"stroke-width":1,"stroke-opacity":0.5,"locationConfidence":"verified","locationSource":"NMC waste collection vehicle tracking export, 30 Aug 2026 (RTI)"},"geometry":{"type":"Polygon","coordinates":[[[73.82222,19.98846],[73.82161,19.98696],[73.82211,19.98675],[73.82208,19.98294],[73.8221,19.98294],[73.82291,19.98252],[73.82375,19.98208],[73.82394,19.98197],[73.82509,19.98135],[73.82605,19.98083],[73.82606,19.98082],[73.82696,19.98048],[73.82793,19.98007],[73.8282,19.97992],[73.82822,19.97988],[73.82829,19.97966],[73.8283,19.97961],[73.82821,19.97836],[73.82821,19.97834],[73.82813,19.97771],[73.82798,19.97669],[73.82781,19.97469],[73.82774,19.97394],[73.82754,19.97389],[73.82734,19.97385],[73.82695,19.97371],[73.82628,19.97349],[73.82596,19.97341],[73.82534,19.97331],[73.82294,19.97292],[73.82302,19.97247],[73.82303,19.97212],[73.82288,19.97167],[73.82284,19.97159],[73.82244,19.97102],[73.82229,19.97082],[73.82202,19.97052],[73.82151,19.97016],[73.82086,19.96991],[73.81993,19.96962],[73.81994,19.96945],[73.81928,19.96935],[73.81926,19.96934],[73.81921,19.96933],[73.81842,19.96904],[73.81665,19.97051],[73.81458,19.97222],[73.81371,19.97306],[73.81283,19.97391],[73.81243,19.97432],[73.81204,19.97473],[73.81192,19.97472],[73.80919,19.97418],[73.80792,19.97269],[73.8074,19.97127],[73.80673,19.96934],[73.80653,19.96905],[73.80616,19.96867],[73.80452,19.96731],[73.80428,19.96747],[73.80249,19.96743],[73.80246,19.96801],[73.80057,19.96816],[73.8006,19.9681],[73.80094,19.96739],[73.80129,19.96667],[73.80118,19.96576],[73.80114,19.96542],[73.79831,19.96594],[73.79822,19.96512],[73.79817,19.96463],[73.798,19.96295],[73.798,19.96294],[73.79798,19.96282],[73.79781,19.96117],[73.79774,19.96041],[73.79766,19.95964],[73.79725,19.95868],[73.79592,19.95783],[73.79291,19.95976],[73.79247,19.96005],[73.78631,19.96288],[73.78465,19.96366],[73.78464,19.96365],[73.78463,19.96365],[73.78403,19.96322],[73.78399,19.96319],[73.78413,19.96298],[73.78382,19.96253],[73.78352,19.96178],[73.78312,19.96082],[73.78307,19.96083],[73.78306,19.96083],[73.78257,19.95972],[73.78238,19.95929],[73.78211,19.95868],[73.78208,19.95861],[73.78199,19.95831],[73.7818,19.95768],[73.78167,19.95606],[73.78167,19.95605],[73.78193,19.95553],[73.78194,19.95553],[73.78312,19.95514],[73.78516,19.95445],[73.78633,19.95406],[73.78927,19.95305],[73.79182,19.95216],[73.79191,19.95213],[73.79443,19.95144],[73.79631,19.95092],[73.79772,19.95053],[73.79783,19.94714],[73.7979,19.94498],[73.79796,19.94307],[73.79683,19.94321],[73.79577,19.94312],[73.7937,19.94297],[73.79077,19.94275],[73.79074,19.94275],[73.79066,19.94274],[73.78936,19.94239],[73.78941,19.94176],[73.78953,19.94009],[73.78961,19.93884],[73.7897,19.93715],[73.78972,19.93635],[73.78974,19.93426],[73.78971,19.93272],[73.78969,19.93134],[73.78966,19.92996],[73.78978,19.92957],[73.78989,19.92913],[73.79009,19.92799],[73.79012,19.92796],[73.79013,19.92793],[73.79034,19.92773],[73.79038,19.92769],[73.79091,19.92737],[73.79101,19.92731],[73.79102,19.9273],[73.79181,19.92723],[73.79316,19.92709],[73.79326,19.92708],[73.79333,19.92708],[73.79403,19.92708],[73.79405,19.92708],[73.79397,19.92622],[73.7937,19.92346],[73.79479,19.92325],[73.7948,19.92325],[73.79865,19.9229],[73.7986,19.92179],[73.79854,19.9206],[73.79854,19.92056],[73.79918,19.91992],[73.79921,19.91995],[73.80034,19.92122],[73.80182,19.92288],[73.80331,19.92463],[73.80394,19.9252],[73.80514,19.92628],[73.80638,19.92728],[73.80822,19.92721],[73.80951,19.92771],[73.81204,19.92874],[73.81789,19.9283],[73.82125,19.92805],[73.82346,19.92789],[73.82477,19.92804],[73.8275,19.92836],[73.82918,19.92843],[73.83158,19.92853],[73.83383,19.92835],[73.83408,19.92826],[73.83596,19.92836],[73.83597,19.9283],[73.83633,19.92832],[73.83632,19.92839],[73.83779,19.92845],[73.838,19.92842],[73.83802,19.92849],[73.84046,19.92849],[73.84181,19.92851],[73.84235,19.92922],[73.84325,19.93041],[73.84329,19.93062],[73.84339,19.93143],[73.84402,19.93087],[73.84455,19.93063],[73.84496,19.93067],[73.84614,19.93056],[73.84675,19.93049],[73.84707,19.9305],[73.84734,19.93064],[73.84761,19.93079],[73.84792,19.93113],[73.84845,19.93211],[73.84898,19.93273],[73.84898,19.93275],[73.8497,19.9334],[73.85047,19.93367],[73.85088,19.9338],[73.85116,19.93377],[73.8515,19.93381],[73.85184,19.93377],[73.85239,19.93368],[73.85295,19.93328],[73.85371,19.93229],[73.85443,19.93144],[73.85507,19.93118],[73.85628,19.93085],[73.85682,19.93109],[73.85695,19.9313],[73.85794,19.93173],[73.85969,19.93237],[73.86097,19.93296],[73.86111,19.93301],[73.86136,19.93314],[73.86161,19.93324],[73.86193,19.93332],[73.86186,19.93344],[73.86263,19.93371],[73.86378,19.93387],[73.86458,19.93382],[73.86491,19.93401],[73.86512,19.93374],[73.86814,19.93385],[73.87012,19.93326],[73.8748,19.93187],[73.87682,19.9317],[73.87927,19.93272],[73.88074,19.93423],[73.88186,19.93538],[73.88183,19.93777],[73.88096,19.94042],[73.87997,19.94401],[73.88007,19.94572],[73.88041,19.94654],[73.88084,19.9475],[73.88147,19.9485],[73.88252,19.95009],[73.88248,19.95038],[73.88215,19.9507],[73.88141,19.95139],[73.88148,19.95163],[73.88143,19.95173],[73.88118,19.9518],[73.88052,19.95198],[73.88021,19.95221],[73.87972,19.9524],[73.87941,19.9526],[73.87882,19.95357],[73.87823,19.95455],[73.87774,19.95577],[73.87768,19.95592],[73.87752,19.95614],[73.87684,19.95754],[73.87648,19.95835],[73.87591,19.95934],[73.87533,19.96036],[73.87469,19.96178],[73.87418,19.96241],[73.87389,19.96278],[73.87318,19.96345],[73.87198,19.96458],[73.87175,19.96513],[73.87152,19.96561],[73.87144,19.96603],[73.87143,19.96629],[73.87142,19.96677],[73.87135,19.96685],[73.87123,19.96695],[73.87106,19.96709],[73.87103,19.96714],[73.87055,19.96758],[73.86996,19.96781],[73.86943,19.96801],[73.86894,19.96826],[73.86858,19.96856],[73.86788,19.97015],[73.86531,19.97086],[73.86546,19.97382],[73.86563,19.97771],[73.8655,19.97777],[73.86548,19.97777],[73.86539,19.97784],[73.86541,19.97922],[73.86544,19.98072],[73.86546,19.9824],[73.86556,19.98278],[73.86591,19.98412],[73.86581,19.98407],[73.86573,19.98412],[73.86547,19.98374],[73.86496,19.98333],[73.86421,19.98291],[73.86358,19.98285],[73.86303,19.98266],[73.86241,19.98256],[73.86172,19.98266],[73.8612,19.98293],[73.8609,19.98326],[73.86004,19.98425],[73.85909,19.98522],[73.8588,19.98553],[73.85829,19.98606],[73.85772,19.98648],[73.85634,19.98743],[73.85533,19.98803],[73.85496,19.9884],[73.85478,19.98864],[73.85466,19.98875],[73.85401,19.98915],[73.85353,19.98927],[73.85275,19.98927],[73.85197,19.98903],[73.85158,19.989],[73.85122,19.98892],[73.8507,19.9888],[73.85038,19.98882],[73.85035,19.9889],[73.84979,19.98881],[73.84905,19.98869],[73.84849,19.98865],[73.84778,19.98855],[73.84694,19.9886],[73.84638,19.98872],[73.84595,19.98897],[73.84575,19.98913],[73.84557,19.98918],[73.84546,19.98921],[73.84499,19.98927],[73.8445,19.98925],[73.84396,19.98886],[73.84378,19.98849],[73.84319,19.98731],[73.84308,19.98693],[73.84253,19.98599],[73.84222,19.98542],[73.84191,19.98503],[73.841,19.98447],[73.84008,19.98408],[73.83887,19.9838],[73.83817,19.98373],[73.83788,19.98381],[73.83653,19.98406],[73.83565,19.98426],[73.83445,19.98478],[73.83192,19.98614],[73.83001,19.98709],[73.82912,19.98748],[73.828,19.98787],[73.82686,19.98824],[73.82618,19.98854],[73.82451,19.98894],[73.82294,19.98931],[73.82271,19.98923],[73.82255,19.98927],[73.82236,19.98871],[73.82222,19.98846]]]}},{"type":"Feature","properties":{"Name":"MH15DU1846 (G)","routeId":510,"fill-opacity":0.03,"stroke-width":1,"stroke-opacity":0.5,"locationConfidence":"verified","locationSource":"NMC waste collection vehicle tracking export, 30 Aug 2026 (RTI)"},"geometry":{"type":"Polygon","coordinates":[[[73.865485,19.977768],[73.864313,19.977309],[73.863581,19.977036],[73.862887,19.976748],[73.861192,19.97609],[73.859054,19.975286],[73.858472,19.975068],[73.857017,19.974513],[73.856375,19.974268],[73.855374,19.973871],[73.854373,19.973474],[73.853775,19.973186],[73.853018,19.972822],[73.852856,19.972726],[73.851837,19.972119],[73.851677,19.972024],[73.851065,19.971585],[73.850691,19.971317],[73.850621,19.971246],[73.850003,19.970629],[73.849247,19.969895],[73.848948,19.969608],[73.848484,19.969013],[73.848366,19.968862],[73.848096,19.96851],[73.847929,19.968285],[73.847558,19.967759],[73.847453,19.96759],[73.847098,19.96701],[73.847045,19.966908],[73.846449,19.966892],[73.846338,19.969072],[73.846273,19.970528],[73.84672,19.970552],[73.846715,19.970841],[73.844102,19.97076],[73.842954,19.970727],[73.842164,19.970666],[73.84201,19.970657],[73.842,19.970653],[73.841953,19.970649],[73.841674,19.970527],[73.840094,19.970209],[73.840505,19.971937],[73.840732,19.972842],[73.840947,19.973877],[73.841292,19.975352],[73.841783,19.976912],[73.842055,19.977678],[73.842541,19.979017],[73.843444,19.980339],[73.843886,19.980951],[73.844253,19.981902],[73.844341,19.982129],[73.844642,19.983129],[73.844811,19.984511],[73.845044,19.985834],[73.845078,19.986026],[73.845312,19.987347],[73.845386,19.98784],[73.845499,19.988581],[73.845538,19.988935],[73.845561,19.989096],[73.845566,19.989179],[73.845566,19.989181],[73.845569,19.989179],[73.845753,19.989133],[73.845951,19.988965],[73.846382,19.988723],[73.846936,19.988595],[73.847785,19.988546],[73.848486,19.98865],[73.849054,19.988689],[73.849789,19.98881],[73.850354,19.988896],[73.850382,19.988816],[73.850698,19.988804],[73.851217,19.988918],[73.851585,19.988999],[73.851965,19.989029],[73.852752,19.989269],[73.853533,19.989269],[73.854008,19.989146],[73.854664,19.988752],[73.854777,19.988644],[73.854961,19.988404],[73.855329,19.988028],[73.856339,19.987426],[73.857722,19.986485],[73.858293,19.986056],[73.8588,19.985534],[73.859091,19.985222],[73.86004,19.984246],[73.860901,19.983261],[73.8612,19.982933],[73.861715,19.982664],[73.862408,19.982558],[73.863032,19.982662],[73.863576,19.982847],[73.86421,19.982912],[73.864959,19.983333],[73.865475,19.983744],[73.86573,19.984124],[73.865807,19.984072],[73.865914,19.984122],[73.86556,19.982776],[73.865462,19.982402],[73.865436,19.980722],[73.865414,19.97922],[73.865393,19.977842],[73.865485,19.977768]]]}},{"type":"Feature","properties":{"Name":"MH15DU5890 (G)","routeId":528,"fill-opacity":0.03,"stroke-width":1,"stroke-opacity":0.5,"locationConfidence":"verified","locationSource":"NMC waste collection vehicle tracking export, 30 Aug 2026 (RTI)"},"geometry":{"type":"Polygon","coordinates":[[[73.834992,19.939931],[73.835199,19.940183],[73.835297,19.940323],[73.835312,19.940915],[73.835799,19.942148],[73.835841,19.942253],[73.835546,19.944181],[73.834583,19.944381],[73.833781,19.944378],[73.833709,19.944367],[73.833671,19.944367],[73.833309,19.944307],[73.833095,19.944275],[73.831992,19.944094],[73.831529,19.944036],[73.831521,19.944035],[73.831134,19.944035],[73.830707,19.944298],[73.830271,19.944638],[73.830147,19.944767],[73.829851,19.944966],[73.829532,19.946317],[73.829289,19.946755],[73.829258,19.94681],[73.82916,19.94692],[73.828598,19.946713],[73.82701,19.946615],[73.826951,19.946606],[73.826247,19.946498],[73.824755,19.946283],[73.823947,19.9462],[73.822675,19.946129],[73.821504,19.946047],[73.821307,19.949175],[73.821306,19.949175],[73.819997,19.949649],[73.819977,19.950631],[73.819966,19.951172],[73.819948,19.953141],[73.819948,19.953142],[73.81984,19.953993],[73.822242,19.954322],[73.822242,19.954257],[73.824586,19.95457],[73.824606,19.954572],[73.824426,19.9556],[73.82425,19.956729],[73.824243,19.956779],[73.824459,19.956779],[73.824762,19.956536],[73.825062,19.956189],[73.826833,19.956233],[73.827673,19.956259],[73.828705,19.956327],[73.830012,19.956488],[73.830483,19.956509],[73.832285,19.956004],[73.832285,19.955977],[73.832282,19.955198],[73.832292,19.954144],[73.832309,19.95375],[73.832487,19.95376],[73.832721,19.952194],[73.832833,19.95123],[73.834436,19.951327],[73.835797,19.951342],[73.837174,19.951342],[73.837319,19.951342],[73.837479,19.952927],[73.837588,19.954015],[73.8385,19.953294],[73.838719,19.953137],[73.83958,19.952524],[73.839963,19.952251],[73.840594,19.951865],[73.840751,19.952057],[73.841542,19.951635],[73.841547,19.951558],[73.842267,19.951451],[73.842283,19.951913],[73.842158,19.952785],[73.842205,19.95301],[73.842714,19.95325],[73.842945,19.953495],[73.843536,19.953651],[73.842764,19.950131],[73.842432,19.948613],[73.84209,19.946758],[73.842083,19.946718],[73.842067,19.946646],[73.842004,19.946352],[73.841709,19.944992],[73.841372,19.943437],[73.841169,19.942497],[73.841066,19.942007],[73.840762,19.940555],[73.840664,19.940085],[73.840515,19.939374],[73.84021,19.938325],[73.839796,19.936903],[73.839522,19.935995],[73.839526,19.935975],[73.839452,19.935763],[73.839299,19.935775],[73.839038,19.935925],[73.838807,19.936374],[73.838717,19.936744],[73.838609,19.937326],[73.838659,19.937726],[73.838645,19.938184],[73.838538,19.938401],[73.837974,19.93857],[73.837415,19.938602],[73.836987,19.938567],[73.836644,19.93836],[73.836463,19.93835],[73.836057,19.938541],[73.83546,19.938981],[73.835239,19.939214],[73.834796,19.939609],[73.835012,19.939916],[73.834992,19.939931]]]}},{"type":"Feature","properties":{"Name":"MH15ES7244 (G)","routeId":525,"fill-opacity":0.03,"stroke-width":1,"stroke-opacity":0.5,"locationConfidence":"verified","locationSource":"NMC waste collection vehicle tracking export, 30 Aug 2026 (RTI)"},"geometry":{"type":"Polygon","coordinates":[[[73.834992,19.939931],[73.835199,19.940183],[73.835297,19.940323],[73.835312,19.940915],[73.835799,19.942148],[73.835841,19.942253],[73.835546,19.944181],[73.834583,19.944381],[73.833781,19.944378],[73.833709,19.944367],[73.833671,19.944367],[73.833309,19.944307],[73.833095,19.944275],[73.831992,19.944094],[73.831529,19.944036],[73.831521,19.944035],[73.831134,19.944035],[73.830707,19.944298],[73.830271,19.944638],[73.830147,19.944767],[73.829851,19.944966],[73.829532,19.946317],[73.829289,19.946755],[73.829258,19.94681],[73.82916,19.94692],[73.828598,19.946713],[73.82701,19.946615],[73.826951,19.946606],[73.826247,19.946498],[73.824755,19.946283],[73.823947,19.9462],[73.822675,19.946129],[73.821504,19.946047],[73.821307,19.949175],[73.821306,19.949175],[73.819997,19.949649],[73.819977,19.950631],[73.819966,19.951172],[73.819948,19.953141],[73.819948,19.953142],[73.81984,19.953993],[73.822242,19.954322],[73.822242,19.954257],[73.824586,19.95457],[73.824606,19.954572],[73.824426,19.9556],[73.82425,19.956729],[73.824243,19.956779],[73.824459,19.956779],[73.824762,19.956536],[73.825062,19.956189],[73.826833,19.956233],[73.827673,19.956259],[73.828705,19.956327],[73.830012,19.956488],[73.830483,19.956509],[73.832285,19.956004],[73.832285,19.955977],[73.832282,19.955198],[73.832292,19.954144],[73.832309,19.95375],[73.832487,19.95376],[73.832721,19.952194],[73.832833,19.95123],[73.834436,19.951327],[73.835797,19.951342],[73.837174,19.951342],[73.837319,19.951342],[73.837479,19.952927],[73.837588,19.954015],[73.8385,19.953294],[73.838719,19.953137],[73.83958,19.952524],[73.839963,19.952251],[73.840594,19.951865],[73.840751,19.952057],[73.841542,19.951635],[73.841547,19.951558],[73.842267,19.951451],[73.842283,19.951913],[73.842158,19.952785],[73.842205,19.95301],[73.842714,19.95325],[73.842945,19.953495],[73.843536,19.953651],[73.842764,19.950131],[73.842432,19.948613],[73.84209,19.946758],[73.842083,19.946718],[73.842067,19.946646],[73.842004,19.946352],[73.841709,19.944992],[73.841372,19.943437],[73.841169,19.942497],[73.841066,19.942007],[73.840762,19.940555],[73.840664,19.940085],[73.840515,19.939374],[73.84021,19.938325],[73.839796,19.936903],[73.839522,19.935995],[73.839526,19.935975],[73.839452,19.935763],[73.839299,19.935775],[73.839038,19.935925],[73.838807,19.936374],[73.838717,19.936744],[73.838609,19.937326],[73.838659,19.937726],[73.838645,19.938184],[73.838538,19.938401],[73.837974,19.93857],[73.837415,19.938602],[73.836987,19.938567],[73.836644,19.93836],[73.836463,19.93835],[73.836057,19.938541],[73.83546,19.938981],[73.835239,19.939214],[73.834796,19.939609],[73.835012,19.939916],[73.834992,19.939931]]]}},{"type":"Feature","properties":{"Name":"MH15ES8268 (TR)","routeId":529,"fill-opacity":0.03,"stroke-width":1,"stroke-opacity":0.5,"locationConfidence":"verified","locationSource":"NMC waste collection vehicle tracking export, 30 Aug 2026 (RTI)"},"geometry":{"type":"Polygon","coordinates":[[[73.82222,19.98846],[73.82161,19.98696],[73.82211,19.98675],[73.82208,19.98294],[73.8221,19.98294],[73.82291,19.98252],[73.82375,19.98208],[73.82394,19.98197],[73.82509,19.98135],[73.82605,19.98083],[73.82606,19.98082],[73.82696,19.98048],[73.82793,19.98007],[73.8282,19.97992],[73.82822,19.97988],[73.82829,19.97966],[73.8283,19.97961],[73.82821,19.97836],[73.82821,19.97834],[73.82813,19.97771],[73.82798,19.97669],[73.82781,19.97469],[73.82774,19.97394],[73.82754,19.97389],[73.82734,19.97385],[73.82695,19.97371],[73.82628,19.97349],[73.82596,19.97341],[73.82534,19.97331],[73.82294,19.97292],[73.82302,19.97247],[73.82303,19.97212],[73.82288,19.97167],[73.82284,19.97159],[73.82244,19.97102],[73.82229,19.97082],[73.82202,19.97052],[73.82151,19.97016],[73.82086,19.96991],[73.81993,19.96962],[73.81994,19.96945],[73.81928,19.96935],[73.81926,19.96934],[73.81921,19.96933],[73.81842,19.96904],[73.81665,19.97051],[73.81458,19.97222],[73.81371,19.97306],[73.81283,19.97391],[73.81243,19.97432],[73.81204,19.97473],[73.81192,19.97472],[73.80919,19.97418],[73.80792,19.97269],[73.8074,19.97127],[73.80673,19.96934],[73.80653,19.96905],[73.80616,19.96867],[73.80452,19.96731],[73.80428,19.96747],[73.80249,19.96743],[73.80246,19.96801],[73.80057,19.96816],[73.8006,19.9681],[73.80094,19.96739],[73.80129,19.96667],[73.80118,19.96576],[73.80114,19.96542],[73.79831,19.96594],[73.79822,19.96512],[73.79817,19.96463],[73.798,19.96295],[73.798,19.96294],[73.79798,19.96282],[73.79781,19.96117],[73.79774,19.96041],[73.79766,19.95964],[73.79725,19.95868],[73.79592,19.95783],[73.79291,19.95976],[73.79247,19.96005],[73.78631,19.96288],[73.78465,19.96366],[73.78464,19.96365],[73.78463,19.96365],[73.78403,19.96322],[73.78399,19.96319],[73.78413,19.96298],[73.78382,19.96253],[73.78352,19.96178],[73.78312,19.96082],[73.78307,19.96083],[73.78306,19.96083],[73.78257,19.95972],[73.78238,19.95929],[73.78211,19.95868],[73.78208,19.95861],[73.78199,19.95831],[73.7818,19.95768],[73.78167,19.95606],[73.78167,19.95605],[73.78193,19.95553],[73.78194,19.95553],[73.78312,19.95514],[73.78516,19.95445],[73.78633,19.95406],[73.78927,19.95305],[73.79182,19.95216],[73.79191,19.95213],[73.79443,19.95144],[73.79631,19.95092],[73.79772,19.95053],[73.79783,19.94714],[73.7979,19.94498],[73.79796,19.94307],[73.79683,19.94321],[73.79577,19.94312],[73.7937,19.94297],[73.79077,19.94275],[73.79074,19.94275],[73.79066,19.94274],[73.78936,19.94239],[73.78941,19.94176],[73.78953,19.94009],[73.78961,19.93884],[73.7897,19.93715],[73.78972,19.93635],[73.78974,19.93426],[73.78971,19.93272],[73.78969,19.93134],[73.78966,19.92996],[73.78978,19.92957],[73.78989,19.92913],[73.79009,19.92799],[73.79012,19.92796],[73.79013,19.92793],[73.79034,19.92773],[73.79038,19.92769],[73.79091,19.92737],[73.79101,19.92731],[73.79102,19.9273],[73.79181,19.92723],[73.79316,19.92709],[73.79326,19.92708],[73.79333,19.92708],[73.79403,19.92708],[73.79405,19.92708],[73.79397,19.92622],[73.7937,19.92346],[73.79479,19.92325],[73.7948,19.92325],[73.79865,19.9229],[73.7986,19.92179],[73.79854,19.9206],[73.79854,19.92056],[73.79918,19.91992],[73.79921,19.91995],[73.80034,19.92122],[73.80182,19.92288],[73.80331,19.92463],[73.80394,19.9252],[73.80514,19.92628],[73.80638,19.92728],[73.80822,19.92721],[73.80951,19.92771],[73.81204,19.92874],[73.81789,19.9283],[73.82125,19.92805],[73.82346,19.92789],[73.82477,19.92804],[73.8275,19.92836],[73.82918,19.92843],[73.83158,19.92853],[73.83383,19.92835],[73.83408,19.92826],[73.83596,19.92836],[73.83597,19.9283],[73.83633,19.92832],[73.83632,19.92839],[73.83779,19.92845],[73.838,19.92842],[73.83802,19.92849],[73.84046,19.92849],[73.84181,19.92851],[73.84235,19.92922],[73.84325,19.93041],[73.84329,19.93062],[73.84339,19.93143],[73.84402,19.93087],[73.84455,19.93063],[73.84496,19.93067],[73.84614,19.93056],[73.84675,19.93049],[73.84707,19.9305],[73.84734,19.93064],[73.84761,19.93079],[73.84792,19.93113],[73.84845,19.93211],[73.84898,19.93273],[73.84898,19.93275],[73.8497,19.9334],[73.85047,19.93367],[73.85088,19.9338],[73.85116,19.93377],[73.8515,19.93381],[73.85184,19.93377],[73.85239,19.93368],[73.85295,19.93328],[73.85371,19.93229],[73.85443,19.93144],[73.85507,19.93118],[73.85628,19.93085],[73.85682,19.93109],[73.85695,19.9313],[73.85794,19.93173],[73.85969,19.93237],[73.86097,19.93296],[73.86111,19.93301],[73.86136,19.93314],[73.86161,19.93324],[73.86193,19.93332],[73.86186,19.93344],[73.86263,19.93371],[73.86378,19.93387],[73.86458,19.93382],[73.86491,19.93401],[73.86512,19.93374],[73.86814,19.93385],[73.87012,19.93326],[73.8748,19.93187],[73.87682,19.9317],[73.87927,19.93272],[73.88074,19.93423],[73.88186,19.93538],[73.88183,19.93777],[73.88096,19.94042],[73.87997,19.94401],[73.88007,19.94572],[73.88041,19.94654],[73.88084,19.9475],[73.88147,19.9485],[73.88252,19.95009],[73.88248,19.95038],[73.88215,19.9507],[73.88141,19.95139],[73.88148,19.95163],[73.88143,19.95173],[73.88118,19.9518],[73.88052,19.95198],[73.88021,19.95221],[73.87972,19.9524],[73.87941,19.9526],[73.87882,19.95357],[73.87823,19.95455],[73.87774,19.95577],[73.87768,19.95592],[73.87752,19.95614],[73.87684,19.95754],[73.87648,19.95835],[73.87591,19.95934],[73.87533,19.96036],[73.87469,19.96178],[73.87418,19.96241],[73.87389,19.96278],[73.87318,19.96345],[73.87198,19.96458],[73.87175,19.96513],[73.87152,19.96561],[73.87144,19.96603],[73.87143,19.96629],[73.87142,19.96677],[73.87135,19.96685],[73.87123,19.96695],[73.87106,19.96709],[73.87103,19.96714],[73.87055,19.96758],[73.86996,19.96781],[73.86943,19.96801],[73.86894,19.96826],[73.86858,19.96856],[73.86788,19.97015],[73.86531,19.97086],[73.86546,19.97382],[73.86563,19.97771],[73.8655,19.97777],[73.86548,19.97777],[73.86539,19.97784],[73.86541,19.97922],[73.86544,19.98072],[73.86546,19.9824],[73.86556,19.98278],[73.86591,19.98412],[73.86581,19.98407],[73.86573,19.98412],[73.86547,19.98374],[73.86496,19.98333],[73.86421,19.98291],[73.86358,19.98285],[73.86303,19.98266],[73.86241,19.98256],[73.86172,19.98266],[73.8612,19.98293],[73.8609,19.98326],[73.86004,19.98425],[73.85909,19.98522],[73.8588,19.98553],[73.85829,19.98606],[73.85772,19.98648],[73.85634,19.98743],[73.85533,19.98803],[73.85496,19.9884],[73.85478,19.98864],[73.85466,19.98875],[73.85401,19.98915],[73.85353,19.98927],[73.85275,19.98927],[73.85197,19.98903],[73.85158,19.989],[73.85122,19.98892],[73.8507,19.9888],[73.85038,19.98882],[73.85035,19.9889],[73.84979,19.98881],[73.84905,19.98869],[73.84849,19.98865],[73.84778,19.98855],[73.84694,19.9886],[73.84638,19.98872],[73.84595,19.98897],[73.84575,19.98913],[73.84557,19.98918],[73.84546,19.98921],[73.84499,19.98927],[73.8445,19.98925],[73.84396,19.98886],[73.84378,19.98849],[73.84319,19.98731],[73.84308,19.98693],[73.84253,19.98599],[73.84222,19.98542],[73.84191,19.98503],[73.841,19.98447],[73.84008,19.98408],[73.83887,19.9838],[73.83817,19.98373],[73.83788,19.98381],[73.83653,19.98406],[73.83565,19.98426],[73.83445,19.98478],[73.83192,19.98614],[73.83001,19.98709],[73.82912,19.98748],[73.828,19.98787],[73.82686,19.98824],[73.82618,19.98854],[73.82451,19.98894],[73.82294,19.98931],[73.82271,19.98923],[73.82255,19.98927],[73.82236,19.98871],[73.82222,19.98846]]]}},{"type":"Feature","properties":{"Name":"MH15FM1599 (G)","routeId":686,"fill-opacity":0.03,"stroke-width":1,"stroke-opacity":0.5,"locationConfidence":"verified","locationSource":"NMC waste collection vehicle tracking export, 30 Aug 2026 (RTI)"},"geometry":{"type":"Polygon","coordinates":[[[73.82222,19.98846],[73.82161,19.98696],[73.82211,19.98675],[73.82208,19.98294],[73.8221,19.98294],[73.82291,19.98252],[73.82375,19.98208],[73.82394,19.98197],[73.82509,19.98135],[73.82605,19.98083],[73.82606,19.98082],[73.82696,19.98048],[73.82793,19.98007],[73.8282,19.97992],[73.82822,19.97988],[73.82829,19.97966],[73.8283,19.97961],[73.82821,19.97836],[73.82821,19.97834],[73.82813,19.97771],[73.82798,19.97669],[73.82781,19.97469],[73.82774,19.97394],[73.82754,19.97389],[73.82734,19.97385],[73.82695,19.97371],[73.82628,19.97349],[73.82596,19.97341],[73.82534,19.97331],[73.82294,19.97292],[73.82302,19.97247],[73.82303,19.97212],[73.82288,19.97167],[73.82284,19.97159],[73.82244,19.97102],[73.82229,19.97082],[73.82202,19.97052],[73.82151,19.97016],[73.82086,19.96991],[73.81993,19.96962],[73.81994,19.96945],[73.81928,19.96935],[73.81926,19.96934],[73.81921,19.96933],[73.81842,19.96904],[73.81665,19.97051],[73.81458,19.97222],[73.81371,19.97306],[73.81283,19.97391],[73.81243,19.97432],[73.81204,19.97473],[73.81192,19.97472],[73.80919,19.97418],[73.80792,19.97269],[73.8074,19.97127],[73.80673,19.96934],[73.80653,19.96905],[73.80616,19.96867],[73.80452,19.96731],[73.80428,19.96747],[73.80249,19.96743],[73.80246,19.96801],[73.80057,19.96816],[73.8006,19.9681],[73.80094,19.96739],[73.80129,19.96667],[73.80118,19.96576],[73.80114,19.96542],[73.79831,19.96594],[73.79822,19.96512],[73.79817,19.96463],[73.798,19.96295],[73.798,19.96294],[73.79798,19.96282],[73.79781,19.96117],[73.79774,19.96041],[73.79766,19.95964],[73.79725,19.95868],[73.79592,19.95783],[73.79291,19.95976],[73.79247,19.96005],[73.78631,19.96288],[73.78465,19.96366],[73.78464,19.96365],[73.78463,19.96365],[73.78403,19.96322],[73.78399,19.96319],[73.78413,19.96298],[73.78382,19.96253],[73.78352,19.96178],[73.78312,19.96082],[73.78307,19.96083],[73.78306,19.96083],[73.78257,19.95972],[73.78238,19.95929],[73.78211,19.95868],[73.78208,19.95861],[73.78199,19.95831],[73.7818,19.95768],[73.78167,19.95606],[73.78167,19.95605],[73.78193,19.95553],[73.78194,19.95553],[73.78312,19.95514],[73.78516,19.95445],[73.78633,19.95406],[73.78927,19.95305],[73.79182,19.95216],[73.79191,19.95213],[73.79443,19.95144],[73.79631,19.95092],[73.79772,19.95053],[73.79783,19.94714],[73.7979,19.94498],[73.79796,19.94307],[73.79683,19.94321],[73.79577,19.94312],[73.7937,19.94297],[73.79077,19.94275],[73.79074,19.94275],[73.79066,19.94274],[73.78936,19.94239],[73.78941,19.94176],[73.78953,19.94009],[73.78961,19.93884],[73.7897,19.93715],[73.78972,19.93635],[73.78974,19.93426],[73.78971,19.93272],[73.78969,19.93134],[73.78966,19.92996],[73.78978,19.92957],[73.78989,19.92913],[73.79009,19.92799],[73.79012,19.92796],[73.79013,19.92793],[73.79034,19.92773],[73.79038,19.92769],[73.79091,19.92737],[73.79101,19.92731],[73.79102,19.9273],[73.79181,19.92723],[73.79316,19.92709],[73.79326,19.92708],[73.79333,19.92708],[73.79403,19.92708],[73.79405,19.92708],[73.79397,19.92622],[73.7937,19.92346],[73.79479,19.92325],[73.7948,19.92325],[73.79865,19.9229],[73.7986,19.92179],[73.79854,19.9206],[73.79854,19.92056],[73.79918,19.91992],[73.79921,19.91995],[73.80034,19.92122],[73.80182,19.92288],[73.80331,19.92463],[73.80394,19.9252],[73.80514,19.92628],[73.80638,19.92728],[73.80822,19.92721],[73.80951,19.92771],[73.81204,19.92874],[73.81789,19.9283],[73.82125,19.92805],[73.82346,19.92789],[73.82477,19.92804],[73.8275,19.92836],[73.82918,19.92843],[73.83158,19.92853],[73.83383,19.92835],[73.83408,19.92826],[73.83596,19.92836],[73.83597,19.9283],[73.83633,19.92832],[73.83632,19.92839],[73.83779,19.92845],[73.838,19.92842],[73.83802,19.92849],[73.84046,19.92849],[73.84181,19.92851],[73.84235,19.92922],[73.84325,19.93041],[73.84329,19.93062],[73.84339,19.93143],[73.84402,19.93087],[73.84455,19.93063],[73.84496,19.93067],[73.84614,19.93056],[73.84675,19.93049],[73.84707,19.9305],[73.84734,19.93064],[73.84761,19.93079],[73.84792,19.93113],[73.84845,19.93211],[73.84898,19.93273],[73.84898,19.93275],[73.8497,19.9334],[73.85047,19.93367],[73.85088,19.9338],[73.85116,19.93377],[73.8515,19.93381],[73.85184,19.93377],[73.85239,19.93368],[73.85295,19.93328],[73.85371,19.93229],[73.85443,19.93144],[73.85507,19.93118],[73.85628,19.93085],[73.85682,19.93109],[73.85695,19.9313],[73.85794,19.93173],[73.85969,19.93237],[73.86097,19.93296],[73.86111,19.93301],[73.86136,19.93314],[73.86161,19.93324],[73.86193,19.93332],[73.86186,19.93344],[73.86263,19.93371],[73.86378,19.93387],[73.86458,19.93382],[73.86491,19.93401],[73.86512,19.93374],[73.86814,19.93385],[73.87012,19.93326],[73.8748,19.93187],[73.87682,19.9317],[73.87927,19.93272],[73.88074,19.93423],[73.88186,19.93538],[73.88183,19.93777],[73.88096,19.94042],[73.87997,19.94401],[73.88007,19.94572],[73.88041,19.94654],[73.88084,19.9475],[73.88147,19.9485],[73.88252,19.95009],[73.88248,19.95038],[73.88215,19.9507],[73.88141,19.95139],[73.88148,19.95163],[73.88143,19.95173],[73.88118,19.9518],[73.88052,19.95198],[73.88021,19.95221],[73.87972,19.9524],[73.87941,19.9526],[73.87882,19.95357],[73.87823,19.95455],[73.87774,19.95577],[73.87768,19.95592],[73.87752,19.95614],[73.87684,19.95754],[73.87648,19.95835],[73.87591,19.95934],[73.87533,19.96036],[73.87469,19.96178],[73.87418,19.96241],[73.87389,19.96278],[73.87318,19.96345],[73.87198,19.96458],[73.87175,19.96513],[73.87152,19.96561],[73.87144,19.96603],[73.87143,19.96629],[73.87142,19.96677],[73.87135,19.96685],[73.87123,19.96695],[73.87106,19.96709],[73.87103,19.96714],[73.87055,19.96758],[73.86996,19.96781],[73.86943,19.96801],[73.86894,19.96826],[73.86858,19.96856],[73.86788,19.97015],[73.86531,19.97086],[73.86546,19.97382],[73.86563,19.97771],[73.8655,19.97777],[73.86548,19.97777],[73.86539,19.97784],[73.86541,19.97922],[73.86544,19.98072],[73.86546,19.9824],[73.86556,19.98278],[73.86591,19.98412],[73.86581,19.98407],[73.86573,19.98412],[73.86547,19.98374],[73.86496,19.98333],[73.86421,19.98291],[73.86358,19.98285],[73.86303,19.98266],[73.86241,19.98256],[73.86172,19.98266],[73.8612,19.98293],[73.8609,19.98326],[73.86004,19.98425],[73.85909,19.98522],[73.8588,19.98553],[73.85829,19.98606],[73.85772,19.98648],[73.85634,19.98743],[73.85533,19.98803],[73.85496,19.9884],[73.85478,19.98864],[73.85466,19.98875],[73.85401,19.98915],[73.85353,19.98927],[73.85275,19.98927],[73.85197,19.98903],[73.85158,19.989],[73.85122,19.98892],[73.8507,19.9888],[73.85038,19.98882],[73.85035,19.9889],[73.84979,19.98881],[73.84905,19.98869],[73.84849,19.98865],[73.84778,19.98855],[73.84694,19.9886],[73.84638,19.98872],[73.84595,19.98897],[73.84575,19.98913],[73.84557,19.98918],[73.84546,19.98921],[73.84499,19.98927],[73.8445,19.98925],[73.84396,19.98886],[73.84378,19.98849],[73.84319,19.98731],[73.84308,19.98693],[73.84253,19.98599],[73.84222,19.98542],[73.84191,19.98503],[73.841,19.98447],[73.84008,19.98408],[73.83887,19.9838],[73.83817,19.98373],[73.83788,19.98381],[73.83653,19.98406],[73.83565,19.98426],[73.83445,19.98478],[73.83192,19.98614],[73.83001,19.98709],[73.82912,19.98748],[73.828,19.98787],[73.82686,19.98824],[73.82618,19.98854],[73.82451,19.98894],[73.82294,19.98931],[73.82271,19.98923],[73.82255,19.98927],[73.82236,19.98871],[73.82222,19.98846]]]}},{"type":"Feature","properties":{"Name":"MH15FQ0344","routeId":505,"fill-opacity":0.03,"stroke-width":1,"stroke-opacity":0.5,"locationConfidence":"verified","locationSource":"NMC waste collection vehicle tracking export, 30 Aug 2026 (RTI)"},"geometry":{"type":"Polygon","coordinates":[[[73.842545,19.979207],[73.84454,19.97958],[73.846203,19.979701],[73.848306,19.979328],[73.848639,19.979016],[73.850666,19.97837],[73.853177,19.978249],[73.853713,19.978159],[73.854024,19.973409],[73.853499,19.973046],[73.852479,19.972693],[73.851911,19.972391],[73.851074,19.97233],[73.850967,19.972542],[73.85058,19.973913],[73.849722,19.973934],[73.849143,19.973873],[73.849003,19.973409],[73.848842,19.973077],[73.847888,19.973147],[73.847673,19.973913],[73.847426,19.976031],[73.844883,19.976031],[73.844208,19.976828],[73.843918,19.97835],[73.843811,19.978945],[73.842705,19.978764],[73.842351,19.978804],[73.84233,19.979016],[73.842545,19.979167],[73.842545,19.979207]]]}},{"type":"Feature","properties":{"Name":"MH15FQ0347","routeId":1003,"fill-opacity":0.03,"stroke-width":1,"stroke-opacity":0.5,"locationConfidence":"verified","locationSource":"NMC waste collection vehicle tracking export, 30 Aug 2026 (RTI)"},"geometry":{"type":"Polygon","coordinates":[[[73.835748,19.943949],[73.834568,19.944221],[73.834085,19.944211],[73.833517,19.94415],[73.833044,19.94411],[73.831424,19.943858],[73.83107,19.946944],[73.830706,19.946883],[73.830641,19.947347],[73.831666,19.947357],[73.83165,19.948457],[73.83217,19.948467],[73.832111,19.94889],[73.832653,19.949143],[73.832969,19.949102],[73.832921,19.948583],[73.833597,19.948558],[73.833581,19.949107],[73.834804,19.949027],[73.834799,19.947705],[73.837138,19.947756],[73.836526,19.94585],[73.835748,19.943949]]]}},{"type":"Feature","properties":{"Name":"MH15FQ0348","routeId":480,"fill-opacity":0.03,"stroke-width":1,"stroke-opacity":0.5,"locationConfidence":"verified","locationSource":"NMC waste collection vehicle tracking export, 30 Aug 2026 (RTI)"},"geometry":{"type":"Polygon","coordinates":[[[73.808341,19.941764],[73.810744,19.942006],[73.811173,19.940715],[73.811302,19.934744],[73.812675,19.936842],[73.813405,19.936963],[73.814049,19.934301],[73.815594,19.934825],[73.818984,19.936318],[73.821816,19.937165],[73.828168,19.938012],[73.831987,19.937528],[73.833232,19.937689],[73.833833,19.938133],[73.834219,19.939182],[73.835464,19.938496],[73.836923,19.937649],[73.837438,19.937326],[73.835721,19.937125],[73.835206,19.932929],[73.835249,19.932283],[73.83688,19.932324],[73.838124,19.93192],[73.838296,19.931073],[73.838081,19.929258],[73.838296,19.928168],[73.83688,19.927644],[73.834949,19.927442],[73.833661,19.928491],[73.833575,19.930306],[73.833618,19.93656],[73.830528,19.936641],[73.822503,19.936156],[73.822589,19.930831],[73.821902,19.93075],[73.821259,19.931517],[73.820701,19.935551],[73.817611,19.935067],[73.817954,19.93301],[73.817525,19.932727],[73.81671,19.932808],[73.816409,19.934301],[73.815336,19.932969],[73.813705,19.933131],[73.812203,19.933494],[73.811646,19.93305],[73.81216,19.930831],[73.812804,19.930024],[73.812804,19.928894],[73.812032,19.928491],[73.811045,19.929742],[73.809757,19.928894],[73.807783,19.927684],[73.806925,19.927079],[73.806367,19.927966],[73.810444,19.931315],[73.809886,19.936681],[73.809414,19.937689],[73.809671,19.938456],[73.809757,19.940796],[73.808899,19.941119],[73.808341,19.941764]]]}},{"type":"Feature","properties":{"Name":"MH15FQ0349","routeId":489,"fill-opacity":0.03,"stroke-width":1,"stroke-opacity":0.5,"locationConfidence":"verified","locationSource":"NMC waste collection vehicle tracking export, 30 Aug 2026 (RTI)"},"geometry":{"type":"Polygon","coordinates":[[[73.834538,19.95504],[73.835074,19.956439],[73.83072,19.95991],[73.826999,19.962525],[73.825248,19.964063],[73.82146,19.962106],[73.823131,19.957718],[73.82511,19.955398],[73.830002,19.955698],[73.834538,19.95504]]]}},{"type":"Feature","properties":{"Name":"MH15FQ0350","routeId":481,"fill-opacity":0.03,"stroke-width":1,"stroke-opacity":0.5,"locationConfidence":"verified","locationSource":"NMC waste collection vehicle tracking export, 30 Aug 2026 (RTI)"},"geometry":{"type":"Polygon","coordinates":[[[73.848188,19.946141],[73.850355,19.944043],[73.850827,19.943196],[73.850355,19.942329],[73.849089,19.941603],[73.849003,19.940796],[73.85072,19.940695],[73.851192,19.940574],[73.851171,19.940009],[73.851213,19.939505],[73.851686,19.939384],[73.851621,19.938617],[73.85175,19.938153],[73.851922,19.93781],[73.853316,19.937831],[73.854539,19.937145],[73.85529,19.936721],[73.85572,19.937226],[73.855634,19.938093],[73.855956,19.938194],[73.859711,19.936439],[73.860869,19.935067],[73.860312,19.934785],[73.859711,19.93418],[73.85999,19.933756],[73.859861,19.933272],[73.859303,19.93309],[73.858831,19.93305],[73.857908,19.933312],[73.857737,19.933554],[73.85705,19.933453],[73.856492,19.933272],[73.856685,19.932646],[73.856986,19.931759],[73.857114,19.931335],[73.85675,19.931255],[73.856084,19.932364],[73.855526,19.933373],[73.85484,19.933171],[73.853981,19.93307],[73.853617,19.933514],[73.853166,19.933796],[73.852844,19.93418],[73.852437,19.935027],[73.851621,19.93543],[73.850784,19.935511],[73.850784,19.934825],[73.850312,19.934381],[73.849797,19.933998],[73.84939,19.933736],[73.84851,19.933917],[73.848274,19.93422],[73.847201,19.934603],[73.846257,19.934623],[73.845785,19.93424],[73.84542,19.933917],[73.845012,19.934301],[73.845205,19.935107],[73.845634,19.936257],[73.845913,19.937165],[73.844819,19.93775],[73.843832,19.938053],[73.84351,19.937064],[73.843446,19.936358],[73.843038,19.936277],[73.842781,19.936661],[73.842866,19.938274],[73.842523,19.938638],[73.842394,19.939263],[73.843424,19.939182],[73.843896,19.938738],[73.844562,19.939666],[73.845398,19.939727],[73.845356,19.940352],[73.845806,19.940957],[73.846085,19.940433],[73.846428,19.939162],[73.847587,19.939081],[73.848317,19.939061],[73.848531,19.944285],[73.848252,19.945415],[73.847973,19.945738],[73.848038,19.946141],[73.848188,19.946141]]]}},{"type":"Feature","properties":{"Name":"MH15FQ0351","routeId":497,"fill-opacity":0.03,"stroke-width":1,"stroke-opacity":0.5,"locationConfidence":"verified","locationSource":"NMC waste collection vehicle tracking export, 30 Aug 2026 (RTI)"},"geometry":{"type":"Polygon","coordinates":[[[73.818448,19.968972],[73.821387,19.97107],[73.822224,19.972582],[73.822889,19.973228],[73.829906,19.974518],[73.835013,19.975809],[73.8363,19.976172],[73.8413,19.974539],[73.840249,19.968993],[73.839755,19.966048],[73.839154,19.966008],[73.83585,19.966431],[73.83527,19.966855],[73.835227,19.968307],[73.835399,19.969678],[73.835742,19.970001],[73.837953,19.970102],[73.839068,19.971816],[73.838832,19.972562],[73.838017,19.973752],[73.837974,19.974922],[73.836172,19.975486],[73.834605,19.975103],[73.830614,19.973913],[73.827288,19.973631],[73.824992,19.973087],[73.823361,19.972764],[73.823233,19.971191],[73.822374,19.970324],[73.821516,19.969557],[73.820357,19.969053],[73.821108,19.96863],[73.821216,19.968045],[73.821301,19.966855],[73.821151,19.966613],[73.819435,19.967944],[73.818512,19.968831],[73.818448,19.968972]]]}},{"type":"Feature","properties":{"Name":"MH15FQ0352","routeId":482,"fill-opacity":0.03,"stroke-width":1,"stroke-opacity":0.5,"locationConfidence":"verified","locationSource":"NMC waste collection vehicle tracking export, 30 Aug 2026 (RTI)"},"geometry":{"type":"Polygon","coordinates":[[[73.826753,19.923923],[73.830477,19.924455],[73.834445,19.926304],[73.834866,19.933538],[73.83514,19.939188],[73.832322,19.939976],[73.831191,19.943435],[73.828002,19.942966],[73.827882,19.937885],[73.827038,19.932292],[73.826753,19.923923]]]}},{"type":"Feature","properties":{"Name":"MH15FQ0353","routeId":504,"fill-opacity":0.03,"stroke-width":1,"stroke-opacity":0.5,"locationConfidence":"verified","locationSource":"NMC waste collection vehicle tracking export, 30 Aug 2026 (RTI)"},"geometry":{"type":"Polygon","coordinates":[[[73.82222,19.98846],[73.82161,19.98696],[73.82211,19.98675],[73.82208,19.98294],[73.8221,19.98294],[73.82291,19.98252],[73.82375,19.98208],[73.82394,19.98197],[73.82509,19.98135],[73.82605,19.98083],[73.82606,19.98082],[73.82696,19.98048],[73.82793,19.98007],[73.8282,19.97992],[73.82822,19.97988],[73.82829,19.97966],[73.8283,19.97961],[73.82821,19.97836],[73.82821,19.97834],[73.82813,19.97771],[73.82798,19.97669],[73.82781,19.97469],[73.82774,19.97394],[73.82754,19.97389],[73.82734,19.97385],[73.82695,19.97371],[73.82628,19.97349],[73.82596,19.97341],[73.82534,19.97331],[73.82294,19.97292],[73.82302,19.97247],[73.82303,19.97212],[73.82288,19.97167],[73.82284,19.97159],[73.82244,19.97102],[73.82229,19.97082],[73.82202,19.97052],[73.82151,19.97016],[73.82086,19.96991],[73.81993,19.96962],[73.81994,19.96945],[73.81928,19.96935],[73.81926,19.96934],[73.81921,19.96933],[73.81842,19.96904],[73.81665,19.97051],[73.81458,19.97222],[73.81371,19.97306],[73.81283,19.97391],[73.81243,19.97432],[73.81204,19.97473],[73.81192,19.97472],[73.80919,19.97418],[73.80792,19.97269],[73.8074,19.97127],[73.80673,19.96934],[73.80653,19.96905],[73.80616,19.96867],[73.80452,19.96731],[73.80428,19.96747],[73.80249,19.96743],[73.80246,19.96801],[73.80057,19.96816],[73.8006,19.9681],[73.80094,19.96739],[73.80129,19.96667],[73.80118,19.96576],[73.80114,19.96542],[73.79831,19.96594],[73.79822,19.96512],[73.79817,19.96463],[73.798,19.96295],[73.798,19.96294],[73.79798,19.96282],[73.79781,19.96117],[73.79774,19.96041],[73.79766,19.95964],[73.79725,19.95868],[73.79592,19.95783],[73.79291,19.95976],[73.79247,19.96005],[73.78631,19.96288],[73.78465,19.96366],[73.78464,19.96365],[73.78463,19.96365],[73.78403,19.96322],[73.78399,19.96319],[73.78413,19.96298],[73.78382,19.96253],[73.78352,19.96178],[73.78312,19.96082],[73.78307,19.96083],[73.78306,19.96083],[73.78257,19.95972],[73.78238,19.95929],[73.78211,19.95868],[73.78208,19.95861],[73.78199,19.95831],[73.7818,19.95768],[73.78167,19.95606],[73.78167,19.95605],[73.78193,19.95553],[73.78194,19.95553],[73.78312,19.95514],[73.78516,19.95445],[73.78633,19.95406],[73.78927,19.95305],[73.79182,19.95216],[73.79191,19.95213],[73.79443,19.95144],[73.79631,19.95092],[73.79772,19.95053],[73.79783,19.94714],[73.7979,19.94498],[73.79796,19.94307],[73.79683,19.94321],[73.79577,19.94312],[73.7937,19.94297],[73.79077,19.94275],[73.79074,19.94275],[73.79066,19.94274],[73.78936,19.94239],[73.78941,19.94176],[73.78953,19.94009],[73.78961,19.93884],[73.7897,19.93715],[73.78972,19.93635],[73.78974,19.93426],[73.78971,19.93272],[73.78969,19.93134],[73.78966,19.92996],[73.78978,19.92957],[73.78989,19.92913],[73.79009,19.92799],[73.79012,19.92796],[73.79013,19.92793],[73.79034,19.92773],[73.79038,19.92769],[73.79091,19.92737],[73.79101,19.92731],[73.79102,19.9273],[73.79181,19.92723],[73.79316,19.92709],[73.79326,19.92708],[73.79333,19.92708],[73.79403,19.92708],[73.79405,19.92708],[73.79397,19.92622],[73.7937,19.92346],[73.79479,19.92325],[73.7948,19.92325],[73.79865,19.9229],[73.7986,19.92179],[73.79854,19.9206],[73.79854,19.92056],[73.79918,19.91992],[73.79921,19.91995],[73.80034,19.92122],[73.80182,19.92288],[73.80331,19.92463],[73.80394,19.9252],[73.80514,19.92628],[73.80638,19.92728],[73.80822,19.92721],[73.80951,19.92771],[73.81204,19.92874],[73.81789,19.9283],[73.82125,19.92805],[73.82346,19.92789],[73.82477,19.92804],[73.8275,19.92836],[73.82918,19.92843],[73.83158,19.92853],[73.83383,19.92835],[73.83408,19.92826],[73.83596,19.92836],[73.83597,19.9283],[73.83633,19.92832],[73.83632,19.92839],[73.83779,19.92845],[73.838,19.92842],[73.83802,19.92849],[73.84046,19.92849],[73.84181,19.92851],[73.84235,19.92922],[73.84325,19.93041],[73.84329,19.93062],[73.84339,19.93143],[73.84402,19.93087],[73.84455,19.93063],[73.84496,19.93067],[73.84614,19.93056],[73.84675,19.93049],[73.84707,19.9305],[73.84734,19.93064],[73.84761,19.93079],[73.84792,19.93113],[73.84845,19.93211],[73.84898,19.93273],[73.84898,19.93275],[73.8497,19.9334],[73.85047,19.93367],[73.85088,19.9338],[73.85116,19.93377],[73.8515,19.93381],[73.85184,19.93377],[73.85239,19.93368],[73.85295,19.93328],[73.85371,19.93229],[73.85443,19.93144],[73.85507,19.93118],[73.85628,19.93085],[73.85682,19.93109],[73.85695,19.9313],[73.85794,19.93173],[73.85969,19.93237],[73.86097,19.93296],[73.86111,19.93301],[73.86136,19.93314],[73.86161,19.93324],[73.86193,19.93332],[73.86186,19.93344],[73.86263,19.93371],[73.86378,19.93387],[73.86458,19.93382],[73.86491,19.93401],[73.86512,19.93374],[73.86814,19.93385],[73.87012,19.93326],[73.8748,19.93187],[73.87682,19.9317],[73.87927,19.93272],[73.88074,19.93423],[73.88186,19.93538],[73.88183,19.93777],[73.88096,19.94042],[73.87997,19.94401],[73.88007,19.94572],[73.88041,19.94654],[73.88084,19.9475],[73.88147,19.9485],[73.88252,19.95009],[73.88248,19.95038],[73.88215,19.9507],[73.88141,19.95139],[73.88148,19.95163],[73.88143,19.95173],[73.88118,19.9518],[73.88052,19.95198],[73.88021,19.95221],[73.87972,19.9524],[73.87941,19.9526],[73.87882,19.95357],[73.87823,19.95455],[73.87774,19.95577],[73.87768,19.95592],[73.87752,19.95614],[73.87684,19.95754],[73.87648,19.95835],[73.87591,19.95934],[73.87533,19.96036],[73.87469,19.96178],[73.87418,19.96241],[73.87389,19.96278],[73.87318,19.96345],[73.87198,19.96458],[73.87175,19.96513],[73.87152,19.96561],[73.87144,19.96603],[73.87143,19.96629],[73.87142,19.96677],[73.87135,19.96685],[73.87123,19.96695],[73.87106,19.96709],[73.87103,19.96714],[73.87055,19.96758],[73.86996,19.96781],[73.86943,19.96801],[73.86894,19.96826],[73.86858,19.96856],[73.86788,19.97015],[73.86531,19.97086],[73.86546,19.97382],[73.86563,19.97771],[73.8655,19.97777],[73.86548,19.97777],[73.86539,19.97784],[73.86541,19.97922],[73.86544,19.98072],[73.86546,19.9824],[73.86556,19.98278],[73.86591,19.98412],[73.86581,19.98407],[73.86573,19.98412],[73.86547,19.98374],[73.86496,19.98333],[73.86421,19.98291],[73.86358,19.98285],[73.86303,19.98266],[73.86241,19.98256],[73.86172,19.98266],[73.8612,19.98293],[73.8609,19.98326],[73.86004,19.98425],[73.85909,19.98522],[73.8588,19.98553],[73.85829,19.98606],[73.85772,19.98648],[73.85634,19.98743],[73.85533,19.98803],[73.85496,19.9884],[73.85478,19.98864],[73.85466,19.98875],[73.85401,19.98915],[73.85353,19.98927],[73.85275,19.98927],[73.85197,19.98903],[73.85158,19.989],[73.85122,19.98892],[73.8507,19.9888],[73.85038,19.98882],[73.85035,19.9889],[73.84979,19.98881],[73.84905,19.98869],[73.84849,19.98865],[73.84778,19.98855],[73.84694,19.9886],[73.84638,19.98872],[73.84595,19.98897],[73.84575,19.98913],[73.84557,19.98918],[73.84546,19.98921],[73.84499,19.98927],[73.8445,19.98925],[73.84396,19.98886],[73.84378,19.98849],[73.84319,19.98731],[73.84308,19.98693],[73.84253,19.98599],[73.84222,19.98542],[73.84191,19.98503],[73.841,19.98447],[73.84008,19.98408],[73.83887,19.9838],[73.83817,19.98373],[73.83788,19.98381],[73.83653,19.98406],[73.83565,19.98426],[73.83445,19.98478],[73.83192,19.98614],[73.83001,19.98709],[73.82912,19.98748],[73.828,19.98787],[73.82686,19.98824],[73.82618,19.98854],[73.82451,19.98894],[73.82294,19.98931],[73.82271,19.98923],[73.82255,19.98927],[73.82236,19.98871],[73.82222,19.98846]]]}},{"type":"Feature","properties":{"Name":"MH15FQ0354","routeId":498,"fill-opacity":0.03,"stroke-width":1,"stroke-opacity":0.5,"locationConfidence":"verified","locationSource":"NMC waste collection vehicle tracking export, 30 Aug 2026 (RTI)"},"geometry":{"type":"Polygon","coordinates":[[[73.832631,19.974881],[73.835378,19.97597],[73.837556,19.976898],[73.838661,19.977342],[73.840249,19.977554],[73.841944,19.977352],[73.841976,19.97712],[73.841118,19.974246],[73.840013,19.974468],[73.838553,19.974992],[73.838435,19.973268],[73.838371,19.972956],[73.837416,19.972744],[73.83762,19.970031],[73.836043,19.969618],[73.835152,19.969779],[73.834981,19.972744],[73.834294,19.972562],[73.832567,19.972351],[73.832266,19.973389],[73.832738,19.973772],[73.832878,19.974488],[73.832631,19.974881]]]}},{"type":"Feature","properties":{"Name":"MH15FQ0355","routeId":493,"fill-opacity":0.03,"stroke-width":1,"stroke-opacity":0.5,"locationConfidence":"verified","locationSource":"NMC waste collection vehicle tracking export, 30 Aug 2026 (RTI)"},"geometry":{"type":"Polygon","coordinates":[[[73.836515,19.983039],[73.839444,19.982928],[73.840892,19.982978],[73.841515,19.98322],[73.842813,19.983492],[73.843296,19.983674],[73.844025,19.983634],[73.844143,19.983311],[73.844154,19.982827],[73.841729,19.982545],[73.840109,19.982494],[73.840045,19.981587],[73.840173,19.980972],[73.841096,19.981173],[73.841987,19.981395],[73.842309,19.981163],[73.842384,19.980488],[73.842491,19.979883],[73.841429,19.979409],[73.841343,19.978683],[73.841321,19.978169],[73.841225,19.977614],[73.840871,19.977281],[73.839669,19.97718],[73.837663,19.976707],[73.836279,19.976031],[73.836118,19.975779],[73.83556,19.975728],[73.835614,19.976555],[73.835539,19.977584],[73.835871,19.97835],[73.836139,19.978612],[73.8363,19.980941],[73.8363,19.982303],[73.836536,19.982998],[73.836515,19.983039]]]}},{"type":"Feature","properties":{"Name":"MH15FQ0356","routeId":494,"fill-opacity":0.03,"stroke-width":1,"stroke-opacity":0.5,"locationConfidence":"verified","locationSource":"NMC waste collection vehicle tracking export, 30 Aug 2026 (RTI)"},"geometry":{"type":"Polygon","coordinates":[[[73.830099,19.978451],[73.831987,19.977624],[73.834498,19.976596],[73.836365,19.976051],[73.838146,19.975668],[73.839562,19.974962],[73.839283,19.974639],[73.835957,19.975446],[73.834133,19.974942],[73.833725,19.9747],[73.833575,19.973772],[73.833425,19.972925],[73.833318,19.972038],[73.833318,19.971554],[73.831537,19.971473],[73.831129,19.971251],[73.830743,19.970747],[73.830378,19.970122],[73.830163,19.969678],[73.829091,19.969497],[73.828211,19.969779],[73.828318,19.971352],[73.82864,19.972724],[73.829198,19.972845],[73.829048,19.973974],[73.829327,19.974518],[73.829584,19.976454],[73.829885,19.977806],[73.830099,19.978451]]]}},{"type":"Feature","properties":{"Name":"MH15FQ0357","routeId":495,"fill-opacity":0.03,"stroke-width":1,"stroke-opacity":0.5,"locationConfidence":"verified","locationSource":"NMC waste collection vehicle tracking export, 30 Aug 2026 (RTI)"},"geometry":{"type":"Polygon","coordinates":[[[73.840341,19.970935],[73.843336,19.970801],[73.846654,19.973443],[73.846751,19.976771],[73.844545,19.976929],[73.844585,19.97976],[73.84212,19.979399],[73.840675,19.975087],[73.839154,19.975555],[73.83878,19.974118],[73.840341,19.970935]]]}},{"type":"Feature","properties":{"Name":"MH15FQ0358","routeId":496,"fill-opacity":0.03,"stroke-width":1,"stroke-opacity":0.5,"locationConfidence":"verified","locationSource":"NMC waste collection vehicle tracking export, 30 Aug 2026 (RTI)"},"geometry":{"type":"Polygon","coordinates":[[[73.839202,19.953586],[73.841337,19.959002],[73.84399,19.969682],[73.849608,19.969049],[73.854375,19.9741],[73.850424,19.975079],[73.839716,19.97324],[73.838004,19.965387],[73.836676,19.953378],[73.839202,19.953586]]]}},{"type":"Feature","properties":{"Name":"MH15FQ0359","routeId":1007,"fill-opacity":0.03,"stroke-width":1,"stroke-opacity":0.5,"locationConfidence":"verified","locationSource":"NMC waste collection vehicle tracking export, 30 Aug 2026 (RTI)"},"geometry":{"type":"Polygon","coordinates":[[[73.830955,19.953178],[73.830918,19.953531],[73.832382,19.953612],[73.832404,19.954247],[73.832409,19.955907],[73.832522,19.955897],[73.832554,19.956109],[73.831234,19.956386],[73.830199,19.956603],[73.828954,19.956446],[73.827318,19.956285],[73.825511,19.95631],[73.825639,19.955761],[73.825382,19.955438],[73.826133,19.954177],[73.826838,19.953073],[73.827143,19.953144],[73.828264,19.953063],[73.828114,19.953714],[73.830367,19.953981],[73.830523,19.953109],[73.830955,19.953178]]]}},{"type":"Feature","properties":{"Name":"MH15FQ0360","routeId":499,"fill-opacity":0.03,"stroke-width":1,"stroke-opacity":0.5,"locationConfidence":"verified","locationSource":"NMC waste collection vehicle tracking export, 30 Aug 2026 (RTI)"},"geometry":{"type":"Polygon","coordinates":[[[73.828715,19.965645],[73.830281,19.965806],[73.830485,19.965494],[73.831065,19.965312],[73.831354,19.965362],[73.831558,19.964646],[73.832781,19.964828],[73.834198,19.964616],[73.835195,19.964485],[73.835807,19.964364],[73.836021,19.963255],[73.835785,19.962398],[73.835453,19.962226],[73.835539,19.960593],[73.835571,19.959322],[73.835571,19.95913],[73.835946,19.959019],[73.835785,19.958798],[73.83556,19.958636],[73.835496,19.958001],[73.835399,19.957366],[73.835152,19.956831],[73.834691,19.956498],[73.83423,19.956468],[73.830893,19.958969],[73.828726,19.960724],[73.829015,19.960794],[73.830185,19.960502],[73.830732,19.960784],[73.831451,19.961057],[73.831462,19.962075],[73.83114,19.964475],[73.829005,19.964314],[73.828908,19.963356],[73.828683,19.963245],[73.82849,19.963396],[73.828651,19.963961],[73.828586,19.965211],[73.828715,19.965645]]]}},{"type":"Feature","properties":{"Name":"MH15FQ0361","routeId":683,"fill-opacity":0.03,"stroke-width":1,"stroke-opacity":0.5,"locationConfidence":"verified","locationSource":"NMC waste collection vehicle tracking export, 30 Aug 2026 (RTI)"},"geometry":{"type":"Polygon","coordinates":[[[73.82222,19.98846],[73.82161,19.98696],[73.82211,19.98675],[73.82208,19.98294],[73.8221,19.98294],[73.82291,19.98252],[73.82375,19.98208],[73.82394,19.98197],[73.82509,19.98135],[73.82605,19.98083],[73.82606,19.98082],[73.82696,19.98048],[73.82793,19.98007],[73.8282,19.97992],[73.82822,19.97988],[73.82829,19.97966],[73.8283,19.97961],[73.82821,19.97836],[73.82821,19.97834],[73.82813,19.97771],[73.82798,19.97669],[73.82781,19.97469],[73.82774,19.97394],[73.82754,19.97389],[73.82734,19.97385],[73.82695,19.97371],[73.82628,19.97349],[73.82596,19.97341],[73.82534,19.97331],[73.82294,19.97292],[73.82302,19.97247],[73.82303,19.97212],[73.82288,19.97167],[73.82284,19.97159],[73.82244,19.97102],[73.82229,19.97082],[73.82202,19.97052],[73.82151,19.97016],[73.82086,19.96991],[73.81993,19.96962],[73.81994,19.96945],[73.81928,19.96935],[73.81926,19.96934],[73.81921,19.96933],[73.81842,19.96904],[73.81665,19.97051],[73.81458,19.97222],[73.81371,19.97306],[73.81283,19.97391],[73.81243,19.97432],[73.81204,19.97473],[73.81192,19.97472],[73.80919,19.97418],[73.80792,19.97269],[73.8074,19.97127],[73.80673,19.96934],[73.80653,19.96905],[73.80616,19.96867],[73.80452,19.96731],[73.80428,19.96747],[73.80249,19.96743],[73.80246,19.96801],[73.80057,19.96816],[73.8006,19.9681],[73.80094,19.96739],[73.80129,19.96667],[73.80118,19.96576],[73.80114,19.96542],[73.79831,19.96594],[73.79822,19.96512],[73.79817,19.96463],[73.798,19.96295],[73.798,19.96294],[73.79798,19.96282],[73.79781,19.96117],[73.79774,19.96041],[73.79766,19.95964],[73.79725,19.95868],[73.79592,19.95783],[73.79291,19.95976],[73.79247,19.96005],[73.78631,19.96288],[73.78465,19.96366],[73.78464,19.96365],[73.78463,19.96365],[73.78403,19.96322],[73.78399,19.96319],[73.78413,19.96298],[73.78382,19.96253],[73.78352,19.96178],[73.78312,19.96082],[73.78307,19.96083],[73.78306,19.96083],[73.78257,19.95972],[73.78238,19.95929],[73.78211,19.95868],[73.78208,19.95861],[73.78199,19.95831],[73.7818,19.95768],[73.78167,19.95606],[73.78167,19.95605],[73.78193,19.95553],[73.78194,19.95553],[73.78312,19.95514],[73.78516,19.95445],[73.78633,19.95406],[73.78927,19.95305],[73.79182,19.95216],[73.79191,19.95213],[73.79443,19.95144],[73.79631,19.95092],[73.79772,19.95053],[73.79783,19.94714],[73.7979,19.94498],[73.79796,19.94307],[73.79683,19.94321],[73.79577,19.94312],[73.7937,19.94297],[73.79077,19.94275],[73.79074,19.94275],[73.79066,19.94274],[73.78936,19.94239],[73.78941,19.94176],[73.78953,19.94009],[73.78961,19.93884],[73.7897,19.93715],[73.78972,19.93635],[73.78974,19.93426],[73.78971,19.93272],[73.78969,19.93134],[73.78966,19.92996],[73.78978,19.92957],[73.78989,19.92913],[73.79009,19.92799],[73.79012,19.92796],[73.79013,19.92793],[73.79034,19.92773],[73.79038,19.92769],[73.79091,19.92737],[73.79101,19.92731],[73.79102,19.9273],[73.79181,19.92723],[73.79316,19.92709],[73.79326,19.92708],[73.79333,19.92708],[73.79403,19.92708],[73.79405,19.92708],[73.79397,19.92622],[73.7937,19.92346],[73.79479,19.92325],[73.7948,19.92325],[73.79865,19.9229],[73.7986,19.92179],[73.79854,19.9206],[73.79854,19.92056],[73.79918,19.91992],[73.79921,19.91995],[73.80034,19.92122],[73.80182,19.92288],[73.80331,19.92463],[73.80394,19.9252],[73.80514,19.92628],[73.80638,19.92728],[73.80822,19.92721],[73.80951,19.92771],[73.81204,19.92874],[73.81789,19.9283],[73.82125,19.92805],[73.82346,19.92789],[73.82477,19.92804],[73.8275,19.92836],[73.82918,19.92843],[73.83158,19.92853],[73.83383,19.92835],[73.83408,19.92826],[73.83596,19.92836],[73.83597,19.9283],[73.83633,19.92832],[73.83632,19.92839],[73.83779,19.92845],[73.838,19.92842],[73.83802,19.92849],[73.84046,19.92849],[73.84181,19.92851],[73.84235,19.92922],[73.84325,19.93041],[73.84329,19.93062],[73.84339,19.93143],[73.84402,19.93087],[73.84455,19.93063],[73.84496,19.93067],[73.84614,19.93056],[73.84675,19.93049],[73.84707,19.9305],[73.84734,19.93064],[73.84761,19.93079],[73.84792,19.93113],[73.84845,19.93211],[73.84898,19.93273],[73.84898,19.93275],[73.8497,19.9334],[73.85047,19.93367],[73.85088,19.9338],[73.85116,19.93377],[73.8515,19.93381],[73.85184,19.93377],[73.85239,19.93368],[73.85295,19.93328],[73.85371,19.93229],[73.85443,19.93144],[73.85507,19.93118],[73.85628,19.93085],[73.85682,19.93109],[73.85695,19.9313],[73.85794,19.93173],[73.85969,19.93237],[73.86097,19.93296],[73.86111,19.93301],[73.86136,19.93314],[73.86161,19.93324],[73.86193,19.93332],[73.86186,19.93344],[73.86263,19.93371],[73.86378,19.93387],[73.86458,19.93382],[73.86491,19.93401],[73.86512,19.93374],[73.86814,19.93385],[73.87012,19.93326],[73.8748,19.93187],[73.87682,19.9317],[73.87927,19.93272],[73.88074,19.93423],[73.88186,19.93538],[73.88183,19.93777],[73.88096,19.94042],[73.87997,19.94401],[73.88007,19.94572],[73.88041,19.94654],[73.88084,19.9475],[73.88147,19.9485],[73.88252,19.95009],[73.88248,19.95038],[73.88215,19.9507],[73.88141,19.95139],[73.88148,19.95163],[73.88143,19.95173],[73.88118,19.9518],[73.88052,19.95198],[73.88021,19.95221],[73.87972,19.9524],[73.87941,19.9526],[73.87882,19.95357],[73.87823,19.95455],[73.87774,19.95577],[73.87768,19.95592],[73.87752,19.95614],[73.87684,19.95754],[73.87648,19.95835],[73.87591,19.95934],[73.87533,19.96036],[73.87469,19.96178],[73.87418,19.96241],[73.87389,19.96278],[73.87318,19.96345],[73.87198,19.96458],[73.87175,19.96513],[73.87152,19.96561],[73.87144,19.96603],[73.87143,19.96629],[73.87142,19.96677],[73.87135,19.96685],[73.87123,19.96695],[73.87106,19.96709],[73.87103,19.96714],[73.87055,19.96758],[73.86996,19.96781],[73.86943,19.96801],[73.86894,19.96826],[73.86858,19.96856],[73.86788,19.97015],[73.86531,19.97086],[73.86546,19.97382],[73.86563,19.97771],[73.8655,19.97777],[73.86548,19.97777],[73.86539,19.97784],[73.86541,19.97922],[73.86544,19.98072],[73.86546,19.9824],[73.86556,19.98278],[73.86591,19.98412],[73.86581,19.98407],[73.86573,19.98412],[73.86547,19.98374],[73.86496,19.98333],[73.86421,19.98291],[73.86358,19.98285],[73.86303,19.98266],[73.86241,19.98256],[73.86172,19.98266],[73.8612,19.98293],[73.8609,19.98326],[73.86004,19.98425],[73.85909,19.98522],[73.8588,19.98553],[73.85829,19.98606],[73.85772,19.98648],[73.85634,19.98743],[73.85533,19.98803],[73.85496,19.9884],[73.85478,19.98864],[73.85466,19.98875],[73.85401,19.98915],[73.85353,19.98927],[73.85275,19.98927],[73.85197,19.98903],[73.85158,19.989],[73.85122,19.98892],[73.8507,19.9888],[73.85038,19.98882],[73.85035,19.9889],[73.84979,19.98881],[73.84905,19.98869],[73.84849,19.98865],[73.84778,19.98855],[73.84694,19.9886],[73.84638,19.98872],[73.84595,19.98897],[73.84575,19.98913],[73.84557,19.98918],[73.84546,19.98921],[73.84499,19.98927],[73.8445,19.98925],[73.84396,19.98886],[73.84378,19.98849],[73.84319,19.98731],[73.84308,19.98693],[73.84253,19.98599],[73.84222,19.98542],[73.84191,19.98503],[73.841,19.98447],[73.84008,19.98408],[73.83887,19.9838],[73.83817,19.98373],[73.83788,19.98381],[73.83653,19.98406],[73.83565,19.98426],[73.83445,19.98478],[73.83192,19.98614],[73.83001,19.98709],[73.82912,19.98748],[73.828,19.98787],[73.82686,19.98824],[73.82618,19.98854],[73.82451,19.98894],[73.82294,19.98931],[73.82271,19.98923],[73.82255,19.98927],[73.82236,19.98871],[73.82222,19.98846]]]}},{"type":"Feature","properties":{"Name":"MH15FQ0362","routeId":500,"fill-opacity":0.03,"stroke-width":1,"stroke-opacity":0.5,"locationConfidence":"verified","locationSource":"NMC waste collection vehicle tracking export, 30 Aug 2026 (RTI)"},"geometry":{"type":"Polygon","coordinates":[[[73.84955,19.986648],[73.850226,19.986084],[73.850387,19.985721],[73.851482,19.985912],[73.8516,19.985711],[73.851385,19.984642],[73.851857,19.983845],[73.852694,19.982908],[73.853209,19.982454],[73.853263,19.982252],[73.851364,19.981577],[73.850516,19.981597],[73.850473,19.98079],[73.85072,19.980478],[73.851632,19.980316],[73.852147,19.979812],[73.852394,19.979611],[73.852876,19.979853],[73.853059,19.980014],[73.853166,19.979721],[73.853198,19.978552],[73.853155,19.978038],[73.85263,19.977896],[73.849615,19.978259],[73.848628,19.978935],[73.848177,19.979348],[73.848091,19.980145],[73.847769,19.98317],[73.847877,19.983714],[73.848091,19.984067],[73.848156,19.985025],[73.848284,19.985378],[73.849293,19.985922],[73.849465,19.986416],[73.84955,19.986648]]]}},{"type":"Feature","properties":{"Name":"MH15FQ0363","routeId":483,"fill-opacity":0.03,"stroke-width":1,"stroke-opacity":0.5,"locationConfidence":"verified","locationSource":"NMC waste collection vehicle tracking export, 30 Aug 2026 (RTI)"},"geometry":{"type":"Polygon","coordinates":[[[73.84321,19.951527],[73.846364,19.954955],[73.848124,19.956246],[73.85087,19.957577],[73.853831,19.95913],[73.854518,19.95907],[73.858337,19.956125],[73.859603,19.95554],[73.859732,19.955036],[73.860741,19.954451],[73.860955,19.953483],[73.861213,19.951829],[73.860612,19.951123],[73.859367,19.95076],[73.858316,19.950074],[73.854346,19.94953],[73.850226,19.948844],[73.849304,19.948299],[73.849325,19.947049],[73.849261,19.946424],[73.849969,19.946242],[73.849647,19.945738],[73.847609,19.945919],[73.846557,19.946545],[73.843467,19.946161],[73.842716,19.946343],[73.843145,19.947372],[73.842974,19.948925],[73.842845,19.949994],[73.843338,19.950518],[73.843274,19.951406],[73.84321,19.951527]]]}},{"type":"Feature","properties":{"Name":"MH15FQ0364","routeId":1006,"fill-opacity":0.03,"stroke-width":1,"stroke-opacity":0.5,"locationConfidence":"verified","locationSource":"NMC waste collection vehicle tracking export, 30 Aug 2026 (RTI)"},"geometry":{"type":"Polygon","coordinates":[[[73.830425,19.946977],[73.829577,19.946886],[73.828869,19.946573],[73.827356,19.946402],[73.826133,19.946271],[73.823194,19.946019],[73.82329,19.946442],[73.823269,19.947461],[73.823275,19.949067],[73.821858,19.949077],[73.820582,19.949158],[73.820077,19.94936],[73.819927,19.952617],[73.821258,19.952637],[73.821023,19.954062],[73.822664,19.954224],[73.822782,19.953367],[73.825025,19.953629],[73.826827,19.95381],[73.827299,19.953145],[73.827857,19.951461],[73.828286,19.949736],[73.828436,19.94898],[73.829037,19.947648],[73.829252,19.947336],[73.830357,19.947457],[73.830425,19.946977]]]}},{"type":"Feature","properties":{"Name":"MH15FT8979 (G)","routeId":526,"fill-opacity":0.03,"stroke-width":1,"stroke-opacity":0.5,"locationConfidence":"verified","locationSource":"NMC waste collection vehicle tracking export, 30 Aug 2026 (RTI)"},"geometry":{"type":"Polygon","coordinates":[[[73.848977,19.932749],[73.848977,19.932916],[73.848991,19.933083],[73.849039,19.933555],[73.849056,19.933854],[73.849074,19.934064],[73.84907,19.934093],[73.849071,19.934113],[73.848937,19.935037],[73.848773,19.936044],[73.848745,19.936223],[73.84874,19.936241],[73.848496,19.937018],[73.848494,19.937019],[73.848483,19.937022],[73.847496,19.937296],[73.846453,19.937569],[73.846306,19.937614],[73.843774,19.938462],[73.84281,19.938877],[73.842366,19.939148],[73.841245,19.939866],[73.840664,19.940085],[73.840762,19.940555],[73.841066,19.942007],[73.841372,19.943437],[73.841709,19.944992],[73.842004,19.946352],[73.842067,19.946646],[73.842083,19.946718],[73.84209,19.946758],[73.842764,19.950131],[73.843399,19.953012],[73.843536,19.953651],[73.843872,19.955123],[73.844345,19.957152],[73.844723,19.958774],[73.844841,19.959283],[73.845061,19.960334],[73.845427,19.961978],[73.845456,19.9621],[73.845689,19.963087],[73.846102,19.964604],[73.846564,19.965865],[73.847045,19.966908],[73.847453,19.96759],[73.847929,19.968285],[73.848484,19.969013],[73.849247,19.969895],[73.849853,19.970479],[73.850003,19.970629],[73.850621,19.971246],[73.851065,19.971585],[73.851837,19.972119],[73.852856,19.972726],[73.853775,19.973186],[73.855374,19.973871],[73.857017,19.974513],[73.859054,19.975286],[73.860247,19.975735],[73.861192,19.97609],[73.862355,19.976528],[73.862887,19.976748],[73.864313,19.977309],[73.864834,19.977504],[73.865485,19.977768],[73.865496,19.977772],[73.865504,19.977768],[73.865635,19.977709],[73.865465,19.973819],[73.865309,19.970856],[73.867884,19.970148],[73.868584,19.968559],[73.868945,19.968256],[73.86943,19.968008],[73.869958,19.967806],[73.87055,19.967579],[73.871033,19.967135],[73.871058,19.967094],[73.87123,19.966955],[73.871347,19.966847],[73.871419,19.966774],[73.871429,19.966294],[73.871438,19.966028],[73.87152,19.965605],[73.871753,19.965129],[73.871978,19.964579],[73.873179,19.963447],[73.873889,19.962778],[73.874184,19.962409],[73.874686,19.961776],[73.875327,19.960361],[73.875907,19.959343],[73.876483,19.958347],[73.876839,19.957535],[73.877521,19.956143],[73.877676,19.955925],[73.877739,19.95577],[73.878233,19.954553],[73.878821,19.953575],[73.879408,19.952597],[73.879723,19.952402],[73.880207,19.952215],[73.88052,19.95198],[73.881177,19.9518],[73.881431,19.951728],[73.88148,19.95163],[73.881413,19.951389],[73.882154,19.950701],[73.882482,19.950379],[73.882522,19.950091],[73.881466,19.948502],[73.880839,19.947503],[73.880406,19.946538],[73.880066,19.945717],[73.879969,19.944006],[73.880956,19.940422],[73.881829,19.937766],[73.881857,19.935381],[73.880743,19.934234],[73.879269,19.932717],[73.876822,19.931703],[73.874796,19.931874],[73.870117,19.933261],[73.86814,19.933847],[73.865123,19.933736],[73.864913,19.934008],[73.864576,19.933816],[73.863778,19.933865],[73.862628,19.933705],[73.861862,19.933436],[73.86193,19.933318],[73.86161,19.933237],[73.861356,19.933142],[73.861108,19.933013],[73.860967,19.93296],[73.85969,19.932372],[73.857935,19.931733],[73.856948,19.931304],[73.856817,19.931089],[73.856284,19.930846],[73.855074,19.931178],[73.854426,19.931438],[73.853711,19.932291],[73.852948,19.933284],[73.852391,19.933682],[73.851838,19.933767],[73.851504,19.933815],[73.851163,19.933771],[73.850878,19.933805],[73.850474,19.93367],[73.849702,19.933403],[73.848977,19.932749]]]}},{"type":"Feature","properties":{"Name":"MH15FU9628 (S)","routeId":522,"fill-opacity":0.03,"stroke-width":1,"stroke-opacity":0.5,"locationConfidence":"verified","locationSource":"NMC waste collection vehicle tracking export, 30 Aug 2026 (RTI)"},"geometry":{"type":"Polygon","coordinates":[[[73.838961,19.953059],[73.839304,19.954996],[73.839841,19.956206],[73.840227,19.956246],[73.840485,19.955762],[73.84027,19.954088],[73.840613,19.953241],[73.840549,19.952495],[73.84366,19.951426],[73.844132,19.952051],[73.844798,19.953039],[73.845291,19.953584],[73.846257,19.953745],[73.847136,19.95318],[73.847244,19.952737],[73.846579,19.95193],[73.845656,19.951446],[73.84557,19.950679],[73.846385,19.949328],[73.846707,19.948501],[73.846664,19.947916],[73.846107,19.948118],[73.844519,19.950094],[73.841043,19.951264],[73.841128,19.950296],[73.840892,19.949449],[73.840549,19.948602],[73.84042,19.947129],[73.840399,19.94606],[73.839841,19.944507],[73.838704,19.943196],[73.837545,19.942046],[73.839648,19.940977],[73.839605,19.94009],[73.839583,19.939182],[73.838918,19.938759],[73.836172,19.939545],[73.834927,19.940453],[73.835464,19.942531],[73.836493,19.943741],[73.836322,19.945475],[73.836386,19.946545],[73.838661,19.947432],[73.838382,19.949752],[73.839111,19.951163],[73.839025,19.952979],[73.838961,19.953059]]]}},{"type":"Feature","properties":{"Name":"MH15FU9629 (S)","routeId":524,"fill-opacity":0.03,"stroke-width":1,"stroke-opacity":0.5,"locationConfidence":"verified","locationSource":"NMC waste collection vehicle tracking export, 30 Aug 2026 (RTI)"},"geometry":{"type":"Polygon","coordinates":[[[73.836659,19.969238],[73.829965,19.969041],[73.819852,19.968955],[73.819885,19.969854],[73.824029,19.970302],[73.829895,19.970245],[73.830126,19.971834],[73.834213,19.971784],[73.834648,19.970334],[73.83657,19.97027],[73.836659,19.969238]]]}},{"type":"Feature","properties":{"Name":"MH15FU9630 (S)","routeId":519,"fill-opacity":0.03,"stroke-width":1,"stroke-opacity":0.5,"locationConfidence":"verified","locationSource":"NMC waste collection vehicle tracking export, 30 Aug 2026 (RTI)"},"geometry":{"type":"Polygon","coordinates":[[[73.830824,19.947514],[73.829922,19.952113],[73.827952,19.953479],[73.825227,19.958128],[73.822652,19.962585],[73.82454,19.964582],[73.822266,19.966598],[73.820184,19.963956],[73.822373,19.958773],[73.820141,19.956514],[73.821043,19.954457],[73.823403,19.952763],[73.825248,19.946389],[73.82675,19.941387],[73.824004,19.940499],[73.825034,19.936344],[73.834904,19.936828],[73.836878,19.94538],[73.830824,19.947514]]]}},{"type":"Feature","properties":{"Name":"MH15FV0880","routeId":486,"fill-opacity":0.03,"stroke-width":1,"stroke-opacity":0.5,"locationConfidence":"verified","locationSource":"NMC waste collection vehicle tracking export, 30 Aug 2026 (RTI)"},"geometry":{"type":"Polygon","coordinates":[[[73.840871,19.949389],[73.84027,19.948541],[73.839905,19.947674],[73.839476,19.94723],[73.837953,19.946827],[73.836579,19.946444],[73.835936,19.946222],[73.835571,19.944891],[73.83512,19.943438],[73.835421,19.942793],[73.835206,19.941986],[73.834884,19.940856],[73.834991,19.939828],[73.835313,19.939384],[73.836129,19.939323],[73.836622,19.939969],[73.836944,19.940534],[73.837438,19.940493],[73.837931,19.940473],[73.83909,19.94011],[73.839176,19.939747],[73.839176,19.939041],[73.839111,19.938274],[73.839283,19.937589],[73.839304,19.937165],[73.839734,19.937004],[73.840313,19.940776],[73.841,19.943136],[73.841343,19.945435],[73.841214,19.946908],[73.8413,19.947956],[73.841064,19.948824],[73.840892,19.949005],[73.840892,19.949288],[73.840871,19.949389]]]}},{"type":"Feature","properties":{"Name":"MH15FV0881","routeId":484,"fill-opacity":0.03,"stroke-width":1,"stroke-opacity":0.5,"locationConfidence":"verified","locationSource":"NMC waste collection vehicle tracking export, 30 Aug 2026 (RTI)"},"geometry":{"type":"Polygon","coordinates":[[[73.838103,19.952111],[73.839004,19.952212],[73.839412,19.952283],[73.840216,19.952081],[73.840463,19.951799],[73.840581,19.951547],[73.841043,19.949641],[73.840592,19.949661],[73.840152,19.94952],[73.83938,19.94959],[73.839176,19.947694],[73.839058,19.94714],[73.839852,19.947341],[73.839809,19.947089],[73.839819,19.946877],[73.839337,19.946585],[73.836858,19.946161],[73.836333,19.94601],[73.835732,19.943569],[73.835453,19.943751],[73.835421,19.944205],[73.836408,19.946918],[73.836848,19.948067],[73.836901,19.949429],[73.83718,19.949953],[73.83762,19.949933],[73.837759,19.950175],[73.837942,19.951446],[73.837963,19.952041],[73.838103,19.952111]]]}},{"type":"Feature","properties":{"Name":"MH15FV0882","routeId":1014,"fill-opacity":0.03,"stroke-width":1,"stroke-opacity":0.5,"locationConfidence":"verified","locationSource":"NMC waste collection vehicle tracking export, 30 Aug 2026 (RTI)"},"geometry":{"type":"Polygon","coordinates":[[[73.86219,19.933534],[73.857812,19.931648],[73.856364,19.93065],[73.855291,19.930892],[73.854218,19.931315],[73.853274,19.932284],[73.852866,19.93299],[73.852471,19.933494],[73.851076,19.933837],[73.850046,19.933746],[73.849371,19.933222],[73.848518,19.932474],[73.847853,19.931465],[73.847682,19.930961],[73.847016,19.930598],[73.845943,19.930598],[73.844871,19.930759],[73.844248,19.930739],[73.843583,19.931243],[73.84324,19.931081],[73.842843,19.929518],[73.842263,19.928529],[73.840686,19.92859],[73.839976,19.928546],[73.838624,19.928516],[73.837562,19.928455],[73.83666,19.928445],[73.83562,19.928163],[73.83445,19.927386],[73.831965,19.927079],[73.828102,19.926615],[73.822073,19.926212],[73.818189,19.925707],[73.812481,19.925001],[73.807825,19.924436],[73.804778,19.924134],[73.803018,19.924255],[73.800885,19.921741],[73.799555,19.920269],[73.797645,19.920944],[73.795339,19.921489],[73.795242,19.922901],[73.793171,19.923244],[73.792031,19.923489],[73.790658,19.923893],[73.789628,19.924125],[73.789671,19.925456],[73.789638,19.926969],[73.789842,19.927948],[73.789628,19.929753],[73.789617,19.933341],[73.789668,19.935479],[73.789625,19.937254],[73.789389,19.939533],[73.789153,19.942501],[73.790332,19.942974],[73.794687,19.943317],[73.796297,19.943478],[73.797692,19.943377],[73.797495,19.950846],[73.792067,19.952405],[73.787346,19.953857],[73.781724,19.956318],[73.782024,19.958455],[73.78387,19.962126],[73.785286,19.964264],[73.78799,19.962409],[73.791208,19.960513],[73.793912,19.959464],[73.794438,19.961529],[73.795361,19.964897],[73.795725,19.966853],[73.795926,19.968097],[73.796838,19.968309],[73.797986,19.968248],[73.800579,19.968019],[73.802531,19.967837],[73.804033,19.96818],[73.806093,19.970217],[73.807595,19.972697],[73.80869,19.97419],[73.809591,19.974835],[73.810342,19.975561],[73.810964,19.976166],[73.812923,19.974391],[73.813888,19.973464],[73.816034,19.971467],[73.8176,19.970056],[73.818566,19.969289],[73.818966,19.969322],[73.819851,19.969595],[73.821034,19.970004],[73.821592,19.970276],[73.822182,19.97074],[73.822558,19.971234],[73.822869,19.971698],[73.822965,19.972363],[73.822912,19.972666],[73.822879,19.973029],[73.823342,19.973048],[73.824426,19.97321],[73.825214,19.973341],[73.825638,19.973406],[73.826035,19.973436],[73.826641,19.973653],[73.827266,19.97386],[73.827561,19.973915],[73.827727,19.973976],[73.827781,19.974999],[73.82792,19.976188],[73.827963,19.976783],[73.828208,19.978584],[73.828305,19.979471],[73.828213,19.979903],[73.825939,19.98079],[73.824179,19.981798],[73.821991,19.982867],[73.820918,19.983855],[73.820982,19.986114],[73.821508,19.986638],[73.821916,19.987606],[73.822309,19.98877],[73.822631,19.989345],[73.824079,19.989022],[73.824862,19.988911],[73.825388,19.988952],[73.826439,19.988448],[73.829519,19.987318],[73.832308,19.986068],[73.835377,19.984435],[73.837286,19.98393],[73.83911,19.98393],[73.840891,19.984636],[73.842575,19.986229],[73.843218,19.987863],[73.843798,19.989113],[73.844785,19.989456],[73.845579,19.989133],[73.846823,19.988639],[73.84898,19.988609],[73.850997,19.988901],[73.85263,19.989175],[73.853563,19.989246],[73.854657,19.988812],[73.855269,19.988107],[73.856664,19.987159],[73.858026,19.986221],[73.859013,19.985465],[73.860548,19.98358],[73.861449,19.982823],[73.862414,19.982591],[73.863241,19.982985],[73.864367,19.983005],[73.865901,19.983932],[73.86614,19.97961],[73.86629,19.977452],[73.866256,19.96993],[73.867858,19.970048],[73.870004,19.969645],[73.870905,19.967225],[73.872662,19.965695],[73.873992,19.964203],[73.875795,19.962589],[73.876353,19.959443],[73.876889,19.95791],[73.87777,19.956111],[73.879036,19.953489],[73.880217,19.95242],[73.882191,19.949677],[73.881289,19.948003],[73.880281,19.945764],[73.879981,19.944554],[73.880603,19.941891],[73.881289,19.939935],[73.882019,19.937474],[73.882019,19.935416],[73.880946,19.934226],[73.879637,19.932673],[73.877084,19.931543],[73.874852,19.931261],[73.871848,19.93233],[73.86835,19.933722],[73.866977,19.933823],[73.86466,19.93356],[73.863437,19.933823],[73.86219,19.933534]]]}},{"type":"Feature","properties":{"Name":"MH15FV0883","routeId":1005,"fill-opacity":0.03,"stroke-width":1,"stroke-opacity":0.5,"locationConfidence":"verified","locationSource":"NMC waste collection vehicle tracking export, 30 Aug 2026 (RTI)"},"geometry":{"type":"Polygon","coordinates":[[[73.83391,19.956987],[73.835219,19.956059],[73.83788,19.954052],[73.837773,19.953558],[73.837429,19.951067],[73.836517,19.951138],[73.834361,19.951118],[73.833063,19.950997],[73.833192,19.949998],[73.832677,19.949948],[73.832548,19.951017],[73.831346,19.951188],[73.831411,19.952671],[73.832419,19.952641],[73.832333,19.953538],[73.832097,19.953508],[73.832097,19.954627],[73.832561,19.954613],[73.832518,19.956135],[73.833055,19.9561],[73.834181,19.955828],[73.83391,19.956987]]]}},{"type":"Feature","properties":{"Name":"MH15FV0884","routeId":492,"fill-opacity":0.03,"stroke-width":1,"stroke-opacity":0.5,"locationConfidence":"verified","locationSource":"NMC waste collection vehicle tracking export, 30 Aug 2026 (RTI)"},"geometry":{"type":"Polygon","coordinates":[[[73.83158,19.94361],[73.832781,19.943963],[73.833779,19.944527],[73.834487,19.944578],[73.835678,19.944366],[73.835721,19.944023],[73.835882,19.941895],[73.835635,19.941048],[73.83526,19.940604],[73.834004,19.940433],[73.833103,19.940665],[73.832438,19.94125],[73.831698,19.9425],[73.831408,19.943287],[73.831526,19.943489],[73.83158,19.94361]]]}},{"type":"Feature","properties":{"Name":"MH15FV0885","routeId":1010,"fill-opacity":0.03,"stroke-width":1,"stroke-opacity":0.5,"locationConfidence":"verified","locationSource":"NMC waste collection vehicle tracking export, 30 Aug 2026 (RTI)"},"geometry":{"type":"Polygon","coordinates":[[[73.828718,19.946404],[73.828562,19.946802],[73.829002,19.946979],[73.828401,19.948093],[73.828068,19.94892],[73.827704,19.950887],[73.827371,19.951758],[73.827183,19.952443],[73.826636,19.953309],[73.827087,19.95345],[73.827468,19.953525],[73.829056,19.953692],[73.830842,19.953914],[73.831035,19.952804],[73.831067,19.951408],[73.831947,19.951382],[73.832993,19.951266],[73.833077,19.949948],[73.832342,19.94955],[73.830995,19.949499],[73.830566,19.949427],[73.830609,19.949084],[73.830239,19.948938],[73.830325,19.94865],[73.829526,19.948444],[73.829713,19.947445],[73.82945,19.947344],[73.829064,19.947344],[73.829456,19.94685],[73.828718,19.946404]]]}},{"type":"Feature","properties":{"Name":"MH15FV0886","routeId":501,"fill-opacity":0.03,"stroke-width":1,"stroke-opacity":0.5,"locationConfidence":"verified","locationSource":"NMC waste collection vehicle tracking export, 30 Aug 2026 (RTI)"},"geometry":{"type":"Polygon","coordinates":[[[73.828683,19.98436],[73.829541,19.983956],[73.829799,19.982787],[73.833361,19.983271],[73.834434,19.982787],[73.835549,19.980649],[73.835678,19.977745],[73.836493,19.976011],[73.836536,19.974478],[73.835678,19.972139],[73.835335,19.970404],[73.836451,19.970203],[73.839498,19.970606],[73.839412,19.969557],[73.834562,19.969073],[73.828425,19.969114],[73.820701,19.968952],[73.819456,19.969557],[73.820229,19.970001],[73.832974,19.970283],[73.832889,19.972461],[73.834219,19.974236],[73.834648,19.975809],[73.83203,19.976656],[73.827868,19.978592],[73.827653,19.981456],[73.828425,19.983634],[73.828683,19.98436]]]}},{"type":"Feature","properties":{"Name":"MH15FV0887","routeId":502,"fill-opacity":0.03,"stroke-width":1,"stroke-opacity":0.5,"locationConfidence":"verified","locationSource":"NMC waste collection vehicle tracking export, 30 Aug 2026 (RTI)"},"geometry":{"type":"Polygon","coordinates":[[[73.835807,19.964515],[73.839111,19.964273],[73.839476,19.964152],[73.83924,19.959594],[73.838553,19.956327],[73.83836,19.954955],[73.839004,19.954189],[73.83939,19.953967],[73.839777,19.954814],[73.840163,19.95665],[73.839927,19.957819],[73.840163,19.958203],[73.840806,19.958687],[73.841686,19.958969],[73.841708,19.955843],[73.841622,19.954955],[73.841686,19.954491],[73.842115,19.954491],[73.842759,19.954189],[73.843124,19.953564],[73.842888,19.952333],[73.842609,19.951224],[73.841321,19.951103],[73.83821,19.952858],[73.837008,19.953886],[73.835485,19.955298],[73.834777,19.956367],[73.835249,19.957235],[73.836236,19.958122],[73.835828,19.959675],[73.835807,19.961228],[73.8357,19.962862],[73.835785,19.963971],[73.835807,19.964515]]]}},{"type":"Feature","properties":{"Name":"MH15FV0992 (H)","routeId":542,"fill-opacity":0.03,"stroke-width":1,"stroke-opacity":0.5,"locationConfidence":"verified","locationSource":"NMC waste collection vehicle tracking export, 30 Aug 2026 (RTI)"},"geometry":{"type":"Polygon","coordinates":[[[73.82222,19.98846],[73.82161,19.98696],[73.82211,19.98675],[73.82208,19.98294],[73.8221,19.98294],[73.82291,19.98252],[73.82375,19.98208],[73.82394,19.98197],[73.82509,19.98135],[73.82605,19.98083],[73.82606,19.98082],[73.82696,19.98048],[73.82793,19.98007],[73.8282,19.97992],[73.82822,19.97988],[73.82829,19.97966],[73.8283,19.97961],[73.82821,19.97836],[73.82821,19.97834],[73.82813,19.97771],[73.82798,19.97669],[73.82781,19.97469],[73.82774,19.97394],[73.82754,19.97389],[73.82734,19.97385],[73.82695,19.97371],[73.82628,19.97349],[73.82596,19.97341],[73.82534,19.97331],[73.82294,19.97292],[73.82302,19.97247],[73.82303,19.97212],[73.82288,19.97167],[73.82284,19.97159],[73.82244,19.97102],[73.82229,19.97082],[73.82202,19.97052],[73.82151,19.97016],[73.82086,19.96991],[73.81993,19.96962],[73.81994,19.96945],[73.81928,19.96935],[73.81926,19.96934],[73.81921,19.96933],[73.81842,19.96904],[73.81665,19.97051],[73.81458,19.97222],[73.81371,19.97306],[73.81283,19.97391],[73.81243,19.97432],[73.81204,19.97473],[73.81192,19.97472],[73.80919,19.97418],[73.80792,19.97269],[73.8074,19.97127],[73.80673,19.96934],[73.80653,19.96905],[73.80616,19.96867],[73.80452,19.96731],[73.80428,19.96747],[73.80249,19.96743],[73.80246,19.96801],[73.80057,19.96816],[73.8006,19.9681],[73.80094,19.96739],[73.80129,19.96667],[73.80118,19.96576],[73.80114,19.96542],[73.79831,19.96594],[73.79822,19.96512],[73.79817,19.96463],[73.798,19.96295],[73.798,19.96294],[73.79798,19.96282],[73.79781,19.96117],[73.79774,19.96041],[73.79766,19.95964],[73.79725,19.95868],[73.79592,19.95783],[73.79291,19.95976],[73.79247,19.96005],[73.78631,19.96288],[73.78465,19.96366],[73.78464,19.96365],[73.78463,19.96365],[73.78403,19.96322],[73.78399,19.96319],[73.78413,19.96298],[73.78382,19.96253],[73.78352,19.96178],[73.78312,19.96082],[73.78307,19.96083],[73.78306,19.96083],[73.78257,19.95972],[73.78238,19.95929],[73.78211,19.95868],[73.78208,19.95861],[73.78199,19.95831],[73.7818,19.95768],[73.78167,19.95606],[73.78167,19.95605],[73.78193,19.95553],[73.78194,19.95553],[73.78312,19.95514],[73.78516,19.95445],[73.78633,19.95406],[73.78927,19.95305],[73.79182,19.95216],[73.79191,19.95213],[73.79443,19.95144],[73.79631,19.95092],[73.79772,19.95053],[73.79783,19.94714],[73.7979,19.94498],[73.79796,19.94307],[73.79683,19.94321],[73.79577,19.94312],[73.7937,19.94297],[73.79077,19.94275],[73.79074,19.94275],[73.79066,19.94274],[73.78936,19.94239],[73.78941,19.94176],[73.78953,19.94009],[73.78961,19.93884],[73.7897,19.93715],[73.78972,19.93635],[73.78974,19.93426],[73.78971,19.93272],[73.78969,19.93134],[73.78966,19.92996],[73.78978,19.92957],[73.78989,19.92913],[73.79009,19.92799],[73.79012,19.92796],[73.79013,19.92793],[73.79034,19.92773],[73.79038,19.92769],[73.79091,19.92737],[73.79101,19.92731],[73.79102,19.9273],[73.79181,19.92723],[73.79316,19.92709],[73.79326,19.92708],[73.79333,19.92708],[73.79403,19.92708],[73.79405,19.92708],[73.79397,19.92622],[73.7937,19.92346],[73.79479,19.92325],[73.7948,19.92325],[73.79865,19.9229],[73.7986,19.92179],[73.79854,19.9206],[73.79854,19.92056],[73.79918,19.91992],[73.79921,19.91995],[73.80034,19.92122],[73.80182,19.92288],[73.80331,19.92463],[73.80394,19.9252],[73.80514,19.92628],[73.80638,19.92728],[73.80822,19.92721],[73.80951,19.92771],[73.81204,19.92874],[73.81789,19.9283],[73.82125,19.92805],[73.82346,19.92789],[73.82477,19.92804],[73.8275,19.92836],[73.82918,19.92843],[73.83158,19.92853],[73.83383,19.92835],[73.83408,19.92826],[73.83596,19.92836],[73.83597,19.9283],[73.83633,19.92832],[73.83632,19.92839],[73.83779,19.92845],[73.838,19.92842],[73.83802,19.92849],[73.84046,19.92849],[73.84181,19.92851],[73.84235,19.92922],[73.84325,19.93041],[73.84329,19.93062],[73.84339,19.93143],[73.84402,19.93087],[73.84455,19.93063],[73.84496,19.93067],[73.84614,19.93056],[73.84675,19.93049],[73.84707,19.9305],[73.84734,19.93064],[73.84761,19.93079],[73.84792,19.93113],[73.84845,19.93211],[73.84898,19.93273],[73.84898,19.93275],[73.8497,19.9334],[73.85047,19.93367],[73.85088,19.9338],[73.85116,19.93377],[73.8515,19.93381],[73.85184,19.93377],[73.85239,19.93368],[73.85295,19.93328],[73.85371,19.93229],[73.85443,19.93144],[73.85507,19.93118],[73.85628,19.93085],[73.85682,19.93109],[73.85695,19.9313],[73.85794,19.93173],[73.85969,19.93237],[73.86097,19.93296],[73.86111,19.93301],[73.86136,19.93314],[73.86161,19.93324],[73.86193,19.93332],[73.86186,19.93344],[73.86263,19.93371],[73.86378,19.93387],[73.86458,19.93382],[73.86491,19.93401],[73.86512,19.93374],[73.86814,19.93385],[73.87012,19.93326],[73.8748,19.93187],[73.87682,19.9317],[73.87927,19.93272],[73.88074,19.93423],[73.88186,19.93538],[73.88183,19.93777],[73.88096,19.94042],[73.87997,19.94401],[73.88007,19.94572],[73.88041,19.94654],[73.88084,19.9475],[73.88147,19.9485],[73.88252,19.95009],[73.88248,19.95038],[73.88215,19.9507],[73.88141,19.95139],[73.88148,19.95163],[73.88143,19.95173],[73.88118,19.9518],[73.88052,19.95198],[73.88021,19.95221],[73.87972,19.9524],[73.87941,19.9526],[73.87882,19.95357],[73.87823,19.95455],[73.87774,19.95577],[73.87768,19.95592],[73.87752,19.95614],[73.87684,19.95754],[73.87648,19.95835],[73.87591,19.95934],[73.87533,19.96036],[73.87469,19.96178],[73.87418,19.96241],[73.87389,19.96278],[73.87318,19.96345],[73.87198,19.96458],[73.87175,19.96513],[73.87152,19.96561],[73.87144,19.96603],[73.87143,19.96629],[73.87142,19.96677],[73.87135,19.96685],[73.87123,19.96695],[73.87106,19.96709],[73.87103,19.96714],[73.87055,19.96758],[73.86996,19.96781],[73.86943,19.96801],[73.86894,19.96826],[73.86858,19.96856],[73.86788,19.97015],[73.86531,19.97086],[73.86546,19.97382],[73.86563,19.97771],[73.8655,19.97777],[73.86548,19.97777],[73.86539,19.97784],[73.86541,19.97922],[73.86544,19.98072],[73.86546,19.9824],[73.86556,19.98278],[73.86591,19.98412],[73.86581,19.98407],[73.86573,19.98412],[73.86547,19.98374],[73.86496,19.98333],[73.86421,19.98291],[73.86358,19.98285],[73.86303,19.98266],[73.86241,19.98256],[73.86172,19.98266],[73.8612,19.98293],[73.8609,19.98326],[73.86004,19.98425],[73.85909,19.98522],[73.8588,19.98553],[73.85829,19.98606],[73.85772,19.98648],[73.85634,19.98743],[73.85533,19.98803],[73.85496,19.9884],[73.85478,19.98864],[73.85466,19.98875],[73.85401,19.98915],[73.85353,19.98927],[73.85275,19.98927],[73.85197,19.98903],[73.85158,19.989],[73.85122,19.98892],[73.8507,19.9888],[73.85038,19.98882],[73.85035,19.9889],[73.84979,19.98881],[73.84905,19.98869],[73.84849,19.98865],[73.84778,19.98855],[73.84694,19.9886],[73.84638,19.98872],[73.84595,19.98897],[73.84575,19.98913],[73.84557,19.98918],[73.84546,19.98921],[73.84499,19.98927],[73.8445,19.98925],[73.84396,19.98886],[73.84378,19.98849],[73.84319,19.98731],[73.84308,19.98693],[73.84253,19.98599],[73.84222,19.98542],[73.84191,19.98503],[73.841,19.98447],[73.84008,19.98408],[73.83887,19.9838],[73.83817,19.98373],[73.83788,19.98381],[73.83653,19.98406],[73.83565,19.98426],[73.83445,19.98478],[73.83192,19.98614],[73.83001,19.98709],[73.82912,19.98748],[73.828,19.98787],[73.82686,19.98824],[73.82618,19.98854],[73.82451,19.98894],[73.82294,19.98931],[73.82271,19.98923],[73.82255,19.98927],[73.82236,19.98871],[73.82222,19.98846]]]}},{"type":"Feature","properties":{"Name":"MH15FV1015 (P)","routeId":508,"fill-opacity":0.03,"stroke-width":1,"stroke-opacity":0.5,"locationConfidence":"verified","locationSource":"NMC waste collection vehicle tracking export, 30 Aug 2026 (RTI)"},"geometry":{"type":"Polygon","coordinates":[[[73.829327,19.978733],[73.830571,19.97835],[73.830528,19.977947],[73.8307,19.976152],[73.830314,19.975486],[73.830163,19.974498],[73.830121,19.973873],[73.827825,19.973571],[73.827395,19.972582],[73.82746,19.970909],[73.827052,19.96986],[73.826473,19.969214],[73.826323,19.968529],[73.826344,19.968065],[73.830292,19.967561],[73.831837,19.96748],[73.832202,19.967883],[73.832502,19.968771],[73.833854,19.969255],[73.835185,19.969214],[73.835549,19.96869],[73.835185,19.967702],[73.835185,19.967057],[73.834884,19.966593],[73.829734,19.96631],[73.829005,19.965483],[73.829155,19.962841],[73.829412,19.961087],[73.830292,19.960018],[73.830249,19.959473],[73.829134,19.959856],[73.826859,19.962075],[73.825743,19.964636],[73.825636,19.965867],[73.823855,19.966169],[73.822653,19.966351],[73.822696,19.965544],[73.82261,19.965262],[73.818984,19.967803],[73.818276,19.968993],[73.818512,19.969578],[73.822203,19.971151],[73.822696,19.972824],[73.823361,19.973288],[73.826773,19.974014],[73.827889,19.974256],[73.82834,19.975406],[73.829048,19.97714],[73.82937,19.97835],[73.829327,19.978733]]]}},{"type":"Feature","properties":{"Name":"MH15FV1027 (N)","routeId":540,"fill-opacity":0.03,"stroke-width":1,"stroke-opacity":0.5,"locationConfidence":"verified","locationSource":"NMC waste collection vehicle tracking export, 30 Aug 2026 (RTI)"},"geometry":{"type":"Polygon","coordinates":[[[73.82222,19.98846],[73.82161,19.98696],[73.82211,19.98675],[73.82208,19.98294],[73.8221,19.98294],[73.82291,19.98252],[73.82375,19.98208],[73.82394,19.98197],[73.82509,19.98135],[73.82605,19.98083],[73.82606,19.98082],[73.82696,19.98048],[73.82793,19.98007],[73.8282,19.97992],[73.82822,19.97988],[73.82829,19.97966],[73.8283,19.97961],[73.82821,19.97836],[73.82821,19.97834],[73.82813,19.97771],[73.82798,19.97669],[73.82781,19.97469],[73.82774,19.97394],[73.82754,19.97389],[73.82734,19.97385],[73.82695,19.97371],[73.82628,19.97349],[73.82596,19.97341],[73.82534,19.97331],[73.82294,19.97292],[73.82302,19.97247],[73.82303,19.97212],[73.82288,19.97167],[73.82284,19.97159],[73.82244,19.97102],[73.82229,19.97082],[73.82202,19.97052],[73.82151,19.97016],[73.82086,19.96991],[73.81993,19.96962],[73.81994,19.96945],[73.81928,19.96935],[73.81926,19.96934],[73.81921,19.96933],[73.81842,19.96904],[73.81665,19.97051],[73.81458,19.97222],[73.81371,19.97306],[73.81283,19.97391],[73.81243,19.97432],[73.81204,19.97473],[73.81192,19.97472],[73.80919,19.97418],[73.80792,19.97269],[73.8074,19.97127],[73.80673,19.96934],[73.80653,19.96905],[73.80616,19.96867],[73.80452,19.96731],[73.80428,19.96747],[73.80249,19.96743],[73.80246,19.96801],[73.80057,19.96816],[73.8006,19.9681],[73.80094,19.96739],[73.80129,19.96667],[73.80118,19.96576],[73.80114,19.96542],[73.79831,19.96594],[73.79822,19.96512],[73.79817,19.96463],[73.798,19.96295],[73.798,19.96294],[73.79798,19.96282],[73.79781,19.96117],[73.79774,19.96041],[73.79766,19.95964],[73.79725,19.95868],[73.79592,19.95783],[73.79291,19.95976],[73.79247,19.96005],[73.78631,19.96288],[73.78465,19.96366],[73.78464,19.96365],[73.78463,19.96365],[73.78403,19.96322],[73.78399,19.96319],[73.78413,19.96298],[73.78382,19.96253],[73.78352,19.96178],[73.78312,19.96082],[73.78307,19.96083],[73.78306,19.96083],[73.78257,19.95972],[73.78238,19.95929],[73.78211,19.95868],[73.78208,19.95861],[73.78199,19.95831],[73.7818,19.95768],[73.78167,19.95606],[73.78167,19.95605],[73.78193,19.95553],[73.78194,19.95553],[73.78312,19.95514],[73.78516,19.95445],[73.78633,19.95406],[73.78927,19.95305],[73.79182,19.95216],[73.79191,19.95213],[73.79443,19.95144],[73.79631,19.95092],[73.79772,19.95053],[73.79783,19.94714],[73.7979,19.94498],[73.79796,19.94307],[73.79683,19.94321],[73.79577,19.94312],[73.7937,19.94297],[73.79077,19.94275],[73.79074,19.94275],[73.79066,19.94274],[73.78936,19.94239],[73.78941,19.94176],[73.78953,19.94009],[73.78961,19.93884],[73.7897,19.93715],[73.78972,19.93635],[73.78974,19.93426],[73.78971,19.93272],[73.78969,19.93134],[73.78966,19.92996],[73.78978,19.92957],[73.78989,19.92913],[73.79009,19.92799],[73.79012,19.92796],[73.79013,19.92793],[73.79034,19.92773],[73.79038,19.92769],[73.79091,19.92737],[73.79101,19.92731],[73.79102,19.9273],[73.79181,19.92723],[73.79316,19.92709],[73.79326,19.92708],[73.79333,19.92708],[73.79403,19.92708],[73.79405,19.92708],[73.79397,19.92622],[73.7937,19.92346],[73.79479,19.92325],[73.7948,19.92325],[73.79865,19.9229],[73.7986,19.92179],[73.79854,19.9206],[73.79854,19.92056],[73.79918,19.91992],[73.79921,19.91995],[73.80034,19.92122],[73.80182,19.92288],[73.80331,19.92463],[73.80394,19.9252],[73.80514,19.92628],[73.80638,19.92728],[73.80822,19.92721],[73.80951,19.92771],[73.81204,19.92874],[73.81789,19.9283],[73.82125,19.92805],[73.82346,19.92789],[73.82477,19.92804],[73.8275,19.92836],[73.82918,19.92843],[73.83158,19.92853],[73.83383,19.92835],[73.83408,19.92826],[73.83596,19.92836],[73.83597,19.9283],[73.83633,19.92832],[73.83632,19.92839],[73.83779,19.92845],[73.838,19.92842],[73.83802,19.92849],[73.84046,19.92849],[73.84181,19.92851],[73.84235,19.92922],[73.84325,19.93041],[73.84329,19.93062],[73.84339,19.93143],[73.84402,19.93087],[73.84455,19.93063],[73.84496,19.93067],[73.84614,19.93056],[73.84675,19.93049],[73.84707,19.9305],[73.84734,19.93064],[73.84761,19.93079],[73.84792,19.93113],[73.84845,19.93211],[73.84898,19.93273],[73.84898,19.93275],[73.8497,19.9334],[73.85047,19.93367],[73.85088,19.9338],[73.85116,19.93377],[73.8515,19.93381],[73.85184,19.93377],[73.85239,19.93368],[73.85295,19.93328],[73.85371,19.93229],[73.85443,19.93144],[73.85507,19.93118],[73.85628,19.93085],[73.85682,19.93109],[73.85695,19.9313],[73.85794,19.93173],[73.85969,19.93237],[73.86097,19.93296],[73.86111,19.93301],[73.86136,19.93314],[73.86161,19.93324],[73.86193,19.93332],[73.86186,19.93344],[73.86263,19.93371],[73.86378,19.93387],[73.86458,19.93382],[73.86491,19.93401],[73.86512,19.93374],[73.86814,19.93385],[73.87012,19.93326],[73.8748,19.93187],[73.87682,19.9317],[73.87927,19.93272],[73.88074,19.93423],[73.88186,19.93538],[73.88183,19.93777],[73.88096,19.94042],[73.87997,19.94401],[73.88007,19.94572],[73.88041,19.94654],[73.88084,19.9475],[73.88147,19.9485],[73.88252,19.95009],[73.88248,19.95038],[73.88215,19.9507],[73.88141,19.95139],[73.88148,19.95163],[73.88143,19.95173],[73.88118,19.9518],[73.88052,19.95198],[73.88021,19.95221],[73.87972,19.9524],[73.87941,19.9526],[73.87882,19.95357],[73.87823,19.95455],[73.87774,19.95577],[73.87768,19.95592],[73.87752,19.95614],[73.87684,19.95754],[73.87648,19.95835],[73.87591,19.95934],[73.87533,19.96036],[73.87469,19.96178],[73.87418,19.96241],[73.87389,19.96278],[73.87318,19.96345],[73.87198,19.96458],[73.87175,19.96513],[73.87152,19.96561],[73.87144,19.96603],[73.87143,19.96629],[73.87142,19.96677],[73.87135,19.96685],[73.87123,19.96695],[73.87106,19.96709],[73.87103,19.96714],[73.87055,19.96758],[73.86996,19.96781],[73.86943,19.96801],[73.86894,19.96826],[73.86858,19.96856],[73.86788,19.97015],[73.86531,19.97086],[73.86546,19.97382],[73.86563,19.97771],[73.8655,19.97777],[73.86548,19.97777],[73.86539,19.97784],[73.86541,19.97922],[73.86544,19.98072],[73.86546,19.9824],[73.86556,19.98278],[73.86591,19.98412],[73.86581,19.98407],[73.86573,19.98412],[73.86547,19.98374],[73.86496,19.98333],[73.86421,19.98291],[73.86358,19.98285],[73.86303,19.98266],[73.86241,19.98256],[73.86172,19.98266],[73.8612,19.98293],[73.8609,19.98326],[73.86004,19.98425],[73.85909,19.98522],[73.8588,19.98553],[73.85829,19.98606],[73.85772,19.98648],[73.85634,19.98743],[73.85533,19.98803],[73.85496,19.9884],[73.85478,19.98864],[73.85466,19.98875],[73.85401,19.98915],[73.85353,19.98927],[73.85275,19.98927],[73.85197,19.98903],[73.85158,19.989],[73.85122,19.98892],[73.8507,19.9888],[73.85038,19.98882],[73.85035,19.9889],[73.84979,19.98881],[73.84905,19.98869],[73.84849,19.98865],[73.84778,19.98855],[73.84694,19.9886],[73.84638,19.98872],[73.84595,19.98897],[73.84575,19.98913],[73.84557,19.98918],[73.84546,19.98921],[73.84499,19.98927],[73.8445,19.98925],[73.84396,19.98886],[73.84378,19.98849],[73.84319,19.98731],[73.84308,19.98693],[73.84253,19.98599],[73.84222,19.98542],[73.84191,19.98503],[73.841,19.98447],[73.84008,19.98408],[73.83887,19.9838],[73.83817,19.98373],[73.83788,19.98381],[73.83653,19.98406],[73.83565,19.98426],[73.83445,19.98478],[73.83192,19.98614],[73.83001,19.98709],[73.82912,19.98748],[73.828,19.98787],[73.82686,19.98824],[73.82618,19.98854],[73.82451,19.98894],[73.82294,19.98931],[73.82271,19.98923],[73.82255,19.98927],[73.82236,19.98871],[73.82222,19.98846]]]}},{"type":"Feature","properties":{"Name":"MH15FV1055 (P)","routeId":544,"fill-opacity":0.03,"stroke-width":1,"stroke-opacity":0.5,"locationConfidence":"verified","locationSource":"NMC waste collection vehicle tracking export, 30 Aug 2026 (RTI)"},"geometry":{"type":"Polygon","coordinates":[[[73.82222,19.98846],[73.82161,19.98696],[73.82211,19.98675],[73.82208,19.98294],[73.8221,19.98294],[73.82291,19.98252],[73.82375,19.98208],[73.82394,19.98197],[73.82509,19.98135],[73.82605,19.98083],[73.82606,19.98082],[73.82696,19.98048],[73.82793,19.98007],[73.8282,19.97992],[73.82822,19.97988],[73.82829,19.97966],[73.8283,19.97961],[73.82821,19.97836],[73.82821,19.97834],[73.82813,19.97771],[73.82798,19.97669],[73.82781,19.97469],[73.82774,19.97394],[73.82754,19.97389],[73.82734,19.97385],[73.82695,19.97371],[73.82628,19.97349],[73.82596,19.97341],[73.82534,19.97331],[73.82294,19.97292],[73.82302,19.97247],[73.82303,19.97212],[73.82288,19.97167],[73.82284,19.97159],[73.82244,19.97102],[73.82229,19.97082],[73.82202,19.97052],[73.82151,19.97016],[73.82086,19.96991],[73.81993,19.96962],[73.81994,19.96945],[73.81928,19.96935],[73.81926,19.96934],[73.81921,19.96933],[73.81842,19.96904],[73.81665,19.97051],[73.81458,19.97222],[73.81371,19.97306],[73.81283,19.97391],[73.81243,19.97432],[73.81204,19.97473],[73.81192,19.97472],[73.80919,19.97418],[73.80792,19.97269],[73.8074,19.97127],[73.80673,19.96934],[73.80653,19.96905],[73.80616,19.96867],[73.80452,19.96731],[73.80428,19.96747],[73.80249,19.96743],[73.80246,19.96801],[73.80057,19.96816],[73.8006,19.9681],[73.80094,19.96739],[73.80129,19.96667],[73.80118,19.96576],[73.80114,19.96542],[73.79831,19.96594],[73.79822,19.96512],[73.79817,19.96463],[73.798,19.96295],[73.798,19.96294],[73.79798,19.96282],[73.79781,19.96117],[73.79774,19.96041],[73.79766,19.95964],[73.79725,19.95868],[73.79592,19.95783],[73.79291,19.95976],[73.79247,19.96005],[73.78631,19.96288],[73.78465,19.96366],[73.78464,19.96365],[73.78463,19.96365],[73.78403,19.96322],[73.78399,19.96319],[73.78413,19.96298],[73.78382,19.96253],[73.78352,19.96178],[73.78312,19.96082],[73.78307,19.96083],[73.78306,19.96083],[73.78257,19.95972],[73.78238,19.95929],[73.78211,19.95868],[73.78208,19.95861],[73.78199,19.95831],[73.7818,19.95768],[73.78167,19.95606],[73.78167,19.95605],[73.78193,19.95553],[73.78194,19.95553],[73.78312,19.95514],[73.78516,19.95445],[73.78633,19.95406],[73.78927,19.95305],[73.79182,19.95216],[73.79191,19.95213],[73.79443,19.95144],[73.79631,19.95092],[73.79772,19.95053],[73.79783,19.94714],[73.7979,19.94498],[73.79796,19.94307],[73.79683,19.94321],[73.79577,19.94312],[73.7937,19.94297],[73.79077,19.94275],[73.79074,19.94275],[73.79066,19.94274],[73.78936,19.94239],[73.78941,19.94176],[73.78953,19.94009],[73.78961,19.93884],[73.7897,19.93715],[73.78972,19.93635],[73.78974,19.93426],[73.78971,19.93272],[73.78969,19.93134],[73.78966,19.92996],[73.78978,19.92957],[73.78989,19.92913],[73.79009,19.92799],[73.79012,19.92796],[73.79013,19.92793],[73.79034,19.92773],[73.79038,19.92769],[73.79091,19.92737],[73.79101,19.92731],[73.79102,19.9273],[73.79181,19.92723],[73.79316,19.92709],[73.79326,19.92708],[73.79333,19.92708],[73.79403,19.92708],[73.79405,19.92708],[73.79397,19.92622],[73.7937,19.92346],[73.79479,19.92325],[73.7948,19.92325],[73.79865,19.9229],[73.7986,19.92179],[73.79854,19.9206],[73.79854,19.92056],[73.79918,19.91992],[73.79921,19.91995],[73.80034,19.92122],[73.80182,19.92288],[73.80331,19.92463],[73.80394,19.9252],[73.80514,19.92628],[73.80638,19.92728],[73.80822,19.92721],[73.80951,19.92771],[73.81204,19.92874],[73.81789,19.9283],[73.82125,19.92805],[73.82346,19.92789],[73.82477,19.92804],[73.8275,19.92836],[73.82918,19.92843],[73.83158,19.92853],[73.83383,19.92835],[73.83408,19.92826],[73.83596,19.92836],[73.83597,19.9283],[73.83633,19.92832],[73.83632,19.92839],[73.83779,19.92845],[73.838,19.92842],[73.83802,19.92849],[73.84046,19.92849],[73.84181,19.92851],[73.84235,19.92922],[73.84325,19.93041],[73.84329,19.93062],[73.84339,19.93143],[73.84402,19.93087],[73.84455,19.93063],[73.84496,19.93067],[73.84614,19.93056],[73.84675,19.93049],[73.84707,19.9305],[73.84734,19.93064],[73.84761,19.93079],[73.84792,19.93113],[73.84845,19.93211],[73.84898,19.93273],[73.84898,19.93275],[73.8497,19.9334],[73.85047,19.93367],[73.85088,19.9338],[73.85116,19.93377],[73.8515,19.93381],[73.85184,19.93377],[73.85239,19.93368],[73.85295,19.93328],[73.85371,19.93229],[73.85443,19.93144],[73.85507,19.93118],[73.85628,19.93085],[73.85682,19.93109],[73.85695,19.9313],[73.85794,19.93173],[73.85969,19.93237],[73.86097,19.93296],[73.86111,19.93301],[73.86136,19.93314],[73.86161,19.93324],[73.86193,19.93332],[73.86186,19.93344],[73.86263,19.93371],[73.86378,19.93387],[73.86458,19.93382],[73.86491,19.93401],[73.86512,19.93374],[73.86814,19.93385],[73.87012,19.93326],[73.8748,19.93187],[73.87682,19.9317],[73.87927,19.93272],[73.88074,19.93423],[73.88186,19.93538],[73.88183,19.93777],[73.88096,19.94042],[73.87997,19.94401],[73.88007,19.94572],[73.88041,19.94654],[73.88084,19.9475],[73.88147,19.9485],[73.88252,19.95009],[73.88248,19.95038],[73.88215,19.9507],[73.88141,19.95139],[73.88148,19.95163],[73.88143,19.95173],[73.88118,19.9518],[73.88052,19.95198],[73.88021,19.95221],[73.87972,19.9524],[73.87941,19.9526],[73.87882,19.95357],[73.87823,19.95455],[73.87774,19.95577],[73.87768,19.95592],[73.87752,19.95614],[73.87684,19.95754],[73.87648,19.95835],[73.87591,19.95934],[73.87533,19.96036],[73.87469,19.96178],[73.87418,19.96241],[73.87389,19.96278],[73.87318,19.96345],[73.87198,19.96458],[73.87175,19.96513],[73.87152,19.96561],[73.87144,19.96603],[73.87143,19.96629],[73.87142,19.96677],[73.87135,19.96685],[73.87123,19.96695],[73.87106,19.96709],[73.87103,19.96714],[73.87055,19.96758],[73.86996,19.96781],[73.86943,19.96801],[73.86894,19.96826],[73.86858,19.96856],[73.86788,19.97015],[73.86531,19.97086],[73.86546,19.97382],[73.86563,19.97771],[73.8655,19.97777],[73.86548,19.97777],[73.86539,19.97784],[73.86541,19.97922],[73.86544,19.98072],[73.86546,19.9824],[73.86556,19.98278],[73.86591,19.98412],[73.86581,19.98407],[73.86573,19.98412],[73.86547,19.98374],[73.86496,19.98333],[73.86421,19.98291],[73.86358,19.98285],[73.86303,19.98266],[73.86241,19.98256],[73.86172,19.98266],[73.8612,19.98293],[73.8609,19.98326],[73.86004,19.98425],[73.85909,19.98522],[73.8588,19.98553],[73.85829,19.98606],[73.85772,19.98648],[73.85634,19.98743],[73.85533,19.98803],[73.85496,19.9884],[73.85478,19.98864],[73.85466,19.98875],[73.85401,19.98915],[73.85353,19.98927],[73.85275,19.98927],[73.85197,19.98903],[73.85158,19.989],[73.85122,19.98892],[73.8507,19.9888],[73.85038,19.98882],[73.85035,19.9889],[73.84979,19.98881],[73.84905,19.98869],[73.84849,19.98865],[73.84778,19.98855],[73.84694,19.9886],[73.84638,19.98872],[73.84595,19.98897],[73.84575,19.98913],[73.84557,19.98918],[73.84546,19.98921],[73.84499,19.98927],[73.8445,19.98925],[73.84396,19.98886],[73.84378,19.98849],[73.84319,19.98731],[73.84308,19.98693],[73.84253,19.98599],[73.84222,19.98542],[73.84191,19.98503],[73.841,19.98447],[73.84008,19.98408],[73.83887,19.9838],[73.83817,19.98373],[73.83788,19.98381],[73.83653,19.98406],[73.83565,19.98426],[73.83445,19.98478],[73.83192,19.98614],[73.83001,19.98709],[73.82912,19.98748],[73.828,19.98787],[73.82686,19.98824],[73.82618,19.98854],[73.82451,19.98894],[73.82294,19.98931],[73.82271,19.98923],[73.82255,19.98927],[73.82236,19.98871],[73.82222,19.98846]]]}},{"type":"Feature","properties":{"Name":"MH15FV2373 (G)","routeId":509,"fill-opacity":0.03,"stroke-width":1,"stroke-opacity":0.5,"locationConfidence":"verified","locationSource":"NMC waste collection vehicle tracking export, 30 Aug 2026 (RTI)"},"geometry":{"type":"Polygon","coordinates":[[[73.82222,19.98846],[73.82161,19.98696],[73.82211,19.98675],[73.82208,19.98294],[73.8221,19.98294],[73.82291,19.98252],[73.82375,19.98208],[73.82394,19.98197],[73.82509,19.98135],[73.82605,19.98083],[73.82606,19.98082],[73.82696,19.98048],[73.82793,19.98007],[73.8282,19.97992],[73.82822,19.97988],[73.82829,19.97966],[73.8283,19.97961],[73.82821,19.97836],[73.82821,19.97834],[73.82813,19.97771],[73.82798,19.97669],[73.82781,19.97469],[73.82774,19.97394],[73.82754,19.97389],[73.82734,19.97385],[73.82695,19.97371],[73.82628,19.97349],[73.82596,19.97341],[73.82534,19.97331],[73.82294,19.97292],[73.82302,19.97247],[73.82303,19.97212],[73.82288,19.97167],[73.82284,19.97159],[73.82244,19.97102],[73.82229,19.97082],[73.82202,19.97052],[73.82151,19.97016],[73.82086,19.96991],[73.81993,19.96962],[73.81994,19.96945],[73.81928,19.96935],[73.81926,19.96934],[73.81921,19.96933],[73.81842,19.96904],[73.81665,19.97051],[73.81458,19.97222],[73.81371,19.97306],[73.81283,19.97391],[73.81243,19.97432],[73.81204,19.97473],[73.81192,19.97472],[73.80919,19.97418],[73.80792,19.97269],[73.8074,19.97127],[73.80673,19.96934],[73.80653,19.96905],[73.80616,19.96867],[73.80452,19.96731],[73.80428,19.96747],[73.80249,19.96743],[73.80246,19.96801],[73.80057,19.96816],[73.8006,19.9681],[73.80094,19.96739],[73.80129,19.96667],[73.80118,19.96576],[73.80114,19.96542],[73.79831,19.96594],[73.79822,19.96512],[73.79817,19.96463],[73.798,19.96295],[73.798,19.96294],[73.79798,19.96282],[73.79781,19.96117],[73.79774,19.96041],[73.79766,19.95964],[73.79725,19.95868],[73.79592,19.95783],[73.79291,19.95976],[73.79247,19.96005],[73.78631,19.96288],[73.78465,19.96366],[73.78464,19.96365],[73.78463,19.96365],[73.78403,19.96322],[73.78399,19.96319],[73.78413,19.96298],[73.78382,19.96253],[73.78352,19.96178],[73.78312,19.96082],[73.78307,19.96083],[73.78306,19.96083],[73.78257,19.95972],[73.78238,19.95929],[73.78211,19.95868],[73.78208,19.95861],[73.78199,19.95831],[73.7818,19.95768],[73.78167,19.95606],[73.78167,19.95605],[73.78193,19.95553],[73.78194,19.95553],[73.78312,19.95514],[73.78516,19.95445],[73.78633,19.95406],[73.78927,19.95305],[73.79182,19.95216],[73.79191,19.95213],[73.79443,19.95144],[73.79631,19.95092],[73.79772,19.95053],[73.79783,19.94714],[73.7979,19.94498],[73.79796,19.94307],[73.79683,19.94321],[73.79577,19.94312],[73.7937,19.94297],[73.79077,19.94275],[73.79074,19.94275],[73.79066,19.94274],[73.78936,19.94239],[73.78941,19.94176],[73.78953,19.94009],[73.78961,19.93884],[73.7897,19.93715],[73.78972,19.93635],[73.78974,19.93426],[73.78971,19.93272],[73.78969,19.93134],[73.78966,19.92996],[73.78978,19.92957],[73.78989,19.92913],[73.79009,19.92799],[73.79012,19.92796],[73.79013,19.92793],[73.79034,19.92773],[73.79038,19.92769],[73.79091,19.92737],[73.79101,19.92731],[73.79102,19.9273],[73.79181,19.92723],[73.79316,19.92709],[73.79326,19.92708],[73.79333,19.92708],[73.79403,19.92708],[73.79405,19.92708],[73.79397,19.92622],[73.7937,19.92346],[73.79479,19.92325],[73.7948,19.92325],[73.79865,19.9229],[73.7986,19.92179],[73.79854,19.9206],[73.79854,19.92056],[73.79918,19.91992],[73.79921,19.91995],[73.80034,19.92122],[73.80182,19.92288],[73.80331,19.92463],[73.80394,19.9252],[73.80514,19.92628],[73.80638,19.92728],[73.80822,19.92721],[73.80951,19.92771],[73.81204,19.92874],[73.81789,19.9283],[73.82125,19.92805],[73.82346,19.92789],[73.82477,19.92804],[73.8275,19.92836],[73.82918,19.92843],[73.83158,19.92853],[73.83383,19.92835],[73.83408,19.92826],[73.83596,19.92836],[73.83597,19.9283],[73.83633,19.92832],[73.83632,19.92839],[73.83779,19.92845],[73.838,19.92842],[73.83802,19.92849],[73.84046,19.92849],[73.84181,19.92851],[73.84235,19.92922],[73.84325,19.93041],[73.84329,19.93062],[73.84339,19.93143],[73.84402,19.93087],[73.84455,19.93063],[73.84496,19.93067],[73.84614,19.93056],[73.84675,19.93049],[73.84707,19.9305],[73.84734,19.93064],[73.84761,19.93079],[73.84792,19.93113],[73.84845,19.93211],[73.84898,19.93273],[73.84898,19.93275],[73.8497,19.9334],[73.85047,19.93367],[73.85088,19.9338],[73.85116,19.93377],[73.8515,19.93381],[73.85184,19.93377],[73.85239,19.93368],[73.85295,19.93328],[73.85371,19.93229],[73.85443,19.93144],[73.85507,19.93118],[73.85628,19.93085],[73.85682,19.93109],[73.85695,19.9313],[73.85794,19.93173],[73.85969,19.93237],[73.86097,19.93296],[73.86111,19.93301],[73.86136,19.93314],[73.86161,19.93324],[73.86193,19.93332],[73.86186,19.93344],[73.86263,19.93371],[73.86378,19.93387],[73.86458,19.93382],[73.86491,19.93401],[73.86512,19.93374],[73.86814,19.93385],[73.87012,19.93326],[73.8748,19.93187],[73.87682,19.9317],[73.87927,19.93272],[73.88074,19.93423],[73.88186,19.93538],[73.88183,19.93777],[73.88096,19.94042],[73.87997,19.94401],[73.88007,19.94572],[73.88041,19.94654],[73.88084,19.9475],[73.88147,19.9485],[73.88252,19.95009],[73.88248,19.95038],[73.88215,19.9507],[73.88141,19.95139],[73.88148,19.95163],[73.88143,19.95173],[73.88118,19.9518],[73.88052,19.95198],[73.88021,19.95221],[73.87972,19.9524],[73.87941,19.9526],[73.87882,19.95357],[73.87823,19.95455],[73.87774,19.95577],[73.87768,19.95592],[73.87752,19.95614],[73.87684,19.95754],[73.87648,19.95835],[73.87591,19.95934],[73.87533,19.96036],[73.87469,19.96178],[73.87418,19.96241],[73.87389,19.96278],[73.87318,19.96345],[73.87198,19.96458],[73.87175,19.96513],[73.87152,19.96561],[73.87144,19.96603],[73.87143,19.96629],[73.87142,19.96677],[73.87135,19.96685],[73.87123,19.96695],[73.87106,19.96709],[73.87103,19.96714],[73.87055,19.96758],[73.86996,19.96781],[73.86943,19.96801],[73.86894,19.96826],[73.86858,19.96856],[73.86788,19.97015],[73.86531,19.97086],[73.86546,19.97382],[73.86563,19.97771],[73.8655,19.97777],[73.86548,19.97777],[73.86539,19.97784],[73.86541,19.97922],[73.86544,19.98072],[73.86546,19.9824],[73.86556,19.98278],[73.86591,19.98412],[73.86581,19.98407],[73.86573,19.98412],[73.86547,19.98374],[73.86496,19.98333],[73.86421,19.98291],[73.86358,19.98285],[73.86303,19.98266],[73.86241,19.98256],[73.86172,19.98266],[73.8612,19.98293],[73.8609,19.98326],[73.86004,19.98425],[73.85909,19.98522],[73.8588,19.98553],[73.85829,19.98606],[73.85772,19.98648],[73.85634,19.98743],[73.85533,19.98803],[73.85496,19.9884],[73.85478,19.98864],[73.85466,19.98875],[73.85401,19.98915],[73.85353,19.98927],[73.85275,19.98927],[73.85197,19.98903],[73.85158,19.989],[73.85122,19.98892],[73.8507,19.9888],[73.85038,19.98882],[73.85035,19.9889],[73.84979,19.98881],[73.84905,19.98869],[73.84849,19.98865],[73.84778,19.98855],[73.84694,19.9886],[73.84638,19.98872],[73.84595,19.98897],[73.84575,19.98913],[73.84557,19.98918],[73.84546,19.98921],[73.84499,19.98927],[73.8445,19.98925],[73.84396,19.98886],[73.84378,19.98849],[73.84319,19.98731],[73.84308,19.98693],[73.84253,19.98599],[73.84222,19.98542],[73.84191,19.98503],[73.841,19.98447],[73.84008,19.98408],[73.83887,19.9838],[73.83817,19.98373],[73.83788,19.98381],[73.83653,19.98406],[73.83565,19.98426],[73.83445,19.98478],[73.83192,19.98614],[73.83001,19.98709],[73.82912,19.98748],[73.828,19.98787],[73.82686,19.98824],[73.82618,19.98854],[73.82451,19.98894],[73.82294,19.98931],[73.82271,19.98923],[73.82255,19.98927],[73.82236,19.98871],[73.82222,19.98846]]]}},{"type":"Feature","properties":{"Name":"MH15FV3457 (H)","routeId":503,"fill-opacity":0.03,"stroke-width":1,"stroke-opacity":0.5,"locationConfidence":"verified","locationSource":"NMC waste collection vehicle tracking export, 30 Aug 2026 (RTI)"},"geometry":{"type":"Polygon","coordinates":[[[73.814338,19.969714],[73.816849,19.972122],[73.823205,19.967383],[73.831723,19.960865],[73.837034,19.960661],[73.837748,19.966762],[73.838841,19.972865],[73.840187,19.979089],[73.843053,19.984726],[73.846346,19.98403],[73.845237,19.980078],[73.843495,19.976122],[73.841647,19.969536],[73.840823,19.961164],[73.840102,19.956019],[73.844289,19.953895],[73.850373,19.951783],[73.847269,19.943994],[73.843472,19.944686],[73.836248,19.947268],[73.833196,19.949759],[73.826331,19.954973],[73.823634,19.960692],[73.81791,19.965435],[73.814338,19.969714]]]}},{"type":"Feature","properties":{"Name":"MH15FV6146 (S)","routeId":538,"fill-opacity":0.03,"stroke-width":1,"stroke-opacity":0.5,"locationConfidence":"verified","locationSource":"NMC waste collection vehicle tracking export, 30 Aug 2026 (RTI)"},"geometry":{"type":"Polygon","coordinates":[[[73.830164,19.925884],[73.821836,19.930801],[73.821986,19.937878],[73.832492,19.939286],[73.835238,19.95097],[73.836962,19.963987],[73.838918,19.973179],[73.849425,19.974778],[73.852826,19.979963],[73.855258,19.979405],[73.855711,19.972715],[73.850694,19.967136],[73.841806,19.965548],[73.840059,19.955401],[73.84839,19.9501],[73.84725,19.939956],[73.851517,19.937307],[73.850759,19.930225],[73.839634,19.930536],[73.830164,19.925884]]]}},{"type":"Feature","properties":{"Name":"MH15FV7803 (G)","routeId":511,"fill-opacity":0.03,"stroke-width":1,"stroke-opacity":0.5,"locationConfidence":"verified","locationSource":"NMC waste collection vehicle tracking export, 30 Aug 2026 (RTI)"},"geometry":{"type":"Polygon","coordinates":[[[73.84672,19.970552],[73.846265,19.970528],[73.846338,19.969072],[73.846449,19.966892],[73.847045,19.966908],[73.84679,19.966417],[73.846564,19.965865],[73.846526,19.965773],[73.846218,19.964996],[73.846102,19.964604],[73.845916,19.963973],[73.845689,19.963087],[73.845427,19.961978],[73.845234,19.961162],[73.845061,19.960334],[73.844723,19.958774],[73.844345,19.957152],[73.843872,19.955123],[73.843613,19.954011],[73.843536,19.953651],[73.842945,19.953495],[73.842714,19.95325],[73.842205,19.95301],[73.842158,19.952786],[73.842158,19.952785],[73.842283,19.951913],[73.842267,19.951451],[73.841547,19.951558],[73.841542,19.951635],[73.840751,19.952057],[73.840594,19.951865],[73.83958,19.952524],[73.838719,19.953137],[73.837588,19.954015],[73.837479,19.952927],[73.837319,19.951342],[73.837174,19.951342],[73.835797,19.951342],[73.834679,19.951342],[73.834436,19.951327],[73.832833,19.95123],[73.832721,19.952194],[73.83264,19.952739],[73.832487,19.95376],[73.832309,19.95375],[73.832285,19.955977],[73.832285,19.956004],[73.831337,19.956285],[73.830483,19.956509],[73.830183,19.956509],[73.830012,19.956488],[73.828413,19.95631],[73.826833,19.956233],[73.825062,19.956189],[73.824762,19.956536],[73.824747,19.956553],[73.824459,19.956779],[73.824241,19.956796],[73.824243,19.956779],[73.824242,19.956779],[73.82425,19.956729],[73.824352,19.956024],[73.824426,19.9556],[73.824429,19.955579],[73.824586,19.95457],[73.822242,19.954257],[73.822242,19.954322],[73.81984,19.953993],[73.819733,19.954832],[73.819574,19.956086],[73.819427,19.957813],[73.820681,19.957955],[73.820569,19.959262],[73.819627,19.959227],[73.819508,19.960776],[73.819836,19.960776],[73.819831,19.960849],[73.819823,19.961009],[73.819815,19.96114],[73.819817,19.961316],[73.819796,19.961448],[73.819781,19.961698],[73.819768,19.961913],[73.819764,19.961988],[73.819743,19.962348],[73.819713,19.962651],[73.819666,19.963048],[73.819632,19.963339],[73.819587,19.963718],[73.819544,19.964084],[73.819424,19.965111],[73.819424,19.965112],[73.818559,19.968307],[73.818782,19.968747],[73.818421,19.969044],[73.81926,19.96934],[73.819941,19.969455],[73.820227,19.969459],[73.820788,19.969528],[73.82083,19.969214],[73.822247,19.969327],[73.822279,19.96933],[73.823364,19.969418],[73.82453,19.969556],[73.824941,19.969594],[73.825289,19.96957],[73.82573,19.96955],[73.826439,19.969511],[73.827157,19.969455],[73.828098,19.969383],[73.828843,19.969367],[73.828858,19.969367],[73.828873,19.969367],[73.828889,19.969366],[73.829668,19.969349],[73.830801,19.969392],[73.831088,19.969404],[73.83328,19.969492],[73.835402,19.969471],[73.835487,19.969478],[73.835581,19.966965],[73.837314,19.967036],[73.839234,19.967103],[73.839339,19.967947],[73.839667,19.967945],[73.839808,19.967951],[73.839853,19.968267],[73.840094,19.970209],[73.841674,19.970527],[73.842,19.970653],[73.842164,19.970666],[73.843374,19.970738],[73.844102,19.97076],[73.845791,19.970808],[73.846715,19.970841],[73.84672,19.970552]]]}},{"type":"Feature","properties":{"Name":"MH15GV0652","routeId":539,"fill-opacity":0.03,"stroke-width":1,"stroke-opacity":0.5,"locationConfidence":"verified","locationSource":"NMC waste collection vehicle tracking export, 30 Aug 2026 (RTI)"},"geometry":{"type":"Polygon","coordinates":[[[73.82222,19.98846],[73.82161,19.98696],[73.82211,19.98675],[73.82208,19.98294],[73.8221,19.98294],[73.82291,19.98252],[73.82375,19.98208],[73.82394,19.98197],[73.82509,19.98135],[73.82605,19.98083],[73.82606,19.98082],[73.82696,19.98048],[73.82793,19.98007],[73.8282,19.97992],[73.82822,19.97988],[73.82829,19.97966],[73.8283,19.97961],[73.82821,19.97836],[73.82821,19.97834],[73.82813,19.97771],[73.82798,19.97669],[73.82781,19.97469],[73.82774,19.97394],[73.82754,19.97389],[73.82734,19.97385],[73.82695,19.97371],[73.82628,19.97349],[73.82596,19.97341],[73.82534,19.97331],[73.82294,19.97292],[73.82302,19.97247],[73.82303,19.97212],[73.82288,19.97167],[73.82284,19.97159],[73.82244,19.97102],[73.82229,19.97082],[73.82202,19.97052],[73.82151,19.97016],[73.82086,19.96991],[73.81993,19.96962],[73.81994,19.96945],[73.81928,19.96935],[73.81926,19.96934],[73.81921,19.96933],[73.81842,19.96904],[73.81665,19.97051],[73.81458,19.97222],[73.81371,19.97306],[73.81283,19.97391],[73.81243,19.97432],[73.81204,19.97473],[73.81192,19.97472],[73.80919,19.97418],[73.80792,19.97269],[73.8074,19.97127],[73.80673,19.96934],[73.80653,19.96905],[73.80616,19.96867],[73.80452,19.96731],[73.80428,19.96747],[73.80249,19.96743],[73.80246,19.96801],[73.80057,19.96816],[73.8006,19.9681],[73.80094,19.96739],[73.80129,19.96667],[73.80118,19.96576],[73.80114,19.96542],[73.79831,19.96594],[73.79822,19.96512],[73.79817,19.96463],[73.798,19.96295],[73.798,19.96294],[73.79798,19.96282],[73.79781,19.96117],[73.79774,19.96041],[73.79766,19.95964],[73.79725,19.95868],[73.79592,19.95783],[73.79291,19.95976],[73.79247,19.96005],[73.78631,19.96288],[73.78465,19.96366],[73.78464,19.96365],[73.78463,19.96365],[73.78403,19.96322],[73.78399,19.96319],[73.78413,19.96298],[73.78382,19.96253],[73.78352,19.96178],[73.78312,19.96082],[73.78307,19.96083],[73.78306,19.96083],[73.78257,19.95972],[73.78238,19.95929],[73.78211,19.95868],[73.78208,19.95861],[73.78199,19.95831],[73.7818,19.95768],[73.78167,19.95606],[73.78167,19.95605],[73.78193,19.95553],[73.78194,19.95553],[73.78312,19.95514],[73.78516,19.95445],[73.78633,19.95406],[73.78927,19.95305],[73.79182,19.95216],[73.79191,19.95213],[73.79443,19.95144],[73.79631,19.95092],[73.79772,19.95053],[73.79783,19.94714],[73.7979,19.94498],[73.79796,19.94307],[73.79683,19.94321],[73.79577,19.94312],[73.7937,19.94297],[73.79077,19.94275],[73.79074,19.94275],[73.79066,19.94274],[73.78936,19.94239],[73.78941,19.94176],[73.78953,19.94009],[73.78961,19.93884],[73.7897,19.93715],[73.78972,19.93635],[73.78974,19.93426],[73.78971,19.93272],[73.78969,19.93134],[73.78966,19.92996],[73.78978,19.92957],[73.78989,19.92913],[73.79009,19.92799],[73.79012,19.92796],[73.79013,19.92793],[73.79034,19.92773],[73.79038,19.92769],[73.79091,19.92737],[73.79101,19.92731],[73.79102,19.9273],[73.79181,19.92723],[73.79316,19.92709],[73.79326,19.92708],[73.79333,19.92708],[73.79403,19.92708],[73.79405,19.92708],[73.79397,19.92622],[73.7937,19.92346],[73.79479,19.92325],[73.7948,19.92325],[73.79865,19.9229],[73.7986,19.92179],[73.79854,19.9206],[73.79854,19.92056],[73.79918,19.91992],[73.79921,19.91995],[73.80034,19.92122],[73.80182,19.92288],[73.80331,19.92463],[73.80394,19.9252],[73.80514,19.92628],[73.80638,19.92728],[73.80822,19.92721],[73.80951,19.92771],[73.81204,19.92874],[73.81789,19.9283],[73.82125,19.92805],[73.82346,19.92789],[73.82477,19.92804],[73.8275,19.92836],[73.82918,19.92843],[73.83158,19.92853],[73.83383,19.92835],[73.83408,19.92826],[73.83596,19.92836],[73.83597,19.9283],[73.83633,19.92832],[73.83632,19.92839],[73.83779,19.92845],[73.838,19.92842],[73.83802,19.92849],[73.84046,19.92849],[73.84181,19.92851],[73.84235,19.92922],[73.84325,19.93041],[73.84329,19.93062],[73.84339,19.93143],[73.84402,19.93087],[73.84455,19.93063],[73.84496,19.93067],[73.84614,19.93056],[73.84675,19.93049],[73.84707,19.9305],[73.84734,19.93064],[73.84761,19.93079],[73.84792,19.93113],[73.84845,19.93211],[73.84898,19.93273],[73.84898,19.93275],[73.8497,19.9334],[73.85047,19.93367],[73.85088,19.9338],[73.85116,19.93377],[73.8515,19.93381],[73.85184,19.93377],[73.85239,19.93368],[73.85295,19.93328],[73.85371,19.93229],[73.85443,19.93144],[73.85507,19.93118],[73.85628,19.93085],[73.85682,19.93109],[73.85695,19.9313],[73.85794,19.93173],[73.85969,19.93237],[73.86097,19.93296],[73.86111,19.93301],[73.86136,19.93314],[73.86161,19.93324],[73.86193,19.93332],[73.86186,19.93344],[73.86263,19.93371],[73.86378,19.93387],[73.86458,19.93382],[73.86491,19.93401],[73.86512,19.93374],[73.86814,19.93385],[73.87012,19.93326],[73.8748,19.93187],[73.87682,19.9317],[73.87927,19.93272],[73.88074,19.93423],[73.88186,19.93538],[73.88183,19.93777],[73.88096,19.94042],[73.87997,19.94401],[73.88007,19.94572],[73.88041,19.94654],[73.88084,19.9475],[73.88147,19.9485],[73.88252,19.95009],[73.88248,19.95038],[73.88215,19.9507],[73.88141,19.95139],[73.88148,19.95163],[73.88143,19.95173],[73.88118,19.9518],[73.88052,19.95198],[73.88021,19.95221],[73.87972,19.9524],[73.87941,19.9526],[73.87882,19.95357],[73.87823,19.95455],[73.87774,19.95577],[73.87768,19.95592],[73.87752,19.95614],[73.87684,19.95754],[73.87648,19.95835],[73.87591,19.95934],[73.87533,19.96036],[73.87469,19.96178],[73.87418,19.96241],[73.87389,19.96278],[73.87318,19.96345],[73.87198,19.96458],[73.87175,19.96513],[73.87152,19.96561],[73.87144,19.96603],[73.87143,19.96629],[73.87142,19.96677],[73.87135,19.96685],[73.87123,19.96695],[73.87106,19.96709],[73.87103,19.96714],[73.87055,19.96758],[73.86996,19.96781],[73.86943,19.96801],[73.86894,19.96826],[73.86858,19.96856],[73.86788,19.97015],[73.86531,19.97086],[73.86546,19.97382],[73.86563,19.97771],[73.8655,19.97777],[73.86548,19.97777],[73.86539,19.97784],[73.86541,19.97922],[73.86544,19.98072],[73.86546,19.9824],[73.86556,19.98278],[73.86591,19.98412],[73.86581,19.98407],[73.86573,19.98412],[73.86547,19.98374],[73.86496,19.98333],[73.86421,19.98291],[73.86358,19.98285],[73.86303,19.98266],[73.86241,19.98256],[73.86172,19.98266],[73.8612,19.98293],[73.8609,19.98326],[73.86004,19.98425],[73.85909,19.98522],[73.8588,19.98553],[73.85829,19.98606],[73.85772,19.98648],[73.85634,19.98743],[73.85533,19.98803],[73.85496,19.9884],[73.85478,19.98864],[73.85466,19.98875],[73.85401,19.98915],[73.85353,19.98927],[73.85275,19.98927],[73.85197,19.98903],[73.85158,19.989],[73.85122,19.98892],[73.8507,19.9888],[73.85038,19.98882],[73.85035,19.9889],[73.84979,19.98881],[73.84905,19.98869],[73.84849,19.98865],[73.84778,19.98855],[73.84694,19.9886],[73.84638,19.98872],[73.84595,19.98897],[73.84575,19.98913],[73.84557,19.98918],[73.84546,19.98921],[73.84499,19.98927],[73.8445,19.98925],[73.84396,19.98886],[73.84378,19.98849],[73.84319,19.98731],[73.84308,19.98693],[73.84253,19.98599],[73.84222,19.98542],[73.84191,19.98503],[73.841,19.98447],[73.84008,19.98408],[73.83887,19.9838],[73.83817,19.98373],[73.83788,19.98381],[73.83653,19.98406],[73.83565,19.98426],[73.83445,19.98478],[73.83192,19.98614],[73.83001,19.98709],[73.82912,19.98748],[73.828,19.98787],[73.82686,19.98824],[73.82618,19.98854],[73.82451,19.98894],[73.82294,19.98931],[73.82271,19.98923],[73.82255,19.98927],[73.82236,19.98871],[73.82222,19.98846]]]}},{"type":"Feature","properties":{"Name":"MH15GV7365 (P)","routeId":543,"fill-opacity":0.03,"stroke-width":1,"stroke-opacity":0.5,"locationConfidence":"verified","locationSource":"NMC waste collection vehicle tracking export, 30 Aug 2026 (RTI)"},"geometry":{"type":"Polygon","coordinates":[[[73.82222,19.98846],[73.82161,19.98696],[73.82211,19.98675],[73.82208,19.98294],[73.8221,19.98294],[73.82291,19.98252],[73.82375,19.98208],[73.82394,19.98197],[73.82509,19.98135],[73.82605,19.98083],[73.82606,19.98082],[73.82696,19.98048],[73.82793,19.98007],[73.8282,19.97992],[73.82822,19.97988],[73.82829,19.97966],[73.8283,19.97961],[73.82821,19.97836],[73.82821,19.97834],[73.82813,19.97771],[73.82798,19.97669],[73.82781,19.97469],[73.82774,19.97394],[73.82754,19.97389],[73.82734,19.97385],[73.82695,19.97371],[73.82628,19.97349],[73.82596,19.97341],[73.82534,19.97331],[73.82294,19.97292],[73.82302,19.97247],[73.82303,19.97212],[73.82288,19.97167],[73.82284,19.97159],[73.82244,19.97102],[73.82229,19.97082],[73.82202,19.97052],[73.82151,19.97016],[73.82086,19.96991],[73.81993,19.96962],[73.81994,19.96945],[73.81928,19.96935],[73.81926,19.96934],[73.81921,19.96933],[73.81842,19.96904],[73.81665,19.97051],[73.81458,19.97222],[73.81371,19.97306],[73.81283,19.97391],[73.81243,19.97432],[73.81204,19.97473],[73.81192,19.97472],[73.80919,19.97418],[73.80792,19.97269],[73.8074,19.97127],[73.80673,19.96934],[73.80653,19.96905],[73.80616,19.96867],[73.80452,19.96731],[73.80428,19.96747],[73.80249,19.96743],[73.80246,19.96801],[73.80057,19.96816],[73.8006,19.9681],[73.80094,19.96739],[73.80129,19.96667],[73.80118,19.96576],[73.80114,19.96542],[73.79831,19.96594],[73.79822,19.96512],[73.79817,19.96463],[73.798,19.96295],[73.798,19.96294],[73.79798,19.96282],[73.79781,19.96117],[73.79774,19.96041],[73.79766,19.95964],[73.79725,19.95868],[73.79592,19.95783],[73.79291,19.95976],[73.79247,19.96005],[73.78631,19.96288],[73.78465,19.96366],[73.78464,19.96365],[73.78463,19.96365],[73.78403,19.96322],[73.78399,19.96319],[73.78413,19.96298],[73.78382,19.96253],[73.78352,19.96178],[73.78312,19.96082],[73.78307,19.96083],[73.78306,19.96083],[73.78257,19.95972],[73.78238,19.95929],[73.78211,19.95868],[73.78208,19.95861],[73.78199,19.95831],[73.7818,19.95768],[73.78167,19.95606],[73.78167,19.95605],[73.78193,19.95553],[73.78194,19.95553],[73.78312,19.95514],[73.78516,19.95445],[73.78633,19.95406],[73.78927,19.95305],[73.79182,19.95216],[73.79191,19.95213],[73.79443,19.95144],[73.79631,19.95092],[73.79772,19.95053],[73.79783,19.94714],[73.7979,19.94498],[73.79796,19.94307],[73.79683,19.94321],[73.79577,19.94312],[73.7937,19.94297],[73.79077,19.94275],[73.79074,19.94275],[73.79066,19.94274],[73.78936,19.94239],[73.78941,19.94176],[73.78953,19.94009],[73.78961,19.93884],[73.7897,19.93715],[73.78972,19.93635],[73.78974,19.93426],[73.78971,19.93272],[73.78969,19.93134],[73.78966,19.92996],[73.78978,19.92957],[73.78989,19.92913],[73.79009,19.92799],[73.79012,19.92796],[73.79013,19.92793],[73.79034,19.92773],[73.79038,19.92769],[73.79091,19.92737],[73.79101,19.92731],[73.79102,19.9273],[73.79181,19.92723],[73.79316,19.92709],[73.79326,19.92708],[73.79333,19.92708],[73.79403,19.92708],[73.79405,19.92708],[73.79397,19.92622],[73.7937,19.92346],[73.79479,19.92325],[73.7948,19.92325],[73.79865,19.9229],[73.7986,19.92179],[73.79854,19.9206],[73.79854,19.92056],[73.79918,19.91992],[73.79921,19.91995],[73.80034,19.92122],[73.80182,19.92288],[73.80331,19.92463],[73.80394,19.9252],[73.80514,19.92628],[73.80638,19.92728],[73.80822,19.92721],[73.80951,19.92771],[73.81204,19.92874],[73.81789,19.9283],[73.82125,19.92805],[73.82346,19.92789],[73.82477,19.92804],[73.8275,19.92836],[73.82918,19.92843],[73.83158,19.92853],[73.83383,19.92835],[73.83408,19.92826],[73.83596,19.92836],[73.83597,19.9283],[73.83633,19.92832],[73.83632,19.92839],[73.83779,19.92845],[73.838,19.92842],[73.83802,19.92849],[73.84046,19.92849],[73.84181,19.92851],[73.84235,19.92922],[73.84325,19.93041],[73.84329,19.93062],[73.84339,19.93143],[73.84402,19.93087],[73.84455,19.93063],[73.84496,19.93067],[73.84614,19.93056],[73.84675,19.93049],[73.84707,19.9305],[73.84734,19.93064],[73.84761,19.93079],[73.84792,19.93113],[73.84845,19.93211],[73.84898,19.93273],[73.84898,19.93275],[73.8497,19.9334],[73.85047,19.93367],[73.85088,19.9338],[73.85116,19.93377],[73.8515,19.93381],[73.85184,19.93377],[73.85239,19.93368],[73.85295,19.93328],[73.85371,19.93229],[73.85443,19.93144],[73.85507,19.93118],[73.85628,19.93085],[73.85682,19.93109],[73.85695,19.9313],[73.85794,19.93173],[73.85969,19.93237],[73.86097,19.93296],[73.86111,19.93301],[73.86136,19.93314],[73.86161,19.93324],[73.86193,19.93332],[73.86186,19.93344],[73.86263,19.93371],[73.86378,19.93387],[73.86458,19.93382],[73.86491,19.93401],[73.86512,19.93374],[73.86814,19.93385],[73.87012,19.93326],[73.8748,19.93187],[73.87682,19.9317],[73.87927,19.93272],[73.88074,19.93423],[73.88186,19.93538],[73.88183,19.93777],[73.88096,19.94042],[73.87997,19.94401],[73.88007,19.94572],[73.88041,19.94654],[73.88084,19.9475],[73.88147,19.9485],[73.88252,19.95009],[73.88248,19.95038],[73.88215,19.9507],[73.88141,19.95139],[73.88148,19.95163],[73.88143,19.95173],[73.88118,19.9518],[73.88052,19.95198],[73.88021,19.95221],[73.87972,19.9524],[73.87941,19.9526],[73.87882,19.95357],[73.87823,19.95455],[73.87774,19.95577],[73.87768,19.95592],[73.87752,19.95614],[73.87684,19.95754],[73.87648,19.95835],[73.87591,19.95934],[73.87533,19.96036],[73.87469,19.96178],[73.87418,19.96241],[73.87389,19.96278],[73.87318,19.96345],[73.87198,19.96458],[73.87175,19.96513],[73.87152,19.96561],[73.87144,19.96603],[73.87143,19.96629],[73.87142,19.96677],[73.87135,19.96685],[73.87123,19.96695],[73.87106,19.96709],[73.87103,19.96714],[73.87055,19.96758],[73.86996,19.96781],[73.86943,19.96801],[73.86894,19.96826],[73.86858,19.96856],[73.86788,19.97015],[73.86531,19.97086],[73.86546,19.97382],[73.86563,19.97771],[73.8655,19.97777],[73.86548,19.97777],[73.86539,19.97784],[73.86541,19.97922],[73.86544,19.98072],[73.86546,19.9824],[73.86556,19.98278],[73.86591,19.98412],[73.86581,19.98407],[73.86573,19.98412],[73.86547,19.98374],[73.86496,19.98333],[73.86421,19.98291],[73.86358,19.98285],[73.86303,19.98266],[73.86241,19.98256],[73.86172,19.98266],[73.8612,19.98293],[73.8609,19.98326],[73.86004,19.98425],[73.85909,19.98522],[73.8588,19.98553],[73.85829,19.98606],[73.85772,19.98648],[73.85634,19.98743],[73.85533,19.98803],[73.85496,19.9884],[73.85478,19.98864],[73.85466,19.98875],[73.85401,19.98915],[73.85353,19.98927],[73.85275,19.98927],[73.85197,19.98903],[73.85158,19.989],[73.85122,19.98892],[73.8507,19.9888],[73.85038,19.98882],[73.85035,19.9889],[73.84979,19.98881],[73.84905,19.98869],[73.84849,19.98865],[73.84778,19.98855],[73.84694,19.9886],[73.84638,19.98872],[73.84595,19.98897],[73.84575,19.98913],[73.84557,19.98918],[73.84546,19.98921],[73.84499,19.98927],[73.8445,19.98925],[73.84396,19.98886],[73.84378,19.98849],[73.84319,19.98731],[73.84308,19.98693],[73.84253,19.98599],[73.84222,19.98542],[73.84191,19.98503],[73.841,19.98447],[73.84008,19.98408],[73.83887,19.9838],[73.83817,19.98373],[73.83788,19.98381],[73.83653,19.98406],[73.83565,19.98426],[73.83445,19.98478],[73.83192,19.98614],[73.83001,19.98709],[73.82912,19.98748],[73.828,19.98787],[73.82686,19.98824],[73.82618,19.98854],[73.82451,19.98894],[73.82294,19.98931],[73.82271,19.98923],[73.82255,19.98927],[73.82236,19.98871],[73.82222,19.98846]]]}},{"type":"Feature","properties":{"Name":"MH15GV7396 (P)","routeId":506,"fill-opacity":0.03,"stroke-width":1,"stroke-opacity":0.5,"locationConfidence":"verified","locationSource":"NMC waste collection vehicle tracking export, 30 Aug 2026 (RTI)"},"geometry":{"type":"Polygon","coordinates":[[[73.845248,19.987989],[73.846471,19.987848],[73.846536,19.9869],[73.84675,19.985973],[73.846858,19.985388],[73.847094,19.985126],[73.848681,19.987223],[73.849282,19.987989],[73.84969,19.988433],[73.850698,19.988332],[73.852758,19.987647],[73.854582,19.987102],[73.855033,19.986699],[73.856106,19.986154],[73.856921,19.985247],[73.856707,19.984864],[73.856127,19.985106],[73.853102,19.98686],[73.851814,19.98682],[73.851085,19.985751],[73.851793,19.984622],[73.852952,19.983109],[73.853488,19.982525],[73.853724,19.982041],[73.854132,19.979258],[73.854024,19.978653],[73.855762,19.978209],[73.857758,19.97831],[73.859046,19.978189],[73.85956,19.978068],[73.860075,19.977947],[73.860569,19.977866],[73.860869,19.977543],[73.860805,19.97708],[73.860483,19.976454],[73.860333,19.97587],[73.859067,19.975325],[73.856964,19.97466],[73.855977,19.974216],[73.854947,19.974357],[73.853874,19.97474],[73.853681,19.975829],[73.853381,19.977624],[73.852994,19.979056],[73.852694,19.98194],[73.84969,19.985953],[73.848639,19.985348],[73.848231,19.984904],[73.848338,19.984118],[73.848231,19.983392],[73.847437,19.982948],[73.846407,19.982565],[73.844841,19.982343],[73.844454,19.982101],[73.844197,19.981819],[73.844111,19.982867],[73.844755,19.984904],[73.845055,19.987324],[73.845205,19.987889],[73.845248,19.987989]]]}},{"type":"Feature","properties":{"Name":"MH15GV7423 (P)","routeId":545,"fill-opacity":0.03,"stroke-width":1,"stroke-opacity":0.5,"locationConfidence":"verified","locationSource":"NMC waste collection vehicle tracking export, 30 Aug 2026 (RTI)"},"geometry":{"type":"Polygon","coordinates":[[[73.82222,19.98846],[73.82161,19.98696],[73.82211,19.98675],[73.82208,19.98294],[73.8221,19.98294],[73.82291,19.98252],[73.82375,19.98208],[73.82394,19.98197],[73.82509,19.98135],[73.82605,19.98083],[73.82606,19.98082],[73.82696,19.98048],[73.82793,19.98007],[73.8282,19.97992],[73.82822,19.97988],[73.82829,19.97966],[73.8283,19.97961],[73.82821,19.97836],[73.82821,19.97834],[73.82813,19.97771],[73.82798,19.97669],[73.82781,19.97469],[73.82774,19.97394],[73.82754,19.97389],[73.82734,19.97385],[73.82695,19.97371],[73.82628,19.97349],[73.82596,19.97341],[73.82534,19.97331],[73.82294,19.97292],[73.82302,19.97247],[73.82303,19.97212],[73.82288,19.97167],[73.82284,19.97159],[73.82244,19.97102],[73.82229,19.97082],[73.82202,19.97052],[73.82151,19.97016],[73.82086,19.96991],[73.81993,19.96962],[73.81994,19.96945],[73.81928,19.96935],[73.81926,19.96934],[73.81921,19.96933],[73.81842,19.96904],[73.81665,19.97051],[73.81458,19.97222],[73.81371,19.97306],[73.81283,19.97391],[73.81243,19.97432],[73.81204,19.97473],[73.81192,19.97472],[73.80919,19.97418],[73.80792,19.97269],[73.8074,19.97127],[73.80673,19.96934],[73.80653,19.96905],[73.80616,19.96867],[73.80452,19.96731],[73.80428,19.96747],[73.80249,19.96743],[73.80246,19.96801],[73.80057,19.96816],[73.8006,19.9681],[73.80094,19.96739],[73.80129,19.96667],[73.80118,19.96576],[73.80114,19.96542],[73.79831,19.96594],[73.79822,19.96512],[73.79817,19.96463],[73.798,19.96295],[73.798,19.96294],[73.79798,19.96282],[73.79781,19.96117],[73.79774,19.96041],[73.79766,19.95964],[73.79725,19.95868],[73.79592,19.95783],[73.79291,19.95976],[73.79247,19.96005],[73.78631,19.96288],[73.78465,19.96366],[73.78464,19.96365],[73.78463,19.96365],[73.78403,19.96322],[73.78399,19.96319],[73.78413,19.96298],[73.78382,19.96253],[73.78352,19.96178],[73.78312,19.96082],[73.78307,19.96083],[73.78306,19.96083],[73.78257,19.95972],[73.78238,19.95929],[73.78211,19.95868],[73.78208,19.95861],[73.78199,19.95831],[73.7818,19.95768],[73.78167,19.95606],[73.78167,19.95605],[73.78193,19.95553],[73.78194,19.95553],[73.78312,19.95514],[73.78516,19.95445],[73.78633,19.95406],[73.78927,19.95305],[73.79182,19.95216],[73.79191,19.95213],[73.79443,19.95144],[73.79631,19.95092],[73.79772,19.95053],[73.79783,19.94714],[73.7979,19.94498],[73.79796,19.94307],[73.79683,19.94321],[73.79577,19.94312],[73.7937,19.94297],[73.79077,19.94275],[73.79074,19.94275],[73.79066,19.94274],[73.78936,19.94239],[73.78941,19.94176],[73.78953,19.94009],[73.78961,19.93884],[73.7897,19.93715],[73.78972,19.93635],[73.78974,19.93426],[73.78971,19.93272],[73.78969,19.93134],[73.78966,19.92996],[73.78978,19.92957],[73.78989,19.92913],[73.79009,19.92799],[73.79012,19.92796],[73.79013,19.92793],[73.79034,19.92773],[73.79038,19.92769],[73.79091,19.92737],[73.79101,19.92731],[73.79102,19.9273],[73.79181,19.92723],[73.79316,19.92709],[73.79326,19.92708],[73.79333,19.92708],[73.79403,19.92708],[73.79405,19.92708],[73.79397,19.92622],[73.7937,19.92346],[73.79479,19.92325],[73.7948,19.92325],[73.79865,19.9229],[73.7986,19.92179],[73.79854,19.9206],[73.79854,19.92056],[73.79918,19.91992],[73.79921,19.91995],[73.80034,19.92122],[73.80182,19.92288],[73.80331,19.92463],[73.80394,19.9252],[73.80514,19.92628],[73.80638,19.92728],[73.80822,19.92721],[73.80951,19.92771],[73.81204,19.92874],[73.81789,19.9283],[73.82125,19.92805],[73.82346,19.92789],[73.82477,19.92804],[73.8275,19.92836],[73.82918,19.92843],[73.83158,19.92853],[73.83383,19.92835],[73.83408,19.92826],[73.83596,19.92836],[73.83597,19.9283],[73.83633,19.92832],[73.83632,19.92839],[73.83779,19.92845],[73.838,19.92842],[73.83802,19.92849],[73.84046,19.92849],[73.84181,19.92851],[73.84235,19.92922],[73.84325,19.93041],[73.84329,19.93062],[73.84339,19.93143],[73.84402,19.93087],[73.84455,19.93063],[73.84496,19.93067],[73.84614,19.93056],[73.84675,19.93049],[73.84707,19.9305],[73.84734,19.93064],[73.84761,19.93079],[73.84792,19.93113],[73.84845,19.93211],[73.84898,19.93273],[73.84898,19.93275],[73.8497,19.9334],[73.85047,19.93367],[73.85088,19.9338],[73.85116,19.93377],[73.8515,19.93381],[73.85184,19.93377],[73.85239,19.93368],[73.85295,19.93328],[73.85371,19.93229],[73.85443,19.93144],[73.85507,19.93118],[73.85628,19.93085],[73.85682,19.93109],[73.85695,19.9313],[73.85794,19.93173],[73.85969,19.93237],[73.86097,19.93296],[73.86111,19.93301],[73.86136,19.93314],[73.86161,19.93324],[73.86193,19.93332],[73.86186,19.93344],[73.86263,19.93371],[73.86378,19.93387],[73.86458,19.93382],[73.86491,19.93401],[73.86512,19.93374],[73.86814,19.93385],[73.87012,19.93326],[73.8748,19.93187],[73.87682,19.9317],[73.87927,19.93272],[73.88074,19.93423],[73.88186,19.93538],[73.88183,19.93777],[73.88096,19.94042],[73.87997,19.94401],[73.88007,19.94572],[73.88041,19.94654],[73.88084,19.9475],[73.88147,19.9485],[73.88252,19.95009],[73.88248,19.95038],[73.88215,19.9507],[73.88141,19.95139],[73.88148,19.95163],[73.88143,19.95173],[73.88118,19.9518],[73.88052,19.95198],[73.88021,19.95221],[73.87972,19.9524],[73.87941,19.9526],[73.87882,19.95357],[73.87823,19.95455],[73.87774,19.95577],[73.87768,19.95592],[73.87752,19.95614],[73.87684,19.95754],[73.87648,19.95835],[73.87591,19.95934],[73.87533,19.96036],[73.87469,19.96178],[73.87418,19.96241],[73.87389,19.96278],[73.87318,19.96345],[73.87198,19.96458],[73.87175,19.96513],[73.87152,19.96561],[73.87144,19.96603],[73.87143,19.96629],[73.87142,19.96677],[73.87135,19.96685],[73.87123,19.96695],[73.87106,19.96709],[73.87103,19.96714],[73.87055,19.96758],[73.86996,19.96781],[73.86943,19.96801],[73.86894,19.96826],[73.86858,19.96856],[73.86788,19.97015],[73.86531,19.97086],[73.86546,19.97382],[73.86563,19.97771],[73.8655,19.97777],[73.86548,19.97777],[73.86539,19.97784],[73.86541,19.97922],[73.86544,19.98072],[73.86546,19.9824],[73.86556,19.98278],[73.86591,19.98412],[73.86581,19.98407],[73.86573,19.98412],[73.86547,19.98374],[73.86496,19.98333],[73.86421,19.98291],[73.86358,19.98285],[73.86303,19.98266],[73.86241,19.98256],[73.86172,19.98266],[73.8612,19.98293],[73.8609,19.98326],[73.86004,19.98425],[73.85909,19.98522],[73.8588,19.98553],[73.85829,19.98606],[73.85772,19.98648],[73.85634,19.98743],[73.85533,19.98803],[73.85496,19.9884],[73.85478,19.98864],[73.85466,19.98875],[73.85401,19.98915],[73.85353,19.98927],[73.85275,19.98927],[73.85197,19.98903],[73.85158,19.989],[73.85122,19.98892],[73.8507,19.9888],[73.85038,19.98882],[73.85035,19.9889],[73.84979,19.98881],[73.84905,19.98869],[73.84849,19.98865],[73.84778,19.98855],[73.84694,19.9886],[73.84638,19.98872],[73.84595,19.98897],[73.84575,19.98913],[73.84557,19.98918],[73.84546,19.98921],[73.84499,19.98927],[73.8445,19.98925],[73.84396,19.98886],[73.84378,19.98849],[73.84319,19.98731],[73.84308,19.98693],[73.84253,19.98599],[73.84222,19.98542],[73.84191,19.98503],[73.841,19.98447],[73.84008,19.98408],[73.83887,19.9838],[73.83817,19.98373],[73.83788,19.98381],[73.83653,19.98406],[73.83565,19.98426],[73.83445,19.98478],[73.83192,19.98614],[73.83001,19.98709],[73.82912,19.98748],[73.828,19.98787],[73.82686,19.98824],[73.82618,19.98854],[73.82451,19.98894],[73.82294,19.98931],[73.82271,19.98923],[73.82255,19.98927],[73.82236,19.98871],[73.82222,19.98846]]]}},{"type":"Feature","properties":{"Name":"MH15GV8171 (P)","routeId":1008,"fill-opacity":0.03,"stroke-width":1,"stroke-opacity":0.5,"locationConfidence":"verified","locationSource":"NMC waste collection vehicle tracking export, 30 Aug 2026 (RTI)"},"geometry":{"type":"Polygon","coordinates":[[[73.826732,19.946545],[73.826356,19.947645],[73.826174,19.949278],[73.825637,19.951174],[73.82469,19.95502],[73.824357,19.957171],[73.824239,19.957907],[73.823402,19.9594],[73.822611,19.960937],[73.821839,19.962429],[73.821024,19.964062],[73.820198,19.965615],[73.819779,19.966351],[73.820659,19.966886],[73.819822,19.967627],[73.819865,19.96801],[73.819028,19.968928],[73.81861,19.968595],[73.819264,19.966407],[73.81935,19.965701],[73.820123,19.964279],[73.820305,19.963503],[73.819522,19.963412],[73.819854,19.960921],[73.820638,19.959802],[73.821035,19.959368],[73.821271,19.957926],[73.821346,19.956877],[73.8195,19.956665],[73.819762,19.954509],[73.820352,19.954439],[73.820545,19.955044],[73.821082,19.955044],[73.821039,19.955699],[73.822659,19.955659],[73.82282,19.954822],[73.822283,19.95463],[73.822584,19.95338],[73.824719,19.9534],[73.825395,19.95053],[73.825816,19.949078],[73.826138,19.946991],[73.826353,19.946426],[73.826732,19.946545]]]}},{"type":"Feature","properties":{"Name":"MH15GV8172 (P)","routeId":1009,"fill-opacity":0.03,"stroke-width":1,"stroke-opacity":0.5,"locationConfidence":"verified","locationSource":"NMC waste collection vehicle tracking export, 30 Aug 2026 (RTI)"},"geometry":{"type":"Polygon","coordinates":[[[73.842988,19.938478],[73.842623,19.93636],[73.843557,19.936179],[73.843986,19.937974],[73.845595,19.93749],[73.845434,19.935694],[73.844866,19.935694],[73.844984,19.935039],[73.849286,19.934514],[73.848932,19.937016],[73.848825,19.937328],[73.848932,19.938347],[73.851723,19.938004],[73.851723,19.940556],[73.851647,19.940858],[73.848997,19.940929],[73.8492,19.942968],[73.850702,19.94319],[73.851078,19.943512],[73.84968,19.944947],[73.848125,19.94644],[73.847348,19.947008],[73.84657,19.947583],[73.845459,19.948435],[73.844328,19.949358],[73.843501,19.949958],[73.843152,19.949424],[73.844472,19.948552],[73.845615,19.947715],[73.846172,19.947261],[73.845722,19.947155],[73.845893,19.946656],[73.846832,19.946746],[73.847773,19.945996],[73.848524,19.945249],[73.848691,19.943242],[73.848553,19.941296],[73.848489,19.940373],[73.846038,19.940343],[73.846075,19.940736],[73.844739,19.940812],[73.844455,19.940766],[73.844257,19.939672],[73.84399,19.938662],[73.842938,19.939141],[73.842697,19.938763],[73.842622,19.938617],[73.842988,19.938478]]]}},{"type":"Feature","properties":{"Name":"MH15HG8763 (G)","routeId":647,"fill-opacity":0.03,"stroke-width":1,"stroke-opacity":0.5,"locationConfidence":"verified","locationSource":"NMC waste collection vehicle tracking export, 30 Aug 2026 (RTI)"},"geometry":{"type":"Polygon","coordinates":[[[73.865485,19.977768],[73.864313,19.977309],[73.863581,19.977036],[73.862887,19.976748],[73.861192,19.97609],[73.859054,19.975286],[73.858472,19.975068],[73.857017,19.974513],[73.856375,19.974268],[73.855374,19.973871],[73.854373,19.973474],[73.853775,19.973186],[73.853018,19.972822],[73.852856,19.972726],[73.851837,19.972119],[73.851677,19.972024],[73.851065,19.971585],[73.850691,19.971317],[73.850621,19.971246],[73.850003,19.970629],[73.849247,19.969895],[73.848948,19.969608],[73.848484,19.969013],[73.848366,19.968862],[73.848096,19.96851],[73.847929,19.968285],[73.847558,19.967759],[73.847453,19.96759],[73.847098,19.96701],[73.847045,19.966908],[73.846449,19.966892],[73.846338,19.969072],[73.846273,19.970528],[73.84672,19.970552],[73.846715,19.970841],[73.844102,19.97076],[73.842954,19.970727],[73.842164,19.970666],[73.84201,19.970657],[73.842,19.970653],[73.841953,19.970649],[73.841674,19.970527],[73.840094,19.970209],[73.840505,19.971937],[73.840732,19.972842],[73.840947,19.973877],[73.841292,19.975352],[73.841783,19.976912],[73.842055,19.977678],[73.842541,19.979017],[73.843444,19.980339],[73.843886,19.980951],[73.844253,19.981902],[73.844341,19.982129],[73.844642,19.983129],[73.844811,19.984511],[73.845044,19.985834],[73.845078,19.986026],[73.845312,19.987347],[73.845386,19.98784],[73.845499,19.988581],[73.845538,19.988935],[73.845561,19.989096],[73.845566,19.989179],[73.845566,19.989181],[73.845569,19.989179],[73.845753,19.989133],[73.845951,19.988965],[73.846382,19.988723],[73.846936,19.988595],[73.847785,19.988546],[73.848486,19.98865],[73.849054,19.988689],[73.849789,19.98881],[73.850354,19.988896],[73.850382,19.988816],[73.850698,19.988804],[73.851217,19.988918],[73.851585,19.988999],[73.851965,19.989029],[73.852752,19.989269],[73.853533,19.989269],[73.854008,19.989146],[73.854664,19.988752],[73.854777,19.988644],[73.854961,19.988404],[73.855329,19.988028],[73.856339,19.987426],[73.857722,19.986485],[73.858293,19.986056],[73.8588,19.985534],[73.859091,19.985222],[73.86004,19.984246],[73.860901,19.983261],[73.8612,19.982933],[73.861715,19.982664],[73.862408,19.982558],[73.863032,19.982662],[73.863576,19.982847],[73.86421,19.982912],[73.864959,19.983333],[73.865475,19.983744],[73.86573,19.984124],[73.865807,19.984072],[73.865914,19.984122],[73.86556,19.982776],[73.865462,19.982402],[73.865436,19.980722],[73.865414,19.97922],[73.865393,19.977842],[73.865485,19.977768]]]}},{"type":"Feature","properties":{"Name":"MH15HH7461 (S) (H)","routeId":648,"fill-opacity":0.03,"stroke-width":1,"stroke-opacity":0.5,"locationConfidence":"verified","locationSource":"NMC waste collection vehicle tracking export, 30 Aug 2026 (RTI)"},"geometry":{"type":"Polygon","coordinates":[[[73.850668,19.932223],[73.863886,19.933272],[73.875387,19.95433],[73.856901,19.965883],[73.845045,19.961182],[73.841955,19.951178],[73.853157,19.941298],[73.850668,19.932223]]]}},{"type":"Feature","properties":{"Name":"MH15HH7463 (S)","routeId":523,"fill-opacity":0.03,"stroke-width":1,"stroke-opacity":0.5,"locationConfidence":"verified","locationSource":"NMC waste collection vehicle tracking export, 30 Aug 2026 (RTI)"},"geometry":{"type":"Polygon","coordinates":[[[73.84194,19.976793],[73.843196,19.979596],[73.84448,19.981646],[73.844944,19.983118],[73.840867,19.983018],[73.839623,19.97961],[73.838936,19.977149],[73.84194,19.976793]]]}},{"type":"Feature","properties":{"Name":"MH15HH7465 (S)","routeId":518,"fill-opacity":0.03,"stroke-width":1,"stroke-opacity":0.5,"locationConfidence":"verified","locationSource":"NMC waste collection vehicle tracking export, 30 Aug 2026 (RTI)"},"geometry":{"type":"Polygon","coordinates":[[[73.839189,19.969057],[73.850132,19.970449],[73.866247,19.977447],[73.866032,19.981117],[73.851699,19.98148],[73.849939,19.988981],[73.846678,19.989385],[73.842429,19.982972],[73.839339,19.977366],[73.839189,19.969057]]]}},{"type":"Feature","properties":{"Name":"MH15HH7467 (S) (H)","routeId":531,"fill-opacity":0.03,"stroke-width":1,"stroke-opacity":0.5,"locationConfidence":"verified","locationSource":"NMC waste collection vehicle tracking export, 30 Aug 2026 (RTI)"},"geometry":{"type":"Polygon","coordinates":[[[73.842585,19.978674],[73.84619,19.979178],[73.850417,19.977988],[73.850342,19.978694],[73.848711,19.97944],[73.848164,19.982808],[73.844216,19.982888],[73.843604,19.981245],[73.842274,19.979238],[73.842585,19.978674]]]}},{"type":"Feature","properties":{"Name":"MH15HH7468 (S)","routeId":517,"fill-opacity":0.03,"stroke-width":1,"stroke-opacity":0.5,"locationConfidence":"verified","locationSource":"NMC waste collection vehicle tracking export, 30 Aug 2026 (RTI)"},"geometry":{"type":"Polygon","coordinates":[[[73.818421,19.969044],[73.818782,19.968747],[73.818559,19.968307],[73.819424,19.965111],[73.819544,19.964084],[73.819587,19.963718],[73.819632,19.963339],[73.819743,19.962348],[73.819764,19.961988],[73.819768,19.961913],[73.819781,19.961698],[73.819796,19.961448],[73.819808,19.961237],[73.819815,19.96114],[73.819831,19.960849],[73.819834,19.960799],[73.819508,19.960776],[73.819627,19.959227],[73.820569,19.959262],[73.820681,19.957955],[73.819427,19.957813],[73.819574,19.956086],[73.819733,19.954832],[73.81984,19.953993],[73.819873,19.9537],[73.819948,19.953142],[73.819959,19.951502],[73.819966,19.951172],[73.819977,19.950631],[73.819997,19.949649],[73.821306,19.949175],[73.821337,19.94798],[73.821504,19.946047],[73.823224,19.946126],[73.823947,19.9462],[73.824247,19.946217],[73.824755,19.946283],[73.825358,19.946361],[73.826247,19.946498],[73.826951,19.946606],[73.828598,19.946713],[73.82916,19.94692],[73.829289,19.946755],[73.829531,19.946319],[73.829851,19.944966],[73.830271,19.944638],[73.830354,19.944551],[73.830707,19.944298],[73.83106,19.944045],[73.831134,19.944035],[73.831291,19.944015],[73.831521,19.944035],[73.831637,19.944035],[73.831992,19.944094],[73.832107,19.944108],[73.832862,19.944234],[73.833309,19.944307],[73.833709,19.944367],[73.834583,19.944381],[73.835546,19.944181],[73.835841,19.942254],[73.835799,19.942148],[73.835313,19.94094],[73.835312,19.940915],[73.835305,19.940897],[73.835297,19.940323],[73.835199,19.940183],[73.834992,19.939931],[73.835012,19.939916],[73.834796,19.939609],[73.835239,19.939214],[73.83546,19.938981],[73.836057,19.938541],[73.836245,19.938452],[73.836463,19.93835],[73.836644,19.93836],[73.836987,19.938567],[73.837415,19.938602],[73.837974,19.93857],[73.838538,19.938401],[73.838645,19.938184],[73.838659,19.937726],[73.838609,19.937326],[73.838717,19.936744],[73.838807,19.936374],[73.839038,19.935925],[73.839299,19.935775],[73.839452,19.935763],[73.839518,19.93598],[73.839526,19.935975],[73.839796,19.936903],[73.84021,19.938325],[73.840515,19.939374],[73.840664,19.940085],[73.841245,19.939866],[73.842087,19.939318],[73.842366,19.939148],[73.84284,19.938844],[73.843459,19.938567],[73.843774,19.938462],[73.844701,19.938151],[73.845535,19.937852],[73.846306,19.937614],[73.84641,19.93758],[73.848483,19.937022],[73.848494,19.937019],[73.84874,19.936241],[73.848773,19.936044],[73.848895,19.935239],[73.84907,19.934093],[73.849056,19.933854],[73.849018,19.933411],[73.848991,19.933083],[73.848955,19.932729],[73.848977,19.932749],[73.848977,19.932734],[73.848455,19.932112],[73.847917,19.931132],[73.847611,19.930787],[73.847338,19.930635],[73.847071,19.930503],[73.846755,19.930488],[73.846136,19.930556],[73.844959,19.930674],[73.844552,19.930625],[73.844023,19.930868],[73.843389,19.931431],[73.843293,19.930619],[73.843255,19.930413],[73.842354,19.929223],[73.841812,19.928505],[73.840456,19.928486],[73.838018,19.928495],[73.838003,19.928419],[73.837785,19.928453],[73.836323,19.928388],[73.836325,19.928316],[73.83597,19.928297],[73.835962,19.928364],[73.83408,19.928264],[73.833831,19.928347],[73.831577,19.928532],[73.829182,19.928429],[73.827498,19.928357],[73.82477,19.928044],[73.823455,19.927889],[73.821248,19.928053],[73.817888,19.928304],[73.812044,19.92874],[73.809513,19.927706],[73.80822,19.927206],[73.806381,19.927283],[73.805135,19.926282],[73.803942,19.925202],[73.80331,19.924629],[73.801821,19.922879],[73.800341,19.921219],[73.799213,19.919953],[73.799178,19.91992],[73.798541,19.920596],[73.798598,19.921789],[73.798651,19.922895],[73.798652,19.922916],[73.797525,19.923014],[73.795364,19.923202],[73.794797,19.923251],[73.794789,19.923252],[73.793704,19.923458],[73.793967,19.926225],[73.794048,19.927078],[73.794035,19.927078],[73.79326,19.927085],[73.791809,19.927225],[73.791014,19.927308],[73.790909,19.92737],[73.790338,19.927727],[73.790124,19.927958],[73.789887,19.92913],[73.789779,19.929568],[73.78976,19.929643],[73.789661,19.929957],[73.789686,19.931336],[73.789737,19.934262],[73.789737,19.934263],[73.789752,19.935067],[73.789721,19.936352],[73.789701,19.937154],[73.789699,19.937252],[73.789609,19.938838],[73.789566,19.939599],[73.78953,19.940086],[73.789403,19.94182],[73.789361,19.942387],[73.790742,19.942745],[73.792788,19.942897],[73.793698,19.942966],[73.793938,19.942984],[73.795767,19.943124],[73.795953,19.943138],[73.796833,19.943206],[73.79796,19.943052],[73.797926,19.944206],[73.79782,19.947438],[73.797718,19.950526],[73.796312,19.950915],[73.794429,19.951437],[73.791823,19.952164],[73.78927,19.953046],[73.786387,19.954042],[73.786326,19.954063],[73.78516,19.954453],[73.783115,19.955138],[73.781941,19.955532],[73.781666,19.956051],[73.781667,19.956057],[73.781801,19.95763],[73.781992,19.958309],[73.782108,19.958681],[73.78238,19.959288],[73.783069,19.960826],[73.783118,19.960819],[73.78327,19.961189],[73.783516,19.961784],[73.783822,19.962528],[73.784134,19.962984],[73.783988,19.963189],[73.784031,19.963219],[73.784635,19.963652],[73.786307,19.962883],[73.787844,19.96216],[73.790073,19.961135],[73.792466,19.960046],[73.792912,19.959756],[73.793289,19.95951],[73.795155,19.958322],[73.795923,19.957833],[73.797246,19.958676],[73.797657,19.959644],[73.797736,19.960406],[73.797997,19.962943],[73.798173,19.964631],[73.798224,19.96512],[73.798309,19.965938],[73.798972,19.965815],[73.799631,19.965694],[73.801135,19.965418],[73.801136,19.965418],[73.801288,19.966673],[73.800944,19.967389],[73.800588,19.968131],[73.800575,19.968158],[73.802458,19.968004],[73.802486,19.96743],[73.804278,19.96747],[73.804492,19.967291],[73.804515,19.967309],[73.806013,19.968541],[73.806157,19.968674],[73.806469,19.968962],[73.806528,19.969048],[73.806529,19.969048],[73.806726,19.969336],[73.807915,19.972693],[73.809193,19.974179],[73.812036,19.974729],[73.812434,19.974318],[73.812832,19.973906],[73.813705,19.973062],[73.814579,19.972217],[73.816651,19.970506],[73.818421,19.969044]]]}},{"type":"Feature","properties":{"Name":"MH15HH7470 (S)","routeId":735,"fill-opacity":0.03,"stroke-width":1,"stroke-opacity":0.5,"locationConfidence":"verified","locationSource":"NMC waste collection vehicle tracking export, 30 Aug 2026 (RTI)"},"geometry":{"type":"Polygon","coordinates":[[[73.848833,19.94418],[73.861536,19.932804],[73.875612,19.938371],[73.882565,19.949344],[73.877243,19.959348],[73.85673,19.966689],[73.852696,19.955314],[73.848833,19.94418]]]}},{"type":"Feature","properties":{"Name":"MH15HH8486 (S)","routeId":532,"fill-opacity":0.03,"stroke-width":1,"stroke-opacity":0.5,"locationConfidence":"verified","locationSource":"NMC waste collection vehicle tracking export, 30 Aug 2026 (RTI)"},"geometry":{"type":"Polygon","coordinates":[[[73.851572,19.95674],[73.852624,19.9544],[73.856572,19.954884],[73.856379,19.958091],[73.854791,19.95918],[73.857967,19.964222],[73.855907,19.970797],[73.851229,19.972088],[73.847667,19.969022],[73.845393,19.964061],[73.849298,19.96277],[73.850671,19.96039],[73.851572,19.95674]]]}},{"type":"Feature","properties":{"Name":"MH15HH8488 (S)","routeId":533,"fill-opacity":0.03,"stroke-width":1,"stroke-opacity":0.5,"locationConfidence":"verified","locationSource":"NMC waste collection vehicle tracking export, 30 Aug 2026 (RTI)"},"geometry":{"type":"Polygon","coordinates":[[[73.844764,19.982495],[73.845247,19.985732],[73.845709,19.988535],[73.843745,19.988736],[73.843069,19.985994],[73.84123,19.983784],[73.831596,19.983562],[73.83151,19.985841],[73.828677,19.986446],[73.827454,19.978964],[73.833634,19.975859],[73.837539,19.982191],[73.844764,19.982495]]]}},{"type":"Feature","properties":{"Name":"MH15HY3943 (G)","routeId":649,"fill-opacity":0.03,"stroke-width":1,"stroke-opacity":0.5,"locationConfidence":"verified","locationSource":"NMC waste collection vehicle tracking export, 30 Aug 2026 (RTI)"},"geometry":{"type":"Polygon","coordinates":[[[73.818421,19.969044],[73.818782,19.968747],[73.818559,19.968307],[73.819424,19.965111],[73.819544,19.964084],[73.819587,19.963718],[73.819632,19.963339],[73.819743,19.962348],[73.819764,19.961988],[73.819768,19.961913],[73.819781,19.961698],[73.819796,19.961448],[73.819808,19.961237],[73.819815,19.96114],[73.819831,19.960849],[73.819834,19.960799],[73.819508,19.960776],[73.819627,19.959227],[73.820569,19.959262],[73.820681,19.957955],[73.819427,19.957813],[73.819574,19.956086],[73.819733,19.954832],[73.81984,19.953993],[73.819873,19.9537],[73.819948,19.953142],[73.819959,19.951502],[73.819966,19.951172],[73.819977,19.950631],[73.819997,19.949649],[73.821306,19.949175],[73.821337,19.94798],[73.821504,19.946047],[73.823224,19.946126],[73.823947,19.9462],[73.824247,19.946217],[73.824755,19.946283],[73.825358,19.946361],[73.826247,19.946498],[73.826951,19.946606],[73.828598,19.946713],[73.82916,19.94692],[73.829289,19.946755],[73.829531,19.946319],[73.829851,19.944966],[73.830271,19.944638],[73.830354,19.944551],[73.830707,19.944298],[73.83106,19.944045],[73.831134,19.944035],[73.831291,19.944015],[73.831521,19.944035],[73.831637,19.944035],[73.831992,19.944094],[73.832107,19.944108],[73.832862,19.944234],[73.833309,19.944307],[73.833709,19.944367],[73.834583,19.944381],[73.835546,19.944181],[73.835841,19.942254],[73.835799,19.942148],[73.835313,19.94094],[73.835312,19.940915],[73.835305,19.940897],[73.835297,19.940323],[73.835199,19.940183],[73.834992,19.939931],[73.835012,19.939916],[73.834796,19.939609],[73.835239,19.939214],[73.83546,19.938981],[73.836057,19.938541],[73.836245,19.938452],[73.836463,19.93835],[73.836644,19.93836],[73.836987,19.938567],[73.837415,19.938602],[73.837974,19.93857],[73.838538,19.938401],[73.838645,19.938184],[73.838659,19.937726],[73.838609,19.937326],[73.838717,19.936744],[73.838807,19.936374],[73.839038,19.935925],[73.839299,19.935775],[73.839452,19.935763],[73.839518,19.93598],[73.839526,19.935975],[73.839796,19.936903],[73.84021,19.938325],[73.840515,19.939374],[73.840664,19.940085],[73.841245,19.939866],[73.842087,19.939318],[73.842366,19.939148],[73.84284,19.938844],[73.843459,19.938567],[73.843774,19.938462],[73.844701,19.938151],[73.845535,19.937852],[73.846306,19.937614],[73.84641,19.93758],[73.848483,19.937022],[73.848494,19.937019],[73.84874,19.936241],[73.848773,19.936044],[73.848895,19.935239],[73.84907,19.934093],[73.849056,19.933854],[73.849018,19.933411],[73.848991,19.933083],[73.848955,19.932729],[73.848977,19.932749],[73.848977,19.932734],[73.848455,19.932112],[73.847917,19.931132],[73.847611,19.930787],[73.847338,19.930635],[73.847071,19.930503],[73.846755,19.930488],[73.846136,19.930556],[73.844959,19.930674],[73.844552,19.930625],[73.844023,19.930868],[73.843389,19.931431],[73.843293,19.930619],[73.843255,19.930413],[73.842354,19.929223],[73.841812,19.928505],[73.840456,19.928486],[73.838018,19.928495],[73.838003,19.928419],[73.837785,19.928453],[73.836323,19.928388],[73.836325,19.928316],[73.83597,19.928297],[73.835962,19.928364],[73.83408,19.928264],[73.833831,19.928347],[73.831577,19.928532],[73.829182,19.928429],[73.827498,19.928357],[73.82477,19.928044],[73.823455,19.927889],[73.821248,19.928053],[73.817888,19.928304],[73.812044,19.92874],[73.809513,19.927706],[73.80822,19.927206],[73.806381,19.927283],[73.805135,19.926282],[73.803942,19.925202],[73.80331,19.924629],[73.801821,19.922879],[73.800341,19.921219],[73.799213,19.919953],[73.799178,19.91992],[73.798541,19.920596],[73.798598,19.921789],[73.798651,19.922895],[73.798652,19.922916],[73.797525,19.923014],[73.795364,19.923202],[73.794797,19.923251],[73.794789,19.923252],[73.793704,19.923458],[73.793967,19.926225],[73.794048,19.927078],[73.794035,19.927078],[73.79326,19.927085],[73.791809,19.927225],[73.791014,19.927308],[73.790909,19.92737],[73.790338,19.927727],[73.790124,19.927958],[73.789887,19.92913],[73.789779,19.929568],[73.78976,19.929643],[73.789661,19.929957],[73.789686,19.931336],[73.789737,19.934262],[73.789737,19.934263],[73.789752,19.935067],[73.789721,19.936352],[73.789701,19.937154],[73.789699,19.937252],[73.789609,19.938838],[73.789566,19.939599],[73.78953,19.940086],[73.789403,19.94182],[73.789361,19.942387],[73.790742,19.942745],[73.792788,19.942897],[73.793698,19.942966],[73.793938,19.942984],[73.795767,19.943124],[73.795953,19.943138],[73.796833,19.943206],[73.79796,19.943052],[73.797926,19.944206],[73.79782,19.947438],[73.797718,19.950526],[73.796312,19.950915],[73.794429,19.951437],[73.791823,19.952164],[73.78927,19.953046],[73.786387,19.954042],[73.786326,19.954063],[73.78516,19.954453],[73.783115,19.955138],[73.781941,19.955532],[73.781666,19.956051],[73.781667,19.956057],[73.781801,19.95763],[73.781992,19.958309],[73.782108,19.958681],[73.78238,19.959288],[73.783069,19.960826],[73.783118,19.960819],[73.78327,19.961189],[73.783516,19.961784],[73.783822,19.962528],[73.784134,19.962984],[73.783988,19.963189],[73.784031,19.963219],[73.784635,19.963652],[73.786307,19.962883],[73.787844,19.96216],[73.790073,19.961135],[73.792466,19.960046],[73.792912,19.959756],[73.793289,19.95951],[73.795155,19.958322],[73.795923,19.957833],[73.797246,19.958676],[73.797657,19.959644],[73.797736,19.960406],[73.797997,19.962943],[73.798173,19.964631],[73.798224,19.96512],[73.798309,19.965938],[73.798972,19.965815],[73.799631,19.965694],[73.801135,19.965418],[73.801136,19.965418],[73.801288,19.966673],[73.800944,19.967389],[73.800588,19.968131],[73.800575,19.968158],[73.802458,19.968004],[73.802486,19.96743],[73.804278,19.96747],[73.804492,19.967291],[73.804515,19.967309],[73.806013,19.968541],[73.806157,19.968674],[73.806469,19.968962],[73.806528,19.969048],[73.806529,19.969048],[73.806726,19.969336],[73.807915,19.972693],[73.809193,19.974179],[73.812036,19.974729],[73.812434,19.974318],[73.812832,19.973906],[73.813705,19.973062],[73.814579,19.972217],[73.816651,19.970506],[73.818421,19.969044]]]}},{"type":"Feature","properties":{"Name":"MH15HY5429 (G)","routeId":527,"fill-opacity":0.03,"stroke-width":1,"stroke-opacity":0.5,"locationConfidence":"verified","locationSource":"NMC waste collection vehicle tracking export, 30 Aug 2026 (RTI)"},"geometry":{"type":"Polygon","coordinates":[[[73.845566,19.989179],[73.845538,19.988935],[73.845386,19.98784],[73.845078,19.986026],[73.845044,19.985834],[73.844811,19.984511],[73.844759,19.984219],[73.844642,19.983129],[73.844253,19.981902],[73.843886,19.980951],[73.843444,19.980339],[73.843002,19.979727],[73.842541,19.979017],[73.842133,19.977899],[73.842055,19.977678],[73.841783,19.976912],[73.841615,19.976441],[73.841292,19.975352],[73.841161,19.974912],[73.840947,19.973877],[73.840505,19.971937],[73.84034,19.971282],[73.840094,19.970209],[73.839853,19.968267],[73.839808,19.967951],[73.839667,19.967945],[73.839339,19.967947],[73.839234,19.967103],[73.837243,19.967034],[73.835581,19.966965],[73.835569,19.967861],[73.835487,19.969478],[73.834553,19.969492],[73.833829,19.969492],[73.83328,19.969492],[73.833036,19.969492],[73.831919,19.969439],[73.831088,19.969404],[73.830958,19.969399],[73.828873,19.969367],[73.828843,19.969367],[73.826439,19.969511],[73.826194,19.96953],[73.82573,19.96955],[73.824941,19.969594],[73.824886,19.969598],[73.82453,19.969556],[73.822279,19.96933],[73.822097,19.969316],[73.82083,19.969214],[73.8208,19.969493],[73.820796,19.969529],[73.820788,19.969528],[73.819941,19.969455],[73.819933,19.969616],[73.820861,19.969914],[73.82109,19.969988],[73.821437,19.970118],[73.821505,19.970164],[73.821539,19.970177],[73.822023,19.970516],[73.822053,19.970537],[73.822279,19.970802],[73.822292,19.970819],[73.822346,19.97088],[73.822444,19.97102],[73.822746,19.971422],[73.822842,19.971595],[73.822873,19.97164],[73.822882,19.971666],[73.822929,19.971751],[73.823027,19.97212],[73.823027,19.972412],[73.822943,19.972921],[73.824348,19.973144],[73.825344,19.973312],[73.82612,19.973431],[73.82754,19.973894],[73.827705,19.973927],[73.827766,19.973938],[73.827939,19.976203],[73.828132,19.977711],[73.82819,19.978102],[73.828209,19.978344],[73.828209,19.978347],[73.82821,19.978361],[73.828305,19.979568],[73.828297,19.97961],[73.828298,19.979625],[73.828288,19.979659],[73.828257,19.979822],[73.828221,19.979879],[73.828211,19.979912],[73.828195,19.97992],[73.828175,19.979952],[73.827926,19.980065],[73.827319,19.98034],[73.82696,19.980478],[73.82605,19.980828],[73.825093,19.98135],[73.82417,19.981854],[73.823753,19.982075],[73.823481,19.98223],[73.82291,19.982522],[73.8229,19.982527],[73.822096,19.982939],[73.822095,19.984303],[73.822111,19.986746],[73.821609,19.986956],[73.822225,19.988459],[73.822357,19.988715],[73.822555,19.98927],[73.822708,19.989229],[73.822938,19.989314],[73.824514,19.988939],[73.826178,19.988544],[73.826863,19.988244],[73.828005,19.987873],[73.82912,19.98748],[73.830008,19.98709],[73.831916,19.986145],[73.834451,19.984782],[73.835654,19.984265],[73.836528,19.984058],[73.837883,19.983809],[73.838173,19.983729],[73.838871,19.983798],[73.840082,19.984082],[73.841,19.984465],[73.841914,19.985027],[73.842217,19.985424],[73.842532,19.98599],[73.843079,19.986931],[73.843193,19.987311],[73.843782,19.988487],[73.843959,19.988856],[73.844502,19.989254],[73.844994,19.989271],[73.845461,19.989208],[73.845566,19.989179]]]}},{"type":"Feature","properties":{"Name":"MH15JA6668 (S) (P)","routeId":513,"fill-opacity":0.03,"stroke-width":1,"stroke-opacity":0.5,"locationConfidence":"verified","locationSource":"NMC waste collection vehicle tracking export, 30 Aug 2026 (RTI)"},"geometry":{"type":"Polygon","coordinates":[[[73.815711,19.925347],[73.811799,19.924544],[73.805725,19.925519],[73.796435,19.925576],[73.789095,19.926901],[73.7886,19.933711],[73.787895,19.943328],[73.79383,19.944085],[73.800341,19.94389],[73.801963,19.94677],[73.808094,19.946692],[73.809574,19.943176],[73.812112,19.941818],[73.81215,19.936738],[73.816087,19.934314],[73.816371,19.930073],[73.815711,19.925347]]]}},{"type":"Feature","properties":{"Name":"MH15JD8681 (G)","routeId":711,"fill-opacity":0.03,"stroke-width":1,"stroke-opacity":0.5,"locationConfidence":"verified","locationSource":"NMC waste collection vehicle tracking export, 30 Aug 2026 (RTI)"},"geometry":{"type":"Polygon","coordinates":[[[73.82222,19.98846],[73.82161,19.98696],[73.82211,19.98675],[73.82208,19.98294],[73.8221,19.98294],[73.82291,19.98252],[73.82375,19.98208],[73.82394,19.98197],[73.82509,19.98135],[73.82605,19.98083],[73.82606,19.98082],[73.82696,19.98048],[73.82793,19.98007],[73.8282,19.97992],[73.82822,19.97988],[73.82829,19.97966],[73.8283,19.97961],[73.82821,19.97836],[73.82821,19.97834],[73.82813,19.97771],[73.82798,19.97669],[73.82781,19.97469],[73.82774,19.97394],[73.82754,19.97389],[73.82734,19.97385],[73.82695,19.97371],[73.82628,19.97349],[73.82596,19.97341],[73.82534,19.97331],[73.82294,19.97292],[73.82302,19.97247],[73.82303,19.97212],[73.82288,19.97167],[73.82284,19.97159],[73.82244,19.97102],[73.82229,19.97082],[73.82202,19.97052],[73.82151,19.97016],[73.82086,19.96991],[73.81993,19.96962],[73.81994,19.96945],[73.81928,19.96935],[73.81926,19.96934],[73.81921,19.96933],[73.81842,19.96904],[73.81665,19.97051],[73.81458,19.97222],[73.81371,19.97306],[73.81283,19.97391],[73.81243,19.97432],[73.81204,19.97473],[73.81192,19.97472],[73.80919,19.97418],[73.80792,19.97269],[73.8074,19.97127],[73.80673,19.96934],[73.80653,19.96905],[73.80616,19.96867],[73.80452,19.96731],[73.80428,19.96747],[73.80249,19.96743],[73.80246,19.96801],[73.80057,19.96816],[73.8006,19.9681],[73.80094,19.96739],[73.80129,19.96667],[73.80118,19.96576],[73.80114,19.96542],[73.79831,19.96594],[73.79822,19.96512],[73.79817,19.96463],[73.798,19.96295],[73.798,19.96294],[73.79798,19.96282],[73.79781,19.96117],[73.79774,19.96041],[73.79766,19.95964],[73.79725,19.95868],[73.79592,19.95783],[73.79291,19.95976],[73.79247,19.96005],[73.78631,19.96288],[73.78465,19.96366],[73.78464,19.96365],[73.78463,19.96365],[73.78403,19.96322],[73.78399,19.96319],[73.78413,19.96298],[73.78382,19.96253],[73.78352,19.96178],[73.78312,19.96082],[73.78307,19.96083],[73.78306,19.96083],[73.78257,19.95972],[73.78238,19.95929],[73.78211,19.95868],[73.78208,19.95861],[73.78199,19.95831],[73.7818,19.95768],[73.78167,19.95606],[73.78167,19.95605],[73.78193,19.95553],[73.78194,19.95553],[73.78312,19.95514],[73.78516,19.95445],[73.78633,19.95406],[73.78927,19.95305],[73.79182,19.95216],[73.79191,19.95213],[73.79443,19.95144],[73.79631,19.95092],[73.79772,19.95053],[73.79783,19.94714],[73.7979,19.94498],[73.79796,19.94307],[73.79683,19.94321],[73.79577,19.94312],[73.7937,19.94297],[73.79077,19.94275],[73.79074,19.94275],[73.79066,19.94274],[73.78936,19.94239],[73.78941,19.94176],[73.78953,19.94009],[73.78961,19.93884],[73.7897,19.93715],[73.78972,19.93635],[73.78974,19.93426],[73.78971,19.93272],[73.78969,19.93134],[73.78966,19.92996],[73.78978,19.92957],[73.78989,19.92913],[73.79009,19.92799],[73.79012,19.92796],[73.79013,19.92793],[73.79034,19.92773],[73.79038,19.92769],[73.79091,19.92737],[73.79101,19.92731],[73.79102,19.9273],[73.79181,19.92723],[73.79316,19.92709],[73.79326,19.92708],[73.79333,19.92708],[73.79403,19.92708],[73.79405,19.92708],[73.79397,19.92622],[73.7937,19.92346],[73.79479,19.92325],[73.7948,19.92325],[73.79865,19.9229],[73.7986,19.92179],[73.79854,19.9206],[73.79854,19.92056],[73.79918,19.91992],[73.79921,19.91995],[73.80034,19.92122],[73.80182,19.92288],[73.80331,19.92463],[73.80394,19.9252],[73.80514,19.92628],[73.80638,19.92728],[73.80822,19.92721],[73.80951,19.92771],[73.81204,19.92874],[73.81789,19.9283],[73.82125,19.92805],[73.82346,19.92789],[73.82477,19.92804],[73.8275,19.92836],[73.82918,19.92843],[73.83158,19.92853],[73.83383,19.92835],[73.83408,19.92826],[73.83596,19.92836],[73.83597,19.9283],[73.83633,19.92832],[73.83632,19.92839],[73.83779,19.92845],[73.838,19.92842],[73.83802,19.92849],[73.84046,19.92849],[73.84181,19.92851],[73.84235,19.92922],[73.84325,19.93041],[73.84329,19.93062],[73.84339,19.93143],[73.84402,19.93087],[73.84455,19.93063],[73.84496,19.93067],[73.84614,19.93056],[73.84675,19.93049],[73.84707,19.9305],[73.84734,19.93064],[73.84761,19.93079],[73.84792,19.93113],[73.84845,19.93211],[73.84898,19.93273],[73.84898,19.93275],[73.8497,19.9334],[73.85047,19.93367],[73.85088,19.9338],[73.85116,19.93377],[73.8515,19.93381],[73.85184,19.93377],[73.85239,19.93368],[73.85295,19.93328],[73.85371,19.93229],[73.85443,19.93144],[73.85507,19.93118],[73.85628,19.93085],[73.85682,19.93109],[73.85695,19.9313],[73.85794,19.93173],[73.85969,19.93237],[73.86097,19.93296],[73.86111,19.93301],[73.86136,19.93314],[73.86161,19.93324],[73.86193,19.93332],[73.86186,19.93344],[73.86263,19.93371],[73.86378,19.93387],[73.86458,19.93382],[73.86491,19.93401],[73.86512,19.93374],[73.86814,19.93385],[73.87012,19.93326],[73.8748,19.93187],[73.87682,19.9317],[73.87927,19.93272],[73.88074,19.93423],[73.88186,19.93538],[73.88183,19.93777],[73.88096,19.94042],[73.87997,19.94401],[73.88007,19.94572],[73.88041,19.94654],[73.88084,19.9475],[73.88147,19.9485],[73.88252,19.95009],[73.88248,19.95038],[73.88215,19.9507],[73.88141,19.95139],[73.88148,19.95163],[73.88143,19.95173],[73.88118,19.9518],[73.88052,19.95198],[73.88021,19.95221],[73.87972,19.9524],[73.87941,19.9526],[73.87882,19.95357],[73.87823,19.95455],[73.87774,19.95577],[73.87768,19.95592],[73.87752,19.95614],[73.87684,19.95754],[73.87648,19.95835],[73.87591,19.95934],[73.87533,19.96036],[73.87469,19.96178],[73.87418,19.96241],[73.87389,19.96278],[73.87318,19.96345],[73.87198,19.96458],[73.87175,19.96513],[73.87152,19.96561],[73.87144,19.96603],[73.87143,19.96629],[73.87142,19.96677],[73.87135,19.96685],[73.87123,19.96695],[73.87106,19.96709],[73.87103,19.96714],[73.87055,19.96758],[73.86996,19.96781],[73.86943,19.96801],[73.86894,19.96826],[73.86858,19.96856],[73.86788,19.97015],[73.86531,19.97086],[73.86546,19.97382],[73.86563,19.97771],[73.8655,19.97777],[73.86548,19.97777],[73.86539,19.97784],[73.86541,19.97922],[73.86544,19.98072],[73.86546,19.9824],[73.86556,19.98278],[73.86591,19.98412],[73.86581,19.98407],[73.86573,19.98412],[73.86547,19.98374],[73.86496,19.98333],[73.86421,19.98291],[73.86358,19.98285],[73.86303,19.98266],[73.86241,19.98256],[73.86172,19.98266],[73.8612,19.98293],[73.8609,19.98326],[73.86004,19.98425],[73.85909,19.98522],[73.8588,19.98553],[73.85829,19.98606],[73.85772,19.98648],[73.85634,19.98743],[73.85533,19.98803],[73.85496,19.9884],[73.85478,19.98864],[73.85466,19.98875],[73.85401,19.98915],[73.85353,19.98927],[73.85275,19.98927],[73.85197,19.98903],[73.85158,19.989],[73.85122,19.98892],[73.8507,19.9888],[73.85038,19.98882],[73.85035,19.9889],[73.84979,19.98881],[73.84905,19.98869],[73.84849,19.98865],[73.84778,19.98855],[73.84694,19.9886],[73.84638,19.98872],[73.84595,19.98897],[73.84575,19.98913],[73.84557,19.98918],[73.84546,19.98921],[73.84499,19.98927],[73.8445,19.98925],[73.84396,19.98886],[73.84378,19.98849],[73.84319,19.98731],[73.84308,19.98693],[73.84253,19.98599],[73.84222,19.98542],[73.84191,19.98503],[73.841,19.98447],[73.84008,19.98408],[73.83887,19.9838],[73.83817,19.98373],[73.83788,19.98381],[73.83653,19.98406],[73.83565,19.98426],[73.83445,19.98478],[73.83192,19.98614],[73.83001,19.98709],[73.82912,19.98748],[73.828,19.98787],[73.82686,19.98824],[73.82618,19.98854],[73.82451,19.98894],[73.82294,19.98931],[73.82271,19.98923],[73.82255,19.98927],[73.82236,19.98871],[73.82222,19.98846]]]}},{"type":"Feature","properties":{"Name":"Mh 15-FQ-339","routeId":126,"fill-opacity":0.03,"stroke-width":1,"stroke-opacity":0.5,"locationConfidence":"verified","locationSource":"NMC waste collection vehicle tracking export, 30 Aug 2026 (RTI)"},"geometry":{"type":"Polygon","coordinates":[[[73.75622,20.014565],[73.755856,20.01392],[73.755727,20.013194],[73.75562,20.012145],[73.756006,20.011782],[73.758388,20.011702],[73.760147,20.011258],[73.761864,20.010795],[73.763022,20.010411],[73.763602,20.010169],[73.763816,20.009867],[73.763323,20.009686],[73.763087,20.008819],[73.763108,20.008355],[73.763087,20.00775],[73.762357,20.007871],[73.761864,20.00781],[73.761864,20.007246],[73.761799,20.006863],[73.761799,20.00654],[73.761885,20.006218],[73.763773,20.005855],[73.763902,20.006641],[73.764009,20.008093],[73.764331,20.009605],[73.764246,20.010452],[73.764632,20.011863],[73.76476,20.013456],[73.764524,20.013819],[73.763044,20.013819],[73.76137,20.013899],[73.76049,20.013899],[73.758817,20.014202],[73.757336,20.014504],[73.756564,20.014484],[73.75622,20.014565]]]}}]}
